time_dn,glideslope_error_deg,localizer_error_deg,airspeed_error_kts,total_error
738353.536101231,-0.0976,0.1816,-0.0264,0.3056
738353.536103469,-0.0965,0.1812,-0.9525,1.2302
738353.536105402,-0.0941,-0.1809,-2.0295,2.3045
738353.536107342,-0.0918,-0.1798,-2.4291,2.7007
738353.536109276,-0.0894,-0.1796,-2.4424,2.7114
738353.536111273,-0.0867,-0.1795,-2.2639,2.5301
738353.536113386,-0.0841,0.1785,-2.0109,2.2735
738353.536115455,-0.0818,0.1785,-1.7532,2.0135
738353.536117418,-0.0797,0.1775,-1.5212,1.7784
738353.536119272,-0.0782,0.1771,-1.3158,1.5711
738353.536121231,-0.0765,0.1769,-1.1178,1.3712
738353.536123247,-0.0748,0.1757,-0.9299,1.1804
738353.536125253,-0.0734,0.1755,-0.7694,1.0183
738353.536127329,-0.072,0.1745,-0.6532,0.8997
738353.536129421,-0.0712,0.1734,-0.6025,0.8471
738353.536131365,-0.0703,0.1732,-0.6051,0.8486
738353.536133419,-0.0699,0.172,-0.6265,0.8684
738353.53613525,-0.0697,0.1707,-0.6434,0.8838
738353.536137072,-0.07,0.1701,-0.6618,0.9019
738353.536138908,-0.0701,0.1688,-0.6907,0.9296
738353.53614071,-0.0708,0.1683,-0.7294,0.9685
738353.536142849,-0.072,0.1673,-0.7639,1.0032
738353.53614468,-0.0732,0.1659,-0.7614,1.0005
738353.536146736,-0.0745,0.1648,-0.7231,0.9624
738353.536148855,-0.0759,0.1629,-0.6742,0.913
738353.536150896,-0.0776,0.1617,-0.6397,0.879
738353.536152711,-0.0788,0.1604,-0.6216,0.8608
738353.536154606,-0.0802,0.1591,-0.6086,0.8479
738353.53615643,-0.0817,0.1576,-0.5961,0.8354
738353.5361582,-0.083,0.157,-0.5801,0.8201
738353.536160044,-0.0842,0.1557,-0.5612,0.8011
738353.536161839,-0.0858,0.1534,-0.5447,0.7839
738353.536163914,-0.0878,0.1523,-0.5442,0.7843
738353.536165869,-0.0898,0.15,-0.5725,0.8123
738353.536167753,-0.0918,0.1487,-0.6171,0.8576
738353.536169632,-0.0942,0.1473,-0.6634,0.9049
738353.536171482,-0.0965,0.1451,-0.7012,0.9428
738353.536173325,-0.0989,0.1437,-0.734,0.9766
738353.536175139,-0.1016,0.1413,-0.7676,1.0105
738353.536177249,-0.105,0.1394,-0.8105,1.0549
738353.536179088,-0.1084,0.138,-0.841,1.0874
738353.536181149,-0.1127,0.1359,-0.8582,1.1068
738353.536183224,-0.117,0.1331,-0.8546,1.1047
738353.536185075,-0.1213,0.1316,-0.8335,1.0864
738353.536186901,-0.1255,0.1293,-0.7938,1.0486
738353.536188833,-0.1299,0.127,-0.7403,0.9972
738353.536190669,-0.1345,0.1249,-0.6917,0.9511
738353.536192453,-0.1389,0.1234,-0.6655,0.9278
738353.536194272,-0.1432,0.1211,-0.6465,0.9108
738353.536196094,-0.1479,0.1187,-0.6189,0.8855
738353.536198027,-0.1527,0.1166,-0.575,0.8443
738353.53619989,-0.1572,0.1152,-0.5312,0.8036
738353.536201723,-0.1613,0.1129,-0.4974,0.7716
738353.536203581,-0.1654,0.1106,-0.4803,0.7563
738353.536206019,-0.1695,0.1087,-0.4829,0.7611
738353.536208003,-0.1741,0.1066,-0.4989,0.7796
738353.536209866,-0.1782,0.1044,-0.5092,0.7918
738353.536211735,-0.1818,0.1021,-0.503,0.7869
738353.536213533,-0.1851,0.1,-0.4843,0.7694
738353.536215596,-0.189,0.0981,-0.4698,0.7569
738353.536217686,-0.1926,0.0961,-0.4711,0.7598
738353.536219753,-0.1957,0.0932,-0.4674,0.7563
738353.536221817,-0.1987,0.0912,-0.4352,0.7251
738353.536223688,-0.2014,0.0889,-0.3932,0.6835
738353.5362255,-0.2038,0.0866,-0.3549,0.6453
738353.536227327,-0.206,0.0853,-0.3306,0.6219
738353.536229149,-0.208,0.083,-0.3261,0.6171
738353.536231235,-0.21,0.0802,-0.3415,0.6317
738353.536233079,-0.2122,0.0789,-0.3633,0.6544
738353.536235146,-0.2146,0.0759,-0.3928,0.6833
738353.536236935,-0.2167,0.0736,-0.4141,0.7044
738353.536238731,-0.2186,0.0713,-0.4189,0.7088
738353.536240512,-0.2205,0.0699,-0.4042,0.6946
738353.536242571,-0.223,0.067,-0.3742,0.6642
738353.536244524,-0.2254,0.0649,-0.3533,0.6436
738353.536246457,-0.2277,0.0627,-0.346,0.6364
738353.536248325,-0.2298,0.0606,-0.3397,0.6301
738353.536250345,-0.2321,0.0576,-0.3137,0.6034
738353.536252381,-0.2347,0.0555,-0.2605,0.5507
738353.536254418,-0.2369,0.0525,-0.1914,0.4808
738353.536256373,-0.2386,0.0504,-0.134,0.423
738353.536258228,-0.2402,0.0482,-0.1001,0.3885
738353.536260157,-0.2421,0.0461,-0.0882,0.3764
738353.536261987,-0.2439,0.0428,-0.0801,0.3668
738353.53626382,-0.2452,0.0404,-0.0674,0.353
738353.536265702,-0.2463,0.0383,-0.0573,0.3419
738353.536267511,-0.2475,0.0359,-0.0594,0.3428
738353.536269589,-0.2485,0.0341,-0.0658,0.3484
738353.536271492,-0.2492,0.0312,-0.0504,0.3308
738353.536273577,-0.2499,0.0282,-0.0131,0.2912
738353.536275421,-0.2506,0.0259,0.0119,0.2884
738353.53627729,-0.2507,0.0237,0.0172,0.2916
738353.536279135,-0.2511,0.0213,0.0187,0.2911
738353.536281067,-0.2514,0.0191,0.0366,0.3071
738353.53628309,-0.2514,0.0173,0.078,0.3467
738353.536285021,-0.2513,-0.0142,0.1198,0.3853
738353.5362871,-0.2509,-0.0123,0.1469,0.4101
738353.536288878,-0.2508,-0.01,0.1421,0.4029
738353.536290915,-0.2508,-0.0079,0.1059,0.3646
738353.536292709,-0.2509,-0.0056,0.0573,0.3138
738353.536294588,-0.251,-0.0032,0.0067,0.2609
738353.536296739,-0.2508,-0.0004,-0.0292,0.2804
738353.536298665,-0.2508,-0.0018,-0.0413,0.2939
738353.536300703,-0.2508,-0.0048,-0.0487,0.3043
738353.536302757,-0.2505,-0.0066,-0.0592,0.3163
738353.536304795,-0.2506,-0.0098,-0.0666,0.327
738353.53630661,-0.2505,-0.0112,-0.0642,0.3259
738353.53630866,-0.2502,-0.014,-0.0542,0.3184
738353.536310648,-0.2503,-0.0172,-0.045,0.3125
738353.536312634,-0.2502,-0.0192,-0.0416,0.311
738353.53631469,-0.25,-0.0222,-0.0576,0.3298
738353.536316712,-0.2498,-0.0243,-0.0993,0.3734
738353.536318716,-0.2499,-0.0274,-0.1596,0.4369
738353.536320775,-0.2501,-0.0295,-0.2217,0.5013
738353.536322653,-0.2499,-0.0327,-0.2609,0.5435
738353.53632463,-0.2497,-0.0349,-0.2838,0.5684
738353.53632666,-0.2499,-0.0379,-0.3093,0.5971
738353.536328594,-0.2501,-0.0401,-0.344,0.6342
738353.536330446,-0.2502,-0.0424,-0.3844,0.677
738353.536332471,-0.2504,-0.0454,-0.4238,0.7196
738353.536334428,-0.2505,-0.0476,-0.4408,0.7389
738353.536336398,-0.2507,-0.0508,-0.4266,0.7281
738353.536338322,-0.251,-0.053,-0.3805,0.6845
738353.536340312,-0.2511,-0.0553,-0.327,0.6334
738353.536342326,-0.2506,-0.0583,-0.303,0.6119
738353.536344335,-0.2508,-0.0604,-0.3031,0.6143
738353.536346402,-0.2511,-0.0634,-0.3002,0.6147
738353.536348467,-0.2509,-0.0655,-0.2978,0.6142
738353.536350475,-0.2511,-0.0685,-0.3197,0.6393
738353.536352436,-0.2515,-0.0707,-0.3627,0.6849
738353.536354527,-0.252,-0.0728,-0.4091,0.7339
738353.536356407,-0.2521,-0.0751,-0.4267,0.7539
738353.536358387,-0.2524,-0.0773,-0.4119,0.7416
738353.536360593,-0.2525,-0.0802,-0.3685,0.7012
738353.536362845,-0.2525,-0.0829,-0.3137,0.6491
738353.53636514,-0.2524,-0.0848,-0.2649,0.6021
738353.536367134,-0.2522,-0.0879,-0.2179,0.558
738353.536369133,-0.2518,-0.09,-0.1658,0.5076
738353.536371065,-0.2515,-0.0922,-0.1142,0.4579
738353.53637307,-0.251,-0.0945,-0.077,0.4225
738353.536374985,-0.2508,-0.0968,-0.0687,0.4163
738353.536377049,-0.2508,-0.0989,-0.0907,0.4404
738353.536379114,-0.2505,-0.1008,-0.1253,0.4766
738353.5363812,-0.2504,-0.1038,-0.1468,0.501
738353.53638309,-0.2502,-0.1061,-0.1418,0.4981
738353.536384989,-0.2502,-0.1076,-0.1198,0.4776
738353.536386836,-0.2499,-0.1099,-0.0972,0.457
738353.536388749,-0.2498,-0.1123,-0.087,0.4491
738353.53639071,-0.2496,-0.1146,-0.0924,0.4566
738353.536392638,-0.249,-0.1167,-0.1051,0.4708
738353.536394566,-0.249,-0.1192,-0.1131,0.4813
738353.536396489,-0.2488,-0.1215,-0.1129,0.4832
738353.536398371,-0.2483,-0.1237,-0.1123,0.4843
738353.536400325,-0.248,-0.126,-0.1294,0.5034
738353.536402425,-0.2478,-0.1282,-0.1764,0.5524
738353.536404697,-0.2482,-0.1311,-0.2484,0.6277
738353.536406784,-0.2482,-0.133,-0.3004,0.6816
738353.536408668,-0.2484,-0.1353,-0.3267,0.7104
738353.536410609,-0.2488,-0.1376,-0.3426,0.729
738353.536412455,-0.2493,-0.1401,-0.3505,0.7399
738353.536414558,-0.2498,-0.1432,-0.3527,0.7457
738353.536416398,-0.2499,-0.1455,-0.346,0.7414
738353.536418458,-0.2502,-0.1478,-0.3226,0.7206
738353.536420452,-0.2502,-0.1501,-0.2837,0.684
738353.536422315,-0.2502,-0.1524,-0.2378,0.6404
738353.53642435,-0.2497,-0.1546,-0.2023,0.6066
738353.536426504,-0.2493,-0.1567,-0.1966,0.6026
738353.536428693,-0.2491,-0.1587,-0.2237,0.6315
738353.536430834,-0.249,-0.1616,-0.2606,0.6712
738353.53643282,-0.2488,-0.1628,-0.2864,0.698
738353.536434705,-0.2486,-0.1651,-0.2986,0.7123
738353.53643678,-0.2485,-0.1674,-0.2995,0.7154
738353.536438959,-0.2482,-0.1686,-0.2959,0.7127
738353.536441042,-0.2478,-0.1703,-0.2983,0.7164
738353.536442991,-0.2477,-0.1726,-0.3094,0.7297
738353.53644496,-0.2473,-0.1739,-0.3236,0.7448
738353.536446891,-0.2463,-0.1751,-0.3361,0.7575
738353.536448825,-0.2456,-0.1765,-0.3415,0.7636
738353.536450796,-0.2449,-0.1778,-0.3427,0.7654
738353.536452729,-0.2439,-0.1792,-0.3453,0.7684
738353.536454631,-0.2425,-0.1795,-0.3541,0.7761
738353.536456501,-0.2409,-0.1809,-0.3647,0.7865
738353.536458619,-0.239,-0.1827,-0.3547,0.7764
738353.536460733,-0.2366,-0.1837,-0.3134,0.7337
738353.536462561,-0.2343,-0.1853,-0.2661,0.6857
738353.536464419,-0.2318,-0.1858,-0.2323,0.6499
738353.53646656,-0.2289,-0.1868,-0.2281,0.6438
738353.536468375,-0.2266,-0.1883,-0.2497,0.6646
738353.53647049,-0.2239,-0.1895,-0.2813,0.6947
738353.536472355,-0.2212,-0.1909,-0.2979,0.71
738353.536474208,-0.2188,-0.1915,-0.2965,0.7068
738353.536476062,-0.2162,-0.1928,-0.2855,0.6945
738353.53647792,-0.2139,-0.1934,-0.2807,0.688
738353.536480076,-0.2108,-0.1944,-0.2975,0.7027
738353.53648205,-0.2082,-0.1958,-0.3196,0.7236
738353.536483919,-0.2058,-0.1971,-0.3138,0.7167
738353.536485805,-0.2033,-0.1977,-0.2764,0.6774
738353.536487848,-0.1999,-0.1989,-0.2309,0.6297
738353.536489724,-0.1967,-0.2002,-0.2109,0.6078
738353.536491648,-0.1938,-0.2008,-0.2115,0.6061
738353.536493606,-0.1902,-0.2022,-0.2135,0.6059
738353.536495482,-0.1863,-0.2035,-0.2068,0.5966
738353.536497396,-0.1826,-0.2041,-0.199,0.5857
738353.536499519,-0.1783,-0.2051,-0.2106,0.594
738353.536501468,-0.1748,-0.2067,-0.2543,0.6358
738353.536503428,-0.1709,-0.2079,-0.327,0.7058
738353.53650527,-0.1677,-0.2084,-0.4006,0.7767
738353.536507211,-0.1648,-0.2098,-0.4623,0.8369
738353.536509208,-0.162,-0.2112,-0.5043,0.8775
738353.536511234,-0.1592,-0.2126,-0.5369,0.9087
738353.536513428,-0.1562,-0.2136,-0.5693,0.9391
738353.53651553,-0.1538,-0.2148,-0.593,0.9616
738353.536517777,-0.1512,-0.2159,-0.6009,0.968
738353.536520065,-0.1483,-0.2167,-0.5915,0.9565
738353.536522308,-0.1458,-0.2188,-0.5732,0.9378
738353.536524527,-0.1434,-0.2198,-0.5631,0.9263
738353.536526701,-0.1415,-0.221,-0.5719,0.9344
738353.536528647,-0.1396,-0.2222,-0.5949,0.9567
738353.536530619,-0.1384,-0.2228,-0.624,0.9852
738353.536532531,-0.1369,-0.2242,-0.6537,1.0148
738353.536534516,-0.1358,-0.2258,-0.6741,1.0357
738353.53653662,-0.1343,-0.2268,-0.6789,1.04
738353.536538509,-0.1334,-0.2274,-0.6686,1.0294
738353.536540338,-0.1325,-0.2289,-0.6595,1.0209
738353.536542403,-0.1314,-0.2302,-0.6728,1.0344
738353.536544241,-0.131,-0.2309,-0.7116,1.0735
738353.536546045,-0.1307,-0.2325,-0.7626,1.1258
738353.536547931,-0.131,-0.2331,-0.8064,1.1705
738353.536550026,-0.1315,-0.2343,-0.8185,1.1843
738353.536551911,-0.1317,-0.2359,-0.7963,1.1639
738353.536553744,-0.1319,-0.2364,-0.7643,1.1326
738353.536555602,-0.1325,-0.238,-0.7402,1.1107
738353.536557666,-0.1333,-0.2386,-0.7295,1.1014
738353.536559585,-0.1341,-0.2406,-0.7171,1.0918
738353.536561579,-0.1348,-0.241,-0.6882,1.064
738353.536563642,-0.1356,-0.2423,-0.6387,1.0166
738353.536565462,-0.1366,-0.244,-0.5915,0.9721
738353.536567383,-0.1373,-0.2444,-0.5526,0.9343
738353.536569452,-0.1382,-0.2458,-0.532,0.916
738353.536571441,-0.1389,-0.2473,-0.527,0.9132
738353.536573453,-0.1398,-0.2477,-0.5214,0.9089
738353.536575245,-0.1407,-0.2482,-0.5033,0.8922
738353.536577411,-0.1412,-0.2495,-0.4713,0.862
738353.536579284,-0.1417,-0.2511,-0.4535,0.8463
738353.53658141,-0.1424,-0.2513,-0.4574,0.8511
738353.536583377,-0.1431,-0.2527,-0.4716,0.8674
738353.536585292,-0.1432,-0.2531,-0.4782,0.8745
738353.536587272,-0.1436,-0.2547,-0.4788,0.8771
738353.536589187,-0.144,-0.2553,-0.4854,0.8847
738353.5365912,-0.1443,-0.2557,-0.5086,0.9086
738353.536593158,-0.1445,-0.2571,-0.5455,0.9471
738353.536595151,-0.1448,-0.2575,-0.5778,0.9801
738353.536597087,-0.1451,-0.259,-0.5851,0.9892
738353.536599163,-0.1457,-0.2594,-0.5562,0.9613
738353.536601506,-0.1457,-0.2603,-0.4901,0.8961
738353.536603831,-0.1455,-0.2614,-0.4279,0.8348
738353.536605978,-0.1452,-0.2626,-0.4014,0.8092
738353.536608069,-0.1449,-0.2628,-0.4105,0.8182
738353.536610163,-0.1441,-0.2641,-0.4413,0.8495
738353.536612272,-0.1432,-0.2654,-0.4877,0.8963
738353.536614248,-0.1422,-0.2658,-0.5369,0.9449
738353.536616259,-0.1414,-0.2672,-0.5856,0.9942
738353.536618141,-0.1407,-0.2678,-0.6274,1.0359
738353.536620202,-0.1399,-0.268,-0.6714,1.0793
738353.536622075,-0.139,-0.2696,-0.7126,1.1212
738353.536624207,-0.138,-0.2699,-0.7531,1.161
738353.536626031,-0.137,-0.2715,-0.7701,1.1786
738353.536628196,-0.1362,-0.2719,-0.7602,1.1683
738353.536630309,-0.135,-0.2732,-0.7301,1.1383
738353.536632177,-0.1335,-0.2736,-0.7084,1.1155
738353.536634042,-0.1324,-0.2754,-0.7096,1.1174
738353.536635897,-0.1312,-0.276,-0.7327,1.1399
738353.536637824,-0.1301,-0.2764,-0.7612,1.1677
738353.536639691,-0.1292,-0.2782,-0.7717,1.1791
738353.536641617,-0.1277,-0.2786,-0.7554,1.1617
738353.536643499,-0.1262,-0.2802,-0.7227,1.1291
738353.536645406,-0.1248,-0.2808,-0.6973,1.1029
738353.536647253,-0.1234,-0.2814,-0.696,1.1008
738353.53664913,-0.1221,-0.2831,-0.7183,1.1235
738353.536651222,-0.1205,-0.2833,-0.7548,1.1586
738353.536653327,-0.1192,-0.2848,-0.7775,1.1815
738353.536655133,-0.118,-0.2854,-0.7791,1.1825
738353.536656996,-0.1171,-0.2861,-0.7714,1.1746
738353.536658876,-0.1158,-0.2867,-0.7668,1.1693
738353.536660838,-0.1142,-0.2882,-0.7733,1.1757
738353.536662698,-0.113,-0.2888,-0.7881,1.1899
738353.536664544,-0.1121,-0.2896,-0.8009,1.2026
738353.536666443,-0.1111,-0.2902,-0.8007,1.202
738353.536668359,-0.1097,-0.2908,-0.7784,1.1789
738353.536670261,-0.1078,-0.2912,-0.737,1.136
738353.536672096,-0.1066,-0.292,-0.6976,1.0962
738353.536674009,-0.105,-0.2924,-0.6742,1.0716
738353.536676028,-0.1036,-0.293,-0.6678,1.0644
738353.536678197,-0.1017,-0.2933,-0.6639,1.0589
738353.536680324,-0.1,-0.2936,-0.6538,1.0474
738353.53668244,-0.0981,-0.2938,-0.6575,1.0494
738353.536684465,-0.0963,-0.2953,-0.6958,1.0874
738353.536686329,-0.0945,-0.2949,-0.7488,1.1382
738353.536688198,-0.093,-0.2955,-0.7925,1.181
738353.536690072,-0.0915,-0.2961,-0.8075,1.1951
738353.536691908,-0.0897,-0.2967,-0.7988,1.1852
738353.536693762,-0.0878,-0.2963,-0.7852,1.1693
738353.536695602,-0.086,-0.2971,-0.7819,1.165
738353.536697489,-0.0841,-0.2977,-0.7951,1.1769
738353.536699373,-0.0822,-0.2981,-0.8219,1.2022
738353.536701182,-0.0805,-0.2979,-0.8437,1.2221
738353.536703275,-0.0779,-0.2981,-0.8479,1.2239
738353.536705172,-0.0756,-0.2987,-0.8287,1.203
738353.536707045,-0.0731,-0.2993,-0.8023,1.1747
738353.536709098,-0.0704,-0.2998,-0.787,1.1572
738353.53671099,-0.0676,-0.3004,-0.8002,1.1682
738353.53671284,-0.0646,-0.301,-0.8373,1.2029
738353.536715057,-0.0613,-0.3013,-0.8857,1.2483
738353.536717348,-0.0584,-0.3017,-0.9072,1.2673
738353.53671941,-0.0541,-0.3025,-0.8958,1.2524
738353.536721354,-0.0505,-0.3019,-0.888,1.2404
738353.536723231,-0.0472,-0.3025,-0.8938,1.2435
738353.536725075,-0.0439,-0.3031,-0.9085,1.2555
738353.536726934,-0.0407,-0.3039,-0.9275,1.2721
738353.536728826,-0.0372,-0.3045,-0.9463,1.288
738353.536730742,-0.0339,-0.3051,-0.9624,1.3014
738353.536732833,-0.0301,-0.3054,-0.9821,1.3176
738353.536734682,-0.0265,-0.306,-0.9983,1.3308
738353.536736517,-0.023,-0.3068,-1.0014,1.3312
738353.536738342,-0.0196,-0.3076,-0.9831,1.3103
738353.536740244,-0.0158,-0.3082,-0.9421,1.2661
738353.536742183,-0.0119,-0.3089,-0.8839,1.2047
738353.536744096,-0.0078,-0.3095,-0.8199,1.1372
738353.536745968,-0.0035,-0.3101,-0.7614,1.075
738353.536747814,0.0007,-0.3109,-0.7227,1.0343
738353.536749652,0.0052,-0.3115,-0.7054,1.0221
738353.536751526,0.0095,-0.3123,-0.707,1.0288
738353.53675335,0.0139,-0.313,-0.7212,1.0481
738353.536755172,0.0181,-0.3148,-0.7384,1.0713
738353.536757311,0.023,-0.3152,-0.7525,1.0907
738353.53675952,0.0285,-0.3166,-0.7591,1.1042
738353.536761528,0.0339,-0.317,-0.7709,1.1218
738353.536763514,0.0386,-0.3187,-0.8128,1.1701
738353.536765407,0.043,-0.3193,-0.8915,1.2538
738353.536767352,0.0469,-0.3212,-0.9978,1.3659
738353.536769339,0.0511,-0.3216,-1.1104,1.4831
738353.536771241,0.0546,-0.3224,-1.1912,1.5682
738353.536773219,0.058,-0.3241,-1.2366,1.6187
738353.536775214,0.0614,-0.3247,-1.2558,1.6419
738353.536777329,0.0655,-0.3252,-1.2658,1.6565
738353.536779444,0.0694,-0.3254,-1.2559,1.6507
738353.536781518,0.0726,-0.3271,-1.2099,1.6096
738353.536783487,0.0763,-0.3265,-1.1393,1.5421
738353.536785353,0.0795,-0.3273,-1.0735,1.4803
738353.536787278,0.0829,-0.328,-1.0186,1.4295
738353.536789141,0.0858,-0.3277,-0.9902,1.4037
738353.536791013,0.0886,-0.3275,-0.9884,1.4045
738353.536792852,0.0911,-0.3283,-1.0091,1.4285
738353.536794709,0.0936,-0.3281,-1.0429,1.4646
738353.536796629,0.0961,-0.3277,-1.0792,1.503
738353.536798665,0.0985,-0.3283,-1.1079,1.5347
738353.53680068,0.1004,-0.3279,-1.1308,1.5591
738353.536802599,0.1021,-0.3285,-1.1573,1.5879
738353.536804414,0.1034,-0.3283,-1.1976,1.6293
738353.536806367,0.1046,-0.3279,-1.2591,1.6916
738353.536808239,0.1053,-0.3287,-1.3303,1.7643
738353.53681008,0.1053,-0.3284,-1.3879,1.8216
738353.536812091,0.105,-0.3291,-1.4168,1.8509
738353.536814001,0.1048,-0.3287,-1.4168,1.8503
738353.536815939,0.1043,-0.3293,-1.4072,1.8408
738353.536817771,0.1032,-0.3291,-1.4003,1.8326
738353.53681962,0.1018,-0.3288,-1.39,1.8206
738353.536821592,0.1003,-0.3295,-1.3537,1.7835
738353.53682359,0.0988,-0.329,-1.2828,1.7106
738353.536825627,0.0969,-0.3297,-1.1994,1.626
738353.536827673,0.095,-0.3301,-1.1362,1.5613
738353.536829633,0.0932,-0.3297,-1.1084,1.5313
738353.536831723,0.091,-0.3302,-1.0928,1.514
738353.536833668,0.089,-0.3298,-1.0698,1.4886
738353.536835589,0.0871,-0.3304,-1.0293,1.4468
738353.536837556,0.0851,-0.331,-0.97,1.3861
738353.536839546,0.0838,-0.3304,-0.9055,1.3197
738353.536841389,0.0831,-0.3311,-0.8549,1.2691
738353.536843194,0.0824,-0.3308,-0.8216,1.2348
738353.536845101,0.0822,-0.3315,-0.8118,1.2255
738353.536846988,0.0817,-0.3312,-0.8271,1.24
738353.536848925,0.0819,-0.3317,-0.8592,1.2728
738353.53685076,0.0819,-0.3315,-0.8938,1.3072
738353.536852604,0.0829,-0.3321,-0.9232,1.3382
738353.536854433,0.084,-0.3327,-0.9539,1.3706
738353.536856527,0.0853,-0.3332,-0.9984,1.4169
738353.53685845,0.0868,-0.3328,-1.0457,1.4653
738353.536860334,0.0886,-0.3334,-1.0889,1.5109
738353.536862196,0.0906,-0.3343,-1.1136,1.5385
738353.536864104,0.0933,-0.3337,-1.1089,1.5359
738353.536866118,0.0962,-0.3341,-1.0677,1.498
738353.536868112,0.0987,-0.3348,-1.0089,1.4424
738353.536870025,0.1017,-0.3352,-0.9546,1.3915
738353.536872025,0.1049,-0.3357,-0.9089,1.3495
738353.536874203,0.1082,-0.3361,-0.8762,1.3205
738353.536876185,0.1116,-0.3355,-0.8498,1.2969
738353.536878087,0.1149,-0.3362,-0.8173,1.2684
738353.536879973,0.1185,-0.3368,-0.7681,1.2234
738353.536882086,0.1233,-0.3371,-0.6983,1.1587
738353.536883935,0.1278,-0.3367,-0.6334,1.0979
738353.536885753,0.1321,-0.3375,-0.5888,1.0584
738353.536887575,0.1364,-0.3373,-0.5746,1.0483
738353.536889495,0.1413,-0.3379,-0.5953,1.0745
738353.536891473,0.1466,-0.3384,-0.6324,1.1174
738353.536893587,0.1516,-0.3391,-0.6564,1.1471
738353.536895514,0.1573,-0.3393,-0.6717,1.1683
738353.53689748,0.1629,-0.3398,-0.7003,1.203
738353.536899474,0.1681,-0.3405,-0.7541,1.2627
738353.536901434,0.1733,-0.3409,-0.8128,1.327
738353.536903402,0.1781,-0.3416,-0.8526,1.3723
738353.536905444,0.1833,-0.342,-0.8728,1.3981
738353.536907561,0.1885,-0.3425,-0.8885,1.4195
738353.536909808,0.1944,-0.3435,-0.9287,1.4666
738353.536911833,0.1985,-0.3442,-0.9872,1.5299
738353.536913839,0.2024,-0.3446,-1.0577,1.6047
738353.536915854,0.2058,-0.3453,-1.1095,1.6606
738353.536917865,0.2093,-0.3458,-1.1188,1.6739
738353.536919746,0.2121,-0.3464,-1.0862,1.6447
738353.536921647,0.2146,-0.3471,-1.0317,1.5934
738353.536923554,0.2171,-0.3477,-0.978,1.5428
738353.536925649,0.2197,-0.3493,-0.9357,1.5047
738353.536927512,0.222,-0.3489,-0.9217,1.4926
738353.536929389,0.2234,-0.3497,-0.9253,1.4984
738353.536931193,0.2247,-0.3504,-0.9404,1.5155
738353.536933062,0.2255,-0.3512,-0.9638,1.5405
738353.536935092,0.2261,-0.352,-0.9959,1.574
738353.536936936,0.2267,-0.3532,-1.0455,1.6254
738353.536938777,0.2266,-0.3541,-1.0852,1.6659
738353.536940868,0.2265,-0.3544,-1.1134,1.6943
738353.536942954,0.2262,-0.3559,-1.1078,1.6899
738353.536945069,0.2261,-0.3562,-1.0657,1.648
738353.536947002,0.2256,-0.3569,-1.0109,1.5934
738353.536948826,0.2248,-0.3588,-0.9623,1.5459
738353.536950725,0.224,-0.3595,-0.9289,1.5124
738353.536952731,0.2234,-0.36,-0.9114,1.4948
738353.53695486,0.2225,-0.3614,-0.8971,1.481
738353.536956875,0.2211,-0.3618,-0.8716,1.4545
738353.536958754,0.2197,-0.3636,-0.8337,1.417
738353.536960628,0.2185,-0.3643,-0.7911,1.3739
738353.536962509,0.2178,-0.3647,-0.7558,1.3383
738353.536964323,0.2164,-0.3656,-0.739,1.321
738353.536966405,0.2148,-0.367,-0.7425,1.3243
738353.536968339,0.2132,-0.3675,-0.7542,1.3349
738353.536970217,0.2114,-0.3692,-0.7567,1.3373
738353.536972268,0.2096,-0.3697,-0.741,1.3203
738353.536974249,0.2082,-0.3711,-0.714,1.2933
738353.536976119,0.2062,-0.3718,-0.6934,1.2714
738353.536978197,0.2041,-0.3732,-0.6911,1.2684
738353.536980304,0.2017,-0.3746,-0.7108,1.2871
738353.536982135,0.2001,-0.3751,-0.7308,1.306
738353.536983972,0.1983,-0.3768,-0.7357,1.3108
738353.536986439,0.1958,-0.3778,-0.6972,1.2708
738353.536988373,0.1942,-0.3792,-0.6388,1.2122
738353.536990231,0.1931,-0.3797,-0.5808,1.1536
738353.536992374,0.192,-0.3811,-0.5143,1.0874
738353.536994362,0.1912,-0.3825,-0.4424,1.0161
738353.536996266,0.1905,-0.3832,-0.3651,0.9388
738353.536998114,0.1905,-0.3837,-0.2889,0.8631
738353.537000011,0.1906,-0.3855,-0.2235,0.7996
738353.537001997,0.1911,-0.3858,-0.1763,0.7532
738353.537003867,0.1916,-0.3874,-0.1638,0.7428
738353.537005943,0.1919,-0.3877,-0.1821,0.7617
738353.537008012,0.1924,-0.3891,-0.2125,0.794
738353.537009875,0.1933,-0.3896,-0.2242,0.8071
738353.537011996,0.1938,-0.391,-0.2103,0.7951
738353.537013857,0.1949,-0.3915,-0.1862,0.7726
738353.53701568,0.1961,-0.3933,-0.1664,0.7558
738353.537017508,0.1975,-0.394,-0.1545,0.746
738353.537019384,0.1992,-0.3945,-0.1438,0.7375
738353.537021236,0.2009,-0.3963,-0.1308,0.728
738353.537023104,0.2031,-0.3968,-0.1181,0.718
738353.53702493,0.2053,-0.3975,-0.1173,0.7201
738353.537026754,0.2074,-0.3993,-0.1389,0.7456
738353.537028712,0.2093,-0.3998,-0.1876,0.7967
738353.537030656,0.2112,-0.4014,-0.2486,0.8612
738353.537032779,0.2134,-0.4017,-0.306,0.9211
738353.537034969,0.216,-0.4028,-0.3394,0.9582
738353.53703707,0.218,-0.4042,-0.3469,0.9691
738353.537039118,0.2197,-0.4056,-0.352,0.9773
738353.537041048,0.2218,-0.4059,-0.3715,0.9992
738353.53704296,0.2234,-0.4076,-0.4059,1.0369
738353.537044789,0.2249,-0.4094,-0.434,1.0683
738353.537046753,0.2262,-0.4099,-0.4424,1.0785
738353.537048592,0.2278,-0.4115,-0.4274,1.0667
738353.537050448,0.2295,-0.4122,-0.4066,1.0483
738353.537052391,0.2314,-0.4138,-0.3973,1.0425
738353.53705439,0.2332,-0.4152,-0.4081,1.0565
738353.537056346,0.2355,-0.4156,-0.4135,1.0646
738353.537058394,0.2387,-0.4181,-0.3941,1.0509
738353.537060307,0.2412,-0.4186,-0.366,1.0258
738353.537062195,0.244,-0.4203,-0.3381,1.0024
738353.537064083,0.2476,-0.4208,-0.2994,0.9678
738353.537066193,0.2516,-0.4222,-0.2369,0.9107
738353.537068324,0.2561,-0.4235,-0.1667,0.8463
738353.537070249,0.2604,-0.424,-0.1159,0.8003
738353.537072329,0.2653,-0.4243,-0.087,0.7766
738353.537074313,0.2704,-0.4258,-0.0903,0.7865
738353.537076184,0.2751,-0.4252,-0.1151,0.8154
738353.537078157,0.2798,-0.4257,-0.1512,0.8567
738353.537080097,0.2844,-0.4262,-0.1845,0.8951
738353.53708204,0.2895,-0.4254,-0.2087,0.9236
738353.537084053,0.2943,-0.4248,-0.2225,0.9416
738353.537086071,0.2995,-0.4252,-0.2334,0.9581
738353.537088179,0.3047,-0.4242,-0.2517,0.9806
738353.537090191,0.3095,-0.4234,-0.2772,1.0101
738353.537092215,0.3145,-0.4215,-0.3005,1.0365
738353.537094419,0.3199,-0.4205,-0.3047,1.0451
738353.537096548,0.3251,-0.4195,-0.2864,1.031
738353.537098678,0.3301,-0.4176,-0.268,1.0157
738353.537100942,0.3359,-0.4165,-0.2775,1.0299
738353.537103185,0.3415,-0.4142,-0.327,1.0827
738353.537105199,0.3462,-0.4122,-0.3877,1.1461
738353.537107212,0.3506,-0.4103,-0.4362,1.1971
738353.537109249,0.3549,-0.4086,-0.4634,1.2269
738353.537111289,0.3594,-0.4067,-0.4776,1.2437
738353.537113325,0.3636,-0.4047,-0.4978,1.2661
738353.537115269,0.3676,-0.4017,-0.5274,1.2967
738353.537117192,0.3716,-0.4,-0.546,1.3176
738353.537119279,0.3758,-0.398,-0.5384,1.3122
738353.537121313,0.3797,-0.395,-0.5119,1.2866
738353.53712339,0.3839,-0.393,-0.4985,1.2754
738353.53712543,0.3877,-0.3901,-0.4978,1.2756
738353.537127529,0.3918,-0.388,-0.4748,1.2546
738353.537129559,0.3959,-0.3849,-0.4135,1.1943
738353.537131494,0.4002,-0.3832,-0.3414,1.1248
738353.537133406,0.4046,-0.3803,-0.2835,1.0684
738353.537135473,0.4092,-0.3772,-0.2417,1.0281
738353.537137576,0.414,-0.3753,-0.2162,1.0055
738353.537139626,0.419,-0.3722,-0.1995,0.9907
738353.537141772,0.4242,-0.3691,-0.184,0.9773
738353.537143781,0.4296,-0.366,-0.1703,0.9659
738353.537145716,0.4346,-0.3631,-0.1632,0.9609
738353.537147805,0.44,-0.3612,-0.1737,0.9749
738353.537150006,0.4456,-0.3579,-0.2176,1.0211
738353.537152056,0.4506,-0.355,-0.2897,1.0953
738353.537154049,0.4558,-0.3519,-0.3805,1.1882
738353.537155946,0.4602,-0.3491,-0.4616,1.2709
738353.537157918,0.4646,-0.3462,-0.5264,1.3372
738353.537159853,0.4688,-0.3433,-0.5704,1.3825
738353.537161805,0.4732,-0.3404,-0.6104,1.424
738353.537163695,0.4773,-0.3375,-0.658,1.4728
738353.537165687,0.4808,-0.3345,-0.7073,1.5226
738353.537167627,0.4842,-0.3327,-0.7377,1.5546
738353.537169667,0.4881,-0.3296,-0.7341,1.5518
738353.537171684,0.4916,-0.3267,-0.7081,1.5264
738353.537173642,0.4949,-0.3237,-0.6825,1.5011
738353.53717565,0.4983,-0.3206,-0.6713,1.4902
738353.537177651,0.5012,-0.3188,-0.6766,1.4966
738353.537179594,0.5041,-0.3159,-0.6874,1.5074
738353.537181482,0.507,-0.3129,-0.6871,1.507
738353.537183439,0.5093,-0.3113,-0.6677,1.4883
738353.537185397,0.512,-0.3082,-0.6351,1.4553
738353.537187324,0.5144,-0.3064,-0.6105,1.4313
738353.537189511,0.5167,-0.3032,-0.6053,1.4252
738353.537191691,0.5184,-0.301,-0.6143,1.4337
738353.53719384,0.5195,-0.299,-0.6074,1.4259
738353.537195893,0.5208,-0.2958,-0.5808,1.3974
738353.53719799,0.5214,-0.2938,-0.559,1.3742
738353.537200024,0.5216,-0.2918,-0.5536,1.367
738353.537202062,0.5218,-0.2886,-0.5408,1.3512
738353.537204117,0.5214,-0.2868,-0.5013,1.3095
738353.537206203,0.5212,-0.2846,-0.4376,1.2434
738353.537208143,0.5208,-0.2827,-0.3697,1.1732
738353.537210049,0.5205,-0.2809,-0.3141,1.1155
738353.537212076,0.5201,-0.2791,-0.2848,1.084
738353.537214164,0.5192,-0.277,-0.2831,1.0793
738353.537216173,0.518,-0.275,-0.296,1.089
738353.537218236,0.5163,-0.273,-0.3066,1.0959
738353.537220293,0.5146,-0.2709,-0.3076,1.0931
738353.537222251,0.5126,-0.2691,-0.3014,1.0831
738353.537224323,0.5102,-0.2682,-0.2952,1.0736
738353.537226476,0.5079,-0.2659,-0.3009,1.0747
738353.537228779,0.5041,-0.2647,-0.329,1.0978
738353.53723111,0.5002,-0.2622,-0.3563,1.1187
738353.53723329,0.4966,-0.2611,-0.3446,1.1023
738353.537235374,0.4926,-0.26,-0.3183,1.0709
738353.537237414,0.4885,-0.258,-0.3059,1.0524
738353.537239399,0.4846,-0.2571,-0.2975,1.0392
738353.537241323,0.48,-0.2552,-0.2734,1.0086
738353.537243343,0.4754,-0.2543,-0.2261,0.9558
738353.537245311,0.4711,-0.2534,-0.1579,0.8824
738353.537247279,0.4667,-0.2527,-0.0782,0.7976
738353.537249192,0.463,-0.2506,-0.0028,0.7164
738353.537251095,0.4593,-0.2499,0.053,0.7622
738353.537253002,0.4552,-0.2492,0.0864,0.7908
738353.537254954,0.4509,-0.2474,0.1115,0.8098
738353.537256897,0.4473,-0.2465,0.1488,0.8426
738353.537258805,0.4435,-0.2458,0.195,0.8843
738353.537260756,0.4397,-0.2449,0.2264,0.911
738353.537262706,0.436,-0.243,0.2327,0.9117
738353.537264746,0.4324,-0.2421,0.2307,0.9052
738353.537266735,0.4286,-0.2412,0.2404,0.9102
738353.537268799,0.4248,-0.24,0.2688,0.9336
738353.53727089,0.421,-0.2391,0.3037,0.9638
738353.537272799,0.418,-0.237,0.3261,0.9811
738353.537274705,0.415,-0.2363,0.3292,0.9805
738353.537276722,0.4116,-0.2354,0.3155,0.9625
738353.537278769,0.4083,-0.2331,0.2975,0.9389
738353.537280842,0.405,-0.2322,0.2893,0.9265
738353.537282883,0.4021,-0.2299,0.2845,0.9165
738353.537284959,0.3988,-0.2288,0.2616,0.8892
738353.537286952,0.3954,-0.2279,0.2134,0.8367
738353.537289031,0.3918,-0.2256,0.1471,0.7645
738353.537291117,0.3877,-0.2246,0.0842,0.6965
738353.537293182,0.3838,-0.2223,0.0423,0.6484
738353.537295249,0.3795,-0.2212,0.0247,0.6254
738353.53729726,0.3753,-0.2201,0.0222,0.6176
738353.537299188,0.3713,-0.218,0.0201,0.6094
738353.537301222,0.3667,-0.217,0.0132,0.5969
738353.537303164,0.362,-0.2159,0.0216,0.5995
738353.537305067,0.3573,-0.2152,0.0648,0.6373
738353.537307207,0.3528,-0.2128,0.147,0.7126
738353.537309331,0.3485,-0.2115,0.238,0.798
738353.53731129,0.3443,-0.2105,0.3057,0.8605
738353.537313215,0.3408,-0.2096,0.3658,0.9162
738353.537315076,0.338,-0.2075,0.4294,0.9749
738353.537317036,0.3348,-0.2065,0.4844,1.0257
738353.537318995,0.3321,-0.2044,0.5018,1.0383
738353.537320933,0.3297,-0.2035,0.4867,1.0199
738353.537322906,0.3269,-0.2025,0.4608,0.9902
738353.537324815,0.3243,-0.2004,0.4363,0.961
738353.537326697,0.3223,-0.1995,0.42,0.9418
738353.537328632,0.3198,-0.1973,0.4006,0.9177
738353.537330611,0.3175,-0.1964,0.3711,0.885
738353.53733269,0.3148,-0.194,0.3244,0.8332
738353.537334712,0.3121,-0.1929,0.2704,0.7754
738353.537336766,0.3092,-0.1905,0.2281,0.7278
738353.537338779,0.3071,-0.1891,0.2254,0.7216
738353.537340686,0.3048,-0.187,0.2549,0.7467
738353.537342569,0.3023,-0.1851,0.2923,0.7797
738353.537344548,0.3004,-0.1839,0.3276,0.8119
738353.537346634,0.2985,-0.1815,0.3639,0.8439
738353.537348698,0.2965,-0.1802,0.4041,0.8808
738353.537350646,0.2944,-0.178,0.4476,0.92
738353.537352716,0.2928,-0.1768,0.4953,0.9649
738353.537354703,0.2915,-0.1745,0.5353,1.0013
738353.53735664,0.2908,-0.1733,0.5551,1.0192
738353.537358584,0.2896,-0.1711,0.5557,1.0164
738353.537360539,0.2887,-0.1687,0.5503,1.0077
738353.537362495,0.2881,-0.1678,0.5552,1.0111
738353.537364445,0.2877,-0.1656,0.5777,1.031
738353.537366359,0.2877,-0.1646,0.608,1.0603
738353.537368268,0.2881,-0.1622,0.6271,1.0774
738353.537370305,0.288,-0.1613,0.6181,1.0674
738353.537372272,0.2885,-0.1589,0.5849,1.0323
738353.537374248,0.2888,-0.1577,0.5525,0.999
738353.537376169,0.2891,-0.1555,0.5225,0.9671
738353.537378171,0.2897,-0.1543,0.4745,0.9185
738353.537380151,0.2903,-0.1519,0.412,0.8542
738353.537382178,0.2905,-0.1507,0.3568,0.798
738353.537384234,0.2907,-0.1483,0.3339,0.7729
738353.537386485,0.2912,-0.1469,0.3557,0.7938
738353.537388685,0.2923,-0.1453,0.4147,0.8523
738353.537390763,0.2934,-0.1426,0.4793,0.9153
738353.537392822,0.2948,-0.1412,0.5308,0.9668
738353.537394943,0.2964,-0.14,0.5702,1.0066
738353.537397106,0.2985,-0.1384,0.6123,1.0492
738353.537399242,0.3004,-0.137,0.6327,1.0701
738353.537401304,0.3025,-0.1357,0.6162,1.0544
738353.537403428,0.3046,-0.1343,0.5818,1.0207
738353.537405545,0.3067,-0.1317,0.5644,1.0028
738353.537407496,0.309,-0.1305,0.5679,1.0074
738353.537409417,0.3114,-0.1295,0.571,1.0119
738353.537411368,0.3134,-0.1285,0.5636,1.0055
738353.537413382,0.3159,-0.1272,0.557,1.0001
738353.537415401,0.3188,-0.126,0.5669,1.0117
738353.537417378,0.3216,-0.125,0.5957,1.0423
738353.537419416,0.3252,-0.1236,0.6398,1.0886
738353.537421478,0.3286,-0.1223,0.6814,1.1323
738353.537423588,0.3322,-0.1211,0.7074,1.1607
738353.537425813,0.3363,-0.1209,0.7174,1.1746
738353.537427952,0.3408,-0.1192,0.723,1.183
738353.53743006,0.3449,-0.1192,0.7196,1.1837
738353.537432131,0.3491,-0.118,0.6874,1.1545
738353.537434232,0.3537,-0.1165,0.6151,1.0853
738353.537436369,0.3576,-0.1165,0.5096,0.9837
738353.537438389,0.3612,-0.1152,0.4115,0.8879
738353.537440387,0.3648,-0.114,0.3467,0.8255
738353.537442386,0.3685,-0.1128,0.3256,0.8069
738353.537444381,0.3716,-0.113,0.3183,0.8029
738353.537446354,0.3748,-0.1117,0.3014,0.7879
738353.537448421,0.3783,-0.1105,0.2881,0.7769
738353.537450489,0.3815,-0.1092,0.2982,0.7889
738353.53745257,0.3847,-0.1092,0.3206,0.8145
738353.537454668,0.3881,-0.108,0.3269,0.823
738353.537456769,0.3914,-0.1067,0.3098,0.8079
738353.537458749,0.3942,-0.1069,0.2924,0.7935
738353.537460736,0.397,-0.1059,0.2936,0.7965
738353.537462778,0.4004,-0.1046,0.3078,0.8128
738353.537464889,0.4037,-0.1034,0.321,0.8281
738353.537466952,0.4069,-0.1033,0.3232,0.8334
738353.537468961,0.4101,-0.1021,0.3165,0.8287
738353.537470944,0.4132,-0.1011,0.3124,0.8267
738353.537472975,0.4164,-0.1,0.3229,0.8393
738353.537474901,0.4198,-0.099,0.3501,0.8689
738353.537477577,0.4239,-0.0983,0.398,0.9202
738353.537479658,0.4279,-0.0978,0.4305,0.9562
738353.537481796,0.4321,-0.0963,0.435,0.9634
738353.537483839,0.436,-0.0951,0.4234,0.9545
738353.537486006,0.4397,-0.095,0.4135,0.9482
738353.53748808,0.4436,-0.0938,0.416,0.9534
738353.537490065,0.4475,-0.0927,0.4214,0.9616
738353.537492067,0.4515,-0.0917,0.4103,0.9535
738353.537494156,0.4555,-0.0904,0.3671,0.913
738353.537496209,0.4589,-0.0906,0.2991,0.8486
738353.537498388,0.4629,-0.0891,0.2231,0.7751
738353.537500408,0.4665,-0.088,0.1734,0.7279
738353.537502587,0.4702,-0.0865,0.1405,0.6972
738353.537504811,0.4734,-0.0865,0.112,0.6719
738353.537506956,0.4768,-0.085,0.0734,0.6352
738353.53750907,0.4799,-0.0837,0.036,0.5996
738353.537511234,0.4827,-0.0837,0.0218,0.5882
738353.537513423,0.4853,-0.0824,0.0441,0.6118
738353.537515543,0.4882,-0.0811,0.0891,0.6584
738353.537517698,0.4912,-0.0813,0.1264,0.6989
738353.537519816,0.4944,-0.0796,0.1473,0.7213
738353.537521932,0.4969,-0.0795,0.1472,0.7236
738353.537524037,0.4995,-0.0783,0.1482,0.726
738353.537526056,0.502,-0.0784,0.1459,0.7263
738353.537528017,0.5037,-0.0774,0.1188,0.6999
738353.537530106,0.5051,-0.0775,0.0577,0.6403
738353.537532242,0.5064,-0.0763,-0.0084,0.5911
738353.537534487,0.5069,-0.076,-0.0523,0.6352
738353.537536693,0.5069,-0.0757,-0.0784,0.661
738353.537538936,0.5062,-0.0757,-0.1107,0.6926
738353.537541272,0.5048,-0.0742,-0.1548,0.7338
738353.537543579,0.5025,-0.0749,-0.1894,0.7668
738353.537545693,0.4999,-0.0734,-0.189,0.7623
738353.537547762,0.4967,-0.0736,-0.1612,0.7315
738353.537549768,0.4932,-0.0737,-0.1192,0.6861
738353.537551817,0.489,-0.0739,-0.0798,0.6427
738353.537553798,0.4845,-0.0741,-0.0559,0.6145
738353.537555889,0.4795,-0.0741,-0.0433,0.5969
738353.537557912,0.474,-0.0742,-0.0318,0.58
738353.537559915,0.4682,-0.0744,-0.0109,0.5535
738353.537561933,0.4621,-0.0746,0.0292,0.5659
738353.537564,0.4558,-0.0758,0.0888,0.6204
738353.537566031,0.449,-0.076,0.1526,0.6776
738353.537568186,0.4418,-0.0759,0.2082,0.7259
738353.537570331,0.4344,-0.0769,0.2378,0.7491
738353.537572578,0.426,-0.0767,0.2454,0.7481
738353.537574776,0.4175,-0.0777,0.2502,0.7454
738353.537576915,0.4091,-0.0776,0.2572,0.7439
738353.537579017,0.3999,-0.0773,0.2534,0.7306
738353.537581249,0.3897,-0.0786,0.2311,0.6994
738353.5375834,0.3794,-0.0783,0.1996,0.6573
738353.537585485,0.369,-0.0795,0.1827,0.6312
738353.537587528,0.3589,-0.0795,0.1915,0.6299
738353.537589688,0.3473,-0.0792,0.218,0.6445
738353.537591805,0.3357,-0.0804,0.2357,0.6518
738353.537594018,0.3232,-0.0799,0.2353,0.6384
738353.537596176,0.3109,-0.0809,0.2336,0.6254
738353.537598327,0.298,-0.0819,0.2579,0.6378
738353.537600564,0.2841,-0.0816,0.3193,0.685
738353.537602765,0.2707,-0.0824,0.4048,0.7579
738353.537605063,0.2569,-0.0832,0.4903,0.8304
738353.537607273,0.2428,-0.084,0.5572,0.884
738353.537609442,0.2299,-0.085,0.6188,0.9337
738353.537611555,0.2175,-0.0847,0.673,0.9752
738353.537613745,0.2049,-0.0857,0.6928,0.9834
738353.537615857,0.1928,-0.0854,0.6812,0.9594
738353.537618086,0.1808,-0.0862,0.675,0.942
738353.53762044,0.1681,-0.0868,0.698,0.9529
738353.53762244,0.1581,-0.0865,0.7306,0.9752
738353.537624724,0.1468,-0.0871,0.7588,0.9927
738353.537627048,0.1358,-0.0876,0.7714,0.9948
738353.537629443,0.1246,-0.0882,0.8001,1.0129
738353.537631797,0.1145,-0.0885,0.8631,1.0661
738353.537634064,0.1046,-0.0878,0.9124,1.1048
738353.537636259,0.0957,-0.0886,0.9444,1.1287
738353.537638384,0.0877,-0.0893,0.9861,1.1631
738353.537640676,0.0793,-0.0886,1.0376,1.2055
738353.537642906,0.0719,-0.0892,1.0688,1.2299
738353.537645101,0.065,-0.09,1.071,1.226
738353.537647208,0.0587,-0.0895,1.0646,1.2128
738353.537649384,0.0524,-0.0902,1.0729,1.2155
738353.537651565,0.0468,-0.0897,1.0965,1.233
738353.537653667,0.0418,-0.0908,1.1058,1.2384
738353.537655788,0.0371,-0.0903,1.0854,1.2128
738353.53765786,0.0329,-0.0913,1.0583,1.1825
738353.537660087,0.0287,-0.0908,1.0601,1.1796
738353.537662277,0.0252,-0.0916,1.0989,1.2157
738353.537664527,0.022,-0.0921,1.1283,1.2424
738353.537666835,0.0189,-0.0927,1.1247,1.2363
738353.537668987,0.0166,-0.0922,1.104,1.2128
738353.537671159,0.0141,-0.093,1.0913,1.1984
738353.537673316,0.0124,-0.0936,1.1005,1.2065
738353.537675544,0.011,-0.0944,1.1245,1.2299
738353.537677623,0.0099,-0.0954,1.1389,1.2442
738353.537679753,0.0093,-0.0949,1.1336,1.2378
738353.53768181,0.0085,-0.0961,1.1211,1.2257
738353.537683911,0.0089,-0.0969,1.116,1.2218
738353.537686023,0.009,-0.098,1.1109,1.2179
738353.537688091,0.0092,-0.099,1.0797,1.1879
738353.537690167,0.01,-0.1,1.0255,1.1355
738353.537692234,0.0108,-0.0998,0.9864,1.097
738353.537694343,0.0119,-0.1008,0.9832,1.0959
738353.53769643,0.0137,-0.1019,0.9943,1.1099
738353.537698737,0.0161,-0.1024,1.002,1.1205
738353.537700989,0.0189,-0.103,1.0114,1.1333
738353.537703122,0.0213,-0.104,1.0243,1.1496
738353.537705166,0.0241,-0.1051,1.0411,1.1703
738353.537707262,0.027,-0.1048,1.0626,1.1944
738353.537709387,0.0304,-0.1059,1.081,1.2173
738353.537711653,0.0341,-0.1056,1.0856,1.2253
738353.537713611,0.0381,-0.1064,1.0596,1.2041
738353.537715809,0.0418,-0.1075,1.0032,1.1525
738353.537717981,0.0462,-0.107,0.932,1.0852
738353.53772015,0.0506,-0.108,0.8759,1.0345
738353.537722417,0.0553,-0.1088,0.8466,1.0107
738353.537724562,0.0601,-0.1086,0.8321,1.0008
738353.537726609,0.0653,-0.1083,0.801,0.9746
738353.537728733,0.0702,-0.1096,0.7378,0.9176
738353.537730912,0.0752,-0.1091,0.6555,0.8398
738353.537732994,0.0795,-0.109,0.5932,0.7817
738353.537735083,0.0844,-0.1088,0.5464,0.7396
738353.537737239,0.0888,-0.1087,0.5028,0.7003
738353.53773943,0.0935,-0.1096,0.452,0.6551
738353.537741595,0.0979,-0.1093,0.4088,0.616
738353.537743669,0.1025,-0.1093,0.3957,0.6075
738353.53774583,0.1071,-0.109,0.4161,0.6322
738353.537747868,0.1116,-0.109,0.4365,0.6571
738353.537749947,0.1164,-0.1089,0.445,0.6703
738353.537752042,0.1212,-0.1087,0.4668,0.6967
738353.537754083,0.1261,-0.1086,0.505,0.7397
738353.53775632,0.1313,-0.1083,0.5272,0.7668
738353.537758382,0.1358,-0.1083,0.5076,0.7517
738353.537760409,0.14,-0.1085,0.4692,0.7177
738353.537762442,0.1448,-0.1085,0.434,0.6873
738353.537764482,0.1493,-0.1084,0.3952,0.6529
738353.537766527,0.1536,-0.1084,0.3328,0.5948
738353.537768662,0.1577,-0.1084,0.2489,0.515
738353.53777075,0.1616,-0.1083,0.1702,0.4401
738353.537772861,0.1651,-0.1083,0.1133,0.3867
738353.537775023,0.1683,-0.1083,0.0876,0.3642
738353.537777317,0.1717,-0.1078,0.0815,0.361
738353.537779638,0.1753,-0.1073,0.0726,0.3552
738353.537781865,0.1783,-0.1083,0.0575,0.3441
738353.537784015,0.1814,-0.108,0.0534,0.3428
738353.5377862,0.1839,-0.108,0.0682,0.3601
738353.537788219,0.1867,-0.108,0.102,0.3967
738353.537790287,0.1897,-0.1079,0.1475,0.4451
738353.537792359,0.1925,-0.1079,0.1901,0.4905
738353.537794425,0.1947,-0.1081,0.2163,0.5191
738353.537796508,0.1976,-0.1081,0.2388,0.5445
738353.537798637,0.2001,-0.108,0.2849,0.593
738353.53780085,0.2027,-0.1078,0.3496,0.6601
738353.537803067,0.2057,-0.1075,0.395,0.7082
738353.537805282,0.2083,-0.1086,0.4086,0.7255
738353.537807325,0.2101,-0.1088,0.3941,0.713
738353.537809411,0.2122,-0.1087,0.3653,0.6862
738353.537811535,0.2139,-0.1087,0.3377,0.6603
738353.537813624,0.2156,-0.1087,0.3261,0.6504
738353.537815726,0.2174,-0.1102,0.3297,0.6573
738353.537817943,0.2194,-0.1099,0.3234,0.6527
738353.537820059,0.2212,-0.1097,0.2875,0.6184
738353.537822276,0.2222,-0.111,0.2341,0.5673
738353.537824549,0.2234,-0.1107,0.2008,0.5349
738353.537826768,0.2245,-0.1118,0.2085,0.5448
738353.537828917,0.2253,-0.1118,0.2315,0.5686
738353.537831107,0.2264,-0.1128,0.2426,0.5818
738353.537833306,0.2273,-0.1139,0.2468,0.588
738353.537835416,0.2277,-0.1139,0.2677,0.6093
738353.537837507,0.228,-0.1155,0.3062,0.6497
738353.537839782,0.2288,-0.1166,0.3352,0.6806
738353.53784199,0.2292,-0.1176,0.3183,0.6651
738353.537844117,0.229,-0.1176,0.263,0.6096
738353.537846222,0.2288,-0.1189,0.2004,0.5481
738353.537848336,0.2287,-0.1203,0.1509,0.4999
738353.537850457,0.228,-0.1202,0.1077,0.4559
738353.537852549,0.2266,-0.1218,0.0566,0.405
738353.537854738,0.2257,-0.1232,-0.0026,0.3515
738353.537856937,0.2239,-0.124,-0.0576,0.4055
738353.537859094,0.2217,-0.1254,-0.0748,0.4219
738353.537861197,0.2196,-0.1267,-0.0653,0.4116
738353.537863259,0.2176,-0.1283,-0.0459,0.3918
738353.537865267,0.2157,-0.1299,-0.027,0.3726
738353.537867345,0.2136,-0.1312,-0.0118,0.3566
738353.537869399,0.2112,-0.1328,0.0114,0.3554
738353.537871499,0.2091,-0.1342,0.0502,0.3935
738353.537873649,0.2065,-0.1353,0.0966,0.4384
738353.537875767,0.2036,-0.1367,0.118,0.4583
738353.537877801,0.2002,-0.1383,0.1149,0.4534
738353.537879862,0.1974,-0.1396,0.1148,0.4518
738353.537881958,0.1939,-0.141,0.1391,0.474
738353.537884153,0.1903,-0.1426,0.1737,0.5066
738353.537886429,0.1869,-0.1435,0.1929,0.5233
738353.537888589,0.1834,-0.1448,0.185,0.5132
738353.537890697,0.1802,-0.1459,0.1626,0.4887
738353.537892873,0.1762,-0.1473,0.143,0.4665
738353.53789515,0.172,-0.1484,0.1403,0.4607
738353.537897423,0.1679,-0.1509,0.1543,0.4731
738353.537899575,0.1642,-0.1521,0.1754,0.4917
738353.537901777,0.1598,-0.1535,0.1978,0.5111
738353.537903916,0.1561,-0.1546,0.2263,0.537
738353.537906048,0.1522,-0.156,0.2771,0.5853
738353.537908209,0.1485,-0.156,0.3508,0.6553
738353.537910325,0.1449,-0.1573,0.4242,0.7264
738353.537912526,0.1416,-0.1585,0.4683,0.7684
738353.537914674,0.1385,-0.1596,0.467,0.7651
738353.537916804,0.135,-0.1596,0.4305,0.7251
738353.537918934,0.1316,-0.161,0.3834,0.676
738353.537921044,0.1279,-0.1624,0.3473,0.6376
738353.537923234,0.1247,-0.1621,0.3291,0.6159
738353.53792541,0.1219,-0.1633,0.313,0.5982
738353.537927678,0.118,-0.1644,0.2827,0.5651
738353.53792984,0.1147,-0.1644,0.2569,0.536
738353.537932025,0.1123,-0.1653,0.2568,0.5344
738353.537934342,0.1091,-0.1665,0.2816,0.5572
738353.537936394,0.1073,-0.1665,0.3033,0.5771
738353.537938633,0.1056,-0.1674,0.3258,0.5988
738353.537940982,0.1043,-0.1683,0.3666,0.6392
738353.537943134,0.1037,-0.168,0.4278,0.6995
738353.537945391,0.104,-0.1692,0.4901,0.7633
738353.537947587,0.1047,-0.1689,0.5217,0.7953
738353.537949694,0.1052,-0.1703,0.5198,0.7953
738353.537951728,0.1065,-0.1703,0.5107,0.7875
738353.537954373,0.1085,-0.1707,0.5074,0.7866
738353.537956462,0.1106,-0.1716,0.4941,0.7763
738353.537958497,0.1124,-0.1719,0.4682,0.7525
738353.53796059,0.1145,-0.1719,0.4328,0.7192
738353.537962637,0.117,-0.1719,0.3985,0.6874
738353.537964735,0.1196,-0.1733,0.376,0.6689
738353.537966764,0.1221,-0.1735,0.3773,0.6729
738353.537968857,0.1247,-0.1735,0.4047,0.7029
738353.537970881,0.1275,-0.1738,0.4298,0.7311
738353.53797302,0.1306,-0.1738,0.4276,0.732
738353.537975257,0.1334,-0.175,0.4125,0.7209
738353.537977359,0.1364,-0.175,0.4087,0.7201
738353.537979453,0.1392,-0.1752,0.4039,0.7183
738353.537981529,0.1419,-0.1766,0.379,0.6975
738353.537983585,0.1448,-0.1766,0.3496,0.671
738353.537985632,0.1475,-0.1769,0.3441,0.6685
738353.537987802,0.1504,-0.1769,0.3738,0.7011
738353.537989934,0.1535,-0.1769,0.4181,0.7485
738353.53799208,0.1569,-0.1769,0.4454,0.7792
738353.537994242,0.1605,-0.1769,0.4492,0.7866
738353.537996428,0.164,-0.1783,0.4393,0.7816
738353.537998554,0.1674,-0.1783,0.4294,0.7751
738353.53800075,0.1713,-0.1781,0.427,0.7764
738353.538002844,0.1753,-0.1781,0.4271,0.7805
738353.538005018,0.1786,-0.1783,0.4132,0.7701
738353.538007071,0.1822,-0.1783,0.3765,0.737
738353.538009158,0.1855,-0.1783,0.3201,0.6839
738353.538011239,0.1881,-0.1771,0.2566,0.6218
738353.538013487,0.1905,-0.1786,0.1958,0.5649
738353.538015641,0.1935,-0.1783,0.1666,0.5384
738353.53801769,0.1955,-0.1771,0.1638,0.5364
738353.538019723,0.1976,-0.1774,0.1585,0.5335
738353.538021772,0.1998,-0.1777,0.1399,0.5174
738353.53802392,0.2014,-0.1779,0.1276,0.5069
738353.538026065,0.2032,-0.1779,0.1419,0.523
738353.538028269,0.2051,-0.1779,0.1783,0.5613
738353.53803045,0.2075,-0.1777,0.2161,0.6013
738353.538032494,0.2091,-0.1767,0.2331,0.6189
738353.538034618,0.211,-0.1767,0.225,0.6127
738353.5380367,0.2123,-0.177,0.1974,0.5867
738353.53803878,0.2137,-0.1772,0.1631,0.554
738353.53804091,0.2151,-0.1772,0.1224,0.5147
738353.538042948,0.2156,-0.1775,0.0677,0.4608
738353.538045038,0.216,-0.1777,-0.0066,0.4003
738353.538047079,0.2165,-0.1766,-0.0796,0.4727
738353.538049172,0.2169,-0.1768,-0.1194,0.5131
738353.538051312,0.2172,-0.1771,-0.1195,0.5138
738353.538053622,0.2182,-0.1768,-0.0948,0.4898
738353.538055889,0.2197,-0.178,-0.0701,0.4678
738353.538058013,0.2214,-0.178,-0.0611,0.4605
738353.538060322,0.2226,-0.178,-0.062,0.4626
738353.538062508,0.2239,-0.178,-0.0587,0.4606
738353.53806475,0.2259,-0.1777,-0.0349,0.4385
738353.538066866,0.2275,-0.178,0.0072,0.4127
738353.53806899,0.23,-0.178,0.0482,0.4562
738353.538071004,0.2314,-0.1771,0.0707,0.4792
738353.538073126,0.2337,-0.1771,0.07,0.4808
738353.538075154,0.2356,-0.1776,0.057,0.4702
738353.538077217,0.2377,-0.1778,0.0479,0.4634
738353.53807924,0.2396,-0.1766,0.0453,0.4615
738353.538081194,0.2415,-0.1769,0.0364,0.4548
738353.538083406,0.2436,-0.1769,0.0061,0.4266
738353.538085598,0.2451,-0.1769,-0.0395,0.4615
738353.538087743,0.2461,-0.1771,-0.0755,0.4987
738353.538089903,0.2472,-0.1774,-0.0868,0.5114
738353.538092195,0.249,-0.1771,-0.075,0.5011
738353.538094519,0.2507,-0.1769,-0.0623,0.4899
738353.538096747,0.2519,-0.1769,-0.0675,0.4963
738353.538098902,0.2533,-0.1769,-0.0794,0.5096
738353.538101066,0.2544,-0.1771,-0.0781,0.5096
738353.538103239,0.2562,-0.1771,-0.0535,0.4868
738353.53810542,0.2579,-0.1771,-0.0117,0.4467
738353.538107617,0.2597,-0.1771,0.0222,0.459
738353.538109809,0.2617,-0.1771,0.0252,0.464
738353.538111863,0.2632,-0.1762,-0.0025,0.4419
738353.538113946,0.2647,-0.1764,-0.0397,0.4808
738353.538116091,0.2662,-0.1764,-0.0716,0.5142
738353.538118144,0.2678,-0.1752,-0.1019,0.5449
738353.538120252,0.2691,-0.1755,-0.1477,0.5923
738353.538122311,0.2696,-0.1742,-0.2133,0.6571
738353.538124412,0.2703,-0.1745,-0.2741,0.7189
738353.538126505,0.2707,-0.1733,-0.3114,0.7554
738353.538128568,0.2705,-0.172,-0.3378,0.7803
738353.538130785,0.2701,-0.172,-0.369,0.8111
738353.53813299,0.2691,-0.1705,-0.3945,0.8341
738353.538135139,0.268,-0.169,-0.3975,0.8345
738353.538137248,0.2666,-0.1693,-0.3731,0.809
738353.538139277,0.2651,-0.1681,-0.3254,0.7586
738353.538141395,0.2638,-0.1668,-0.2679,0.6985
738353.538143525,0.2626,-0.1656,-0.2103,0.6385
738353.538145656,0.262,-0.1641,-0.1702,0.5963
738353.538147745,0.2605,-0.1643,-0.1494,0.5742
738353.538149794,0.2597,-0.1631,-0.1316,0.5544
738353.538151893,0.2594,-0.1616,-0.1067,0.5277
738353.53815406,0.2583,-0.1603,-0.0885,0.5071
738353.538156212,0.2571,-0.1591,-0.0961,0.5123
738353.538158383,0.2559,-0.1573,-0.1262,0.5394
738353.538160578,0.2543,-0.1561,-0.1579,0.5683
738353.538162862,0.2526,-0.1558,-0.1739,0.5823
738353.538165,0.2509,-0.1543,-0.1624,0.5676
738353.53816718,0.2492,-0.1527,-0.1358,0.5377
738353.538169165,0.2478,-0.1518,-0.117,0.5166
738353.538171534,0.2464,-0.1497,-0.1152,0.5113
738353.538173762,0.2446,-0.1482,-0.1298,0.5226
738353.538176003,0.2429,-0.1464,-0.1406,0.5299
738353.538178235,0.241,-0.1448,-0.1298,0.5156
738353.538180527,0.2395,-0.143,-0.0947,0.4772
738353.538182861,0.2376,-0.1412,-0.0503,0.4291
738353.538185155,0.2358,-0.1394,-0.0139,0.3891
738353.538187359,0.2345,-0.1376,0.0202,0.3923
738353.538189562,0.2334,-0.1361,0.0669,0.4364
738353.538191708,0.2328,-0.1345,0.1264,0.4937
738353.538193965,0.2322,-0.133,0.1825,0.5477
738353.538196231,0.2321,-0.1312,0.208,0.5713
738353.538198372,0.2325,-0.1281,0.1912,0.5518
738353.538200463,0.2323,-0.1268,0.1475,0.5066
738353.538202548,0.2322,-0.1255,0.1011,0.4588
738353.538205183,0.2324,-0.124,0.0699,0.4263
738353.538207312,0.2331,-0.1211,0.0554,0.4096
738353.538209512,0.2338,-0.1195,0.0387,0.392
738353.538211689,0.2343,-0.1179,0.006,0.3582
738353.538213796,0.2352,-0.1164,-0.0283,0.3799
738353.538215943,0.236,-0.1151,-0.0436,0.3947
738353.538218216,0.2368,-0.1132,-0.0336,0.3836
738353.538220555,0.2372,-0.1114,-0.0147,0.3633
738353.538222861,0.2378,-0.111,-0.004,0.3528
738353.538225085,0.2383,-0.1092,0.0097,0.3572
738353.538227315,0.238,-0.1076,0.0449,0.3905
738353.538229536,0.2383,-0.1058,0.0854,0.4295
738353.53823162,0.2379,-0.1044,0.0924,0.4347
738353.538233853,0.2372,-0.1029,0.077,0.4171
738353.538236168,0.2367,-0.101,0.0663,0.404
738353.538238453,0.2355,-0.1007,0.0651,0.4013
738353.538240629,0.234,-0.0991,0.0604,0.3935
738353.538242896,0.2324,-0.0972,0.0402,0.3698
738353.538245194,0.2305,-0.0953,0.0141,0.3399
738353.538247527,0.2277,-0.0937,-0.001,0.3224
738353.53824993,0.2247,-0.0931,-0.0062,0.324
738353.538252308,0.2219,-0.0909,-0.0166,0.3294
738353.538254542,0.2181,-0.0893,-0.0324,0.3398
738353.5382568,0.2145,-0.0874,-0.0351,0.337
738353.538258965,0.2111,-0.0858,-0.0151,0.312
738353.538261163,0.2076,-0.0842,0.0134,0.3052
738353.538263286,0.2041,-0.0826,0.0205,0.3072
738353.538265457,0.2003,-0.081,-0.0035,0.2848
738353.538267732,0.1958,-0.0806,-0.0488,0.3252
738353.538269968,0.1912,-0.079,-0.0843,0.3545
738353.538272282,0.1863,-0.0771,-0.0853,0.3487
738353.53827446,0.1819,-0.0752,-0.0428,0.2999
738353.53827665,0.1772,-0.0751,0.0142,0.2665
738353.538278701,0.173,-0.0738,0.0547,0.3015
738353.538280774,0.1694,-0.0721,0.0783,0.3198
738353.538282854,0.1649,-0.0708,0.0965,0.3322
738353.538284937,0.1609,-0.0694,0.1201,0.3504
738353.538287168,0.1577,-0.0691,0.1543,0.3811
738353.538289526,0.1533,-0.0671,0.1826,0.403
738353.538291777,0.1499,-0.0668,0.2029,0.4196
738353.538294161,0.147,-0.0646,0.2432,0.4548
738353.5382964,0.1444,-0.0642,0.2975,0.5061
738353.538298566,0.1421,-0.0625,0.3262,0.5308
738353.538300572,0.1404,-0.0627,0.3123,0.5154
738353.538302742,0.1387,-0.0611,0.2688,0.4686
738353.53830486,0.1369,-0.061,0.2245,0.4224
738353.538306945,0.1351,-0.0593,0.196,0.3904
738353.538308941,0.1335,-0.0595,0.1854,0.3784
738353.538311026,0.1318,-0.0581,0.1928,0.3827
738353.538313123,0.1309,-0.0581,0.2126,0.4016
738353.538315197,0.1293,-0.0567,0.2387,0.4247
738353.538317233,0.1287,-0.0566,0.2693,0.4546
738353.538319299,0.1282,-0.0552,0.3059,0.4893
738353.538321397,0.1282,-0.0554,0.3494,0.533
738353.538323428,0.1288,-0.0537,0.3837,0.5662
738353.538325595,0.1297,-0.0536,0.3972,0.5805
738353.538327807,0.1309,-0.0535,0.4001,0.5845
738353.538329906,0.1323,-0.0518,0.409,0.5931
738353.538331972,0.1338,-0.052,0.4238,0.6096
738353.538334062,0.136,-0.0519,0.4395,0.6274
738353.538336084,0.1382,-0.0505,0.4478,0.6365
738353.538338218,0.1406,-0.0507,0.4437,0.635
738353.53834042,0.143,-0.0506,0.426,0.6196
738353.53834258,0.1457,-0.0502,0.4036,0.5995
738353.538344784,0.1482,-0.0501,0.387,0.5853
738353.538346927,0.151,-0.05,0.3799,0.5809
738353.538349141,0.1534,-0.05,0.3616,0.565
738353.538351299,0.1556,-0.0499,0.3165,0.522
738353.538353404,0.1573,-0.05,0.2469,0.4542
738353.538355429,0.1588,-0.0502,0.1691,0.3781
738353.538357464,0.1602,-0.0504,0.1035,0.3141
738353.53835959,0.161,-0.0506,0.0622,0.2738
738353.53836169,0.1621,-0.0505,0.0492,0.2618
738353.53836377,0.1625,-0.0507,0.0546,0.2678
738353.538365765,0.1629,-0.0512,0.0638,0.2779
738353.538367952,0.1633,-0.0524,0.0642,0.2799
738353.538370055,0.1627,-0.0526,0.0568,0.2721
738353.538372146,0.162,-0.0528,0.0561,0.2709
738353.538374154,0.1615,-0.0529,0.0643,0.2787
738353.53837623,0.1608,-0.0531,0.0689,0.2828
738353.538378353,0.1594,-0.0546,0.0543,0.2683
738353.538380369,0.1578,-0.0551,0.0245,0.2374
738353.538382469,0.1565,-0.055,-0.0002,0.2117
738353.53838455,0.1543,-0.0552,-0.0117,0.2212
738353.538386633,0.152,-0.0554,-0.0229,0.2303
738353.538388764,0.1493,-0.0572,-0.0341,0.2406
738353.538390816,0.1467,-0.0571,-0.0333,0.2371
738353.538392968,0.1429,-0.0589,-0.0164,0.2182
738353.538394964,0.1398,-0.0591,0.008,0.2069
738353.538396988,0.1366,-0.0593,0.028,0.2239
738353.538399055,0.1326,-0.0611,0.0367,0.2304
738353.538401101,0.1286,-0.0613,0.0391,0.229
738353.538403213,0.1243,-0.0631,0.0407,0.2281
738353.538405524,0.1201,-0.0644,0.0416,0.2261
738353.538407821,0.1158,-0.064,0.0423,0.2221
738353.538410049,0.1118,-0.0652,0.0427,0.2197
738353.53841227,0.1071,-0.0668,0.0385,0.2124
738353.538414315,0.1028,-0.0686,0.0221,0.1935
738353.538416301,0.099,-0.0688,-0.001,0.1688
738353.538418322,0.0946,-0.069,-0.01,0.1736
738353.538420368,0.09,-0.0708,0.0071,0.1679
738353.538422402,0.0857,-0.071,0.0381,0.1948
738353.538424439,0.0815,-0.0729,0.0642,0.2186
738353.538426555,0.0769,-0.0731,0.0793,0.2293
738353.53842861,0.0726,-0.0746,0.0879,0.2351
738353.538430643,0.0683,-0.0748,0.0985,0.2416
738353.538432679,0.0639,-0.0753,0.1179,0.2571
738353.538434892,0.0605,-0.0766,0.1472,0.2843
738353.538437071,0.0568,-0.0765,0.1714,0.3047
738353.538439205,0.0535,-0.0764,0.1768,0.3067
738353.538441388,0.0503,-0.078,0.1696,0.2979
738353.538443586,0.0472,-0.0779,0.1713,0.2964
738353.538445821,0.0442,-0.0791,0.1923,0.3156
738353.538447922,0.0413,-0.0791,0.2166,0.337
738353.538450057,0.0388,-0.0809,0.2263,0.346
738353.538452213,0.0361,-0.0808,0.2273,0.3442
738353.538454519,0.0332,-0.0824,0.2414,0.357
738353.538456805,0.0307,-0.0834,0.2861,0.4002
738353.538458984,0.029,-0.0844,0.3407,0.4541
738353.53846118,0.0269,-0.0843,0.3815,0.4927
738353.538463417,0.025,-0.0858,0.4115,0.5223
738353.538465411,0.024,-0.0858,0.443,0.5528
738353.538467533,0.0223,-0.086,0.4789,0.5872
738353.538469691,0.0212,-0.0876,0.5036,0.6124
738353.538471835,0.0204,-0.0875,0.5042,0.6121
738353.538473986,0.0195,-0.0891,0.4789,0.5875
738353.538476031,0.019,-0.089,0.4343,0.5423
738353.538478051,0.0179,-0.0892,0.3794,0.4865
738353.53848017,0.0167,-0.0894,0.3253,0.4314
738353.538482257,0.0159,-0.091,0.2808,0.3877
738353.538484466,0.015,-0.0909,0.2447,0.3506
738353.538486598,0.0142,-0.0908,0.2129,0.3179
738353.538488637,0.0133,-0.0911,0.1889,0.2933
738353.538490649,0.0131,-0.0913,0.1847,0.2891
738353.53849273,0.0135,-0.0929,0.2066,0.313
738353.538494737,0.0137,-0.0931,0.2413,0.3481
738353.538496752,0.0141,-0.0933,0.2714,0.3788
738353.538498792,0.015,-0.0935,0.2927,0.4012
738353.538500878,0.0156,-0.0938,0.3157,0.4251
738353.538502913,0.0163,-0.094,0.3427,0.453
738353.538505057,0.0177,-0.0939,0.3576,0.4692
738353.538507096,0.0188,-0.0958,0.3445,0.4591
738353.538509129,0.0199,-0.096,0.3145,0.4304
738353.538511179,0.0213,-0.096,0.2841,0.4014
738353.538513233,0.0223,-0.0962,0.2665,0.385
738353.538515289,0.0236,-0.0981,0.2651,0.3868
738353.538517307,0.0251,-0.0983,0.272,0.3954
738353.538519371,0.0264,-0.0986,0.2741,0.3991
738353.538521475,0.0277,-0.0988,0.2649,0.3914
738353.538523642,0.0287,-0.1004,0.2418,0.3709
738353.53852574,0.0301,-0.102,0.2139,0.346
738353.538527781,0.0311,-0.1022,0.1893,0.3226
738353.53852975,0.0321,-0.1042,0.1725,0.3088
738353.538531804,0.0325,-0.1047,0.1584,0.2956
738353.53853399,0.0332,-0.1063,0.1341,0.2736
738353.538536178,0.0338,-0.108,0.105,0.2468
738353.538538396,0.0346,-0.1093,0.0917,0.2356
738353.538540673,0.035,-0.1109,0.1126,0.2585
738353.538542911,0.0362,-0.1122,0.1582,0.3066
738353.538545125,0.0367,-0.1139,0.2024,0.353
738353.538547405,0.0376,-0.1152,0.2328,0.3856
738353.53854962,0.0383,-0.1151,0.2557,0.4091
738353.538551787,0.0389,-0.1168,0.2797,0.4354
738353.538553784,0.0393,-0.117,0.2972,0.4535
738353.538555878,0.0399,-0.119,0.298,0.4569
738353.538558006,0.0408,-0.1189,0.28,0.4397
738353.538560114,0.0415,-0.1206,0.2522,0.4143
738353.538562402,0.0416,-0.1205,0.2278,0.3899
738353.538564594,0.042,-0.1222,0.2168,0.381
738353.53856658,0.0428,-0.1224,0.2131,0.3783
738353.538568733,0.0439,-0.1223,0.2049,0.3711
738353.538570893,0.0445,-0.1226,0.1941,0.3612
738353.538573051,0.046,-0.1243,0.1964,0.3667
738353.538575373,0.0481,-0.1239,0.2214,0.3934
738353.538577699,0.0505,-0.1252,0.2503,0.426
738353.538580063,0.053,-0.1266,0.2642,0.4438
738353.538582007,0.0557,-0.1269,0.2595,0.4421
738353.538584183,0.0586,-0.1268,0.2396,0.425
738353.538586338,0.0618,-0.1285,0.2134,0.4037
738353.538588396,0.0647,-0.1287,0.1916,0.385
738353.538590427,0.0674,-0.129,0.1771,0.3735
738353.538592461,0.0699,-0.1313,0.1633,0.3645
738353.538594627,0.0732,-0.1312,0.1375,0.3419
738353.538596759,0.0761,-0.1329,0.0948,0.3038
738353.538598914,0.0782,-0.1331,0.0447,0.256
738353.538601212,0.0804,-0.1348,0.0002,0.2154
738353.538603473,0.0831,-0.1362,-0.0213,0.2406
738353.53860549,0.0849,-0.1365,-0.0291,0.2505
738353.538607574,0.087,-0.1385,-0.0376,0.2631
738353.538609616,0.0889,-0.1387,-0.0412,0.2688
738353.538611723,0.0906,-0.1407,-0.0297,0.261
738353.538613801,0.0922,-0.141,-0.0091,0.2423
738353.538615885,0.0942,-0.143,0.0029,0.2401
738353.538617919,0.0953,-0.1436,-0.0018,0.2407
738353.538620041,0.0961,-0.1456,-0.0152,0.2569
738353.538622094,0.0969,-0.1459,-0.0205,0.2633
738353.538624165,0.0978,-0.1479,-0.0151,0.2608
738353.53862617,0.0985,-0.1481,-0.0131,0.2597
738353.538628251,0.098,-0.1487,-0.0247,0.2714
738353.538630302,0.0976,-0.1507,-0.0482,0.2965
738353.538632376,0.0972,-0.151,-0.0691,0.3173
738353.53863443,0.0965,-0.1513,-0.0758,0.3236
738353.538636533,0.0955,-0.1533,-0.0685,0.3173
738353.5386387,0.094,-0.1536,-0.0558,0.3034
738353.538640926,0.0927,-0.1553,-0.0473,0.2953
738353.538643179,0.0914,-0.1553,-0.0457,0.2924
738353.538645434,0.0901,-0.1567,-0.0415,0.2883
738353.538647544,0.0886,-0.157,-0.0244,0.27
738353.538649657,0.0872,-0.1572,0.0075,0.2519
738353.538651794,0.0862,-0.1572,0.0508,0.2942
738353.538653985,0.085,-0.1575,0.0953,0.3378
738353.538656165,0.0844,-0.1574,0.1323,0.3741
738353.538658334,0.0839,-0.1592,0.1515,0.3946
738353.538660399,0.0831,-0.1577,0.1503,0.3911
738353.538662439,0.0826,-0.158,0.1357,0.3763
738353.53866448,0.0816,-0.1586,0.12,0.3602
738353.53866661,0.081,-0.1585,0.1085,0.348
738353.538668667,0.0795,-0.1591,0.0976,0.3362
738353.538670724,0.0788,-0.1591,0.0816,0.3195
738353.538672736,0.0776,-0.1579,0.066,0.3015
738353.538674779,0.0765,-0.1582,0.0594,0.2941
738353.538676835,0.0746,-0.1588,0.0684,0.3018
738353.538679016,0.0735,-0.157,0.0915,0.322
738353.538681235,0.0722,-0.1569,0.115,0.3441
738353.538683317,0.0709,-0.1572,0.1234,0.3515
738353.538685383,0.0697,-0.1575,0.1198,0.347
738353.538687453,0.0681,-0.156,0.1145,0.3386
738353.538689521,0.067,-0.1563,0.1173,0.3406
738353.538691639,0.0653,-0.1565,0.1319,0.3537
738353.538693654,0.0638,-0.155,0.1487,0.3675
738353.538695759,0.062,-0.1553,0.1537,0.371
738353.53869786,0.0601,-0.1556,0.1405,0.3562
738353.538699948,0.0578,-0.1559,0.1172,0.3309
738353.538702169,0.055,-0.1558,0.0965,0.3073
738353.538704344,0.0521,-0.1555,0.0837,0.2913
738353.538706461,0.0488,-0.154,0.0709,0.2737
738353.538709097,0.0444,-0.1548,0.0355,0.2347
738353.538711199,0.0396,-0.1544,-0.0011,0.1951
738353.538713373,0.0349,-0.1547,-0.017,0.2066
738353.538715528,0.03,-0.1546,-0.0249,0.2095
738353.53871769,0.0251,-0.1546,-0.0358,0.2155
738353.5387197,0.0199,-0.1534,-0.0408,0.2141
738353.538721656,0.0155,-0.1537,-0.0296,0.1988
738353.538723952,0.0093,-0.1536,0.0001,0.163
738353.538726161,0.004,-0.1551,0.0297,0.1888
738353.538728299,-0.0016,-0.1554,0.0469,0.2039
738353.538730484,-0.0071,-0.1553,0.0568,0.2192
738353.53873271,-0.0133,-0.1553,0.0696,0.2382
738353.538735039,-0.0193,-0.1549,0.091,0.2652
738353.538737364,-0.0258,-0.1564,0.1201,0.3023
738353.538739552,-0.0316,-0.156,0.1454,0.333
738353.538741759,-0.0379,-0.156,0.1593,0.3532
738353.538743979,-0.0445,-0.1577,0.1644,0.3666
738353.538746044,-0.0504,-0.1577,0.1706,0.3787
738353.538748097,-0.0562,-0.158,0.186,0.4002
738353.538750156,-0.0615,-0.1583,0.2138,0.4336
738353.53875217,-0.0668,-0.1586,0.2522,0.4776
738353.538754317,-0.0721,-0.1604,0.2926,0.5251
738353.538756494,-0.0768,-0.1606,0.3109,0.5483
738353.538758698,-0.0816,-0.1621,0.297,0.5407
738353.538760892,-0.0863,-0.1621,0.2583,0.5067
738353.538763074,-0.0913,-0.1639,0.2174,0.4726
738353.538765187,-0.0957,-0.1639,0.1921,0.4517
738353.53876726,-0.1,-0.1641,0.179,0.4431
738353.53876936,-0.1044,-0.166,0.1642,0.4346
738353.538771353,-0.1089,-0.1666,0.1557,0.4312
738353.538773294,-0.1122,-0.1669,0.1662,0.4453
738353.53877544,-0.1164,-0.1668,0.1943,0.4775
738353.538777528,-0.1202,-0.169,0.217,0.5062
738353.538779552,-0.1235,-0.1693,0.227,0.5198
738353.538781643,-0.1259,-0.1711,0.2288,0.5258
738353.538783822,-0.129,-0.1714,0.2313,0.5317
738353.538786042,-0.131,-0.1729,0.2376,0.5415
738353.538788176,-0.1328,-0.1729,0.241,0.5467
738353.538790295,-0.1344,-0.175,0.2342,0.5436
738353.538792425,-0.1351,-0.1769,0.2149,0.5269
738353.538794518,-0.1359,-0.1772,0.1875,0.5006
738353.538796713,-0.136,-0.1787,0.1579,0.4726
738353.53879888,-0.1363,-0.1786,0.1382,0.4531
738353.53880092,-0.136,-0.1808,0.1343,0.4511
738353.538802941,-0.1352,-0.1811,0.141,0.4573
738353.538805191,-0.1344,-0.183,0.1517,0.4691
738353.538807183,-0.1327,-0.1833,0.1586,0.4746
738353.538809255,-0.1305,-0.1836,0.1648,0.4789
738353.538811273,-0.1278,-0.1858,0.1752,0.4888
738353.538813339,-0.1251,-0.1861,0.1923,0.5035
738353.538815374,-0.1217,-0.1864,0.2088,0.5169
738353.53881742,-0.1178,-0.1886,0.2158,0.5222
738353.538819544,-0.114,-0.1889,0.2141,0.517
738353.538821602,-0.1091,-0.1889,0.2149,0.5129
738353.538823623,-0.1043,-0.1895,0.2241,0.5179
738353.53882585,-0.0981,-0.1895,0.2401,0.5277
738353.538827964,-0.0913,-0.1895,0.2478,0.5286
738353.538830079,-0.0844,-0.1898,0.2383,0.5125
738353.538832145,-0.0768,-0.1882,0.2184,0.4834
738353.538834322,-0.0679,-0.1882,0.199,0.4551
738353.53883655,-0.0587,-0.1863,0.1803,0.4253
738353.53883885,-0.0482,-0.186,0.1524,0.3866
738353.53884096,-0.0385,-0.1844,0.1139,0.3368
738353.538843125,-0.0288,-0.1847,0.0714,0.2849
738353.538845239,-0.0187,-0.1828,0.0402,0.2417
738353.538847299,-0.0096,-0.1815,0.0186,0.2097
738353.538849312,0.0001,-0.1799,-0.0048,0.1848
738353.53885148,0.0099,-0.1799,-0.0384,0.2282
738353.538853686,0.0187,-0.1783,-0.0752,0.2722
738353.53885578,0.0273,-0.1767,-0.102,0.306
738353.538857907,0.0365,-0.1767,-0.1119,0.3251
738353.538859965,0.0443,-0.1754,-0.109,0.3287
738353.538862131,0.0524,-0.1757,-0.1042,0.3323
738353.53886415,0.0602,-0.1741,-0.1069,0.3412
738353.538866269,0.0672,-0.1729,-0.1204,0.3605
738353.538868427,0.075,-0.1728,-0.1441,0.3919
738353.53887048,0.0814,-0.1716,-0.1652,0.4182
738353.538872513,0.0879,-0.1719,-0.1811,0.4409
738353.538874555,0.0934,-0.1706,-0.189,0.453
738353.538876656,0.0993,-0.169,-0.1925,0.4608
738353.538878715,0.1045,-0.1696,-0.1973,0.4714
738353.538880771,0.1092,-0.1684,-0.2065,0.4841
738353.538882813,0.1136,-0.169,-0.2177,0.5003
738353.538884873,0.1184,-0.1674,-0.2244,0.5102
738353.538886932,0.1227,-0.168,-0.223,0.5137
738353.538888935,0.1271,-0.1687,-0.2187,0.5145
738353.538891213,0.1315,-0.1667,-0.2232,0.5214
738353.538893455,0.1356,-0.1667,-0.2478,0.5501
738353.53889565,0.1389,-0.167,-0.2859,0.5918
738353.538897874,0.1419,-0.1654,-0.32,0.6273
738353.538899998,0.1446,-0.1657,-0.337,0.6473
738353.538901996,0.1467,-0.1644,-0.3352,0.6463
738353.538904074,0.1495,-0.1647,-0.3236,0.6378
738353.538906073,0.1521,-0.1634,-0.3131,0.6286
738353.538908119,0.1544,-0.1621,-0.3066,0.6231
738353.538910173,0.1566,-0.1627,-0.2988,0.6181
738353.53891218,0.1594,-0.1614,-0.2872,0.608
738353.538914348,0.1625,-0.1598,-0.2797,0.602
738353.538916459,0.1649,-0.1604,-0.2903,0.6156
738353.538918458,0.1675,-0.1591,-0.3161,0.6427
738353.538920529,0.1706,-0.1575,-0.3422,0.6703
738353.538922574,0.1732,-0.1581,-0.3531,0.6844
738353.538924536,0.1753,-0.1572,-0.3555,0.688
738353.538926556,0.1782,-0.1559,-0.359,0.6931
738353.538928664,0.181,-0.1542,-0.3633,0.6985
738353.538930649,0.1839,-0.1529,-0.3632,0.7
738353.538932728,0.1867,-0.1535,-0.3604,0.7006
738353.538934826,0.189,-0.1522,-0.3575,0.6987
738353.538936889,0.192,-0.1505,-0.3565,0.699
738353.538938984,0.1944,-0.1512,-0.3586,0.7042
738353.538940999,0.1966,-0.1499,-0.3646,0.7111
738353.538943065,0.1982,-0.1485,-0.3745,0.7212
738353.538945067,0.1999,-0.1472,-0.3878,0.7349
738353.538947141,0.201,-0.1479,-0.4051,0.754
738353.538949112,0.2022,-0.1465,-0.4219,0.7706
738353.538951225,0.2027,-0.1452,-0.4354,0.7833
738353.538953328,0.2031,-0.1458,-0.4407,0.7896
738353.538955466,0.2036,-0.1442,-0.4397,0.7875
738353.538957588,0.2036,-0.1445,-0.4398,0.7879
738353.538959595,0.2035,-0.1431,-0.447,0.7936
738353.538961724,0.2027,-0.1418,-0.4612,0.8057
738353.538963893,0.2018,-0.1421,-0.4746,0.8185
738353.538966301,0.2002,-0.1416,-0.4716,0.8134
738353.53896847,0.1985,-0.1399,-0.4608,0.7992
738353.538970586,0.197,-0.1402,-0.4607,0.7979
738353.538972669,0.1952,-0.1389,-0.4677,0.8018
738353.538974812,0.1935,-0.1392,-0.4676,0.8003
738353.538976931,0.1914,-0.1398,-0.4552,0.7864
738353.538978952,0.1888,-0.1385,-0.4384,0.7657
738353.53898105,0.1858,-0.1391,-0.4289,0.7538
738353.538983035,0.1832,-0.1378,-0.4321,0.7531
738353.538985123,0.1801,-0.1384,-0.4438,0.7623
738353.538987109,0.1771,-0.1371,-0.4525,0.7667
738353.538989146,0.174,-0.1357,-0.4487,0.7584
738353.538991301,0.1713,-0.136,-0.438,0.7453
738353.538993308,0.1684,-0.1346,-0.4322,0.7352
738353.538997153,0.164,-0.1335,-0.426,0.7235
738353.538999624,0.16,-0.1336,-0.4032,0.6968
738353.539001773,0.1553,-0.1321,-0.378,0.6654
738353.539003889,0.1516,-0.1304,-0.3723,0.6543
738353.539005955,0.1474,-0.131,-0.3783,0.6567
738353.539007977,0.1436,-0.1296,-0.3869,0.6601
738353.539010163,0.1393,-0.1279,-0.3894,0.6566
738353.539012186,0.1351,-0.1262,-0.3763,0.6376
738353.539014239,0.1306,-0.1268,-0.35,0.6074
738353.539016303,0.1262,-0.1254,-0.3215,0.5731
738353.539018282,0.1219,-0.124,-0.2989,0.5448
738353.53902032,0.1174,-0.1226,-0.2815,0.5215
738353.539022296,0.1133,-0.1233,-0.266,0.5026
738353.539024306,0.1092,-0.1219,-0.2474,0.4785
738353.539026443,0.1046,-0.1205,-0.2285,0.4536
738353.539028773,0.0997,-0.1201,-0.2165,0.4363
738353.539031051,0.095,-0.1179,-0.2137,0.4266
738353.539033389,0.0897,-0.1178,-0.2071,0.4146
738353.539035629,0.0849,-0.1177,-0.1953,0.3979
738353.53903775,0.0806,-0.116,-0.1874,0.384
738353.539039961,0.0766,-0.1138,-0.188,0.3784
738353.539042073,0.072,-0.1141,-0.1995,0.3856
738353.539044265,0.0668,-0.1123,-0.224,0.4031
738353.539046458,0.0616,-0.1126,-0.2567,0.4309
738353.539048686,0.0562,-0.1125,-0.2849,0.4536
738353.539050827,0.0509,-0.1107,-0.2959,0.4575
738353.539053063,0.0459,-0.1106,-0.2977,0.4542
738353.53905539,0.0405,-0.1102,-0.302,0.4527
738353.539057598,0.0347,-0.1084,-0.3063,0.4494
738353.5390598,0.0297,-0.1083,-0.2994,0.4374
738353.539062025,0.0246,-0.1082,-0.2773,0.4101
738353.539064278,0.0189,-0.1084,-0.2465,0.3738
738353.539066487,0.0141,-0.1063,-0.2177,0.3381
738353.539068659,0.0097,-0.1062,-0.1984,0.3143
738353.539070846,0.0049,-0.1064,-0.1929,0.3042
738353.53907313,-0,-0.1063,-0.2022,0.3085
738353.539075309,-0.0042,-0.1042,-0.2165,0.3249
738353.539077377,-0.008,-0.1044,-0.2236,0.336
738353.539079387,-0.0118,-0.1051,-0.2187,0.3356
738353.539081463,-0.0152,-0.1032,-0.2016,0.32
738353.539083524,-0.0185,-0.1039,-0.1785,0.3009
738353.539085534,-0.021,-0.1042,-0.1567,0.2819
738353.539087512,-0.0235,-0.1027,-0.1395,0.2657
738353.539089539,-0.0262,-0.1034,-0.1224,0.252
738353.539091454,-0.0279,-0.1019,-0.1041,0.2339
738353.539093403,-0.0299,-0.1029,-0.0851,0.2179
738353.53909542,-0.031,-0.1011,-0.0694,0.2015
738353.539097442,-0.0324,-0.1017,-0.063,0.1971
738353.539099459,-0.0336,-0.1024,-0.0663,0.2023
738353.539101605,-0.0347,-0.1026,-0.0735,0.2108
738353.539103664,-0.0352,-0.1029,-0.0762,0.2143
738353.539105897,-0.0357,-0.1028,-0.0746,0.2131
738353.539108034,-0.0361,-0.1031,-0.076,0.2152
738353.539110268,-0.0361,-0.103,-0.0838,0.2229
738353.539112343,-0.0365,-0.1036,-0.0901,0.2302
738353.539114532,-0.0363,-0.1035,-0.0854,0.2252
738353.539116571,-0.0353,-0.1038,-0.0681,0.2072
738353.539118638,-0.0348,-0.1044,-0.0501,0.1893
738353.539120659,-0.0343,-0.1051,-0.0444,0.1838
738353.539122695,-0.0331,-0.1053,-0.0518,0.1902
738353.539124741,-0.0324,-0.1081,-0.0641,0.2046
738353.539126756,-0.0318,-0.1088,-0.074,0.2146
738353.539128786,-0.0307,-0.109,-0.0827,0.2224
738353.539130834,-0.0304,-0.1097,-0.0896,0.2297
738353.539132877,-0.0294,-0.11,-0.0953,0.2347
738353.539134891,-0.0287,-0.1127,-0.1022,0.2436
738353.539136879,-0.0281,-0.1134,-0.1114,0.2529
738353.539138897,-0.0277,-0.1141,-0.1217,0.2635
738353.539140947,-0.0275,-0.1169,-0.1301,0.2745
738353.539142996,-0.027,-0.1175,-0.1357,0.2802
738353.539145051,-0.026,-0.1199,-0.1434,0.2893
738353.539147083,-0.0255,-0.1224,-0.1571,0.305
738353.539149129,-0.0261,-0.1234,-0.1729,0.3224
738353.539151307,-0.0254,-0.1255,-0.1851,0.336
738353.539153469,-0.0251,-0.1279,-0.1859,0.3389
738353.539155496,-0.0249,-0.1286,-0.1785,0.332
738353.539157512,-0.0244,-0.1314,-0.1713,0.3271
738353.539159557,-0.0232,-0.1317,-0.1717,0.3266
738353.539161503,-0.0223,-0.1345,-0.1818,0.3386
738353.539163455,-0.0221,-0.1356,-0.1973,0.355
738353.539165433,-0.0216,-0.1363,-0.2129,0.3708
738353.539167575,-0.0212,-0.1366,-0.2252,0.383
738353.539169703,-0.0208,-0.139,-0.2327,0.3925
738353.539171839,-0.0205,-0.1394,-0.2393,0.3992
738353.53917393,-0.0205,-0.1397,-0.249,0.4092
738353.53917607,-0.021,-0.14,-0.2612,0.4222
738353.539178082,-0.0215,-0.1407,-0.2687,0.4309
738353.539180048,-0.0217,-0.1414,-0.266,0.4291
738353.539182095,-0.0221,-0.142,-0.2518,0.4159
738353.539184146,-0.0223,-0.1424,-0.2323,0.397
738353.53918618,-0.0231,-0.1431,-0.2185,0.3847
738353.53918825,-0.024,-0.1438,-0.2119,0.3797
738353.539190416,-0.0248,-0.1419,-0.2068,0.3735
738353.539192508,-0.0255,-0.1422,-0.1965,0.3642
738353.539194557,-0.0259,-0.1425,-0.1792,0.3476
738353.539196569,-0.027,-0.141,-0.1588,0.3268
738353.539198633,-0.0271,-0.1413,-0.1433,0.3117
738353.539200599,-0.0282,-0.1402,-0.1398,0.3082
738353.539202639,-0.0287,-0.1405,-0.1488,0.318
738353.539204702,-0.0299,-0.1391,-0.1625,0.3315
738353.539206733,-0.0304,-0.1372,-0.1728,0.3404
738353.539208931,-0.0316,-0.1375,-0.1776,0.3467
738353.539211071,-0.0329,-0.1378,-0.1823,0.353
738353.539213296,-0.034,-0.1355,-0.1945,0.364
738353.53921546,-0.0354,-0.1358,-0.2085,0.3797
738353.539217545,-0.0367,-0.1339,-0.2163,0.3869
738353.539219537,-0.0381,-0.1324,-0.2188,0.3893
738353.539221494,-0.0392,-0.1331,-0.222,0.3943
738353.53922347,-0.041,-0.132,-0.2302,0.4032
738353.539225498,-0.0422,-0.1301,-0.24,0.4123
738353.5392277,-0.0443,-0.1304,-0.2421,0.4168
738353.539229946,-0.046,-0.1303,-0.2315,0.4078
738353.539232058,-0.047,-0.128,-0.2159,0.3909
738353.539234073,-0.0486,-0.1287,-0.2029,0.3802
738353.539236153,-0.0504,-0.1272,-0.1953,0.3729
738353.539238236,-0.0513,-0.1275,-0.1942,0.373
738353.539240382,-0.0525,-0.1278,-0.1977,0.378
738353.539242506,-0.0534,-0.1258,-0.2021,0.3813
738353.539244621,-0.0542,-0.1261,-0.2048,0.3851
738353.539246793,-0.055,-0.1264,-0.2059,0.3873
738353.539248954,-0.0553,-0.1241,-0.2073,0.3867
738353.539251112,-0.0557,-0.1244,-0.2116,0.3917
738353.539253303,-0.0559,-0.1225,-0.2183,0.3967
738353.539255601,-0.0559,-0.1224,-0.2223,0.4006
738353.539257895,-0.0558,-0.1223,-0.2163,0.3944
738353.539260247,-0.0552,-0.1195,-0.2004,0.3751
738353.539262594,-0.0542,-0.119,-0.1841,0.3573
738353.539264674,-0.0539,-0.1175,-0.1751,0.3465
738353.539266641,-0.0529,-0.1177,-0.1701,0.3407
738353.539268948,-0.0524,-0.1154,-0.1634,0.3312
738353.539271192,-0.052,-0.1153,-0.1537,0.321
738353.53927328,-0.0518,-0.1133,-0.1538,0.3189
738353.53927524,-0.0516,-0.1117,-0.167,0.3303
738353.539277314,-0.052,-0.1102,-0.1865,0.3487
738353.539279282,-0.0526,-0.1109,-0.2019,0.3654
738353.539281356,-0.0535,-0.1089,-0.213,0.3754
738353.539283389,-0.0547,-0.1073,-0.2219,0.3839
738353.539285446,-0.0567,-0.1058,-0.2313,0.3938
738353.539287467,-0.0581,-0.106,-0.2372,0.4013
738353.539289432,-0.0603,-0.1045,-0.235,0.3998
738353.539291482,-0.0625,-0.1029,-0.2248,0.3902
738353.539293478,-0.0647,-0.1036,-0.2112,0.3795
738353.53929547,-0.0675,-0.102,-0.1976,0.3671
738353.539297552,-0.0708,-0.1004,-0.1883,0.3595
738353.539299593,-0.0734,-0.1007,-0.1858,0.3599
738353.539301619,-0.0769,-0.0991,-0.1891,0.3651
738353.539303689,-0.0805,-0.0998,-0.1945,0.3748
738353.539305868,-0.0844,-0.0978,-0.1961,0.3783
738353.53930815,-0.0886,-0.0976,-0.1915,0.3777
738353.539310333,-0.0929,-0.0975,-0.1882,0.3786
738353.53931252,-0.0972,-0.0974,-0.1895,0.3841
738353.539314669,-0.1021,-0.0976,-0.1899,0.3896
738353.539316738,-0.107,-0.0956,-0.1847,0.3873
738353.539318696,-0.1116,-0.0967,-0.1785,0.3868
738353.539320728,-0.1158,-0.097,-0.1764,0.3892
738353.539322715,-0.1204,-0.0954,-0.1825,0.3983
738353.539324694,-0.1251,-0.0961,-0.1944,0.4156
738353.539326787,-0.1301,-0.0968,-0.205,0.4319
738353.539328932,-0.1344,-0.0966,-0.2058,0.4368
738353.53933107,-0.1392,-0.0946,-0.1965,0.4303
738353.539333163,-0.1438,-0.0953,-0.1851,0.4242
738353.539335291,-0.1472,-0.0952,-0.1746,0.417
738353.539337405,-0.151,-0.0954,-0.1631,0.4095
738353.539339479,-0.1545,-0.0938,-0.1495,0.3978
738353.539341602,-0.1576,-0.0941,-0.1353,0.387
738353.539343727,-0.1604,-0.0944,-0.1283,0.3831
738353.539345906,-0.1629,-0.0947,-0.1317,0.3893
738353.539348265,-0.1653,-0.0941,-0.1428,0.4022
738353.539350389,-0.1672,-0.0939,-0.1516,0.4127
738353.539352357,-0.1684,-0.0946,-0.154,0.417
738353.539354345,-0.1697,-0.093,-0.1531,0.4158
738353.539356361,-0.1706,-0.0937,-0.1525,0.4168
738353.539358403,-0.1704,-0.094,-0.1535,0.4179
738353.539360443,-0.1702,-0.0947,-0.154,0.4189
738353.539362479,-0.169,-0.0926,-0.1503,0.4119
738353.539364484,-0.1676,-0.0933,-0.1415,0.4024
738353.539366442,-0.1652,-0.0917,-0.1298,0.3867
738353.539368462,-0.1621,-0.0924,-0.1179,0.3724
738353.539370455,-0.158,-0.0931,-0.1102,0.3613
738353.539372628,-0.153,-0.0934,-0.1082,0.3546
738353.539374799,-0.1473,-0.0913,-0.1115,0.3501
738353.539376935,-0.1404,-0.0916,-0.115,0.347
738353.539379035,-0.1325,-0.0918,-0.1165,0.3408
738353.539381004,-0.124,-0.0921,-0.119,0.3351
738353.539383042,-0.1155,-0.0905,-0.1279,0.3339
738353.539385031,-0.1067,-0.0912,-0.1468,0.3447
738353.539387024,-0.0974,-0.0919,-0.1749,0.3642
738353.539389087,-0.0878,-0.0902,-0.2056,0.3836
738353.53939104,-0.0781,-0.0909,-0.2319,0.4009
738353.539393031,-0.0683,-0.0892,-0.2516,0.4091
738353.539394998,-0.0593,-0.0904,-0.2666,0.4163
738353.539396983,-0.0495,-0.0887,-0.281,0.4192
738353.539398832,-0.0405,-0.0898,-0.2976,0.4279
738353.539400809,-0.0318,-0.0886,-0.315,0.4354
738353.539402789,-0.0225,-0.0893,-0.3321,0.4439
738353.539404854,-0.0137,-0.0876,-0.3483,0.4496
738353.539406866,-0.0049,-0.0883,-0.3622,0.4554
738353.539408876,0.0036,-0.0866,-0.374,0.4642
738353.53941087,0.0116,-0.0878,-0.3845,0.4839
738353.539412846,0.0197,-0.0885,-0.3989,0.5071
738353.539414824,0.0268,-0.0872,-0.4186,0.5326
738353.539416838,0.0345,-0.0855,-0.4393,0.5593
738353.539418783,0.0419,-0.0862,-0.4554,0.5835
738353.539420685,0.0482,-0.085,-0.4672,0.6004
738353.539422672,0.0542,-0.0861,-0.4794,0.6197
738353.53942485,0.0604,-0.084,-0.4963,0.6407
738353.539427074,0.0665,-0.0843,-0.5149,0.6657
738353.539429203,0.0721,-0.0845,-0.5327,0.6893
738353.539431324,0.0765,-0.0828,-0.5457,0.705
738353.539433435,0.0811,-0.0831,-0.5517,0.7159
738353.539435564,0.0847,-0.0814,-0.5492,0.7153
738353.539437482,0.0879,-0.0825,-0.5427,0.7131
738353.539439545,0.0909,-0.0808,-0.5363,0.708
738353.539441567,0.0939,-0.0815,-0.5316,0.707
738353.539443519,0.0962,-0.0802,-0.5255,0.7019
738353.539445472,0.0986,-0.0789,-0.515,0.6925
738353.539447465,0.1015,-0.0797,-0.4999,0.6811
738353.539449423,0.1034,-0.0784,-0.484,0.6658
738353.53945141,0.106,-0.0766,-0.4728,0.6554
738353.539453494,0.1084,-0.0774,-0.4694,0.6552
738353.539455626,0.1105,-0.0756,-0.473,0.6591
738353.539457653,0.1131,-0.0763,-0.4788,0.6682
738353.539459708,0.1155,-0.0746,-0.4841,0.6742
738353.539461781,0.1179,-0.0753,-0.4872,0.6804
738353.539463896,0.1197,-0.074,-0.4885,0.6822
738353.539466069,0.1224,-0.0738,-0.4898,0.686
738353.539468162,0.1246,-0.0721,-0.493,0.6897
738353.539470172,0.1266,-0.0703,-0.4978,0.6947
738353.539472156,0.1289,-0.071,-0.4999,0.6998
738353.539474093,0.1305,-0.0697,-0.4969,0.6971
738353.539476129,0.1316,-0.0684,-0.4884,0.6884
738353.539478165,0.1331,-0.0666,-0.478,0.6777
738353.539480306,0.1344,-0.0673,-0.4714,0.6731
738353.539482481,0.1354,-0.0651,-0.4742,0.6747
738353.539484728,0.1361,-0.0649,-0.4895,0.6905
738353.539486821,0.1369,-0.0627,-0.5084,0.708
738353.53948899,0.1359,-0.0609,-0.5267,0.7235
738353.539491203,0.1355,-0.0616,-0.54,0.7371
738353.539493343,0.1344,-0.061,-0.5538,0.7492
738353.539495355,0.1334,-0.0592,-0.5656,0.7582
738353.539497443,0.1313,-0.0574,-0.577,0.7657
738353.539499481,0.129,-0.0556,-0.5834,0.768
738353.539501467,0.1259,-0.0568,-0.5817,0.7644
738353.539503485,0.1234,-0.055,-0.5726,0.751
738353.539505571,0.1201,-0.0532,-0.5599,0.7332
738353.539507567,0.1163,-0.0518,-0.5496,0.7177
738353.539509537,0.1127,-0.0525,-0.5429,0.7081
738353.539511511,0.1083,-0.0511,-0.5384,0.6978
738353.539513551,0.1044,-0.0493,-0.5324,0.6861
738353.539515608,0.0994,-0.05,-0.5221,0.6715
738353.539517702,0.0938,-0.0482,-0.5079,0.6499
738353.539519733,0.0887,-0.0489,-0.4952,0.6328
738353.539521767,0.0837,-0.0471,-0.4874,0.6182
738353.539523758,0.0786,-0.0453,-0.4837,0.6076
738353.539525801,0.0729,-0.046,-0.4806,0.5995
738353.539527767,0.067,-0.0446,-0.4751,0.5867
738353.5395297,0.0625,-0.0453,-0.4697,0.5775
738353.539531717,0.0565,-0.0439,-0.4683,0.5687
738353.539533704,0.0512,-0.0421,-0.4729,0.5662
738353.539535634,0.0455,-0.0433,-0.4795,0.5683
738353.539537607,0.0405,-0.0414,-0.4825,0.5644
738353.539539623,0.0342,-0.0426,-0.479,0.5558
738353.539541592,0.0287,-0.0407,-0.471,0.5404
738353.539543739,0.0223,-0.0389,-0.4615,0.5227
738353.539545867,0.0167,-0.0391,-0.451,0.5068
738353.539548039,0.0103,-0.0393,-0.4361,0.4857
738353.539550121,0.0049,-0.037,-0.4169,0.4588
738353.539552203,-0.0005,-0.0377,-0.3966,0.4348
738353.53955434,-0.0058,-0.038,-0.378,0.4218
738353.539556502,-0.0105,-0.0382,-0.365,0.4137
738353.539558577,-0.0155,-0.0363,-0.3588,0.4106
738353.539560588,-0.0197,-0.037,-0.3583,0.415
738353.539562527,-0.0242,-0.0356,-0.3612,0.421
738353.539564493,-0.0275,-0.0363,-0.3647,0.4285
738353.539566447,-0.0309,-0.0345,-0.3661,0.4315
738353.539568527,-0.0351,-0.0356,-0.3651,0.4358
738353.539570631,-0.0384,-0.0359,-0.3635,0.4378
738353.539572764,-0.0417,-0.0361,-0.3629,0.4407
738353.539574931,-0.0451,-0.0337,-0.3615,0.4403
738353.539577143,-0.0489,-0.034,-0.3553,0.4382
738353.539579302,-0.0528,-0.0342,-0.3433,0.4303
738353.539581422,-0.0562,-0.0345,-0.3303,0.421
738353.539583636,-0.0605,-0.0347,-0.3198,0.415
738353.539585746,-0.0639,-0.0345,-0.3118,0.4102
738353.539587741,-0.068,-0.033,-0.304,0.405
738353.539589887,-0.0715,-0.0333,-0.2934,0.3982
738353.539591992,-0.0746,-0.0335,-0.2804,0.3885
738353.539594083,-0.0773,-0.0337,-0.2663,0.3773
738353.539596138,-0.0801,-0.0344,-0.2537,0.3682
738353.539598301,-0.0827,-0.0347,-0.2445,0.3619
738353.539600373,-0.0855,-0.0328,-0.2419,0.3602
738353.53960251,-0.0874,-0.033,-0.2436,0.364
738353.539604651,-0.0895,-0.0332,-0.2454,0.3681
738353.539606865,-0.0917,-0.0335,-0.2478,0.373
738353.539609003,-0.0932,-0.0337,-0.2543,0.3812
738353.539611192,-0.0947,-0.034,-0.2647,0.3934
738353.539613223,-0.0953,-0.0342,-0.2715,0.401
738353.539615217,-0.096,-0.0349,-0.2707,0.4016
738353.539617126,-0.0967,-0.0335,-0.2642,0.3944
738353.539619159,-0.0966,-0.0342,-0.2569,0.3877
738353.539621318,-0.0963,-0.0344,-0.2537,0.3844
738353.539623607,-0.0957,-0.0342,-0.2557,0.3856
738353.539625623,-0.0952,-0.0322,-0.259,0.3864
738353.539627692,-0.0941,-0.033,-0.2616,0.3887
738353.539629782,-0.0923,-0.0332,-0.2646,0.3901
738353.539631834,-0.0912,-0.0313,-0.2697,0.3922
738353.53963382,-0.0892,-0.032,-0.2765,0.3977
738353.539635801,-0.0872,-0.03,-0.2836,0.4008
738353.539637792,-0.0859,-0.0312,-0.2886,0.4057
738353.539639757,-0.0835,-0.0293,-0.2907,0.4035
738353.539641771,-0.0813,-0.0273,-0.2925,0.4011
738353.539643751,-0.0792,-0.028,-0.2955,0.4027
738353.539645706,-0.0779,-0.0266,-0.299,0.4035
738353.539647674,-0.0756,-0.0246,-0.3028,0.403
738353.53964963,-0.074,-0.0258,-0.3065,0.4063
738353.539651639,-0.072,-0.0238,-0.3104,0.4062
738353.539653616,-0.0698,-0.0218,-0.3141,0.4057
738353.53965564,-0.0681,-0.0198,-0.3179,0.4058
738353.539657664,-0.0663,-0.0206,-0.3215,0.4084
738353.53965964,-0.0654,-0.0191,-0.325,0.4095
738353.539661803,-0.0637,-0.0166,-0.3286,0.4089
738353.539664004,-0.062,-0.0168,-0.3321,0.4109
738353.539666077,-0.0603,-0.0143,-0.3353,0.4099
738353.539668083,-0.0589,-0.0123,-0.3382,0.4094
738353.539670087,-0.0573,-0.013,-0.3409,0.4112
738353.539672167,-0.0563,-0.011,-0.3436,0.4109
738353.539674391,-0.0558,-0.0085,-0.3464,0.4107
738353.539676535,-0.0545,-0.0087,-0.3489,0.4121
738353.539678532,-0.0533,-0.0066,-0.3511,0.411
738353.539680814,-0.0525,-0.0064,-0.3534,0.4123
738353.539683021,-0.0523,-0.0038,-0.3554,0.4115
738353.539685264,-0.0515,-0.0035,-0.3573,0.4123
738353.539687474,-0.0516,-0.001,-0.359,0.4116
738353.53968958,-0.0511,-0.0012,-0.3604,0.4127
738353.539691884,-0.0518,-0.0014,-0.3616,0.4148
738353.539694268,-0.0513,-0.0022,-0.3625,0.416
738353.53969658,-0.0522,-0.0025,-0.3631,0.4178
738353.539698716,-0.0528,-0.0051,-0.3634,0.4213
738353.539700953,-0.0537,-0.0049,-0.3633,0.4219
738353.539703103,-0.0539,-0.0079,-0.363,0.4248
738353.539705113,-0.0547,-0.0072,-0.3625,0.4244
738353.539707227,-0.0561,-0.0093,-0.3618,0.4272
738353.539709353,-0.0572,-0.0091,-0.3608,0.4271
738353.539711532,-0.0586,-0.0117,-0.3596,0.4299
738353.539713682,-0.0602,-0.0115,-0.3583,0.43
738353.539715813,-0.062,-0.0141,-0.3568,0.4329
738353.539717917,-0.064,-0.0134,-0.3553,0.4327
738353.539720069,-0.0661,-0.0132,-0.3535,0.4328
738353.539722068,-0.0682,-0.0153,-0.3518,0.4353
738353.539724117,-0.0703,-0.0146,-0.35,0.4349
738353.539726257,-0.0726,-0.0172,-0.3479,0.4377
738353.539728381,-0.0754,-0.0165,-0.3459,0.4378
738353.539730505,-0.0776,-0.0164,-0.3438,0.4378
738353.539732638,-0.0796,-0.0162,-0.3418,0.4376
738353.53973482,-0.082,-0.0188,-0.3398,0.4406
738353.539736927,-0.0837,-0.0186,-0.3381,0.4404
738353.539739138,-0.0853,-0.0184,-0.3365,0.4402
738353.539741375,-0.0869,-0.0188,-0.335,0.4407
738353.539743612,-0.0889,-0.0186,-0.3338,0.4413
738353.539745759,-0.09,-0.0184,-0.3328,0.4412
738353.539747834,-0.091,-0.0211,-0.3321,0.4442
738353.539749822,-0.0925,-0.0198,-0.3315,0.4438
738353.539751795,-0.0932,-0.0191,-0.3311,0.4434
738353.539753817,-0.0947,-0.0207,-0.3308,0.4462
738353.539755964,-0.0956,-0.0205,-0.3305,0.4466
738353.539758351,-0.0965,-0.0219,-0.3303,0.4487
738353.539760449,-0.0978,-0.0212,-0.3302,0.4492
738353.539762649,-0.0981,-0.0216,-0.3301,0.4498
738353.539764753,-0.0997,-0.0209,-0.3301,0.4507
738353.539766951,-0.1006,-0.0241,-0.3301,0.4548
738353.539769112,-0.1017,-0.0239,-0.3302,0.4558
738353.539771274,-0.1027,-0.0237,-0.3302,0.4566
738353.539773282,-0.1037,-0.023,-0.3303,0.457
738353.539775273,-0.1043,-0.0252,-0.3304,0.4599
738353.539777239,-0.1059,-0.0239,-0.3304,0.4602
738353.53977931,-0.1063,-0.0267,-0.3305,0.4635
738353.539781354,-0.1075,-0.0259,-0.3306,0.464
738353.539783397,-0.1088,-0.0281,-0.3307,0.4676
738353.539785409,-0.1095,-0.0274,-0.3308,0.4677
738353.53978743,-0.1106,-0.0296,-0.3309,0.4711
738353.539789395,-0.1112,-0.0318,-0.331,0.474
738353.539791313,-0.1125,-0.0306,-0.3311,0.4742
738353.539793379,-0.1133,-0.0328,-0.3311,0.4772
738353.539795477,-0.1153,-0.035,-0.3312,0.4815
738353.539797422,-0.1158,-0.0343,-0.3312,0.4813
738353.539799439,-0.1166,-0.0365,-0.3313,0.4844
738353.539801484,-0.1182,-0.0387,-0.3313,0.4882
738353.539803566,-0.1188,-0.0415,-0.3313,0.4916
738353.539805561,-0.1207,-0.0432,-0.3312,0.4951
738353.539807575,-0.1216,0.0425,-0.3312,0.4953
738353.539809564,-0.1226,0.0448,-0.3311,0.4985
738353.539811538,-0.1235,0.047,-0.331,0.5015
738353.539813452,-0.1247,0.0487,-0.3308,0.5042
738353.539815463,-0.1259,0.0539,-0.3306,0.5104
738353.539817606,-0.127,0.0562,-0.3303,0.5135
738353.539819682,-0.1279,0.0566,-0.33,0.5145
738353.539821787,-0.13,0.0589,-0.3296,0.5185
738353.539823808,-0.1313,0.0641,-0.3291,0.5245
738353.539825758,-0.1321,0.0664,-0.3286,0.5271
738353.539827808,-0.134,0.0687,-0.328,0.5307
738353.539829851,-0.1358,0.071,-0.3272,0.534
738353.539831824,-0.1374,0.0733,-0.3262,0.5369
738353.539833786,-0.1389,0.0757,-0.3252,0.5398
738353.539835845,-0.1411,0.078,-0.3239,0.543
738353.539838036,-0.1441,0.0809,-0.3223,0.5473
738353.53984025,-0.147,0.0837,-0.3205,0.5512
738353.539842434,-0.1495,0.0872,-0.3186,0.5553
738353.53984471,-0.1522,0.0907,-0.3165,0.5594
738353.53984684,-0.1552,0.0936,-0.3145,0.5633
738353.539848951,-0.158,0.0965,-0.3124,0.5669
738353.539851016,-0.1611,0.0989,-0.3104,0.5704
738353.539852993,-0.1638,0.1012,-0.3085,0.5735
738353.539855071,-0.1666,0.1042,-0.3064,0.5772
738353.539857158,-0.1685,0.1071,-0.3044,0.58
738353.539859353,-0.1714,0.1101,-0.3024,0.5839
738353.539861424,-0.1749,0.1125,-0.3004,0.5878
738353.539863382,-0.177,0.1149,-0.2986,0.5905
738353.5398654,-0.179,0.1173,-0.2969,0.5932
738353.53986741,-0.1817,0.1227,-0.2953,0.5997
738353.539869406,-0.1833,0.1252,-0.294,0.6025
738353.539871386,-0.1848,0.1276,-0.2928,0.6052
738353.539873389,-0.186,0.13,-0.2919,0.6079
738353.539875353,-0.1877,0.1319,-0.2912,0.6108
738353.539877338,-0.1884,0.1343,-0.2908,0.6135
738353.539879346,-0.189,0.1368,-0.2906,0.6164
738353.539881428,-0.1886,0.1398,-0.2908,0.6192
738353.5398835,-0.1891,0.1423,-0.2912,0.6226
738353.539885599,-0.1894,0.1448,-0.2918,0.626
738353.539887743,-0.1881,0.1453,-0.2928,0.6262
738353.539889758,-0.1877,0.1478,-0.2941,0.6296
738353.53989177,-0.1865,0.1503,-0.2955,0.6323
738353.539893744,-0.1853,0.1528,-0.2973,0.6354
738353.539895738,-0.1844,0.1547,-0.2993,0.6384
738353.539897795,-0.1816,0.1578,-0.3018,0.6412
738353.539899901,-0.1799,0.1603,-0.3049,0.6451
738353.539901952,-0.1772,0.1628,-0.3082,0.6482
738353.539904009,-0.173,0.1628,-0.3121,0.6479
738353.539905969,-0.1701,0.1648,-0.3161,0.651
738353.539907887,-0.1657,0.1673,-0.3205,0.6535
738353.539909909,-0.1622,0.1692,-0.3253,0.6567
738353.539911904,-0.1574,0.1718,-0.3305,0.6597
738353.539913894,-0.1522,0.1712,-0.336,0.6594
738353.539915902,-0.1468,0.1738,-0.3418,0.6624
738353.539917867,-0.1422,0.1757,-0.3478,0.6657
738353.539919827,-0.1362,0.1783,-0.3539,0.6684
738353.539921799,-0.1312,0.1771,-0.3601,0.6684
738353.539923786,-0.1251,0.1797,-0.3665,0.6713
738353.53992577,-0.1192,0.1791,-0.3731,0.6714
738353.53992775,-0.1141,0.1811,-0.3797,0.6749
738353.539929697,-0.1076,0.1805,-0.386,0.6741
738353.539931705,-0.1027,0.1825,-0.3924,0.6776
738353.539933592,-0.0976,0.1814,-0.3986,0.6776
738353.539935677,-0.0921,0.184,-0.4048,0.6809
738353.539937789,-0.0873,0.1834,-0.4113,0.682
738353.539939962,-0.0806,0.184,-0.4179,0.6825
738353.53994199,-0.0759,0.1828,-0.4238,0.6825
738353.539944071,-0.0703,0.1822,-0.4298,0.6823
738353.5399461,-0.0645,0.1817,-0.4356,0.6818
738353.539948124,-0.0588,0.1811,-0.4411,0.681
738353.539950164,-0.0529,0.1805,-0.4464,0.6798
738353.53995215,-0.0472,0.1799,-0.4514,0.6785
738353.539954131,-0.0427,0.1787,-0.456,0.6774
738353.539956084,-0.0384,0.1775,-0.4603,0.6762
738353.539958102,-0.0333,0.1769,-0.4643,0.6745
738353.53996014,-0.029,0.1763,-0.4681,0.6734
738353.539962195,-0.0249,0.1757,-0.4715,0.6721
738353.539964246,-0.0213,0.1752,-0.4746,0.6711
738353.53996628,-0.019,0.1739,-0.4772,0.6701
738353.53996828,-0.0158,0.1733,-0.4795,0.6686
738353.539970256,-0.0139,0.1721,-0.4813,0.6673
738353.539972282,-0.0114,0.1715,-0.4829,0.6658
738353.539974418,-0.0092,0.1709,-0.4841,0.6642
738353.539976564,-0.0076,0.1677,-0.4851,0.6604
738353.539978688,-0.0068,0.1671,-0.4857,0.6596
738353.539980701,-0.0052,0.1665,-0.486,0.6577
738353.539982651,-0.0047,0.1652,-0.4861,0.656
738353.539984667,-0.0034,0.1646,-0.4859,0.6539
738353.539986735,-0.0031,0.1607,-0.4856,0.6494
738353.53998884,-0.0025,0.1601,-0.4853,0.6479
738353.539990996,-0.0017,0.1601,-0.485,0.6468
738353.539993166,-0.0006,0.1568,-0.4848,0.6422
738353.539995446,-0.0003,0.1568,-0.4848,0.6419
738353.539997733,0.0007,0.1541,-0.485,0.6398
738353.540000006,0.0007,0.1541,-0.4853,0.6401
738353.540002209,0.0014,0.1514,-0.4855,0.6383
738353.540004376,0.0002,0.1507,-0.4854,0.6363
738353.540006489,-0.0016,0.1501,-0.4851,0.6368
738353.540008682,-0.0034,0.1467,-0.4844,0.6345
738353.540011025,-0.0061,0.1473,-0.4833,0.6367
738353.540013296,-0.0088,0.1446,-0.4816,0.635
738353.540015373,-0.0128,0.1439,-0.4797,0.6364
738353.540017411,-0.0169,0.1433,-0.4774,0.6376
738353.540019448,-0.0208,0.1393,-0.4749,0.635
738353.540021474,-0.0257,0.1386,-0.4719,0.6362
738353.540024228,-0.0341,0.1371,-0.4672,0.6384
738353.540026291,-0.0396,0.1371,-0.4632,0.6399
738353.540028681,-0.0476,0.1343,-0.4581,0.64
738353.540030753,-0.0544,0.1336,-0.4532,0.6412
738353.540033167,-0.0625,0.1314,-0.4469,0.6408
738353.540035126,-0.0688,0.1308,-0.4415,0.6411
738353.540037204,-0.0772,0.1261,-0.4356,0.6389
738353.540039616,-0.0855,0.1273,-0.4283,0.6411
738353.54004188,-0.0935,0.1245,-0.4212,0.6392
738353.540044212,-0.1023,0.1216,-0.4136,0.6375
738353.540046548,-0.1114,0.1222,-0.406,0.6396
738353.54004854,-0.1196,0.1209,-0.3994,0.6399
738353.540050939,-0.1279,0.1187,-0.3915,0.6381
738353.540053312,-0.1381,0.1158,-0.3836,0.6375
738353.540055429,-0.1453,0.1158,-0.3768,0.6379
738353.540057454,-0.1532,0.115,-0.3702,0.6384
738353.54005944,-0.1601,0.1143,-0.3639,0.6383
738353.540061781,-0.1687,0.1115,-0.3568,0.637
738353.540064113,-0.1771,0.1086,-0.35,0.6357
738353.540066448,-0.1844,0.1091,-0.3436,0.6371
738353.540068779,-0.1919,0.1063,-0.3375,0.6357
738353.540070729,-0.1974,0.1055,-0.3326,0.6355
738353.540073134,-0.2042,0.1061,-0.3272,0.6375
738353.540075455,-0.2096,0.1038,-0.3222,0.6356
738353.540077454,-0.2154,0.1059,-0.3184,0.6397
738353.54007988,-0.2207,0.1037,-0.3142,0.6386
738353.540082221,-0.2259,0.1049,-0.3105,0.6413
738353.540084319,-0.2312,0.1006,-0.3076,0.6394
738353.540086396,-0.235,0.1005,-0.3051,0.6406
738353.540088488,-0.2388,0.0998,-0.303,0.6416
738353.540090534,-0.2414,0.0997,-0.3013,0.6424
738353.540092733,-0.2445,0.0996,-0.2999,0.644
738353.540094907,-0.2475,0.0995,-0.2988,0.6458
738353.540097034,-0.2505,0.0988,-0.2983,0.6476
738353.540099108,-0.2514,0.0987,-0.2982,0.6483
738353.540101286,-0.2527,0.0986,-0.2985,0.6498
738353.540103418,-0.2537,0.0978,-0.2994,0.6509
738353.540105466,-0.2526,0.0977,-0.3009,0.6512
738353.540107858,-0.2505,0.0954,-0.3034,0.6493
738353.540110139,-0.248,0.096,-0.3067,0.6507
738353.540112479,-0.2441,0.093,-0.3108,0.6479
738353.540114754,-0.2402,0.0929,-0.3156,0.6487
738353.540117149,-0.2341,0.0905,-0.3216,0.6462
738353.540119312,-0.2268,0.0911,-0.3276,0.6455
738353.540121424,-0.2209,0.0903,-0.3338,0.645
738353.540123544,-0.213,0.0902,-0.3401,0.6433
738353.540125587,-0.2058,0.0858,-0.3467,0.6383
738353.540127648,-0.198,0.0851,-0.3532,0.6363
738353.540129693,-0.1905,0.0843,-0.3601,0.6349
738353.540132171,-0.1807,0.0819,-0.3682,0.6308
738353.540134302,-0.1716,0.0818,-0.3752,0.6286
738353.540136386,-0.1638,0.081,-0.3824,0.6272
738353.540138682,-0.154,0.0779,-0.39,0.6219
738353.540141057,-0.1446,0.0784,-0.3978,0.6208
738353.540143334,-0.1348,0.0754,-0.4053,0.6155
738353.540145669,-0.125,0.0759,-0.4127,0.6136
738353.540147983,-0.1152,0.0728,-0.4202,0.6082
738353.540150346,-0.1053,0.0697,-0.4277,0.6027
738353.540152351,-0.0962,0.0689,-0.4342,0.5993
738353.54015443,-0.0873,0.068,-0.4411,0.5964
738353.540156468,-0.0776,0.0635,-0.4478,0.5889
738353.540158542,-0.0683,0.0627,-0.4549,0.5859
738353.540160586,-0.0582,0.0619,-0.4618,0.5819
738353.540162605,-0.0477,0.0574,-0.4688,0.5739
738353.540164934,-0.0359,0.0579,-0.4769,0.5707
738353.540166914,-0.0259,0.0527,-0.4839,0.5625
738353.54016923,-0.0135,0.0532,-0.4923,0.559
738353.540171678,-0.001,0.05,-0.5011,0.5521
738353.5401738,0.0104,0.0454,-0.509,0.5648
738353.540175836,0.022,0.0445,-0.5167,0.5832
738353.540178192,0.0357,0.0413,-0.5253,0.6023
738353.540180205,0.0464,0.0397,-0.533,0.6191
738353.540182205,0.0589,0.0389,-0.5405,0.6383
738353.540184529,0.073,0.0356,-0.5491,0.6577
738353.540186873,0.0858,0.0317,-0.5578,0.6753
738353.540188844,0.0974,0.0301,-0.565,0.6925
738353.540191218,0.1115,0.0306,-0.5736,0.7157
738353.54019351,0.1261,0.0273,-0.582,0.7354
738353.540195858,0.1406,0.024,-0.5903,0.7549
738353.540198232,0.1534,0.0238,-0.5985,0.7757
738353.540200527,0.1679,0.0205,-0.6066,0.795
738353.540202562,0.1809,-0.0196,-0.6137,0.8142
738353.540204913,0.1944,-0.0155,-0.6218,0.8317
738353.540207241,0.2095,-0.016,-0.6299,0.8554
738353.540209555,0.2232,-0.012,-0.6377,0.8729
738353.540211716,0.2355,-0.011,-0.6447,0.8912
738353.540213784,0.247,-0.0101,-0.6511,0.9082
738353.540216093,0.259,-0.0067,-0.6576,0.9233
738353.540218072,0.2671,-0.0051,-0.6624,0.9346
738353.540220397,0.2762,-0.0017,-0.6672,0.9451
738353.540222713,0.2823,-0.0014,-0.6708,0.9545
738353.540224739,0.287,-0.0005,-0.673,0.9605
738353.540227034,0.29,-0.0036,-0.6744,0.968
738353.540229399,0.2916,-0.0032,-0.6746,0.9694
738353.540231684,0.2913,-0.0073,-0.6736,0.9722
738353.540233894,0.2899,-0.0076,-0.6716,0.9691
738353.540236234,0.2853,-0.0118,-0.6682,0.9653
738353.540238594,0.2808,-0.0113,-0.6638,0.9559
738353.540240933,0.2736,-0.0148,-0.6581,0.9465
738353.540243148,0.2659,-0.019,-0.6517,0.9366
738353.540245557,0.2564,-0.0185,-0.6441,0.919
738353.540247892,0.2454,-0.0228,-0.636,0.9042
738353.540249891,0.2365,-0.0238,-0.6283,0.8886
738353.540251991,0.2255,-0.0248,-0.6197,0.87
738353.540253976,0.2142,-0.0265,-0.6113,0.852
738353.540256387,0.201,-0.0301,-0.6009,0.832
738353.540258445,0.1894,-0.0311,-0.5915,0.812
738353.540260547,0.1776,-0.0361,-0.582,0.7957
738353.540262805,0.1642,-0.0364,-0.5715,0.7721
738353.540264848,0.1514,-0.0375,-0.5616,0.7505
738353.540267338,0.1373,-0.0403,-0.5501,0.7277
738353.540269356,0.1254,-0.0414,-0.5405,0.7073
738353.540271658,0.1114,-0.0457,-0.5299,0.687
738353.540274113,0.0974,-0.0446,-0.5187,0.6607
738353.540276133,0.0865,-0.0456,-0.5097,0.6418
738353.540278179,0.0738,-0.0514,-0.5007,0.6259
738353.540280535,0.0606,-0.0503,-0.4901,0.601
738353.540282557,0.0479,-0.0521,-0.4813,0.5813
738353.540284596,0.0354,-0.0532,-0.4722,0.5608
738353.54028673,0.0235,-0.0536,-0.463,0.5401
738353.540289131,0.0076,-0.0573,-0.4525,0.5174
738353.540291175,-0.0046,-0.0583,-0.4438,0.5067
738353.540293983,-0.0184,-0.062,-0.4342,0.5146
738353.540296007,-0.0326,-0.0635,-0.4236,0.5197
738353.540298378,-0.0456,-0.0631,-0.4148,0.5235
738353.540300705,-0.0571,-0.0669,-0.4067,0.5307
738353.540303006,-0.0664,-0.0665,-0.3997,0.5326
738353.540305313,-0.0748,-0.0702,-0.3933,0.5383
738353.540307674,-0.0825,-0.0699,-0.3878,0.5402
738353.540310001,-0.0895,-0.0736,-0.3829,0.546
738353.540312223,-0.0952,-0.074,-0.3792,0.5484
738353.540314549,-0.0997,-0.0737,-0.3758,0.5492
738353.540316888,-0.1023,-0.0767,-0.373,0.552
738353.540319287,-0.106,-0.0764,-0.3708,0.5532
738353.540321606,-0.1081,-0.0802,-0.369,0.5573
738353.540323945,-0.1101,-0.0798,-0.3678,0.5577
738353.540325978,-0.1102,-0.081,-0.3672,0.5584
738353.540328145,-0.1099,-0.0856,-0.3669,0.5624
738353.540330282,-0.1107,-0.0867,-0.367,0.5644
738353.540332306,-0.1102,-0.0879,-0.3674,0.5655
738353.540334715,-0.1081,-0.091,-0.3682,0.5673
738353.540337147,-0.1057,-0.0907,-0.3694,0.5658
738353.540339202,-0.1039,-0.0911,-0.371,0.566
738353.540341321,-0.1005,-0.0923,-0.3728,0.5656
738353.540343673,-0.0958,-0.0954,-0.3754,0.5666
738353.540345711,-0.091,-0.0924,-0.3779,0.5613
738353.540348077,-0.0853,-0.0963,-0.3812,0.5628
738353.540350129,-0.0798,-0.0933,-0.3846,0.5577
738353.540352462,-0.0725,-0.0972,-0.3888,0.5585
738353.540354491,-0.0649,-0.0942,-0.3927,0.5518
738353.54035687,-0.0551,-0.0931,-0.3978,0.546
738353.540359171,-0.0453,-0.0927,-0.4032,0.5412
738353.540361471,-0.0368,-0.0932,-0.4087,0.5387
738353.540363825,-0.0269,-0.0928,-0.4146,0.5343
738353.540365855,-0.018,-0.0897,-0.4196,0.5273
738353.540367969,-0.0099,-0.091,-0.4249,0.5258
738353.540370259,-0.0005,-0.0863,-0.4305,0.5173
738353.540372445,0.008,-0.0867,-0.4356,0.5303
738353.540374641,0.0156,-0.0828,-0.4406,0.539
738353.540376769,0.0238,-0.0832,-0.4453,0.5523
738353.540378843,0.0301,-0.0801,-0.4496,0.5598
738353.540380944,0.0362,-0.077,-0.4535,0.5667
738353.540382922,0.0416,-0.0782,-0.457,0.5768
738353.540384892,0.045,-0.0758,-0.4599,0.5807
738353.540387177,0.0492,-0.071,-0.4628,0.583
738353.540389558,0.051,-0.0707,-0.465,0.5867
738353.540391567,0.0527,-0.0675,-0.4663,0.5865
738353.540393921,0.0521,-0.0627,-0.467,0.5818
738353.54039623,0.0504,-0.0622,-0.467,0.5796
738353.540398227,0.0468,-0.0598,-0.4664,0.573
738353.540400184,0.0438,-0.0566,-0.4652,0.5656
738353.54040222,0.0385,-0.0542,-0.4635,0.5562
738353.540404543,0.0317,-0.0493,-0.4607,0.5417
738353.540406679,0.0258,-0.0452,-0.4576,0.5286
738353.540408779,0.0164,-0.0419,-0.4539,0.5122
738353.540410815,0.0071,-0.0431,-0.4497,0.4999
738353.540412874,-0.0034,-0.0398,-0.445,0.4882
738353.540414882,-0.0132,-0.0365,-0.44,0.4897
738353.540417262,-0.0265,-0.0315,-0.4337,0.4917
738353.540419262,-0.0378,-0.0282,-0.4279,0.4939
738353.540421628,-0.0514,-0.0277,-0.4211,0.5002
738353.540423722,-0.0625,-0.0235,-0.4148,0.5008
738353.540425821,-0.0768,-0.0201,-0.4082,0.5051
738353.540427896,-0.0907,-0.0167,-0.4016,0.509
738353.540430362,-0.1061,-0.0154,-0.3937,0.5152
738353.540432373,-0.1208,-0.012,-0.3868,0.5196
738353.540434785,-0.1367,-0.006,-0.3787,0.5214
738353.540437189,-0.1534,-0.0046,-0.3704,0.5284
738353.540439238,-0.1685,-0.0012,-0.3633,0.533
738353.540441284,-0.1834,-0.0023,-0.3562,0.5419
738353.540443685,-0.2002,-0.0037,-0.3478,0.5517
738353.540445747,-0.216,-0.0072,-0.3406,0.5638
738353.540447844,-0.2315,-0.0115,-0.3331,0.5761
738353.540450141,-0.2477,-0.0167,-0.3254,0.5898
738353.540452422,-0.2617,-0.0173,-0.3183,0.5973
738353.540454535,-0.2739,-0.0208,-0.3125,0.6072
738353.54045703,-0.2856,-0.027,-0.3065,0.6191
738353.540459163,-0.2947,-0.0314,-0.302,0.6281
738353.540461296,-0.3014,-0.0312,-0.2983,0.6309
738353.540463442,-0.3066,-0.0356,-0.2954,0.6376
738353.540465616,-0.3111,-0.0401,-0.2932,0.6444
738353.540467663,-0.3137,-0.0446,-0.2916,0.6499
738353.540469655,-0.3175,-0.0474,-0.2908,0.6557
738353.540471776,-0.319,-0.051,-0.2904,0.6604
738353.54047372,-0.3194,-0.0555,-0.2903,0.6652
738353.540475998,-0.3227,0.0554,-0.2905,0.6686
738353.54047804,-0.3234,0.0591,-0.2908,0.6733
738353.54048042,-0.3236,0.0654,-0.2914,0.6804
738353.540482801,-0.3244,0.067,-0.2922,0.6836
738353.540485209,-0.3255,0.0725,-0.2933,0.6913
738353.540487616,-0.3245,0.0741,-0.2946,0.6932
738353.540489621,-0.3247,0.0779,-0.2959,0.6985
738353.540491689,-0.323,0.0826,-0.2974,0.703
738353.540493972,-0.3223,0.0881,-0.2991,0.7095
738353.540496366,-0.32,0.0898,-0.3011,0.7109
738353.540498382,-0.3205,0.0927,-0.3028,0.716
738353.540500397,-0.3189,0.0966,-0.3046,0.7201
738353.54050271,-0.3177,0.0974,-0.3067,0.7218
738353.54050507,-0.315,0.104,-0.3088,0.7278
738353.540507461,-0.3149,0.1048,-0.311,0.7307
738353.540509799,-0.3127,0.1065,-0.3132,0.7324
738353.540512146,-0.3126,0.1123,-0.3152,0.7401
738353.540514242,-0.3128,0.1113,-0.3169,0.741
738353.540516312,-0.3132,0.1152,-0.3186,0.747
738353.540518301,-0.3131,0.1142,-0.3201,0.7474
738353.540520293,-0.313,0.1182,-0.3215,0.7527
738353.5405227,-0.3131,0.12,-0.323,0.7561
738353.540524833,-0.3149,0.124,-0.3243,0.7632
738353.540526994,-0.3159,0.1239,-0.3256,0.7654
738353.540529005,-0.317,0.1229,-0.3266,0.7665
738353.540531359,-0.3201,0.1238,-0.3278,0.7717
738353.540533663,-0.322,0.1247,-0.3287,0.7754
738353.540535676,-0.325,0.1287,-0.3293,0.783
738353.540538049,-0.3271,0.1306,-0.3298,0.7875
738353.540540072,-0.332,0.1287,-0.3301,0.7908
738353.540542101,-0.3352,0.1277,-0.3303,0.7932
738353.540544525,-0.3384,0.1296,-0.3304,0.7984
738353.540546946,-0.3426,0.1314,-0.3304,0.8044
738353.540549014,-0.3461,0.1304,-0.3305,0.807
738353.540551147,-0.3495,0.1355,-0.3305,0.8155
738353.540553284,-0.3552,0.1345,-0.3304,0.8201
738353.540555413,-0.3577,0.1345,-0.3304,0.8226
738353.540557495,-0.3622,0.1335,-0.3303,0.826
738353.540559495,-0.3663,0.1325,-0.3303,0.8291
738353.540562264,-0.3725,0.1364,-0.3301,0.839
738353.540564456,-0.3761,0.1373,-0.3299,0.8433
738353.540566646,-0.3815,0.1321,-0.3297,0.8433
738353.540568814,-0.3864,0.1321,-0.3295,0.848
738353.540570905,-0.3923,0.1311,-0.3294,0.8528
738353.540573017,-0.3952,0.1311,-0.3292,0.8555
738353.540575138,-0.4014,0.1301,-0.3291,0.8606
738353.540577246,-0.4045,0.1248,-0.329,0.8583
738353.540579342,-0.4091,0.1238,-0.329,0.8619
738353.540581481,-0.4141,0.1238,-0.329,0.8669
738353.5405836,-0.4192,0.1227,-0.3291,0.871
738353.540585781,-0.4226,0.1164,-0.3294,0.8684
738353.540588055,-0.4239,0.1174,-0.3303,0.8716
738353.540590197,-0.4224,0.112,-0.3317,0.8661
738353.54059233,-0.4189,0.112,-0.3338,0.8647
738353.540594501,-0.4137,0.1066,-0.3366,0.8569
738353.540596672,-0.4078,0.1055,-0.3401,0.8534
738353.540598867,-0.3961,0.1011,-0.3447,0.8419
738353.540600898,-0.3854,0.1,-0.3496,0.835
738353.54060309,-0.3738,0.0989,-0.3554,0.8281
738353.540605414,-0.3582,0.0944,-0.3622,0.8148
738353.540607595,-0.3443,0.0889,-0.369,0.8022
738353.540609811,-0.3315,0.0888,-0.3757,0.796
738353.540611936,-0.3193,0.0833,-0.3822,0.7848
738353.540614075,-0.3106,0.0821,-0.3882,0.7809
738353.540616266,-0.3007,0.0766,-0.394,0.7713
738353.5406183,-0.293,0.0754,-0.399,0.7674
738353.540620629,-0.286,0.0708,-0.4042,0.761
738353.54062288,-0.2817,0.0652,-0.4087,0.7556
738353.540625237,-0.2762,0.066,-0.4127,0.7549
738353.540627226,-0.2723,0.0593,-0.4159,0.7475
738353.540629509,-0.2714,0.0591,-0.4189,0.7494
738353.540631534,-0.2691,0.0524,-0.4213,0.7428
738353.54063364,-0.2693,0.0512,-0.4233,0.7438
738353.540635748,-0.2709,0.0499,-0.425,0.7458
738353.540637836,-0.2735,0.0431,-0.4262,0.7428
738353.540639904,-0.276,0.0419,-0.4271,0.745
738353.540642148,-0.2796,0.0416,-0.4277,0.7489
738353.540644381,-0.2861,0.0358,-0.4279,0.7498
738353.540646549,-0.2904,0.0355,-0.4277,0.7536
738353.540648608,-0.2975,0.0343,-0.4272,0.759
738353.540650703,-0.3051,0.0273,-0.4265,0.7589
738353.540652847,-0.3117,0.0271,-0.4255,0.7643
738353.540655018,-0.3219,0.0257,-0.4242,0.7718
738353.540657322,-0.3319,0.0208,-0.4226,0.7753
738353.540659589,-0.3395,0.0216,-0.421,0.7821
738353.540661705,-0.3493,0.0203,-0.4195,0.7891
738353.540663842,-0.358,0.02,-0.4179,0.7959
738353.540666117,-0.3673,-0.014,-0.4164,0.7977
738353.540668333,-0.3726,-0.0147,-0.4151,0.8024
738353.540670387,-0.3794,-0.0134,-0.414,0.8068
738353.540672502,-0.3863,-0.012,-0.4131,0.8114
738353.540674654,-0.3892,-0.0117,-0.4124,0.8133
738353.540676845,-0.3908,-0.0114,-0.4121,0.8143
738353.540679,-0.3931,-0.01,-0.4123,0.8154
738353.540681207,-0.39,-0.0097,-0.4131,0.8128
738353.540683427,-0.3876,-0.0093,-0.4145,0.8114
738353.540685458,-0.3818,-0.0079,-0.4163,0.806
738353.540687587,-0.3717,-0.0076,-0.4188,0.7981
738353.540689698,-0.3621,-0.0062,-0.4219,0.7902
738353.540691848,-0.3489,-0.0059,-0.4256,0.7804
738353.540694024,-0.3366,-0.0045,-0.4299,0.771
738353.540696154,-0.3224,-0.003,-0.4343,0.7597
738353.540698591,-0.3047,-0.0011,-0.4398,0.7456
738353.540700545,-0.2899,-0.0035,-0.4443,0.7377
738353.540702976,-0.2745,-0.0018,-0.4495,0.7258
738353.540704995,-0.2613,-0.0032,-0.4539,0.7184
738353.540707119,-0.2504,-0.0047,-0.4583,0.7134
738353.540709231,-0.2382,-0.005,-0.4623,0.7055
738353.540711319,-0.2305,-0.0005,-0.4658,0.6968
738353.540713426,-0.2258,-0.0019,-0.4688,0.6965
