time_dn,glideslope_error_deg,localizer_error_deg,airspeed_error_kts,total_error
738336.421837354,-0.104,0.0865,-0.2095,0.4
738336.421839251,-0.1038,0.086,-0.0868,0.2766
738336.421841234,-0.1042,0.0849,0.5004,0.6895
738336.421843306,-0.1047,0.084,0.749,0.9377
738336.421845253,-0.1054,0.0834,0.784,0.9728
738336.421847128,-0.1054,0.0834,0.784,0.9728
738336.421848969,-0.1054,0.0834,0.784,0.9728
738336.42185087,-0.1054,0.0834,0.784,0.9728
738336.421852705,-0.1054,0.0834,0.784,0.9728
738336.421854676,-0.1054,0.0834,0.784,0.9728
738336.421856545,-0.1054,0.0834,0.784,0.9728
738336.421858419,-0.1054,0.0834,0.784,0.9728
738336.421860247,-0.1054,0.0834,0.784,0.9728
738336.421862102,-0.1054,0.0834,0.784,0.9728
738336.421864022,-0.1054,0.0834,0.784,0.9728
738336.421865915,-0.1054,0.0834,0.784,0.9728
738336.42186782,-0.1054,0.0834,0.784,0.9728
738336.421869698,-0.1054,0.0834,0.784,0.9728
738336.421871665,-0.1054,0.0834,0.784,0.9728
738336.421873539,-0.1054,0.0834,0.784,0.9728
738336.42187552,-0.1058,0.0822,0.7603,0.9483
738336.421877347,-0.1065,0.0819,0.6725,0.8609
738336.421879137,-0.1073,0.0806,0.564,0.7519
738336.421881115,-0.1082,0.0795,0.4373,0.625
738336.421883154,-0.1094,0.0785,0.3135,0.5014
738336.421884968,-0.1105,0.0781,0.2174,0.406
738336.421887005,-0.1116,0.0763,0.1249,0.3128
738336.4218888,-0.1127,0.0759,0.0597,0.2483
738336.421890677,-0.1141,0.0746,0.0048,0.1935
738336.421892778,-0.1155,0.0737,-0.0441,0.2333
738336.421894673,-0.1168,0.0725,-0.0768,0.2661
738336.421896762,-0.1183,0.0707,-0.104,0.293
738336.421898887,-0.1197,0.0699,-0.1228,0.3124
738336.42190091,-0.1213,0.0679,-0.1352,0.3244
738336.421902732,-0.1228,0.0675,-0.1424,0.3327
738336.421904741,-0.1243,0.0655,-0.1472,0.337
738336.421906769,-0.1259,0.0645,-0.1493,0.3397
738336.421908551,-0.1272,0.0633,-0.1495,0.34
738336.421910574,-0.1288,0.0614,-0.1482,0.3384
738336.421912633,-0.1306,0.0603,-0.1458,0.3367
738336.421914647,-0.1323,0.0584,-0.1424,0.3331
738336.421916656,-0.134,0.0574,-0.1384,0.3298
738336.421918672,-0.1358,0.0554,-0.1339,0.3251
738336.421920667,-0.1375,0.0534,-0.129,0.3199
738336.421922683,-0.1393,0.0515,-0.1238,0.3146
738336.421924703,-0.1411,0.0495,-0.1185,0.3091
738336.421926748,-0.143,0.0476,-0.1129,0.3035
738336.42192879,-0.1448,0.0458,-0.1071,0.2977
738336.421930946,-0.1468,0.0429,-0.1013,0.291
738336.421932769,-0.1486,0.0407,-0.0958,0.2851
738336.421934798,-0.1506,0.0387,-0.0899,0.2792
738336.421936824,-0.1526,0.0358,-0.0838,0.2722
738336.421938823,-0.1546,0.0329,-0.0779,0.2654
738336.421940874,-0.1566,0.031,-0.0718,0.2594
738336.421943495,-0.159,0.0268,-0.0643,0.2501
738336.421945554,-0.1612,0.0239,-0.058,0.2431
738336.421947683,-0.1634,0.0203,-0.0515,0.2352
738336.421949892,-0.1656,0.0175,-0.0449,0.228
738336.421951875,-0.1677,0.0136,-0.0388,0.2201
738336.42195384,-0.1697,0.0107,-0.0328,0.2132
738336.421955812,-0.1719,0.0067,-0.0268,0.2054
738336.421957788,-0.1738,0.0038,-0.0209,0.1985
738336.421959839,-0.1759,0.0001,-0.0148,0.1908
738336.421961876,-0.1781,0.004,-0.0086,0.1907
738336.421964185,-0.1804,0.0086,-0.002,0.191
738336.421966159,-0.1824,0.0125,0.0039,0.1988
738336.421968123,-0.1844,0.0165,0.0096,0.2105
738336.421970329,-0.1867,-0.021,0.0162,0.2239
738336.421972112,-0.1886,-0.0243,0.0214,0.2343
738336.421973957,-0.1906,-0.0285,0.0266,0.2457
738336.421975984,-0.1925,-0.0334,0.0322,0.2581
738336.421978068,-0.1947,-0.0382,0.0379,0.2708
738336.421980034,-0.1964,-0.0421,0.0432,0.2817
738336.421982041,-0.1985,-0.0471,0.0484,0.294
738336.421984043,-0.2004,-0.052,0.0535,0.3059
738336.421986062,-0.2022,-0.057,0.0583,0.3175
738336.421987876,-0.2039,-0.0618,0.0632,0.3289
738336.421989951,-0.2057,-0.0667,0.0678,0.3402
738336.421992071,-0.2073,-0.0725,0.072,0.3518
738336.421994142,-0.2089,-0.0783,0.0759,0.3631
738336.421996183,-0.2101,-0.0832,0.0792,0.3725
738336.421998191,-0.2111,-0.089,0.082,0.3821
738336.422000181,-0.2122,-0.094,0.0842,0.3904
738336.422001999,-0.213,-0.0992,0.0857,0.3979
738336.422004168,-0.2136,-0.1051,0.0869,0.4056
738336.422006199,-0.2142,-0.1109,0.0876,0.4127
738336.422008045,-0.2146,-0.1171,0.0877,0.4194
738336.422009876,-0.2148,-0.1222,0.0875,0.4245
738336.422011949,-0.2152,-0.1282,0.0869,0.4303
738336.42201397,-0.2152,-0.134,0.0858,0.435
738336.42201616,-0.2152,-0.1408,0.0841,0.4401
738336.422018095,-0.215,-0.1459,0.0822,0.4431
738336.422019974,-0.2147,-0.1512,0.0799,0.4458
738336.422021835,-0.2142,-0.1572,0.0773,0.4487
738336.422023715,-0.2139,-0.1625,0.0744,0.4508
738336.422025731,-0.2132,-0.1683,0.071,0.4525
738336.422027687,-0.2127,-0.1744,0.0674,0.4545
738336.422029499,-0.2123,-0.1798,0.0639,0.456
738336.422031362,-0.2117,-0.1851,0.0601,0.4569
738336.422033385,-0.2109,-0.191,0.0558,0.4577
738336.42203543,-0.2102,-0.1971,0.0513,0.4586
738336.422037417,-0.2093,-0.203,0.0467,0.459
738336.422039469,-0.2086,-0.2091,0.0418,0.4595
738336.422041457,-0.2078,-0.2151,0.0371,0.46
738336.422043478,-0.207,-0.2212,0.032,0.4602
738336.422045444,-0.2061,-0.2273,0.0271,0.4605
738336.422047524,-0.2051,-0.2333,0.0217,0.4601
738336.422049513,-0.2041,-0.2394,0.0165,0.46
738336.422051563,-0.2032,-0.2455,0.0112,0.4599
738336.42205344,-0.2023,-0.2517,0.0062,0.4602
738336.422055523,-0.2013,-0.2577,0.0006,0.4596
738336.422057692,-0.2002,-0.2646,-0.0053,0.4701
738336.422059544,-0.1993,-0.2699,-0.0103,0.4795
738336.422061693,-0.1981,-0.2767,-0.0165,0.4913
738336.422063653,-0.1971,-0.283,-0.0217,0.5018
738336.422065586,-0.1961,-0.2891,-0.0272,0.5124
738336.422067558,-0.1949,-0.2953,-0.0325,0.5227
738336.422069507,-0.1941,-0.3016,-0.0379,0.5336
738336.422071474,-0.193,-0.3078,-0.0433,0.5441
738336.422073593,-0.1919,-0.3147,-0.0492,0.5558
738336.422075384,-0.1911,-0.3202,-0.0541,0.5654
738336.422077409,-0.19,-0.3274,-0.0595,0.5769
738336.42207948,-0.1888,-0.3334,-0.065,0.5872
738336.422081541,-0.1879,-0.3405,-0.0705,0.5989
738336.422083568,-0.1869,-0.3477,-0.0758,0.6104
738336.422085371,-0.1861,-0.3532,-0.0805,0.6198
738336.422087239,-0.1851,-0.3596,-0.0852,0.6299
738336.422089123,-0.1842,-0.3659,-0.0899,0.64
738336.422091193,-0.1832,-0.3729,-0.0952,0.6513
738336.422093316,-0.1823,-0.3801,-0.1002,0.6626
738336.422095315,-0.1814,-0.3873,-0.1051,0.6738
738336.422097392,-0.1806,-0.3945,-0.1099,0.685
738336.422099456,-0.1798,-0.4016,-0.1145,0.6959
738336.422101477,-0.179,-0.4088,-0.119,0.7068
738336.42210348,-0.1784,-0.4162,-0.1233,0.7179
738336.42210548,-0.1775,-0.4224,-0.1273,0.7272
738336.422107448,-0.1769,-0.4298,-0.1313,0.738
738336.42210942,-0.1764,-0.4372,-0.1351,0.7487
738336.422111397,-0.1757,-0.4444,-0.1389,0.759
738336.422113342,-0.1751,-0.4508,-0.1423,0.7682
738336.422115364,-0.1746,-0.459,-0.146,0.7796
738336.422117381,-0.1743,-0.4664,-0.1493,0.79
738336.422119438,-0.1738,-0.4746,-0.1525,0.8009
738336.4221215,-0.1734,-0.4819,-0.1556,0.8109
738336.422123581,-0.173,-0.4901,-0.1585,0.8216
738336.42212561,-0.1728,-0.4985,-0.1611,0.8324
738336.422127669,-0.1726,-0.5067,-0.1637,0.843
738336.422129504,-0.1725,-0.5133,-0.1657,0.8515
738336.422131509,-0.1721,-0.5216,-0.1678,0.8615
738336.422133595,-0.172,-0.5298,-0.1698,0.8716
738336.422135484,-0.1721,-0.5374,-0.1714,0.8809
738336.422137439,-0.172,-0.5459,-0.1729,0.8908
738336.422139373,-0.1721,-0.5533,-0.1743,0.8997
738336.422141398,-0.1722,-0.5618,-0.1755,0.9095
738336.422143335,-0.1725,-0.5704,-0.1765,0.9194
738336.422145214,-0.1726,-0.5778,-0.1773,0.9277
738336.422147128,-0.1729,-0.5855,-0.1779,0.9363
738336.422149118,-0.1731,-0.5939,-0.1784,0.9454
738336.422151024,-0.1734,-0.6024,-0.1787,0.9545
738336.42215287,-0.1737,-0.6101,-0.1789,0.9627
738336.422154698,-0.174,-0.6177,-0.1789,0.9706
738336.422156775,-0.1744,-0.627,-0.1788,0.9802
738336.422158856,-0.1749,-0.6355,-0.1786,0.989
738336.422160919,-0.1754,-0.6448,-0.1782,0.9984
738336.422162933,-0.1758,-0.6533,-0.1777,1.0068
738336.422164782,-0.1763,-0.661,-0.1771,1.0144
738336.422166787,-0.1768,-0.6695,-0.1763,1.0226
738336.422168847,-0.1776,-0.679,-0.1754,1.032
738336.422170857,-0.1782,-0.6876,-0.1744,1.0402
738336.422173043,-0.1789,-0.6969,-0.1733,1.0491
738336.422175342,-0.1796,-0.7061,-0.1719,1.0576
738336.422177235,-0.1804,-0.7147,-0.1706,1.0657
738336.42217935,-0.1812,-0.7241,-0.1691,1.0744
738336.422181295,-0.1818,-0.7326,-0.1676,1.082
738336.422183171,-0.1825,-0.7402,-0.1661,1.0888
738336.422185333,-0.1833,-0.7496,-0.1643,1.0972
738336.422187384,-0.1842,-0.7572,-0.1626,1.104
738336.422189449,-0.1851,-0.7666,-0.1606,1.1123
738336.422191631,-0.186,-0.7751,-0.1586,1.1197
738336.422193739,-0.187,-0.7845,-0.1564,1.1279
738336.422195749,-0.1878,-0.792,-0.1543,1.1341
738336.422197719,-0.1888,-0.8006,-0.1522,1.1416
738336.422199704,-0.1898,-0.8082,-0.15,1.148
738336.422201818,-0.1907,-0.8165,-0.1475,1.1547
738336.422203737,-0.1918,-0.8243,-0.1453,1.1614
738336.422205593,-0.1926,-0.831,-0.143,1.1666
738336.422207508,-0.1936,-0.8387,-0.1406,1.1729
738336.422209488,-0.1946,-0.8463,-0.1381,1.179
738336.422211379,-0.1957,-0.854,-0.1355,1.1852
738336.422213874,-0.1968,-0.8609,-0.133,1.1907
738336.422215949,-0.1983,-0.8713,-0.1289,1.1985
738336.422217806,-0.1993,-0.878,-0.1262,1.2035
738336.422219645,-0.2005,-0.8848,-0.1235,1.2088
738336.422221518,-0.2018,-0.8915,-0.1205,1.2138
738336.422223371,-0.2028,-0.8983,-0.1177,1.2188
738336.422225473,-0.2042,-0.9058,-0.1144,1.2244
738336.422227512,-0.2056,-0.9123,-0.1109,1.2288
738336.422229612,-0.2067,-0.9197,-0.1074,1.2338
738336.422231455,-0.2082,-0.9256,-0.1042,1.238
738336.422233342,-0.2092,-0.9312,-0.1009,1.2413
738336.422235171,-0.2107,-0.9371,-0.0976,1.2454
738336.422237073,-0.212,-0.9429,-0.0942,1.2491
738336.422238994,-0.2131,-0.9495,-0.0906,1.2532
738336.422240955,-0.2147,-0.9553,-0.0869,1.2569
738336.422242884,-0.2161,-0.9609,-0.0831,1.2601
738336.422244863,-0.2174,-0.9665,-0.0793,1.2632
738336.42224675,-0.2187,-0.9722,-0.0755,1.2664
738336.422248879,-0.2202,-0.9776,-0.0714,1.2692
738336.422250881,-0.2217,-0.9833,-0.0673,1.2723
738336.422252719,-0.2232,-0.9891,-0.0635,1.2758
738336.422254567,-0.2245,-0.9939,-0.0597,1.2781
738336.422256447,-0.2257,-0.9986,-0.0559,1.2802
738336.422258538,-0.2272,-1.0041,-0.0516,1.2829
738336.422260487,-0.2288,-1.0099,-0.0477,1.2864
738336.422262377,-0.23,-1.0146,-0.0439,1.2885
738336.422264302,-0.2314,-1.0193,-0.0399,1.2906
738336.422266123,-0.2328,-1.0241,-0.0362,1.2931
738336.422268015,-0.2339,-1.0288,-0.0324,1.2951
738336.422269888,-0.2353,-1.0326,-0.0287,1.2966
738336.422271839,-0.2366,-1.0373,-0.0249,1.2988
738336.422273787,-0.2381,-1.042,-0.021,1.3011
738336.422275748,-0.2395,-1.0467,-0.0172,1.3034
738336.422277691,-0.2405,-1.0513,-0.0136,1.3054
738336.422279756,-0.242,-1.056,-0.0098,1.3078
738336.422281729,-0.2432,-1.0596,-0.0061,1.3089
738336.422283705,-0.2445,-1.0643,-0.0026,1.3114
738336.422285563,-0.2456,-1.068,0.0007,1.3143
738336.422287486,-0.2467,-1.0717,0.0039,1.3223
738336.422289363,-0.2478,-1.0765,0.0071,1.3314
738336.422291339,-0.249,-1.0802,0.0103,1.3395
738336.422293375,-0.25,-1.0838,0.0134,1.3472
738336.422295601,-0.2512,-1.0891,0.0169,1.3572
738336.422297601,-0.2524,-1.0927,0.0199,1.365
738336.422299568,-0.2533,-1.0963,0.0226,1.3722
738336.422301424,-0.2542,-1.1,0.0251,1.3793
738336.422303355,-0.2551,-1.1038,0.0276,1.3865
738336.422305189,-0.2559,-1.1075,0.0298,1.3932
738336.422307325,-0.2569,-1.1111,0.0322,1.4002
738336.422309299,-0.2575,-1.1147,0.0342,1.4064
738336.422311122,-0.2582,-1.1175,0.0362,1.4119
738336.42231292,-0.259,-1.1214,0.0379,1.4183
738336.42231476,-0.2596,-1.1242,0.0395,1.4233
738336.422316551,-0.2603,-1.1271,0.0409,1.4283
738336.42231866,-0.2607,-1.1305,0.0424,1.4336
738336.422320474,-0.2614,-1.1345,0.0436,1.4395
738336.422322308,-0.2617,-1.1372,0.0447,1.4436
738336.422324191,-0.2621,-1.14,0.0456,1.4477
738336.422326155,-0.2626,-1.1438,0.0464,1.4528
738336.422328091,-0.2629,-1.1466,0.047,1.4565
738336.422330029,-0.2632,-1.1492,0.0475,1.4599
738336.422331949,-0.2634,-1.153,0.0479,1.4643
738336.422333938,-0.2636,-1.1556,0.048,1.4672
738336.422335774,-0.2637,-1.1594,0.048,1.4711
738336.42233758,-0.2639,-1.1624,0.0479,1.4742
738336.42233954,-0.264,-1.1652,0.0476,1.4768
738336.422341376,-0.2639,-1.168,0.047,1.4789
738336.422343175,-0.2636,-1.1708,0.0463,1.4807
738336.422345269,-0.2635,-1.1744,0.0452,1.4831
738336.422347373,-0.263,-1.1779,0.0436,1.4845
738336.42234932,-0.2624,-1.1807,0.0417,1.4848
738336.422351149,-0.2617,-1.1846,0.0395,1.4858
738336.422353009,-0.261,-1.1875,0.0369,1.4854
738336.422354945,-0.2598,-1.1902,0.0337,1.4837
738336.422356835,-0.2588,-1.194,0.0301,1.4829
738336.422358665,-0.2578,-1.197,0.0263,1.4811
738336.422360658,-0.2564,-1.2007,0.0219,1.479
738336.422362693,-0.2551,-1.2044,0.0171,1.4766
738336.422364621,-0.2538,-1.2072,0.0124,1.4734
738336.422366546,-0.2525,-1.211,0.0074,1.4709
738336.422368529,-0.251,-1.2147,0.0022,1.4679
738336.422370599,-0.2496,-1.2184,-0.0033,1.4713
738336.422372426,-0.2482,-1.2223,-0.0084,1.4789
738336.422374332,-0.2468,-1.2251,-0.0135,1.4854
738336.422376203,-0.2456,-1.2291,-0.0187,1.4934
738336.422378139,-0.2442,-1.233,-0.0239,1.5011
738336.422380075,-0.2428,-1.2368,-0.0292,1.5088
738336.42238198,-0.2415,-1.2407,-0.0346,1.5168
738336.42238415,-0.2399,-1.2453,-0.0406,1.5258
738336.422386024,-0.2385,-1.2492,-0.046,1.5337
738336.422387875,-0.237,-1.252,-0.051,1.54
738336.422389763,-0.2358,-1.2561,-0.0561,1.548
738336.422391634,-0.2344,-1.2599,-0.0611,1.5554
738336.422393751,-0.233,-1.2647,-0.0668,1.5645
738336.422395608,-0.2315,-1.2686,-0.0717,1.5718
738336.422397458,-0.2303,-1.2726,-0.0766,1.5795
738336.422399551,-0.2289,-1.2774,-0.0819,1.5882
738336.42240149,-0.2275,-1.2823,-0.0869,1.5967
738336.422403465,-0.2262,-1.2862,-0.0918,1.6042
738336.422405376,-0.2249,-1.2901,-0.0965,1.6115
738336.422407322,-0.2236,-1.2951,-0.1013,1.62
738336.422409972,-0.2222,-1.2997,-0.1066,1.6285
738336.422412031,-0.2205,-1.306,-0.1127,1.6392
738336.422413859,-0.2194,-1.3111,-0.117,1.6475
738336.422415749,-0.2182,-1.315,-0.1212,1.6544
738336.422417619,-0.2171,-1.3201,-0.1252,1.6624
738336.422419451,-0.2161,-1.3242,-0.1291,1.6694
738336.422421268,-0.215,-1.3293,-0.1329,1.6772
738336.422423119,-0.2141,-1.3334,-0.1365,1.684
738336.422425002,-0.2132,-1.3385,-0.1401,1.6918
738336.422426875,-0.212,-1.3435,-0.1436,1.6991
738336.422428726,-0.2112,-1.3486,-0.147,1.7068
738336.422430583,-0.2104,-1.3527,-0.1502,1.7133
738336.422432576,-0.2095,-1.3587,-0.1534,1.7216
738336.422434509,-0.2087,-1.3637,-0.1564,1.7288
738336.42243645,-0.2081,-1.3689,-0.1592,1.7362
738336.422438379,-0.2073,-1.3739,-0.1618,1.743
738336.4224402,-0.2066,-1.379,-0.1642,1.7498
738336.422442015,-0.2061,-1.3852,-0.1665,1.7578
738336.422444056,-0.2056,-1.3902,-0.1688,1.7646
738336.422445932,-0.2051,-1.3964,-0.1708,1.7723
738336.422448054,-0.2046,-1.4023,-0.1728,1.7797
738336.422449913,-0.2039,-1.4074,-0.1744,1.7857
738336.422451738,-0.2037,-1.4127,-0.1759,1.7923
738336.422453586,-0.2032,-1.4189,-0.1773,1.7994
738336.422455494,-0.2027,-1.4239,-0.1786,1.8052
738336.422457359,-0.2025,-1.4293,-0.1797,1.8115
738336.422459476,-0.2021,-1.4362,-0.1808,1.8191
738336.422461317,-0.2019,-1.4414,-0.1817,1.825
738336.422463423,-0.2015,-1.4474,-0.1826,1.8315
738336.422465358,-0.2015,-1.4536,-0.1833,1.8384
738336.422467784,-0.2011,-1.4597,-0.1838,1.8446
738336.422469775,-0.201,-1.4682,-0.1844,1.8536
738336.422471692,-0.201,-1.4735,-0.1847,1.8592
738336.422473631,-0.2008,-1.4796,-0.1849,1.8653
738336.422475523,-0.2009,-1.4859,-0.1849,1.8717
738336.422477407,-0.2008,-1.4921,-0.1848,1.8777
738336.422479379,-0.2011,-1.4984,-0.1846,1.8841
738336.422481332,-0.2011,-1.5046,-0.1842,1.8899
738336.422483305,-0.2011,-1.5107,-0.1837,1.8955
738336.422485443,-0.2015,-1.5179,-0.1831,1.9025
738336.422487551,-0.2018,-1.5249,-0.1822,1.9089
738336.422489882,-0.2021,-1.5329,-0.1811,1.9161
738336.422491888,-0.2025,-1.54,-0.1799,1.9224
738336.422493895,-0.2028,-1.5472,-0.1787,1.9287
738336.422495835,-0.203,-1.5534,-0.1774,1.9338
738336.422497745,-0.2034,-1.5597,-0.176,1.9391
738336.422499589,-0.2038,-1.566,-0.1746,1.9444
738336.422501542,-0.2042,-1.5733,-0.1729,1.9504
738336.422503571,-0.2049,-1.5807,-0.1712,1.9568
738336.422505674,-0.2053,-1.5878,-0.1693,1.9624
738336.42250779,-0.2057,-1.5949,-0.1674,1.968
738336.422509964,-0.2063,-1.602,-0.1653,1.9736
738336.42251194,-0.2069,-1.6093,-0.1632,1.9794
738336.422514023,-0.2075,-1.6166,-0.1611,1.9852
738336.422516152,-0.208,-1.6237,-0.1589,1.9906
738336.422518059,-0.2088,-1.6311,-0.1568,1.9967
738336.422519927,-0.2093,-1.6375,-0.1548,2.0016
738336.422521922,-0.2097,-1.6438,-0.1526,2.0061
738336.422523837,-0.2103,-1.6502,-0.1505,2.011
738336.422525751,-0.211,-1.6576,-0.1484,2.017
738336.422527684,-0.2114,-1.6639,-0.1462,2.0215
738336.422529578,-0.2121,-1.6703,-0.144,2.0264
738336.422531508,-0.2127,-1.6767,-0.1418,2.0312
738336.422533564,-0.2134,-1.6841,-0.1395,2.037
738336.42253556,-0.2139,-1.6904,-0.1372,2.0415
738336.42253758,-0.2147,-1.6977,-0.1347,2.0471
738336.422539554,-0.2152,-1.704,-0.1325,2.0517
738336.422541786,-0.2161,-1.7121,-0.1297,2.0579
738336.422543808,-0.2169,-1.7184,-0.1271,2.0624
738336.422545794,-0.2176,-1.7258,-0.1246,2.068
738336.422547857,-0.2184,-1.7321,-0.122,2.0725
738336.422549862,-0.2192,-1.7385,-0.1194,2.0771
738336.422551971,-0.22,-1.7457,-0.1166,2.0823
738336.422554044,-0.2208,-1.7519,-0.1137,2.0864
738336.422555996,-0.2216,-1.7583,-0.1109,2.0908
738336.422557894,-0.2226,-1.7637,-0.1082,2.0945
738336.422559803,-0.2233,-1.769,-0.1054,2.0977
738336.422561727,-0.2245,-1.7744,-0.1025,2.1014
738336.422563649,-0.2253,-1.7808,-0.0995,2.1056
738336.422565591,-0.2263,-1.7861,-0.0965,2.1089
738336.422567508,-0.2273,-1.7903,-0.0933,2.1109
738336.422569495,-0.2285,-1.7957,-0.09,2.1142
738336.422571458,-0.2297,-1.801,-0.0865,2.1172
738336.422573364,-0.2309,-1.8063,-0.083,2.1202
738336.422575359,-0.2322,-1.8106,-0.0794,2.1222
738336.422577271,-0.2336,-1.8148,-0.0756,2.124
738336.422579198,-0.2349,-1.8191,-0.0718,2.1258
738336.422581133,-0.2364,-1.8234,-0.0677,2.1275
738336.422583058,-0.2381,-1.8266,-0.0635,2.1282
738336.422584991,-0.2397,-1.8309,-0.0592,2.1298
738336.422586883,-0.2413,-1.8341,-0.0547,2.1301
738336.422588813,-0.2431,-1.8373,-0.0501,2.1305
738336.422590784,-0.2448,-1.8404,-0.0451,2.1303
738336.422592744,-0.2467,-1.8435,-0.0399,2.1301
738336.422594802,-0.2491,-1.8466,-0.0341,2.1298
738336.42259678,-0.2511,-1.8486,-0.0285,2.1282
738336.422598701,-0.2532,-1.8506,-0.0227,2.1265
738336.422600611,-0.2555,-1.8528,-0.0168,2.1251
738336.422602576,-0.258,-1.855,-0.0107,2.1237
738336.422604454,-0.2603,-1.8559,-0.0044,2.1206
738336.422606419,-0.2628,-1.857,0.0021,2.1219
738336.422608468,-0.2655,-1.8589,0.0094,2.1338
738336.42261045,-0.2683,-1.8599,0.0167,2.1449
738336.422612328,-0.2708,-1.8598,0.0237,2.1543
738336.422614328,-0.2738,-1.8598,0.0312,2.1648
738336.422616239,-0.2766,-1.8608,0.0387,2.1761
738336.422618186,-0.2796,-1.8607,0.0467,2.187
738336.422620171,-0.2827,-1.8595,0.0548,2.197
738336.42262215,-0.2859,-1.8594,0.0631,2.2084
738336.422624132,-0.2889,-1.8581,0.0716,2.2186
738336.422626076,-0.2921,-1.8569,0.0802,2.2292
738336.422628143,-0.2956,-1.8556,0.0894,2.2406
738336.4226302,-0.2992,-1.8542,0.0989,2.2523
738336.422632326,-0.3029,-1.8518,0.1086,2.2633
738336.422634408,-0.3065,-1.8493,0.1186,2.2744
738336.422636501,-0.3103,-1.8469,0.1284,2.2856
738336.422638494,-0.3138,-1.8445,0.1381,2.2964
738336.422640472,-0.3175,-1.8423,0.1473,2.3071
738336.422642509,-0.3211,-1.8387,0.1574,2.3172
738336.42264464,-0.325,-1.835,0.1679,2.3279
738336.422646659,-0.3289,-1.8306,0.1777,2.3372
738336.422648819,-0.3328,-1.8269,0.1882,2.3479
738336.422650853,-0.3365,-1.8222,0.1985,2.3572
738336.422652742,-0.3402,-1.8179,0.2077,2.3658
738336.422654767,-0.344,-1.8133,0.2176,2.3749
738336.422656805,-0.3475,-1.8087,0.2272,2.3834
738336.42265879,-0.3512,-1.803,0.2369,2.3911
738336.422660736,-0.3547,-1.7985,0.246,2.3992
738336.422662826,-0.3585,-1.7928,0.2557,2.407
738336.422664856,-0.3621,-1.7859,0.2653,2.4133
738336.422666862,-0.3656,-1.7803,0.2742,2.4201
738336.422668868,-0.3689,-1.7746,0.2829,2.4264
738336.422670925,-0.3725,-1.7677,0.2918,2.432
738336.422673055,-0.3761,-1.7597,0.301,2.4368
738336.422675102,-0.3791,-1.7527,0.3094,2.4412
738336.422677108,-0.3824,-1.746,0.3173,2.4457
738336.422679077,-0.3852,-1.7381,0.3247,2.448
738336.422681041,-0.3881,-1.7314,0.3318,2.4513
738336.422682957,-0.3908,-1.7236,0.3385,2.4529
738336.422684924,-0.3931,-1.7167,0.3449,2.4547
738336.42268694,-0.3957,-1.7089,0.351,2.4556
738336.422688935,-0.3978,-1.701,0.3567,2.4555
738336.422690895,-0.3998,-1.693,0.3618,2.4546
738336.422692895,-0.4019,-1.6841,0.3665,2.4525
738336.422694882,-0.4034,-1.6761,0.3706,2.4501
738336.422696864,-0.4051,-1.6682,0.3744,2.4477
738336.422698843,-0.4064,-1.6591,0.3775,2.443
738336.422700829,-0.4074,-1.6511,0.38,2.4385
738336.422702902,-0.4084,-1.642,0.3821,2.4325
738336.422704877,-0.4093,-1.6341,0.3834,2.4268
738336.422707134,-0.4098,-1.6247,0.3842,2.4187
738336.422709381,-0.4101,-1.6152,0.3842,2.4095
738336.422711538,-0.4102,-1.607,0.3834,2.4006
738336.422713658,-0.4104,-1.5979,0.3819,2.3902
738336.422716259,-0.4099,-1.5897,0.3797,2.3793
738336.422718306,-0.4094,-1.5797,0.3759,2.365
738336.422720265,-0.4086,-1.5716,0.3726,2.3528
738336.422722231,-0.4078,-1.5648,0.3688,2.3414
738336.422724122,-0.4067,-1.5579,0.3646,2.3292
738336.422726127,-0.4054,-1.5498,0.3598,2.315
738336.422728103,-0.4038,-1.5428,0.3544,2.301
738336.422730075,-0.4022,-1.5359,0.3485,2.2866
738336.422731995,-0.4003,-1.5291,0.3421,2.2715
738336.42273398,-0.3978,-1.522,0.3348,2.2546
738336.422736043,-0.3952,-1.515,0.3265,2.2367
738336.422738326,-0.3921,-1.5067,0.3163,2.2151
738336.422740388,-0.3884,-1.4993,0.3051,2.1928
738336.422742523,-0.3848,-1.4912,0.2938,2.1698
738336.422744691,-0.3804,-1.4838,0.2811,2.1453
738336.422746757,-0.3763,-1.4767,0.2684,2.1214
738336.42274887,-0.3719,-1.4696,0.2544,2.0959
738336.422750868,-0.3672,-1.4625,0.2405,2.0702
738336.422753055,-0.3624,-1.4554,0.2252,2.043
738336.422755159,-0.3571,-1.4482,0.2086,2.0139
738336.422757054,-0.3523,-1.4412,0.1939,1.9874
738336.422758991,-0.3474,-1.4342,0.1786,1.9602
738336.422761037,-0.3425,-1.4273,0.1624,1.9322
738336.422763015,-0.3371,-1.4212,0.1464,1.9047
738336.422765044,-0.332,-1.4143,0.1299,1.8762
738336.422767041,-0.3268,-1.4073,0.1131,1.8472
738336.422768973,-0.3216,-1.4014,0.0967,1.8197
738336.422770995,-0.3161,-1.3942,0.08,1.7903
738336.422772927,-0.3112,-1.3874,0.0639,1.7625
738336.4227749,-0.3057,-1.3813,0.0473,1.7343
738336.422776915,-0.3005,-1.3743,0.0307,1.7055
738336.422778917,-0.2954,-1.3684,0.0146,1.6784
738336.422781029,-0.2901,-1.3612,-0.0023,1.6536
738336.422783114,-0.2848,-1.3551,-0.0188,1.6587
738336.422785144,-0.2801,-1.3481,-0.0346,1.6628
738336.42278719,-0.2752,-1.342,-0.0499,1.6671
738336.422789318,-0.2707,-1.3349,-0.0651,1.6707
738336.422791377,-0.266,-1.3288,-0.0794,1.6742
738336.422793407,-0.2615,-1.3216,-0.0935,1.6766
738336.422795485,-0.2573,-1.3157,-0.1071,1.6801
738336.422797537,-0.2529,-1.3084,-0.1202,1.6815
738336.422799593,-0.2489,-1.3024,-0.1327,1.684
738336.422801784,-0.2447,-1.2952,-0.1459,1.6858
738336.422803903,-0.2405,-1.289,-0.1585,1.688
738336.422805978,-0.2364,-1.2818,-0.1705,1.6887
738336.422807995,-0.2326,-1.2758,-0.1818,1.6902
738336.42281002,-0.2289,-1.2687,-0.1927,1.6903
738336.422812098,-0.225,-1.2625,-0.2036,1.6911
738336.422814048,-0.2217,-1.2555,-0.2139,1.6911
738336.422816084,-0.2182,-1.2495,-0.224,1.6917
738336.42281812,-0.2145,-1.2422,-0.234,1.6907
738336.422820114,-0.2111,-1.2362,-0.2434,1.6907
738336.422822217,-0.2079,-1.229,-0.2529,1.6898
738336.422824344,-0.2045,-1.2217,-0.2622,1.6884
738336.422826479,-0.2012,-1.2155,-0.2712,1.6879
738336.422828588,-0.1984,-1.2083,-0.2798,1.6865
738336.4228307,-0.1952,-1.2009,-0.2879,1.684
738336.422832713,-0.1925,-1.1949,-0.2954,1.6828
738336.422834681,-0.1898,-1.1877,-0.3024,1.6799
738336.422836839,-0.1871,-1.1803,-0.3098,1.6772
738336.422838805,-0.1846,-1.1742,-0.316,1.6748
738336.422840763,-0.1822,-1.167,-0.322,1.6712
738336.422842728,-0.1802,-1.1611,-0.3274,1.6687
738336.422844598,-0.1781,-1.154,-0.3322,1.6643
738336.422846513,-0.1762,-1.1481,-0.3368,1.6611
738336.422848814,-0.1742,-1.1407,-0.3417,1.6566
738336.422850756,-0.1721,-1.1331,-0.3462,1.6514
738336.422852698,-0.1705,-1.1271,-0.3497,1.6473
738336.422854601,-0.1691,-1.1212,-0.3529,1.6432
738336.42285656,-0.1678,-1.1141,-0.3557,1.6376
738336.422858537,-0.1663,-1.1079,-0.3581,1.6323
738336.422860449,-0.1652,-1.1008,-0.3602,1.6262
738336.422862394,-0.1642,-1.0949,-0.3619,1.621
738336.422864344,-0.163,-1.0887,-0.3633,1.615
738336.422866288,-0.1622,-1.0816,-0.3643,1.6081
738336.42286834,-0.1614,-1.0754,-0.3649,1.6017
738336.422870316,-0.1608,-1.0694,-0.3651,1.5953
738336.422872309,-0.1603,-1.0621,-0.365,1.5874
738336.422874274,-0.16,-1.0561,-0.3645,1.5806
738336.422876301,-0.1596,-1.0487,-0.3636,1.5719
738336.422878205,-0.1595,-1.0427,-0.3624,1.5646
738336.422880109,-0.1591,-1.0365,-0.3608,1.5564
738336.422882191,-0.1592,-1.029,-0.3586,1.5468
738336.422884094,-0.1593,-1.023,-0.3564,1.5387
738336.422886124,-0.1594,-1.0156,-0.3538,1.5288
738336.422888233,-0.1598,-1.0094,-0.3507,1.5199
738336.422890361,-0.1603,-1.0018,-0.3471,1.5092
738336.422892505,-0.1608,-0.9943,-0.3432,1.4983
738336.422894598,-0.1617,-0.9869,-0.339,1.4876
738336.422896663,-0.1623,-0.9793,-0.3344,1.476
738336.422898836,-0.1632,-0.9717,-0.3294,1.4643
738336.422900905,-0.1645,-0.9643,-0.3241,1.4529
738336.422903041,-0.1655,-0.9567,-0.3185,1.4407
738336.422905192,-0.1668,-0.9491,-0.3124,1.4283
738336.422907229,-0.1684,-0.9405,-0.3062,1.4151
738336.422909177,-0.1696,-0.9331,-0.3002,1.4029
738336.422911051,-0.1714,-0.926,-0.294,1.3914
738336.422912988,-0.1728,-0.9185,-0.2875,1.3788
738336.422914922,-0.1746,-0.9113,-0.2807,1.3666
738336.422916907,-0.1767,-0.9028,-0.2735,1.353
738336.422918937,-0.1789,-0.8942,-0.2657,1.3388
738336.422921024,-0.181,-0.8854,-0.2574,1.3238
738336.422922944,-0.1833,-0.8769,-0.2495,1.3097
738336.422924897,-0.1855,-0.8683,-0.2413,1.2951
738336.422926887,-0.1883,-0.8586,-0.2325,1.2794
738336.422928879,-0.1909,-0.85,-0.2236,1.2645
738336.422930804,-0.1936,-0.8403,-0.2148,1.2487
738336.422932894,-0.1966,-0.8305,-0.205,1.2321
738336.422934957,-0.1995,-0.8205,-0.1949,1.2149
738336.422937078,-0.203,-0.8095,-0.1843,1.1968
738336.422939246,-0.2062,-0.7983,-0.1736,1.1781
738336.422941398,-0.2099,-0.7871,-0.1622,1.1592
738336.422943373,-0.213,-0.7772,-0.1519,1.1421
738336.422945383,-0.2163,-0.7661,-0.1412,1.1236
738336.422947337,-0.2199,-0.7553,-0.1305,1.1057
738336.422949345,-0.2231,-0.7442,-0.1198,1.0871
738336.42295131,-0.2265,-0.7331,-0.1088,1.0684
738336.422953304,-0.2302,-0.7222,-0.0978,1.0502
738336.422955224,-0.2336,-0.7113,-0.0873,1.0322
738336.422957181,-0.237,-0.699,-0.0763,1.0123
738336.422959081,-0.2405,-0.6881,-0.0655,0.9941
738336.422961388,-0.2445,-0.6756,-0.0533,0.9734
738336.422963285,-0.2486,-0.662,-0.041,0.9516
738336.422965236,-0.2521,-0.6499,-0.0303,0.9323
738336.422967241,-0.2556,-0.6375,-0.0194,0.9125
738336.422969166,-0.2589,-0.6252,-0.0086,0.8927
738336.422971255,-0.2627,-0.6131,0.0023,0.8781
738336.422973379,-0.2662,-0.5993,0.0135,0.879
738336.422975449,-0.2697,-0.5868,0.0245,0.881
738336.422977575,-0.2734,-0.5732,0.0353,0.8819
738336.422979591,-0.2766,-0.5608,0.0453,0.8827
738336.422981572,-0.2795,-0.5484,0.0549,0.8828
738336.422983555,-0.2825,-0.5349,0.0643,0.8817
738336.422985633,-0.2853,-0.5224,0.0733,0.881
738336.422987771,-0.2878,-0.5102,0.0813,0.8793
738336.422989952,-0.2898,-0.4946,0.0898,0.8742
738336.422991901,-0.2911,-0.4822,0.0956,0.8689
738336.422993834,-0.2922,-0.4699,0.1002,0.8623
738336.422995764,-0.2931,-0.4576,0.104,0.8547
738336.422997821,-0.2938,-0.4451,0.1072,0.8461
738336.422999841,-0.2945,-0.4326,0.1098,0.8369
738336.423001887,-0.295,-0.42,0.1118,0.8268
738336.423003994,-0.2951,-0.4073,0.1134,0.8158
738336.423005965,-0.2954,-0.3948,0.1145,0.8047
738336.423007994,-0.2956,-0.3822,0.1153,0.7931
738336.423010043,-0.2957,-0.3696,0.1157,0.781
738336.423012036,-0.2956,-0.3571,0.1159,0.7686
738336.423014081,-0.2956,-0.3445,0.1157,0.7558
738336.423016149,-0.2952,-0.3317,0.1153,0.7422
738336.423018167,-0.2949,-0.319,0.1146,0.7285
738336.423020228,-0.2946,-0.3064,0.1136,0.7146
738336.423022199,-0.2941,-0.2949,0.1125,0.7015
738336.423024139,-0.2937,-0.2825,0.1111,0.6873
738336.423026081,-0.2929,-0.271,0.1096,0.6735
738336.423027986,-0.2923,-0.2597,0.1078,0.6598
738336.423029872,-0.2917,-0.2472,0.1059,0.6448
738336.423031796,-0.291,-0.2359,0.1038,0.6307
738336.423033693,-0.2901,-0.2246,0.1015,0.6162
738336.423035648,-0.289,-0.2131,0.0989,0.601
738336.423037662,-0.288,-0.2003,0.0961,0.5844
738336.423039609,-0.2871,-0.189,0.0931,0.5692
738336.423041581,-0.2857,-0.1774,0.09,0.5531
738336.423043591,-0.2845,-0.1658,0.0866,0.5369
738336.423045581,-0.2831,-0.153,0.083,0.5191
738336.423047517,-0.2818,-0.1416,0.0794,0.5028
738336.423049435,-0.2803,-0.13,0.0756,0.4859
738336.423051348,-0.2789,-0.1198,0.0717,0.4704
738336.42305326,-0.2775,-0.1083,0.0677,0.4535
738336.423055163,-0.276,-0.0969,0.0635,0.4364
738336.42305715,-0.2742,-0.0853,0.0591,0.4186
738336.423059196,-0.2725,-0.0736,0.0545,0.4006
738336.42306126,-0.2709,-0.0619,0.0495,0.3823
738336.423063265,-0.2691,-0.0502,0.0446,0.3639
738336.423065358,-0.267,-0.0383,0.0395,0.3448
738336.4230674,-0.2652,-0.0266,0.0343,0.3261
738336.423069343,-0.2632,-0.0148,0.0293,0.3073
738336.423071275,-0.2614,-0.0045,0.0243,0.2902
738336.423073216,-0.2597,-0.007,0.0192,0.2859
738336.423075216,-0.2576,-0.0176,0.0139,0.2891
738336.423077207,-0.2556,-0.0294,0.0086,0.2936
738336.423079134,-0.2538,-0.0397,0.0034,0.2969
738336.423081109,-0.2518,-0.0515,-0.0019,0.3052
738336.423083053,-0.25,-0.0619,-0.007,0.3189
738336.423084997,-0.2479,-0.0725,-0.0122,0.3326
738336.423087006,-0.246,-0.0832,-0.0175,0.3467
738336.423089031,-0.2442,-0.0938,-0.0229,0.3609
738336.423090937,-0.2426,-0.1031,-0.0279,0.3736
738336.423092947,-0.2409,0.1137,-0.033,0.3876
738336.42309492,-0.2396,0.123,-0.0377,0.4003
738336.423096876,-0.2379,0.1327,-0.0426,0.4132
738336.423098855,-0.237,0.1419,-0.0471,0.426
738336.423100751,-0.2358,0.1514,-0.0511,0.4383
738336.423102747,-0.2353,0.1595,-0.0548,0.4496
738336.423104799,-0.2345,0.1681,-0.0583,0.4609
738336.423106989,-0.2344,0.1766,-0.0613,0.4723
738336.423109218,-0.2346,0.1854,-0.0639,0.4839
738336.423111179,-0.2347,0.1928,-0.0654,0.4929
738336.423113239,-0.2355,0.2,-0.0662,0.5017
738336.423115354,-0.2366,0.2073,-0.0662,0.5101
738336.423117437,-0.2381,0.2135,-0.0653,0.5169
738336.423119503,-0.2397,0.2195,-0.0636,0.5228
738336.423121577,-0.2415,0.2259,-0.0608,0.5282
738336.423123535,-0.2439,0.2305,-0.0574,0.5318
738336.423125471,-0.246,0.2353,-0.0533,0.5346
738336.423127462,-0.2484,0.2401,-0.0484,0.5369
738336.42312959,-0.2513,0.2451,-0.0423,0.5387
738336.423131642,-0.2542,0.249,-0.0354,0.5386
738336.423133834,-0.2573,0.253,-0.0275,0.5378
738336.423135984,-0.2607,0.2568,-0.019,0.5365
738336.423138102,-0.2637,0.2609,-0.01,0.5346
738336.423140145,-0.2668,0.2645,-0.0012,0.5325
738336.423142219,-0.2698,0.2672,0.0081,0.5451
738336.423144243,-0.2728,0.271,0.0176,0.5614
738336.423146144,-0.2755,0.2744,0.0262,0.5761
738336.423148135,-0.2782,0.2768,0.0352,0.5902
738336.423150136,-0.2805,0.2807,0.0443,0.6055
738336.423152224,-0.2832,0.2846,0.0536,0.6214
738336.423154387,-0.2858,0.2884,0.0627,0.6369
738336.423156479,-0.288,0.2925,0.0715,0.652
738336.423158608,-0.2904,0.2964,0.0801,0.6669
738336.423160647,-0.2926,0.3015,0.088,0.6821
738336.423162667,-0.2942,0.3054,0.0953,0.6949
738336.423164773,-0.2963,0.3093,0.1028,0.7084
738336.423166862,-0.2983,0.3144,0.1099,0.7226
738336.423168817,-0.3,0.3193,0.1162,0.7355
738336.423170794,-0.3015,0.3244,0.1225,0.7484
738336.423172731,-0.303,0.3293,0.1282,0.7605
738336.423174781,-0.3047,0.3342,0.1339,0.7728
738336.423176821,-0.306,0.3394,0.1393,0.7847
738336.423178852,-0.3074,0.3445,0.1445,0.7964
738336.423180821,-0.3086,0.3494,0.1492,0.8072
738336.423182939,-0.3098,0.3558,0.1538,0.8194
738336.423185002,-0.3106,0.3612,0.1581,0.8299
738336.423187165,-0.3115,0.3678,0.1623,0.8416
738336.423189293,-0.3127,0.3742,0.1662,0.8531
738336.423191396,-0.3132,0.3796,0.1696,0.8624
738336.423193495,-0.3139,0.386,0.1726,0.8725
738336.423195646,-0.3146,0.3925,0.1754,0.8825
738336.423197664,-0.315,0.3989,0.1778,0.8917
738336.423199678,-0.3152,0.4053,0.1799,0.9004
738336.423201723,-0.3154,0.413,0.1817,0.9101
738336.423203787,-0.3154,0.4194,0.1831,0.9179
738336.42320618,-0.3152,0.428,0.1844,0.9276
738336.423208218,-0.3153,0.4343,0.1852,0.9348
738336.423210337,-0.3149,0.441,0.1856,0.9415
738336.423212401,-0.3145,0.4487,0.1857,0.9489
738336.423214421,-0.3138,0.4552,0.1854,0.9544
738336.423216453,-0.3131,0.4629,0.1849,0.9609
738336.423218365,-0.3126,0.4689,0.1841,0.9656
738336.423220208,-0.3117,0.4764,0.183,0.9711
738336.423222256,-0.3108,0.4827,0.1816,0.9751
738336.423224377,-0.3097,0.4904,0.1798,0.9799
738336.423226647,-0.3082,0.4987,0.1774,0.9843
738336.423228903,-0.3066,0.5057,0.1746,0.9869
738336.423231132,-0.305,0.5137,0.1716,0.9903
738336.423233354,-0.3034,0.5217,0.1682,0.9933
738336.423235489,-0.3014,0.5297,0.1645,0.9956
738336.423237645,-0.2994,0.5378,0.1606,0.9978
738336.423239768,-0.2975,0.5444,0.1564,0.9983
738336.423241862,-0.2955,0.5522,0.152,0.9997
738336.423243985,-0.2931,0.5602,0.1472,1.0005
738336.423245995,-0.291,0.5666,0.1425,1.0001
738336.423248021,-0.2886,0.5744,0.1374,1.0004
738336.423250075,-0.2861,0.5823,0.1322,1.0006
738336.423252097,-0.2835,0.5889,0.1268,0.9992
738336.42325419,-0.2809,0.5968,0.1209,0.9986
738336.423256246,-0.2782,0.6034,0.1149,0.9965
738336.423258228,-0.2757,0.6098,0.109,0.9945
738336.423260292,-0.2732,0.6175,0.1028,0.9935
738336.423262303,-0.2703,0.6241,0.0963,0.9907
738336.423264307,-0.2676,0.6305,0.0899,0.988
738336.423266313,-0.2647,0.6372,0.0833,0.9852
738336.423268331,-0.262,0.6436,0.0766,0.9822
738336.423270353,-0.2592,0.6491,0.0697,0.978
738336.423272435,-0.2568,0.6555,0.0628,0.9751
738336.42327461,-0.2539,0.6612,0.0556,0.9707
738336.423276718,-0.2513,0.6669,0.0483,0.9665
738336.423278999,-0.2491,0.6726,0.0409,0.9626
738336.423281129,-0.247,0.6771,0.0341,0.9582
738336.423283388,-0.2452,0.6816,0.0276,0.9544
738336.423285558,-0.2438,0.686,0.0216,0.9514
738336.423287635,-0.2428,0.6888,0.0166,0.9482
738336.423289771,-0.2419,0.6917,0.0119,0.9455
738336.423291832,-0.241,0.6935,0.0078,0.9423
738336.423293898,-0.2401,0.6965,0.0041,0.9407
738336.423295937,-0.2394,0.6979,0.0005,0.9378
738336.423297993,-0.238,0.6997,-0.0033,0.941
738336.423300079,-0.2365,0.7002,-0.0076,0.9443
738336.423302227,-0.2345,0.7006,-0.0126,0.9477
738336.423304307,-0.2323,0.7009,-0.0183,0.9515
738336.42330642,-0.2294,0.7014,-0.0248,0.9556
738336.423308587,-0.2262,0.7018,-0.0319,0.9599
738336.423310646,-0.223,0.7021,-0.0393,0.9644
738336.423312741,-0.2194,0.7013,-0.0471,0.9678
738336.423314878,-0.2158,0.7018,-0.0548,0.9724
738336.423317004,-0.2124,0.701,-0.0625,0.9759
738336.423319113,-0.2095,0.7012,-0.0696,0.9803
738336.42332125,-0.2066,0.7005,-0.0763,0.9834
738336.423323426,-0.2041,0.6997,-0.0825,0.9863
738336.423325679,-0.2018,0.7004,-0.0881,0.9903
738336.423327916,-0.1994,0.6999,-0.0929,0.9922
738336.42333011,-0.1976,0.6991,-0.0969,0.9936
738336.423332191,-0.1956,0.6983,-0.1002,0.9941
738336.423334257,-0.1938,0.6985,-0.1029,0.9952
738336.423336351,-0.1919,0.6978,-0.1055,0.9952
738336.423338354,-0.1902,0.698,-0.1078,0.996
738336.423340327,-0.1888,0.6967,-0.1099,0.9954
738336.423342274,-0.187,0.6969,-0.1118,0.9957
738336.42334424,-0.1855,0.6956,-0.1135,0.9946
738336.4233463,-0.184,0.6946,-0.1154,0.994
738336.423348452,-0.1822,0.6951,-0.1171,0.9944
738336.423350489,-0.1807,0.694,-0.1187,0.9934
738336.423352588,-0.1793,0.693,-0.1203,0.9926
738336.423354647,-0.1774,0.6922,-0.1217,0.9913
738336.423356761,-0.1758,0.6914,-0.1231,0.9903
738336.423358769,-0.1746,0.6914,-0.1244,0.9904
738336.423360804,-0.1732,0.6904,-0.1256,0.9892
738336.423362795,-0.1717,0.6893,-0.1267,0.9877
738336.423364817,-0.1703,0.6883,-0.1278,0.9864
738336.423366801,-0.1691,0.687,-0.1287,0.9848
738336.423368869,-0.1679,0.6859,-0.1296,0.9834
738336.423370863,-0.1665,0.6848,-0.1305,0.9818
738336.423372835,-0.1654,0.6835,-0.1312,0.9801
738336.423374853,-0.1641,0.6825,-0.1318,0.9784
738336.42337689,-0.1629,0.6814,-0.1324,0.9767
738336.423378942,-0.1617,0.6804,-0.1329,0.975
738336.423380913,-0.1604,0.678,-0.1332,0.9716
738336.423382937,-0.1596,0.6767,-0.1336,0.9699
738336.423385049,-0.1583,0.6759,-0.1338,0.968
738336.423387124,-0.1572,0.6736,-0.1339,0.9647
738336.423389236,-0.1563,0.6712,-0.134,0.9615
738336.423391222,-0.1553,0.6701,-0.1339,0.9593
738336.423393244,-0.1542,0.6678,-0.1338,0.9558
738336.423395223,-0.1535,0.6665,-0.1335,0.9535
738336.423397244,-0.1526,0.6641,-0.1332,0.9499
738336.423399196,-0.1519,0.6628,-0.1328,0.9475
738336.423401218,-0.151,0.6604,-0.1323,0.9437
738336.423403187,-0.1503,0.6578,-0.1318,0.9399
738336.423405321,-0.1495,0.6557,-0.1311,0.9363
738336.423407379,-0.1491,0.6531,-0.1303,0.9325
738336.42340941,-0.1483,0.6507,-0.1294,0.9284
738336.423411458,-0.1477,0.6483,-0.1285,0.9245
738336.423413537,-0.1471,0.6446,-0.1274,0.9191
738336.423415643,-0.1467,0.6422,-0.1262,0.9151
738336.423417753,-0.1458,0.6388,-0.125,0.9096
738336.423419903,-0.1456,0.6351,-0.1236,0.9043
738336.423422005,-0.145,0.633,-0.1221,0.9001
738336.423424045,-0.1448,0.629,-0.1206,0.8944
738336.423426082,-0.1444,0.6253,-0.119,0.8887
738336.423428217,-0.1442,0.6216,-0.1173,0.8831
738336.423430293,-0.144,0.6179,-0.1154,0.8773
738336.423432515,-0.1438,0.6145,-0.1133,0.8716
738336.42343455,-0.1436,0.6108,-0.1112,0.8656
738336.423436714,-0.1432,0.6073,-0.109,0.8595
738336.423438797,-0.1432,0.6036,-0.1068,0.8536
738336.42344079,-0.1429,0.5996,-0.1047,0.8472
738336.423442855,-0.1426,0.5959,-0.1025,0.841
738336.423444877,-0.1422,0.5921,-0.1003,0.8346
738336.423446873,-0.1421,0.5881,-0.0982,0.8284
738336.423448909,-0.1417,0.5857,-0.0963,0.8237
738336.42345111,-0.141,0.5809,-0.0944,0.8163
738336.423453245,-0.1405,0.5772,-0.0928,0.8105
738336.423455346,-0.1394,0.5737,-0.0917,0.8048
738336.423457571,-0.1386,0.5699,-0.0909,0.7994
738336.423459694,-0.1372,0.5651,-0.0906,0.7929
738336.423461723,-0.1361,0.561,-0.0907,0.7878
738336.423463737,-0.1346,0.5586,-0.0911,0.7843
738336.423465702,-0.1333,0.5546,-0.0918,0.7797
738336.423467739,-0.1315,0.551,-0.0928,0.7753
738336.423469773,-0.1303,0.547,-0.0938,0.7711
738336.423471785,-0.1286,0.5432,-0.0949,0.7667
738336.423473782,-0.1272,0.5392,-0.0961,0.7625
738336.423475836,-0.1256,0.5354,-0.0974,0.7584
738336.423477871,-0.1244,0.5313,-0.0987,0.7544
738336.423479945,-0.1228,0.5275,-0.1001,0.7504
738336.423481886,-0.1213,0.5234,-0.1013,0.746
738336.423483937,-0.1198,0.5196,-0.1026,0.742
738336.423485998,-0.1182,0.5158,-0.1039,0.7379
738336.423488032,-0.1166,0.512,-0.1052,0.7338
738336.423490036,-0.1153,0.5079,-0.1064,0.7296
738336.423492053,-0.1136,0.504,-0.1077,0.7253
738336.423494095,-0.1124,0.5,-0.1088,0.7212
738336.423496129,-0.1107,0.4961,-0.11,0.7168
738336.423498077,-0.1095,0.492,-0.1111,0.7126
738336.423500039,-0.1081,0.4879,-0.1121,0.7081
738336.423502072,-0.1068,0.4838,-0.1131,0.7037
738336.423504068,-0.1056,0.4797,-0.1141,0.6994
738336.42350606,-0.104,0.4758,-0.115,0.6948
738336.423508051,-0.1027,0.4717,-0.1159,0.6903
738336.423510092,-0.1011,0.4678,-0.1169,0.6858
738336.423512097,-0.0999,0.4637,-0.1179,0.6815
738336.423514126,-0.0982,0.4598,-0.1189,0.6769
738336.423516109,-0.0969,0.4557,-0.12,0.6726
738336.423518126,-0.0952,0.4531,-0.1211,0.6694
738336.423520135,-0.0938,0.449,-0.1223,0.6651
738336.423522117,-0.0925,0.4462,-0.1234,0.6621
738336.42352419,-0.0909,0.4423,-0.1245,0.6577
738336.423526213,-0.0894,0.4399,-0.1257,0.655
738336.423528192,-0.0882,0.4371,-0.1267,0.652
738336.423530227,-0.0868,0.4345,-0.1277,0.649
738336.42353239,-0.0852,0.4309,-0.1286,0.6447
738336.423534478,-0.084,0.4283,-0.1293,0.6416
738336.42353659,-0.0828,0.4257,-0.13,0.6385
738336.423538691,-0.0814,0.4234,-0.1305,0.6353
738336.423540771,-0.0803,0.4221,-0.131,0.6334
738336.423542793,-0.0792,0.4196,-0.1313,0.6301
738336.423544943,-0.0782,0.4183,-0.1315,0.628
738336.423546976,-0.0771,0.4157,-0.1316,0.6244
738336.423549095,-0.0758,0.4134,-0.1316,0.6208
738336.423551188,-0.0748,0.4121,-0.1316,0.6185
738336.423553182,-0.074,0.4106,-0.1315,0.6161
738336.42355524,-0.0726,0.4096,-0.1313,0.6135
738336.423557275,-0.0719,0.4067,-0.1311,0.6097
738336.423559284,-0.0707,0.4055,-0.1309,0.6071
738336.423561463,-0.0695,0.4045,-0.1306,0.6046
738336.42356363,-0.0685,0.4021,-0.1302,0.6008
738336.423565693,-0.0676,0.4008,-0.1297,0.5981
738336.423567838,-0.0665,0.3998,-0.1292,0.5955
738336.423569961,-0.0657,0.3986,-0.1286,0.5929
738336.423571998,-0.0649,0.3959,-0.128,0.5888
738336.423573949,-0.0637,0.396,-0.1274,0.5871
738336.42357593,-0.063,0.3945,-0.1267,0.5842
738336.423577946,-0.0621,0.3932,-0.126,0.5813
738336.423580109,-0.0613,0.3906,-0.1252,0.5771
738336.423582138,-0.0602,0.3896,-0.1244,0.5742
738336.423584123,-0.0596,0.3894,-0.1235,0.5725
738336.423586234,-0.0588,0.3867,-0.1226,0.5681
738336.423588216,-0.058,0.3868,-0.1217,0.5665
738336.423590267,-0.0569,0.3844,-0.1207,0.562
738336.42359232,-0.0561,0.3831,-0.1197,0.5589
738336.423594325,-0.0556,0.383,-0.1187,0.5573
738336.423596332,-0.0547,0.3817,-0.1177,0.5541
738336.423598541,-0.0539,0.3793,-0.1166,0.5498
738336.423600718,-0.0531,0.3783,-0.1154,0.5468
738336.423602895,-0.0523,0.3772,-0.1142,0.5437
738336.423605199,-0.0514,0.3764,-0.113,0.5408
738336.423607484,-0.0505,0.3743,-0.1117,0.5365
738336.423609629,-0.0496,0.3735,-0.1104,0.5335
738336.423611723,-0.0489,0.3722,-0.1092,0.5303
738336.4236138,-0.0483,0.3696,-0.108,0.5259
738336.423615874,-0.0474,0.3685,-0.1068,0.5227
738336.423617902,-0.0469,0.367,-0.1056,0.5195
738336.423619916,-0.0461,0.3657,-0.1044,0.5162
738336.423621955,-0.0455,0.3643,-0.1032,0.513
738336.423623959,-0.0447,0.363,-0.102,0.5097
738336.423626001,-0.0439,0.3617,-0.1008,0.5064
738336.423628108,-0.0433,0.3604,-0.0996,0.5033
738336.423630179,-0.0427,0.3591,-0.0983,0.5001
738336.423632256,-0.0418,0.3567,-0.0971,0.4956
738336.423634392,-0.0409,0.3556,-0.0958,0.4923
738336.423636453,-0.0403,0.3543,-0.0946,0.4892
738336.423638555,-0.0397,0.3516,-0.0933,0.4846
738336.423640642,-0.0388,0.3505,-0.0921,0.4814
738336.423642645,-0.0384,0.349,-0.0909,0.4783
738336.423644705,-0.0377,0.3463,-0.0897,0.4737
738336.423646723,-0.0369,0.3449,-0.0886,0.4704
738336.423648681,-0.0361,0.3436,-0.0874,0.4671
738336.423650691,-0.0356,0.342,-0.0863,0.4639
738336.423652657,-0.0347,0.3393,-0.0851,0.4591
738336.423654718,-0.034,0.338,-0.084,0.456
738336.423656809,-0.0335,0.3352,-0.0828,0.4515
738336.423658887,-0.0328,0.3325,-0.0816,0.4469
738336.423660948,-0.0321,0.3312,-0.0805,0.4438
738336.423663012,-0.0315,0.3284,-0.0794,0.4393
738336.423665106,-0.0305,0.326,-0.0782,0.4347
738336.423667195,-0.0301,0.323,-0.0772,0.4303
738336.423669429,-0.0292,0.3208,-0.0759,0.4259
738336.423671619,-0.0284,0.3183,-0.0748,0.4215
738336.423673753,-0.0276,0.3144,-0.0737,0.4157
738336.423675865,-0.0271,0.3116,-0.0726,0.4113
738336.423678049,-0.0264,0.3092,-0.0715,0.4071
738336.423680259,-0.0257,0.3053,-0.0704,0.4014
738336.423682499,-0.0247,0.303,-0.0693,0.397
738336.423684701,-0.024,0.2991,-0.0682,0.3913
738336.423686857,-0.0231,0.2952,-0.0671,0.3854
738336.423689002,-0.0227,0.2925,-0.0661,0.3813
738336.423691166,-0.0219,0.2886,-0.065,0.3755
738336.423693306,-0.0211,0.2846,-0.064,0.3697
738336.423695459,-0.0206,0.2804,-0.063,0.364
738336.423697666,-0.0199,0.2765,-0.0619,0.3583
738336.423699774,-0.0191,0.2726,-0.0607,0.3524
738336.423701846,-0.0185,0.2698,-0.0596,0.3479
738336.423703994,-0.0179,0.2656,-0.0585,0.342
738336.423706113,-0.0171,0.2614,-0.0575,0.336
738336.423708358,-0.0162,0.2577,-0.0563,0.3302
738336.4237106,-0.0155,0.2523,-0.0553,0.3231
738336.423712739,-0.0145,0.2484,-0.0544,0.3173
738336.423714908,-0.0139,0.2441,-0.0535,0.3115
738336.423716958,-0.0131,0.2399,-0.0528,0.3058
738336.423719007,-0.0122,0.2357,-0.0521,0.3
738336.42372107,-0.0112,0.2314,-0.0514,0.294
738336.42372322,-0.0101,0.2274,-0.0508,0.2883
738336.423725388,-0.0094,0.2232,-0.0503,0.2829
738336.423727487,-0.0083,0.2178,-0.0498,0.2759
738336.423729635,-0.0075,0.2135,-0.0494,0.2704
738336.423731671,-0.0064,0.2092,-0.049,0.2646
738336.423733731,-0.0055,0.2049,-0.0487,0.2591
738336.423735821,-0.0044,0.1992,-0.0485,0.2521
738336.423737884,-0.0033,0.195,-0.0483,0.2466
738336.423740055,-0.0021,0.1895,-0.0481,0.2397
738336.42374223,-0.0012,0.1852,-0.048,0.2344
738336.423744414,-0.0001,0.1797,-0.0479,0.2277
738336.423746629,0.0011,0.1743,-0.0479,0.2233
738336.423748925,0.0022,0.1688,-0.0479,0.2189
738336.42375115,0.0032,0.1633,-0.048,0.2145
738336.423753385,0.0045,0.1578,-0.0481,0.2104
738336.423755615,0.0059,0.1512,-0.0482,0.2053
738336.42375782,0.0068,0.1454,-0.0483,0.2005
738336.423760075,0.008,0.1399,-0.0484,0.1963
738336.42376221,0.0094,0.1343,-0.0486,0.1923
738336.423764187,0.0104,0.1283,-0.0487,0.1874
738336.423766224,0.0118,0.1225,-0.0489,0.1832
738336.423768317,0.0131,0.1167,-0.0492,0.179
738336.423770347,0.0141,0.1106,-0.0495,0.1742
738336.423772393,0.0155,0.1062,-0.0498,0.1715
738336.423774429,0.0166,0.1001,-0.0503,0.167
738336.423776458,0.0179,0.094,-0.0507,0.1626
738336.423778606,0.0195,0.0885,-0.0513,0.1593
738336.423780872,0.021,0.0814,-0.052,0.1544
738336.423783097,0.0225,0.0758,-0.0527,0.151
738336.423785263,0.0238,0.0685,-0.0534,0.1457
738336.423787506,0.0252,0.0629,-0.0542,0.1423
738336.423789622,0.0268,0.0556,-0.055,0.1374
738336.423791728,0.0282,0.0497,-0.0559,0.1338
738336.423793837,0.0297,0.0438,-0.0568,0.1303
738336.423795973,0.0312,0.0365,-0.0577,0.1254
738336.423798013,0.0328,0.0306,-0.0586,0.122
738336.423800156,0.0344,0.0247,-0.0596,0.1187
738336.423802427,0.0359,0.0175,-0.0607,0.1141
738336.423804691,0.0376,0.0104,-0.0617,0.1097
738336.423806976,0.0391,0.0019,-0.0629,0.1039
738336.423809174,0.0408,0.0053,-0.0639,0.11
738336.42381129,0.0424,-0.0112,-0.065,0.1186
738336.423813373,0.044,-0.0187,-0.066,0.1287
738336.423815464,0.0455,-0.0246,-0.0669,0.137
738336.42381756,0.0467,-0.0323,-0.0679,0.1469
738336.423819619,0.0484,-0.0398,-0.0688,0.157
738336.423821728,0.0496,-0.046,-0.0697,0.1653
738336.423823889,0.0514,-0.0532,-0.0706,0.1752
738336.42382613,0.0527,-0.0607,-0.0715,0.1849
738336.42382839,0.0543,-0.0679,-0.0723,0.1945
738336.42383069,0.056,-0.0749,-0.0732,0.2041
738336.423832965,0.0575,-0.0821,-0.074,0.2136
738336.42383513,0.0586,-0.0882,-0.0747,0.2215
738336.423837369,0.0603,-0.0954,-0.0753,0.231
738336.42383941,0.0615,-0.1,-0.0758,0.2373
738336.423841646,0.0627,-0.1073,-0.0763,0.2463
738336.423843901,0.0638,-0.1131,-0.0767,0.2536
738336.423846199,0.0647,-0.1175,-0.0769,0.2591
738336.423848501,0.0658,-0.1231,-0.077,0.2659
738336.423850833,0.0669,-0.1286,-0.077,0.2725
738336.423853168,0.0679,-0.1342,-0.0768,0.2789
738336.423855487,0.0688,-0.1383,-0.0764,0.2835
738336.423857859,0.0696,-0.1425,-0.0758,0.2879
738336.423860208,0.0702,-0.1466,-0.0751,0.2919
738336.42386254,0.071,-0.1508,-0.0742,0.296
738336.423864559,0.0716,-0.1539,-0.0733,0.2988
738336.423866937,0.0725,-0.1578,-0.0722,0.3025
738336.423869214,0.0728,-0.1608,-0.0709,0.3045
738336.423871497,0.0735,-0.1635,-0.0696,0.3066
738336.423873667,0.0741,-0.1664,-0.0684,0.3089
738336.423875839,0.0749,-0.1694,-0.0671,0.3114
738336.423877994,0.0756,-0.1723,-0.0658,0.3137
738336.423880026,0.0764,-0.174,-0.0647,0.3151
738336.423882164,0.0773,-0.177,-0.0635,0.3178
738336.423884264,0.0779,-0.1788,-0.0623,0.319
738336.423886302,0.0785,-0.182,-0.0612,0.3217
738336.423888497,0.0796,-0.1832,-0.06,0.3228
738336.423890571,0.0804,-0.185,-0.0589,0.3243
738336.423892622,0.0811,-0.1882,-0.0579,0.3272
738336.42389467,0.0819,-0.19,-0.0569,0.3288
738336.423896719,0.0828,-0.1917,-0.0559,0.3304
738336.423898846,0.0839,-0.1932,-0.055,0.3321
738336.423900932,0.0848,-0.195,-0.0542,0.334
738336.423902996,0.086,-0.1965,-0.0534,0.3359
738336.423905028,0.0871,-0.1982,-0.0527,0.338
738336.423907056,0.0877,-0.2003,-0.0521,0.3401
738336.423909169,0.0891,-0.2018,-0.0515,0.3424
738336.423911254,0.09,-0.2036,-0.051,0.3446
738336.423913399,0.0914,-0.2066,-0.0505,0.3485
738336.423915456,0.0924,-0.2084,-0.0501,0.3509
738336.423917642,0.094,-0.2096,-0.0497,0.3533
738336.42391971,0.0952,-0.2114,-0.0494,0.356
738336.423921763,0.0964,-0.2132,-0.0492,0.3588
738336.423923895,0.0975,-0.215,-0.0491,0.3616
738336.423925948,0.0991,-0.2165,-0.049,0.3646
738336.423928075,0.1002,-0.2183,-0.049,0.3675
738336.423930153,0.1019,-0.2198,-0.049,0.3707
738336.423932174,0.1033,-0.2216,-0.0491,0.374
738336.423934262,0.1045,-0.2234,-0.0493,0.3772
738336.42393635,0.1059,-0.2252,-0.0495,0.3806
738336.42393839,0.1074,-0.227,-0.0497,0.3841
738336.423940444,0.1092,-0.2285,-0.0501,0.3878
738336.423942462,0.1104,-0.2306,-0.0505,0.3915
738336.423944552,0.1118,-0.2324,-0.0509,0.3951
738336.423946692,0.1136,-0.2355,-0.0514,0.4005
738336.423948795,0.1154,-0.237,-0.0519,0.4043
738336.423950978,0.1171,-0.2386,-0.0526,0.4083
738336.423953059,0.1186,-0.2419,-0.0532,0.4137
738336.423955046,0.1203,-0.2437,-0.0539,0.4179
738336.423957112,0.1219,-0.2456,-0.0546,0.4221
738336.423959098,0.1237,-0.2474,-0.0553,0.4264
738336.423961439,0.1254,-0.249,-0.0562,0.4306
738336.423963477,0.1274,-0.2518,-0.0571,0.4363
738336.423965606,0.1291,-0.2551,-0.058,0.4422
738336.423967697,0.131,-0.2567,-0.059,0.4467
738336.423969741,0.1328,-0.2585,-0.0599,0.4512
738336.423971864,0.1344,-0.2619,-0.0609,0.4572
738336.423973968,0.1363,-0.2638,-0.0618,0.4619
738336.423976197,0.1382,-0.2666,-0.063,0.4678
738336.423978455,0.1404,-0.2695,-0.0641,0.474
738336.423980713,0.1421,-0.2726,-0.0652,0.4799
738336.423982964,0.1442,-0.2754,-0.0664,0.486
738336.423985067,0.1464,-0.2786,-0.0675,0.4925
738336.423987259,0.1479,-0.2819,-0.0686,0.4984
738336.423989463,0.1502,-0.2848,-0.0698,0.5048
738336.423991586,0.1519,-0.2882,-0.0709,0.511
738336.423993687,0.1539,-0.2914,-0.072,0.5173
738336.423995853,0.1556,-0.2948,-0.073,0.5234
738336.423998013,0.1575,-0.2979,-0.0741,0.5295
738336.424000151,0.1595,-0.3011,-0.0752,0.5358
738336.424002359,0.1612,-0.3061,-0.0762,0.5435
738336.424004506,0.163,-0.3092,-0.0772,0.5494
738336.424006648,0.1652,-0.3124,-0.0781,0.5557
738336.424008749,0.1668,-0.3158,-0.079,0.5616
738336.424010792,0.1686,-0.3193,-0.0799,0.5678
738336.424012901,0.1703,-0.3243,-0.0808,0.5754
738336.424015274,0.1724,-0.3272,-0.0817,0.5813
738336.424017278,0.1743,-0.3307,-0.0826,0.5876
738336.42401971,0.1764,-0.3351,-0.0835,0.595
738336.424021757,0.1784,-0.3383,-0.0844,0.6011
738336.424023873,0.18,-0.3421,-0.0853,0.6074
738336.42402621,0.1823,-0.3463,-0.0863,0.6149
738336.424028555,0.1843,-0.3508,-0.0872,0.6223
738336.424030695,0.1862,-0.3543,-0.0881,0.6286
738336.424032865,0.1882,-0.3575,-0.089,0.6347
738336.424035055,0.1902,-0.3608,-0.0899,0.6409
738336.424037237,0.1921,-0.364,-0.0907,0.6468
738336.424039559,0.194,-0.3672,-0.0916,0.6528
738336.424041768,0.1961,-0.3718,-0.0925,0.6604
738336.424043928,0.1981,-0.3735,-0.0933,0.6649
738336.424046015,0.1997,-0.377,-0.0941,0.6708
738336.424048295,0.2016,-0.3802,-0.0949,0.6767
738336.424050487,0.2038,-0.3832,-0.0956,0.6826
738336.424052679,0.2056,-0.3849,-0.0963,0.6868
738336.424054958,0.2075,-0.3879,-0.097,0.6924
738336.424057115,0.2093,-0.3897,-0.0976,0.6966
738336.424059224,0.2108,-0.3932,-0.0981,0.7021
738336.424061447,0.2125,-0.3949,-0.0986,0.706
738336.42406346,0.2144,-0.3966,-0.099,0.71
738336.424065603,0.2159,-0.3986,-0.0993,0.7138
738336.424067846,0.2177,-0.4003,-0.0997,0.7177
738336.424070006,0.2196,-0.4018,-0.1001,0.7215
738336.424072322,0.2214,-0.4032,-0.1004,0.725
738336.424074641,0.2233,-0.4047,-0.1008,0.7288
738336.42407661,0.2251,-0.4051,-0.1011,0.7313
738336.424078647,0.2266,-0.4055,-0.1015,0.7336
738336.424080974,0.2283,-0.407,-0.1019,0.7372
738336.424083298,0.2303,-0.4085,-0.1023,0.7411
738336.424085368,0.232,-0.4089,-0.1026,0.7435
738336.424087705,0.2341,-0.4101,-0.103,0.7472
738336.424090018,0.236,-0.4116,-0.1033,0.7509
738336.424092008,0.2378,-0.412,-0.1036,0.7534
738336.424094032,0.2391,-0.4127,-0.1038,0.7556
738336.424096399,0.2412,-0.4139,-0.1041,0.7592
738336.424098391,0.243,-0.4143,-0.1043,0.7616
738336.424100473,0.2446,-0.4148,-0.1044,0.7638
738336.42410283,0.2462,-0.4146,-0.1046,0.7654
738336.42410517,0.2484,-0.4159,-0.1048,0.7691
738336.424107189,0.2501,-0.4163,-0.1049,0.7713
738336.424109237,0.2517,-0.4167,-0.1051,0.7735
738336.424111192,0.2533,-0.4172,-0.1052,0.7757
738336.424113521,0.2552,-0.417,-0.1053,0.7775
738336.424115516,0.257,-0.4175,-0.1055,0.78
738336.424117902,0.2591,-0.4171,-0.1056,0.7818
738336.424119939,0.2608,-0.4175,-0.1057,0.784
738336.424122298,0.2624,-0.419,-0.1058,0.7872
738336.424124365,0.2644,-0.4192,-0.1059,0.7895
738336.424126731,0.2659,-0.4191,-0.1059,0.7909
738336.424128766,0.2674,-0.4195,-0.1058,0.7927
738336.42413078,0.2688,-0.4199,-0.1055,0.7942
738336.424132815,0.27,-0.4204,-0.105,0.7954
738336.424134817,0.2712,-0.4208,-0.1042,0.7962
738336.424136821,0.2723,-0.4213,-0.1032,0.7968
738336.424139179,0.2729,-0.4228,-0.1016,0.7973
738336.424141621,0.2739,-0.4224,-0.0997,0.796
738336.424143933,0.2749,-0.4236,-0.0976,0.7961
738336.424146306,0.2756,-0.4251,-0.0955,0.7962
738336.424148373,0.2763,-0.4256,-0.0936,0.7955
738336.424150692,0.2771,-0.4254,-0.0915,0.794
738336.42415305,0.2783,-0.4267,-0.0894,0.7944
738336.424155388,0.2794,-0.4279,-0.0873,0.7946
738336.424157596,0.28,-0.43,-0.0855,0.7955
738336.424159679,0.2812,-0.4302,-0.0838,0.7952
738336.424161881,0.282,-0.432,-0.082,0.796
738336.424164011,0.2831,-0.4321,-0.0803,0.7955
738336.424166098,0.2838,-0.4342,-0.0787,0.7967
738336.424168219,0.2848,-0.4344,-0.077,0.7962
738336.424170269,0.2855,-0.4365,-0.0754,0.7974
738336.424172521,0.2866,-0.438,-0.0737,0.7983
738336.42417475,0.2875,-0.4398,-0.0721,0.7994
738336.424177041,0.2888,-0.4411,-0.0705,0.8004
738336.42417937,0.2898,-0.4442,-0.0688,0.8028
738336.424181739,0.2908,-0.4458,-0.0673,0.8039
738336.424184091,0.2921,-0.447,-0.0657,0.8048
738336.424186325,0.293,-0.4505,-0.0643,0.8078
738336.424188802,0.2941,-0.4517,-0.0628,0.8086
738336.42419094,0.2951,-0.4555,-0.0616,0.8122
738336.424193115,0.2966,-0.457,-0.0603,0.8139
738336.424195313,0.2977,-0.4589,-0.0591,0.8157
738336.424197434,0.2988,-0.4624,-0.058,0.8192
738336.424199797,0.3003,-0.4653,-0.0568,0.8224
738336.424202128,0.3015,-0.4669,-0.0557,0.8241
738336.424204393,0.3025,-0.4703,-0.0546,0.8274
738336.42420673,0.3038,-0.4736,-0.0536,0.831
738336.424209164,0.3053,-0.4765,-0.0526,0.8344
738336.424211936,0.3071,-0.4795,-0.0517,0.8383
738336.424214057,0.3089,-0.4819,-0.0508,0.8416
738336.424216063,0.31,-0.4859,-0.0503,0.8462
738336.424218485,0.3117,-0.4889,-0.0498,0.8504
738336.424220563,0.3132,-0.4911,-0.0494,0.8537
738336.424223048,0.3153,-0.4937,-0.0491,0.8581
738336.424225123,0.3169,-0.4976,-0.0489,0.8634
738336.424227194,0.3184,-0.4997,-0.0488,0.8669
738336.424229293,0.32,-0.5019,-0.0488,0.8707
738336.424231438,0.3221,-0.5054,-0.0489,0.8764
738336.424233657,0.324,-0.5087,-0.049,0.8817
738336.424235999,0.326,-0.512,-0.0493,0.8873
738336.424238309,0.3281,-0.5136,-0.0497,0.8914
738336.424240679,0.3301,-0.5169,-0.0501,0.8971
738336.424243074,0.3324,-0.5199,-0.0507,0.903
738336.424245404,0.3347,-0.5232,-0.0513,0.9092
738336.424247364,0.3367,-0.5254,-0.0519,0.914
738336.424249691,0.3389,-0.5271,-0.0526,0.9186
738336.424252094,0.3411,-0.5304,-0.0533,0.9248
738336.424254287,0.3436,-0.532,-0.0541,0.9297
738336.424256356,0.3456,-0.5342,-0.0549,0.9347
738336.424258506,0.3475,-0.5364,-0.0557,0.9396
738336.424260591,0.3499,-0.5384,-0.0566,0.9449
738336.424262546,0.3521,-0.5389,-0.0575,0.9485
738336.424264861,0.354,-0.5425,-0.0585,0.955
738336.424267172,0.3568,-0.5422,-0.0595,0.9585
738336.424269385,0.3589,-0.5442,-0.0605,0.9636
738336.424271661,0.3614,-0.5458,-0.0616,0.9688
738336.424274011,0.3638,-0.5475,-0.0628,0.9741
738336.424276338,0.366,-0.5475,-0.0639,0.9774
738336.42427833,0.3683,-0.548,-0.0649,0.9812
738336.424280626,0.371,-0.5494,-0.0661,0.9865
738336.424282949,0.3733,-0.5494,-0.0673,0.99
738336.424285289,0.3762,-0.5508,-0.0684,0.9954
738336.424287281,0.3779,-0.5516,-0.0694,0.9989
738336.424289344,0.3802,-0.5505,-0.0704,1.0011
738336.424291371,0.3828,-0.5507,-0.0714,1.0049
738336.42429372,0.3851,-0.5507,-0.0726,1.0084
738336.424296157,0.3878,-0.5504,-0.0737,1.0119
738336.424298248,0.3899,-0.551,-0.0748,1.0157
738336.424300279,0.3925,-0.5512,-0.0757,1.0194
738336.424302681,0.3948,-0.5512,-0.0769,1.0229
738336.424304746,0.397,-0.5501,-0.0779,1.025
738336.424306808,0.3996,-0.5503,-0.0789,1.0288
738336.424308865,0.4018,-0.5492,-0.0798,1.0308
738336.424310928,0.4042,-0.5477,-0.0809,1.0328
738336.424313046,0.4068,-0.548,-0.0819,1.0367
738336.42431516,0.4088,-0.5468,-0.0828,1.0384
738336.424317213,0.411,-0.5457,-0.0838,1.0405
738336.424319325,0.4137,-0.546,-0.0848,1.0445
738336.424321747,0.4163,-0.5439,-0.0859,1.0461
738336.424323816,0.4185,-0.5445,-0.0869,1.0499
738336.424325854,0.4212,-0.543,-0.0878,1.052
738336.424328229,0.4236,-0.5413,-0.0889,1.0538
738336.424330499,0.4262,-0.5413,-0.0899,1.0574
738336.424332498,0.4287,-0.5401,-0.0908,1.0596
738336.424334672,0.431,-0.5386,-0.0918,1.0614
738336.424336881,0.4334,-0.5372,-0.0928,1.0634
738336.424339085,0.4362,-0.5354,-0.0938,1.0654
738336.424341272,0.4386,-0.5357,-0.0947,1.069
738336.424343533,0.4414,-0.5339,-0.0957,1.071
738336.424345727,0.4437,-0.5324,-0.0966,1.0727
738336.424348049,0.4465,-0.5321,-0.0976,1.0762
738336.424350314,0.4493,-0.5303,-0.0985,1.0781
738336.424352599,0.4518,-0.5286,-0.0994,1.0798
738336.424354895,0.4544,-0.5285,-0.1003,1.0832
738336.42435715,0.4567,-0.527,-0.1011,1.0848
738336.42435913,0.4591,-0.5259,-0.1018,1.0868
738336.424361187,0.4614,-0.5247,-0.1026,1.0887
738336.424363336,0.4639,-0.5232,-0.1033,1.0904
738336.424365378,0.4661,-0.522,-0.104,1.0921
738336.424367468,0.4687,-0.5222,-0.1047,1.0956
738336.424369529,0.4708,-0.521,-0.1053,1.0971
738336.424371831,0.4733,-0.5192,-0.106,1.0985
738336.424374177,0.4758,-0.5192,-0.1066,1.1016
738336.424376479,0.4786,-0.5171,-0.1072,1.1029
738336.424378822,0.4809,-0.517,-0.1077,1.1056
738336.424381182,0.4837,-0.5149,-0.1082,1.1068
738336.42438326,0.4858,-0.5155,-0.1086,1.1099
738336.424385734,0.4884,-0.5134,-0.109,1.1108
738336.424387793,0.4903,-0.5139,-0.1093,1.1135
738336.424389812,0.4925,-0.5127,-0.1096,1.1148
738336.424392138,0.4952,-0.5124,-0.1099,1.1175
738336.424394435,0.4976,-0.5105,-0.1101,1.1182
738336.424396823,0.4998,-0.5105,-0.1104,1.1207
738336.424398849,0.5019,-0.5093,-0.1106,1.1218
738336.424400866,0.504,-0.508,-0.1107,1.1227
738336.42440322,0.5067,-0.5077,-0.1109,1.1253
738336.424405208,0.5085,-0.5068,-0.111,1.1263
738336.424407552,0.5112,-0.5064,-0.1111,1.1287
738336.424409564,0.5128,-0.5072,-0.1111,1.1311
738336.424411615,0.5153,-0.5057,-0.1111,1.1321
738336.424413876,0.5171,-0.5059,-0.1111,1.1341
738336.42441617,0.5199,-0.5056,-0.1111,1.1366
738336.424418393,0.5219,-0.5058,-0.111,1.1387
738336.424420662,0.5242,-0.504,-0.1109,1.1391
738336.424422964,0.5264,-0.5039,-0.1107,1.141
738336.424425364,0.5283,-0.5056,-0.1105,1.1444
738336.424427712,0.5308,-0.5053,-0.1103,1.1464
738336.424429707,0.5324,-0.5043,-0.1101,1.1468
738336.424431682,0.5345,-0.5049,-0.1098,1.1492
738336.424433637,0.5361,-0.5057,-0.1095,1.1513
738336.424435924,0.5382,-0.5057,-0.1091,1.153
738336.424437958,0.5403,-0.5062,-0.1088,1.1553
738336.424440339,0.542,-0.5061,-0.1083,1.1564
738336.424442313,0.544,-0.5067,-0.1078,1.1585
738336.424444385,0.5456,-0.5072,-0.1073,1.1601
738336.424446566,0.5476,-0.5093,-0.1068,1.1637
738336.424449,0.5497,-0.5089,-0.1061,1.1647
738336.424451069,0.5514,-0.5112,-0.1056,1.1682
738336.424453132,0.5535,-0.5115,-0.105,1.17
738336.424455172,0.5548,-0.5123,-0.1043,1.1714
738336.424457315,0.5568,-0.5144,-0.1037,1.1749
738336.424459424,0.5584,-0.5149,-0.103,1.1763
738336.424461787,0.5606,-0.5167,-0.1022,1.1795
738336.424463973,0.5621,-0.5181,-0.1012,1.1814
738336.424466193,0.564,-0.5202,-0.1003,1.1845
738336.424468322,0.5658,-0.5205,-0.0995,1.1858
738336.424470496,0.5677,-0.5225,-0.0986,1.1888
738336.42447268,0.5696,-0.5246,-0.0977,1.1919
738336.424474796,0.5715,-0.5248,-0.0968,1.1931
738336.424476935,0.5734,-0.5269,-0.096,1.1963
738336.424479323,0.575,-0.5287,-0.0951,1.1988
738336.424481692,0.5772,-0.532,-0.0941,1.2033
738336.42448368,0.5791,-0.5325,-0.0934,1.205
738336.424485955,0.5806,-0.5346,-0.0925,1.2077
738336.42448828,0.5824,-0.5382,-0.0916,1.2122
738336.424490273,0.5841,-0.5388,-0.0907,1.2136
738336.424492579,0.5857,-0.5406,-0.0895,1.2158
738336.424494612,0.5869,-0.543,-0.0882,1.2181
738336.424496982,0.5878,-0.5466,-0.0862,1.2206
738336.424499071,0.5883,-0.549,-0.0841,1.2214
738336.42450113,0.5884,-0.5496,-0.0815,1.2195
738336.424503369,0.5881,-0.5536,-0.0782,1.2199
738336.4245054,0.5882,-0.5557,-0.0748,1.2187
738336.424507432,0.5877,-0.5581,-0.0709,1.2167
738336.424509806,0.5863,-0.5599,-0.0657,1.2119
738336.424512131,0.5851,-0.5636,-0.0602,1.2089
738336.424514507,0.5844,-0.567,-0.0542,1.2056
738336.424516439,0.5829,-0.5697,-0.0489,1.2015
738336.424518765,0.5818,-0.5734,-0.0427,1.1979
738336.42452118,0.5807,-0.5768,-0.0362,1.1937
738336.424523217,0.5799,-0.5792,-0.0307,1.1898
738336.424525279,0.5787,-0.5835,-0.0251,1.1873
738336.424527284,0.5779,-0.586,-0.0197,1.1836
738336.424529344,0.5772,-0.5885,-0.0145,1.1802
738336.424531756,0.576,-0.594,-0.0085,1.1785
738336.42453378,0.5754,-0.5965,-0.0036,1.1755
738336.424535861,0.5746,-0.6008,0.0013,1.1767
738336.424537896,0.5741,-0.6052,0.006,1.1853
738336.424539891,0.5737,-0.6077,0.0105,1.1919
738336.424542211,0.5731,-0.6133,0.0155,1.2019
738336.424544551,0.5722,-0.617,0.0206,1.2098
738336.424546856,0.5712,-0.6227,0.0257,1.2196
738336.424549125,0.57,-0.6264,0.0311,1.2275
738336.424551448,0.5684,-0.6321,0.0367,1.2372
738336.424553799,0.5663,-0.6377,0.0428,1.2468
738336.42455582,0.5646,-0.6418,0.0487,1.2551
738336.424557817,0.5622,-0.6484,0.0545,1.2651
738336.424560173,0.5594,-0.6541,0.0617,1.2752
738336.424562463,0.5565,-0.6598,0.0692,1.2855
738336.424564765,0.5537,-0.6655,0.077,1.2962
738336.424566898,0.5508,-0.6718,0.0843,1.3069
738336.424569309,0.5475,-0.6791,0.0931,1.3197
738336.42457145,0.545,-0.6851,0.1008,1.3309
738336.424573652,0.5422,-0.6912,0.1088,1.3422
738336.424575777,0.539,-0.6975,0.1167,1.3532
738336.424578282,0.5361,-0.7046,0.1258,1.3665
738336.424580336,0.5333,-0.7128,0.1332,1.3793
738336.424582647,0.5305,-0.7205,0.1413,1.3923
738336.424584623,0.5284,-0.7269,0.1481,1.4034
738336.424586611,0.526,-0.7337,0.1547,1.4144
738336.424588635,0.5236,-0.7401,0.1615,1.4252
738336.424590991,0.521,-0.7478,0.1689,1.4377
738336.424593366,0.5193,-0.7571,0.176,1.4524
738336.424595345,0.517,-0.7639,0.182,1.4629
738336.424597382,0.5153,-0.7704,0.1877,1.4734
738336.424599692,0.5129,-0.7782,0.1944,1.4855
738336.424601644,0.5117,-0.785,0.1995,1.4962
738336.424604049,0.511,-0.7947,0.2047,1.5104
738336.424606121,0.5118,-0.8009,0.2082,1.5209
738336.424608238,0.5128,-0.8093,0.2105,1.5326
738336.424610263,0.5148,-0.8159,0.2115,1.5422
738336.424612358,0.5174,-0.8244,0.2113,1.5531
738336.424614421,0.5207,-0.8325,0.2101,1.5633
738336.424616577,0.5238,-0.8391,0.2081,1.571
738336.424618556,0.527,-0.8476,0.2056,1.5802
738336.424620546,0.5299,-0.8546,0.2028,1.5873
738336.424622888,0.5337,-0.8644,0.1991,1.5972
738336.424625263,0.5377,-0.8723,0.1951,1.6051
738336.424627576,0.5421,-0.8822,0.1907,1.615
738336.424629812,0.547,-0.8902,0.186,1.6232
738336.424632137,0.5521,-0.9001,0.1807,1.6329
738336.424634155,0.5565,-0.9071,0.1757,1.6393
738336.424636138,0.5611,-0.916,0.1703,1.6474
738336.424638162,0.5664,-0.9247,0.1646,1.6557
738336.42464023,0.5715,-0.9314,0.1585,1.6614
738336.424642262,0.576,-0.9404,0.1525,1.6689
738336.424644628,0.5814,-0.9504,0.1456,1.6774
738336.424647019,0.5865,-0.9604,0.1387,1.6856
738336.424649074,0.5909,-0.9691,0.133,1.693
738336.42465149,0.5957,-0.9811,0.1267,1.7035
738336.42465353,0.6001,-0.9899,0.1216,1.7116
738336.424655626,0.6042,-0.9986,0.1165,1.7193
738336.424657727,0.6082,-1.0074,0.1118,1.7274
738336.424659789,0.6117,-1.0165,0.1074,1.7356
738336.424661842,0.6155,-1.0272,0.1032,1.7459
738336.424663839,0.6193,-1.0361,0.0994,1.7548
738336.424666202,0.6229,-1.0465,0.0952,1.7646
738336.424668185,0.6264,-1.0557,0.0919,1.774
738336.42467059,0.6307,-1.0659,0.0879,1.7845
738336.42467307,0.6352,-1.0778,0.0838,1.7968
738336.424675136,0.6392,-1.0867,0.0805,1.8064
738336.42467728,0.6427,-1.0976,0.077,1.8173
738336.424679359,0.6465,-1.1065,0.0738,1.8268
738336.424681495,0.6499,-1.1155,0.0706,1.836
738336.424683559,0.6536,-1.1264,0.0676,1.8476
738336.424685718,0.657,-1.1354,0.0647,1.8571
738336.424687822,0.6604,-1.1444,0.0619,1.8667
738336.424689997,0.6636,-1.1554,0.0591,1.8781
738336.424692056,0.6671,-1.1644,0.0565,1.888
738336.424694383,0.6712,-1.1748,0.0535,1.8995
738336.424696415,0.6746,-1.1842,0.0508,1.9096
738336.424698811,0.6788,-1.1946,0.0474,1.9208
738336.424701165,0.6833,-1.2071,0.0439,1.9343
738336.42470315,0.687,-1.2145,0.0409,1.9424
738336.424705464,0.6919,-1.225,0.0372,1.9541
738336.424707833,0.6959,-1.2358,0.0332,1.9649
738336.424710179,0.7009,-1.2481,0.0291,1.9781
738336.424712193,0.7045,-1.2576,0.0258,1.9879
738336.424714568,0.709,-1.2681,0.022,1.9991
738336.424717036,0.7133,-1.2788,0.0184,2.0105
738336.424719319,0.7178,-1.2911,0.0148,2.0237
738336.424721727,0.7218,-1.3017,0.0116,2.0351
738336.424723755,0.725,-1.3113,0.0091,2.0454
738336.424725746,0.7281,-1.3209,0.0067,2.0557
738336.424728057,0.732,-1.3316,0.0043,2.0679
738336.424730083,0.7346,-1.3432,0.0023,2.0801
738336.424732084,0.7376,-1.3508,0.0006,2.089
738336.424734057,0.7403,-1.3625,-0.001,2.1038
738336.42473616,0.7434,-1.3718,-0.0024,2.1176
738336.424738149,0.7457,-1.3815,-0.0035,2.1307
738336.424740547,0.7484,-1.3923,-0.0045,2.1452
738336.424742575,0.7502,-1.402,-0.0051,2.1573
738336.424744738,0.7525,-1.4132,-0.0053,2.171
738336.424746823,0.7536,-1.425,-0.0052,2.1838
738336.424748824,0.7547,-1.4347,-0.0047,2.1941
738336.424750956,0.7562,-1.4459,-0.0039,2.206
738336.424753086,0.7562,-1.4557,-0.0025,2.2144
738336.424755584,0.7566,-1.4684,-0.0004,2.2254
738336.42475792,0.7567,-1.4814,0.0022,2.2403
738336.424759919,0.7559,-1.4913,0.005,2.2522
738336.424762294,0.7552,-1.5043,0.0087,2.2682
738336.424764288,0.7541,-1.5142,0.0124,2.2807
738336.424766609,0.7523,-1.5276,0.0172,2.2971
738336.424768603,0.7507,-1.5375,0.0217,2.3099
738336.424770628,0.7491,-1.5472,0.0269,2.3232
738336.424772715,0.7464,-1.5589,0.0328,2.3381
738336.424775134,0.7433,-1.57,0.0399,2.3532
738336.424777537,0.7398,-1.5832,0.0476,2.3706
738336.424779558,0.7371,-1.593,0.0545,2.3846
738336.424781591,0.7335,-1.603,0.0618,2.3983
738336.42478357,0.7299,-1.613,0.0693,2.4122
738336.424785959,0.7253,-1.6243,0.0787,2.4283
738336.424787968,0.7222,-1.6341,0.0868,2.4431
738336.424790304,0.7179,-1.6433,0.0965,2.4577
738336.424792654,0.7132,-1.6549,0.1063,2.4744
738336.424794891,0.7099,-1.6662,0.1156,2.4917
738336.424796926,0.7063,-1.6743,0.1239,2.5045
738336.424799351,0.7031,-1.6854,0.1333,2.5218
738336.424801459,0.7003,-1.6953,0.141,2.5366
738336.424803645,0.6979,-1.7032,0.1483,2.5494
738336.424805848,0.6966,-1.7125,0.1553,2.5644
738336.424807973,0.6951,-1.7225,0.1611,2.5787
738336.42481009,0.6945,-1.7301,0.1663,2.5909
738336.424812445,0.6938,-1.7395,0.1711,2.6044
738336.424814921,0.694,-1.7487,0.1751,2.6178
738336.424817293,0.6947,-1.7578,0.1781,2.6306
738336.424819628,0.6958,-1.7673,0.1801,2.6432
738336.424821996,0.6979,-1.7744,0.1812,2.6535
738336.424824049,0.7,-1.7803,0.1814,2.6617
738336.424826093,0.7022,-1.7883,0.181,2.6715
738336.424828076,0.7043,-1.7924,0.18,2.6767
738336.424830082,0.7072,-1.7984,0.1786,2.6842
738336.42483209,0.7103,-1.8043,0.1767,2.6913
738336.424834368,0.714,-1.8097,0.1742,2.6979
738336.424836389,0.7173,-1.8135,0.1716,2.7024
738336.424838754,0.7209,-1.819,0.1684,2.7083
738336.424841083,0.7251,-1.822,0.1649,2.712
738336.424843074,0.7285,-1.8259,0.162,2.7164
738336.424845362,0.7322,-1.8292,0.1586,2.72
738336.424847778,0.7364,-1.8322,0.1551,2.7237
738336.424850282,0.74,-1.8353,0.1515,2.7268
738336.424852316,0.7437,-1.8389,0.1485,2.7311
738336.424854464,0.7472,-1.8404,0.1456,2.7332
738336.424856554,0.7503,-1.8423,0.1429,2.7355
738336.42485873,0.7541,-1.8435,0.14,2.7376
738336.424860881,0.7574,-1.8429,0.1373,2.7376
738336.42486324,0.7612,-1.8439,0.1344,2.7395
738336.424865365,0.7648,-1.8454,0.132,2.7422
738336.424867489,0.768,-1.8448,0.1296,2.7424
738336.424869634,0.7714,-1.8442,0.1273,2.7429
738336.424871724,0.7741,-1.8439,0.1251,2.7431
738336.424873756,0.7775,-1.8433,0.1231,2.7439
738336.424876078,0.7811,-1.8421,0.121,2.7442
738336.424878158,0.7839,-1.8397,0.1193,2.7429
738336.424880254,0.7868,-1.8391,0.1176,2.7435
738336.424882413,0.7897,-1.8363,0.1162,2.7422
738336.424884454,0.7926,-1.8357,0.1148,2.7431
738336.424886893,0.7957,-1.8324,0.1135,2.7416
738336.424888986,0.7987,-1.8318,0.1124,2.7429
738336.424891107,0.8016,-1.829,0.1114,2.742
738336.424893163,0.8042,-1.8287,0.1103,2.7432
738336.424895243,0.8075,-1.8259,0.1093,2.7427
738336.424897298,0.8107,-1.8253,0.1082,2.7442
738336.424899442,0.8133,-1.8228,0.1071,2.7432
738336.424901442,0.8168,-1.8222,0.1059,2.7449
738336.424903835,0.8204,-1.8188,0.1046,2.7438
738336.424905901,0.8234,-1.8185,0.1034,2.7453
738336.424907973,0.8269,-1.8179,0.1021,2.7469
738336.424910288,0.83,-1.8148,0.1006,2.7454
738336.424912611,0.8341,-1.8135,0.0992,2.7468
738336.424914945,0.8373,-1.8126,0.0977,2.7476
738336.424917003,0.8412,-1.812,0.0964,2.7496
738336.424919035,0.8441,-1.8116,0.0952,2.7509
738336.424921043,0.8471,-1.8113,0.094,2.7524
738336.424923356,0.8505,-1.81,0.0929,2.7534
738336.424925656,0.8531,-1.8091,0.092,2.7542
738336.424928037,0.8561,-1.8079,0.0913,2.7553
738336.424930386,0.8586,-1.8088,0.091,2.7584
738336.424932767,0.86,-1.8079,0.091,2.7589
738336.424935186,0.8616,-1.8088,0.0915,2.7619
738336.42493719,0.8626,-1.8085,0.0922,2.7633
738336.424939401,0.8641,-1.8094,0.0935,2.767
738336.42494155,0.8646,-1.8088,0.0951,2.7685
738336.424943764,0.865,-1.8103,0.0971,2.7724
738336.42494578,0.8646,-1.81,0.0994,2.774
738336.42494791,0.8645,-1.8115,0.1022,2.7782
738336.424950353,0.864,-1.8103,0.1057,2.78
738336.424952828,0.8631,-1.8109,0.1099,2.7839
738336.424955233,0.8623,-1.8116,0.1144,2.7883
738336.424957362,0.8609,-1.8134,0.1186,2.7929
738336.424959449,0.8599,-1.8147,0.1233,2.7979
738336.424961818,0.8579,-1.816,0.1286,2.8025
738336.42496428,0.8561,-1.8167,0.1346,2.8074
738336.424966608,0.8543,-1.8176,0.1406,2.8125
738336.42496891,0.8514,-1.8189,0.147,2.8173
738336.424970975,0.8497,-1.8182,0.1527,2.8206
738336.42497299,0.8471,-1.8201,0.1585,2.8257
738336.424975081,0.8444,-1.8195,0.1649,2.8288
738336.42497724,0.842,-1.8211,0.1712,2.8343
738336.424979293,0.8393,-1.8226,0.1778,2.8397
738336.424981715,0.8359,-1.8236,0.1853,2.8448
738336.424983799,0.833,-1.8252,0.1921,2.8503
738336.424986048,0.8294,-1.8268,0.1993,2.8555
738336.424988171,0.8262,-1.8259,0.2067,2.8588
738336.424990253,0.8229,-1.8275,0.2138,2.8642
738336.42499236,0.8194,-1.8294,0.2208,2.8696
738336.424994607,0.8176,-1.8304,0.2281,2.8761
738336.424996673,0.8163,-1.8323,0.2338,2.8824
738336.424998699,0.817,-1.8339,0.2383,2.8892
738336.42500086,0.8177,-1.8335,0.2415,2.8927
738336.425002962,0.8198,-1.8348,0.2439,2.8985
738336.425005408,0.8227,-1.8378,0.2453,2.9058
738336.425007622,0.8257,-1.8391,0.2456,2.9104
738336.425009648,0.8284,-1.8391,0.245,2.9125
738336.425011712,0.8329,-1.8407,0.2434,2.917
738336.42501376,0.8383,-1.8424,0.2409,2.9216
738336.425015882,0.8432,-1.8443,0.2375,2.925
738336.425017905,0.8493,-1.8459,0.2334,2.9286
738336.425019971,0.8548,-1.8479,0.229,2.9317
738336.425022368,0.8614,-1.8489,0.2233,2.9336
738336.4250244,0.8675,-1.8506,0.2184,2.9365
738336.425026386,0.8729,-1.8525,0.2135,2.9389
738336.425028389,0.8781,-1.8545,0.2086,2.9412
738336.425030737,0.8837,-1.8581,0.2031,2.9449
738336.425033067,0.8898,-1.8592,0.1977,2.9467
738336.425035089,0.8949,-1.8611,0.1933,2.9493
738336.425037482,0.9011,-1.8622,0.1882,2.9515
738336.42503988,0.9071,-1.8655,0.1831,2.9557
738336.42504188,0.9123,-1.8675,0.1789,2.9587
738336.425043846,0.9177,-1.8695,0.1748,2.962
738336.425045852,0.9231,-1.8715,0.1708,2.9654
738336.425047875,0.9284,-1.8735,0.1667,2.9686
738336.425050178,0.9342,-1.8772,0.162,2.9734
738336.425052333,0.9393,-1.8792,0.1579,2.9764
738336.425054414,0.945,-1.8809,0.1537,2.9796
738336.425056513,0.9508,-1.8849,0.1497,2.9854
738336.425058642,0.9557,-1.887,0.1458,2.9885
738336.425060677,0.9614,-1.8887,0.142,2.9921
738336.425062787,0.967,-1.8904,0.1382,2.9956
738336.425064817,0.9721,-1.8924,0.1346,2.9991
738336.425066929,0.977,-1.8944,0.131,3.0024
738336.425069088,0.9825,-1.8985,0.1273,3.0083
738336.425071188,0.9879,-1.9002,0.1238,3.0119
738336.425073391,0.9931,-1.902,0.1203,3.0154
738336.425075492,0.9985,-1.9061,0.117,3.0216
738336.425077567,1.003,-1.9081,0.1138,3.0249
738336.425079716,1.0078,-1.9099,0.1107,3.0284
738336.425082139,1.0139,-1.913,0.1075,3.0344
738336.425084534,1.019,-1.9165,0.1044,3.0399
738336.425086878,1.0236,-1.918,0.1016,3.0432
738336.425089178,1.0284,-1.9218,0.0991,3.0493
738336.425091494,1.0339,-1.9229,0.0966,3.0534
738336.425093741,1.0389,-1.9268,0.0943,3.06
738336.425096029,1.0432,-1.9286,0.0921,3.0639
738336.425098248,1.0481,-1.9324,0.0898,3.0703
738336.42510053,1.0533,-1.9363,0.0877,3.0773
738336.425102829,1.058,-1.9377,0.0854,3.0811
738336.425105126,1.0629,-1.9416,0.0832,3.0877
738336.425107467,1.0676,-1.9455,0.0811,3.0942
738336.425109753,1.0725,-1.9494,0.079,3.1009
738336.425112026,1.0773,-1.9533,0.0769,3.1075
738336.425114291,1.0821,-1.9548,0.0749,3.1118
738336.425116646,1.0868,-1.9587,0.073,3.1185
738336.425118926,1.0921,-1.9623,0.0713,3.1257
738336.425120902,1.0955,-1.9671,0.0698,3.1324
738336.425123176,1.1,-1.9687,0.0684,3.1371
738336.425125135,1.1035,-1.9736,0.0672,3.1443
738336.425127117,1.1075,-1.9757,0.0662,3.1494
738336.425129494,1.1114,-1.9797,0.0652,3.1563
738336.425131857,1.1158,-1.9833,0.0643,3.1634
738336.425134078,1.1199,-1.9873,0.0636,3.1708
738336.425136367,1.1239,-1.9889,0.0631,3.1759
738336.425138627,1.1277,-1.9929,0.0627,3.1833
738336.425140984,1.1312,-1.9969,0.0624,3.1905
738336.425143268,1.1349,-1.9984,0.0623,3.1956
738336.42514553,1.1383,-2.0025,0.0623,3.2031
738336.425147799,1.142,-2.004,0.0623,3.2083
738336.425150122,1.1452,-2.0056,0.0625,3.2133
738336.425152447,1.1486,-2.0072,0.0627,3.2185
738336.425154783,1.1524,-2.0085,0.0629,3.2238
738336.425157048,1.1558,-2.0101,0.063,3.2289
738336.425159334,1.1592,-2.0117,0.0632,3.2341
738336.42516156,1.1619,-2.0137,0.0634,3.239
738336.425163864,1.1654,-2.0128,0.0636,3.2418
738336.425166136,1.1689,-2.0145,0.0636,3.247
738336.425168431,1.1727,-2.0136,0.0635,3.2498
738336.425170682,1.1772,-2.0128,0.063,3.253
738336.425172939,1.1817,-2.012,0.0622,3.2559
738336.42517519,1.1867,-2.0111,0.061,3.2588
738336.425177424,1.1921,-2.0078,0.0594,3.2593
738336.42517967,1.1977,-2.007,0.0574,3.2621
738336.425181857,1.2028,-2.004,0.0551,3.2619
738336.425184065,1.2091,-2.0031,0.0523,3.2645
738336.425186315,1.2151,-2.0001,0.0492,3.2644
738336.425188593,1.2219,-1.9943,0.0453,3.2615
738336.42519084,1.2296,-1.9909,0.0409,3.2614
738336.425193146,1.2376,-1.9876,0.0358,3.261
738336.425195508,1.2468,-1.9814,0.0299,3.2581
738336.425197589,1.2549,-1.9762,0.0244,3.2555
738336.42519973,1.2638,-1.9706,0.018,3.2524
738336.425201804,1.2733,-1.9651,0.0113,3.2497
738336.425203846,1.2822,-1.9598,0.0042,3.2462
738336.425205898,1.2915,-1.9521,-0.0029,3.2465
738336.42520801,1.3009,-1.9468,-0.0106,3.2583
738336.425210045,1.3113,-1.9387,-0.0187,3.2687
738336.425212347,1.3223,-1.9302,-0.0278,3.2803
738336.425214666,1.3341,-1.9214,-0.037,3.2925
738336.425216898,1.3444,-1.9104,-0.0466,3.3014
738336.425219251,1.3554,-1.899,-0.0554,3.3098
738336.42522149,1.365,-1.8904,-0.0636,3.319
738336.425223795,1.3739,-1.8793,-0.0712,3.3244
738336.425226016,1.3814,-1.8685,-0.0778,3.3277
738336.425228233,1.3893,-1.8548,-0.0836,3.3277
738336.425230391,1.3959,-1.844,-0.0885,3.3284
738336.425232622,1.4018,-1.8331,-0.0927,3.3276
738336.425234988,1.4077,-1.819,-0.0963,3.323
738336.425237056,1.4118,-1.8059,-0.0986,3.3163
738336.425239378,1.4152,-1.7921,-0.1004,3.3077
738336.425241748,1.419,-1.7779,-0.1011,3.298
738336.425243845,1.4204,-1.7621,-0.1008,3.2833
738336.425246349,1.4218,-1.7478,-0.0995,3.2691
738336.425248446,1.4228,-1.7317,-0.0975,3.252
738336.425250563,1.4221,-1.7184,-0.0946,3.2351
738336.425252721,1.422,-1.7018,-0.0907,3.2145
738336.425254775,1.4203,-1.6858,-0.0862,3.1923
738336.42525692,1.4177,-1.6699,-0.0809,3.1685
738336.425259028,1.4154,-1.6535,-0.0747,3.1436
738336.425261348,1.412,-1.6368,-0.0672,3.116
738336.425263546,1.4089,-1.62,-0.0593,3.0882
738336.42526577,1.4059,-1.601,-0.0514,3.0583
738336.425268027,1.4059,-1.5841,-0.0447,3.0347
738336.42527048,1.4074,-1.5643,-0.0389,3.0106
738336.425272624,1.4098,-1.5477,-0.035,2.9925
738336.425274723,1.4124,-1.5311,-0.0318,2.9753
738336.425276942,1.4147,-1.5118,-0.0291,2.9556
738336.425279022,1.4166,-1.4955,-0.0269,2.939
738336.425281501,1.4194,-1.4776,-0.0242,2.9212
738336.425283576,1.4204,-1.4586,-0.0218,2.9008
738336.425285599,1.4218,-1.4448,-0.0193,2.8859
738336.425287919,1.4227,-1.425,-0.016,2.8637
738336.425290207,1.4241,-1.4073,-0.0124,2.8438
738336.425292165,1.4244,-1.3912,-0.0091,2.8247
738336.425294488,1.4257,-1.3734,-0.0049,2.804
738336.425296793,1.426,-1.3534,-0.0006,2.78
738336.425298961,1.4268,-1.3364,0.0034,2.7666
738336.425301228,1.428,-1.3189,0.0075,2.7544
738336.425303431,1.4292,-1.3018,0.0112,2.7422
738336.425305645,1.4313,-1.2842,0.0148,2.7303
738336.42530791,1.4337,-1.2666,0.0179,2.7182
738336.425310078,1.4367,-1.2494,0.0202,2.7063
738336.425312396,1.4411,-1.2317,0.0218,2.6946
738336.425314416,1.4458,-1.2174,0.0222,2.6854
738336.42531647,1.4514,-1.2004,0.0217,2.6735
738336.425318769,1.4589,-1.1826,0.0199,2.6614
738336.425321086,1.4683,-1.1643,0.0168,2.6494
738336.42532315,1.4763,-1.1473,0.0134,2.637
738336.425325166,1.4841,-1.1328,0.0095,2.6264
738336.425327471,1.4926,-1.1148,0.0049,2.6123
738336.425329778,1.5005,-1.0968,0.0003,2.5976
738336.425332116,1.5089,-1.0757,-0.0042,2.5888
738336.425334481,1.5156,-1.0576,-0.0082,2.5814
738336.425336488,1.5214,-1.0429,-0.0114,2.5757
738336.425338766,1.5276,-1.0247,-0.0144,2.5667
738336.425341048,1.533,-1.0065,-0.0168,2.5563
738336.425343466,1.5382,-0.9878,-0.0187,2.5447
738336.42534582,1.5421,-0.9695,-0.0198,2.5314
738336.425348098,1.5465,-0.9507,-0.0203,2.5175
738336.42535043,1.5493,-0.9322,-0.02,2.5015
738336.425352738,1.5513,-0.9165,-0.019,2.4868
738336.425355005,1.5532,-0.898,-0.0174,2.4686
738336.425357348,1.554,-0.8794,-0.015,2.4484
738336.425359614,1.5545,-0.8635,-0.012,2.43
738336.425361777,1.5551,-0.8449,-0.0085,2.4085
738336.42536403,1.5546,-0.8289,-0.0042,2.3877
738336.425366155,1.5528,-0.811,0.0004,2.3642
738336.425368286,1.5512,-0.7954,0.0056,2.3522
738336.425370484,1.5498,-0.7793,0.0114,2.3405
738336.425372746,1.5471,-0.7636,0.0178,2.3285
738336.42537504,1.5437,-0.747,0.0254,2.3161
738336.425377228,1.5393,-0.7285,0.0331,2.3009
738336.425379345,1.5362,-0.7154,0.0407,2.2923
738336.425381547,1.532,-0.6991,0.0493,2.2804
738336.425383692,1.5273,-0.6832,0.0581,2.2686
738336.425385851,1.5226,-0.6673,0.0671,2.257
738336.425388147,1.518,-0.6536,0.0768,2.2484
738336.42539012,1.514,-0.6381,0.0855,2.2376
738336.425392476,1.5096,-0.6244,0.0953,2.2293
738336.425394825,1.5064,-0.6074,0.1048,2.2186
738336.42539678,1.5046,-0.5945,0.1121,2.2112
738336.425399157,1.5027,-0.5802,0.1203,2.2032
738336.425401528,1.5022,-0.5658,0.1273,2.1953
738336.425403823,1.5031,-0.5514,0.1331,2.1876
738336.425406179,1.5045,-0.5402,0.1376,2.1823
738336.425408415,1.5076,-0.5262,0.1406,2.1744
738336.425410672,1.5123,-0.515,0.1421,2.1694
738336.425412912,1.519,-0.5005,0.1423,2.1618
738336.425415227,1.5258,-0.4892,0.1412,2.1562
738336.425417206,1.533,-0.4788,0.139,2.1508
738336.425419529,1.5421,-0.4674,0.1354,2.1449
738336.425421618,1.5521,-0.4565,0.131,2.1396
738336.42542369,1.5631,-0.4483,0.1258,2.1372
738336.425425797,1.5732,-0.4379,0.1199,2.131
738336.425427874,1.5845,-0.4269,0.1135,2.1249
738336.425429941,1.5944,-0.4163,0.1067,2.1174
738336.425432314,1.6064,-0.4071,0.0992,2.1127
738336.425434695,1.6179,-0.3951,0.0916,2.1046
738336.425437023,1.629,-0.383,0.0846,2.0966
738336.425439006,1.638,-0.3752,0.0789,2.0921
738336.425441208,1.6475,-0.3635,0.0729,2.0839
738336.425443432,1.6556,-0.3552,0.0675,2.0783
738336.425445675,1.6641,-0.3435,0.0625,2.0701
738336.425447994,1.6718,-0.3346,0.0579,2.0643
738336.425450299,1.679,-0.3228,0.054,2.0558
738336.425452559,1.686,-0.3139,0.0507,2.0506
738336.42545464,1.6916,-0.3031,0.0483,2.043
738336.42545691,1.6983,-0.2936,0.0461,2.038
738336.42545927,1.7042,-0.2846,0.0445,2.0333
738336.425461339,1.71,-0.2732,0.0433,2.0265
738336.425464008,1.7165,-0.2636,0.0422,2.0223
738336.425466224,1.7243,-0.2501,0.041,2.0154
738336.42546845,1.731,-0.2415,0.0397,2.0122
738336.425470558,1.7385,-0.23,0.038,2.0065
738336.425472631,1.7464,-0.2218,0.0359,2.0041
738336.425474645,1.755,-0.2136,0.033,2.0016
738336.42547698,1.7669,-0.201,0.0287,1.9966
738336.425479275,1.7793,-0.1918,0.0233,1.9944
738336.425481585,1.7937,-0.1791,0.0168,1.9896
738336.425483835,1.8079,-0.1698,0.0095,1.9872
738336.425486088,1.8215,-0.1609,0.0015,1.9839
738336.425488362,1.8365,-0.1487,-0.007,1.9922
738336.425490597,1.8518,-0.1393,-0.0159,2.007
738336.425492887,1.8663,-0.1304,-0.0251,2.0218
738336.425495154,1.8819,-0.118,-0.0347,2.0346
738336.425497427,1.8978,-0.1086,-0.0444,2.0508
738336.42549964,1.914,-0.0991,-0.054,2.0671
738336.425501895,1.9291,-0.0872,-0.0638,2.0801
738336.425504228,1.9455,-0.0776,-0.0739,2.097
738336.425506468,1.962,-0.0681,-0.084,2.1141
738336.425508756,1.9786,-0.0555,-0.0939,2.128
738336.425511051,1.9953,-0.0459,-0.1041,2.1453
738336.425513349,2.0122,-0.0362,-0.1142,2.1626
738336.425515716,2.029,-0.0265,-0.1246,2.1801
738336.425518023,2.0458,-0.0168,-0.1349,2.1975
738336.42552035,2.0627,-0.0041,-0.1449,2.2117
738336.425522763,2.0806,-0.0062,-0.1554,2.2422
738336.425524791,2.0956,-0.0149,-0.1643,2.2748
738336.425526811,2.1094,-0.0231,-0.1727,2.3052
738336.425529171,2.1272,-0.0334,-0.1824,2.343
738336.425531201,2.1408,-0.0417,-0.1905,2.373
738336.425533532,2.1583,-0.0521,-0.1997,2.4101
738336.4255356,2.1716,-0.0604,-0.2075,2.4395
738336.425537762,2.1868,-0.0698,-0.2154,2.472
738336.425540013,2.2016,-0.0792,-0.2233,2.5041
738336.425542284,2.2159,-0.0886,-0.231,2.5355
738336.42554462,2.232,0.0992,-0.2387,2.5699
738336.425546849,2.2458,0.1057,-0.2456,2.5971
738336.425548951,2.2583,0.1147,-0.2518,2.6248
738336.425551129,2.2719,0.1242,-0.2576,2.6537
738336.425553119,2.2841,0.1302,-0.263,2.6773
738336.425555387,2.2966,0.1398,-0.2683,2.7047
738336.42555763,2.3087,0.1464,-0.2733,2.7284
738336.425559783,2.321,0.153,-0.2776,2.7516
738336.425562038,2.3332,0.1626,-0.2817,2.7775
738336.425564348,2.3466,0.1698,-0.2861,2.8025
738336.425566624,2.3598,0.1765,-0.2907,2.827
738336.425568871,2.374,0.1832,-0.2955,2.8527
738336.425571172,2.3892,0.1935,-0.3007,2.8834
738336.425573424,2.4032,0.2002,-0.3059,2.9093
738336.425575694,2.4179,0.2075,-0.311,2.9364
738336.425578047,2.4314,0.2149,-0.3158,2.9621
738336.425580344,2.4429,0.2216,-0.3199,2.9844
738336.425582336,2.4523,0.2273,-0.3227,3.0023
738336.425584367,2.4617,0.2366,-0.3249,3.0232
738336.425586793,2.4701,0.244,-0.3265,3.0406
738336.425588868,2.4773,0.2503,-0.3268,3.0544
738336.425591231,2.4831,0.2577,-0.326,3.0668
738336.425593204,2.4881,0.264,-0.3244,3.0765
738336.425595481,2.4913,0.2709,-0.3215,3.0837
738336.425597767,2.4932,0.2779,-0.3173,3.0884
738336.425600012,2.4947,0.2817,-0.3122,3.0886
738336.425602246,2.4955,0.2893,-0.3058,3.0906
738336.425604204,2.4948,0.2951,-0.2993,3.0892
738336.42560642,2.4956,0.3027,-0.2914,3.0897
738336.425608677,2.4945,0.3097,-0.2828,3.087
738336.425610961,2.4922,0.3136,-0.2735,3.0793
738336.425613259,2.491,0.3212,-0.2637,3.0759
738336.425615534,2.4883,0.3252,-0.2536,3.0671
738336.42561782,2.4869,0.3329,-0.2433,3.0631
738336.425620147,2.4854,0.3374,-0.2328,3.0556
738336.425622437,2.483,0.3446,-0.2226,3.0502
738336.425624802,2.4826,0.3504,-0.2115,3.0445
738336.425627027,2.4814,0.3544,-0.202,3.0378
738336.425629314,2.4801,0.3584,-0.1925,3.031
738336.425631584,2.4795,0.3631,-0.1829,3.0255
738336.425633758,2.4786,0.3703,-0.174,3.0229
738336.425635872,2.4772,0.3737,-0.1654,3.0163
738336.425638016,2.4773,0.3778,-0.1569,3.012
738336.4256402,2.4773,0.3819,-0.1484,3.0076
738336.425642385,2.4788,0.386,-0.1407,3.0055
738336.425644666,2.4814,0.3901,-0.1338,3.0053
738336.425647035,2.4867,0.3948,-0.1283,3.0098
738336.425649038,2.4938,0.3983,-0.1249,3.017
738336.425651384,2.5032,0.4031,-0.1225,3.0288
738336.425653406,2.5132,0.4066,-0.1218,3.0416
738336.425655684,2.5255,0.4114,-0.1222,3.0591
738336.425657922,2.5371,0.4156,-0.1235,3.0762
738336.42566016,2.5493,0.4198,-0.1254,3.0945
738336.425662439,2.5624,0.4214,-0.1276,3.1114
738336.425664688,2.5738,0.4256,-0.1299,3.1293
738336.425666958,2.5858,0.4305,-0.132,3.1483
738336.425669247,2.5961,0.4315,-0.1336,3.1612
738336.425671521,2.6073,0.437,-0.1348,3.1791
738336.425673697,2.6149,0.4373,-0.1353,3.1875
738336.425676055,2.6235,0.4422,-0.1352,3.2009
738336.425678017,2.6301,0.4459,-0.1344,3.2104
738336.425680267,2.6358,0.4469,-0.1328,3.2155
738336.425682555,2.6417,0.4486,-0.1304,3.2207
738336.425684895,2.646,0.4535,-0.1271,3.2266
738336.42568716,2.6485,0.4546,-0.1231,3.2262
738336.425689457,2.6513,0.4562,-0.1182,3.2257
738336.425691834,2.6518,0.4579,-0.1122,3.2219
738336.425694154,2.6516,0.4596,-0.1055,3.2167
738336.425696264,2.6505,0.46,-0.0988,3.2093
738336.425698344,2.6485,0.4604,-0.0915,3.2004
738336.425700724,2.6454,0.4628,-0.0822,3.1904
738336.425702802,2.6415,0.4632,-0.0735,3.1782
738336.425705087,2.6361,0.4649,-0.0628,3.1638
738336.425707118,2.6313,0.4653,-0.053,3.1496
738336.425709431,2.6239,0.4671,-0.0409,3.1319
738336.425711816,2.6158,0.4688,-0.0282,3.1128
738336.425713908,2.6076,0.4692,-0.0162,3.093
738336.425716033,2.5995,0.4703,-0.0034,3.0732
738336.425718539,2.5892,0.47,0.0124,3.0716
738336.42572063,2.5804,0.4704,0.0254,3.0762
738336.425723008,2.5713,0.4735,0.0411,3.0859
738336.425725095,2.5626,0.474,0.0546,3.0912
738336.425727429,2.5526,0.4723,0.0701,3.095
738336.425729699,2.5446,0.4741,0.0848,3.1035
738336.425732075,2.5378,0.4731,0.0996,3.1105
738336.425734059,2.5317,0.4736,0.112,3.1173
738336.425736438,2.5243,0.4754,0.1258,3.1255
738336.425738875,2.5194,0.4744,0.1389,3.1327
738336.425741117,2.5164,0.4768,0.1507,3.1439
738336.425743456,2.513,0.4752,0.1616,3.1498
738336.425745824,2.51,0.4736,0.1719,3.1555
738336.425748125,2.5109,0.476,0.1807,3.1676
738336.425750477,2.5128,0.4744,0.188,3.1752
738336.425752439,2.5172,0.4714,0.193,3.1816
738336.425754795,2.522,0.4698,0.1976,3.1894
738336.425757149,2.5293,0.4722,0.2009,3.2024
738336.425759463,2.535,0.4706,0.2034,3.209
738336.425761431,2.5413,0.4676,0.2052,3.2141
738336.425763442,2.5469,0.468,0.2067,3.2216
738336.425765788,2.5525,0.4629,0.2084,3.2238
738336.425768093,2.5574,0.4612,0.2101,3.2287
738336.425770427,2.5637,0.4602,0.2118,3.2357
738336.425772699,2.5685,0.4585,0.2136,3.2406
738336.425775084,2.572,0.4533,0.2155,3.2408
738336.425777492,2.5761,0.4523,0.2177,3.2461
738336.425779495,2.5795,0.4492,0.2196,3.2483
738336.42578148,2.5829,0.4461,0.2217,3.2507
738336.425783627,2.5844,0.443,0.2241,3.2515
738336.425785995,2.5867,0.4385,0.2271,3.2523
738336.425788138,2.5895,0.4325,0.2298,3.2518
738336.425790194,2.59,0.4294,0.2329,3.2523
738336.4257923,2.5918,0.4269,0.2361,3.2548
738336.425794324,2.5929,0.4202,0.2394,3.2525
738336.425796673,2.5923,0.4149,0.2435,3.2507
738336.42579867,2.5925,0.4117,0.2472,3.2514
738336.425800886,2.592,0.4057,0.2515,3.2492
738336.425802947,2.5906,0.3989,0.2558,3.2453
738336.425805087,2.5899,0.3928,0.2604,3.2431
738336.425807284,2.5881,0.3867,0.2653,3.2401
738336.425809446,2.5862,0.377,0.2704,3.2336
738336.425811635,2.584,0.3708,0.2757,3.2305
738336.425813716,2.582,0.3646,0.2811,3.2277
738336.425816006,2.5782,0.3555,0.2873,3.221
738336.425818296,2.5747,0.3464,0.2937,3.2148
738336.425820275,2.5727,0.3394,0.2992,3.2113
738336.425822261,2.5682,0.3282,0.3052,3.2016
738336.425824555,2.5643,0.3189,0.3122,3.1954
738336.425826606,2.5607,0.3083,0.3188,3.1878
738336.425828908,2.5554,0.299,0.3265,3.1809
738336.425831276,2.5517,0.2867,0.3345,3.1729
738336.425833298,2.5481,0.2759,0.3415,3.1655
738336.425835648,2.5444,0.2666,0.3494,3.1604
738336.425837738,2.5411,0.2557,0.3565,3.1533
738336.42583972,2.5406,0.2449,0.3628,3.1483
738336.425841827,2.5405,0.2303,0.3687,3.1395
738336.425843875,2.5418,0.2194,0.3738,3.135
738336.425845953,2.5445,0.2084,0.378,3.1309
738336.42584838,2.5509,0.1921,0.3816,3.1246
738336.42585044,2.558,0.1781,0.3837,3.1198
738336.42585243,2.5644,0.1663,0.3847,3.1154
738336.425854454,2.574,0.1552,0.3848,3.114
738336.425856885,2.5857,0.1387,0.3838,3.1082
738336.42585919,2.5976,0.1214,0.382,3.101
738336.425861239,2.6088,0.1101,0.38,3.0989
738336.425863299,2.6199,0.0951,0.3777,3.0927
738336.425865278,2.6294,0.0831,0.3751,3.0876
738336.425867284,2.6413,0.0717,0.3726,3.0856
738336.425869646,2.6534,0.0542,0.3693,3.0769
738336.425871698,2.6633,0.0383,0.3666,3.0682
738336.42587371,2.6742,0.0268,0.3638,3.0648
738336.425875736,2.6856,0.0115,0.361,3.0581
738336.425878117,2.6976,0.0062,0.3579,3.0617
738336.425880119,2.7086,0.0179,0.3553,3.0818
738336.425882125,2.7179,0.034,0.3528,3.1047
738336.425884152,2.7291,0.0495,0.3505,3.1291
738336.425886123,2.7384,0.0658,0.3483,3.1525
738336.425888516,2.7495,-0.0838,0.3458,3.1791
738336.425890548,2.76,-0.0956,0.3438,3.1994
738336.425892603,2.7702,-0.1113,0.3419,3.2234
738336.425894891,2.7801,-0.1302,0.34,3.2503
738336.425897056,2.7916,-0.1454,0.3384,3.2754
738336.425899029,2.8004,-0.1619,0.3369,3.2992
738336.425901353,2.8132,-0.1803,0.3352,3.3287
738336.42590337,2.8237,-0.197,0.3337,3.3544
738336.425905738,2.8374,-0.2155,0.3316,3.3845
738336.425908109,2.8534,-0.2334,0.3293,3.4161
738336.425910105,2.8648,-0.2503,0.3271,3.4422
738336.425912128,2.8766,-0.2671,0.3248,3.4685
738336.425914145,2.89,-0.2834,0.3224,3.4958
738336.425916463,2.9044,-0.3022,0.3195,3.5261
738336.42591882,2.9185,-0.3251,0.3164,3.56
738336.425920879,2.9295,-0.3422,0.3139,3.5856
738336.425922898,2.9422,-0.3587,0.3113,3.6122
738336.425924987,2.9527,-0.3759,0.3088,3.6374
738336.42592717,2.9656,-0.3958,0.3062,3.6676
738336.425929363,2.9764,-0.4164,0.3038,3.6966
738336.425931482,2.9889,-0.4325,0.3015,3.7229
738336.42593367,2.9997,-0.4532,0.2995,3.7524
738336.42593571,3,-0.474,0.2976,3.7716
738336.42593775,3,-0.4916,0.2959,3.7875
738336.425939901,3,-0.5126,0.2944,3.807
738336.425942082,3,-0.5329,0.293,3.8259
738336.425944339,3,-0.5534,0.2917,3.8451
738336.425946511,3,-0.5745,0.2906,3.8651
738336.425948701,3,-0.5951,0.2896,3.8847
738336.425950781,3,-0.6164,0.2888,3.9052
738336.425953015,3,-0.6371,0.2881,3.9252
738336.425955421,3,-0.6653,0.2874,3.9527
738336.425957482,3,-0.6829,0.287,3.9699
738336.425959784,3,-0.7078,0.2867,3.9945
738336.425961849,3,-0.7296,0.2865,4.0161
738336.425963853,3,-0.752,0.2865,4.0385
738336.425966152,3,-0.7725,0.2867,4.0592
738336.425968145,3,-0.7951,0.2869,4.082
738336.425970742,3,-0.8178,0.2873,4.1051
738336.425972963,3,-0.8482,0.2881,4.1363
738336.425975071,3,-0.8704,0.2888,4.1592
738336.425977076,3,-0.8933,0.2896,4.1829
738336.425979075,3,-0.9122,0.2906,4.2028
738336.4259812,3,-0.9346,0.2917,4.2263
738336.425983274,3,-0.9571,0.2929,4.25
738336.425985683,3,-0.9825,0.2944,4.2769
738336.425987811,3,-1.0052,0.2959,4.3011
738336.425989894,3,-1.0279,0.2975,4.3254
738336.425992056,3,-1.0508,0.2992,4.35
738336.425994211,3,-1.0737,0.3011,4.3748
738336.425996417,3,-1.096,0.3031,4.3991
738336.425998655,3,-1.1143,0.3052,4.4195
738336.426000727,3,-1.1374,0.3071,4.4445
738336.426002781,3,-1.1565,0.3089,4.4654
738336.426005025,3,-1.1791,0.3107,4.4898
738336.426007487,3,-1.2012,0.3121,4.5133
738336.426009636,3,-1.2199,0.3127,4.5326
738336.426011873,3,-1.2428,0.3124,4.5552
738336.426013977,3,-1.2573,0.3111,4.5684
738336.426016111,3,-1.2768,0.3089,4.5857
738336.426018196,3,-1.2963,0.3061,4.6024
738336.426020284,3,-1.3117,0.3027,4.6144
738336.426022369,3,-1.3271,0.2988,4.6259
738336.426024766,3,-1.345,0.2941,4.6391
738336.426026801,3,-1.3605,0.2898,4.6503
738336.426028918,3,-1.3761,0.2852,4.6613
738336.426031333,3,-1.3898,0.2798,4.6696
738336.426033488,3,-1.4049,0.2748,4.6797
738336.426035674,3,-1.4164,0.2698,4.6862
738336.426037777,3,-1.4272,0.2647,4.6919
738336.426039953,3,-1.4381,0.2593,4.6974
738336.426042018,3,-1.4497,0.2541,4.7038
738336.426044093,3,-1.4569,0.2486,4.7055
738336.426046487,3,-1.4667,0.2422,4.7089
738336.426048903,3,-1.4765,0.2356,4.7121
738336.426051126,3,-1.4832,0.2292,4.7124
738336.426053184,3,-1.4906,0.2233,4.7139
738336.426055579,3,-1.4961,0.2162,4.7123
738336.426057636,3,-1.5035,0.2099,4.7134
738336.426059727,3,-1.506,0.2035,4.7095
738336.426061752,3,-1.509,0.197,4.706
738336.426064147,3,-1.5102,0.1893,4.6995
738336.426066519,3,-1.512,0.1814,4.6934
738336.42606859,3,-1.5151,0.1745,4.6896
738336.42607065,3,-1.5131,0.1673,4.6804
738336.426072654,3,-1.5118,0.1602,4.672
738336.426074725,3,-1.5104,0.1531,4.6635
738336.42607677,3,-1.509,0.1458,4.6548
738336.426078776,3,-1.5077,0.1386,4.6463
738336.426080826,3,-1.5063,0.1314,4.6377
738336.426083226,3,-1.5029,0.123,4.6259
738336.426085333,3,-1.497,0.1158,4.6128
738336.426087383,3,-1.4956,0.109,4.6046
738336.42608976,3,-1.4877,0.1014,4.5891
738336.426092125,3,-1.4843,0.094,4.5783
738336.426094192,3,-1.4783,0.0877,4.566
738336.426096583,3,-1.4749,0.0805,4.5554
738336.426098642,3,-1.4688,0.074,4.5428
738336.426100956,3,-1.4615,0.0662,4.5277
738336.42610294,3,-1.4554,0.0592,4.5146
738336.426104892,3,-1.4499,0.052,4.5019
738336.426107217,3,-1.4471,0.0434,4.4905
738336.426109578,3,-1.4389,0.0347,4.4736
738336.426112039,3,-1.4353,0.026,4.4613
738336.42611415,3,-1.4291,0.0186,4.4477
738336.426116361,3,-1.4222,0.0117,4.4339
738336.426118436,3,-1.4153,0.0052,4.4205
738336.426120539,3,-1.4137,-0.0006,4.4143
738336.426122914,3,-1.4053,-0.0065,4.4118
738336.426125314,3,-1.4023,-0.0117,4.414
738336.426127328,3,-1.3959,-0.0156,4.4115
738336.426129361,3,-1.3896,-0.0188,4.4084
738336.426131681,3,-1.3865,-0.0219,4.4084
738336.426133686,3,-1.3801,-0.024,4.4041
738336.426136058,3,-1.377,-0.0256,4.4026
738336.426138421,3,-1.3684,-0.0264,4.3948
738336.42614077,3,-1.3653,-0.0265,4.3918
738336.426143093,3,-1.3621,-0.0258,4.3879
738336.426145488,3,-1.3535,-0.0243,4.3778
738336.426147748,3,-1.3503,-0.0222,4.3725
738336.426150009,3,-1.3477,-0.0195,4.3672
738336.426152384,3,-1.3445,-0.0159,4.3604
738336.426154378,3,-1.3372,-0.0121,4.3493
738336.426156442,3,-1.3353,-0.0079,4.3432
738336.42615877,3,-1.3321,-0.0024,4.3345
738336.426161088,3,-1.3288,0.0036,4.3324
738336.426163087,3,-1.3276,0.0093,4.3369
738336.426165095,3,-1.3209,0.0156,4.3365
738336.426167458,3,-1.3217,0.0235,4.3452
738336.426169804,3,-1.3184,0.032,4.3504
738336.426172128,3,-1.315,0.0409,4.3559
738336.426174498,3,-1.3109,0.0505,4.3614
738336.426176594,3,-1.3139,0.0595,4.3734
738336.426178656,3,-1.312,0.0686,4.3806
738336.426180681,3,-1.3101,0.0781,4.3882
738336.426182759,3,-1.3081,0.088,4.3961
738336.426184876,3,-1.3104,0.0985,4.4089
738336.426186938,3,-1.3085,0.1094,4.4179
738336.426189016,3,-1.3108,0.1203,4.4311
738336.426191339,3,-1.3073,0.1328,4.4401
738336.426193675,3,-1.3081,0.1459,4.454
738336.426195669,3,-1.3119,0.1573,4.4692
738336.426198055,3,-1.3127,0.1711,4.4838
738336.426200395,3,-1.3143,0.185,4.4993
738336.426202715,3,-1.3151,0.1989,4.514
738336.426204748,3,-1.3182,0.2112,4.5294
738336.42620708,3,-1.3242,0.2249,4.5491
738336.426209125,3,-1.3273,0.2358,4.5631
738336.426211461,3,-1.3289,0.2464,4.5753
738336.426213477,3,-1.3321,0.2535,4.5856
738336.426215521,3,-1.3404,0.2591,4.5995
738336.426217511,3,-1.3436,0.2631,4.6067
738336.426219833,3,-1.3497,0.2664,4.6161
738336.426221879,3,-1.3537,0.268,4.6217
738336.426224126,3,-1.3561,0.2684,4.6245
738336.426226146,3,-1.363,0.2672,4.6302
738336.426228568,3,-1.3632,0.2635,4.6267
738336.426230907,3,-1.3702,0.2574,4.6276
738336.426233311,3,-1.3712,0.2486,4.6198
738336.426235643,3,-1.3782,0.2379,4.6161
738336.42623768,3,-1.3816,0.2274,4.609
738336.426239653,3,-1.3849,0.2162,4.6011
738336.426241618,3,-1.3891,0.2046,4.5937
738336.426243593,3,-1.3925,0.1931,4.5856
738336.426245704,3,-1.3959,0.181,4.5769
738336.426247736,3,-1.3993,0.1685,4.5678
738336.426249937,3,-1.402,0.1561,4.5581
738336.426252167,3,-1.41,0.1434,4.5534
738336.426254216,3,-1.4127,0.1315,4.5442
738336.426256352,3,-1.4162,0.1203,4.5365
738336.426258538,3,-1.4189,0.1092,4.5281
738336.426260737,3,-1.4216,0.0985,4.5201
738336.426262888,3,-1.4306,0.0885,4.5191
738336.426265087,3,-1.4333,0.0789,4.5122
738336.426267139,3,-1.4361,0.0702,4.5063
738336.426269266,3,-1.4397,0.0621,4.5018
738336.426271363,3,-1.4433,0.0546,4.4979
738336.426273363,3,-1.4524,0.0481,4.5005
738336.426275801,3,-1.4545,0.0409,4.4954
738336.426277865,3,-1.4628,0.0353,4.4981
738336.426280213,3,-1.4657,0.0299,4.4956
738336.426282499,3,-1.4734,0.0253,4.4987
738336.426284546,3,-1.4771,0.0218,4.4989
738336.426286621,3,-1.4809,0.019,4.4999
738336.426288639,3,-1.4902,0.0168,4.507
738336.426290694,3,-1.494,0.0152,4.5092
738336.426292779,3,-1.4978,0.0142,4.512
738336.426294909,3,-1.5073,0.0138,4.5211
738336.42629711,3,-1.5103,0.014,4.5243
738336.426299214,3,-1.5142,0.0149,4.5291
738336.426301247,3,-1.5181,0.0162,4.5343
738336.426303323,3,-1.5221,0.0179,4.54
738336.426305323,3,-1.526,0.0201,4.5461
738336.426307409,3,-1.53,0.0225,4.5525
738336.426309475,3,-1.534,0.0251,4.5591
738336.426311915,3,-1.5355,0.0282,4.5637
738336.426314005,3,-1.5395,0.0306,4.5701
738336.426315993,3,-1.5378,0.0328,4.5706
738336.426318087,3,-1.5361,0.0347,4.5708
738336.426320159,3,-1.5401,0.0365,4.5766
738336.426322286,3,-1.5384,0.038,4.5764
738336.426324368,3,-1.5359,0.0394,4.5753
738336.426326542,3,-1.5341,0.0406,4.5747
738336.426328662,3,-1.5316,0.0416,4.5732
738336.426330848,3,-1.5281,0.0427,4.5708
738336.426332947,3,-1.5205,0.0436,4.5641
738336.426335004,3,-1.5129,0.0444,4.5573
738336.426337198,3,-1.5102,0.0453,4.5555
738336.426339332,3,-1.5016,0.0463,4.5479
738336.426341361,3,-1.4939,0.0473,4.5412
738336.426343431,3,-1.4861,0.0484,4.5345
738336.426345563,3,-1.4714,0.0499,4.5213
738336.426347596,3,-1.4635,0.0517,4.5152
738336.426349625,3,-1.4496,0.0539,4.5035
738336.426352021,3,-1.433,0.0571,4.4901
738336.426354054,3,-1.4189,0.0604,4.4793
738336.426356181,3,-1.4048,0.0645,4.4693
738336.426358323,3,-1.3897,0.0693,4.459
738336.426360817,3,-1.3658,0.0758,4.4416
738336.42636287,3,-1.3454,0.0822,4.4276
738336.426364993,3,-1.3239,0.0892,4.4131
738336.426367051,3,-1.3033,0.0971,4.4004
738336.426369465,3,-1.2788,0.1073,4.3861
738336.426371546,3,-1.2518,0.1168,4.3686
738336.426373896,3,-1.2219,0.1286,4.3505
738336.426375993,3,-1.2007,0.1398,4.3405
738336.426378426,3,-1.1695,0.1536,4.3231
738336.426380719,3,-1.1338,0.1676,4.3014
738336.426383062,3,-1.1031,0.1824,4.2855
738336.426385353,3,-1.0732,0.1974,4.2706
738336.426387703,3,-1.0422,0.2126,4.2548
738336.426389748,3,-1.0139,0.2258,4.2397
738336.426392082,3,-0.9825,0.2401,4.2226
738336.426394213,3,-0.9467,0.2522,4.1989
738336.426396333,3,-0.9242,0.2633,4.1875
738336.426398413,3,-0.8933,0.2742,4.1675
738336.426400589,3,-0.8569,0.2851,4.142
738336.426402729,3,-0.832,0.2953,4.1273
738336.426405081,3,-0.7931,0.306,4.0991
738336.426407073,3,-0.7699,0.3144,4.0843
738336.426409355,3,-0.7381,0.3237,4.0618
738336.426411622,3,-0.705,0.3322,4.0372
738336.426413635,3,-0.675,0.3392,4.0142
738336.426415715,3,-0.6447,0.3458,3.9905
738336.426417724,3,-0.6198,0.3518,3.9716
738336.426419774,3,-0.5881,0.3575,3.9456
738336.426422155,3,-0.5541,0.363,3.9171
738336.426424213,3,-0.5286,0.3674,3.896
738336.426426243,3,-0.4976,0.371,3.8686
738336.426428654,3,-0.463,0.3743,3.8373
738336.426430754,3,-0.4359,0.3764,3.8123
738336.426432818,3,-0.4032,0.3776,3.7808
738336.426435224,3,-0.3746,0.378,3.7526
738336.426437341,3,-0.3414,0.3775,3.7189
738336.426439396,3,-0.3148,0.3763,3.6911
738336.426441537,3,-0.2813,0.3744,3.6557
738336.426443554,3,-0.2556,0.372,3.6276
738336.426445692,3,-0.2205,0.369,3.5895
738336.426447842,3,-0.1932,0.3656,3.5588
738336.426449897,3,-0.1658,0.3618,3.5276
738336.426452095,3,-0.1382,0.3576,3.4958
738336.426454248,3,-0.1035,0.3531,3.4566
738336.426456288,3,-0.0756,0.3485,3.4241
738336.426458493,3,-0.0531,0.3435,3.3966
738336.426460686,3,-0.0248,0.3382,3.363
738336.426463128,3,-0.0075,0.3322,3.3397
738336.426465249,3,-0.0362,0.3268,3.363
738336.42646737,3,-0.0581,0.3215,3.3796
738336.426469522,3,-0.0801,0.3161,3.3962
738336.426472142,3,-0.1062,0.3098,3.416
738336.426474171,3,-0.1298,0.3045,3.4343
738336.426476266,3,-0.1523,0.2997,3.452
738336.4264784,3,-0.1749,0.2951,3.47
738336.426480593,3,0.1976,0.2906,3.4882
738336.426482677,3,0.2134,0.2866,3.5
738336.426484873,3,0.2364,0.2827,3.5191
738336.426487248,3,0.2551,0.2789,3.534
738336.426489567,3,0.2726,0.2755,3.5481
738336.42649189,3,0.2915,0.2725,3.564
738336.426494088,3,0.302,0.27,3.572
738336.426496189,3,0.3171,0.268,3.5851
738336.4264983,3,0.3263,0.2663,3.5926
738336.426500362,3,0.3429,0.265,3.6079
738336.426502406,3,0.3509,0.264,3.6149
738336.42650439,3,0.3589,0.2635,3.6224
738336.426506431,3,0.367,0.2633,3.6303
738336.426508587,3,0.3692,0.2635,3.6327
738336.426510828,3,0.3802,0.2643,3.6445
738336.426513032,3,0.3824,0.2656,3.648
738336.426515146,3,0.3846,0.2673,3.6519
738336.426517319,3,0.3869,0.2696,3.6565
738336.426519502,3,0.3831,0.2724,3.6555
738336.426521802,3,0.3868,0.2759,3.6627
738336.426523846,3,0.3876,0.2792,3.6668
738336.426526043,3,0.3823,0.2832,3.6655
738336.426528103,3,0.3846,0.2874,3.672
738336.426530259,3,0.3854,0.2918,3.6772
738336.42653242,3,0.3801,0.2963,3.6764
738336.42653459,3,0.3824,0.3011,3.6835
738336.42653693,3,0.38,0.3065,3.6865
738336.426539,3,0.3745,0.3112,3.6857
738336.426541073,3,0.3753,0.3161,3.6914
738336.426543134,3,0.3761,0.3211,3.6972
738336.426545269,3,0.3706,0.3263,3.6969
738336.426547511,3,0.3729,0.3317,3.7046
738336.426549694,3,0.3689,0.3375,3.7064
738336.426551833,3,0.3712,0.3434,3.7146
738336.426554008,3,0.3736,0.3497,3.7233
738336.42655611,3,0.368,0.3566,3.7246
738336.426558384,3,0.3719,0.3649,3.7368
738336.426560636,3,0.3758,0.3744,3.7502
738336.426562853,3,0.3717,0.3848,3.7565
738336.426565235,3,0.3757,0.3966,3.7723
738336.42656742,3,0.3797,0.4091,3.7888
738336.426569531,3,0.3821,0.4221,3.8042
738336.426571905,3,0.3811,0.4382,3.8193
738336.426574,3,0.3902,0.4535,3.8437
738336.426576067,3,0.3927,0.4699,3.8626
738336.426578236,3,0.3953,0.4878,3.8831
738336.426580353,3,0.3994,0.5068,3.9062
738336.426582414,3,0.4004,0.5264,3.9268
738336.426584661,3,0.4062,0.5488,3.955
738336.426587012,3,0.4037,0.573,3.9767
738336.426589425,3,0.4096,0.5984,4.008
738336.426591698,3,0.4156,0.6232,4.0388
738336.426594008,3,0.4114,0.6472,4.0586
