time_s,sub_id,level,run_id,glideslope_error_deg,localizer_error_deg,airspeed_error_kts,total_error,HR_mean,HR_std,HR_min,HR_max,HR_range,BR_mean,BR_std,Rsp_amp_mean,Rsp_amp_std,elevation_mean,aileron_mean,gear_mean
10.02144031226635,22,2,10,-0.1056,-0.0421,-0.7098,0.8575,68.62383067134786,2.9233669124998154,65.08474576271186,76.26215114455943,11.177405381847564,16.001518393407185,1.3978174540519939,0.03022748644891061,0.003842654579750141,0.019607901573181197,0.003921627998351999,70.0
10.987307131290436,22,2,10,-0.0959,-0.0614,-0.7381,0.8954,68.5735883365131,2.7235196840215377,65.08474576271186,74.5631067961165,9.478361033404639,15.804005648266187,1.2768978410893355,0.031101422374846793,0.005307774461984093,0.019607901573181197,0.003921627998351999,70.0
12.091756984591484,22,2,10,-0.0883,-0.0856,-0.7572,0.9311,68.71576730296769,2.607757182114779,65.08474576271186,74.5631067961165,9.478361033404639,15.72997481526387,1.1949450277014886,0.03273940523926282,0.007770574096749439,0.019607901573181197,0.003921627998351999,70.0
13.04604671895504,22,2,10,-0.0837,-0.1063,-0.7619,0.9519,68.91682773114414,2.455055178084388,65.29092510005877,74.5631067961165,9.272181696057729,15.98003269183322,1.7786952249527106,0.0339225173369166,0.008806224878532594,0.019607901573181197,0.003921627998351999,70.0
13.994894921779633,22,2,10,-0.0803,-0.1283,-0.7758,0.9844,69.06833633152365,2.528781785078297,61.60427807486632,74.5631067961165,12.958828721250178,16.8968052235323,3.709797728291646,0.03284434351586456,0.009621545039250957,0.019607901573181197,0.003921627998351999,70.0
15.121543407440186,22,2,10,-0.0792,-0.1516,-0.8436,1.0744,68.64420008761418,3.156534950363615,60.95238095238095,74.5631067961165,13.610725843735551,19.23019035461163,7.733329122524858,0.031227119184916115,0.010823251900591973,0.019607901573181197,0.003921627998351999,70.0
16.05181396007538,22,2,10,-0.0801,-0.1683,-0.8939,1.1423,68.68674079310264,3.3411724070252933,60.95238095238095,76.8,15.847619047619048,21.58120021456671,9.533769391903125,0.030939866655461012,0.010960027209794589,0.019607901573181197,0.003921627998351999,70.0
16.99185110628605,22,2,10,-0.0828,-0.1837,-0.8794,1.1459,68.79764966674111,3.4618185830365675,60.95238095238095,76.8,15.847619047619048,22.894239789292534,9.416758051686902,0.03134869086596971,0.01082226161195445,0.019607901573181197,0.003921627998351999,70.0
18.10649000108242,22,2,10,-0.0831,-0.1995,-0.8263,1.1089,68.17055889146332,3.488613638020553,60.95238095238095,76.8,15.847619047619048,23.571948686429295,9.023160722009834,0.03201494401313655,0.010582247691863503,0.019607901573181197,0.003921627998351999,70.0
19.022507965564728,22,2,10,-0.0796,-0.2122,-0.7953,1.0871,67.79530428024913,3.28579237033861,60.95238095238095,76.8,15.847619047619048,23.99384925408219,8.685438227562836,0.03270347619908156,0.01034753364586774,0.019607901573181197,0.003921627998351999,70.0
19.996491819620132,22,2,10,-0.0737,-0.2243,-0.8056,1.1036,67.57072433731977,3.146076135876135,60.95238095238095,76.8,15.847619047619048,24.241754671913313,8.458566337237338,0.03284467257810849,0.010315193968668038,0.019607901573181197,0.003921627998351999,70.0
21.025001630187035,22,2,10,-0.0661,-0.2388,-0.8438,1.1487,67.58038737749014,3.1461723618823614,60.95238095238095,76.8,15.847619047619048,24.32264868520281,8.380463489914401,0.032231146872422484,0.009877399797271287,0.019607901573181197,0.003921627998351999,70.0
22.152263671159744,22,2,10,-0.0583,-0.2577,-0.8912,1.2072,68.05282490387098,3.4441072157988004,60.95238095238095,76.8,15.847619047619048,24.197099968857792,8.496461614421728,0.03132592953290992,0.008546051315665803,0.0196079015731812,0.003921627998351999,70.0
23.10231886804104,22,2,10,-0.0551,-0.2765,-0.9209,1.2525,68.28122685379677,3.5690631110601196,60.95238095238095,76.8,15.847619047619048,23.660033486471544,8.881637908685423,0.0313950061064612,0.008510294270880712,0.019607901573181197,0.003921627998351999,70.0
24.06723015010357,22,2,10,-0.056,-0.2952,-0.9364,1.2876,69.02490536901777,4.341869674659439,60.95238095238095,86.53580549266877,25.583424540287822,22.410254354570828,9.235911641002428,0.03401751425326088,0.00922947926179992,0.019607901573181197,0.003921627998351999,70.0
25.033438950777054,22,2,10,-0.0642,-0.3078,-0.9298,1.3018,71.21314454029815,6.276673563333948,65.08474576271186,92.53012048192772,27.445374719215863,19.8023713187982,7.552021978729204,0.03715875890405249,0.007950117295449607,0.0196079015731812,0.003921627998351999,70.0
25.984791666269302,22,2,10,-0.0797,-0.3158,-0.8931,1.2886,70.62558388901246,6.29547338705384,65.08474576271186,92.53012048192772,27.445374719215863,17.21580352381642,4.382450313956446,0.039042383324994476,0.007054023932070247,0.0196079015731812,0.003921627998351999,70.0
27.08941251039505,22,2,10,-0.0983,-0.3193,-0.8371,1.2547,70.71115567762766,6.224158079861369,65.08474576271186,92.53012048192772,27.445374719215863,15.704107335452198,2.720892496502448,0.04006821617080458,0.006304049728699491,0.019607901573181197,0.004825980314668572,70.0
28.025728091597557,22,2,10,-0.1154,-0.3214,-0.7842,1.221,71.61340874554256,6.010456588944292,66.10629528330104,92.53012048192772,26.423825198626687,15.020042947877903,2.02525713704611,0.04066288791960237,0.005684674231093204,0.02151324599981313,0.00599555133913568,70.0
28.9923794567585,22,2,10,-0.1344,-0.3217,-0.7233,1.1794,72.27465052877376,5.945531640998089,66.20689655172414,92.53012048192772,26.323223930203582,15.028081235903755,2.088260772358256,0.04107506789109261,0.005191147578048011,0.027345350298744023,0.007147730972904391,70.0
30.0970908254385,22,2,10,-0.1548,-0.3241,-0.6585,1.1374,73.40184427031411,6.184352011289077,66.20689655172414,92.53012048192772,26.323223930203582,15.437594895153666,2.8082363346584915,0.041321029392367814,0.004880663819645837,0.03607379448301388,0.008261312853615208,70.0
31.0502540320158,22,2,10,-0.1703,-0.3265,-0.6105,1.1073,73.80633269014888,6.205791924277766,65.08474576271186,92.53012048192772,27.445374719215863,15.892182847890973,3.2810242044371782,0.04137274401409878,0.0048206392391577065,0.04399317053129084,0.008629645097930445,70.0
31.978533044457436,22,2,10,-0.1832,-0.3314,-0.5739,1.0885,73.59669461812318,6.34744498196545,65.08474576271186,92.53012048192772,27.445374719215863,16.32867964770154,3.513161297568996,0.0414389030242618,0.004835660990227131,0.0519125465795678,0.008074809999187575,70.0
33.13845433294773,22,2,10,-0.1957,-0.3388,-0.543,1.0775,74.13297372518687,6.15636534078249,65.08474576271186,92.53012048192772,27.445374719215863,16.733668767815413,3.5542580945356885,0.04178679301904087,0.005298506142034557,0.06141579783750016,0.00636352712007343,70.0
34.07166190445423,22,2,10,-0.202,-0.3466,-0.531,1.0796,74.61055433079494,6.173792999448713,65.08474576271186,92.53012048192772,27.445374719215863,17.03781785473661,3.4382152331371043,0.04257454332660084,0.0067236992720633194,0.06933517388577712,0.004129177565633676,70.0
35.033897683024406,22,2,10,-0.2054,-0.3531,-0.5309,1.0894,74.25929559423685,5.253023979881095,65.08474576271186,85.33333333333333,20.248587570621467,17.178479229670653,3.311319486168766,0.04376440653392093,0.008392003135940991,0.07725454993405409,0.0015136934201812895,70.0
36.13843806087971,22,2,10,-0.2056,-0.3574,-0.5449,1.1079,75.71260380993053,4.977144737240161,65.08474576271186,85.33333333333333,20.248587570621467,17.162152254094348,3.3376485478698115,0.04511453531047375,0.009358616621234318,0.08551428453237896,-0.0012828347497378227,70.0
37.06144653260708,22,2,10,-0.2035,-0.3605,-0.5666,1.1306,76.63472976092162,4.4814682711498595,65.08474576271186,85.33333333333333,20.248587570621467,17.006642611892254,3.577527061639077,0.04637353670139338,0.00941092133122962,0.09467717724026344,-0.0036444964045482925,70.0
38.0022581666708,22,2,10,-0.199,-0.3634,-0.5958,1.1582,76.66697824005936,4.476246471487989,65.08474576271186,85.33333333333333,20.248587570621467,16.57867294020256,4.079666083237208,0.04721961434039298,0.008928502817147034,0.1007271587567506,-0.0059906852009864245,70.0
39.10394199192524,22,2,10,-0.1911,-0.3647,-0.6383,1.1941,76.46869830066757,4.593125750193408,65.08474576271186,85.33333333333333,20.248587570621467,15.657534228388249,4.455906287267289,0.04743380669154689,0.008710614690768195,0.10293611497790686,-0.008348511609559243,70.0
40.02704098820686,22,2,10,-0.1833,-0.3629,-0.6786,1.2248,76.0583350100222,4.522129060329818,65.08474576271186,85.33333333333333,20.248587570621467,14.494306817720481,4.268928433164022,0.047101350387428416,0.009196830765322373,0.10355328768491705,-0.010970223826830652,70.0
41.14220291376114,22,2,10,-0.1733,-0.3582,-0.7303,1.2618,77.29968279819636,4.726538020008919,65.11135028269342,86.47700712693234,21.365656844238913,13.492309982359178,3.745018051679148,0.04639987714872434,0.010182562193712767,0.10355328768491706,-0.012487841519975515,70.0
42.09865517914295,22,2,10,-0.1648,-0.3508,-0.7739,1.2895,79.4289981843709,5.581187778654067,72.45283018867924,94.8148148148148,22.361984626135552,12.758929028270604,3.032952934980761,0.045171320984410825,0.0113534213215204,0.10272071151821661,-0.013136515687047289,70.0
43.03038418292999,22,2,10,-0.1582,-0.3407,-0.8112,1.3101,80.13670483103044,5.4555049055530755,72.45283018867924,94.8148148148148,22.361984626135552,12.291650380088035,2.3266138816633424,0.04315096049731913,0.012146803634295933,0.10058428965649477,-0.012962832976624605,70.0
44.131213054060936,22,2,10,-0.1544,-0.324,-0.8417,1.3201,80.83534559291614,5.723310633570638,72.45283018867924,94.8148148148148,22.361984626135552,12.059926324808549,1.914580593386964,0.04041492946911224,0.011824451676714724,0.0981415426013643,-0.011713382563795156,70.0
45.069942623376846,22,2,10,-0.1551,-0.3044,-0.8541,1.3136,81.56736626839204,6.092005254309977,72.45283018867924,94.8148148148148,22.361984626135552,12.082578745993171,1.9342698910725484,0.037476905746408315,0.01019606548919732,0.09654391943304598,-0.008683850816278506,70.0
46.01515978574753,22,2,10,-0.1592,-0.2808,-0.854,1.294,81.78155963866772,6.117096845311063,72.45283018867924,94.8148148148148,22.361984626135552,12.326154436981378,2.114043072724543,0.03501439705821942,0.007719552526486584,0.09478390020019578,-0.005027780362035828,70.0
46.98422513902187,22,2,10,-0.1653,-0.2543,-0.8435,1.2631,81.87100168329775,6.071955582025358,72.45283018867924,94.8148148148148,22.361984626135552,12.74490703373482,2.221238192515723,0.03337592610261943,0.005165991067830708,0.0937050772163101,-0.0019184214432002955,70.0
48.05324971675873,22,2,10,-0.1738,-0.2244,-0.8244,1.2226,82.07208419587178,5.847203019321581,72.45283018867924,94.8148148148148,22.361984626135552,13.367195882704706,2.2579477041871368,0.03261670620504938,0.00360069384530276,0.09262625423242445,0.0010475739485250723,70.0
49.01143200695515,22,2,10,-0.1821,-0.1978,-0.8032,1.1831,82.39389592206797,5.411939876828177,72.79045976205774,94.8148148148148,22.02435505275706,14.29276307963429,2.4501456699129234,0.032577652539075894,0.003485211988436834,0.09131654939399304,0.0042631630785763645,70.0
50.12262091040611,22,2,10,-0.193,-0.1688,-0.7759,1.1377,82.00504434951566,5.9482338472393455,71.11111111111111,94.8148148148148,23.70370370370368,15.392441770862211,2.7135342327621452,0.03307991491556088,0.003800935808989066,0.09025284366787596,0.007572763810320882,70.0
51.07431560754776,22,2,10,-0.2033,-0.1465,-0.7507,1.1005,80.79290366096981,6.467026229322677,71.11111111111111,94.8148148148148,23.70370370370368,16.30479694231268,2.645630142684201,0.03383780773164732,0.003787315405440218,0.08889749631858786,0.010913837360791321,70.0
52.001820132136345,22,2,10,-0.2138,-0.1282,-0.7239,1.0659,79.13499932756797,5.619159278310705,71.11111111111111,89.30232558139535,18.191214470284237,16.863533262681166,2.418689514697501,0.03444054556740861,0.0034798523308607744,0.08866252506581637,0.013936871125434484,70.0
53.116901591420174,22,2,10,-0.2263,-0.109,-0.6911,1.0264,78.57292079433675,5.5580101686401395,71.11111111111111,89.30232558139535,18.191214470284237,17.126913155362594,2.255899010432658,0.03468066755369674,0.003205685894159103,0.08976960814786407,0.016929863547941452,70.0
54.05580215156078,22,2,10,-0.2349,-0.0925,-0.6679,0.9953,78.00881451210925,4.97500465987146,71.11111111111111,89.30232558139535,18.191214470284237,17.30697289401349,2.122158457681599,0.0345834295384774,0.0033800639392754656,0.09099876278868088,0.01886043396706766,70.0
54.99073974788189,22,2,10,-0.241,-0.0761,-0.654,0.9711,77.96280620159487,4.907980217329519,71.11111111111111,90.3529411764706,19.24183006535948,17.543899360941754,1.9630661313295679,0.03430599017545712,0.003799629032267104,0.0915582634222049,0.018756062938616837,70.0
56.11705631017685,22,2,10,-0.2437,-0.0554,-0.6538,0.9529,77.92498591105904,4.848952731147465,71.11111111111111,90.3529411764706,19.24183006535948,17.913511976036965,1.7906582816203136,0.03397946757737075,0.00403625028783666,0.0921177640557289,0.017919552020447434,70.0
57.076868042349815,22,2,10,-0.2418,-0.0373,-0.6691,0.9482,77.6239511975919,4.883082502779722,71.11111111111111,90.3529411764706,19.24183006535948,18.461849677822535,1.729871806222685,0.03364174172149972,0.003995425176782293,0.0921177640557289,0.016391503044737948,70.0
58.03668983280659,22,2,10,-0.2375,-0.0191,-0.6931,0.9497,78.31250645734715,5.218801943192495,71.11111111111111,90.3529411764706,19.24183006535948,19.26245707014609,2.317209716041582,0.033188551804561386,0.00372926974731223,0.0921177640557289,0.013762836467544972,70.0
59.13379713892937,22,2,10,-0.2315,-0.0014,-0.7249,0.9578,78.66611522779617,5.372338496365711,71.11111111111111,90.3529411764706,19.24183006535948,20.048132590304373,3.20891151480176,0.032327907681018356,0.003498080162433905,0.0921177640557289,0.010828173788333369,70.0
60.06700471043587,22,2,10,-0.226,-0.0204,-0.7531,0.9995,79.52004119148094,4.958909172236933,71.27988394181844,90.3529411764706,19.073057234652154,20.403856595874693,3.491618553596696,0.031009301447736004,0.003676632243651422,0.0921177640557289,0.00797976999772044,70.0
61.04418709874153,22,2,10,-0.2197,-0.0408,-0.7843,1.0448,79.83576510298721,4.68570140962062,70.88677084805617,90.3529411764706,19.46617032841442,20.48780543539937,3.5028901680571423,0.029752850364102877,0.003508861315319966,0.09467694486649529,0.005351103420527468,70.0
62.02525198459625,22,2,10,-0.2119,0.0627,-0.8201,1.0947,79.72984369092998,4.9463767862328,69.81818181818181,90.3529411764706,20.53475935828878,20.572847105741182,3.4565068499082936,0.02927637567383893,0.003077751347168636,0.09747404464573231,0.0034424934255064526,70.0
62.9766047000885,22,2,10,-0.2033,0.0851,-0.8577,1.1461,79.46085245350245,5.309272500355344,69.1891891891892,90.3529411764706,21.1637519872814,20.7711330754478,3.28977912660343,0.029745423796958593,0.003707067451612435,0.10042794020130084,0.0015890661698694164,70.0
64.11320082843304,22,2,10,-0.1925,0.1129,-0.9046,1.21,79.0504087542806,5.416625471742674,69.1891891891892,90.3529411764706,21.1637519872814,20.990484975057292,3.0621997532414817,0.030556569219215422,0.004203902505811245,0.10362766416005369,0.0014524230171205632,70.0
65.10333828628063,22,2,10,-0.183,0.1383,-0.9448,1.2661,77.24509797665053,5.1665156408132,67.96460176991151,86.29213483146067,18.32753306154916,21.129504193205626,2.913831605972018,0.030953469325399226,0.004128584426638177,0.10642476393929068,0.0012404104202704406,70.0
66.0419873893261,22,2,10,-0.1748,0.1628,-0.9808,1.3184,76.29954727297834,4.894989763223949,67.96460176991151,86.29213483146067,18.32753306154916,21.13889683118855,2.902061730357807,0.03059557721621395,0.004380305721933729,0.10955078871204303,0.001839431450487324,70.0
67.03343242406845,22,2,10,-0.1671,0.1882,-1.0143,1.3696,76.22515398187734,4.8448709645449695,67.96460176991151,86.29213483146067,18.32753306154916,21.005657306859273,2.9409495950967637,0.029752435170522208,0.004709390763342839,0.11240167887164997,0.0027146224075785116,70.0
68.03385950624943,22,2,10,-0.1612,0.2116,-1.0423,1.4151,75.58943184475129,4.164106534303914,67.96460176991151,86.29213483146067,18.32753306154916,20.580772454486578,2.7111294832823263,0.02878354869040948,0.004845225287527772,0.1152525690312569,0.004711596689258637,70.0
69.0303135663271,22,2,10,-0.1571,0.2331,-1.0624,1.4526,75.20626305920892,3.6454242739996197,67.96460176991151,83.47826086956522,15.513659099653708,19.95887667034203,1.771297056787681,0.028186497275910615,0.005048020110659217,0.11861298262488608,0.0068433577304377316,70.0
70.0442086905241,22,2,10,-0.1559,0.2506,-1.0729,1.4794,74.6600277867336,3.071086247198909,67.96460176991151,80.97939976329573,13.01479799338422,19.6079635887245,0.9676767466801008,0.028150515905992306,0.005065305182202923,0.12151977259154413,0.007799410023817818,70.0
71.02891467511654,22,2,10,-0.1576,0.2644,-1.0732,1.4952,74.52507243750429,2.9069709599976483,67.96460176991151,80.84210526315789,12.87750349324638,19.626584383784508,0.9599868992010179,0.028262803410557712,0.004987880400072264,0.12176702171564101,0.008705156435276924,70.0
72.16066271066666,22,2,10,-0.1633,0.2765,-1.0613,1.5011,75.35599857952502,3.554444586496826,67.96460176991151,86.29445698446037,18.329855214548857,19.748108517867543,0.9830916717187922,0.027930722160137006,0.0048985931862838925,0.12176702171564101,0.00790124147326922,70.0
72.92315103113651,22,2,10,-0.1689,0.281,-1.0465,1.4964,76.63600212863135,4.6947842557081945,67.96460176991151,87.27272727272727,19.308125502815756,19.725426420130635,1.0191670557337031,0.02705669528076335,0.003993632882988041,0.12176702171564101,0.006769810182352867,70.0
73.97472448647022,22,2,10,-0.1786,0.2841,-1.0185,1.4812,77.03450998023945,4.827884599573506,67.96460176991151,87.27272727272727,19.308125502815756,19.57567128154188,1.2491727995181356,0.0261590299502104,0.0024434439650489366,0.12176702171564101,0.005639473535120509,70.0
75.02292841672897,22,2,10,-0.1893,0.2836,-0.9854,1.4583,77.49166540712932,4.2818239883886395,70.88021375611234,87.27272727272727,16.392513516614926,19.39450115205437,1.485714691649472,0.025761311670755755,0.001668033214258262,0.12176702171564101,0.0044854136183858275,70.0
76.06465481221676,22,2,10,-0.2011,0.2799,-0.9492,1.4302,77.64549566228033,4.176584299356356,73.84615384615384,87.27272727272727,13.426573426573427,19.21929304122738,1.6446202791121005,0.025926244826852816,0.0017312543508134909,0.12275562807917595,0.0023518270812929076,70.0
77.06136032938957,22,2,10,-0.2112,0.2741,-0.918,1.4033,77.58327584246578,4.346020749424177,69.82021524074712,87.27272727272727,17.45251203198015,19.035188446417298,1.7208031952942435,0.026500683559437112,0.002006272431975702,0.12462783753871913,0.0005323418788612277,70.0
78.03560569882393,22,2,10,-0.2191,0.2659,-0.8945,1.3795,77.26766638445238,4.5589809908303245,69.81818181818181,87.27272727272727,17.454545454545453,18.885328605717614,1.7023563430139992,0.027479402719932645,0.0027113389301869563,0.1265000469982623,-0.0008159913215785922,70.0
79.01788763701916,22,2,10,-0.2246,0.2565,-0.8797,1.3608,77.55819065171083,4.568687455318885,69.81818181818181,87.27272727272727,17.454545454545453,19.278374442889994,2.5299127801330017,0.028724490802302383,0.003415992972438429,0.12837225645780553,-0.003065369883552162,70.0
80.0216842442751,22,2,10,-0.2278,0.2442,-0.8733,1.3453,78.23558601086634,4.800222907782905,69.81818181818181,87.27272727272727,17.454545454545453,20.281372465307516,4.354107516167864,0.02998268913828312,0.0038334583839241456,0.13024446591734873,-0.004317549848929002,70.0
81.01104721426964,22,2,10,-0.2285,0.2312,-0.876,1.3357,78.605344559431,4.725467099674424,69.81818181818181,87.27272727272727,17.454545454545453,20.803424166357,4.7772020629841485,0.031177025176803784,0.004172292502842898,0.13211667537689192,-0.005518417814746439,70.0
82.02487193048,22,2,10,-0.2261,0.2167,-0.8878,1.3306,78.24910182153432,4.5724830760363515,69.81818181818181,87.27272727272727,17.454545454545453,20.731497726027722,4.817021855023776,0.032404862331524606,0.004594987810254186,0.13398888483643512,-0.005419449806213326,70.0
83.0712553113699,22,2,10,-0.2215,0.2021,-0.9086,1.3322,78.24291998957978,4.8356399563646315,69.81818181818181,92.53012048192772,22.71193866374591,20.352304219328868,5.117654315712967,0.03382385563710447,0.005079783274554592,0.13522806137800195,-0.004538929760456046,70.0
84.11540575325489,22,2,10,-0.2153,0.1866,-0.9345,1.3364,76.81401029627668,5.99573665814041,60.05349497753061,92.53012048192772,32.47662550439711,19.824037530378025,5.663739759198409,0.035509300703752654,0.005525981222822063,0.13517331525683385,-0.003658409714698766,70.0
85.10649874806404,22,2,10,-0.2094,0.1713,-0.9588,1.3395,76.18997532457436,6.7670979808472005,60.0,92.53012048192772,32.530120481927725,19.178318838093578,6.304947932953404,0.03744026387358986,0.005788763272221339,0.13511856913566575,-0.0027778896689414855,70.0
86.0994927585125,22,2,10,-0.2041,0.1545,-0.9808,1.3394,76.17452401772714,6.752607704486577,60.0,92.53012048192772,32.530120481927725,18.464660006241182,6.887007624677656,0.039528008833619885,0.005676770715980889,0.13407521665096273,-0.0018973696231842057,70.0
87.14648969471455,22,2,10,-0.1996,0.1363,-1.0004,1.3363,77.00422936056331,7.201062153650187,60.0,93.52139965032546,33.52139965032546,17.908519963115978,7.170770234047259,0.04146270860998281,0.005344461772990862,0.13214826107025143,-0.0013309509120881654,70.0
87.95726783573627,22,2,10,-0.1972,0.1217,-1.0122,1.3311,78.16290019099365,7.65800251389746,60.0,93.65853658536584,33.65853658536584,17.87417703058935,7.200554616824585,0.04303078883922164,0.005070538687039183,0.13040501457087852,-0.0013190297580951424,70.0
89.00641724467278,22,2,10,-0.1951,0.101,-1.0137,1.3098,78.90523265135322,7.998732325023261,60.0,93.65853658536584,33.65853658536584,17.634704887974138,6.956666802963946,0.04433191812142224,0.00477281894746634,0.12843873336607106,-0.00019577119917591802,70.0
90.01902490854263,22,2,10,-0.1932,0.0785,-0.992,1.2637,79.15652892699902,8.01663765769996,60.0,93.65853658536584,33.65853658536584,16.63551813378826,5.529738177390464,0.045530724227001926,0.004216157667365391,0.1264724521612636,0.0009274873597433063,70.0
91.02567806839943,22,2,10,-0.19,0.0547,-0.9251,1.1698,79.36368636690823,7.9755409463819085,60.0,93.65853658536584,33.65853658536584,15.953990562373326,4.579440972583968,0.04654166971094229,0.003339889499366112,0.12450617095645615,0.0020507459186625307,70.0
92.05383583903313,22,2,10,-0.183,0.0277,-0.8578,1.0685,79.02247001416455,8.10507893370148,60.0,93.65853658536584,33.65853658536584,15.865025691765345,4.480881195462475,0.04704593453539779,0.0025225592042897077,0.1225398897516487,0.0028482479974627,70.0
93.08925569057465,22,2,10,-0.1721,-0.0018,-0.8096,0.9835,80.37628959025895,10.342026497930242,60.0,108.16901408450704,48.16901408450704,16.23169885480784,4.517728479952106,0.046933199151295193,0.002770995550944323,0.12121956050396,0.0028482479974627,70.0
94.10954788327217,22,2,10,-0.1565,-0.0327,-0.7785,0.9677,85.09178254165337,13.31899685683082,60.0,120.0,60.0,16.870582863092878,4.302842586850112,0.04636805779331824,0.0036431728443456933,0.12121956050396,0.0021847459364073758,70.0
95.16268037259579,22,2,10,-0.1353,-0.0679,-0.7633,0.9665,89.79678911286572,14.696712117908287,71.77570093457943,120.0,48.22429906542057,17.64217572269255,3.712381815084084,0.04550539337517011,0.004362787517234608,0.12121956050396,0.001337356288180023,70.0
96.03083096444607,22,2,10,-0.1141,-0.0986,-0.7636,0.9763,93.51844820444555,15.188473598325746,71.77570093457943,120.0,48.22429906542057,18.41528480062969,2.674132608063779,0.04443313164712735,0.00476485332480498,0.11933296825736794,0.0002953979274024814,70.0
97.06736728549004,22,2,10,-0.0859,-0.1357,-0.7735,0.9951,95.88666450272083,15.186534582481181,71.77570093457943,120.0,48.22429906542057,18.916392810984,1.6693217429467542,0.04327750608376683,0.004857719798743949,0.11663436718905995,-0.0015802715934114854,70.0
97.95650951564312,22,2,10,-0.0607,-0.1678,-0.7867,1.0152,96.02235766151014,15.412351175899769,71.77570093457943,120.0,48.22429906542057,18.73766110050844,1.684638738598372,0.04211757792944458,0.004684231277995093,0.11447548633441355,-0.0036166272620903606,70.0
99.00721795856953,22,2,10,-0.0284,-0.2051,-0.8066,1.0401,94.83964547312253,16.553117105903638,70.09756653345255,120.0,49.90243346654745,18.152913693171758,1.415855853325667,0.040967580003770585,0.004226299990354678,0.11177688526610556,-0.006162071847938954,70.0
100.0043660402298,22,2,10,0.0032,-0.2376,-0.8284,1.0692,93.00521806814083,18.543907709411588,63.47107438016529,120.0,56.52892561983471,17.767849252807757,1.056731092735956,0.03983524945530785,0.0034020567270287854,0.10907828419779758,-0.008053620496260327,70.0
101.01437866687775,22,2,10,0.0352,-0.2677,-0.8515,1.1544,92.3157738057309,19.122753404313844,63.47107438016529,120.0,56.52892561983471,17.713664496479172,0.9788359194828493,0.03880075933358223,0.0021634572960417303,0.10637968312948959,-0.009237016294112744,70.0
102.0448699593544,22,2,10,0.0676,-0.2914,-0.8737,1.2327,92.18920371213657,19.220082510410712,63.47107438016529,120.0,56.52892561983471,17.856689230265594,1.2055387504625987,0.03809176262787116,0.00101586315275519,0.1036810820611816,-0.01036075514760644,70.0
103.05998213589191,22,2,10,0.0986,-0.3106,-0.8923,1.3015,90.82831662763824,19.127563486619398,63.47107438016529,120.0,56.52892561983471,18.04013362626784,1.4108433497537631,0.037742106697903434,0.0004636850565912682,0.1009824809928736,-0.010947137062127377,70.0
104.07484285533428,22,2,10,0.1277,-0.324,-0.9057,1.3574,91.21273122494618,19.557452783548566,63.47107438016529,120.0,56.52892561983471,18.247513436971083,1.5753970138442697,0.03745873367760758,0.0005955706057477736,0.09828387992456561,-0.010246599534487647,70.0
105.08399046957493,22,2,10,0.155,-0.3302,-0.9129,1.3981,91.28782531736204,19.629840665955424,63.47107438016529,118.15384615384616,54.68277177368087,18.50049050454814,1.7213169588887922,0.03697534029703429,0.0013207228741297823,0.09610842746131278,-0.008651816243381823,70.0
106.13115839660168,22,2,10,0.1816,-0.3323,-0.9138,1.4277,90.84788729905827,19.510901306700653,63.47107438016529,123.87096774193547,60.39989336177018,18.966704748758225,2.032727038194055,0.036274989590077474,0.0022170088735529443,0.09531299024820329,-0.007068144114764065,70.0
107.15750567615032,22,2,10,0.2064,-0.3298,-0.909,1.4452,91.73313398094297,20.489051620967675,63.47107438016529,123.87096774193547,60.39989336177018,19.707314999863833,2.4702379522825337,0.035370898805457636,0.0031234811764860784,0.09531299024820329,-0.004073882781085557,70.0
107.9699233174324,22,2,10,0.2257,-0.3238,-0.9025,1.452,92.99511291483286,20.404907594575477,63.47107438016529,123.87096774193547,60.39989336177018,20.490608775956307,2.5407533597233773,0.03427653176929419,0.00395595758973657,0.09531299024820329,-0.0003151439691000409,70.0
108.96982736885548,22,2,10,0.2494,-0.3157,-0.8929,1.458,92.86701710700511,20.539973882129324,63.47107438016529,123.87096774193547,60.39989336177018,21.162745580574615,2.1938859448018118,0.03317787836360534,0.0043970598329832805,0.09531299024820329,0.003801026215244622,70.0
109.9859856069088,22,2,10,0.2741,-0.3047,-0.8831,1.4619,93.30075639866207,19.992943561544543,69.29944993840654,123.87096774193547,54.571517803528934,21.618166722371846,1.7465870580992087,0.0325959573004029,0.004211255549746195,0.09531299024820329,0.006939809907189745,70.0
110.98658367991447,22,2,10,0.2989,-0.2953,-0.8747,1.4689,92.90473208264207,20.416441091272826,68.57142857142857,123.87096774193547,55.299539170506904,21.78982431334419,1.5578248596335182,0.03258010248156849,0.004203844143051562,0.09531299024820329,0.00766951054315634,70.0
111.99676729738712,22,2,10,0.3254,-0.2855,-0.8683,1.4792,92.82887256137175,20.493599819051376,68.57142857142857,123.87096774193547,55.299539170506904,21.76689749151165,1.5829173653452495,0.0325602483918974,0.004187811803711464,0.09531299024820329,0.008024530912920533,70.0
113.02501559257507,22,2,10,0.3531,-0.2741,-0.8646,1.4918,91.37652038115291,21.194512784514796,68.57142857142857,123.87096774193547,55.299539170506904,21.695889494552702,1.6598375257331568,0.03222785306904724,0.003942807741986961,0.09531299024820329,0.008588483248248083,70.0
114.09603171050549,22,2,10,0.3833,-0.2643,-0.8641,1.5117,87.13988276475838,19.72141171254704,68.57142857142857,123.87096774193547,55.299539170506904,21.62749410437118,1.7260515791102722,0.03173626287991014,0.003741664145257858,0.09531299024820329,0.008555281864555203,70.0
115.09455777704716,22,2,10,0.4122,-0.2534,-0.8663,1.5319,82.55486995853587,17.681303269804847,68.57142857142857,123.87096774193547,55.299539170506904,21.556235518216585,1.7803922908468288,0.03149421692903601,0.0036947008572183566,0.09531299024820329,0.008033832882017804,70.0
116.1190040409565,22,2,10,0.4435,-0.2431,-0.8724,1.559,79.26463924353968,15.241851933277795,68.57142857142857,123.56227205059903,54.990843479170465,21.328370117946456,1.806168182603865,0.031657361754265645,0.003699014916493057,0.09828487601207231,0.007460392056489169,70.0
117.1318631619215,22,2,10,0.4777,-0.2344,-0.8874,1.5995,76.42538264129502,9.966173141680326,68.57142857142857,106.22954838990955,37.658119818480984,20.882739668635487,1.526968586503917,0.03223886705937713,0.0036350557383317043,0.10126708045601848,0.006085719843395043,70.0
117.98005811870098,22,2,10,0.5088,-0.2276,-0.9076,1.644,72.7903070995903,6.656713304693896,61.988968558510926,97.21518987341771,35.22622131490679,20.426791042673546,1.0660051690059118,0.03323449850829681,0.0033282951529564554,0.10493142203408852,0.004520747169129991,70.0
118.98980922996998,22,2,10,0.5506,-0.2188,-0.9426,1.712,72.17600959581392,7.063254889371425,61.935483870967744,97.21518987341771,35.27970600244997,20.071399834359898,0.679026981240113,0.03450175855911132,0.002944057289091941,0.11003787891597175,0.0028876111205971135,70.0
120.09037658572197,22,2,10,0.5979,-0.2124,-0.9922,1.8025,72.53586177490051,7.121638204794723,61.935483870967744,97.21518987341771,35.27970600244997,19.802865914423364,0.45022093410226377,0.035445741725588585,0.0033166335016702416,0.11514433579785502,0.0015913104419881324,70.0
121.1314994841814,22,2,10,0.6543,-0.2067,-1.058,1.919,72.8185640118219,7.062111900061921,61.935483870967744,97.21518987341771,35.27970600244997,19.585960851795654,0.42637500299755104,0.03585897784107328,0.003738634098322647,0.12025079267973825,0.002010392067877883,70.0
122.15472869575024,22,2,10,0.7038,-0.2019,-1.1127,2.0184,72.95215829556909,7.053695151714656,61.935483870967744,97.21518987341771,35.27970600244997,19.41994162088351,0.5360939038845847,0.036251679010462556,0.004043938102082572,0.12455654889345191,0.0027457145042717,70.0
122.9998055845499,22,2,10,0.7399,-0.1988,-1.1434,2.0821,73.24610578944723,7.079600567573965,61.935483870967744,97.21518987341771,35.27970600244997,19.458909884893107,0.7347171695595293,0.036905210943711735,0.004124461354753831,0.12668699010585768,0.0027457145042717,70.0
124.05570410192013,22,2,10,0.7751,-0.1971,-1.1553,2.1275,72.89609416626351,7.024904166633061,61.935483870967744,97.21518987341771,35.27970600244997,20.35615520729955,3.01960171811495,0.037496276149114285,0.003742462444494075,0.1286611774315439,0.0027457145042717,70.0
125.10451152920723,22,2,10,0.7979,-0.1965,-1.1325,2.1269,73.61963584162945,7.077094049922925,61.935483870967744,97.21518987341771,35.27970600244997,22.07794416174783,5.879101868968872,0.036838362033367274,0.0052576174839043515,0.1286662422741455,0.0027457145042717,70.0
126.13448984920979,22,2,10,0.8127,-0.1962,-1.0826,2.0915,73.7270474254121,7.057317444159661,61.935483870967744,97.21518987341771,35.27970600244997,24.08018421297894,7.899820546241204,0.03512719477853849,0.008301059109305045,0.12563750706613083,0.0027457145042717,70.0
126.96306109428406,22,2,10,0.8176,-0.1971,-1.0245,2.0392,72.54259721850768,4.826518554129823,61.935483870967744,78.36734693877551,16.431863067807768,25.33917135887588,8.175848689736862,0.03352658199775844,0.009725402973930299,0.12305105810469788,0.0027457145042717,70.0
128.05749289691448,22,2,10,0.8134,-0.1992,-0.9187,1.9313,73.77855114486218,3.6770733927676966,61.935483870967744,78.36734693877551,16.431863067807768,25.948920409611993,7.964253872223812,0.0326006510117258,0.00985531475164422,0.11886160805200552,0.0027457145042717,70.0
129.12928350269794,22,2,10,0.7995,-0.2039,-0.7863,1.7897,74.90911734543462,2.501903055184197,69.1891891891892,83.6395796951022,14.450390505913006,26.307486248462034,7.741182087169981,0.031969560595476974,0.009608793299094458,0.11365383149435133,0.0027457145042717,70.0
130.0103086978197,22,2,10,0.7839,-0.2096,-0.6649,1.6584,76.13123569066371,4.471526584586179,69.26274999179009,93.65853658536584,24.39578659357575,26.527298929663807,7.5624191024525995,0.031364380039238124,0.009194707679468735,0.10872444732392093,0.0027457145042717,70.0
131.10732547938824,22,2,10,0.763,-0.2172,-0.5119,1.4921,75.7951959322723,4.840661578732726,68.57142857142857,93.65853658536584,25.087108013937268,26.691852430561447,7.405491671645388,0.03087651508442074,0.008768107949945652,0.10340586700972092,0.0027457145042717,70.0
131.99836872518063,22,2,10,0.7438,-0.2264,-0.3869,1.3571,75.78956444109342,5.046544628096317,68.57142857142857,93.65853658536584,25.087108013937268,26.84408057906154,7.2463283987546,0.030573413673484096,0.00845745295082501,0.09750628154328529,0.0027457145042717,70.0
133.1088736653328,22,2,10,0.7158,-0.237,-0.2253,1.1781,76.6497878152433,5.511973501689569,68.57142857142857,93.65853658536584,25.087108013937268,26.802322268226458,7.271371771747502,0.030586110837125303,0.008478228081560877,0.09157599532540808,0.0012637542838111408,70.0
133.95645506680012,22,2,10,0.6917,-0.2452,-0.097,1.0339,78.02469708498214,5.869951417773717,68.57142857142857,93.65853658536584,25.087108013937268,25.88285260848962,7.492869049318253,0.03140906209924624,0.009380364138314301,0.084210939300449,-3.376652729580182e-05,70.0
135.00889353454113,22,2,10,0.6661,-0.2556,0.0495,0.9712,78.33624650498139,6.12137202303328,68.57142857142857,93.65853658536584,25.087108013937268,24.14999057427246,6.625701587886163,0.03393889548375435,0.010447575381032899,0.07767590993772382,-0.0016153968830147911,70.0
136.0832791775465,22,2,10,0.6413,-0.2637,0.1863,1.0913,78.67896568757381,6.079967700895049,68.57142857142857,93.65853658536584,25.087108013937268,22.216749522631552,4.011134713837951,0.037396933801240845,0.009410139572500507,0.06996569563837154,-0.0031970272387337804,70.0
137.1338166296482,22,2,10,0.6207,-0.271,0.3089,1.2006,78.71186997011066,6.065176307935719,68.57142857142857,93.65853658536584,25.087108013937268,21.10024634775889,1.9165983207679358,0.03996348240471838,0.007108998774588809,0.0626723218629969,-0.003560190098954671,70.0
137.970856949687,22,2,10,0.609,-0.2735,0.3916,1.2741,78.61951804179805,6.116936022242285,68.57142857142857,93.65853658536584,25.087108013937268,20.633524554955436,1.0623008336782775,0.041068356773606686,0.0057579302866121816,0.054461909478287336,-0.003126206807792213,70.0
139.03314247727394,22,2,10,0.5967,-0.275,0.4822,1.3539,78.10586677163455,6.344476784352099,68.57142857142857,93.65853658536584,25.087108013937268,20.390467921935926,0.694678052086575,0.041526687227300234,0.005246819884619244,0.04304520621814806,-0.0016840762438495719,70.0
140.102519094944,22,2,10,0.5845,-0.2773,0.5633,1.4251,76.73490062548315,5.618036252725801,68.57142857142857,90.3529411764706,21.781512605042025,20.289971380921035,0.6190010212562843,0.041776149332916714,0.004985192131208004,0.029157700750263457,1.451522706352737e-05,70.0
141.14311896264553,22,2,10,0.5671,-0.2816,0.6514,1.5001,77.66371057630067,5.011138776451774,68.57142857142857,90.3529411764706,21.781512605042025,20.355380893547895,0.6575672547807031,0.04188945114362433,0.004875254077879654,0.013532995761550494,0.0009235367377070598,70.0
142.00124144554138,22,2,10,0.5509,-0.2859,0.7294,1.5662,77.91144246488982,4.7727448389045,71.11111111111111,90.3529411764706,19.24183006535948,20.599791535620692,0.8619353693268771,0.04202532977809459,0.004802339553806046,0.00016083780359080793,0.0016507539462218852,70.0
143.06655451655388,22,2,10,0.5277,-0.2933,0.829,1.65,78.34489871972703,5.4519999111088895,71.11111111111111,90.3529411764706,19.24183006535948,20.92303822547852,1.01591183145453,0.042547881002947326,0.004924298448792994,-0.01534085437417664,0.0039210023477356465,70.0
144.11389343440533,22,2,10,0.5022,-0.305,0.9323,1.7395,78.24792244936938,5.25190859785553,71.11111111111111,90.3529411764706,19.24183006535948,21.236169640703775,0.9996840572672131,0.042992235513606966,0.0053082146836189005,-0.026884466273865353,0.004816704895347356,70.0
144.95439380407333,22,2,10,0.4825,-0.3161,1.0137,1.8123,77.99652013151933,5.05744745508722,71.11111111111111,90.3529411764706,19.24183006535948,21.475977528211494,0.8979262769975015,0.04304919771483071,0.00537471206668231,-0.038498565495172714,0.006169853771620611,70.0
146.02748192846775,22,2,10,0.4616,-0.3339,1.0996,1.8951,77.52236877179774,5.116245966837911,71.11111111111111,90.3529411764706,19.24183006535948,21.5372091378524,0.8668831902243801,0.04311434837719922,0.005452307830170751,-0.050213779560587514,0.007419215673778924,70.0
147.09659703075886,22,2,10,0.4471,-0.3548,1.1254,1.9273,77.47936564265818,5.130138598080601,71.11111111111111,90.3529411764706,19.24183006535948,21.36159520219727,1.0618314275685876,0.04376362614456987,0.005864726513829143,-0.06164144837555101,0.007363808405724296,70.0
148.13339486718178,22,2,10,0.4382,-0.3779,1.1109,1.927,77.90379248510756,5.068587662548849,71.11111111111111,90.3529411764706,19.24183006535948,21.058933557037562,1.453918816272602,0.04472497412451852,0.005700968906132586,-0.07004336876949918,0.005507934009074244,70.0
148.95514659583569,22,2,10,0.4342,-0.3981,1.0884,1.9207,77.78857373430719,5.363480637466374,67.36842105263158,90.3529411764706,22.98452012383902,20.760996313790994,1.7918795605054172,0.04527262858321936,0.005247619567004643,-0.07779793401664878,0.00316470891653383,70.0
150.02055019140244,22,2,10,0.4324,-0.425,1.0512,1.9086,77.8257253215091,5.345873255491337,67.36842105263158,90.3529411764706,22.98452012383902,20.529349441926637,1.9824546785251378,0.04541255783883593,0.005060777873728819,-0.08205869476845926,0.0003221823308775581,70.0
151.08577273786068,22,2,10,0.4344,-0.4536,1.0074,1.8954,77.64996043467909,5.319870786640368,67.36842105263158,90.3529411764706,22.98452012383902,20.29944327118683,2.0508943286807946,0.04545410162215792,0.004998479410495982,-0.08569537103176118,-0.000946135800133661,70.0
152.15722136199474,22,2,10,0.4385,-0.4828,0.9585,1.8798,78.23786962455473,5.4902135074404335,67.36842105263158,90.3529411764706,22.98452012383902,19.999921266852162,1.9489962984428684,0.04531131566021409,0.005166828309126113,-0.08569537103176118,-0.0014920493122190142,70.0
153.00047770142555,22,2,10,0.4434,-0.5061,0.9177,1.8672,77.37925865166271,4.516503658788984,67.36842105263158,86.29213483146067,18.923713778829097,19.70767056122244,1.7084394547679698,0.04451494770965542,0.005593421934462436,-0.08569537103176118,-0.002053707872735374,70.0
154.06752079725266,22,2,10,0.45,-0.5371,0.8647,1.8518,76.99554985203626,4.035278160697121,67.36842105263158,86.29213483146067,18.923713778829097,19.491698877393958,1.4468365593921684,0.04313318494397737,0.005859452877713978,-0.08569537103176118,-0.001528461508334007,70.0
155.1285993307829,22,2,10,0.4561,-0.5701,0.814,1.8402,77.24697737791101,4.031045916909012,67.36842105263158,86.29213483146067,18.923713778829097,19.328253094724317,1.2094177399306836,0.04126539308726209,0.0062567372791707656,-0.08569537103176118,-0.0019352304370841098,70.0
155.9918213635683,22,2,10,0.4603,-0.5981,0.7757,1.8341,77.83014801109613,4.086813729812657,67.36842105263158,86.29213483146067,18.923713778829097,19.113626265656173,1.0265485608047682,0.03894842282514208,0.006642095917168058,-0.08569537103176118,-0.0027712790265758684,70.0
157.08478465676308,22,2,10,0.4635,-0.6353,0.7323,1.8311,77.0481316186564,5.121453315170789,65.64102564102564,86.29213483146067,20.651109190435037,18.85495896894638,1.1936556553112974,0.0364669090223687,0.006451771160688739,-0.08569537103176118,-0.0035201060347893184,70.0
158.1399891525507,22,2,10,0.4641,-0.6709,0.6973,1.8323,76.67926476355562,5.239157518775831,65.64102564102564,86.29213483146067,20.651109190435037,18.58022472634991,1.5910852903157764,0.03439069056957321,0.005684182357177252,-0.08569537103176118,-0.003575758503234776,70.0
159.0004451572895,22,2,10,0.4625,-0.6985,0.6744,1.8354,77.25800373023553,4.868907551510398,65.64102564102564,86.29213483146067,20.651109190435037,18.294273162287286,1.960079258453785,0.03311673108700104,0.004984179007374622,-0.08569537103176118,-0.003620280477991142,70.0
160.06964072585106,22,2,10,0.4579,-0.7328,0.6534,1.8441,78.38196844869816,5.135221236762904,65.64102564102564,89.67648250785895,24.035456866833314,17.98947433791615,2.211747704549089,0.03253944742357455,0.004590390379052841,-0.08569537103176118,-0.0036759329464366,70.0
161.14238686859608,22,2,10,0.4493,-0.7659,0.6415,1.8567,79.62405444180612,5.950058107626688,65.64102564102564,90.3529411764706,24.71191553544496,17.669089925365814,2.3227577194089517,0.032208346935516025,0.004287592621037213,-0.08569537103176118,-0.004610474776238848,70.0
162.04233169555664,22,2,10,0.4391,-0.7896,0.6387,1.8674,79.69590508357871,5.936836880584454,65.64102564102564,90.3529411764706,24.71191553544496,17.376448675504,2.282715621773693,0.03195095182677246,0.003999522240418876,-0.08569537103176118,-0.005826849232804272,70.0
163.1269969046116,22,2,10,0.4222,-0.8175,0.6442,1.8839,79.34053163423678,6.015867973343745,65.64102564102564,90.3529411764706,24.71191553544496,17.353059248762833,2.353168534784862,0.03178695150744959,0.003784342682991228,-0.08569537103176118,-0.0073473173035110495,70.0
163.9898668974638,22,2,10,0.4059,-0.8343,0.6554,1.8956,78.7281034927025,6.152099143154192,65.64102564102564,90.3529411764706,24.71191553544496,18.40173400015059,4.817658965303331,0.0324828919561839,0.005279562947484574,-0.08569537103176118,-0.008855859688280699,70.0
165.06114453077316,22,2,10,0.3818,-0.852,0.6773,1.9111,78.20665579066784,6.1970413513123255,65.64102564102564,90.3529411764706,24.71191553544496,20.349538578866536,8.124331590396944,0.035130835811283304,0.00931115666593391,-0.08569537103176118,-0.009416366927325703,70.0
166.10528491437435,22,2,10,0.3539,-0.8618,0.7068,1.9225,78.07481524956066,6.131795287735053,65.64102564102564,90.3529411764706,24.71191553544496,22.52027536462989,10.17565308507863,0.036724078064320646,0.009362505193264658,-0.08569537103176118,-0.008429383888761393,70.0
166.98717512190342,22,2,10,0.3281,-0.8652,0.7367,1.93,79.2778386623711,5.027556687964916,68.9205603295226,90.3529411764706,21.432380846947993,23.917592265062858,10.32301429868153,0.03777967121103544,0.00864456161402426,-0.08569537103176118,-0.007218356659311948,70.0
168.06700229644775,22,2,10,0.2938,-0.865,0.7785,1.9373,80.18483622196909,4.886274415508319,73.84615384615384,90.3529411764706,16.506787330316754,24.648598981844735,9.955280206547195,0.039408853468702855,0.008073644573164908,-0.08569537103176118,-0.00573139281376548,70.0
169.13663037121296,22,2,10,0.2587,-0.8578,0.8219,1.9384,79.78242684780864,5.322669820404114,69.81818181818181,90.3529411764706,20.53475935828878,25.035075055318792,9.635141367891602,0.041850416473091304,0.008667215253779665,-0.08569537103176118,-0.0043544702013915,70.0
169.97065320611,22,2,10,0.2306,-0.8489,0.8556,1.9351,78.94996442653175,5.1022478886201945,69.81818181818181,90.3529411764706,20.53475935828878,25.161240548325218,9.510902246845642,0.044898508752885855,0.01031040596265686,-0.08569537103176118,-0.0030548578917818443,70.0
171.01030759513378,22,2,10,0.1967,-0.8347,0.8955,1.9269,77.87450950053793,3.896366391039426,69.81818181818181,86.29213483146067,16.47395301327886,25.04758734071495,9.633195864953029,0.04797115296404829,0.01136508283655445,-0.08569537103176118,-0.0015678940462353767,70.0
172.0828726887703,22,2,10,0.1631,-0.8153,0.9319,1.9103,77.01806724381215,3.529909133798621,69.81818181818181,86.29213483146067,16.47395301327886,24.722320575728354,9.978109086536477,0.050607934370290056,0.01122662938713167,-0.08569537103176118,-0.0002795565140216065,70.0
173.15605133771896,22,2,10,0.1317,-0.7909,0.9622,1.8848,76.92117327953859,3.5798577535690264,69.81818181818181,86.29213483146067,16.47395301327886,23.989503303416818,10.552551956325667,0.052601739563632004,0.010224971980675597,-0.0843722773310931,0.0011086408757482649,70.0
174.0110658109188,22,2,10,0.1115,-0.7688,0.9776,1.8579,76.09817527560367,4.812764211792883,64.0,86.29213483146067,22.29213483146067,22.118445513993848,10.751173709522407,0.05336681036459547,0.009558786247229294,-0.08116307133372795,0.0023400308564304672,70.0
175.06202571094036,22,2,10,0.0933,-0.7403,0.98,1.8136,76.13561278362505,4.855997784981257,64.0,86.29213483146067,22.29213483146067,19.380386054749085,9.202711130011132,0.05225831474843919,0.009565421982158337,-0.07792571440656136,0.0037953571733482863,70.0
176.10531114041805,22,2,10,0.0831,-0.7102,0.9642,1.7575,76.77445503393731,5.714093103712533,64.0,90.3529411764706,26.352941176470594,16.634882233326746,5.846296628288332,0.05243799373234956,0.009273774481878603,-0.07468835747939477,0.004263700451701799,70.0
177.15688459575176,22,2,10,0.081,-0.677,0.9319,1.6899,76.81432975852293,5.787695179809843,64.0,90.3529411764706,26.352941176470594,14.966277823434849,3.235026913503177,0.05318533799872901,0.008179191927064988,-0.0696513632193525,0.004263700451701799,70.0
177.99064591526985,22,2,10,0.0872,-0.6503,0.893,1.6305,76.60534393750306,5.527282784866147,64.0,90.3529411764706,26.352941176470594,14.1907887489846,1.9160672918290849,0.05307816391999237,0.008258419826308098,-0.06307372553868498,0.004263700451701799,70.0
179.0588054805994,22,2,10,0.1042,-0.6163,0.8242,1.5447,77.62299767761921,5.653259145549247,64.0,90.3529411764706,26.352941176470594,13.856574779085989,1.296319929917121,0.051685195753528784,0.008954842892600515,-0.05649608785801748,0.004263700451701799,70.0
180.10424338281155,22,2,10,0.1301,-0.581,0.7394,1.4505,78.85774021733252,6.337020546086786,64.0,90.3529411764706,26.352941176470594,13.793683540833262,1.1786396785534825,0.04908485942929545,0.008854539907810799,-0.0506638026951502,0.0042637004517018,70.0
181.14303275942802,22,2,10,0.1618,-0.5477,0.643,1.3525,79.80045016129583,6.832311961558101,64.0,90.3529411764706,26.352941176470594,13.949189191386294,1.3216734466744458,0.045854311731472495,0.008138522379261144,-0.04422319913282994,0.0042637004517018,70.0
182.02258944511414,22,2,10,0.1924,-0.5213,0.5556,1.2693,80.24709082751617,6.735550940753554,64.0,90.3529411764706,26.352941176470594,14.287884081661073,1.4724688943458524,0.042642466526865166,0.007513491443573416,-0.039355411095188045,0.004263700451701799,70.0
183.0740723758936,22,2,10,0.2281,-0.4892,0.4494,1.1667,79.9509851011042,7.019490095269328,64.0,90.3529411764706,26.352941176470594,14.800667097893543,1.5979035587083703,0.03993548871840754,0.007016423991796711,-0.03885961533524099,0.0042637004517018,70.0
184.15079154074192,22,2,10,0.2599,-0.4577,0.3496,1.0672,80.91717171754938,5.596666182100746,69.94750920860521,90.3529411764706,20.405431967865383,15.428010239010524,1.6926859496912887,0.03796806023842109,0.006523287086078743,-0.038870671645123936,0.003567564271469627,70.0
184.98654440045357,22,2,10,0.2792,-0.4353,0.2847,0.9992,81.14776399448611,5.380039924728862,71.11111111111111,90.3529411764706,19.24183006535948,16.045389128377685,1.6887065449262582,0.03665855720910689,0.005860420668032884,-0.03932078460112534,0.002296855019286531,70.0
186.06048747897148,22,2,10,0.2963,-0.4069,0.2205,0.9237,79.39908926360181,6.344630442167624,65.08474576271186,89.30232558139535,24.21757981868349,16.57959717951899,1.6145383939014202,0.03599964940271094,0.005234010816147531,-0.03977089755712674,0.0010261457671034353,70.0
187.14774772524834,22,2,10,0.3039,-0.3765,0.1783,0.8587,78.98176200486625,6.402472821984082,65.08474576271186,89.30232558139535,24.21757981868349,17.015290222649185,1.5214075347984217,0.036617996218670366,0.00650664570913628,-0.04257809664023686,9.578365356959358e-06,70.0
188.04198950529099,22,2,10,0.3026,-0.3525,0.1613,0.8164,78.46157430718335,6.339681462870322,65.08474576271186,89.30232558139535,24.21757981868349,17.371120154931766,1.3944508386651027,0.03885212521373954,0.010723177196569832,-0.04636849034973919,-0.0012611308868261362,70.0
188.9459878206253,22,2,10,0.2942,-0.3265,0.1598,0.7805,77.96513014422817,6.113159535701809,65.08474576271186,89.30232558139535,24.21757981868349,17.619121631065898,1.2043205184866,0.04213203042020139,0.014979036660403256,-0.04995591898003353,-0.0024199026090133617,70.0
190.10944962501526,22,2,10,0.2729,-0.2904,0.18,0.7433,77.35178422770939,5.344102219594185,65.08474576271186,89.30232558139535,24.21757981868349,17.726300266202124,1.0556893558401734,0.04550396261346767,0.01723363386688908,-0.053828712552785894,-0.0037182359753743506,70.0
191.0430897027254,22,2,10,0.2483,-0.2599,0.2123,0.7205,76.63644460087312,4.313137961578865,65.08474576271186,86.89087225557897,21.806126492867108,17.71044711087609,1.0854142175977122,0.04852826318753029,0.017483041363140953,-0.05766164453493226,-0.004465661984350943,70.0
192.00377650558949,22,2,10,0.2161,-0.224,0.2583,0.6984,76.05321274917853,4.3766240698826255,65.08474576271186,82.58064516129032,17.49589939857846,17.608260615367094,1.2352929380056732,0.05099945038364313,0.016365504803824638,-0.0594952777028084,-0.004680481242636836,70.0
193.10580231249332,22,2,10,0.1725,-0.1802,0.3244,0.6771,76.13709731095597,4.328641504785419,65.08474576271186,82.58064516129032,17.49589939857846,17.428329247351844,1.3623054631737552,0.05292930001157783,0.014718999005883259,-0.0594952777028084,-0.004949005315494202,70.0
194.03460435569286,22,2,10,0.1313,-0.1407,0.3874,0.6594,75.95069917579447,4.335803169380765,65.08474576271186,82.58064516129032,17.49589939857846,17.20082829208689,1.3544126440688455,0.05446699975273437,0.013029312113205902,-0.0594952777028084,-0.004436749007759827,70.0
194.95382085442543,22,2,10,0.0879,-0.0992,0.4542,0.6413,75.40496027357244,4.383582913983533,65.08474576271186,82.58064516129032,17.49589939857846,17.010924493640225,1.2450328600917075,0.0555610209165854,0.011640108705068073,-0.0594952777028084,-0.0034968394902534935,70.0
196.14250883460045,22,2,10,0.0294,-0.0436,0.5415,0.6145,75.84899844172715,3.7042813257922713,68.57142857142857,82.58064516129032,14.009216589861751,16.91627859283569,1.1448081975354671,0.05605876674105921,0.010974956988170508,-0.0594952777028084,-0.0011734528075480549,70.0
197.0980055630207,22,2,10,-0.0178,-0.0025,0.6093,0.6296,75.74262692426515,3.6771802353535916,68.57142857142857,82.58064516129032,14.009216589861751,16.962992207160063,1.2276927236379431,0.05522162287776674,0.011623235321939693,-0.0594952777028084,0.00014021833406080883,70.0
198.0640433728695,22,2,10,-0.0644,-0.0512,0.6735,0.7891,75.68664715640071,3.684414997513484,68.57142857142857,82.58064516129032,14.009216589861751,17.14073979102077,1.5247735744862474,0.05263300715508114,0.012009118796651591,-0.0594952777028084,0.0012236396229803833,70.0
199.02861267328262,22,2,10,-0.1079,0.0967,0.7302,0.9348,75.5961045654698,3.758836996336481,68.57142857142857,82.58064516129032,14.009216589861751,17.440180641884844,1.8631711305298353,0.04890361493980574,0.010643053346517835,-0.0594952777028084,0.002125172892065537,70.0
199.98376742005348,22,2,10,-0.149,0.1448,0.7795,1.0733,74.62323763950785,3.2770951534154213,68.57142857142857,81.70212765957447,13.130699088145903,17.882093004447633,2.1153080060597738,0.04516216633946594,0.00839586154281096,-0.0594952777028084,0.002021856977426881,70.0
200.93770511448383,22,2,10,-0.1858,0.1917,0.8192,1.1967,74.2485230330924,2.8054865229619077,68.57142857142857,81.70212765957447,13.130699088145903,18.425244048351555,2.180824928476877,0.042004781911149244,0.006622694841880813,-0.0594952777028084,0.001158241698119207,70.0
202.15300731360912,22,2,10,-0.2263,0.2546,0.8549,1.3358,73.86208390966496,2.896889131749044,67.36842105263158,81.70212765957447,14.333706606942897,18.94433816105546,2.0166284158113883,0.03964736179005025,0.005920535887500837,-0.0594952777028084,-8.597756580764055e-05,70.0
203.11636961996555,22,2,10,-0.2541,0.3079,0.8718,1.4338,73.79987323170091,2.8970794357021252,67.36842105263158,81.70212765957447,14.333706606942897,19.331554787816053,1.7005130051248092,0.037987415345657874,0.00556465533251131,-0.0594952777028084,-0.0012424321556907595,70.0
204.0713533759117,22,2,10,-0.2766,0.3623,0.8779,1.5168,73.27071288470556,3.2480640539990966,67.36842105263158,81.70212765957447,14.333706606942897,19.591997874894993,1.3709163452407698,0.03679912212674109,0.004930669133294933,-0.0594952777028084,-0.0021675958275972546,70.0
204.99842539429665,22,2,10,-0.2943,0.4202,0.8747,1.5892,72.73263983459515,3.745690545600653,66.2112682374026,81.70212765957447,15.490859422171866,19.792626763878623,1.0795004150463663,0.03595756248083763,0.004136442707978434,-0.0594952777028084,-0.0030927594995037505,70.0
205.92937991023064,22,2,10,-0.3093,0.4836,0.864,1.6569,72.1550785424115,4.16760209898067,66.20689655172414,81.70212765957447,15.49523110785033,19.960523306451403,0.8642138886525145,0.035208915354707465,0.003280373778662859,-0.0639801419726232,-0.005492415108786124,70.0
207.08610266447067,22,2,10,-0.3321,0.5662,0.8536,1.7519,71.83778396699766,4.100959779108946,66.20689655172414,81.70212765957447,15.49523110785033,20.047129733727534,0.8079926229137611,0.03431117139940555,0.002560974425958812,-0.06934596172400875,-0.0069429251764501765,70.0
208.01836475729942,22,2,10,-0.3543,0.6405,0.8531,1.8479,71.33477418354448,3.7972144232848914,66.20689655172414,81.70212765957447,15.49523110785033,20.03096744087133,0.802828707444237,0.033365290797309086,0.00241137033699556,-0.07372404351120891,-0.007883663355771968,70.0
208.9644368737936,22,2,10,-0.3817,0.7207,0.8599,1.9623,70.91396922845522,3.059036666415183,66.20689655172414,78.36734693877551,12.16045038705137,19.967445030401517,0.7698935336983819,0.032610079208242625,0.002553890959535485,-0.07810212529840904,-0.008379777743747166,70.0
209.9372137337923,22,2,10,-0.4134,0.8092,0.8737,2.0963,70.67082937634855,3.241895046096787,63.25759870481722,78.36734693877551,15.109748233958292,19.875628037259197,0.6895730090661655,0.032060356244721706,0.002768015636678135,-0.0824802070856092,-0.0068620111006090145,70.0
210.9258022159338,22,2,10,-0.4498,0.9051,0.8937,2.2486,69.75373174813237,3.0108943245551623,62.4390243902439,74.5631067961165,12.124082405872599,19.786702590701363,0.5691702965623955,0.03169705681348034,0.0029896173968587945,-0.08685828887280936,-0.00534424445747086,70.0
211.92485131323338,22,2,10,-0.487,1.0077,0.9168,2.4115,70.22902338869103,3.2220792834692737,62.4390243902439,74.5631067961165,12.124082405872599,19.794944442290237,0.5772915798956848,0.0313307046396943,0.003294959799672355,-0.09123637066000952,-0.0038264778143327093,70.0
213.0739700049162,22,2,10,-0.5267,1.1268,0.9363,2.5898,70.39246278983515,3.3376853302285467,62.4390243902439,74.5631067961165,12.124082405872599,19.98562120183285,0.7527800078859461,0.030585122892863293,0.003912214640801089,-0.09670897289400969,-0.00232808900043546,70.0
214.00406956672668,22,2,10,-0.557,1.2242,0.9458,2.727,70.64321710699707,3.3052764370657965,62.4390243902439,74.5631067961165,12.124082405872599,20.473058367380155,1.2910706468322737,0.02936493830278008,0.0044340410533815384,-0.10108705468120982,-0.0011293779493176596,70.0
215.1492152363062,22,2,10,-0.5854,1.3355,0.9467,2.8676,70.98889104461087,3.091139591830032,62.4390243902439,74.5631067961165,12.124082405872599,21.24516364634183,2.1593284492543137,0.027917003235236704,0.00424159233582479,-0.10546513646840998,6.933310180014043e-05,70.0
216.0641871392727,22,2,10,-0.5884,1.4182,0.9176,2.9242,71.31760742508945,2.782069692703592,62.4390243902439,74.5631067961165,12.124082405872599,21.81877763640093,2.39939920175675,0.026564504397828193,0.0035045271086484586,-0.10546513646840998,0.001348304318610644,70.0
216.98909662663937,22,2,10,-0.5752,1.4935,0.8602,2.9289,72.23977921982777,4.265223531134991,62.4390243902439,86.29213483146067,23.85311044121677,21.84361357968729,2.4284589129643197,0.02570426146362873,0.0028905264299267015,-0.10546513646840998,0.00276643296681519,70.0
218.14781092107296,22,2,10,-0.5422,1.5764,0.756,2.8746,73.03417756249357,4.750097046789587,62.4390243902439,86.29213483146067,23.85311044121677,21.405253119426042,3.04998196586126,0.025412159138765877,0.0026373579722569363,-0.10546513646840998,0.0039651440179329905,70.0
219.04757469892502,22,2,10,-0.5077,1.6321,0.6595,2.7993,73.32415830753872,5.084390393063587,62.4390243902439,86.29213483146067,23.85311044121677,20.66400337478884,4.031811023900657,0.02550797567075489,0.002785585474899085,-0.10546513646840998,0.004719231277704201,70.0
219.94631253182888,22,2,10,-0.471,1.6787,0.5576,2.7073,73.7491468572103,4.992665239187311,62.4390243902439,86.29213483146067,23.85311044121677,19.74986798534739,4.982122637631932,0.025952760568969502,0.003507013604040685,-0.10546513646840998,0.004719231277704201,70.0
221.15090265870094,22,2,10,-0.4251,1.7298,0.4266,2.5815,74.3951971822398,4.354960768761565,67.96460176991151,86.29213483146067,18.32753306154916,18.756975624579034,5.719752130403619,0.02672608919917696,0.004618383205490802,-0.10546513646840998,0.004719231277704201,70.0
222.0723520964384,22,2,10,-0.3949,1.7601,0.3367,2.4917,75.45490238587806,5.393628565539637,67.96460176991151,86.29213483146067,18.32753306154916,17.78326150490247,6.123338614118356,0.02785179464883768,0.005797403154723222,-0.10546513646840996,0.004719231277704201,70.0
223.02664183080196,22,2,10,-0.3703,1.7858,0.2584,2.4145,76.27959144476736,5.725211754252945,67.96460176991151,86.29213483146067,18.32753306154916,16.940340424407037,6.1442411364285485,0.029404189717970743,0.006642601766144207,-0.10546513646840998,0.004719231277704201,70.0
223.94947931170464,22,2,10,-0.3531,1.8014,0.197,2.3515,77.47455822054091,5.837211475096053,67.96460176991151,86.29213483146067,18.32753306154916,16.14613212248503,5.71372901545501,0.03128075818873899,0.006948492115883809,-0.10546513646840998,0.004719231277704201,70.0
225.0728588551283,22,2,10,-0.3413,1.8137,0.1431,2.2981,78.70409332383863,5.5596125377732255,67.96460176991151,86.29213483146067,18.32753306154916,15.162538236133898,4.547188313616895,0.03324646215767839,0.006816567067348564,-0.10546513646840996,0.004719231277704201,70.0
226.00157037377357,22,2,10,-0.3371,1.8125,0.1117,2.2613,79.6487950557011,4.731665104973036,67.96460176991151,86.29213483146067,18.32753306154916,14.299896137728464,3.1401878169954234,0.035180510942667234,0.006232473421315057,-0.10546513646840998,0.004719231277704201,70.0
227.14532800018787,22,2,10,-0.3388,1.8031,0.0882,2.2301,79.13398983495422,4.598707492693764,67.96460176991151,86.29213483146067,18.32753306154916,13.906421084723126,2.5224661360008938,0.03674342923750347,0.0051158177267320035,-0.10546513646840996,0.004719231277704201,70.0
228.02194766700268,22,2,10,-0.3463,1.7869,0.0821,2.2153,78.3831438285019,5.100148320446832,67.96460176991151,86.29213483146067,18.32753306154916,13.945205819754364,2.5288526098524655,0.0375578782008506,0.003964332039360594,-0.10546513646840996,0.004457799463786826,70.0
229.15621027350426,22,2,10,-0.3623,1.7572,0.0881,2.2076,77.64228006900774,5.622414951659743,67.96460176991151,86.29213483146067,18.32753306154916,14.332316262031185,2.593672028589865,0.03765036719632535,0.003781246938870151,-0.10546513646840998,0.0025357506995977047,70.0
230.0707496702671,22,2,10,-0.3762,1.7304,0.0986,2.2052,77.15009858022047,5.981889052628806,67.41217449820238,86.29213483146067,18.879960333258296,15.11436125928464,2.648042595031228,0.03738188661866075,0.0041705799977636475,-0.1052208353172644,-0.0004405565559864318,70.0
230.9841725975275,22,2,10,-0.3823,1.7034,0.1007,2.1864,76.42992882471272,6.68908717157663,66.20689655172414,86.29213483146067,20.08523827973653,16.230296515357445,2.7457504145151574,0.03701798401415879,0.0044249468054264685,-0.10325903919610066,-0.0028613020073284044,70.0
232.11463317275047,22,2,10,-0.3951,1.6692,0.0983,2.1626,74.83798425248116,6.388850516592713,66.20689655172414,85.50916875132198,19.302272199597837,17.43302024256904,2.8042584240098978,0.036664252066985994,0.004444389281596833,-0.10080679404464599,-0.0052991475677117905,70.0
233.0640748143196,22,2,10,-0.4079,1.6425,0.1047,2.1551,73.93103370479399,5.910622114434164,66.20689655172414,84.3956043956044,18.188707843880252,18.532523730207867,2.9991410382211097,0.03637513754374272,0.004326688819544459,-0.09884499792348223,-0.006422917326827626,70.0
234.02026556432247,22,2,10,-0.4175,1.6146,0.1076,2.1397,73.14715897856671,5.05795644027636,66.20689655172414,84.3956043956044,18.188707843880252,19.374985862294842,3.2649168688531107,0.03616740227188771,0.004155140070570642,-0.09688320180231846,-0.007123890100046995,70.0
234.9595181643963,22,2,10,-0.4215,1.5874,0.1027,2.1116,72.61626975157563,4.1949076681178115,66.20689655172414,80.01541197589945,13.808515424175312,20.043472752346307,3.3548498673504135,0.03593278258676765,0.0038981644886825107,-0.09467620263959063,-0.007683956519115806,70.0
236.1261785030365,22,2,10,-0.404,1.5534,0.0624,2.0198,72.38651547529616,3.873128606091125,66.20689655172414,79.10660195860277,12.899705406878624,20.67062404661944,3.237116077092085,0.035589517390562916,0.003486712086289402,-0.09246916052970001,-0.008810909501996563,70.0
237.07026913762093,22,2,10,-0.379,1.5234,0.0089,1.9113,73.05374265205027,4.93287948788237,66.20689655172414,86.29213483146067,20.08523827973653,21.347947941412816,2.946361126768748,0.03539275330466145,0.0032781232701867475,-0.08534162365939715,-0.010573919034064842,70.0
238.00572976469994,22,2,10,-0.3472,1.4946,-0.058,1.8998,73.3740402736835,4.9448996287491696,66.20689655172414,86.29213483146067,20.08523827973653,22.130351529933687,2.4378900438940594,0.035708141418043626,0.0033135684587414604,-0.07690825109738242,-0.011317227604300803,70.0
239.15294744074345,22,2,10,-0.3156,1.4583,-0.1316,1.9055,74.18685207243726,4.826329865901593,66.20689655172414,86.29213483146067,20.08523827973653,22.953549195021566,1.6812885473626775,0.03648506491510799,0.0029009388944218166,-0.0684748785353677,-0.009409105204868779,70.0
240.04623368382454,22,2,10,-0.301,1.4331,-0.1718,1.9059,75.06852009283494,4.571363574898081,66.20689655172414,86.29213483146067,20.08523827973653,23.6430270135313,1.1320979604455368,0.03728049698120134,0.0020601803828437745,-0.05818314540611452,-0.0056158126559281525,70.0
241.1308988928795,22,2,10,-0.2955,1.399,-0.198,1.8925,75.97669125120089,3.6193843243484904,66.27897888355294,86.29213483146067,20.013155947907734,24.110042269770986,1.0878785430203812,0.03735217429452857,0.0020026224209115802,-0.05091740097850563,-0.002279030301989114,70.0
241.9906709343195,22,2,10,-0.301,1.3701,-0.2013,1.8724,76.90163391737966,2.69657302658306,71.29590027806954,86.29213483146067,14.996234553391133,24.3435341206164,1.0725854324458899,0.036568902135004085,0.0036771107347965386,-0.043724750536818846,0.0006103512538640604,70.0
243.06971356272697,22,2,10,-0.3202,1.3315,-0.1839,1.8356,76.69176099976251,3.2252762773052206,67.36842105263158,86.29213483146067,18.923713778829097,24.32502976047589,1.0847383260269412,0.035522871412304174,0.004756956752101183,-0.036787605992603035,0.0013114208334379866,70.0
243.94287317991257,22,2,10,-0.345,1.2966,-0.1539,1.7955,75.89894800463307,4.239159367504025,67.36842105263158,86.29213483146067,18.923713778829097,24.188166968782298,1.178293755020797,0.03440105797662354,0.005167198768477884,-0.03050769710997966,0.0012949313968420367,70.0
245.04724256694317,22,2,10,-0.3879,1.2483,-0.0979,1.7341,75.60783362237214,4.340239380682139,67.36842105263158,86.29213483146067,18.923713778829097,24.044319557675628,1.3313881127916594,0.03339825140462003,0.005099447958203182,-0.024018423631787297,0.0007661227964693088,70.0
246.12750224769115,22,2,10,-0.4386,1.1985,-0.0292,1.6663,76.03146439144913,4.655480985513671,67.36842105263158,86.29213483146067,18.923713778829097,23.915512859769628,1.4910052080664522,0.03285904351472395,0.004829455982748084,-0.01344613753673102,0.0011456982905252602,70.0
247.0076523721218,22,2,10,-0.4814,1.1546,0.0295,1.6655,75.0161047753461,4.390274270041132,66.78260869565217,81.70212765957447,14.9195189639223,23.81225732081733,1.5830401562300056,0.03279210104816401,0.0047711152039990766,-0.008846026762492116,0.0008143204730004504,70.0
248.1481410562992,22,2,10,-0.5318,1.0965,0.0977,1.726,75.09992288858777,4.545088390874924,66.78260869565217,81.70212765957447,14.9195189639223,23.800920517458838,1.5893486503501162,0.032648756963038025,0.004647717153172572,-0.004741153969532905,0.0002585841291067063,70.0
249.0966372191906,22,2,10,-0.5647,1.0506,0.1389,1.7542,75.21007372130768,4.606641140079077,66.78260869565217,81.70212765957447,14.9195189639223,23.787294544719156,1.580229026569626,0.03199591277410294,0.004262053070498589,0.0002495157937316895,-0.0007871050924143308,70.0
249.95752573013306,22,2,10,-0.5903,1.0036,0.167,1.7609,75.23371764260445,4.61748119808144,66.78260869565217,81.70212765957447,14.9195189639223,23.57307005569536,1.4547351486117954,0.03107980731258071,0.003778011125738946,0.0048442874931626965,-0.0025159210639280954,70.0
251.11260898411274,22,2,10,-0.6103,0.9467,0.1815,1.7385,75.41822125405358,4.662174533033248,66.78260869565217,81.70212765957447,14.9195189639223,23.18014026387699,1.2217988109306652,0.0309033537838762,0.003674572165474595,0.010169532750215805,-0.003336728478057483,70.0
251.9919041544199,22,2,10,-0.617,0.9036,0.1773,1.6979,75.74671861276913,5.010115107360238,66.78260869565217,84.3956043956044,17.612995699952222,22.85087651166642,1.0229205407918434,0.03176929597791819,0.0036817078239581194,0.014429728955858293,-0.003993374409360994,70.0
253.09029892086983,22,2,10,-0.614,0.8521,0.1549,1.621,76.23508173666212,4.670688605218903,66.78260869565217,84.3956043956044,17.612995699952222,22.745727300307987,0.9652015567550806,0.032997266574331725,0.003753530451461997,0.019754974212911405,-0.003643553652283212,70.0
253.98998223245144,22,2,10,-0.6043,0.8087,0.124,1.537,78.44316582106971,5.3734357945987785,66.78260869565217,93.65853658536584,26.875927889713665,22.834687609719037,1.0071803457390178,0.03430507803860179,0.0039003382698499143,0.024015170418553895,-0.0030658706712226166,70.0
255.08908107876778,22,2,10,-0.5837,0.7578,0.0735,1.415,79.6660047266023,5.667852804620762,66.78260869565217,93.65853658536584,26.875927889713665,23.075211293435554,1.077354302982382,0.035641153685613484,0.004217288358086077,0.029340415675607006,-0.002343766944896873,70.0
255.9972334653139,22,2,10,-0.5618,0.7156,0.0234,1.3008,80.56526265365983,6.576916341965758,66.78260869565217,93.65853658536584,26.875927889713665,23.42248866317254,1.1010850338598754,0.03698229575129425,0.005225392444879879,0.03173809159885755,-0.0016102982970717069,70.0
257.09304325282574,22,2,10,-0.5298,0.6613,-0.0439,1.235,82.13232265850725,6.099799660910617,67.64423955916591,93.65853658536584,26.014297026199927,23.698626405603886,1.0615651043892058,0.03873710830746715,0.007461558733054585,0.032965502474043125,0.00015239606404464652,70.0
257.95867927372456,22,2,10,-0.5028,0.6186,-0.0994,1.2208,83.32096042804814,5.773014222534851,73.14285714285714,93.65853658536584,20.5156794425087,23.637649574120058,1.0744460614303173,0.04051143832674362,0.008767096560214422,0.0331208258867264,0.0020769767618427112,70.0
259.0449035167694,22,2,10,-0.4687,0.562,-0.169,1.1997,83.97342341022724,5.68068027195038,73.14285714285714,93.65853658536584,20.5156794425087,23.300761672014062,1.2356333355295646,0.04097397558306591,0.008587062126503458,0.0331208258867264,0.0037562137107467653,70.0
260.1256862282753,22,2,10,-0.4372,0.5018,-0.2343,1.1733,83.89815314020396,5.8683948280341625,73.14285714285714,93.65853658536584,20.5156794425087,22.905362416400692,1.6613019242674434,0.040689238076713395,0.009014814935089238,0.0331208258867264,0.00518988174609023,70.0
260.9825111925602,22,2,10,-0.4152,0.4523,-0.2808,1.1483,84.40970511081537,5.502773696338765,73.14285714285714,93.65853658536584,20.5156794425087,22.462248736385078,2.2708617450559747,0.040495832427584144,0.009238286261047725,0.0331208258867264,0.005758084677573643,70.0
262.06493340432644,22,2,10,-0.3933,0.3798,-0.3302,1.1033,84.70126318793749,5.3464968360346985,73.14285714285714,93.65853658536584,20.5156794425087,21.89734403951341,2.921036936485261,0.04052966895737201,0.009238010980614074,0.0331208258867264,0.005859155541933696,70.0
263.12168687582016,22,2,10,-0.3803,0.3031,-0.3657,1.0491,85.67988830748867,4.3522027332525655,73.14285714285714,93.65853658536584,20.5156794425087,21.189300620306568,3.4325526679909166,0.040973181815004714,0.009264525114647423,0.0331208258867264,0.005277756950817968,70.0
263.9866389334202,22,2,10,-0.3761,0.234,-0.3841,0.9942,85.61336167043314,4.141531329979489,73.14285714285714,93.65853658536584,20.5156794425087,20.384287054587656,3.6827209019890517,0.041724158486052085,0.009509165261125174,0.0331208258867264,0.004689667065141949,70.0
265.10370187461376,22,2,10,-0.3796,0.1392,-0.3938,0.9126,86.17280558920294,4.60342648236457,73.14285714285714,93.65853658536584,20.5156794425087,19.507534217679005,3.65104703871729,0.0423916260061226,0.009776358722813811,0.0331208258867264,0.002854753994261436,70.0
266.0268008708954,22,2,10,-0.3897,0.0546,-0.3905,0.8348,86.00792515540698,4.432997319932244,73.14285714285714,92.53012048192772,19.387263339070586,18.577137719601488,3.2848415701923566,0.04268610085540693,0.009920163359283333,0.0331208258867264,0.0013868235375570275,70.0
267.1550989151001,22,2,10,-0.4099,0.0483,-0.3742,0.8324,85.21993074004895,4.777915667409917,73.14285714285714,92.53012048192772,19.387263339070586,17.681334686262193,2.6194219074095093,0.0421812234194331,0.009391747199892306,0.0331208258867264,-0.00021829329844976207,70.0
268.1187227368355,22,2,10,-0.435,-0.1289,-0.351,0.9149,83.72165673647314,5.992125693104078,69.82824259192438,92.53012048192772,22.701877890003345,16.961792489488868,1.8933077348022007,0.041720450870986386,0.00882650989014934,0.0331208258867264,-0.0024914880404653525,70.0
269.0457947552204,22,2,10,-0.4695,-0.1962,-0.3169,0.9826,81.9246186473712,7.730741850347909,63.82147726657441,92.53012048192772,28.708643215353312,16.458933985332447,1.22783334826144,0.042700851225752935,0.008574006540184196,0.0331208258867264,-0.004779799882736442,70.0
270.1482530683279,22,2,10,-0.5229,-0.26,-0.261,1.0439,80.37369877890994,9.746081851888365,60.95238095238095,92.53012048192772,31.577739529546776,16.166949865985334,0.6553618178616576,0.043775752318501095,0.007025775677013964,0.0331208258867264,-0.007172125899656215,70.0
271.0460353642702,22,2,10,-0.5756,-0.2993,-0.2033,1.0782,78.20353396852195,11.285370516725637,60.95238095238095,92.53012048192772,31.577739529546776,16.19179839371375,0.7554430716597025,0.04365435666241633,0.00728450130858298,0.0331208258867264,-0.009341306467023119,70.0
272.0981318503618,22,2,10,-0.6419,-0.3354,-0.1271,1.1044,76.01186930327313,12.006627344886333,60.95238095238095,92.53012048192772,31.577739529546776,16.83829628758059,2.202411200700733,0.04271649997510769,0.008657523419359442,0.0331208258867264,-0.011374356804622503,70.0
273.1584258377552,22,2,10,-0.7053,-0.3711,-0.0528,1.1292,74.13396051311334,11.85720895952398,60.95238095238095,92.53012048192772,31.577739529546776,17.868320799297926,3.473671033495507,0.041594569272218204,0.009236205526871462,0.0331208258867264,-0.012635286421176355,70.0
273.9832956343889,22,2,10,-0.7408,-0.3994,-0.0101,1.1503,72.11686524269706,10.899236610754286,60.95238095238095,92.53012048192772,31.577739529546776,18.69466012972483,3.824686329480027,0.040563902118197895,0.009026116218119155,0.0331208258867264,-0.013555119745433303,70.0
275.0635553151369,22,2,10,-0.7591,-0.4354,0.0057,1.2002,70.29594090717703,8.856066214102617,60.95238095238095,91.90488161719652,30.952500664815574,19.225091921661654,3.7455752751840525,0.03957148049907936,0.008544753167460593,0.0331208258867264,-0.013555119745433303,70.0
276.1104617267847,22,2,10,-0.7595,-0.4707,-0.0095,1.2397,67.7239123045301,6.549089728770745,60.95238095238095,84.78670318884758,23.834322236466633,19.566512756993294,3.5664660894418327,0.03856909439648908,0.007890463719789458,0.0331208258867264,-0.013555119745433305,70.0
277.15900763869286,22,2,10,-0.7524,-0.5036,-0.0383,1.2943,66.46614360588902,5.146440364724637,60.95238095238095,81.70212765957447,20.749746707193523,19.800679715204875,3.387225147049141,0.03755899135786509,0.007018599793378342,0.0331208258867264,-0.013555119745433305,70.0
278.0384737998247,22,2,10,-0.7467,-0.5218,-0.0649,1.3334,66.54919539024192,5.22816831569575,60.95238095238095,81.70212765957447,20.749746707193523,19.945001784388346,3.2496618196713163,0.03654747192968526,0.005846964155352026,0.0331208258867264,-0.013555119745433305,70.0
279.1090574115515,22,2,10,-0.7457,-0.526,-0.0918,1.3635,67.74424921199274,6.630486015847599,60.95238095238095,94.08623342338365,33.1338524710027,20.020530243362735,3.170355148114486,0.03586411228241497,0.004967094542194046,0.0331208258867264,-0.013555119745433305,70.0
280.13290017843246,22,2,10,-0.7547,-0.513,-0.1059,1.3736,69.86168337922456,8.417635124059075,60.95238095238095,97.21518987341771,36.262808921036765,20.067837761406615,3.1231445184995703,0.0361088374019124,0.004984767174850818,0.0331208258867264,-0.013555119745433301,70.0
280.95853440463543,22,2,10,-0.7696,-0.488,-0.1075,1.3651,70.34771500029038,8.021868714880297,61.18389149948813,97.21518987341771,36.03129837392958,20.076026847603693,3.1072682784077723,0.037236117974646675,0.0042491128597109675,0.0331208258867264,-0.013555119745433305,70.0
282.15586245059967,22,2,10,-0.7929,-0.4434,-0.1,1.3363,71.34517273146339,7.657055715411802,62.950819672131146,97.21518987341771,34.26437020128657,19.71547803399347,2.923405824735726,0.03853741453137349,0.0023673000627175583,0.0331208258867264,-0.013555119745433305,70.0
283.1579390913248,22,2,10,-0.8111,-0.4084,-0.0922,1.3117,72.27737166119012,7.589758123775412,62.950819672131146,97.21518987341771,34.26437020128657,19.05311102362637,2.0397963956910865,0.03933241280882448,0.0006498600170069321,0.0331208258867264,-0.013555119745433301,70.0
283.9684557169676,22,2,10,-0.8239,-0.3829,-0.0873,1.2941,72.97408150561793,7.447942101211111,62.950819672131146,97.21518987341771,34.26437020128657,18.516441536727946,1.2101786975793458,0.03953674456288094,0.00019316706013575865,0.0331208258867264,-0.013223221108394958,70.0
284.97812636196613,22,2,10,-0.8365,-0.3521,-0.0851,1.2737,73.22520274184339,7.264416796375271,62.950819672131146,97.21518987341771,34.26437020128657,18.17315322449098,0.8798873672661623,0.03945267221425509,0.0004035400722930013,0.0331208258867264,-0.012123089089679193,70.0
286.02641075849533,22,2,10,-0.8458,-0.3217,-0.0881,1.2556,73.63684398099187,6.938378656601282,61.935483870967744,97.21518987341771,35.27970600244997,17.959088786037775,0.865832764884481,0.03915385463086787,0.001008584340388462,0.03150547150289642,-0.011022957070963435,70.0
287.051460519433,22,2,10,-0.857,-0.2917,-0.0909,1.2396,73.47910709998662,7.043893080817747,61.935483870967744,97.21518987341771,35.27970600244997,17.835469702825883,0.9089707315817569,0.038723125849660756,0.0015607442211280351,0.030948084760077155,-0.009996953515373913,70.0
288.10321502387524,22,2,10,-0.8672,-0.263,-0.0927,1.2229,73.43535612970423,7.05384294846749,61.935483870967744,97.21518987341771,35.27970600244997,17.78380216679983,0.9433338449353911,0.03828112235951505,0.001885437486734043,0.031506598527942395,-0.008919273170509494,70.0
288.95614743232727,22,2,10,-0.8709,-0.2368,-0.0979,1.2056,72.2453250406002,6.836696044729922,61.935483870967744,97.21518987341771,35.27970600244997,17.77290474572839,0.9527457330051623,0.03784079474325745,0.0020704644385351983,0.031929088368391,-0.007942587418559306,70.0
290.0729589164257,22,2,10,-0.8706,-0.2061,-0.1107,1.1874,70.43567703473425,5.072374535599727,61.935483870967744,76.8,14.864516129032253,17.76099221464528,0.9606676704327024,0.03740228819918008,0.002153023353124224,0.03249923783975342,-0.006842455399843547,70.0
291.108026728034,22,2,10,-0.8652,-0.1734,-0.1296,1.1682,70.9850265696379,4.851334008487321,61.935483870967744,76.8,14.864516129032253,17.74059984991684,0.9554107798504202,0.03696343038313711,0.0021398618902864247,0.033070437077965045,-0.005901768204889123,70.0
292.1348065137863,22,2,10,-0.8565,-0.142,-0.153,1.1515,71.15694909428514,4.784074244993384,61.935483870967744,76.8,14.864516129032253,17.742498056836176,0.9624831551372478,0.03651873144162467,0.001994488306427863,0.03362895084583028,-0.004824087860024703,70.0
293.1617572903633,22,2,10,-0.8445,-0.1073,-0.1803,1.1321,71.01807002126915,4.661245535081697,61.935483870967744,76.8,14.864516129032253,17.821924370104902,1.1155892890642902,0.036066862900996775,0.0016633557651956777,0.03409565635956822,-0.0037620857474394164,70.0
294.1443007439375,22,2,10,-0.8316,-0.0719,-0.208,1.1115,70.97343122228098,4.627789969759556,61.935483870967744,78.07515896026496,16.139675089297214,18.046037275763076,1.4199570530791186,0.0355686503295312,0.0011209702945860754,0.03474597838156075,-0.002151936720296441,70.0
294.9714034795761,22,2,10,-0.8208,-0.0431,-0.2319,1.0958,70.7812357087972,4.600749135116413,61.935483870967744,79.17525773195877,17.239773860991022,18.409526652197325,1.6878769797482336,0.034766401769530705,0.0015990450993532636,0.03523595530229307,-0.0012749412562698167,70.0
296.0042282938957,22,2,10,-0.8071,-0.0025,-0.2614,1.071,71.00692104768481,4.256698520984513,62.22151889706113,79.17525773195877,16.953738834897635,18.79968742167847,1.774466500886813,0.03368925726105619,0.0030740847658073858,0.03742145915748549,-0.00020062181283720214,70.0
297.05511778593063,22,2,10,-0.7943,-0.0366,-0.2894,1.1203,71.58063580963545,3.836250296860718,63.47107438016529,79.17525773195877,15.704183351793475,19.05972133447134,1.6773162203234488,0.03265865595502985,0.004002003921593997,0.0385942608118057,0.0008736976305954125,70.0
298.09865467250347,22,2,10,-0.784,-0.0735,-0.3139,1.1714,71.13663317088965,3.8828589190805225,63.47107438016529,79.17525773195877,15.704183351793475,19.18323147016068,1.5582714298106366,0.03167623778241161,0.004478003732565747,0.0385942608118057,0.001444342061101148,70.0
298.95393066108227,22,2,10,-0.7785,0.102,-0.3304,1.2109,71.30616298047298,3.7254200189084723,63.47107438016529,79.17525773195877,15.704183351793475,19.25641085019497,1.462873980053929,0.030759403398804758,0.004634288942878872,0.03977007232606409,0.0011782642492714065,70.0
300.0139731913805,22,2,10,-0.7709,0.1345,-0.3496,1.255,72.74748839220915,3.6924278920025486,66.78260869565217,80.0,13.217391304347828,19.351332987653752,1.3399882492101627,0.029942758565859463,0.004529878863874926,0.0417297581831614,0.0008456669844842295,70.0
301.0273553431034,22,2,10,-0.7592,0.168,-0.3713,1.2985,72.72837282592977,4.144388561042228,62.10458608726892,80.0,17.89541391273108,19.417851464614188,1.2778672625937981,0.029426462841841437,0.004221255331390935,0.04668450650448599,0.0005130697196970522,70.0
302.07228027284145,22,2,10,-0.7339,0.2008,-0.4054,1.3401,71.48879332408724,5.268962836780402,61.44053668287359,80.0,18.559463317126408,19.38250072460316,1.2816389987674883,0.02947037341510166,0.004326496541715638,0.051907827612012625,0.00018047245490987506,70.0
303.0941314995289,22,2,10,-0.6966,0.2325,-0.4532,1.3823,71.17204123811766,5.584163742333272,61.44,80.0,18.560000000000002,19.147799352487873,1.3404557704153042,0.030217329143451134,0.005747494787466877,0.05675284488468754,-0.0002101192497933163,70.0
304.11313623189926,22,2,10,-0.6496,0.2695,-0.5128,1.4319,70.7545077638678,5.466985400884058,61.44,80.0,18.560000000000002,18.613334436397295,1.6322551231368314,0.031936335541671655,0.008761839571614284,0.06235446982706586,-0.0010529179126023984,70.0
305.1418974995613,22,2,10,-0.5949,0.3069,-0.5815,1.4833,70.8106155611114,5.421239153655845,61.44,80.0,18.560000000000002,17.794629589944407,2.1224902245352704,0.03551412726481693,0.013553193966247674,0.06698629031984174,-0.0011111996421704288,70.0
305.983604863286,22,2,10,-0.5472,0.3414,-0.6413,1.5299,71.81421944196589,5.925561232851938,61.44,80.0,18.560000000000002,16.81013295420354,2.6587247520502886,0.04136972036439718,0.01949091803662413,0.07175644782061379,-0.0014739805483259105,70.0
307.00304210186005,22,2,10,-0.486,0.3853,-0.7138,1.5851,72.37471042622764,6.148447584688131,61.44,80.0,18.560000000000002,15.830986022437452,3.214393780349482,0.049277270623995784,0.026162352365312242,0.0769797689281404,-0.0017079042348389728,70.0
308.0457139760256,22,2,10,-0.4262,0.4292,-0.7836,1.639,73.06207193862046,6.072217800649038,61.44,80.0,18.560000000000002,14.913212821683524,3.6969413702659875,0.05909548862825755,0.0328971270002673,0.08220309003566705,-0.0014381529084251561,70.0
308.94963182508945,22,2,10,-0.3766,0.4676,-0.8385,1.6827,73.93970363510036,5.981681824549694,61.44,80.99385248105679,19.553852481056794,14.019418730171571,4.003286008068639,0.0705764695963502,0.03882522113555836,0.08520593540742995,-0.0004997584910597728,70.0
310.0019797682762,22,2,10,-0.3247,0.5103,-0.8922,1.7272,74.59928750705733,6.865289090131944,61.44,89.82930998255713,28.389309982557137,13.088716125970205,4.060233201203354,0.08326939561776925,0.04299568719213445,0.08846957065785926,0.0006732345306469564,70.0
311.0131189227104,22,2,10,-0.2831,0.5513,-0.9343,1.7687,77.00177085482669,8.980179104927226,61.44,102.4,40.96000000000001,12.0952345274578,3.8034459247753674,0.09635907150270888,0.044644919767381,0.0887381434440613,0.0011845553041590772,70.0
312.07419745624065,22,2,10,-0.2504,0.5917,-0.9674,1.8095,79.87887887439577,8.470571869454028,61.44,102.4,40.96000000000001,11.068138115063661,3.159508877861603,0.10881865323942438,0.04332261346072808,0.0887381434440613,0.0015304580156225462,70.0
313.11575286090374,22,2,10,-0.2284,0.6297,-0.988,1.8461,80.4767573852141,7.799152660751726,68.57142857142857,102.4,33.828571428571436,10.147519122386587,2.2656072237843157,0.11984452961454521,0.038941565029965604,0.0887381434440613,0.001876360727086015,70.0
314.1247294843197,22,2,10,-0.2192,0.6659,-0.9957,1.8808,80.41983699421334,7.844381535386703,67.73518839658493,102.4,34.664811603415075,9.464350768359242,1.427653241671297,0.12873501722236297,0.03198826017436969,0.0887381434440613,0.0020962384490606396,70.0
314.97032940387726,22,2,10,-0.2198,0.6978,-0.9927,1.9103,79.73254864611094,8.492594483183023,67.36842105263158,102.4,35.03157894736843,9.024336026074801,0.7862335683777195,0.1346397360825057,0.024487491813280037,0.0887381434440613,0.002264043236983553,70.0
315.99451415240765,22,2,10,-0.2313,0.7326,-0.9784,1.9423,78.4298078108402,9.443523509357039,61.948430551193205,102.4,40.4515694488068,8.776906166259153,0.35696731198006976,0.13698196623546707,0.020310665819637336,0.0887381434440613,0.002605513456122296,70.0
317.0296724885702,22,2,10,-0.2527,0.7666,-0.9518,1.9711,77.20920390432715,10.29127296578036,61.935483870967744,102.4,40.46451612903226,8.664236615738801,0.11276824512329298,0.13553012131192252,0.02295491692025303,0.0887381434440613,0.0028884440156009936,70.0
318.07753443717957,22,2,10,-0.2842,0.7952,-0.914,1.9934,76.92243140335988,10.398028067060537,61.935483870967744,102.4,40.46451612903226,8.634586254474744,0.024065368008195132,0.13039774853272906,0.029799133578480106,0.0887381434440613,0.0028728467877953898,70.0
319.15053203701973,22,2,10,-0.3261,0.8194,-0.8662,2.0117,77.16932755757412,10.447959024950213,61.935483870967744,102.4,40.46451612903226,8.640182531282754,0.036845278999829215,0.12204352870892532,0.03665985352748065,0.0887381434440613,0.0028603690055509063,70.0
320.03543972969055,22,2,10,-0.3642,0.8348,-0.8228,2.0218,76.06848070070521,10.058597393226092,61.935483870967744,102.4,40.46451612903226,8.65801228751062,0.06898023128826271,0.11127077094529514,0.04128015604972558,0.08887765525529782,0.002844771777745302,70.0
321.1627922952175,22,2,10,-0.4164,0.8422,-0.765,2.0236,74.60925069090534,7.924668598755903,61.935483870967744,102.37534680271166,40.43986293174392,8.69001332465599,0.11382924675122105,0.09906044605323232,0.04285971689174912,0.08945054418229043,0.0034603496339726553,70.0
322.0019046217203,22,2,10,-0.4539,0.8433,-0.725,2.0222,73.5129737989968,5.826710741238053,61.935483870967744,82.58064516129032,20.645161290322577,8.739435494726425,0.17075457093727575,0.0862777043709257,0.0417596927966071,0.09016294492051956,0.004289108526674942,70.0
323.03783744573593,22,2,10,-0.4867,0.8361,-0.6893,2.0121,73.59272674091764,5.8549165563052945,61.935483870967744,82.58064516129032,20.645161290322577,8.84448577119421,0.3406069741561069,0.07378337202142367,0.03844796106311844,0.0908753456587487,0.00511786741937723,70.0
324.0606442093849,22,2,10,-0.4897,0.819,-0.683,1.9917,73.81812370831275,5.773074445907415,61.935483870967744,82.58064516129032,20.645161290322577,9.159916551377277,0.9701752909015925,0.062368955451923856,0.033395477408041364,0.09158774639697785,0.005777875952264032,70.0
325.1293268054724,22,2,10,-0.4544,0.7918,-0.714,1.9602,73.80278884544339,5.785228647074118,61.935483870967744,82.58064516129032,20.645161290322577,9.830566858141896,2.0903802050785814,0.05247460004741936,0.027350704489036776,0.0922259387249748,0.005521269088300505,70.0
325.9683586657047,22,2,10,-0.4028,0.7633,-0.7634,1.9295,73.72659011238468,5.812090144096817,61.935483870967744,82.58064516129032,20.645161290322577,10.716074009846354,3.044303313018313,0.04431968664109286,0.02107276588331324,0.0928700677257903,0.005229092956064805,70.0
327.0002279430628,22,2,10,-0.3182,0.7221,-0.8449,1.8852,73.70386378074492,5.797616731270066,64.53781512605042,82.58064516129032,18.042830035239902,11.601900819441735,3.5532886193843907,0.037977598078041006,0.015219788073025391,0.09358246846401945,0.0049242135137319,70.0
328.0424773693085,22,2,10,-0.2176,0.6734,-0.9429,1.8339,73.45792263357248,5.8600343018986845,64.53781512605042,82.58064516129032,18.042830035239902,12.47560638964863,3.7901851264480357,0.03351850137352898,0.010222097131651812,0.0942948692022486,0.0049242135137319,70.0
329.0721036493778,22,2,10,-0.1147,0.6195,-1.0418,1.776,72.34132815307244,5.6371330382255875,61.79686282517694,80.84210526315789,19.045242437980953,13.3368209826384,3.820393476695001,0.031013275863826482,0.006438510024991546,0.09487666313846906,0.0049242135137319,70.0
330.11339753866196,22,2,10,-0.0275,0.5649,-1.124,1.7164,70.83791843854644,6.656594931677184,58.18181818181818,80.84210526315789,22.66028708133971,14.217635723070288,3.6938123534672322,0.03009722821330364,0.004574130066046017,0.09543471038341521,0.0049242135137319,70.0
330.98206110298634,22,2,10,0.0306,0.5142,-1.175,1.7198,69.65647838782053,5.92097529586864,58.18181818181818,80.43379657042196,22.25197838860378,15.187676439626582,3.4530200645189564,0.030085829111445812,0.00451161402402412,0.09543471038341521,0.0049242135137319,70.0
332.0255175232887,22,2,10,0.0781,0.4517,-1.2125,1.7423,69.16821298940688,5.25690104586486,58.18181818181818,79.17525773195877,20.993439550140586,16.237714646277063,3.018720659674108,0.030362966435000138,0.0047225808723355195,0.09543471038341521,0.0046254440627914,70.0
333.0497022718191,22,2,10,0.1008,0.3838,-1.2241,1.7087,68.96445369654441,4.927954038871164,58.18181818181818,77.24210333808823,19.060285156270048,17.21582067738006,2.2069074498594645,0.03051959917696348,0.004688325012025233,0.09543471038341521,0.004020937107270536,70.0
334.0926356613636,22,2,10,0.1041,0.3123,-1.2162,1.6326,69.39641453821423,5.38904337634324,58.18181818181818,77.57575757575758,19.393939393939398,17.869377247228606,1.2386572620246932,0.030507754472366633,0.0046982076674137955,0.09543471038341521,0.0034164301517496712,70.0
334.9609572440386,22,2,10,0.0985,0.2515,-1.2034,1.5534,70.09230165194738,5.648185598578664,58.18181818181818,77.57575757575758,19.393939393939398,18.052561247021707,0.8897879184253581,0.030600295352335483,0.004626381011364456,0.09543471038341521,0.0028904546101755552,70.0
336.0222067683935,22,2,10,0.0724,0.1727,-1.1762,1.4213,71.18902899390687,5.736630249908452,58.18181818181818,77.57575757575758,19.393939393939398,17.97385779977966,0.9688157101381826,0.030906227255744136,0.00441866554590131,0.09640594758093353,0.0023283176318121147,70.0
337.0826818048954,22,2,10,0.0278,0.0916,-1.1367,1.2561,72.40582166114231,5.55155353401191,58.18181818181818,77.57575757575758,19.393939393939398,17.95736984606584,0.9839324434279317,0.03143577616583274,0.0041053639753375355,0.09822824162741499,0.0016540172703874377,70.0
337.9512548446655,22,2,10,-0.0183,0.0227,-1.0947,1.1357,73.11960445061459,5.663971606272803,58.18181818181818,77.57575757575758,19.393939393939398,18.080653302525413,0.9914906978534953,0.03197718511997397,0.0038874086010978427,0.0997765314705828,0.00028378894909263645,70.0
339.0170909464359,22,2,10,-0.0819,0.0616,-1.0332,1.1767,73.93844332031522,5.46126214372826,58.18181818181818,77.57575757575758,19.393939393939398,18.290302696640587,1.0350154795305857,0.03217650633224464,0.003909099132328704,0.10163759773081917,-0.0013420231481815973,70.0
340.0673668831587,22,2,10,-0.1515,-0.1416,-0.9671,1.2602,75.60036729850255,2.690982014928248,62.89665228064568,77.57575757575758,14.679105295111896,18.356889392068478,1.0289115397364035,0.03199498861878392,0.003706988944338695,0.10349866399105552,-0.0029678352454558313,70.0
341.1005437374115,22,2,10,-0.2223,-0.2082,-0.9027,1.3332,76.41947322263196,0.9522130915570662,74.32815952486823,77.57575757575758,3.2475980508893514,18.070044076978654,1.2934201549607387,0.031731314673611434,0.003300293271317683,0.10515295900404442,-0.004395358574887108,70.0
341.9757753610611,22,2,10,-0.2826,-0.2554,-0.8518,1.3898,76.47809640217942,0.864100831519976,74.5631067961165,77.57575757575758,3.0126507796410777,17.440272994382685,1.8230274769826427,0.0318727498792793,0.0034375962536289033,0.10684858325948099,-0.005589170772780432,70.0
343.02725829184055,22,2,10,-0.3544,-0.3039,-0.7962,1.4545,76.85394098191202,1.4959338325601677,74.5631067961165,83.94410385522828,9.380997059111778,16.642951995986984,2.418581351823635,0.03261234019623528,0.003654270979203556,0.10870964951971733,-0.0065976140644163385,70.0
344.07226368784904,22,2,10,-0.4184,-0.3432,-0.7471,1.5087,78.14451750767307,4.5171211951781185,74.5631067961165,100.2796083300094,25.716501533892895,15.84507878961387,2.986477876847423,0.03370315671723719,0.0033448463736206416,0.1105707157799537,-0.007606057356052243,70.0
345.1001700013876,22,2,10,-0.4684,-0.3867,-0.7057,1.5608,79.99173859537018,6.626615573520999,74.5631067961165,101.05263157894736,26.489524782830856,15.115900844779436,3.434436630462311,0.034789333791052035,0.002811509474069462,0.1120776763806739,-0.008453345493762733,70.0
345.9944922477007,22,2,10,-0.5002,-0.4239,-0.6781,1.6022,80.33101777985057,6.552143987949853,74.5631067961165,101.05263157894736,26.489524782830856,14.499494534662755,3.647823113523329,0.03576016600040853,0.002325217417021484,0.11292873322963701,-0.009421255280996872,70.0
347.0563553273678,22,2,10,-0.5237,-0.4741,-0.6578,1.6556,81.10013315138292,6.582214237424941,74.5631067961165,101.05263157894736,26.489524782830856,14.044847593098362,3.5590903577145325,0.036612356452520894,0.0020643173941493793,0.11292873322963701,-0.010358420200645903,70.0
348.10524322092533,22,2,10,-0.5368,-0.5148,-0.6497,1.7013,81.5078903219397,6.463163630793503,74.5631067961165,101.05263157894736,26.489524782830856,13.771721521439739,3.2988065043117403,0.037492992926400216,0.0021728040259400847,0.112928733229637,-0.010358420200645898,70.0
349.01201762259007,22,2,10,-0.5419,-0.5304,-0.6482,1.7205,81.97906664070567,6.34517561229234,74.29399621425046,101.05263157894736,26.7586353646969,13.522770154817312,2.935888593825133,0.03857608192495972,0.002821047817849615,0.11292873322963701,-0.010358420200645903,70.0
350.0999618321657,22,2,10,-0.5416,-0.5283,-0.6517,1.7216,81.98109677051605,6.481423478053028,71.77570093457943,101.05263157894736,29.276930644367923,13.254655584946386,2.5870527037337614,0.03992105566924068,0.0038681282593961103,0.11292873322963701,-0.010358420200645903,70.0
350.9490117430687,22,2,10,-0.5375,-0.5088,-0.6555,1.7018,82.65655889753,6.269890896949064,71.77570093457943,101.05263157894736,29.276930644367923,13.034259438491953,2.4471807049180336,0.04149462687807094,0.004974581416962014,0.11292873322963701,-0.010358420200645901,70.0
352.0068112760782,22,2,10,-0.5197,-0.4819,-0.6656,1.6672,83.87351152961887,5.8636102833789625,71.77570093457943,101.05263157894736,29.276930644367923,12.866189302472858,2.476020204001657,0.04317021901877942,0.005793765094327277,0.11292873322963701,-0.010358420200645903,70.0
353.0683223158121,22,2,10,-0.482,-0.4577,-0.6843,1.624,84.5034611602294,5.6917597347907005,71.77570093457943,101.05263157894736,29.276930644367923,12.729325313912488,2.5835155775166987,0.04480756251683331,0.006154957846844544,0.11292873322963701,-0.010358420200645903,70.0
354.13130186498165,22,2,10,-0.4276,-0.4337,-0.7131,1.5744,83.75007690553036,5.174481790827945,71.77570093457943,101.05263157894736,29.276930644367923,12.599584789001433,2.7295399096074338,0.04638255629490012,0.006129410403311152,0.11292873322963701,-0.010358420200645903,70.0
354.976549744606,22,2,10,-0.3729,-0.4097,-0.7427,1.5253,82.18665292650219,3.988245670877338,70.7969345066698,88.27586206896552,17.478927562295723,12.450745579791754,2.9099045481648123,0.04787942520571847,0.005757900178143114,0.11292873322963701,-0.010358420200645901,70.0
356.023808196187,22,2,10,-0.2955,-0.3738,-0.7862,1.4555,81.19748757720278,5.361391845034292,69.81818181818181,88.27586206896552,18.45768025078371,12.21256027862585,3.1435692056044533,0.04927318929239709,0.0050486675962571476,0.1113812132401668,-0.010358420200645903,70.0
357.09093175828457,22,2,10,-0.2191,-0.3334,-0.8317,1.3842,80.17080728337223,5.606667067690947,69.81818181818181,88.27586206896552,18.45768025078371,11.804972159958954,3.295086400847994,0.05052309719074026,0.003979103484029838,0.10880201325771645,-0.008749176203174143,70.0
357.9834435135126,22,2,10,-0.161,-0.29,-0.8652,1.3162,79.57392117953759,5.76982248309856,69.81818181818181,88.27586206896552,18.45768025078371,11.260398866471203,3.0071718581808393,0.0509650348715586,0.00334035219941917,0.10660408631615005,-0.006386007030454003,70.0
359.112948551774,22,2,10,-0.099,-0.2279,-0.8993,1.2262,78.59838034532697,6.106059008687141,69.81818181818181,88.27586206896552,18.45768025078371,10.899163785652473,2.487476623106196,0.04944054598235489,0.0072898463508944515,0.1041594532893058,-0.0034586610569757262,70.0
359.98973920941353,22,2,10,-0.0616,-0.1797,-0.9183,1.1596,78.57071001534655,5.973342873534632,69.81818181818181,88.27586206896552,18.45768025078371,10.938043170189797,2.563399048300397,0.04614695210256806,0.012537804682758655,0.10186060113103486,-0.0008467937030060099,70.0
361.08381897211075,22,2,10,-0.0311,-0.1271,-0.9328,1.091,77.82865325583501,5.7454053519679515,69.81818181818181,88.27586206896552,18.45768025078371,11.371859561569167,3.2491852971339155,0.04239896056097026,0.015565032722614542,0.09951689332089518,0.0010531335137784475,70.0
362.13712245225906,22,2,10,-0.0195,-0.0792,-0.9366,1.0353,76.501479053872,4.866224416799007,69.81818181818181,86.3363445063478,16.518162688165987,12.164634899190961,4.0785151641496835,0.038981803904074255,0.016519508479929078,0.09733161536302967,0.00284959462055183,70.0
363.0001734942198,22,2,10,-0.0204,-0.0458,-0.9329,0.9991,75.10299669325173,3.767545683801044,69.81818181818181,85.07553654035426,15.257354722172451,13.17006049521711,4.6461693568641635,0.03616929916264545,0.016208732175430448,0.0959376483831716,0.004605137064810027,70.0
364.07386511564255,22,2,10,-0.0346,-0.0206,-0.9206,0.9758,73.94143522366898,3.0080486263050776,69.81818181818181,82.58064516129032,12.762463343108507,14.24783985200202,4.8072620270746445,0.03379109278653887,0.015227646342116928,0.09461902438298508,0.006011040086615005,70.0
365.1557642966509,22,2,10,-0.0594,-0.0025,-0.9014,0.9633,73.09856363442086,2.5619248229066693,69.1891891891892,76.8,7.610810810810804,15.336707435293283,4.580239040313966,0.03171903798999468,0.013798257080066418,0.09356412518283586,0.006688817004349228,70.0
366.0017967224121,22,2,10,-0.0871,-0.0003,-0.8823,0.9697,73.13358208852738,2.5432539485485157,69.1891891891892,76.8,7.610810810810804,16.42044344257908,3.9940128173260265,0.029901473092684483,0.011985676871363263,0.09382666291102107,0.005888663277880313,70.0
367.07678586244583,22,2,10,-0.1255,-0.0026,-0.8545,0.9826,73.36640091599577,2.708110257160318,69.1891891891892,79.17525773195877,9.986068542769573,17.479100184136733,3.109171781593999,0.028234529921449827,0.00969572715199059,0.09514330845812077,0.00467807746431587,70.0
367.97353215515614,22,2,10,-0.1597,-0.0096,-0.8309,1.0002,72.845404600547,2.747181827317256,69.1891891891892,79.17525773195877,9.986068542769573,18.426577897421428,2.0958520621799166,0.026992522466944995,0.007884060409269275,0.09619662489580057,0.0027890974281193693,70.0
369.1359579563141,22,2,10,-0.2025,-0.0253,-0.8018,1.0296,72.87101980704564,2.714684815061336,69.1891891891892,79.17525773195877,9.986068542769573,19.149972674919862,1.2867892278890523,0.0269686162190402,0.007714115945369114,0.09751327044290026,0.00026076365484977126,70.0
370.03641575574875,22,2,10,-0.2322,-0.0406,-0.7816,1.0544,72.50770394217066,2.486621452313387,69.1891891891892,79.17525773195877,9.986068542769573,19.66458828511817,0.8825821259417652,0.028065104565113796,0.006693667316932794,0.09856658688058005,-0.0017619033637659063,70.0
371.14199213683605,22,2,10,-0.2618,-0.0549,-0.7609,1.0776,71.94890171377271,2.1968065082838977,69.1891891891892,79.17525773195877,9.986068542769573,20.038598016175293,0.8408614635105861,0.029528302414165482,0.004855039205110927,0.09988323242767974,-0.0033609008710102535,70.0
371.99536710977554,22,2,10,-0.2798,-0.0695,-0.7488,1.0981,71.67478701136032,2.080014103443237,69.1891891891892,79.17525773195877,9.986068542769573,20.2402742435717,0.9365517731204056,0.03108332908138779,0.0036160514531219925,0.10079739242792105,-0.004632738568923537,70.0
373.1013759970665,22,2,10,-0.2927,-0.0853,-0.7385,1.1165,71.6085486352451,2.105697386630874,69.1891891891892,79.17525773195877,9.986068542769573,20.22955343582242,0.9554643257843711,0.03241439157372034,0.0036804521591353796,0.10079739242792105,-0.005676614631817712,70.0
373.9759135991335,22,2,10,-0.295,-0.0933,-0.7348,1.1231,71.83678040698193,2.2937474025385174,68.31415973341382,79.17525773195877,10.861097998544949,20.068145440893154,1.1411645210102375,0.03329291636246573,0.003932085190564088,0.10079739242792105,-0.006037162999726,70.0
375.0342261046171,22,2,10,-0.2857,-0.1029,-0.7362,1.1248,71.8972075313369,2.3391502970840796,67.96460176991151,79.17525773195877,11.210655962047255,19.86242341588606,1.419647096992584,0.03372554056720562,0.004044534748802409,0.10151966709805546,-0.0056196124414386985,70.0
376.100917160511,22,2,10,-0.2628,-0.1033,-0.7453,1.1114,72.76271867082069,3.1528702659896246,67.96460176991151,80.84210526315789,12.87750349324638,19.717508481386837,1.568409911446321,0.03377318922387689,0.004054853793677742,0.1022419417681899,-0.0036301908650152176,70.0
376.98168084025383,22,2,10,-0.2318,-0.107,-0.7585,1.0973,73.06439507753045,3.5857365391365157,67.96460176991151,80.84210526315789,12.87750349324638,19.660052874635294,1.597357008801793,0.03367843403041884,0.004021764208261851,0.10286470303932806,-0.0027600405116876134,70.0
378.0805181711912,22,2,10,-0.1816,-0.1001,-0.781,1.0627,73.81857412767856,3.6946404313983905,67.96460176991151,80.84210526315789,12.87750349324638,19.630299375949136,1.5940683809414742,0.03396640874084618,0.004108025776997848,0.10354203617443193,-0.0012391821238333935,70.0
379.14383970201015,22,2,10,-0.1211,-0.0956,-0.8072,1.0239,73.96823483620375,3.6847626864022582,67.96460176991151,80.84210526315789,12.87750349324638,19.522985168895627,1.5630030974519873,0.03490393247272605,0.004014177348500831,0.1042643108445664,0.0003370570383317912,70.0
379.97984401881695,22,2,10,-0.0693,-0.098,-0.8299,0.9972,74.0041089813159,3.6732655669124483,67.96460176991151,80.84210526315789,12.87750349324638,19.293515840834086,1.4727294893650515,0.03609661695425771,0.0030047075714831426,0.10323403500344433,0.001598048368063939,70.0
381.03228248655796,22,2,10,-0.0134,-0.1001,-0.8552,0.9687,74.17439134598536,3.544936844302969,67.96460176991151,80.84210526315789,12.87750349324638,18.959268714532794,1.2611511283865227,0.036830211341846435,0.0017408526620901986,0.10127615037819608,0.002373349817429204,70.0
382.10088461637497,22,2,10,0.0251,-0.1113,-0.8721,1.0085,74.25217083142829,3.4878708907140736,67.96460176991151,80.84210526315789,12.87750349324638,18.62619222250298,0.9123043884287658,0.03671640188694285,0.0018356118146155805,0.0993497365332664,0.0022414368924070405,70.0
383.162647113204,22,2,10,0.0446,-0.1228,-0.8789,1.0463,74.60596724842773,3.377672555004574,67.96460176991151,80.84210526315789,12.87750349324638,18.477395425698575,0.757585076690795,0.03610198321709084,0.00208535287717864,0.09775195805274924,0.002431301931526663,70.0
384.03589725494385,22,2,10,0.0441,-0.139,-0.8773,1.0604,74.91390861723194,3.271203405449156,67.96460176991151,80.84210526315789,12.87750349324638,18.56244796755742,0.7562281560568562,0.03562923335192699,0.002056918433536697,0.09590052702325459,0.001796845331827694,70.0
385.12652702629566,22,2,10,0.0241,-0.1586,-0.8666,1.0493,75.40632741527149,2.8196449733744706,71.77570093457943,80.84210526315789,9.066404328578457,18.796940686153423,0.656042537778576,0.03549366718097233,0.002021032119774519,0.09327739239373109,0.0012017176238859712,70.0
385.9754864126444,22,2,10,-0.0059,-0.1774,-0.8526,1.0359,74.91814433869402,2.476496271384656,71.77570093457943,80.60821095837537,8.832510023795933,19.06209758899626,0.6306738868947137,0.03554367479056273,0.0020201884223809033,0.09082533176178521,0.0007287191844586026,70.0
387.03950196504593,22,2,10,-0.0597,-0.2007,-0.8291,1.0895,74.18920148118387,1.9477874706558054,71.6227026120606,78.76439252083202,7.141689908771411,19.266960503540428,0.7840733191663932,0.035280026510600804,0.002316649865272819,0.08855575006058879,-5.272501940895331e-05,70.0
388.114058598876,22,2,10,-0.1265,-0.2173,-0.8002,1.144,73.41173819692949,1.918392709840305,69.1891891891892,76.8,7.610810810810804,19.377048462738347,0.8962242718147767,0.034341461753189716,0.003306926622574121,0.0859326154310653,-0.0015639165723497826,70.0
389.0113279223442,22,2,10,-0.194,-0.2281,-0.7737,1.1958,73.04504821809137,2.1397607159681313,69.1891891891892,76.8,7.610810810810804,19.439443098279718,0.9247390278228337,0.033020759538641586,0.0038591198228596353,0.08332088573471363,-0.0030330157707161454,70.0
390.083983540535,22,2,10,-0.2825,-0.2336,-0.74,1.2561,73.05174070365331,2.1887750217915833,69.08687999504276,76.8,7.713120004957233,19.504479302311616,0.903055301138303,0.03216555802475464,0.0035287122093709397,0.0827848538756371,-0.0042840613676432765,70.0
391.14082753658295,22,2,10,-0.3773,-0.2311,-0.7075,1.3159,72.6013477941991,2.724542284069421,66.20689655172414,76.8,10.593103448275855,19.60698071837773,0.8162615094449133,0.032186420343160785,0.003579803794372526,0.0827848538756371,-0.005011356435716099,70.0
392.02279821038246,22,2,10,-0.4552,-0.219,-0.6817,1.3559,72.84032572402478,2.8010073655133967,66.20689655172414,76.8,10.593103448275855,19.715781805422115,0.6919603866064029,0.03272349895350839,0.004107647801801731,0.0827848538756371,-0.00449861006041903,70.0
393.13182458281517,22,2,10,-0.5518,-0.1932,-0.6519,1.3969,72.9385621378116,2.8599848217093826,66.20689655172414,76.768578662094,10.561682110369858,19.793360094404672,0.5946184816926211,0.03302259599875599,0.004218918536554331,0.0827848538756371,-0.0035609096298588306,70.0
394.0300393849611,22,2,10,-0.6247,-0.1669,-0.63,1.4216,73.02688516379419,2.972827080613915,66.20689655172414,77.57575757575758,11.368861024033436,19.80803737083277,0.5782077834532168,0.032650816992147814,0.004333939010158809,0.0827848538756371,-0.0027539926712684282,70.0
395.1135881245136,22,2,10,-0.7048,-0.1243,-0.6065,1.4356,73.17553972856734,3.123719144014431,66.20689655172414,78.63449195467116,12.42759540294702,19.657641605452408,0.7964172521512395,0.031797049406730026,0.0045453291553307585,0.0827848538756371,-0.0017847607884069832,70.0
