time_dn,aircraft_velocity_e_mps,aircraft_velocity_u_mps,aircraft_velocity_n_mps,aircraft_elevation_trim,aircraft_aileron_trim,aircraft_latitude_deg,aircraft_longitude_deg,aircraft_elevation_m,aircraft_agl_altitude_m,aircraft_pitch_deg,aircraft_roll_deg,aircraft_indicated_airspeed_kias,aircraft_groundspeed_mps,aircraft_climb_rate_mps,aircraft_yaw_deg,aircraft_ils_deflection_gs,aircraft_ils_deflection_h,aircraft_landing_gear
738534.45949014986399561167,57.6503677368164,-3.05094909667969,10.3227405548096,0.0196079015731812,0.00392162799835205,42.4980049133301,-71.5848159790039,1320.16430664062,1197.82116699219,2.41959857940674,-0.142694026231766,112.905471801758,58.5887832641602,-3.33362317085266,0,-0.10784313082695,0.0490197539329529,70
738534.45949194347485899925,57.6503677368164,-3.05094909667969,10.3227405548096,0.0196079015731812,0.00392162799835205,42.4980049133301,-71.5848159790039,1320.16430664062,1197.82116699219,2.41959857940674,-0.142694026231766,112.905471801758,58.5887832641602,-3.33362317085266,0,-0.10784313082695,0.0490197539329529,70
738534.45949370798189193010,57.6503677368164,-3.05094909667969,10.3227405548096,0.0196079015731812,0.00392162799835205,42.4980049133301,-71.5848159790039,1320.16430664062,1197.82116699219,2.41959857940674,-0.142694026231766,112.905471801758,58.5887832641602,-3.33362317085266,0,-0.10784313082695,0.0490197539329529,70
738534.45949554408434778452,57.6503677368164,-3.05094909667969,10.3227405548096,0.0196079015731812,0.00392162799835205,42.4980049133301,-71.5848159790039,1320.16430664062,1197.82116699219,2.41959857940674,-0.142694026231766,112.905471801758,58.5887832641602,-3.33362317085266,0,-0.10784313082695,0.0490197539329529,70
738534.45949733536690473557,57.6503677368164,-3.05094909667969,10.3227405548096,0.0196079015731812,0.00392162799835205,42.4980049133301,-71.5848159790039,1320.16430664062,1197.82116699219,2.41959857940674,-0.142694026231766,112.905471801758,58.5887832641602,-3.33362317085266,0,-0.10784313082695,0.0490197539329529,70
738534.45949915924575179815,57.6503677368164,-3.05094909667969,10.3227405548096,0.0196079015731812,0.00392162799835205,42.4980049133301,-71.5848159790039,1320.16430664062,1197.82116699219,2.41959857940674,-0.142694026231766,112.905471801758,58.5887832641602,-3.33362317085266,0,-0.10784313082695,0.0490197539329529,70
738534.45950092643033713102,57.6503677368164,-3.05094909667969,10.3227405548096,0.0196079015731812,0.00392162799835205,42.4980049133301,-71.5848159790039,1320.16430664062,1197.82116699219,2.41959857940674,-0.142694026231766,112.905471801758,58.5887832641602,-3.33362317085266,0,-0.10784313082695,0.0490197539329529,70
738534.45950272877234965563,57.6503677368164,-3.05094909667969,10.3227405548096,0.0196079015731812,0.00392162799835205,42.4980049133301,-71.5848159790039,1320.16430664062,1197.82116699219,2.41959857940674,-0.142694026231766,112.905471801758,58.5887832641602,-3.33362317085266,0,-0.10784313082695,0.0490197539329529,70
738534.45950452727265655994,57.6503677368164,-3.05094909667969,10.3227405548096,0.0196079015731812,0.00392162799835205,42.4980049133301,-71.5848159790039,1320.16430664062,1197.82116699219,2.41959857940674,-0.142694026231766,112.905471801758,58.5887832641602,-3.33362317085266,0,-0.10784313082695,0.0490197539329529,70
738534.45950631087180227041,57.6503677368164,-3.05094909667969,10.3227405548096,0.0196079015731812,0.00392162799835205,42.4980049133301,-71.5848159790039,1320.16430664062,1197.82116699219,2.41959857940674,-0.142694026231766,112.905471801758,58.5887832641602,-3.33362317085266,0,-0.10784313082695,0.0490197539329529,70
738534.45950813451781868935,57.6503677368164,-3.05094909667969,10.3227405548096,0.0196079015731812,0.00392162799835205,42.4980049133301,-71.5848159790039,1320.16430664062,1197.82116699219,2.41959857940674,-0.142694026231766,112.905471801758,58.5887832641602,-3.33362317085266,0,-0.10784313082695,0.0490197539329529,70
738534.45950985059607774019,57.6503677368164,-3.05094909667969,10.3227405548096,0.0196079015731812,0.00392162799835205,42.4980049133301,-71.5848159790039,1320.16430664062,1197.82116699219,2.41959857940674,-0.142694026231766,112.905471801758,58.5887832641602,-3.33362317085266,0,-0.10784313082695,0.0490197539329529,70
738534.45951176702510565519,57.6503677368164,-3.05094909667969,10.3227405548096,0.0196079015731812,0.00392162799835205,42.4980049133301,-71.5848159790039,1320.16430664062,1197.82116699219,2.41959857940674,-0.142694026231766,112.905471801758,58.5887832641602,-3.33362317085266,0,-0.10784313082695,0.0490197539329529,70
738534.45951350824907422066,57.6503677368164,-3.05094909667969,10.3227405548096,0.0196079015731812,0.00392162799835205,42.4980049133301,-71.5848159790039,1320.16430664062,1197.82116699219,2.41959857940674,-0.142694026231766,112.905471801758,58.5887832641602,-3.33362317085266,0,-0.10784313082695,0.0490197539329529,70
738534.45951534830965101719,57.6503677368164,-3.05094909667969,10.3227405548096,0.0196079015731812,0.00392162799835205,42.4980049133301,-71.5848159790039,1320.16430664062,1197.82116699219,2.41959857940674,-0.142694026231766,112.905471801758,58.5887832641602,-3.33362317085266,0,-0.10784313082695,0.0490197539329529,70
738534.45951711945235729218,57.6503677368164,-3.05094909667969,10.3227405548096,0.0196079015731812,0.00392162799835205,42.4980049133301,-71.5848159790039,1320.16430664062,1197.82116699219,2.41959857940674,-0.142694026231766,112.905471801758,58.5887832641602,-3.33362317085266,0,-0.10784313082695,0.0490197539329529,70
738534.45951894077006727457,57.6503677368164,-3.05094909667969,10.3227405548096,0.0196079015731812,0.00392162799835205,42.4980049133301,-71.5848159790039,1320.16430664062,1197.82116699219,2.41959857940674,-0.142694026231766,112.905471801758,58.5887832641602,-3.33362317085266,0,-0.10784313082695,0.0490197539329529,70
738534.45952071086503565311,57.6503677368164,-3.05094909667969,10.3227405548096,0.0196079015731812,0.00392162799835205,42.4980049133301,-71.5848159790039,1320.16430664062,1197.82116699219,2.41959857940674,-0.142694026231766,112.905471801758,58.5887832641602,-3.33362317085266,0,-0.10784313082695,0.0490197539329529,70
738534.45952252869028598070,57.6503677368164,-3.05094909667969,10.3227405548096,0.0196079015731812,0.00392162799835205,42.4980049133301,-71.5848159790039,1320.16430664062,1197.82116699219,2.41959857940674,-0.142694026231766,112.905471801758,58.5887832641602,-3.33362317085266,0,-0.10784313082695,0.0490197539329529,70
738534.45952431170735508204,57.6503677368164,-3.05094909667969,10.3227405548096,0.0196079015731812,0.00392162799835205,42.4980049133301,-71.5848159790039,1320.16430664062,1197.82116699219,2.41959857940674,-0.142694026231766,112.905471801758,58.5887832641602,-3.33362317085266,0,-0.10784313082695,0.0490197539329529,70
738534.45952613523695617914,57.6503677368164,-3.05094909667969,10.3227405548096,0.0196079015731812,0.00392162799835205,42.4980049133301,-71.5848159790039,1320.16430664062,1197.82116699219,2.41959857940674,-0.142694026231766,112.905471801758,58.5887832641602,-3.33362317085266,0,-0.10784313082695,0.0490197539329529,70
738534.45952791103627532721,57.6503677368164,-3.05094909667969,10.3227405548096,0.0196079015731812,0.00392162799835205,42.4980049133301,-71.5848159790039,1320.16430664062,1197.82116699219,2.41959857940674,-0.142694026231766,112.905471801758,58.5887832641602,-3.33362317085266,0,-0.10784313082695,0.0490197539329529,70
738534.45952974341344088316,57.6503677368164,-3.05094909667969,10.3227405548096,0.0196079015731812,0.00392162799835205,42.4980049133301,-71.5848159790039,1320.16430664062,1197.82116699219,2.41959857940674,-0.142694026231766,112.905471801758,58.5887832641602,-3.33362317085266,0,-0.10784313082695,0.0490197539329529,70
738534.45953151350840926170,57.6503677368164,-3.05094909667969,10.3227405548096,0.0196079015731812,0.00392162799835205,42.4980049133301,-71.5848159790039,1320.16430664062,1197.82116699219,2.41959857940674,-0.142694026231766,112.905471801758,58.5887832641602,-3.33362317085266,0,-0.10784313082695,0.0490197539329529,70
738534.45953333145007491112,57.6503677368164,-3.05094909667969,10.3227405548096,0.0196079015731812,0.00392162799835205,42.4980049133301,-71.5848159790039,1320.16430664062,1197.82116699219,2.41959857940674,-0.142694026231766,112.905471801758,58.5887832641602,-3.33362317085266,0,-0.10784313082695,0.0490197539329529,70
738534.45953514322172850370,57.6503677368164,-3.05094909667969,10.3227405548096,0.0196079015731812,0.00392162799835205,42.4980049133301,-71.5848159790039,1320.16430664062,1197.82116699219,2.41959857940674,-0.142694026231766,112.905471801758,58.5887832641602,-3.33362317085266,0,-0.10784313082695,0.0490197539329529,70
738534.45953695208299905062,57.6503677368164,-3.05094909667969,10.3227405548096,0.0196079015731812,0.00392162799835205,42.4980049133301,-71.5848159790039,1320.16430664062,1197.82116699219,2.41959857940674,-0.142694026231766,112.905471801758,58.5887832641602,-3.33362317085266,0,-0.10784313082695,0.0490197539329529,70
738534.45953879179432988167,57.6503677368164,-3.05094909667969,10.3227405548096,0.0196079015731812,0.00392162799835205,42.4980049133301,-71.5848159790039,1320.16430664062,1197.82116699219,2.41959857940674,-0.142694026231766,112.905471801758,58.5887832641602,-3.33362317085266,0,-0.10784313082695,0.0490197539329529,70
738534.45954076445195823908,57.6503677368164,-3.05094909667969,10.3227405548096,0.0196079015731812,0.00392162799835205,42.4980049133301,-71.5848159790039,1320.16430664062,1197.82116699219,2.41959857940674,-0.142694026231766,112.905471801758,58.5887832641602,-3.33362317085266,0,-0.10784313082695,0.0490197539329529,70
738534.45954290195368230343,57.6503677368164,-3.05094909667969,10.3227405548096,0.0196079015731812,0.00392162799835205,42.4980049133301,-71.5848159790039,1320.16430664062,1197.82116699219,2.41959857940674,-0.142694026231766,112.905471801758,58.5887832641602,-3.33362317085266,0,-0.10784313082695,0.0490197539329529,70
738534.45954476657789200544,57.6503677368164,-3.05094909667969,10.3227405548096,0.0196079015731812,0.00392162799835205,42.4980049133301,-71.5848159790039,1320.16430664062,1197.82116699219,2.41959857940674,-0.142694026231766,112.905471801758,58.5887832641602,-3.33362317085266,0,-0.10784313082695,0.0490197539329529,70
738534.45954654412344098091,57.6503677368164,-3.05094909667969,10.3227405548096,0.0196079015731812,0.00392162799835205,42.4980049133301,-71.5848159790039,1320.16430664062,1197.82116699219,2.41959857940674,-0.142694026231766,112.905471801758,58.5887832641602,-3.33362317085266,0,-0.10784313082695,0.0490197539329529,70
738534.45954838593024760485,57.6503677368164,-3.05094909667969,10.3227405548096,0.0196079015731812,0.00392162799835205,42.4980049133301,-71.5848159790039,1320.16430664062,1197.82116699219,2.41959857940674,-0.142694026231766,112.905471801758,58.5887832641602,-3.33362317085266,0,-0.10784313082695,0.0490197539329529,70
738534.45955016801599413157,57.6503677368164,-3.05094909667969,10.3227405548096,0.0196079015731812,0.00392162799835205,42.4980049133301,-71.5848159790039,1320.16430664062,1197.82116699219,2.41959857940674,-0.142694026231766,112.905471801758,58.5887832641602,-3.33362317085266,0,-0.10784313082695,0.0490197539329529,70
738534.45955190714448690414,57.6503677368164,-3.05094909667969,10.3227405548096,0.0196079015731812,0.00392162799835205,42.4980049133301,-71.5848159790039,1320.16430664062,1197.82116699219,2.41959857940674,-0.142694026231766,112.905471801758,58.5887832641602,-3.33362317085266,0,-0.10784313082695,0.0490197539329529,70
738534.45955361914820969105,57.6503677368164,-3.05094909667969,10.3227405548096,0.0196079015731812,0.00392162799835205,42.4980049133301,-71.5848159790039,1320.16430664062,1197.82116699219,2.41959857940674,-0.142694026231766,112.905471801758,58.5887832641602,-3.33362317085266,0,-0.10784313082695,0.0490197539329529,70
738534.45955541613511741161,57.6503677368164,-3.05094909667969,10.3227405548096,0.0196079015731812,0.00392162799835205,42.4980049133301,-71.5848159790039,1320.16430664062,1197.82116699219,2.41959857940674,-0.142694026231766,112.905471801758,58.5887832641602,-3.33362317085266,0,-0.10784313082695,0.0490197539329529,70
738534.45955725130625069141,57.6503677368164,-3.05094909667969,10.3227405548096,0.0196079015731812,0.00392162799835205,42.4980049133301,-71.5848159790039,1320.16430664062,1197.82116699219,2.41959857940674,-0.142694026231766,112.905471801758,58.5887832641602,-3.33362317085266,0,-0.10784313082695,0.0490197539329529,70
738534.45955905225127935410,57.6503677368164,-3.05094909667969,10.3227405548096,0.0196079015731812,0.00392162799835205,42.4980049133301,-71.5848159790039,1320.16430664062,1197.82116699219,2.41959857940674,-0.142694026231766,112.905471801758,58.5887832641602,-3.33362317085266,0,-0.10784313082695,0.0490197539329529,70
738534.45956081605982035398,57.6503677368164,-3.05094909667969,10.3227405548096,0.0196079015731812,0.00392162799835205,42.4980049133301,-71.5848159790039,1320.16430664062,1197.82116699219,2.41959857940674,-0.142694026231766,112.905471801758,58.5887832641602,-3.33362317085266,0,-0.10784313082695,0.0490197539329529,70
738534.45956263318657875061,57.6503677368164,-3.05094909667969,10.3227405548096,0.0196079015731812,0.00392162799835205,42.4980049133301,-71.5848159790039,1320.16430664062,1197.82116699219,2.41959857940674,-0.142694026231766,112.905471801758,58.5887832641602,-3.33362317085266,0,-0.10784313082695,0.0490197539329529,70
738534.45956444519106298685,57.6503677368164,-3.05094909667969,10.3227405548096,0.0196079015731812,0.00392162799835205,42.4980049133301,-71.5848159790039,1320.16430664062,1197.82116699219,2.41959857940674,-0.142694026231766,112.905471801758,58.5887832641602,-3.33362317085266,0,-0.10784313082695,0.0490197539329529,70
738534.45956622553057968616,57.6503677368164,-3.05094909667969,10.3227405548096,0.0196079015731812,0.00392162799835205,42.4980049133301,-71.5848159790039,1320.16430664062,1197.82116699219,2.41959857940674,-0.142694026231766,112.905471801758,58.5887832641602,-3.33362317085266,0,-0.10784313082695,0.0490197539329529,70
738534.45956806757021695375,57.6503677368164,-3.05094909667969,10.3227405548096,0.0196079015731812,0.00392162799835205,42.4980049133301,-71.5848159790039,1320.16430664062,1197.82116699219,2.41959857940674,-0.142694026231766,112.905471801758,58.5887832641602,-3.33362317085266,0,-0.10784313082695,0.0490197539329529,70
738534.45956985105294734240,57.6503677368164,-3.05094909667969,10.3227405548096,0.0196079015731812,0.00392162799835205,42.4980049133301,-71.5848159790039,1320.16430664062,1197.82116699219,2.41959857940674,-0.142694026231766,112.905471801758,58.5887832641602,-3.33362317085266,0,-0.10784313082695,0.0490197539329529,70
738534.45957161660771816969,57.6503677368164,-3.05094909667969,10.3227405548096,0.0196079015731812,0.00392162799835205,42.4980049133301,-71.5848159790039,1320.16430664062,1197.82116699219,2.41959857940674,-0.142694026231766,112.905471801758,58.5887832641602,-3.33362317085266,0,-0.10784313082695,0.0490197539329529,70
738534.45957342511974275112,57.6503677368164,-3.05094909667969,10.3227405548096,0.0196079015731812,0.00392162799835205,42.4980049133301,-71.5848159790039,1320.16430664062,1197.82116699219,2.41959857940674,-0.142694026231766,112.905471801758,58.5887832641602,-3.33362317085266,0,-0.10784313082695,0.0490197539329529,70
738534.45957526378333568573,57.6503677368164,-3.05094909667969,10.3227405548096,0.0196079015731812,0.00392162799835205,42.4980049133301,-71.5848159790039,1320.16430664062,1197.82116699219,2.41959857940674,-0.142694026231766,112.905471801758,58.5887832641602,-3.33362317085266,0,-0.10784313082695,0.0490197539329529,70
738534.45957703946623951197,57.6503677368164,-3.05094909667969,10.3227405548096,0.0196079015731812,0.00392162799835205,42.4980049133301,-71.5848159790039,1320.16430664062,1197.82116699219,2.41959857940674,-0.142694026231766,112.905471801758,58.5887832641602,-3.33362317085266,0,-0.10784313082695,0.0490197539329529,70
738534.45957880595233291388,57.6503677368164,-3.05094909667969,10.3227405548096,0.0196079015731812,0.00392162799835205,42.4980049133301,-71.5848159790039,1320.16430664062,1197.82116699219,2.41959857940674,-0.142694026231766,112.905471801758,58.5887832641602,-3.33362317085266,0,-0.10784313082695,0.0490197539329529,70
738534.45958060713019222021,57.6503677368164,-3.05094909667969,10.3227405548096,0.0196079015731812,0.00392162799835205,42.4980049133301,-71.5848159790039,1320.16430664062,1197.82116699219,2.41959857940674,-0.142694026231766,112.905471801758,58.5887832641602,-3.33362317085266,0,-0.10784313082695,0.0490197539329529,70
738534.45958244975190609694,57.6503677368164,-3.05094909667969,10.3227405548096,0.0196079015731812,0.00392162799835205,42.4980049133301,-71.5848159790039,1320.16430664062,1197.82116699219,2.41959857940674,-0.142694026231766,112.905471801758,58.5887832641602,-3.33362317085266,0,-0.10784313082695,0.0490197539329529,70
738534.45958422136027365923,57.6503677368164,-3.05094909667969,10.3227405548096,0.0196079015731812,0.00392162799835205,42.4980049133301,-71.5848159790039,1320.16430664062,1197.82116699219,2.41959857940674,-0.142694026231766,112.905471801758,58.5887832641602,-3.33362317085266,0,-0.10784313082695,0.0490197539329529,70
738534.45958601054735481739,57.6503677368164,-3.05094909667969,10.3227405548096,0.0196079015731812,0.00392162799835205,42.4980049133301,-71.5848159790039,1320.16430664062,1197.82116699219,2.41959857940674,-0.142694026231766,112.905471801758,58.5887832641602,-3.33362317085266,0,-0.10784313082695,0.0490197539329529,70
738534.45958783710375428200,57.6503677368164,-3.05094909667969,10.3227405548096,0.0196079015731812,0.00392162799835205,42.4980049133301,-71.5848159790039,1320.16430664062,1197.82116699219,2.41959857940674,-0.142694026231766,112.905471801758,58.5887832641602,-3.33362317085266,0,-0.10784313082695,0.0490197539329529,70
738534.45958961232099682093,57.6503677368164,-3.05094909667969,10.3227405548096,0.0196079015731812,0.00392162799835205,42.4980049133301,-71.5848159790039,1320.16430664062,1197.82116699219,2.41959857940674,-0.142694026231766,112.905471801758,58.5887832641602,-3.33362317085266,0,-0.10784313082695,0.0490197539329529,70
738534.45959145820233970881,57.6503677368164,-3.05094909667969,10.3227405548096,0.0196079015731812,0.00392162799835205,42.4980049133301,-71.5848159790039,1320.16430664062,1197.82116699219,2.41959857940674,-0.142694026231766,112.905471801758,58.5887832641602,-3.33362317085266,0,-0.10784313082695,0.0490197539329529,70
738534.45959322398994117975,57.6503677368164,-3.05094909667969,10.3227405548096,0.0196079015731812,0.00392162799835205,42.4980049133301,-71.5848159790039,1320.16430664062,1197.82116699219,2.41959857940674,-0.142694026231766,112.905471801758,58.5887832641602,-3.33362317085266,0,-0.10784313082695,0.0490197539329529,70
738534.45959502062760293484,57.6503677368164,-3.05094909667969,10.3227405548096,0.0196079015731812,0.00392162799835205,42.4980049133301,-71.5848159790039,1320.16430664062,1197.82116699219,2.41959857940674,-0.142694026231766,112.905471801758,58.5887832641602,-3.33362317085266,0,-0.10784313082695,0.0490197539329529,70
738534.45959680958185344934,57.6503677368164,-3.05094909667969,10.3227405548096,0.0196079015731812,0.00392162799835205,42.4980049133301,-71.5848159790039,1320.16430664062,1197.82116699219,2.41959857940674,-0.142694026231766,112.905471801758,58.5887832641602,-3.33362317085266,0,-0.10784313082695,0.0490197539329529,70
738534.45959877711720764637,57.6503677368164,-3.05094909667969,10.3227405548096,0.0196079015731812,0.00392162799835205,42.4980049133301,-71.5848159790039,1320.16430664062,1197.82116699219,2.41959857940674,-0.142694026231766,112.905471801758,58.5887832641602,-3.33362317085266,0,-0.10784313082695,0.0490197539329529,70
738534.45960058236960321665,57.6503677368164,-3.05094909667969,10.3227405548096,0.0196079015731812,0.00392162799835205,42.4980049133301,-71.5848159790039,1320.16430664062,1197.82116699219,2.41959857940674,-0.142694026231766,112.905471801758,58.5887832641602,-3.33362317085266,0,-0.10784313082695,0.0490197539329529,70
738534.45960250124335289001,57.6503677368164,-3.05094909667969,10.3227405548096,0.0196079015731812,0.00392162799835205,42.4980049133301,-71.5848159790039,1320.16430664062,1197.82116699219,2.41959857940674,-0.142694026231766,112.905471801758,58.5887832641602,-3.33362317085266,0,-0.10784313082695,0.0490197539329529,70
738534.45960429101251065731,57.6503677368164,-3.05094909667969,10.3227405548096,0.0196079015731812,0.00392162799835205,42.4980049133301,-71.5848159790039,1320.16430664062,1197.82116699219,2.41959857940674,-0.142694026231766,112.905471801758,58.5887832641602,-3.33362317085266,0,-0.10784313082695,0.0490197539329529,70
738534.45960610872134566307,57.6503677368164,-3.05094909667969,10.3227405548096,0.0196079015731812,0.00392162799835205,42.4980049133301,-71.5848159790039,1320.16430664062,1197.82116699219,2.41959857940674,-0.142694026231766,112.905471801758,58.5887832641602,-3.33362317085266,0,-0.10784313082695,0.0490197539329529,70
738534.45960789371747523546,57.6503677368164,-3.05094909667969,10.3227405548096,0.0196079015731812,0.00392162799835205,42.4980049133301,-71.5848159790039,1320.16430664062,1197.82116699219,2.41959857940674,-0.142694026231766,112.905471801758,58.5887832641602,-3.33362317085266,0,-0.10784313082695,0.0490197539329529,70
738534.45960978837683796883,57.6503677368164,-3.05094909667969,10.3227405548096,0.0196079015731812,0.00392162799835205,42.4980049133301,-71.5848159790039,1320.16430664062,1197.82116699219,2.41959857940674,-0.142694026231766,112.905471801758,58.5887832641602,-3.33362317085266,0,-0.10784313082695,0.0490197539329529,70
738534.45961163728497922421,57.6503677368164,-3.05094909667969,10.3227405548096,0.0196079015731812,0.00392162799835205,42.4980049133301,-71.5848159790039,1320.16430664062,1197.82116699219,2.41959857940674,-0.142694026231766,112.905471801758,58.5887832641602,-3.33362317085266,0,-0.10784313082695,0.0490197539329529,70
738534.45961338677443563938,57.6503677368164,-3.05094909667969,10.3227405548096,0.0196079015731812,0.00392162799835205,42.4980049133301,-71.5848159790039,1320.16430664062,1197.82116699219,2.41959857940674,-0.142694026231766,112.905471801758,58.5887832641602,-3.33362317085266,0,-0.10784313082695,0.0490197539329529,70
738534.45961531565990298986,57.6503677368164,-3.05094909667969,10.3227405548096,0.0196079015731812,0.00392162799835205,42.4980049133301,-71.5848159790039,1320.16430664062,1197.82116699219,2.41959857940674,-0.142694026231766,112.905471801758,58.5887832641602,-3.33362317085266,0,-0.10784313082695,0.0490197539329529,70
738534.45961715350858867168,57.6503677368164,-3.05094909667969,10.3227405548096,0.0196079015731812,0.00392162799835205,42.4980049133301,-71.5848159790039,1320.16430664062,1197.82116699219,2.41959857940674,-0.142694026231766,112.905471801758,58.5887832641602,-3.33362317085266,0,-0.10784313082695,0.0490197539329529,70
738534.45961895165964961052,57.6503677368164,-3.05094909667969,10.3227405548096,0.0196079015731812,0.00392162799835205,42.4980049133301,-71.5848159790039,1320.16430664062,1197.82116699219,2.41959857940674,-0.142694026231766,112.905471801758,58.5887832641602,-3.33362317085266,0,-0.10784313082695,0.0490197539329529,70
738534.45962081372272223234,57.6503677368164,-3.05094909667969,10.3227405548096,0.0196079015731812,0.00392162799835205,42.4980049133301,-71.5848159790039,1320.16430664062,1197.82116699219,2.41959857940674,-0.142694026231766,112.905471801758,58.5887832641602,-3.33362317085266,0,-0.10784313082695,0.0490197539329529,70
738534.45962277101352810860,57.6503677368164,-3.05094909667969,10.3227405548096,0.0196079015731812,0.00392162799835205,42.4980049133301,-71.5848159790039,1320.16430664062,1197.82116699219,2.41959857940674,-0.142694026231766,112.905471801758,58.5887832641602,-3.33362317085266,0,-0.10784313082695,0.0490197539329529,70
738534.45962460455484688282,57.6503677368164,-3.05094909667969,10.3227405548096,0.0196079015731812,0.00392162799835205,42.4980049133301,-71.5848159790039,1320.16430664062,1197.82116699219,2.41959857940674,-0.142694026231766,112.905471801758,58.5887832641602,-3.33362317085266,0,-0.10784313082695,0.0490197539329529,70
738534.45962648012209683657,57.6503677368164,-3.05094909667969,10.3227405548096,0.0196079015731812,0.00392162799835205,42.4980049133301,-71.5848159790039,1320.16430664062,1197.82116699219,2.41959857940674,-0.142694026231766,112.905471801758,58.5887832641602,-3.33362317085266,0,-0.10784313082695,0.0490197539329529,70
738534.45962823322042822838,57.6503677368164,-3.05094909667969,10.3227405548096,0.0196079015731812,0.00392162799835205,42.4980049133301,-71.5848159790039,1320.16430664062,1197.82116699219,2.41959857940674,-0.142694026231766,112.905471801758,58.5887832641602,-3.33362317085266,0,-0.10784313082695,0.0490197539329529,70
738534.45963004860095679760,57.6503677368164,-3.05094909667969,10.3227405548096,0.0196079015731812,0.00392162799835205,42.4980049133301,-71.5848159790039,1320.16430664062,1197.82116699219,2.41959857940674,-0.142694026231766,112.905471801758,58.5887832641602,-3.33362317085266,0,-0.10784313082695,0.0490197539329529,70
738534.45963181811384856701,57.6503677368164,-3.05094909667969,10.3227405548096,0.0196079015731812,0.00392162799835205,42.4980049133301,-71.5848159790039,1320.16430664062,1197.82116699219,2.41959857940674,-0.142694026231766,112.905471801758,58.5887832641602,-3.33362317085266,0,-0.10784313082695,0.0490197539329529,70
738534.45963357179425656796,57.6503677368164,-3.05094909667969,10.3227405548096,0.0196079015731812,0.00392162799835205,42.4980049133301,-71.5848159790039,1320.16430664062,1197.82116699219,2.41959857940674,-0.142694026231766,112.905471801758,58.5887832641602,-3.33362317085266,0,-0.10784313082695,0.0490197539329529,70
738534.45963529497385025024,57.6503677368164,-3.05094909667969,10.3227405548096,0.0196079015731812,0.00392162799835205,42.4980049133301,-71.5848159790039,1320.16430664062,1197.82116699219,2.41959857940674,-0.142694026231766,112.905471801758,58.5887832641602,-3.33362317085266,0,-0.10784313082695,0.0490197539329529,70
738534.45963706076145172119,57.6503677368164,-3.05094909667969,10.3227405548096,0.0196079015731812,0.00392162799835205,42.4980049133301,-71.5848159790039,1320.16430664062,1197.82116699219,2.41959857940674,-0.142694026231766,112.905471801758,58.5887832641602,-3.33362317085266,0,-0.10784313082695,0.0490197539329529,70
738534.45963893423322588205,57.6503677368164,-3.05094909667969,10.3227405548096,0.0196079015731812,0.00392162799835205,42.4980049133301,-71.5848159790039,1320.16430664062,1197.82116699219,2.41959857940674,-0.142694026231766,112.905471801758,58.5887832641602,-3.33362317085266,0,-0.10784313082695,0.0490197539329529,70
738534.45964071748312562704,57.6503677368164,-3.05094909667969,10.3227405548096,0.0196079015731812,0.00392162799835205,42.4980049133301,-71.5848159790039,1320.16430664062,1197.82116699219,2.41959857940674,-0.142694026231766,112.905471801758,58.5887832641602,-3.33362317085266,0,-0.10784313082695,0.0490197539329529,70
738534.45964258548337966204,57.6503677368164,-3.05094909667969,10.3227405548096,0.0196079015731812,0.00392162799835205,42.4980049133301,-71.5848159790039,1320.16430664062,1197.82116699219,2.41959857940674,-0.142694026231766,112.905471801758,58.5887832641602,-3.33362317085266,0,-0.10784313082695,0.0490197539329529,70
738534.45964431192260235548,57.6503677368164,-3.05094909667969,10.3227405548096,0.0196079015731812,0.00392162799835205,42.4980049133301,-71.5848159790039,1320.16430664062,1197.82116699219,2.41959857940674,-0.142694026231766,112.905471801758,58.5887832641602,-3.33362317085266,0,-0.10784313082695,0.0490197539329529,70
738534.45964612590614706278,57.6503677368164,-3.05094909667969,10.3227405548096,0.0196079015731812,0.00392162799835205,42.4980049133301,-71.5848159790039,1320.16430664062,1197.82116699219,2.41959857940674,-0.142694026231766,112.905471801758,58.5887832641602,-3.33362317085266,0,-0.10784313082695,0.0490197539329529,70
738534.45964793604798614979,57.6503677368164,-3.05094909667969,10.3227405548096,0.0196079015731812,0.00392162799835205,42.4980049133301,-71.5848159790039,1320.16430664062,1197.82116699219,2.41959857940674,-0.142694026231766,112.905471801758,58.5887832641602,-3.33362317085266,0,-0.10784313082695,0.0490197539329529,70
738534.45964983175508677959,57.6503677368164,-3.05094909667969,10.3227405548096,0.0196079015731812,0.00392162799835205,42.4980049133301,-71.5848159790039,1320.16430664062,1197.82116699219,2.41959857940674,-0.142694026231766,112.905471801758,58.5887832641602,-3.33362317085266,0,-0.10784313082695,0.0490197539329529,70
738534.45965162490028887987,57.6503677368164,-3.05094909667969,10.3227405548096,0.0196079015731812,0.00392162799835205,42.4980049133301,-71.5848159790039,1320.16430664062,1197.82116699219,2.41959857940674,-0.142694026231766,112.905471801758,58.5887832641602,-3.33362317085266,0,-0.10784313082695,0.0490197539329529,70
738534.45965334854554384947,57.6503677368164,-3.05094909667969,10.3227405548096,0.0196079015731812,0.00392162799835205,42.4980049133301,-71.5848159790039,1320.16430664062,1197.82116699219,2.41959857940674,-0.142694026231766,112.905471801758,58.5887832641602,-3.33362317085266,0,-0.10784313082695,0.0490197539329529,70
738534.45965529640670865774,57.6503677368164,-3.05094909667969,10.3227405548096,0.0196079015731812,0.00392162799835205,42.4980049133301,-71.5848159790039,1320.16430664062,1197.82116699219,2.41959857940674,-0.142694026231766,112.905471801758,58.5887832641602,-3.33362317085266,0,-0.10784313082695,0.0490197539329529,70
738534.45965734240598976612,57.6503677368164,-3.05094909667969,10.3227405548096,0.0196079015731812,0.00392162799835205,42.4980049133301,-71.5848159790039,1320.16430664062,1197.82116699219,2.41959857940674,-0.142694026231766,112.905471801758,58.5887832641602,-3.33362317085266,0,-0.10784313082695,0.0490197539329529,70
738534.45965912321116775274,57.6503677368164,-3.05094909667969,10.3227405548096,0.0196079015731812,0.00392162799835205,42.4980049133301,-71.5848159790039,1320.16430664062,1197.82116699219,2.41959857940674,-0.142694026231766,112.905471801758,58.5887832641602,-3.33362317085266,0,-0.10784313082695,0.0490197539329529,70
738534.45966101158410310745,57.6503677368164,-3.05094909667969,10.3227405548096,0.0196079015731812,0.00392162799835205,42.4980049133301,-71.5848159790039,1320.16430664062,1197.82116699219,2.41959857940674,-0.142694026231766,112.905471801758,58.5887832641602,-3.33362317085266,0,-0.10784313082695,0.0490197539329529,70
738534.45966283464804291725,57.6503677368164,-3.05094909667969,10.3227405548096,0.0196079015731812,0.00392162799835205,42.4980049133301,-71.5848159790039,1320.16430664062,1197.82116699219,2.41959857940674,-0.142694026231766,112.905471801758,58.5887832641602,-3.33362317085266,0,-0.10784313082695,0.0490197539329529,70
738534.45966461347416043282,57.6503677368164,-3.05094909667969,10.3227405548096,0.0196079015731812,0.00392162799835205,42.4980049133301,-71.5848159790039,1320.16430664062,1197.82116699219,2.41959857940674,-0.142694026231766,112.905471801758,58.5887832641602,-3.33362317085266,0,-0.10784313082695,0.0490197539329529,70
738534.45966633898206055164,57.6503677368164,-3.05094909667969,10.3227405548096,0.0196079015731812,0.00392162799835205,42.4980049133301,-71.5848159790039,1320.16430664062,1197.82116699219,2.41959857940674,-0.142694026231766,112.905471801758,58.5887832641602,-3.33362317085266,0,-0.10784313082695,0.0490197539329529,70
738534.45966817834414541721,57.6503677368164,-3.05094909667969,10.3227405548096,0.0196079015731812,0.00392162799835205,42.4980049133301,-71.5848159790039,1320.16430664062,1197.82116699219,2.41959857940674,-0.142694026231766,112.905471801758,58.5887832641602,-3.33362317085266,0,-0.10784313082695,0.0490197539329529,70
738534.45966993679758161306,57.6503677368164,-3.05094909667969,10.3227405548096,0.0196079015731812,0.00392162799835205,42.4980049133301,-71.5848159790039,1320.16430664062,1197.82116699219,2.41959857940674,-0.142694026231766,112.905471801758,58.5887832641602,-3.33362317085266,0,-0.10784313082695,0.0490197539329529,70
738534.45967173529788851738,57.6503677368164,-3.05094909667969,10.3227405548096,0.0196079015731812,0.00392162799835205,42.4980049133301,-71.5848159790039,1320.16430664062,1197.82116699219,2.41959857940674,-0.142694026231766,112.905471801758,58.5887832641602,-3.33362317085266,0,-0.10784313082695,0.0490197539329529,70
738534.45967365393880754709,57.6503677368164,-3.05094909667969,10.3227405548096,0.0196079015731812,0.00392162799835205,42.4980049133301,-71.5848159790039,1320.16430664062,1197.82116699219,2.41959857940674,-0.142694026231766,112.905471801758,58.5887832641602,-3.33362317085266,0,-0.10784313082695,0.0490197539329529,70
738534.45967539399862289429,57.6503677368164,-3.05094909667969,10.3227405548096,0.0196079015731812,0.00392162799835205,42.4980049133301,-71.5848159790039,1320.16430664062,1197.82116699219,2.41959857940674,-0.142694026231766,112.905471801758,58.5887832641602,-3.33362317085266,0,-0.10784313082695,0.0490197539329529,70
738534.45967715512961149216,57.6503677368164,-3.05094909667969,10.3227405548096,0.0196079015731812,0.00392162799835205,42.4980049133301,-71.5848159790039,1320.16430664062,1197.82116699219,2.41959857940674,-0.142694026231766,112.905471801758,58.5887832641602,-3.33362317085266,0,-0.10784313082695,0.0490197539329529,70
738534.45967897470109164715,57.6503677368164,-3.05094909667969,10.3227405548096,0.0196079015731812,0.00392162799835205,42.4980049133301,-71.5848159790039,1320.16430664062,1197.82116699219,2.41959857940674,-0.142694026231766,112.905471801758,58.5887832641602,-3.33362317085266,0,-0.10784313082695,0.0490197539329529,70
738534.45968076272401958704,57.6503677368164,-3.05094909667969,10.3227405548096,0.0196079015731812,0.00392162799835205,42.4980049133301,-71.5848159790039,1320.16430664062,1197.82116699219,2.41959857940674,-0.142694026231766,112.905471801758,58.5887832641602,-3.33362317085266,0,-0.10784313082695,0.0490197539329529,70
738534.45968259510118514299,57.5502510070801,-3.09195637702942,10.272852897644,0.0196079015731812,0.00392162799835205,42.4980010986328,-71.5847778320312,1319.99890136719,1197.70678710938,-3.02783346176147,-0.038638211786747,109.09928894043,58.5416374206543,-3.0408616065979,0.870247840881348,-0.107614606618881,0.0466128401458263,70
738534.45968442759476602077,57.6229515075684,-3.05866122245789,10.2438888549805,0.0196079015731812,0.00392162799835205,42.4979858398438,-71.5846710205078,1319.43493652344,1196.81799316406,-2.32642793655396,-0.00558518804609776,100.862800598145,58.6062889099121,-2.41999912261963,1.58935582637787,-0.107244230806828,0.0416153781116009,70
738534.45968635368626564741,57.5950813293457,-3.01349020004272,10.2370071411133,0.0196079015731812,0.00392162799835205,42.4979705810547,-71.5845489501953,1318.85314941406,1195.8896484375,-2.55263113975525,0.0637982562184334,97.3010940551758,58.5753440856934,-2.16661214828491,0.800840973854065,-0.107214607298374,0.0393549054861069,70
738534.45968830457422882318,57.5348052978516,-3.03181552886963,10.2160453796387,0.0196079015731812,0.00392162799835205,42.4979553222656,-71.5844345092773,1318.27465820312,1194.96765136719,-2.70122647285461,0.13893648982048,96.781623840332,58.5133628845215,-2.14555549621582,0.443953454494476,-0.107342004776001,0.038573645055294,70
738534.45969011913985013962,57.459114074707,-3.06766295433044,10.1907739639282,0.0196079015731812,0.00392162799835205,42.4979438781738,-71.5843276977539,1317.7353515625,1194.11059570312,-2.81686115264893,0.211495414376259,97.7016830444336,58.436393737793,-2.23387122154236,0.285793513059616,-0.107545077800751,0.0384050980210304,70
738534.45969206758309155703,57.3145561218262,-3.12520360946655,10.1499452590942,0.0196079015731812,0.00392162799835205,42.4979286193848,-71.5842056274414,1317.13171386719,1193.15661621094,-2.93047189712524,0.293911933898926,99.4343414306641,58.2901916503906,-2.38945317268372,0.235048994421959,-0.107847981154919,0.0384430587291718,70
738534.45969402114860713482,57.0848846435547,-3.21382546424866,10.0938606262207,0.0196079015731812,0.00392162799835205,42.4979133605957,-71.5840911865234,1316.529296875,1192.21252441406,-3.05045413970947,0.372189611196518,101.333442687988,58.059440612793,-2.56386399269104,0.242601603269577,-0.108233541250229,0.0385152585804462,70
738534.45969594444613903761,56.8443222045898,-3.32454776763916,10.0375680923462,0.0196079015731812,0.00392162799835205,42.4978981018066,-71.5839691162109,1315.90795898438,1191.24963378906,-3.18625473976135,0.448895961046219,103.147583007812,57.819393157959,-2.74279689788818,0.267931193113327,-0.108736798167229,0.0385304801166058,70
738534.45969786262139678001,56.6115531921387,-3.4498815536499,9.98493099212646,0.0196079015731812,0.00392162799835205,42.4978828430176,-71.583854675293,1315.27722167969,1190.28430175781,-3.32565832138062,0.523527920246124,104.702377319336,57.5887870788574,-2.91508913040161,0.305014938116074,-0.109375417232513,0.0384587123990059,70
738534.45969979767687618732,56.3832702636719,-3.5895893573761,9.93538284301758,0.0196079015731812,0.00392162799835205,42.4978713989258,-71.583740234375,1314.62463378906,1189.39367675781,-3.47320437431335,0.597167015075684,105.97883605957,57.3643646240234,-3.08162641525269,0.34424489736557,-0.110182762145996,0.0382961966097355,70
738534.45970171072985976934,56.1600303649902,-3.74284601211548,9.88918018341064,0.0196079015731812,0.00392162799835205,42.4978561401367,-71.583625793457,1313.9453125,1188.63146972656,-3.63038325309753,0.670020282268524,106.978378295898,57.1467742919922,-3.24365448951721,0.379409998655319,-0.111186072230339,0.0380489081144333,70
738534.45970354555174708366,55.9563865661621,-3.89832329750061,9.84920501708984,0.0196079015731812,0.00392162799835205,42.4978408813477,-71.5835189819336,1313.28002929688,1187.88830566406,-3.78734993934631,0.737698674201965,107.683723449707,56.9501609802246,-3.39361238479614,0.405089497566223,-0.112329125404358,0.0377484373748302,70
738534.45970560994464904070,55.7416305541992,-4.08835220336914,9.80960178375244,0.0196079015731812,0.00392162799835205,42.4978256225586,-71.5834045410156,1312.49060058594,1187.01025390625,-3.97513484954834,0.813784301280975,108.242362976074,56.7456817626953,-3.56298398971558,0.426981896162033,-0.113887213170528,0.0373291410505772,70
738534.45970760448835790157,55.5824813842773,-4.2844352722168,9.78302478790283,0.0196079015731812,0.00392162799835205,42.4978103637695,-71.5832824707031,1311.67126464844,1186.10314941406,-4.13269710540771,0.889760851860046,108.584915161133,56.5992622375488,-3.73230862617493,0.453219532966614,-0.115724056959152,0.0368401259183884,70
738534.45970940683037042618,55.5083236694336,-4.44558095932007,9.77542018890381,0.0196079015731812,0.00392162799835205,42.4977989196777,-71.5831756591797,1310.9423828125,1185.52294921875,-4.20413875579834,0.954962074756622,108.749557495117,56.5375633239746,-3.87953615188599,0.454781085252762,-0.117536120116711,0.0363754741847515,70
738534.45971140114124864340,55.4621620178223,-4.59902906417847,9.77800464630127,0.0196079015731812,0.00392162799835205,42.4977836608887,-71.5830612182617,1310.08996582031,1185.13366699219,-4.20152854919434,1.02633321285248,108.836212158203,56.5049743652344,-4.04816150665283,0.437179416418076,-0.119848489761353,0.0358103178441525,70
738534.45971331954933702946,55.4316139221191,-4.72052192687988,9.78679466247559,0.0196079015731812,0.00392162799835205,42.4977684020996,-71.5829467773438,1309.2373046875,1184.73217773438,-4.22370910644531,1.09499633312225,108.85498046875,56.4865341186523,-4.21201848983765,0.393896281719208,-0.122345134615898,0.0352241918444633,70
738534.45971526775974780321,55.423885345459,-4.82566070556641,9.80300426483154,0.0196079015731812,0.00392162799835205,42.4977569580078,-71.5828323364258,1308.37182617188,1184.314453125,-4.27062225341797,1.1620067358017,108.835800170898,56.4906463623047,-4.37103271484375,0.33078807592392,-0.125031799077988,0.034613486379385,70
738534.45971715543419122696,55.4427223205566,-4.92406272888184,9.82693958282471,0.0196079015731812,0.00392162799835205,42.4977416992188,-71.5827255249023,1307.49987792969,1183.81140136719,-4.35267210006714,1.22730243206024,108.799095153809,56.5217704772949,-4.52203226089478,0.249753087759018,-0.127864867448807,0.0339806452393532,70
738534.45971901935990899801,55.4871253967285,-5.01519536972046,9.85756778717041,0.0196079015731812,0.00392162799835205,42.497730255127,-71.5826187133789,1306.63940429688,1182.81286621094,-4.43001985549927,1.29015648365021,108.761100769043,56.5786590576172,-4.66129589080811,0.15944430232048,-0.130762875080109,0.0333442389965057,70
738534.45972098584752529860,55.5635643005371,-5.10117292404175,9.89821624755859,0.0196079015731812,0.00392162799835205,42.4977149963379,-71.5825042724609,1305.70886230469,1181.73510742188,-4.52660799026489,1.35712099075317,108.730484008789,56.6683883666992,-4.80152606964111,0.049307569861412,-0.133995279669762,0.032642912119627,70
738534.45972290530335158110,55.6631240844727,-5.18638324737549,9.944091796875,0.0196079015731812,0.00392162799835205,42.4976997375488,-71.582389831543,1304.78820800781,1180.67053222656,-4.64129066467285,1.42372262477875,108.720275878906,56.7817497253418,-4.92974185943604,-0.0664239153265953,-0.137278348207474,0.0319384522736073,70
738534.45972489938139915466,55.7842178344727,-5.27015542984009,9.99626445770264,0.0196079015731812,0.00392162799835205,42.4976844787598,-71.5822677612305,1303.80786132812,1179.53833007812,-4.74042654037476,1.4964827299118,108.738082885742,56.9172973632812,-5.05606555938721,-0.17918373644352,-0.140854865312576,0.0311776679009199,70
738534.45972689893096685410,55.9098854064941,-5.34085559844971,10.0490942001343,0.0196079015731812,0.00392162799835205,42.4976692199707,-71.5821533203125,1302.8349609375,1178.41625976562,-4.84268474578857,1.57295560836792,108.787559509277,57.056324005127,-5.17192792892456,-0.273439884185791,-0.144479274749756,0.0304182004183531,70
738534.45972882292699068785,56.0346870422363,-5.41301584243774,10.1011266708374,0.0196079015731812,0.00392162799835205,42.4976539611816,-71.5820388793945,1301.85803222656,1177.29064941406,-4.9584174156189,1.65553760528564,108.86824798584,57.1945762634277,-5.27942991256714,-0.342493385076523,-0.148182764649391,0.029654597863555,70
738534.45973074971698224545,56.1500358581543,-5.48222732543945,10.1502513885498,0.0196079015731812,0.00392162799835205,42.4976425170898,-71.5819244384766,1300.89001464844,1176.17651367188,-5.05027961730957,1.7397632598877,108.975234985352,57.3228492736816,-5.37815999984741,-0.375357508659363,-0.151907578110695,0.0288909394294024,70
738534.45973264030180871487,56.2530937194824,-5.54734802246094,10.1967334747314,0.0196079015731812,0.00392162799835205,42.4976272583008,-71.5818176269531,1299.90759277344,1175.04663085938,-5.12697601318359,1.82706487178802,109.10595703125,57.438289642334,-5.47159767150879,-0.373321652412415,-0.155741795897484,0.028107475489378,70
738534.45973456313367933035,56.3414154052734,-5.60872316360474,10.2400560379028,0.0196079015731812,0.00392162799835205,42.4976119995117,-71.5817031860352,1298.91540527344,1173.90673828125,-5.19108247756958,1.91502273082733,109.253791809082,57.5384330749512,-5.55982685089111,-0.331845879554749,-0.159664869308472,0.0273213591426611,70
738534.45973652368411421776,56.4240837097168,-5.66889715194702,10.2833309173584,0.0196079015731812,0.00392162799835205,42.4975967407227,-71.5815811157227,1297.88952636719,1172.72912597656,-5.24849605560303,2.00322961807251,109.416198730469,57.6329803466797,-5.6452431678772,-0.26516056060791,-0.163772240281105,0.0265108216553926,70
738534.45973848027642816305,56.5074691772461,-5.72707557678223,10.3279409408569,0.0196079015731812,0.00392162799835205,42.4975814819336,-71.5814666748047,1296.85437011719,1171.54162597656,-5.30022239685059,2.0886447429657,109.584175109863,57.7283248901367,-5.72600078582764,-0.19359079003334,-0.167965397238731,0.0256826244294643,70
738534.45974045747425407171,56.5965423583984,-5.78299474716187,10.3754606246948,0.0196079015731812,0.00392162799835205,42.4975662231445,-71.5813522338867,1295.80529785156,1170.33898925781,-5.34720754623413,2.17154216766357,109.755500793457,57.8295936584473,-5.8028736114502,-0.12740620970726,-0.172261297702789,0.0248291753232479,70
738534.45974241872318089008,56.6890716552734,-5.83526134490967,10.425518989563,0.0196079015731812,0.00392162799835205,42.4975509643555,-71.5812301635742,1294.74536132812,1169.12487792969,-5.38911104202271,2.25254940986633,109.928817749023,57.934383392334,-5.87597894668579,-0.0679623782634735,-0.17664597928524,0.0239618327468634,70
738534.45974433433730155230,56.7797508239746,-5.88224792480469,10.476541519165,0.0196079015731812,0.00392162799835205,42.4975357055664,-71.5811157226562,1293.69384765625,1167.92065429688,-5.42535877227783,2.33092665672302,110.101104736328,58.0370483398438,-5.94431257247925,-0.0140590127557516,-0.181038245558739,0.0230973549187183,70
738534.45974627719260752201,56.8686294555664,-5.92451000213623,10.5289096832275,0.0196079015731812,0.00392162799835205,42.4975204467773,-71.5810012817383,1292.64135742188,1166.71594238281,-5.45685338973999,2.40762972831726,110.273880004883,58.1377563476562,-6.00868558883667,0.0348641872406006,-0.185471683740616,0.0222305189818144,70
738534.45974823122378438711,56.9558334350586,-5.9624490737915,10.5830307006836,0.0196079015731812,0.00392162799835205,42.4975051879883,-71.5808868408203,1291.57983398438,1165.5009765625,-5.48550319671631,2.48353910446167,110.44841003418,58.236743927002,-6.0696382522583,0.0796183794736862,-0.189979538321495,0.0213448405265808,70
738534.45975015696603804827,57.039680480957,-5.99702262878418,10.6391544342041,0.0196079015731812,0.00392162799835205,42.4974899291992,-71.5807723999023,1290.49401855469,1164.25866699219,-5.51522827148438,2.56006026268005,110.626800537109,58.3325042724609,-6.12786102294922,0.122666791081429,-0.194622904062271,0.0204381160438061,70
738534.45975212950725108385,57.1179809570312,-6.02953386306763,10.6963748931885,0.0196079015731812,0.00392162799835205,42.4974746704102,-71.5806503295898,1289.39965820312,1163.00646972656,-5.54721212387085,2.63626337051392,110.805618286133,58.4228668212891,-6.18235683441162,0.163498744368553,-0.199332922697067,0.0195188093930483,70
738534.45975400798488408327,57.1882553100586,-6.05986213684082,10.752215385437,0.0196079015731812,0.00392162799835205,42.4974594116211,-71.5805358886719,1288.34729003906,1161.80249023438,-5.57431077957153,2.70888614654541,110.975318908691,58.5049438476562,-6.23091888427734,0.200612515211105,-0.203886538743973,0.0186281055212021,70
738534.45975592464674264193,57.2583045959473,-6.08925819396973,10.8111782073975,0.0196079015731812,0.00392162799835205,42.497444152832,-71.5804214477539,1287.26416015625,1160.56323242188,-5.59779357910156,2.78255915641785,111.147010803223,58.5873222351074,-6.27738761901855,0.237573817372322,-0.20859694480896,0.0177013501524925,70
738534.45975787437055259943,57.3293495178223,-6.11700248718262,10.8732738494873,0.0196079015731812,0.00392162799835205,42.497428894043,-71.5803070068359,1286.16455078125,1159.30505371094,-5.61807775497437,2.85622811317444,111.317756652832,58.6711158752441,-6.32123041152954,0.268282145261765,-0.213401883840561,0.0167478546500206,70
738534.45975981827359646559,57.4000968933105,-6.14203071594238,10.9374313354492,0.0196079015731812,0.00392162799835205,42.4974136352539,-71.5801849365234,1285.06896972656,1158.05139160156,-5.63485956192017,2.92876863479614,111.484451293945,58.7547721862793,-6.36184501647949,0.292085587978363,-0.218210712075233,0.0157827213406563,70
738534.45976175542455166578,57.471134185791,-6.1643500328064,11.0043268203735,0.0196079015731812,0.00392162799835205,42.4973983764648,-71.5800704956055,1283.958984375,1156.78088378906,-5.64581155776978,2.99060320854187,111.650451660156,58.838981628418,-6.40009260177612,0.318516343832016,-0.223103433847427,0.0147906364873052,70
738534.45976404019165784121,57.5489654541016,-6.18193101882935,11.079870223999,0.0196079015731812,0.00392162799835205,42.4973793029785,-71.5799407958984,1282.72985839844,1155.37365722656,-5.64362621307373,2.96860504150391,111.832290649414,58.9310035705566,-6.43924283981323,0.343811243772507,-0.228543907403946,0.0136743104085326,70
738534.45976600388530641794,57.6238250732422,-6.19363594055176,11.1498937606812,0.0196079015731812,0.00392162799835205,42.4973602294922,-71.5798110961914,1281.5419921875,1154.01306152344,-5.59484672546387,2.74401378631592,112.004920959473,59.0185241699219,-6.47343873977661,0.395275503396988,-0.233821988105774,0.012587632983923,70
738534.45976790727581828833,57.6928253173828,-6.1808295249939,11.2116203308105,0.0196079015731812,0.00392162799835205,42.4973449707031,-71.5796966552734,1280.45983886719,1152.77282714844,-5.52432155609131,2.56112027168274,112.16047668457,59.0962371826172,-6.50112152099609,0.347891271114349,-0.23865020275116,0.0115796076133847,70
738534.45976980857085436583,57.7633628845215,-6.15229320526123,11.2711238861084,0.0196079015731812,0.00392162799835205,42.4973297119141,-71.5795822143555,1279.35412597656,1151.50415039062,-5.44715309143066,2.48363709449768,112.318634033203,59.1734352111816,-6.52443599700928,0.315649181604385,-0.243598490953445,0.0105282375589013,70
738534.45977174816653132439,57.830982208252,-6.10860633850098,11.3317737579346,0.0196079015731812,0.00392162799835205,42.497314453125,-71.579460144043,1278.26452636719,1150.31689453125,-5.35812282562256,2.45515632629395,112.474769592285,59.2464942932129,-6.54067945480347,0.189229086041451,-0.248479545116425,0.00946900714188814,70
738534.45977363747078925371,57.8940200805664,-6.05333232879639,11.3909597396851,0.0196079015731812,0.00392162799835205,42.4972953796387,-71.579345703125,1277.21228027344,1149.44299316406,-5.22517156600952,2.45071458816528,112.630493164062,59.3136940002441,-6.54850196838379,0.067088395357132,-0.253187000751495,0.00842853076756001,70
738534.45977559895254671574,57.9568748474121,-5.9665732383728,11.4514989852905,0.0196079015731812,0.00392162799835205,42.4972801208496,-71.579231262207,1276.13049316406,1148.54614257812,-4.99944400787354,2.43570518493652,112.798629760742,59.3779106140137,-6.5469183921814,0.0128195770084858,-0.258015066385269,0.00732922926545143,70
738534.45977751340251415968,58.0195388793945,-5.82961177825928,11.5075960159302,0.0196079015731812,0.00392162799835205,42.4972648620605,-71.5791091918945,1275.05749511719,1147.65930175781,-4.82514953613281,1.99783575534821,112.973808288574,59.4363174438477,-6.53261756896973,0.0511756837368011,-0.262789249420166,0.0062059392221272,70
738534.45977941877208650112,58.0787506103516,-5.69787120819092,11.5495195388794,0.0196079015731812,0.00392162799835205,42.4972457885742,-71.5789947509766,1274.03552246094,1146.81848144531,-4.73626708984375,1.39504075050354,113.147254943848,59.4894828796387,-6.50304889678955,-0.0462090708315372,-0.267292112112045,0.00509870424866676,70
738534.45978134369943290949,58.1378059387207,-5.566162109375,11.5791749954224,0.0196079015731812,0.00392162799835205,42.4972305297852,-71.5788803100586,1273.03820800781,1146.00158691406,-4.72540092468262,1.25256216526031,113.321113586426,59.5404396057129,-6.45731115341187,-0.203320741653442,-0.271616876125336,0.00397448986768723,70
738534.45978335815016180277,58.1959495544434,-5.46755456924438,11.6030778884888,0.0196079015731812,0.00392162799835205,42.4972152709961,-71.5787582397461,1272.01818847656,1145.16979980469,-4.76441335678101,1.30263614654541,113.501457214355,59.5927352905273,-6.39386415481567,-0.254197895526886,-0.27594006061554,0.00277866306714714,70
738534.45978524617385119200,58.2491569519043,-5.3918285369873,11.6252040863037,0.0196079015731812,0.00392162799835205,42.4971961975098,-71.5786361694336,1271.04162597656,1144.3759765625,-4.72868490219116,1.34840452671051,113.673667907715,59.6421127319336,-6.32174634933472,-0.249463602900505,-0.279976427555084,0.00160697975661606,70
738534.45978715852834284306,58.2986755371094,-5.31613826751709,11.6460256576538,0.0196079015731812,0.00392162799835205,42.4971809387207,-71.5785217285156,1270.08337402344,1143.59936523438,-4.57449960708618,1.31246185302734,113.840911865234,59.687744140625,-6.24448585510254,-0.20392632484436,-0.283852458000183,0.000426448503276333,70
738534.45978901861235499382,58.3437652587891,-5.20127868652344,11.6656169891357,0.0196079015731812,0.00392162799835205,42.4971618652344,-71.5784072875977,1269.17456054688,1142.27880859375,-4.30032300949097,1.26491034030914,113.997001647949,59.7254943847656,-6.16712427139282,-0.167301714420319,-0.287469834089279,-0.000724594865459949,70
738534.45979089988395571709,58.3858947753906,-5.03863859176636,11.6841402053833,0.0196079015731812,0.00392162799835205,42.4971466064453,-71.5782928466797,1268.27282714844,1140.53503417969,-4.02803564071655,1.20452404022217,114.149490356445,59.7563362121582,-6.08365678787231,-0.137186929583549,-0.291007399559021,-0.0019013318233192,70
738534.45979290339164435863,58.4263877868652,-4.83341312408447,11.6995973587036,0.0196079015731812,0.00392162799835205,42.4971313476562,-71.5781707763672,1267.34729003906,1138.71472167969,-3.83506870269775,0.990731358528137,114.30290222168,59.781982421875,-5.98511028289795,-0.101042442023754,-0.294558495283127,-0.0031682625412941,70
738534.45979481341782957315,58.4603805541992,-4.6560959815979,11.7066888809204,0.0265364088118076,0.00392162799835205,42.4971122741699,-71.5780487060547,1266.49291992188,1137.00317382812,-3.71124625205994,0.692855179309845,114.440063476562,59.8025245666504,-5.87811136245728,-0.127154871821404,-0.297716706991196,-0.00438013952225447,70
738534.45979677303694188595,58.4907646179199,-4.47777938842773,11.7060375213623,0.0444999933242798,0.00392162799835205,42.4970970153809,-71.5779266357422,1265.64868164062,1135.28210449219,-3.44499063491821,0.570464372634888,114.570083618164,59.8184852600098,-5.75626564025879,-0.168424546718597,-0.300690650939941,-0.00562450336292386,70
738534.45979864173568785191,58.5154418945312,-4.25694036483765,11.7009553909302,0.0444999933242798,0.00392162799835205,42.4970779418945,-71.5778121948242,1264.87109375,1133.66198730469,-3.18111181259155,0.498046547174454,114.684410095215,59.8255043029785,-5.62824010848999,-0.172213599085808,-0.303295791149139,-0.00682388572022319,70
738534.45980049180798232555,58.5339012145996,-4.03415155410767,11.6922988891602,0.0444999933242798,0.00392162799835205,42.4970626831055,-71.5776977539062,1264.13562011719,1132.09118652344,-2.97381997108459,0.408474534749985,114.78687286377,59.8264312744141,-5.4888219833374,-0.186080366373062,-0.305606871843338,-0.00802335422486067,70
738534.45980248565319925547,58.5477409362793,-3.80506801605225,11.680721282959,0.0444999933242798,0.00392162799835205,42.4970474243164,-71.5775833129883,1263.41943359375,1130.51806640625,-2.85473775863647,0.385124534368515,114.880325317383,59.8227005004883,-5.33230400085449,-0.229340553283691,-0.307672441005707,-0.0092584416270256,70
738534.45980436913669109344,58.5566749572754,-3.59993934631348,11.665771484375,0.0444999933242798,0.00392162799835205,42.4970283508301,-71.5774536132812,1262.69348144531,1128.87768554688,-2.77519464492798,0.419765472412109,114.967208862305,59.8158340454102,-5.15138149261475,-0.235965996980667,-0.309529185295105,-0.0105878487229347,70
738534.45980627543758600950,58.5606384277344,-3.42430853843689,11.6499910354614,0.0444999933242798,0.00392162799835205,42.497013092041,-71.5773391723633,1262.05187988281,1127.38916015625,-2.69376444816589,0.32767528295517,115.036026000977,59.806324005127,-4.9759840965271,-0.212270721793175,-0.310946226119995,-0.0118185365572572,70
738534.45980827277526259422,58.5613899230957,-3.2593104839325,11.629340171814,0.0444999933242798,0.00392162799835205,42.4969940185547,-71.5772171020508,1261.41003417969,1125.8623046875,-2.60637331008911,0.167425438761711,115.096710205078,59.7938194274902,-4.78823471069336,-0.202580988407135,-0.312140583992004,-0.0131125217303634,70
738534.45981020363979041576,58.5598793029785,-3.10629820823669,11.600926399231,0.0444999933242798,0.00392162799835205,42.4969787597656,-71.5770950317383,1260.79443359375,1124.36047363281,-2.51101207733154,-0.16634613275528,115.146522521973,59.778678894043,-4.60012149810791,-0.174497067928314,-0.313066035509109,-0.0144168036058545,70
738534.45981216314248740673,58.5568428039551,-2.95974516868591,11.5626630783081,0.0444999933242798,0.00392162799835205,42.4969596862793,-71.5769729614258,1260.21203613281,1122.90368652344,-2.41386032104492,-0.577839016914368,115.185607910156,59.7608489990234,-4.41728115081787,-0.200638696551323,-0.313734501600266,-0.0157052520662546,70
738534.45981410343665629625,58.552906036377,-2.81793570518494,11.5121202468872,0.0444999933242798,0.00392162799835205,42.4969444274902,-71.5768585205078,1259.65454101562,1121.47277832031,-2.31336450576782,-0.988255321979523,115.21524810791,59.7403755187988,-4.23905658721924,-0.245087936520576,-0.314173579216003,-0.0169834848493338,70
738534.45981601916719228029,58.5480690002441,-2.68361282348633,11.4514579772949,0.0444999933242798,0.00392162799835205,42.4969291687012,-71.5767364501953,1259.13305664062,1120.09924316406,-2.20867013931274,-1.35716784000397,115.235565185547,59.7177886962891,-4.07027673721313,-0.314636498689651,-0.314390987157822,-0.0182212665677071,70
738534.45981794712133705616,58.541862487793,-2.54771780967712,11.3797330856323,0.0444999933242798,0.00392162799835205,42.4969100952148,-71.5766220092773,1258.62719726562,1118.73034667969,-2.09023475646973,-1.61254167556763,115.247856140137,59.6920356750488,-3.90469694137573,-0.382339179515839,-0.314406782388687,-0.0194767341017723,70
738534.45981986541301012039,58.5335273742676,-2.41278600692749,11.3005867004395,0.0444999933242798,0.00392162799835205,42.4968948364258,-71.5764999389648,1258.13940429688,1117.3720703125,-1.9654141664505,-1.74363768100739,115.252067565918,59.6632118225098,-3.74284172058105,-0.460232526063919,-0.314218163490295,-0.0207344125956297,70
738534.45982183224987238646,58.5220489501953,-2.27197289466858,11.2147989273071,0.0444999933242798,0.00392162799835205,42.4968795776367,-71.5763778686523,1257.66320800781,1116.00378417969,-1.83955085277557,-1.77197802066803,115.248046875,59.6302261352539,-3.58180022239685,-0.500923573970795,-0.313815414905548,-0.0220222044736147,70
738534.45982382167130708694,58.5071067810059,-2.12975811958313,11.124716758728,0.0444999933242798,0.00392162799835205,42.4968605041504,-71.5762557983398,1257.205078125,1114.64147949219,-1.72647941112518,-1.83980572223663,115.23560333252,59.5934295654297,-3.42296171188354,-0.499413579702377,-0.313189476728439,-0.0233159381896257,70
738534.45982574811205267906,58.4908714294434,-2.00418853759766,11.0372142791748,0.0444999933242798,0.00392162799835205,42.4968452453613,-71.5761413574219,1256.80187988281,1113.40026855469,-1.63979017734528,-2.05469036102295,115.216773986816,59.5568542480469,-3.27926969528198,-0.498318463563919,-0.312414795160294,-0.0245027374476194,70
738534.45982768491376191378,58.4723281860352,-1.87801241874695,10.9367733001709,0.0444999933242798,0.00392162799835205,42.4968299865723,-71.5760192871094,1256.39611816406,1112.10717773438,-1.549032330513,-2.37582874298096,115.18936920166,59.5159912109375,-3.13012838363647,-0.507852733135223,-0.311395883560181,-0.0257562231272459,70
738534.45982967759482562542,58.4526863098145,-1.75557386875153,10.8260173797607,0.0444999933242798,0.00392162799835205,42.4968147277832,-71.5758972167969,1256.00952148438,1110.828125,-1.45834922790527,-2.7174289226532,115.154518127441,59.4726943969727,-2.98384618759155,-0.541740000247955,-0.310172468423843,-0.0269950944930315,70
738534.45983158354647457600,58.4328804016113,-1.64155256748199,10.7096662521362,0.0444999933242798,0.00392162799835205,42.4967994689941,-71.5757751464844,1255.65625,1109.61486816406,-1.3691109418869,-3.02112221717834,115.114318847656,59.4288902282715,-2.84658098220825,-0.588055908679962,-0.308810412883759,-0.0281658004969358,70
738534.45983362104743719101,58.4112663269043,-1.52557337284088,10.5784616470337,0.0444999933242798,0.00392162799835205,42.4967803955078,-71.5756530761719,1255.30725097656,1108.3681640625,-1.2760683298111,-3.32754492759705,115.065673828125,59.3810348510742,-2.70705795288086,-0.634262561798096,-0.30720442533493,-0.0293604508042336,70
738534.45983568101655691862,58.3878479003906,-1.41603672504425,10.4362630844116,0.0444999933242798,0.00392162799835205,42.4967651367188,-71.5755233764648,1254.96850585938,1107.10705566406,-1.17228066921234,-3.49647903442383,115.008865356445,59.3301048278809,-2.56782364845276,-0.72642320394516,-0.305363565683365,-0.0305667091161013,70
738534.45983756578061729670,58.3649673461914,-1.31339251995087,10.304666519165,0.0444999933242798,0.00392162799835205,42.4967498779297,-71.5754089355469,1254.68322753906,1105.99938964844,-1.06749141216278,-3.49384379386902,114.952659606934,59.2822113037109,-2.44749402999878,-0.757332503795624,-0.30356702208519,-0.0316160209476948,70
738534.45983940234873443842,58.3398284912109,-1.21157693862915,10.1736173629761,0.0444999933242798,0.00392162799835205,42.4967384338379,-71.5753021240234,1254.41723632812,1104.92077636719,-0.967933297157288,-3.49088191986084,114.892120361328,59.2326431274414,-2.33186817169189,-0.771513342857361,-0.301648765802383,-0.0326254963874817,70
738534.45984116999898105860,58.3121871948242,-1.10774374008179,10.0402221679688,0.0444999933242798,0.00392162799835205,42.4967231750488,-71.5751876831055,1254.16589355469,1103.85205078125,-0.88126003742218,-3.53554081916809,114.826263427734,59.1806106567383,-2.21819758415222,-0.764806389808655,-0.299574971199036,-0.0336147248744965,70
738534.45984312356449663639,58.2805442810059,-1.00464034080505,9.89606094360352,0.0444999933242798,0.00392162799835205,42.4967079162598,-71.575065612793,1253.91442871094,1102.72680664062,-0.798515975475311,-3.61739826202393,114.750633239746,59.1232872009277,-2.09932994842529,-0.769235789775848,-0.297198593616486,-0.0346459746360779,70
738534.45984510285779833794,58.2467842102051,-0.905721604824066,9.74864768981934,0.0444999933242798,0.00392162799835205,42.4966926574707,-71.5749435424805,1253.6787109375,1101.61279296875,-0.713207185268402,-3.68774223327637,114.669158935547,59.0638999938965,-1.98230624198914,-0.777558088302612,-0.294648349285126,-0.0356518402695656,70
738534.45984707563184201717,58.2119789123535,-0.812285542488098,9.60282421112061,0.0444999933242798,0.00392162799835205,42.4966812133789,-71.5748291015625,1253.46496582031,1100.57727050781,-0.631556153297424,-3.7381546497345,114.584808349609,59.0043106079102,-1.87099432945251,-0.781754732131958,-0.292013823986053,-0.0366002433001995,70
738534.45984915550798177719,58.1716117858887,-0.71344780921936,9.44082641601562,0.0444999933242798,0.00392162799835205,42.4966659545898,-71.5746994018555,1253.24780273438,1099.48583984375,-0.544429004192352,-3.79325032234192,114.486618041992,58.9370384216309,-1.75172853469849,-0.785266876220703,-0.288958102464676,-0.0376061871647835,70
738534.45985106879379600286,58.1328773498535,-0.626770973205566,9.29131698608398,0.0444999933242798,0.00392162799835205,42.4966506958008,-71.574577331543,1253.06506347656,1098.50561523438,-0.467628717422485,-3.84359526634216,114.392562866211,58.8740425109863,-1.6462060213089,-0.788757026195526,-0.286024957895279,-0.0384870283305645,70
738534.45985311246477067471,58.0896186828613,-0.539515554904938,9.13270664215088,0.0444999933242798,0.00392162799835205,42.496639251709,-71.5744552612305,1252.88854980469,1097.49340820312,-0.389920890331268,-3.89647364616394,114.289199829102,58.8056221008301,-1.53863263130188,-0.792577981948853,-0.282806366682053,-0.0393683686852455,70
738534.45985506603028625250,58.0432205200195,-0.458929687738419,8.97729682922363,0.0444999933242798,0.00392162799835205,42.4966239929199,-71.574333190918,1252.73205566406,1096.52941894531,-0.31764629483223,-3.94702577590942,114.18497467041,58.7351493835449,-1.43795335292816,-0.795454323291779,-0.279561012983322,-0.0401766635477543,70
738534.45985703752376139164,57.9895057678223,-0.381645292043686,8.81740570068359,0.0444999933242798,0.00392162799835205,42.4966125488281,-71.5742111206055,1252.5869140625,1095.56579589844,-0.247529596090317,-3.99497270584106,114.074523925781,58.6572685241699,-1.33912706375122,-0.796968519687653,-0.276141464710236,-0.040958795696497,70
738534.45985903358086943626,57.9334449768066,-0.311111181974411,8.65892028808594,0.0444999933242798,0.00392162799835205,42.4966011047363,-71.5740966796875,1252.4560546875,1094.62780761719,-0.183324918150902,-3.98665475845337,113.96012878418,58.5777893066406,-1.24501287937164,-0.807819664478302,-0.272644191980362,-0.0416954196989536,70
738534.45986098062712699175,57.8770637512207,-0.246484965085983,8.50200366973877,0.0444999933242798,0.00392162799835205,42.4965858459473,-71.573974609375,1252.33740234375,1094.11840820312,-0.136289298534393,-3.93309473991394,113.84073638916,58.4987106323242,-1.15499258041382,-0.804249465465546,-0.269052118062973,-0.0423832386732101,70
738534.45986296690534800291,57.8189277648926,-0.188794016838074,8.34375,0.0444999933242798,0.00392162799835205,42.4965744018555,-71.5738525390625,1252.2265625,1093.72058105469,-0.0903529822826385,-3.87755441665649,113.713165283203,58.4181671142578,-1.0670348405838,-0.7941854596138,-0.265273779630661,-0.0430482253432274,70
738534.45986487506888806820,57.76220703125,-0.13910610973835,8.1937952041626,0.0444999933242798,0.00392162799835205,42.4965629577637,-71.5737380981445,1252.12902832031,1093.34814453125,-0.0479517728090286,-3.82456302642822,113.586250305176,58.3406372070312,-0.987058877944946,-0.782711029052734,-0.261555165052414,-0.0436429977416992,70
738534.45986686518881469965,57.7026062011719,-0.0931323319673538,8.04090023040771,0.0444999933242798,0.00392162799835205,42.4965515136719,-71.573616027832,1252.03662109375,1092.97229003906,-0.00634481851011515,-3.77121663093567,113.451065063477,58.2602386474609,-0.909293949604034,-0.769431352615356,-0.257631450891495,-0.0442109107971191,70
738534.45986887242179363966,57.6415863037109,-0.0507770329713821,7.88843488693237,0.0444999933242798,0.00392162799835205,42.4965400695801,-71.5734939575195,1251.951171875,1092.60168457031,0.0397694185376167,-3.74999785423279,113.311370849609,58.178882598877,-0.83616042137146,-0.755081593990326,-0.253600656986237,-0.0447400324046612,70
738534.45987082982901483774,57.5793113708496,-0.0107589829713106,7.73661279678345,0.0444999933242798,0.00392162799835205,42.4965286254883,-71.573371887207,1251.87194824219,1092.23510742188,0.073497973382473,-3.65979242324829,113.167182922363,58.096752166748,-0.76759135723114,-0.762902975082397,-0.24945792555809,-0.0452264621853828,70
738534.45987278397660702467,57.5184860229492,0.0170040410012007,7.59366798400879,0.0444999933242798,0.00392162799835205,42.4965171813965,-71.5732574462891,1251.80102539062,1091.88586425781,0.0689578130841255,-3.46901822090149,113.02507019043,58.0175857543945,-0.706108868122101,-0.772170662879944,-0.245374068617821,-0.0456494502723217,70
738534.45987466967198997736,57.4597434997559,0.0297634024173021,7.46274518966675,0.0444999933242798,0.00392162799835205,42.4965057373047,-71.5731430053711,1251.73608398438,1091.55358886719,0.0549813210964203,-3.19902729988098,112.886787414551,57.9423484802246,-0.652026474475861,-0.761915802955627,-0.24139791727066,-0.0460067018866539,70
738534.45987662428524345160,57.3977851867676,0.0337671935558319,7.33389282226562,0.0444999933242798,0.00392162799835205,42.4964942932129,-71.5730209350586,1251.66943359375,1091.20751953125,0.0447952635586262,-2.89044713973999,112.740570068359,57.8644371032715,-0.601526618003845,-0.726080894470215,-0.237199380993843,-0.046343132853508,70
738534.45987855875864624977,57.3365020751953,0.0321796871721745,7.21540498733521,0.0444999933242798,0.00392162799835205,42.4964866638184,-71.5729064941406,1251.60437011719,1090.86853027344,0.0363385304808617,-2.63843107223511,112.596519470215,57.7887306213379,-0.558890998363495,-0.667258977890015,-0.233060657978058,-0.0466266684234142,70
738534.45988057821523398161,57.273738861084,0.0254564043134451,7.10079336166382,0.0444999933242798,0.00392162799835205,42.4964752197266,-71.5727844238281,1251.537109375,1090.52209472656,0.0254471506923437,-2.5044903755188,112.449096679688,57.7122459411621,-0.522652328014374,-0.606828570365906,-0.228826016187668,-0.0468819327652454,70
738534.45988250907976180315,57.2131805419922,0.0130424164235592,6.99353837966919,0.0444999933242798,0.00392162799835205,42.4964637756348,-71.5726699829102,1251.47021484375,1090.18444824219,0.013971365056932,-2.42696928977966,112.306076049805,57.6390342712402,-0.494503706693649,-0.571008741855621,-0.224710553884506,-0.047086026519537,70
738534.45988443377427756786,57.1526679992676,-0.0039630476385355,6.88821697235107,0.0444999933242798,0.00392162799835205,42.4964561462402,-71.5725479125977,1251.40026855469,1089.84106445312,0.000504260009620339,-2.34584045410156,112.162101745605,57.5662651062012,-0.473007500171661,-0.550383925437927,-0.220564067363739,-0.0472540557384491,70
738534.45988656149711459875,57.088924407959,-0.0259106289595366,6.77915716171265,0.0444999933242798,0.00392162799835205,42.4964447021484,-71.5724258422852,1251.32214355469,1089.47204589844,-0.0159761309623718,-2.24492287635803,112.00951385498,57.4900245666504,-0.457459032535553,-0.5332852602005,-0.216165006160736,-0.0473844669759274,70
738534.45988839073106646538,57.032169342041,-0.0486024096608162,6.68374109268188,0.0444999933242798,0.00392162799835205,42.4964370727539,-71.5723114013672,1251.24829101562,1089.13635253906,-0.0334834046661854,-2.15850758552551,111.873161315918,57.4224967956543,-0.449571311473846,-0.517723858356476,-0.212225079536438,-0.0474629141390324,70
738534.45989033323712646961,56.9742164611816,-0.0753592103719711,6.58768224716187,0.0444999933242798,0.00392162799835205,42.4964256286621,-71.5721969604492,1251.16760253906,1088.78503417969,-0.0549022406339645,-2.08200073242188,111.733322143555,57.3538513183594,-0.44706803560257,-0.505514621734619,-0.208175122737885,-0.0475103482604027,70
738534.45989221241325139999,56.9196472167969,-0.104069627821445,6.49808979034424,0.0444999933242798,0.00392162799835205,42.4964179992676,-71.5720901489258,1251.0859375,1088.44470214844,-0.0786149650812149,-2.00984477996826,111.601226806641,57.2894592285156,-0.44965073466301,-0.496397465467453,-0.204331263899803,-0.0475174263119698,70
738534.45989410870242863894,56.8661842346191,-0.135640606284142,6.41098785400391,0.0444999933242798,0.00392162799835205,42.4964065551758,-71.5719757080078,1250.99975585938,1088.1005859375,-0.104884758591652,-1.9379335641861,111.47119140625,57.2265853881836,-0.456740736961365,-0.488157123327255,-0.200535520911217,-0.0475002750754356,70
738534.45989604981150478125,56.8099899291992,-0.172537550330162,6.32004880905151,0.0444999933242798,0.00392162799835205,42.4963989257812,-71.5718536376953,1250.90161132812,1087.72644042969,-0.135661020874977,-1.86077392101288,111.333625793457,57.1607208251953,-0.469035863876343,-0.479644298553467,-0.196512162685394,-0.0474472157657146,70
738534.45989806437864899635,56.7528381347656,-0.214161857962608,6.22806835174561,0.0444999933242798,0.00392162799835205,42.4963912963867,-71.5717315673828,1250.79248046875,1087.33056640625,-0.170583203434944,-1.78042209148407,111.193313598633,57.0939521789551,-0.486553370952606,-0.470515847206116,-0.192381396889687,-0.0473559200763702,70
738534.45989996101707220078,56.701732635498,-0.255034148693085,6.14618444442749,0.0444999933242798,0.00392162799835205,42.4963798522949,-71.5716247558594,1250.68579101562,1086.96166992188,-0.205154985189438,-1.70723700523376,111.066856384277,57.0344352722168,-0.506652474403381,-0.461802452802658,-0.188653245568275,-0.0472359955310822,70
738534.45990182703826576471,56.6536064147949,-0.296994090080261,6.0692892074585,0.0444999933242798,0.00392162799835205,42.4963722229004,-71.5715103149414,1250.57641601562,1086.59936523438,-0.240591078996658,-1.63637709617615,110.947135925293,56.9785537719727,-0.529437482357025,-0.45351642370224,-0.185108736157417,-0.047087773680687,70
738534.45990367571357637644,56.6055793762207,-0.343780070543289,5.99321460723877,0.0444999933242798,0.00392162799835205,42.4963645935059,-71.571403503418,1250.45715332031,1086.22131347656,-0.278357475996017,-1.535031914711,110.826751708984,56.9230041503906,-0.556114375591278,-0.455951988697052,-0.181534737348557,-0.0469153933227062,70
738534.45990551088470965624,56.5596885681152,-0.401309192180634,5.9254207611084,0.0444999933242798,0.00392162799835205,42.4963569641113,-71.5712890625,1250.33178710938,1085.841796875,-0.311617285013199,-1.1600456237793,110.710876464844,56.8706436157227,-0.585611701011658,-0.517976403236389,-0.178084433078766,-0.0467270351946354,70
738534.45990756968967616558,56.5094184875488,-0.464431405067444,5.86532545089722,0.0444999933242798,0.00392162799835205,42.4963493347168,-71.571174621582,1250.18359375,1085.41564941406,-0.334700435400009,-0.21716471016407,110.586631774902,56.8148918151855,-0.622345447540283,-0.501288294792175,-0.174387529492378,-0.0464884452521801,70
738534.45990957296453416348,56.4550170898438,-0.527219176292419,5.82851123809814,0.0444999933242798,0.00392162799835205,42.496337890625,-71.571044921875,1250.01782226562,1085.11511230469,-0.351665765047073,0.815580189228058,110.460670471191,56.7575416564941,-0.665297091007233,-0.384230762720108,-0.170628666877747,-0.046202901750803,70
738534.45991154795046895742,56.4028472900391,-0.587349891662598,5.82029104232788,0.0444999933242798,0.00392162799835205,42.4963302612305,-71.570930480957,1249.85388183594,1084.85949707031,-0.368863701820374,1.77180182933807,110.347053527832,56.705394744873,-0.708829939365387,-0.241707921028137,-0.167235419154167,-0.0459139347076416,70
738534.45991356729064136744,56.3474159240723,-0.650247812271118,5.83765840530396,0.0444999933242798,0.00392162799835205,42.4963226318359,-71.5708084106445,1249.67431640625,1084.58569335938,-0.386270374059677,2.74233460426331,110.233009338379,56.6527366638184,-0.757029294967651,-0.0647218450903893,-0.163836553692818,-0.0455978736281395,70
738534.45991565228905528784,56.2888946533203,-0.70896315574646,5.87682771682739,0.0444999933242798,0.00392162799835205,42.4963150024414,-71.570686340332,1249.48022460938,1084.10656738281,-0.403140723705292,3.26634645462036,110.119537353516,56.5992889404297,-0.809266090393066,0.213125795125961,-0.160460948944092,-0.0452533252537251,70
738534.45991754508577287197,56.2349472045898,-0.761945247650146,5.92565202713013,0.0444999933242798,0.00392162799835205,42.4963073730469,-71.5705795288086,1249.29260253906,1083.51879882812,-0.452392429113388,3.37009286880493,110.017906188965,56.5514221191406,-0.859225213527679,0.336368501186371,-0.15743824839592,-0.0449212826788425,70
738534.45991959981620311737,56.1791763305664,-0.82545018196106,5.98207378387451,0.0444999933242798,0.00392162799835205,42.4962959289551,-71.5704574584961,1249.08227539062,1083.13037109375,-0.512219786643982,3.46930336952209,109.91291809082,56.502799987793,-0.913820266723633,0.407805293798447,-0.154306128621101,-0.0445512719452381,70
738534.45992158085573464632,56.1238403320312,-0.897614657878876,6.04495477676392,0.0444999933242798,0.00392162799835205,42.4962882995605,-71.5703353881836,1248.85473632812,1082.72009277344,-0.57083785533905,3.64615297317505,109.809356689453,56.4555816650391,-0.97128164768219,0.424782127141953,-0.151195615530014,-0.0441567972302437,70
738534.45992354233749210835,56.0740051269531,-0.965470314025879,6.10934638977051,0.0444999933242798,0.00392162799835205,42.496280670166,-71.5702209472656,1248.63366699219,1082.33093261719,-0.604487419128418,4.00149583816528,109.718154907227,56.4140968322754,-1.02581262588501,0.44195431470871,-0.148431554436684,-0.0437913127243519,70
738534.45992560777813196182,56.0200500488281,-1.03272247314453,6.18903303146362,0.0444999933242798,0.00392162799835205,42.4962692260742,-71.5701065063477,1248.38269042969,1081.89794921875,-0.635918617248535,4.37255430221558,109.62353515625,56.3703536987305,-1.08702075481415,0.502857625484467,-0.145548552274704,-0.0433920547366142,70
738534.45992742141243070364,55.970142364502,-1.09106981754303,6.27133131027222,0.0444999933242798,0.00392162799835205,42.4962615966797,-71.5699920654297,1248.14025878906,1081.48681640625,-0.656071484088898,4.57250642776489,109.539962768555,56.3309555053711,-1.14493572711945,0.559538781642914,-0.142978832125664,-0.0430305525660515,70
738534.45992944750469177961,55.9175453186035,-1.14929568767548,6.36461544036865,0.0444999933242798,0.00392162799835205,42.4962539672852,-71.5698699951172,1247.87255859375,1081.0400390625,-0.672249019145966,4.69886255264282,109.45516204834,56.2903289794922,-1.20706975460052,0.608299791812897,-0.140348792076111,-0.0426536723971367,70
738534.45993143867235630751,55.8662910461426,-1.19682240486145,6.46179723739624,0.0444999933242798,0.00392162799835205,42.4962425231934,-71.5697555541992,1247.59875488281,1080.58874511719,-0.735384345054626,4.78454685211182,109.374885559082,56.2514877319336,-1.26843309402466,0.627384126186371,-0.137838438153267,-0.0422944836318493,70
738534.45993344753514975309,55.8172073364258,-1.26333045959473,6.56028318405151,0.0444999933242798,0.00392162799835205,42.4962348937988,-71.5696334838867,1247.31506347656,1080.12719726562,-0.830586433410645,4.85896968841553,109.298248291016,56.2156028747559,-1.32885706424713,0.634036004543304,-0.135415345430374,-0.0419469475746155,70
738534.45993552647996693850,55.7686157226562,-1.33772540092468,6.66375207901001,0.0444999933242798,0.00392162799835205,42.496223449707,-71.5695114135742,1247.00903320312,1079.63720703125,-0.920280337333679,4.91347551345825,109.222930908203,56.1812553405762,-1.39131987094879,0.652766823768616,-0.133009880781174,-0.0416006520390511,70
738534.45993758854456245899,55.7234497070312,-1.41601824760437,6.76373672485352,0.0444999933242798,0.00392162799835205,42.4962120056152,-71.5693969726562,1246.69421386719,1079.14123535156,-1.00943076610565,4.69033575057983,109.152923583984,56.1502990722656,-1.4538379907608,0.704952239990234,-0.1307512819767,-0.0412862449884415,70
738534.45993948704563081264,55.6843643188477,-1.49208927154541,6.85089588165283,0.0444999933242798,0.00392162799835205,42.4962043762207,-71.5692825317383,1246.38537597656,1078.66149902344,-1.10314321517944,4.20650386810303,109.090873718262,56.1240577697754,-1.51448941230774,0.710979342460632,-0.128732800483704,-0.041006475687027,70
738534.45994142070412635803,55.6491050720215,-1.56687259674072,6.92702722549438,0.0444999933242798,0.00392162799835205,42.4961929321289,-71.5691680908203,1246.0625,1078.30126953125,-1.20325422286987,3.61118531227112,109.032608032227,56.1004600524902,-1.57746243476868,0.642887949943542,-0.126814097166061,-0.0407484844326973,70
738534.45994325599167495966,55.6198196411133,-1.6458306312561,6.98959064483643,0.0444999933242798,0.00392162799835205,42.4961853027344,-71.5690612792969,1245.74462890625,1077.97729492188,-1.29361605644226,3.31040072441101,108.981430053711,56.0814361572266,-1.63892090320587,0.469214588403702,-0.125099554657936,-0.0405302681028843,70
738534.45994522201362997293,55.5915679931641,-1.72632694244385,7.04962635040283,0.0444999933242798,0.00392162799835205,42.4961738586426,-71.5689468383789,1245.39123535156,1077.61743164062,-1.37830889225006,3.38198184967041,108.930908203125,56.0633544921875,-1.70715367794037,0.39538037776947,-0.123382404446602,-0.0403169579803944,70
738534.45994721096940338612,55.5646438598633,-1.80901563167572,7.11207675933838,0.0444999933242798,0.00392162799835205,42.496166229248,-71.5688323974609,1245.01647949219,1077.23645019531,-1.45789396762848,3.45804047584534,108.883819580078,56.0471572875977,-1.77921855449677,0.361140340566635,-0.121756494045258,-0.0401227250695229,70
738534.45994925766717642546,55.5394325256348,-1.89415121078491,7.17687225341797,0.0444999933242798,0.00392162799835205,42.4961547851562,-71.5687103271484,1244.62292480469,1076.83666992188,-1.53784215450287,3.53422069549561,108.84065246582,56.0332412719727,-1.85430109500885,0.348627656698227,-0.120242282748222,-0.0399574972689152,70
738534.45995129062794148922,55.516284942627,-1.97985565662384,7.2420506477356,0.0444999933242798,0.00392162799835205,42.4961433410645,-71.5685958862305,1244.21362304688,1076.42138671875,-1.61095094680786,3.51306796073914,108.801864624023,56.0216484069824,-1.93142068386078,0.385032325983047,-0.118858575820923,-0.0398160219192505,70
738534.45995328819844871759,55.4948806762695,-2.06203866004944,7.30774211883545,0.0444999933242798,0.00392162799835205,42.4961318969727,-71.568473815918,1243.77880859375,1075.98083496094,-1.68476545810699,3.30918717384338,108.766555786133,56.0119361877441,-2.0122332572937,0.3851717710495,-0.117578282952309,-0.0396895371377468,70
738534.45995525422040373087,55.4781036376953,-2.13697481155396,7.36354112625122,0.0444999933242798,0.00392162799835205,42.4961204528809,-71.5683670043945,1243.37023925781,1075.56713867188,-1.75398766994476,3.13539505004883,108.738403320312,56.0054321289062,-2.08652019500732,0.358917325735092,-0.116531938314438,-0.0396046526730061,70
738534.45995737344492226839,55.4619369506836,-2.22249245643616,7.42264890670776,0.0444999933242798,0.00392162799835205,42.4961090087891,-71.5682373046875,1242.89599609375,1075.08752441406,-1.79962623119354,3.07812023162842,108.711181640625,56.0005493164062,-2.17086124420166,0.322958648204803,-0.11549024283886,-0.0395400747656822,70
738534.45995928347110748291,55.4484596252441,-2.28719782829285,7.47666311264038,0.0444999933242798,0.00392162799835205,42.4961013793945,-71.5681228637695,1242.4443359375,1074.63110351562,-1.81908202171326,3.06594038009644,108.690093994141,55.9969940185547,-2.24894309043884,0.312923580408096,-0.114650711417198,-0.0394940488040447,70
738534.45996122236829251051,55.436450958252,-2.34269261360168,7.52875471115112,0.0444999933242798,0.00392162799835205,42.4960899353027,-71.5680160522461,1241.99926757812,1074.18139648438,-1.82667374610901,3.05743932723999,108.673240661621,55.9943809509277,-2.32321286201477,0.307164549827576,-0.11394577473402,-0.039473045617342,70
738534.45996327663306146860,55.4244194030762,-2.39049816131592,7.58455181121826,0.0444999933242798,0.00392162799835205,42.4960784912109,-71.5679016113281,1241.51599121094,1073.69360351562,-1.82531368732452,3.04926681518555,108.65869140625,55.9920196533203,-2.40015387535095,0.304831594228745,-0.113295070827007,-0.0394809357821941,70
738534.45996520877815783024,55.4131698608398,-2.42724657058716,7.63988447189331,0.0444999933242798,0.00392162799835205,42.4960670471191,-71.5677795410156,1241.03210449219,1073.20544433594,-1.82653951644897,3.04014921188354,108.647392272949,55.989990234375,-2.47231340408325,0.303229510784149,-0.112740032374859,-0.0395054072141647,70
738534.45996710273902863264,55.4029884338379,-2.45771455764771,7.69249963760376,0.0444999933242798,0.00392162799835205,42.4960556030273,-71.5676727294922,1240.56616210938,1072.73559570312,-1.8316969871521,3.0299654006958,108.63907623291,55.9884452819824,-2.53632402420044,0.301537662744522,-0.112279057502747,-0.0395360626280308,70
738534.45996902114711701870,55.3931121826172,-2.48355507850647,7.74437952041626,0.0444999933242798,0.00392162799835205,42.4960441589355,-71.5675582885742,1240.09350585938,1072.25915527344,-1.81558859348297,2.97223162651062,108.632820129395,55.9869651794434,-2.59560418128967,0.32172816991806,-0.11187095195055,-0.0395927801728249,70
738534.45997111778706312180,55.3833122253418,-2.49574136734009,7.79685401916504,0.0549977533519268,0.00392162799835205,42.4960327148438,-71.5674438476562,1239.58544921875,1071.74731445312,-1.81032872200012,2.69487333297729,108.628074645996,55.9850959777832,-2.65299725532532,0.342623949050903,-0.111485339701176,-0.0396847724914551,70
738534.45997306040953844786,55.3747177124023,-2.50706815719604,7.84134435653687,0.0598407387733459,0.00392162799835205,42.496021270752,-71.5673217773438,1239.07543945312,1071.23376464844,-1.78596258163452,2.30395340919495,108.625038146973,55.9833145141602,-2.70344281196594,0.314093947410583,-0.111138015985489,-0.0397873595356941,70
738534.45997510617598891258,55.3680610656738,-2.50288057327271,7.87444591522217,0.0598407387733459,0.00392162799835205,42.4960098266602,-71.5672073364258,1238.58203125,1070.73693847656,-1.77010643482208,1.89482951164246,108.623382568359,55.9811859130859,-2.74539589881897,0.272161900997162,-0.110825702548027,-0.0398975238204002,70
738534.45997720991726964712,55.3629379272461,-2.49472332000732,7.8978157043457,0.0598407387733459,0.00392162799835205,42.4959983825684,-71.5670852661133,1238.06237792969,1070.17236328125,-1.78658711910248,1.44320523738861,108.622665405273,55.9790496826172,-2.78196406364441,0.191095963120461,-0.110505037009716,-0.040033333003521,70
738534.45997915673069655895,55.3602752685547,-2.4965283870697,7.91185283660889,0.0598407387733459,0.00392162799835205,42.4959869384766,-71.5669708251953,1237.55700683594,1069.61328125,-1.8323301076889,1.3072235584259,108.622756958008,55.9784774780273,-2.80990481376648,0.0569928884506226,-0.110192269086838,-0.04018784314394,70
738534.45998129702638834715,55.3587265014648,-2.51081275939941,7.92227554321289,0.0598407387733459,0.00392162799835205,42.4959754943848,-71.5668411254883,1237.01098632812,1069.00927734375,-1.89600658416748,1.36399948596954,108.623748779297,55.979061126709,-2.83328533172607,0.00481405016034842,-0.109856776893139,-0.0403691455721855,70
738534.45998325257096439600,55.3581008911133,-2.53129434585571,7.93250036239624,0.0598407387733459,0.00392162799835205,42.495964050293,-71.5667266845703,1236.51513671875,1068.46142578125,-1.95159924030304,1.43730580806732,108.62540435791,55.9808120727539,-2.85069108009338,-0.0119911674410105,-0.109565444290638,-0.04054781422019,70
738534.45998533023521304131,55.3582191467285,-2.56246209144592,7.94505310058594,0.0598407387733459,0.00392162799835205,42.4959487915039,-71.5666046142578,1235.97424316406,1067.86413574219,-2.00647950172424,1.51899659633636,108.628143310547,55.9841270446777,-2.867995262146,-0.00737706013023853,-0.109275363385677,-0.0407588630914688,70
738534.45998742152005434036,55.3591499328613,-2.59766912460327,7.95930433273315,0.0598407387733459,0.00392162799835205,42.4959373474121,-71.5664825439453,1235.4384765625,1067.27307128906,-2.05459809303284,1.598508477211,108.631851196289,55.9886932373047,-2.88547539710999,0.00817416422069073,-0.109029442071915,-0.0409765802323818,70
738534.45998946228064596653,55.3608474731445,-2.63570475578308,7.97561359405518,0.0598407387733459,0.00392162799835205,42.4959259033203,-71.5663604736328,1234.89770507812,1066.67724609375,-2.09899878501892,1.67736840248108,108.636764526367,55.9944725036621,-2.90480589866638,0.0286013819277287,-0.108831904828548,-0.0412117019295692,70
738534.45999128790572285652,55.3629531860352,-2.67070531845093,7.99182796478271,0.0598407387733459,0.00392162799835205,42.4959144592285,-71.5662612915039,1234.4150390625,1066.14636230469,-2.13611745834351,1.74659979343414,108.642227172852,56.0005226135254,-2.92405200004578,0.0479567982256413,-0.108703322708607,-0.0414291098713875,70
738534.45999333739746361971,55.3659477233887,-2.71037411689758,8.01185321807861,0.0598407387733459,0.00392162799835205,42.4959030151367,-71.5661392211914,1233.87451171875,1065.55212402344,-2.17562794685364,1.82295608520508,108.649688720703,56.0082511901855,-2.94795799255371,0.069309301674366,-0.108615465462208,-0.0416762419044971,70
738534.45999540050979703665,55.3697280883789,-2.75174403190613,8.03481292724609,0.0598407387733459,0.00392162799835205,42.4958915710449,-71.5660171508789,1233.31030273438,1064.93286132812,-2.21504688262939,1.90135502815247,108.659042358398,56.0172920227051,-2.9754958152771,0.0903276801109314,-0.108587346971035,-0.0419407896697521,70
738534.45999731332994997501,55.3736267089844,-2.78841376304626,8.05708885192871,0.0598407387733459,0.00392162799835205,42.4958801269531,-71.5659103393555,1232.8056640625,1064.37963867188,-2.24898982048035,1.97041213512421,108.668830871582,56.0261573791504,-3.00209951400757,0.107793100178242,-0.108616843819618,-0.042186688631773,70
738534.45999944081995636225,55.3787040710449,-2.83020091056824,8.08484363555908,0.0598407387733459,0.00392162799835205,42.4958648681641,-71.565788269043,1232.22180175781,1063.75549316406,-2.28693652153015,2.04913210868835,108.681907653809,56.0372695922852,-3.0348858833313,0.126385852694511,-0.108714692294598,-0.0424740612506866,70
738534.46000142931006848812,55.3843536376953,-2.87122082710266,8.11472988128662,0.0598407387733459,0.00392162799835205,42.4958534240723,-71.5656661987305,1231.63684082031,1063.43347167969,-2.32360696792603,2.12676882743835,108.696746826172,56.049259185791,-3.0692412853241,0.143610551953316,-0.108879148960114,-0.0427667051553726,70
738534.46000373386777937412,55.390998840332,-2.91422057151794,8.14906215667725,0.0598407387733459,0.00392162799835205,42.4958419799805,-71.5655364990234,1231.00866699219,1063.69104003906,-2.36162662506104,2.20891857147217,108.714706420898,56.0630264282227,-3.10744857788086,0.160748764872551,-0.109126336872578,-0.0430854223668575,70
738534.46000577113591134548,55.398136138916,-2.95585656166077,8.18544483184814,0.0598407387733459,0.00392162799835205,42.4958267211914,-71.5654144287109,1230.38317871094,1063.9365234375,-2.39812254905701,2.28949451446533,108.734642028809,56.0775527954102,-3.14644455909729,0.17652715742588,-0.109442181885242,-0.0434110537171364,70
738534.46000792691484093666,55.405704498291,-2.99625778198242,8.22376823425293,0.0598407387733459,0.00392162799835205,42.4958152770996,-71.5652847290039,1229.76013183594,1064.17163085938,-2.43115639686584,2.36602807044983,108.756248474121,56.0927810668945,-3.18534135818481,0.193441331386566,-0.109823755919933,-0.043739277869463,70
738534.46001002343837171793,55.4136810302734,-3.03345775604248,8.2639102935791,0.0598407387733459,0.00392162799835205,42.4958000183105,-71.5651626586914,1229.13500976562,1064.39855957031,-2.45812702178955,2.40880703926086,108.779769897461,56.1085586547852,-3.22444438934326,0.21280063688755,-0.11026930809021,-0.0440793633460999,70
738534.46001186757348477840,55.4214515686035,-3.06377792358398,8.30068016052246,0.0598407387733459,0.00392162799835205,42.4957885742188,-71.5650482177734,1228.56115722656,1064.59985351562,-2.48121690750122,2.36141848564148,108.80281829834,56.1233062744141,-3.25995135307312,0.242951467633247,-0.110730074346066,-0.0443984232842922,70
738534.46001488040201365948,55.433521270752,-3.10289144515991,8.34937477111816,0.0598407387733459,0.00392162799835205,42.4957733154297,-71.5648956298828,1227.76281738281,1064.8701171875,-2.50824093818665,2.20026135444641,108.837455749512,56.1445922851562,-3.3084864616394,0.232181757688522,-0.111443288624287,-0.0448540113866329,70
738534.46001678146421909332,55.4463272094727,-3.13471746444702,8.39174556732178,0.0598407387733459,0.00392162799835205,42.4957580566406,-71.5647506713867,1227.00305175781,1065.11804199219,-2.51533579826355,2.130291223526,108.872489929199,56.1653175354004,-3.35265636444092,0.207568615674973,-0.112195074558258,-0.0452845580875874,70
738534.46001859090756624937,55.4561729431152,-3.15055370330811,8.42160511016846,0.0598407387733459,0.00392162799835205,42.4957466125488,-71.5646438598633,1226.44421386719,1065.29602050781,-2.51547837257385,2.10288238525391,108.899147033691,56.1803932189941,-3.38319778442383,0.19611120223999,-0.112787641584873,-0.0456075184047222,70
738534.46002070955000817776,55.467716217041,-3.16463971138,8.45495891571045,0.0598407387733459,0.00392162799835205,42.495735168457,-71.5645217895508,1225.80505371094,1065.4970703125,-2.52478408813477,2.0745894908905,108.930786132812,56.1975860595703,-3.41588807106018,0.183711275458336,-0.113497406244278,-0.0459930337965488,70
738534.46002259897068142891,55.4787139892578,-3.17734551429749,8.48512935638428,0.0598407387733459,0.00392162799835205,42.495719909668,-71.5644149780273,1225.21081542969,1065.68176269531,-2.53770852088928,2.04982280731201,108.961143493652,56.2137031555176,-3.44374895095825,0.174306318163872,-0.11418167501688,-0.0463611036539078,70
738534.46002464264165610075,55.4902801513672,-3.1896767616272,8.5151538848877,0.0598407387733459,0.00392162799835205,42.4957084655762,-71.5642929077148,1224.59045410156,1065.87182617188,-2.527756690979,1.98639345169067,108.99356842041,56.2303581237793,-3.47016501426697,0.177927985787392,-0.114917181432247,-0.0467493832111359,70
738534.46002653415780514479,55.5018310546875,-3.1990442276001,8.53840827941895,0.0598407387733459,0.00392162799835205,42.4956970214844,-71.5641860961914,1224.00500488281,1066.04968261719,-2.48502230644226,1.68614315986633,109.024589538574,56.2458152770996,-3.49264812469482,0.240684241056442,-0.115629218518734,-0.0471278727054596,70
738534.46002886106725782156,55.5175361633301,-3.18102979660034,8.5548734664917,0.0598407387733459,0.00392162799835205,42.4956817626953,-71.5640487670898,1223.29296875,1066.26733398438,-2.42953085899353,0.91438627243042,109.062965393066,56.2627906799316,-3.51664066314697,0.201062247157097,-0.116513021290302,-0.0476090535521507,70
738534.46003097493667155504,55.5345039367676,-3.15728545188904,8.55324935913086,0.0598407387733459,0.00392162799835205,42.4956703186035,-71.5639266967773,1222.634765625,1066.47473144531,-2.38467693328857,0.477596461772919,109.09880065918,56.2779502868652,-3.53349661827087,0.0247870795428753,-0.117328874766827,-0.0480658710002899,70
738534.46003326692152768373,55.5534515380859,-3.11932849884033,8.53993988037109,0.0695632770657539,0.00392162799835205,42.4956550598145,-71.5637893676758,1221.92114257812,1066.70788574219,-2.33334970474243,0.463888972997665,109.137252807617,56.2925109863281,-3.54424142837524,-0.0704395920038223,-0.118189230561256,-0.048572551459074,70
738534.46003559487871825695,55.5699005126953,-3.07120370864868,8.52515411376953,0.0800852179527283,0.00392162799835205,42.4956398010254,-71.5636520385742,1221.22473144531,1066.94555664062,-2.20224523544312,0.498089611530304,109.173812866211,56.3038597106934,-3.54620099067688,-0.100093185901642,-0.118986405432224,-0.0490825846791267,70
738534.46003781561739742756,55.5838279724121,-3.00657248497009,8.51172256469727,0.0800852179527283,0.00392162799835205,42.4956245422363,-71.5635223388672,1220.55676269531,1067.19030761719,-2.17220973968506,0.576383054256439,109.207237243652,56.312084197998,-3.5386655330658,-0.125632435083389,-0.119691878557205,-0.0495865941047668,70
738534.46004000224638730288,55.5956001281738,-2.96061944961548,8.50003910064697,0.0800852179527283,0.00392162799835205,42.4956130981445,-71.5633926391602,1219.91638183594,1067.43823242188,-2.1585168838501,0.661736607551575,109.237205505371,56.319507598877,-3.52180433273315,-0.126695960760117,-0.120289623737335,-0.0500836111605167,70
738534.46004196500871330500,55.6049919128418,-2.92142844200134,8.4912691116333,0.0800852179527283,0.00392162799835205,42.4955978393555,-71.5632781982422,1219.34045410156,1067.67126464844,-2.1373143196106,0.738964200019836,109.262237548828,56.3254051208496,-3.50003695487976,-0.117519974708557,-0.120759971439838,-0.0505410768091679,70
738534.46004412462934851646,55.6134414672852,-2.88304376602173,8.48396110534668,0.0800852179527283,0.00392162799835205,42.4955863952637,-71.5631561279297,1218.74353027344,1067.92272949219,-2.11064839363098,0.819459438323975,109.286270141602,56.3306732177734,-3.47229814529419,-0.0999859496951103,-0.121182404458523,-0.0510193705558777,70
738534.46004628657829016447,55.6207618713379,-2.84493803977966,8.4784984588623,0.0800852179527283,0.00392162799835205,42.4955711364746,-71.5630264282227,1218.12438964844,1068.19372558594,-2.07989311218262,0.903518736362457,109.309089660645,56.3351402282715,-3.43951439857483,-0.0780350118875504,-0.121552251279354,-0.0515244826674461,70
738534.46004814258776605129,55.6258506774902,-2.81271457672119,8.47566318511963,0.0800852179527283,0.00392162799835205,42.4955596923828,-71.5629119873047,1217.58801269531,1068.43676757812,-2.05145215988159,0.976816773414612,109.326995849609,56.3381195068359,-3.4090096950531,-0.0580205544829369,-0.121817551553249,-0.0519626550376415,70
738534.46005001978483051062,55.6295928955078,-2.7824330329895,8.47469139099121,0.0800852179527283,0.00392162799835205,42.495548248291,-71.5628051757812,1217.07824707031,1068.67529296875,-2.0233154296875,1.04694604873657,109.34252166748,56.340160369873,-3.3787829875946,-0.0393009819090366,-0.122023537755013,-0.0523857027292252,70
738534.46005208545830100775,55.6325531005859,-2.74855613708496,8.47570705413818,0.0800852179527283,0.00392162799835205,42.4955368041992,-71.5626831054688,1216.50549316406,1068.95153808594,-1.9907660484314,1.1263415813446,109.358245849609,56.3415756225586,-3.34387993812561,-0.019248129799962,-0.122201263904572,-0.0528669804334641,70
738534.46005391119979321957,55.6346435546875,-2.7193489074707,8.47854709625244,0.0800852179527283,0.00392162799835205,42.4955253601074,-71.5625762939453,1216.01135253906,1069.19738769531,-1.96209812164307,1.19522964954376,109.37035369873,56.3426475524902,-3.31325697898865,-0.00332831870764494,-0.122308768332005,-0.0532891862094402,70
738534.46005586173851042986,55.6366996765137,-2.68941855430603,8.48343849182129,0.0800852179527283,0.00392162799835205,42.4955101013184,-71.5624694824219,1215.50756835938,1069.455078125,-1.93235921859741,1.2658988237381,109.381423950195,56.3439788818359,-3.28172850608826,0.0112768467515707,-0.122373774647713,-0.0537250153720379,70
738534.46005794394295662642,55.6382293701172,-2.65523862838745,8.49132537841797,0.0800852179527283,0.00392162799835205,42.4954986572266,-71.5623397827148,1214.93920898438,1069.75500488281,-1.8980724811554,1.34638357162476,109.392654418945,56.3450546264648,-3.2458291053772,0.0260175261646509,-0.122392453253269,-0.0542168095707893,70
738534.46005999715998768806,55.6384086608887,-2.62286305427551,8.50094795227051,0.0800852179527283,0.00392162799835205,42.4954872131348,-71.5622253417969,1214.40856933594,1070.04431152344,-1.86537134647369,1.42232286930084,109.402015686035,56.3451690673828,-3.21223330497742,0.0389355942606926,-0.122355505824089,-0.0546809062361717,70
738534.46006196469534188509,55.6372566223145,-2.591472864151,8.51223850250244,0.0800852179527283,0.00392162799835205,42.4954719543457,-71.5621109008789,1213.90063476562,1070.32946777344,-1.8335520029068,1.4957834482193,109.410018920898,56.3442840576172,-3.17995858192444,0.0509185791015625,-0.122269444167614,-0.0551378466188908,70
738534.46006394259165972471,55.6346664428711,-2.5591185092926,8.52587890625,0.0800852179527283,0.00392162799835205,42.4954605102539,-71.5619888305664,1213.38293457031,1071.419921875,-1.80061340332031,1.57143259048462,109.417190551758,56.3423080444336,-3.1468493938446,0.0632980540394783,-0.122129447758198,-0.0556099191308022,70
738534.46006588987074792385,55.6308174133301,-2.52779650688171,8.54105567932129,0.0800852179527283,0.00392162799835205,42.4954490661621,-71.5618743896484,1212.88647460938,1072.71618652344,-1.76864004135132,1.64473617076874,109.423027038574,56.3393936157227,-3.1149218082428,0.0753697156906128,-0.121943593025208,-0.0560660250484943,70
738534.46006780059542506933,55.6259002685547,-2.49760222434998,8.55756282806396,0.0800852179527283,0.00392162799835205,42.4954376220703,-71.561767578125,1212.41162109375,1073.97387695312,-1.73775637149811,1.7155534029007,109.427505493164,56.3356971740723,-3.08418321609497,0.0871317684650421,-0.121717311441898,-0.0565053261816502,70
738534.46006974694319069386,55.6194610595703,-2.46585631370544,8.57694053649902,0.0800852179527283,0.00392162799835205,42.4954223632812,-71.5616455078125,1211.91577148438,1075.30712890625,-1.70523619651794,1.79027163982391,109.430976867676,56.3308868408203,-3.05178093910217,0.0996021255850792,-0.121428973972797,-0.0569711849093437,70
738534.46007179841399192810,55.6114921569824,-2.4331259727478,8.59918022155762,0.0800852179527283,0.00392162799835205,42.4954109191895,-71.5615310668945,1211.4072265625,1076.03356933594,-1.67167246341705,1.86769354343414,109.433135986328,56.3249855041504,-3.01837706565857,0.112802103161812,-0.121075734496117,-0.0574601888656616,70
738534.46007385069970041513,55.6024436950684,-2.40148544311523,8.62293338775635,0.0800852179527283,0.00392162799835205,42.4953956604004,-71.561408996582,1210.91760253906,1075.6884765625,-1.63920056819916,1.94304192066193,109.43376159668,56.3183250427246,-2.98593831062317,0.125702694058418,-0.120679467916489,-0.057944793254137,70
738534.46007581870071589947,55.5924415588379,-2.37106275558472,8.6479377746582,0.0800852179527283,0.00392162799835205,42.4953842163086,-71.5612945556641,1210.44763183594,1075.35900878906,-1.60794770717621,2.01609563827515,109.432998657227,56.3109970092773,-2.95445585250854,0.13821567595005,-0.12024599313736,-0.0584147870540619,70
738534.46007771079894155264,55.5813636779785,-2.34128522872925,8.67457866668701,0.0800852179527283,0.00392162799835205,42.4953727722168,-71.5611801147461,1209.98791503906,1075.03820800781,-1.57731401920319,2.08830785751343,109.430877685547,56.3029136657715,-2.92346620559692,0.150518670678139,-0.11976969987154,-0.0588809922337532,70
738534.46007967460900545120,55.5690612792969,-2.31168055534363,8.70329570770264,0.0800852179527283,0.00392162799835205,42.495361328125,-71.5610656738281,1209.53039550781,1074.72058105469,-1.54680669307709,2.16091346740723,109.427383422852,56.2939758300781,-2.89243721961975,0.16280135512352,-0.119243495166302,-0.059352345764637,70
738534.46008151210844516754,55.556037902832,-2.28364634513855,8.73262119293213,0.0800852179527283,0.00392162799835205,42.4953460693359,-71.5609588623047,1209.09619140625,1074.42065429688,-1.51787304878235,2.23054623603821,109.422744750977,56.2845191955566,-2.86288857460022,0.17465378344059,-0.118694916367531,-0.0598141774535179,70
738534.46008353831712156534,55.5400276184082,-2.25433683395386,8.76549530029297,0.0800852179527283,0.00392162799835205,42.4953346252441,-71.5608444213867,1208.64025878906,1074.10729980469,-1.4875260591507,2.30459046363831,109.416389465332,56.2726440429688,-2.83166718482971,0.187941327691078,-0.118066266179085,-0.0603138245642185,70
738534.46008588967379182577,55.5186386108398,-2.22147750854492,8.80546283721924,0.0800852179527283,0.00392162799835205,42.4953193664551,-71.5607147216797,1208.12243652344,1073.75354003906,-1.4533280134201,2.38983535766602,109.407035827637,56.2564697265625,-2.7960045337677,0.203818589448929,-0.117285467684269,-0.0608918927609921,70
738534.46008788410108536482,55.4964408874512,-2.19230175018311,8.84428787231445,0.0800852179527283,0.00392162799835205,42.4953079223633,-71.5605926513672,1207.65270996094,1073.43444824219,-1.42278826236725,2.46820473670959,109.39623260498,56.2395095825195,-2.76375722885132,0.218777984380722,-0.116514697670937,-0.0614357031881809,70
738534.46008986490778625011,55.4711151123047,-2.16514706611633,8.88348579406738,0.0800852179527283,0.00392162799835205,42.4952926635742,-71.5604705810547,1207.20336914062,1073.13110351562,-1.39413201808929,2.54438424110413,109.383567810059,56.2196464538574,-2.73302578926086,0.234593749046326,-0.11572240293026,-0.061967596411705,70
738534.46009176992811262608,55.4432678222656,-2.14106273651123,8.92146015167236,0.0800852179527283,0.00392162799835205,42.4952812194824,-71.5603637695312,1206.78784179688,1072.85192871094,-1.36838293075562,2.61585211753845,109.369247436523,56.197265625,-2.70481061935425,0.250842541456223,-0.114941760897636,-0.0624734163284302,70
738534.46009358915034681559,55.4141654968262,-2.11889791488647,8.96045970916748,0.0800852179527283,0.00392162799835205,42.4952697753906,-71.5602493286133,1206.38305664062,1072.58129882812,-1.34451222419739,2.68588209152222,109.352416992188,56.1739196777344,-2.67759966850281,0.267877638339996,-0.114137731492519,-0.0629773288965225,70
738534.46009565622080117464,55.3813705444336,-2.09601020812988,9.00620174407959,0.0800852179527283,0.00392162799835205,42.4952545166016,-71.5601348876953,1205.93566894531,1072.28381347656,-1.31978285312653,2.76352310180664,109.330146789551,56.1480293273926,-2.64804077148438,0.286510825157166,-0.113201357424259,-0.0635557025671005,70
738534.46009779069572687149,55.3483848571777,-2.07442855834961,9.05563163757324,0.0800852179527283,0.00392162799835205,42.4952392578125,-71.5600051879883,1205.48229980469,1071.98364257812,-1.29641473293304,2.8424711227417,109.303771972656,56.1226463317871,-2.6188018321991,0.303355008363724,-0.112202428281307,-0.0641587153077126,70
738534.46009985066484659910,55.3164710998535,-2.05462098121643,9.10714721679688,0.0800852179527283,0.00392162799835205,42.4952278137207,-71.5598907470703,1205.03784179688,1071.69104003906,-1.27492558956146,2.92023253440857,109.274810791016,56.0987815856934,-2.5910861492157,0.316937983036041,-0.111177437007427,-0.0647773891687393,70
738534.46010169934015721083,55.2886428833008,-2.03859043121338,9.1534595489502,0.0800852179527283,0.00392162799835205,42.4952125549316,-71.5597839355469,1204.65795898438,1071.44201660156,-1.25741589069366,2.98722362518311,109.248161315918,56.0783004760742,-2.56823563575745,0.326784759759903,-0.110266745090485,-0.0653175041079521,70
738534.46010374207980930805,55.2555122375488,-2.02105784416199,9.20959949493408,0.0800852179527283,0.00392162799835205,42.4952011108398,-71.5596618652344,1204.21838378906,1070.97375488281,-1.2380758523941,3.06533002853394,109.215667724609,56.0541954040527,-2.54286193847656,0.337025105953217,-0.109175272285938,-0.0659584775567055,70
738534.46010589750949293375,55.222240447998,-2.00498127937317,9.26711273193359,0.0800852179527283,0.00392162799835205,42.4951858520508,-71.5595397949219,1203.7890625,1070.49658203125,-1.22013628482819,3.14222598075867,109.182540893555,56.0303077697754,-2.51922988891602,0.346342891454697,-0.108071468770504,-0.066600576043129,70
738534.46010781370569020510,55.190258026123,-1.99090790748596,9.32330513000488,0.0800852179527283,0.00392162799835205,42.4951705932617,-71.5594253540039,1203.38720703125,1070.05029296875,-1.20420610904694,3.21469783782959,109.150520324707,56.0076103210449,-2.49812698364258,0.354945868253708,-0.107006661593914,-0.0672245621681213,70
738534.46010982256848365068,55.1564979553223,-1.9774432182312,9.38346481323242,0.0800852179527283,0.00392162799835205,42.4951591491699,-71.5593109130859,1202.97412109375,1069.59143066406,-1.18872082233429,3.28967666625977,109.116744995117,55.9839172363281,-2.47750806808472,0.36394876241684,-0.105881549417973,-0.067882351577282,70
738534.46011188684497028589,55.1217308044434,-1.96488630771637,9.44634532928467,0.0800852179527283,0.00392162799835205,42.4951438903809,-71.559196472168,1202.55920410156,1069.130859375,-1.17465007305145,3.36531352996826,109.082107543945,55.9598045349121,-2.45791625976562,0.373243361711502,-0.104721747338772,-0.0685664713382721,70
738534.46011408802587538958,55.0832672119141,-1.95291745662689,9.51702213287354,0.0800852179527283,0.00392162799835205,42.4951286315918,-71.5590667724609,1202.11096191406,1068.68713378906,-1.16201937198639,3.44746875762939,109.044052124023,55.933479309082,-2.43805122375488,0.383604019880295,-0.103438004851341,-0.0693316534161568,70
738534.46011616999749094248,55.0449562072754,-1.9428962469101,9.58859443664551,0.0800852179527283,0.00392162799835205,42.4951133728027,-71.5589370727539,1201.67407226562,1069.03576660156,-1.15081322193146,3.52708101272583,109.006439208984,55.9076309204102,-2.4200074672699,0.394604802131653,-0.102159380912781,-0.0701078549027443,70
738534.46011791995260864496,55.0130081176758,-1.93463718891144,9.64877223968506,0.0800852179527283,0.00392162799835205,42.4950981140137,-71.558837890625,1201.31665039062,1069.32336425781,-1.14248716831207,3.56893610954285,108.975296020508,55.8862495422363,-2.40625,0.412462174892426,-0.101095043122768,-0.0707621350884438,70
738534.46011988807003945112,54.9776725769043,-1.92617547512054,9.71540832519531,0.0800852179527283,0.00392162799835205,42.4950866699219,-71.558723449707,1200.92602539062,1069.64050292969,-1.13556969165802,3.53653526306152,108.940940856934,55.8627243041992,-2.39217329025269,0.424812614917755,-0.0999133363366127,-0.0714963227510452,70
738534.46012193488422781229,54.9409332275391,-1.91915392875671,9.78428745269775,0.0800852179527283,0.00392162799835205,42.4950714111328,-71.5586090087891,1200.51928710938,1069.97326660156,-1.13086462020874,3.49558568000793,108.904800415039,55.8383522033691,-2.37851285934448,0.422650367021561,-0.0986652597784996,-0.072285957634449,70
738534.46012384537607431412,54.9066963195801,-1.91426682472229,9.8480863571167,0.0800852179527283,0.00392162799835205,42.4950561523438,-71.5584945678711,1200.13940429688,1070.28588867188,-1.1270534992218,3.47810769081116,108.87077331543,55.8157196044922,-2.36669540405273,0.410989880561829,-0.0974844619631767,-0.0730529204010963,70
738534.46012568252626806498,54.8735733032227,-1.91042578220367,9.90963554382324,0.0800852179527283,0.00392162799835205,42.495044708252,-71.5583877563477,1199.77185058594,1070.58972167969,-1.12320971488953,3.49192571640015,108.837791442871,55.7939033508301,-2.35623669624329,0.403050780296326,-0.0963316187262535,-0.0738109052181244,70
738534.46012776298448443413,54.8383903503418,-1.90640664100647,9.96815395355225,0.0800852179527283,0.00392162799835205,42.4950294494629,-71.5582733154297,1199.35961914062,1070.93176269531,-1.12176048755646,3.50819849967957,108.800750732422,55.7695922851562,-2.34566140174866,0.821443438529968,-0.095028281211853,-0.0746847614645958,70
738534.46012985729612410069,54.8014717102051,-1.90323150157928,10.0333528518677,0.0800852179527283,0.00392162799835205,42.4950141906738,-71.5581512451172,1198.94079589844,1071.28063964844,-1.12580287456512,3.51927185058594,108.763381958008,55.7448844909668,-2.33610916137695,1.093146443367,-0.0936945155262947,-0.0756009146571159,70
738534.46013167616911232471,54.7683334350586,-1.9011664390564,10.0952606201172,0.0800852179527283,0.00392162799835205,42.4949989318848,-71.5580444335938,1198.57666015625,1071.58459472656,-1.1314092874527,3.5298764705658,108.731460571289,55.7234153747559,-2.32874298095703,1.20005583763123,-0.0925288423895836,-0.0764171257615089,70
738534.46013350365683436394,54.7349815368652,-1.89897692203522,10.1595811843872,0.0800852179527283,0.00392162799835205,42.4949836730957,-71.5579376220703,1198.21826171875,1071.88464355469,-1.13747811317444,3.52125549316406,108.700904846191,55.7022590637207,-2.32230305671692,1.24214673042297,-0.091376893222332,-0.0772394463419914,70
738534.46013552858494222164,54.6966781616211,-1.8967627286911,10.2347946166992,0.0800852179527283,0.00392162799835205,42.4949684143066,-71.5578231811523,1197.81164550781,1072.22595214844,-1.14516699314117,3.46065998077393,108.667320251465,55.6783180236816,-2.31585931777954,1.25259757041931,-0.0900650843977928,-0.0781935751438141,70
738534.46013755316380411386,54.6597785949707,-1.89661180973053,10.3075351715088,0.0800852179527283,0.00392162799835205,42.4949531555176,-71.5577011108398,1197.4150390625,1072.55920410156,-1.15586793422699,3.25318241119385,108.635589599609,55.6554946899414,-2.31038188934326,1.2387387752533,-0.0887818112969398,-0.0791499763727188,70
738534.46013937913812696934,54.6279373168945,-1.89575231075287,10.3693494796753,0.0800852179527283,0.00392162799835205,42.4949417114258,-71.5576019287109,1197.06298828125,1072.85522460938,-1.16741514205933,2.99634408950806,108.608215332031,55.6356811523438,-2.30619096755981,1.17661499977112,-0.0876415595412254,-0.0800246745347977,70
738534.46014127903617918491,54.5953369140625,-1.89485955238342,10.4301776885986,0.0800852179527283,0.00392162799835205,42.4949264526367,-71.5574951171875,1196.68762207031,1073.17114257812,-1.17809450626373,2.72071194648743,108.579658508301,55.6150169372559,-2.30233335494995,1.09053921699524,-0.0864239782094955,-0.0809836611151695,70
738534.46014323306735605001,54.5628089904785,-1.89408671855927,10.4876136779785,0.0800852179527283,0.00392162799835205,42.4949111938477,-71.5573806762695,1196.29553222656,1073.50170898438,-1.18765652179718,2.43547296524048,108.550437927246,55.593864440918,-2.29888033866882,0.989487946033478,-0.0851510316133499,-0.0820088535547256,70
738534.46014508511871099472,54.5338249206543,-1.89285469055176,10.5355701446533,0.0800852179527283,0.00392162799835205,42.4948959350586,-71.5572738647461,1195.92993164062,1073.81042480469,-1.19495499134064,2.19470620155334,108.523666381836,55.5744476318359,-2.29610586166382,0.88849413394928,-0.08396265655756,-0.0829805433750153,70
738534.46014697325881570578,54.505558013916,-1.89112603664398,10.5794277191162,0.0800852179527283,0.00392162799835205,42.4948806762695,-71.5571670532227,1195.55920410156,1073.66979980469,-1.20033288002014,2.00977373123169,108.496726989746,55.554988861084,-2.29361033439636,0.784971714019775,-0.0827553123235703,-0.0839880034327507,70
738534.46014876221306622028,54.4794235229492,-1.88981282711029,10.6177549362183,0.0800852179527283,0.00392162799835205,42.4948654174805,-71.5570602416992,1195.2041015625,1073.47009277344,-1.20390057563782,1.88339555263519,108.471054077148,55.5366172790527,-2.29143190383911,0.699756681919098,-0.0815972611308098,-0.0849685370922089,70
738534.46015085582621395588,54.450122833252,-1.8889182806015,10.6590270996094,0.0800852179527283,0.00392162799835205,42.4948501586914,-71.5569381713867,1194.79602050781,1073.24011230469,-1.20688235759735,1.83673250675201,108.44149017334,55.5157508850098,-2.28911542892456,0.627229809761047,-0.080263689160347,-0.0861277133226395,70
738534.46015289518982172012,54.4210319519043,-1.88819682598114,10.6994905471802,0.0800852179527283,0.00392162799835205,42.4948310852051,-71.5568237304688,1194.38696289062,1073.00939941406,-1.20899415016174,1.84353029727936,108.411758422852,55.4949798583984,-2.28698801994324,0.594442248344421,-0.0789251103997231,-0.0873134359717369,70
738534.46015476749744266272,54.3957061767578,-1.88933265209198,10.7350311279297,0.0800852179527283,0.00392162799835205,42.4948196411133,-71.5567169189453,1194.02783203125,1072.80639648438,-1.21135580539703,1.81594908237457,108.385482788086,55.47705078125,-2.28530359268188,0.586401104927063,-0.0777490213513374,-0.0883804485201836,70
738534.46015671442728489637,54.3691062927246,-1.89398956298828,10.7719898223877,0.0800852179527283,0.00392162799835205,42.494800567627,-71.5566024780273,1193.64038085938,1072.58679199219,-1.21564149856567,1.66877925395966,108.357032775879,55.4582939147949,-2.2838237285614,0.582864463329315,-0.076482966542244,-0.0895469039678574,70
738534.46015869709663093090,54.3429222106934,-1.90074920654297,10.8051500320435,0.0800852179527283,0.00392162799835205,42.4947853088379,-71.5564880371094,1193.22998046875,1072.35327148438,-1.22518396377563,1.21880519390106,108.32689666748,55.4393081665039,-2.28300952911377,0.551654636859894,-0.0751509591937065,-0.0907997712492943,70
738534.46016072307247668505,54.3212699890137,-1.90543973445892,10.8257627487183,0.0800852179527283,0.00392162799835205,42.4947700500488,-71.5563735961914,1192.84594726562,1072.13403320312,-1.23354303836823,0.731993138790131,108.298988342285,55.4222679138184,-2.28315949440002,0.463793933391571,-0.0739145129919052,-0.0919798985123634,70
738534.46016267244704067707,54.3024597167969,-1.91036331653595,10.8341655731201,0.0800852179527283,0.00392162799835205,42.4947547912598,-71.5562591552734,1192.4521484375,1071.90881347656,-1.24111032485962,0.229741007089615,108.270606994629,55.405647277832,-2.28415513038635,0.357552886009216,-0.072657085955143,-0.093207836151123,70
738534.46016460435930639505,54.2867050170898,-1.91307950019836,10.8319501876831,0.0800852179527283,0.00392162799835205,42.4947357177734,-71.55615234375,1192.06665039062,1071.68786621094,-1.2465535402298,-0.0841740667819977,108.243148803711,55.3898658752441,-2.28581309318542,0.208784267306328,-0.0714356526732445,-0.0944291725754738,70
738534.46016657876316457987,54.2732543945312,-1.91590404510498,10.8215503692627,0.0800852179527283,0.00392162799835205,42.4947204589844,-71.556037902832,1191.68664550781,1071.46997070312,-1.24958086013794,-0.270294100046158,108.216377258301,55.3747482299805,-2.28787636756897,0.121543906629086,-0.0702394992113113,-0.0956448614597321,70
738534.46016845433041453362,54.2605628967285,-1.91974580287933,10.8077201843262,0.0800852179527283,0.00392162799835205,42.4947052001953,-71.5559310913086,1191.29821777344,1071.24682617188,-1.25368344783783,-0.3111392557621,108.189270019531,55.3597412109375,-2.29026246070862,0.0129884704947472,-0.0690231919288635,-0.0968941748142242,70
738534.46017054771073162556,54.2470626831055,-1.92220449447632,10.7916669845581,0.0800852179527283,0.00392162799835205,42.4946899414062,-71.5558090209961,1190.8779296875,1071.00537109375,-1.25869870185852,-0.189875200390816,108.160339355469,55.3434600830078,-2.29307508468628,-0.0283597502857447,-0.067715972661972,-0.0982592850923538,70
738534.46017237741034477949,54.2349395751953,-1.92507553100586,10.7801275253296,0.0800852179527283,0.00392162799835205,42.4946746826172,-71.5557022094727,1190.51257324219,1070.79528808594,-1.26218676567078,-0.085095226764679,108.135375976562,55.3294296264648,-2.29560780525208,-0.0413643270730972,-0.066585049033165,-0.0994614586234093,70
738534.46017445146571844816,54.2210350036621,-1.92962574958801,10.7698354721069,0.0800852179527283,0.00392162799835205,42.4946594238281,-71.5555877685547,1190.10302734375,1070.5595703125,-1.26643204689026,0.0156667307019234,108.10765838623,55.3139533996582,-2.29851245880127,-0.0368415378034115,-0.0653246715664864,-0.100806258618832,70
738534.46017654356546700001,54.2072868347168,-1.935262799263,10.7618179321289,0.0800852179527283,0.00392162799835205,42.4946403503418,-71.5554733276367,1189.70129394531,1070.32788085938,-1.27146410942078,0.0567608363926411,108.080703735352,55.2991142272949,-2.30154323577881,-0.0237016379833221,-0.0640977546572685,-0.102133877575397,70
738534.46017845161259174347,54.1933326721191,-1.94110727310181,10.7549276351929,0.0800852179527283,0.00392162799835205,42.4946250915527,-71.5553588867188,1189.29211425781,1070.09155273438,-1.27701675891876,0.0850426629185677,108.053611755371,55.2842979431152,-2.30492091178894,-0.0175204370170832,-0.0628591179847717,-0.1034786850214,70
738534.46018030645791441202,54.1808738708496,-1.94690024852753,10.7494783401489,0.0800852179527283,0.00392162799835205,42.4946098327637,-71.5552520751953,1188.92260742188,1069.87768554688,-1.28249871730804,0.110522173345089,108.029563903809,55.2712287902832,-2.30825877189636,-0.0124124307185411,-0.0617510601878166,-0.104682959616184,70
738534.46018223348073661327,54.1682815551758,-1.95527863502502,10.743932723999,0.0800852179527283,0.00392162799835205,42.4945945739746,-71.5551452636719,1188.53686523438,1069.65393066406,-1.28874945640564,0.103000923991203,108.004859924316,55.2581024169922,-2.31209945678711,0.00744993099942803,-0.0606062300503254,-0.105945445597172,70
738534.46018415095750242472,54.1569061279297,-1.96576654911041,10.7367515563965,0.0800852179527283,0.00392162799835205,42.4945793151855,-71.5550384521484,1188.15832519531,1069.43371582031,-1.29699409008026,-0.0910146608948708,107.981140136719,55.2459297180176,-2.31640291213989,0.0293425302952528,-0.059498518705368,-0.107188493013382,70
738534.46018608857411891222,54.1465492248535,-1.97498655319214,10.7248945236206,0.0800852179527283,0.00392162799835205,42.4945640563965,-71.5549240112305,1187.76574707031,1069.20471191406,-1.30552041530609,-0.334972769021988,107.957107543945,55.2338027954102,-2.32160615921021,0.00781599432229996,-0.0583680272102356,-0.10847669839859,70
738534.46018819895107299089,54.1369361877441,-1.98579967021942,10.7038354873657,0.0800852179527283,0.00392162799835205,42.4945449829102,-71.554801940918,1187.31433105469,1068.44885253906,-1.31553137302399,-0.613743603229523,107.930305480957,55.2206764221191,-2.32842946052551,-0.0317962728440762,-0.0570911951363087,-0.109949097037315,70
738534.46019009663723409176,54.1306343078613,-1.9954240322113,10.6793870925903,0.0800852179527283,0.00392162799835205,42.4945297241211,-71.5546951293945,1186.92712402344,1067.72998046875,-1.32457613945007,-0.851339161396027,107.908050537109,55.2101135253906,-2.33491849899292,-0.0719069167971611,-0.0560161136090755,-0.111208520829678,70
738534.46019208291545510292,54.1259155273438,-2.00601148605347,10.6470613479614,0.0800852179527283,0.00392162799835205,42.494514465332,-71.5545806884766,1186.51721191406,1066.97058105469,-1.33459842205048,-1.10144639015198,107.885292053223,55.1996269226074,-2.34233808517456,-0.117811910808086,-0.0548979789018631,-0.112526260316372,70
738534.46019416849594563246,54.1230812072754,-2.01770210266113,10.605658531189,0.0800852179527283,0.00392162799835205,42.494499206543,-71.5544586181641,1186.08276367188,1066.16760253906,-1.34570860862732,-1.36489069461823,107.86198425293,55.1893005371094,-2.35080122947693,-0.167974099516869,-0.0537364445626736,-0.113924793899059,70
738534.46019601623993366957,54.1224136352539,-2.02833962440491,10.5634450912476,0.0800852179527283,0.00392162799835205,42.4944839477539,-71.5543594360352,1185.70263671875,1065.46704101562,-1.3558441400528,-1.59392166137695,107.842323303223,55.1809425354004,-2.35866403579712,-0.211064219474792,-0.0527407787740231,-0.115137182176113,70
738534.46019785769749432802,54.1234283447266,-2.03950905799866,10.5151052474976,0.0800852179527283,0.00392162799835205,42.4944686889648,-71.5542526245117,1185.31811523438,1064.75988769531,-1.36649084091187,-1.82439374923706,107.823112487793,55.1731147766113,-2.36703658103943,-0.253952234983444,-0.0517530553042889,-0.116356685757637,70
738534.46019994304515421391,54.1269798278809,-2.05392050743103,10.4475126266479,0.0800852179527283,0.00392162799835205,42.4944534301758,-71.5541229248047,1184.84094238281,1063.88610839844,-1.38025271892548,-2.10847330093384,107.800117492676,55.1642913818359,-2.37806916236877,-0.306753665208817,-0.0505561865866184,-0.117875277996063,70
738534.46020176110323518515,54.1317253112793,-2.06604552268982,10.3866672515869,0.0800852179527283,0.00392162799835205,42.4944381713867,-71.5540161132812,1184.45532226562,1064.2861328125,-1.39183557033539,-2.33654808998108,107.782516479492,55.1579093933105,-2.38733530044556,-0.349424481391907,-0.0496127903461456,-0.11906710267067,70
738534.46020382747519761324,54.1390762329102,-2.0803587436676,10.3108673095703,0.0800852179527283,0.00392162799835205,42.4944229125977,-71.5539016723633,1184.0166015625,1065.74609375,-1.40552592277527,-2.59436392784119,107.763404846191,55.151439666748,-2.39835476875305,-0.397043824195862,-0.0485661178827286,-0.120405808091164,70
738534.46020564273931086063,54.1472320556641,-2.0934157371521,10.2384452819824,0.0800852179527283,0.00392162799835205,42.4944076538086,-71.5537948608398,1183.63049316406,1067.02185058594,-1.41802215576172,-2.81983757019043,107.747344970703,55.1464500427246,-2.40848755836487,-0.437182426452637,-0.0476684458553791,-0.121573925018311,70
738534.46020777360536158085,54.1588172912598,-2.10936498641968,10.1463565826416,0.0800852179527283,0.00392162799835205,42.4943923950195,-71.5536727905273,1183.17529296875,1068.51623535156,-1.43330752849579,-3.08388566970825,107.729362487793,55.141414642334,-2.42094135284424,-0.483329713344574,-0.0466396473348141,-0.122927740216255,70
738534.46020987420342862606,54.1725387573242,-2.12598395347595,10.0467071533203,0.0800852179527283,0.00392162799835205,42.4943771362305,-71.5535583496094,1182.71801757812,1070.00561523438,-1.44923639297485,-3.3471143245697,107.712341308594,55.1372833251953,-2.43400287628174,-0.52811324596405,-0.0456392578780651,-0.12426346540451,70
738534.46021190017927438021,54.1873779296875,-2.14149379730225,9.94529724121094,0.0800852179527283,0.00392162799835205,42.4943618774414,-71.5534439086914,1182.279296875,1071.42431640625,-1.46508848667145,-3.55721879005432,107.697006225586,55.1340789794922,-2.44703698158264,-0.591986179351807,-0.0447106584906578,-0.125518992543221,70
738534.46021396247670054436,54.2037811279297,-2.15763664245605,9.83726501464844,0.0800852179527283,0.00392162799835205,42.4943466186523,-71.5533218383789,1181.82409667969,1071.67199707031,-1.48376965522766,-3.49372696876526,107.682121276855,55.1314506530762,-2.46103572845459,-0.653817474842072,-0.0437797382473946,-0.126797333359718,70
738534.46021597913932055235,54.2196731567383,-2.17262840270996,9.73291778564453,0.0800852179527283,0.00392162799835205,42.4943313598633,-71.5532073974609,1181.37829589844,1071.84716796875,-1.50130522251129,-3.37274408340454,107.668556213379,55.1291465759277,-2.47509551048279,-0.65709662437439,-0.0428990796208382,-0.128016531467438,70
738534.46021785889752209187,54.2338371276855,-2.1865553855896,9.64056968688965,0.0800852179527283,0.00392162799835205,42.4943161010742,-71.5531005859375,1180.97058105469,1072.00317382812,-1.51643681526184,-3.26316690444946,107.656959533691,55.1274032592773,-2.48815655708313,-0.645025074481964,-0.0421196185052395,-0.129108369350433,70
738534.46021980664227157831,54.2485427856445,-2.20137119293213,9.5454740524292,0.0800852179527283,0.00392162799835205,42.4943046569824,-71.5529861450195,1180.5361328125,1072.1650390625,-1.53187274932861,-3.14745497703552,107.645439147949,55.1259117126465,-2.50223231315613,-0.623745143413544,-0.0413162261247635,-0.13024690747261,70
738534.46022167638875544071,54.2626266479492,-2.21592974662781,9.45521259307861,0.0800852179527283,0.00392162799835205,42.4942893981934,-71.5528793334961,1180.10815429688,1072.02258300781,-1.54641270637512,-3.03444314002991,107.634941101074,55.1248054504395,-2.51617646217346,-0.598682343959808,-0.0405516810715199,-0.1313346773386,70
738534.46022373798768967390,54.2771797180176,-2.23125576972961,9.36298084259033,0.0800852179527283,0.00392162799835205,42.4942741394043,-71.5527648925781,1179.65307617188,1071.80993652344,-1.56164515018463,-2.91527223587036,107.624626159668,55.1240081787109,-2.53103446960449,-0.570495426654816,-0.0397672243416309,-0.132450297474861,70
738534.46022558293770998716,54.2905464172363,-2.24565267562866,9.27928638458252,0.0800852179527283,0.00392162799835205,42.4942626953125,-71.5526580810547,1179.22253417969,1071.60729980469,-1.57584154605865,-2.80345749855042,107.615669250488,55.1236038208008,-2.54515218734741,-0.543603718280792,-0.0390523262321949,-0.133473411202431,70
738534.46022764034569263458,54.3044853210449,-2.2610137462616,9.19312286376953,0.0800852179527283,0.00392162799835205,42.4942474365234,-71.5525436401367,1178.759765625,1071.3876953125,-1.59086489677429,-2.68414521217346,107.606986999512,55.1235237121582,-2.56029796600342,-0.515416204929352,-0.0383124835789204,-0.134534701704979,70
738534.46022971021011471748,54.3181610107422,-2.27643203735352,9.10985279083252,0.0800852179527283,0.00392162799835205,42.4942359924316,-71.5524215698242,1178.291015625,1071.16369628906,-1.60582745075226,-2.56420278549194,107.599090576172,55.1238098144531,-2.57562112808228,-0.488089025020599,-0.0375930443406105,-0.135574415326118,70
738534.46023153408896178007,54.3302688598633,-2.29036355018616,9.03733825683594,0.0800852179527283,0.00392162799835205,42.4942207336426,-71.5523147583008,1177.86340332031,1070.92614746094,-1.6192581653595,-2.45555305480957,107.592681884766,55.124382019043,-2.58957767486572,-0.464140474796295,-0.0369621925055981,-0.13649408519268,70
738534.46023331803735345602,54.3416709899902,-2.30373072624207,8.9701681137085,0.0800852179527283,0.00392162799835205,42.4942092895508,-71.5522155761719,1177.44909667969,1070.62231445312,-1.63207268714905,-2.35090351104736,107.587203979492,55.1252021789551,-2.60303783416748,-0.441979020833969,-0.0363737642765045,-0.137354493141174,70
738534.46023541479371488094,54.3544464111328,-2.31904458999634,8.89627552032471,0.0800852179527283,0.00392162799835205,42.4941940307617,-71.5521011352539,1176.96997070312,1070.27014160156,-1.64551341533661,-2.2307825088501,107.581756591797,55.1264686584473,-2.61852169036865,-0.417700290679932,-0.0357210449874401,-0.138314932584763,70
738534.46023723646067082882,54.3655281066895,-2.33216953277588,8.83340740203857,0.0800852179527283,0.00392162799835205,42.4941825866699,-71.5519943237305,1176.54064941406,1069.95385742188,-1.65692400932312,-2.12390971183777,107.577629089355,55.1278381347656,-2.63231706619263,-0.397079974412918,-0.0351612456142902,-0.139139354228973,70
738534.46023929433431476355,54.3778343200684,-2.34679889678955,8.76510810852051,0.0800852179527283,0.00392162799835205,42.4941711425781,-71.551872253418,1176.04821777344,1069.59020996094,-1.67029976844788,-2.00200438499451,107.573760986328,55.1296997070312,-2.64797854423523,-0.374553740024567,-0.0345458760857582,-0.140051364898682,70
738534.46024137397762387991,54.3896446228027,-2.36112189292908,8.70122337341309,0.0800852179527283,0.00392162799835205,42.4941558837891,-71.5517578125,1175.55871582031,1069.22802734375,-1.68426370620728,-1.8814811706543,107.570861816406,55.1318359375,-2.66332793235779,-0.352946847677231,-0.033962544053793,-0.140921756625175,70
738534.46024322276934981346,54.3999061584473,-2.3738865852356,8.64718341827393,0.0800852179527283,0.00392162799835205,42.4941444396973,-71.5516510009766,1175.119140625,1068.90209960938,-1.69692671298981,-1.77382206916809,107.568969726562,55.1340065002441,-2.67692875862122,-0.334124803543091,-0.0334619022905827,-0.141676262021065,70
738534.46024523733649402857,54.4105453491211,-2.38749527931213,8.59281063079834,0.0800852179527283,0.00392162799835205,42.4941329956055,-71.5515365600586,1174.64880371094,1068.55261230469,-1.71044945716858,-1.65926086902618,107.567726135254,55.1365928649902,-2.6912887096405,-0.314556300640106,-0.0329499542713165,-0.142463207244873,70
738534.46024726703763008118,54.4212913513184,-2.40407204627991,8.54043579101562,0.0800852179527283,0.00392162799835205,42.4941177368164,-71.5514221191406,1174.17272949219,1068.19799804688,-1.72380805015564,-1.59862697124481,107.567253112793,55.1397819519043,-2.70562505722046,-0.271355986595154,-0.0324567146599293,-0.143233686685562,70
738534.46024921827483922243,54.433967590332,-2.42991232872009,8.4826135635376,0.0800852179527283,0.00392162799835205,42.4941062927246,-71.5513076782227,1173.67492675781,1067.826171875,-1.74101126194,-2.02375769615173,107.567649841309,55.1445045471191,-2.72077655792236,-0.182001858949661,-0.0319723412394524,-0.144000068306923,70
738534.46025117149110883474,54.4487648010254,-2.4494640827179,8.4168872833252,0.0800852179527283,0.00392162799835205,42.4940948486328,-71.5511932373047,1173.2001953125,1067.47045898438,-1.75937294960022,-2.73045301437378,107.568946838379,55.14990234375,-2.73596262931824,-0.2231425344944,-0.0315454714000225,-0.144704252481461,70
738534.46025330200791358948,54.4694442749023,-2.4703574180603,8.32480907440186,0.0800852179527283,0.00392162799835205,42.4940795898438,-71.5510711669922,1172.67810058594,1067.078125,-1.77698004245758,-3.50806570053101,107.571472167969,55.1572799682617,-2.75346565246582,-0.323095172643661,-0.0311152506619692,-0.145446300506592,70
738534.46025510621257126331,54.4910163879395,-2.4890124797821,8.2277774810791,0.0800852179527283,0.00392162799835205,42.494068145752,-71.5509643554688,1172.22485351562,1066.64904785156,-1.79217660427094,-4.17688608169556,107.574615478516,55.1648635864258,-2.76922011375427,-0.432078182697296,-0.0307738985866308,-0.146064072847366,70
738534.46025713498238474131,54.5188865661621,-2.51060652732849,8.10092926025391,0.0800852179527283,0.00392162799835205,42.4940567016602,-71.5508499145508,1171.71960449219,1066.060546875,-1.80927836894989,-4.91594171524048,107.579132080078,55.1746063232422,-2.78728342056274,-0.566134572029114,-0.0304280482232571,-0.146719604730606,70
738534.46025896701030433178,54.5474472045898,-2.53106689453125,7.96932744979858,0.0800852179527283,0.00392162799835205,42.4940452575684,-71.5507431030273,1171.26196289062,1065.75183105469,-1.82523989677429,-5.57919597625732,107.584159851074,55.1846046447754,-2.80411672592163,-0.691870510578156,-0.0301464907824993,-0.147283658385277,70
738534.46026104805059731007,54.5842247009277,-2.55606198310852,7.79752159118652,0.0800852179527283,0.00392162799835205,42.4940338134766,-71.5506286621094,1170.73229980469,1066.00512695312,-1.84468054771423,-6.339439868927,107.591033935547,55.1975746154785,-2.82414364814758,-0.837786018848419,-0.0298593882471323,-0.147907018661499,70
738534.46026282082311809063,54.6186180114746,-2.57711601257324,7.63426160812378,0.0800852179527283,0.00392162799835205,42.494026184082,-71.5505218505859,1170.2783203125,1066.32189941406,-1.86255276203156,-6.96353197097778,107.597793579102,55.2097549438477,-2.8418333530426,-0.974677324295044,-0.02964729629457,-0.148416012525558,70
738534.46026486414484679699,54.6609497070312,-2.60227394104004,7.43036699295044,0.0800852179527283,0.00392162799835205,42.4940147399902,-71.550407409668,1169.75231933594,1066.6826171875,-1.88380515575409,-7.43998622894287,107.606597900391,55.2250099182129,-2.86289262771606,-1.17146098613739,-0.0294403042644262,-0.148962765932083,70
738534.46026690537109971046,54.7043113708496,-2.6259446144104,7.21868419647217,0.0800852179527283,0.00392162799835205,42.4940032958984,-71.5502853393555,1169.22692871094,1067.03698730469,-1.91390430927277,-7.34536933898926,107.616401672363,55.2409858703613,-2.88450002670288,-1.30244934558868,-0.0292756035923958,-0.149462670087814,70
738534.46026906138285994530,54.748950958252,-2.64864349365234,6.99767971038818,0.0800852179527283,0.00392162799835205,42.4939918518066,-71.550163269043,1168.6748046875,1067.19934082031,-1.9426167011261,-7.21180009841919,107.627807617188,55.2578544616699,-2.90763831138611,-1.33407032489777,-0.0291455537080765,-0.149930775165558,70
738534.46027092903386801481,54.7885513305664,-2.66874241828918,6.80078887939453,0.0800852179527283,0.00392162799835205,42.4939804077148,-71.5500564575195,1168.17407226562,1067.18371582031,-1.96759271621704,-7.09233045578003,107.638999938965,55.2734870910645,-2.92873501777649,-1.33083260059357,-0.0290630888193846,-0.150304242968559,70
738534.46027300797868520021,54.8317794799805,-2.69053649902344,6.58527851104736,0.0800852179527283,0.00392162799835205,42.4939727783203,-71.549934387207,1167.615234375,1067.15893554688,-1.99386489391327,-6.9604434967041,107.652450561523,55.2913093566895,-2.95228433609009,-1.30729675292969,-0.0290088690817356,-0.150669619441032,70
738534.46027487434912472963,54.870979309082,-2.71016097068787,6.38941192626953,0.0800852179527283,0.00392162799835205,42.4939613342285,-71.5498199462891,1167.09606933594,1067.12927246094,-2.01632380485535,-6.82978057861328,107.665679931641,55.3081741333008,-2.9737753868103,-1.27825939655304,-0.0289935320615768,-0.15095616877079,70
738534.46027665445581078529,54.9072341918945,-2.73179459571838,6.20997285842896,0.0800852179527283,0.00392162799835205,42.493953704834,-71.5497207641602,1166.603515625,1067.09533691406,-2.03699016571045,-6.57216835021973,107.678932189941,55.3247756958008,-2.99386715888977,-1.27537071704865,-0.0290088374167681,-0.151177138090134,70
738534.46027873852290213108,54.9463996887207,-2.75839757919312,6.01951122283936,0.0800852179527283,0.00392162799835205,42.4939422607422,-71.5495986938477,1166.04553222656,1067.0498046875,-2.06248879432678,-5.92781400680542,107.694770812988,55.3439254760742,-3.01652193069458,-1.26629209518433,-0.0290621928870678,-0.151361629366875,70
738534.46028070210013538599,54.9786071777344,-2.77904438972473,5.86746454238892,0.0800852179527283,0.00392162799835205,42.4939346313477,-71.5494918823242,1165.54809570312,1067.00305175781,-2.08538055419922,-5.03803968429565,107.709732055664,55.3606147766113,-3.03688740730286,-1.19279444217682,-0.0291440654546022,-0.151465773582458,70
738534.46028258395381271839,55.0111656188965,-2.79735088348389,5.72076416015625,0.0800852179527283,0.00392162799835205,42.4939270019531,-71.5493698120117,1164.98205566406,1066.94421386719,-2.10453677177429,-3.99170565605164,107.72777557373,55.3785209655762,-3.06019282341003,-1.03934943675995,-0.0292744673788548,-0.151520609855652,70
738534.46028444007970392704,55.0365524291992,-2.81010055541992,5.61483001708984,0.0800852179527283,0.00392162799835205,42.4939193725586,-71.5492706298828,1164.47692871094,1066.8876953125,-2.11739277839661,-3.07868528366089,107.744598388672,55.3935508728027,-3.08052945137024,-0.870473861694336,-0.0294202081859112,-0.151511311531067,70
738534.46028649678919464350,55.0622863769531,-2.82203435897827,5.51599979400635,0.0800852179527283,0.00392162799835205,42.4939117431641,-71.5491485595703,1163.89562988281,1066.81921386719,-2.12710618972778,-2.43743586540222,107.764755249023,55.409797668457,-3.10288977622986,-0.578427374362946,-0.0296157393604517,-0.15143695473671,70
738534.46028861543163657188,55.0854187011719,-2.8283052444458,5.43440580368042,0.0800852179527283,0.00392162799835205,42.4939041137695,-71.5490264892578,1163.318359375,1066.748046875,-2.13799571990967,-2.30959320068359,107.785591125488,55.4250411987305,-3.12354636192322,-0.42672011256218,-0.0298335906118155,-0.151297867298126,70
738534.46029042615555226803,55.1053161621094,-2.83291363716125,5.36706829071045,0.0800852179527283,0.00392162799835205,42.493896484375,-71.5489196777344,1162.80725097656,1066.68334960938,-2.14340710639954,-2.20445871353149,107.804595947266,55.4384956359863,-3.14019012451172,-0.351587027311325,-0.0300407744944096,-0.151131495833397,70
738534.46029227762483060360,55.1247253417969,-2.83718156814575,5.30338525772095,0.0800852179527283,0.00392162799835205,42.4938888549805,-71.5488128662109,1162.29528808594,1066.61706542969,-2.14777231216431,-2.09894871711731,107.824089050293,55.4518775939941,-3.15512084960938,-0.304135680198669,-0.030258284881711,-0.150921449065208,70
738534.46029408439062535763,55.1435012817383,-2.84095025062561,5.24358415603638,0.0800852179527283,0.00392162799835205,42.4938812255859,-71.5487060546875,1161.7861328125,1066.54956054688,-2.15020108222961,-1.99375796318054,107.843902587891,55.4650497436523,-3.16825842857361,-0.274699956178665,-0.0304825343191624,-0.150678336620331,70
738534.46029595390427857637,55.1619911193848,-2.84400343894958,5.18644285202026,0.0800852179527283,0.00392162799835205,42.4938735961914,-71.5485992431641,1161.27111816406,1066.44714355469,-2.15198254585266,-1.88715302944183,107.864280700684,55.4782180786133,-3.17992520332336,-0.256106913089752,-0.0307160783559084,-0.15038526058197,70
738534.46029797836672514677,55.1837768554688,-2.84688138961792,5.12133169174194,0.0800852179527283,0.00392162799835205,42.4938659667969,-71.548469543457,1160.64538574219,1065.56164550781,-2.15346598625183,-1.75746834278107,107.889556884766,55.4939804077148,-3.19214129447937,-0.241974592208862,-0.0310066435486078,-0.149975299835205,70
738534.46029984101187437773,55.2012634277344,-2.84855580329895,5.07091856002808,0.0800852179527283,0.00392162799835205,42.4938583374023,-71.5483627319336,1160.12707519531,1064.82702636719,-2.15411329269409,-1.64990937709808,107.910575866699,55.5068283081055,-3.20066738128662,-0.233389839529991,-0.0312518514692783,-0.149606734514236,70
738534.46030183054972440004,55.2189292907715,-2.84962320327759,5.02169275283813,0.0800852179527283,0.00392162799835205,42.4938545227051,-71.5482482910156,1159.587890625,1064.06140136719,-2.15424728393555,-1.53787100315094,107.932655334473,55.5199775695801,-3.20823264122009,-0.225267469882965,-0.0315103456377983,-0.149185374379158,70
738534.46030370215885341167,55.2362022399902,-2.85000109672546,4.97532892227173,0.0800852179527283,0.00392162799835205,42.4938468933105,-71.5481338500977,1159.04406738281,1064.50842285156,-2.15380811691284,-1.42477214336395,107.955101013184,55.5330047607422,-3.21463227272034,-0.216778859496117,-0.0317735411226749,-0.148729518055916,70
738534.46030556317418813705,55.2520408630371,-2.84972524642944,4.93442153930664,0.0800852179527283,0.00392162799835205,42.493839263916,-71.5480270385742,1158.52905273438,1064.99340820312,-2.15286779403687,-1.3175812959671,107.976387023926,55.545093536377,-3.21964716911316,-0.207827612757683,-0.0320234075188637,-0.148267388343811,70
738534.46030738798435777426,55.2670402526855,-2.84887838363647,4.89723682403564,0.0800852179527283,0.00392162799835205,42.4938316345215,-71.5479278564453,1158.02587890625,1065.46704101562,-2.15146374702454,-1.21280646324158,107.997245788574,55.5566825866699,-3.2236487865448,-0.197977870702744,-0.032267801463604,-0.147790506482124,70
738534.46030920313205569983,55.2818603515625,-2.8474395275116,4.8620753288269,0.0800852179527283,0.00392162799835205,42.4938278198242,-71.5478210449219,1157.51208496094,1065.95043945312,-2.14952993392944,-1.10577321052551,108.0185546875,55.5682640075684,-3.22688555717468,-0.186701014637947,-0.0325163528323174,-0.14728082716465,70
738534.46031128324102610350,55.2981567382812,-2.84511566162109,4.82555866241455,0.0800852179527283,0.00392162799835205,42.4938201904297,-71.5476989746094,1156.92822265625,1065.8564453125,-2.14672875404358,-0.984070658683777,108.042678833008,55.5811767578125,-3.22958540916443,-0.17249108850956,-0.0327968746423721,-0.146676957607269,70
738534.46031310921534895897,55.3116607666016,-2.84254240989685,4.79710388183594,0.0800852179527283,0.00392162799835205,42.4938125610352,-71.5475921630859,1156.42651367188,1065.15881347656,-2.14380598068237,-0.879458963871002,108.063362121582,55.5920143127441,-3.23112654685974,-0.159354686737061,-0.033035259693861,-0.146133169531822,70
738534.46031523228157311678,55.327018737793,-2.83881640434265,4.76685810089111,0.0800852179527283,0.00392162799835205,42.4938049316406,-71.5474700927734,1155.83178710938,1064.33129882812,-2.13973045349121,-0.755387723445892,108.087783813477,55.6045036315918,-3.23207187652588,-0.142780989408493,-0.0333132483065128,-0.145460620522499,70
738534.46031723474152386189,55.3410720825195,-2.83456182479858,4.74138927459717,0.0800852179527283,0.00392162799835205,42.4937973022461,-71.5473480224609,1155.26135253906,1063.53698730469,-2.13518881797791,-0.636285006999969,108.111106872559,55.6160926818848,-3.23211622238159,-0.126174777746201,-0.0335745625197887,-0.144787475466728,70
738534.46031908062286674976,55.3529586791992,-2.83026528358459,4.72175884246826,0.0800852179527283,0.00392162799835205,42.4937934875488,-71.5472412109375,1154.75610351562,1062.8330078125,-2.13067555427551,-0.530714452266693,108.131530761719,55.6260299682617,-3.23148798942566,-0.110879197716713,-0.0338003635406494,-0.144176378846169,70
738534.46032092254608869553,55.3644523620605,-2.82542896270752,4.70468330383301,0.0800852179527283,0.00392162799835205,42.4937858581543,-71.5471343994141,1154.24475097656,1062.11999511719,-2.12565088272095,-0.423781335353851,108.152046203613,55.6357803344727,-3.23023080825806,-0.0949908271431923,-0.0340228229761124,-0.143540292978287,70
738534.46032271452713757753,55.3752288818359,-2.82019352912903,4.69061040878296,0.0800852179527283,0.00392162799835205,42.493782043457,-71.5470275878906,1153.74047851562,1061.41662597656,-2.12025904655457,-0.318243980407715,108.172027587891,55.6450462341309,-3.22839975357056,-0.0790018290281296,-0.0342351533472538,-0.142898917198181,70
738534.46032459090929478407,55.3855743408203,-2.81444096565247,4.67917680740356,0.0800852179527283,0.00392162799835205,42.4937744140625,-71.5469207763672,1153.23059082031,1060.70458984375,-2.11437511444092,-0.211387544870377,108.192016601562,55.6540908813477,-3.22596764564514,-0.0625950619578362,-0.0344424583017826,-0.142231091856956,70
738534.46032655576709657907,55.3958206176758,-2.8079252243042,4.67021894454956,0.0800852179527283,0.00392162799835205,42.493766784668,-71.5468063354492,1152.69555664062,1059.95715332031,-2.10775589942932,-0.0991589725017548,108.212760925293,55.6632080078125,-3.22280645370483,-0.045190118253231,-0.0346510298550129,-0.141519755125046,70
738534.46032836730591952801,55.4050445556641,-2.80121254920959,4.66457414627075,0.0800852179527283,0.00392162799835205,42.4937629699707,-71.5466995239258,1152.18249511719,1059.23986816406,-2.10096406936646,0.00858886633068323,108.232330322266,55.671573638916,-3.21921372413635,-0.0283497162163258,-0.0348414517939091,-0.140829622745514,70
738534.46033035626169294119,55.4139709472656,-2.79380941390991,4.66177082061768,0.0800852179527283,0.00392162799835205,42.4937553405762,-71.5465850830078,1151.65063476562,1058.49548339844,-2.09350633621216,0.12044183909893,108.252342224121,55.6798515319824,-3.21491575241089,-0.0106844706460834,-0.0350283831357956,-0.14010451734066,70
738534.46033241774421185255,55.4227561950684,-2.78545212745667,4.6622200012207,0.0800852179527283,0.00392162799835205,42.4937477111816,-71.5464706420898,1151.08471679688,1057.70300292969,-2.08511185646057,0.23967233300209,108.273277282715,55.6882133483887,-3.2097179889679,0.00813170149922371,-0.0352145358920097,-0.139315441250801,70
738534.46033429307863116264,55.4301910400391,-2.77730631828308,4.66581869125366,0.0800852179527283,0.00392162799835205,42.4937400817871,-71.5463562011719,1150.5615234375,1056.96960449219,-2.0769522190094,0.350107610225677,108.29216003418,55.6955032348633,-3.2043764591217,0.0256920009851456,-0.0353744626045227,-0.138573482632637,70
738534.46033640543464571238,55.4379043579102,-2.76750183105469,4.67369174957275,0.0800852179527283,0.00392162799835205,42.4937324523926,-71.5462265014648,1149.96228027344,1056.12915039062,-2.06716370582581,0.476850390434265,108.313407897949,55.7033576965332,-3.19759035110474,0.0458298660814762,-0.0355415605008602,-0.137698322534561,70
738534.46033837553113698959,55.444091796875,-2.75824737548828,4.68429183959961,0.0800852179527283,0.00392162799835205,42.4937286376953,-71.5461120605469,1149.42248535156,1055.37133789062,-2.05792117118835,0.591463029384613,108.331954956055,55.7099456787109,-3.19096779823303,0.0639763399958611,-0.0356768630445004,-0.136920362710953,70
738534.46034046611748635769,55.4496574401855,-2.74837136268616,4.69856405258179,0.0800852179527283,0.00392162799835205,42.4937210083008,-71.5459976196289,1148.87121582031,1055.67309570312,-2.04804134368896,0.709678530693054,108.350509643555,55.716194152832,-3.18367433547974,0.0826138779520988,-0.035799402743578,-0.136107012629509,70
738534.46034258510917425156,55.454776763916,-2.73727798461914,4.71794319152832,0.0800852179527283,0.00392162799835205,42.4937133789062,-71.5458679199219,1148.27600097656,1056.06030273438,-2.03694176673889,0.838369846343994,108.370002746582,55.7223815917969,-3.17520332336426,0.102987088263035,-0.0359126403927803,-0.135214880108833,70
738534.46034470119047909975,55.4588241577148,-2.72619867324829,4.74058389663696,0.0800852179527283,0.00392162799835205,42.4937057495117,-71.5457382202148,1147.70227050781,1056.43725585938,-2.02608489990234,0.962663471698761,108.38818359375,55.7277870178223,-3.16650390625,0.12270825356245,-0.036002766340971,-0.134354114532471,70
738534.46034659573342651129,55.4616355895996,-2.71636462211609,4.76380777359009,0.0800852179527283,0.00392162799835205,42.4936981201172,-71.5456314086914,1147.19885253906,1056.77111816406,-2.01613545417786,1.07874989509583,108.403594970703,55.7320861816406,-3.15847420692444,0.138045400381088,-0.0360653847455978,-0.133598282933235,70
738534.46034848131239414215,55.4637298583984,-2.70870089530945,4.79101324081421,0.0800852179527283,0.00392162799835205,42.4936943054199,-71.545524597168,1146.69860839844,1057.10498046875,-2.00546216964722,1.25947797298431,108.418441772461,55.7361297607422,-3.15014410018921,0.136868819594383,-0.0361118577420712,-0.132839366793633,70
738534.46035037504043430090,55.4648170471191,-2.70093083381653,4.82504558563232,0.0800852179527283,0.00392162799835205,42.4936866760254,-71.54541015625,1146.19128417969,1057.44592285156,-1.99518394470215,1.63460433483124,108.433059692383,55.7397689819336,-3.14155220985413,0.152759447693825,-0.036144845187664,-0.132061049342155,70
738534.46035228576511144638,55.4641761779785,-2.69038677215576,4.86914014816284,0.0800852179527283,0.00392162799835205,42.4936790466309,-71.545295715332,1145.67138671875,1057.79809570312,-1.98391306400299,1.9947943687439,108.447601318359,55.7424583435059,-3.13268065452576,0.219790101051331,-0.0361638739705086,-0.13127313554287,70
738534.46035420824773609638,55.4622497558594,-2.6810827255249,4.91914224624634,0.0800852179527283,0.00392162799835205,42.4936752319336,-71.5451889038086,1145.17077636719,1057.7578125,-1.97580587863922,2.14196801185608,108.46110534668,55.7444801330566,-3.12400603294373,0.295378714799881,-0.0361671335995197,-0.130525141954422,70
738534.46035607706289738417,55.4593620300293,-2.67067337036133,4.97311115264893,0.0800852179527283,0.00392162799835205,42.4936676025391,-71.5450820922852,1144.67810058594,1057.4677734375,-1.9673752784729,2.2477502822876,108.47388458252,55.7458992004395,-3.11529660224915,0.332574546337128,-0.03615503013134,-0.129796117544174,70
738534.46035793912597000599,55.4557952880859,-2.6605052947998,5.02940893173218,0.0800852179527283,0.00392162799835205,42.4936599731445,-71.5449752807617,1144.19360351562,1057.18383789062,-1.95848643779755,2.35212826728821,108.485992431641,55.7469139099121,-3.10649633407593,0.360664784908295,-0.0361273474991322,-0.129082247614861,70
738534.46035972598474472761,55.4514808654785,-2.65043663978577,5.08903789520264,0.0800852179527283,0.00392162799835205,42.49365234375,-71.5448684692383,1143.70776367188,1057.36328125,-1.94938373565674,2.45719838142395,108.49764251709,55.7475547790527,-3.09741592407227,0.383162021636963,-0.0360833667218685,-0.128366082906723,70
738534.46036160434596240520,55.4464454650879,-2.64048337936401,5.15148782730103,0.0800852179527283,0.00392162799835205,42.4936447143555,-71.5447540283203,1143.224609375,1058.17846679688,-1.94015717506409,2.56209874153137,108.508773803711,55.7478103637695,-3.08815312385559,0.401828050613403,-0.0360234305262566,-0.127655044198036,70
738534.46036349190399050713,55.4404716491699,-2.63028025627136,5.21886968612671,0.0800852179527283,0.00392162799835205,42.4936408996582,-71.5446472167969,1142.72839355469,1057.21887207031,-1.93053042888641,2.67022585868835,108.519729614258,55.7476539611816,-3.07842922210693,0.418687611818314,-0.0359447002410889,-0.126936689019203,70
738534.46036536549217998981,55.4338035583496,-2.62026882171631,5.28830528259277,0.0800852179527283,0.00392162799835205,42.4936332702637,-71.5445404052734,1142.24060058594,1056.21398925781,-1.92096543312073,2.77687048912048,108.529998779297,55.7470932006836,-3.06870722770691,0.433996140956879,-0.0358504466712475,-0.126241371035576,70
738534.46036748914048075676,55.4255714416504,-2.60930609703064,5.36808967590332,0.0800852179527283,0.00392162799835205,42.4936256408691,-71.5444183349609,1141.70581054688,1055.1103515625,-1.91039037704468,2.89423370361328,108.540718078613,55.746021270752,-3.05786323547363,0.450084149837494,-0.035727746784687,-0.125488191843033,70
738534.46036942850332707167,55.4165496826172,-2.59857988357544,5.45003175735474,0.0800852179527283,0.00392162799835205,42.4936180114746,-71.5442962646484,1141.181640625,1054.02624511719,-1.89996707439423,3.00969409942627,108.550605773926,55.7445030212402,-3.04712390899658,0.465787380933762,-0.0355871729552746,-0.124760486185551,70
738534.46037130965851247311,55.4076118469238,-2.5889618396759,5.52691078186035,0.0800852179527283,0.00392162799835205,42.4936103820801,-71.544189453125,1140.71020507812,1053.0498046875,-1.89058446884155,3.11382293701172,108.558959960938,55.7427368164062,-3.03741025924683,0.480212867259979,-0.0354439504444599,-0.124123513698578,70
738534.46037315705325454473,55.3974494934082,-2.5790388584137,5.61027193069458,0.0800852179527283,0.00392162799835205,42.4936027526855,-71.5440826416016,1140.21850585938,1052.029296875,-1.88080132007599,3.2214298248291,108.567207336426,55.7405052185059,-3.02720665931702,0.495905965566635,-0.0352777615189552,-0.123470559716225,70
738534.46037495241034775972,55.3875923156738,-2.57253336906433,5.68881988525391,0.0800852179527283,0.00392162799835205,42.493595123291,-71.5439758300781,1139.76574707031,1051.08862304688,-1.87154531478882,3.27662801742554,108.574333190918,55.7383728027344,-3.01780676841736,0.532542884349823,-0.0351093634963036,-0.122886426746845,70
738534.46037707501091063023,55.3757095336914,-2.56538987159729,5.78194999694824,0.0800852179527283,0.00392162799835205,42.4935836791992,-71.5438537597656,1139.22644042969,1050.40063476562,-1.86357343196869,3.06998801231384,108.58226776123,55.7358169555664,-3.00686764717102,0.562364757061005,-0.0348927192389965,-0.122212313115597,70
738534.46037916664499789476,55.3642768859863,-2.55564975738525,5.86924934387207,0.0800852179527283,0.00392162799835205,42.4935760498047,-71.5437316894531,1138.69384765625,1050.27185058594,-1.85441613197327,2.83496236801147,108.58959197998,55.7331352233887,-2.9964702129364,0.541162073612213,-0.0346626862883568,-0.121563710272312,70
738534.46038098819553852081,55.3545761108398,-2.54544377326965,5.9409351348877,0.0800852179527283,0.00392162799835205,42.4935684204102,-71.5436248779297,1138.23364257812,1050.16162109375,-1.84580564498901,2.70048260688782,108.595550537109,55.7306289672852,-2.98764204978943,0.486492097377777,-0.0344493612647057,-0.121031060814857,70
738534.46038297261111438274,55.3442459106445,-2.5347535610199,6.01488494873047,0.0800852179527283,0.00392162799835205,42.4935607910156,-71.5435180664062,1137.74926757812,1050.04650878906,-1.83771908283234,2.79315900802612,108.601448059082,55.7278175354004,-2.97832202911377,0.437852948904037,-0.0342087559401989,-0.120488926768303,70
738534.46038489602506160736,55.3326301574707,-2.52262210845947,6.09349012374878,0.0800852179527283,0.00392162799835205,42.4935531616211,-71.5433959960938,1137.24743652344,1049.92858886719,-1.82729256153107,2.90782427787781,108.607109069824,55.7242698669434,-2.9684681892395,0.429926991462708,-0.0339404121041298,-0.119954258203506,70
738534.46038692560978233814,55.3197326660156,-2.51045608520508,6.17736625671387,0.0800852179527283,0.00392162799835205,42.4935417175293,-71.5432815551758,1136.7333984375,1049.80908203125,-1.81632006168365,3.02529263496399,108.61238861084,55.7201499938965,-2.95802879333496,0.434630274772644,-0.0336438231170177,-0.11943282186985,70
738534.46038906334433704615,55.3058433532715,-2.4985888004303,6.26463270187378,0.0800852179527283,0.00392162799835205,42.4935340881348,-71.5431594848633,1136.22009277344,1049.69116210938,-1.80519330501556,3.14269280433655,108.617088317871,55.7155723571777,-2.94723749160767,0.44743412733078,-0.0333251282572746,-0.118935108184814,70
738534.46039104415103793144,55.2913055419922,-2.487309217453,6.35315275192261,0.0800852179527283,0.00392162799835205,42.493522644043,-71.5430450439453,1135.7197265625,1049.57751464844,-1.79440665245056,3.25774621963501,108.621078491211,55.7106590270996,-2.93642854690552,0.464721888303757,-0.0329923816025257,-0.118483185768127,70
738534.46039293601643294096,55.276424407959,-2.47675514221191,6.44134187698364,0.0800852179527283,0.00392162799835205,42.4935150146484,-71.5429306030273,1135.23999023438,1049.25122070312,-1.78414618968964,3.36832141876221,108.624328613281,55.7055511474609,-2.92585563659668,0.483897745609283,-0.0326531976461411,-0.118077591061592,70
738534.46039477922022342682,55.261547088623,-2.46705460548401,6.52738046646118,0.0800852179527283,0.00392162799835205,42.4935073852539,-71.5428237915039,1134.78833007812,1048.90759277344,-1.77459800243378,3.47264742851257,108.626899719238,55.7003746032715,-2.91578412055969,0.503170669078827,-0.0323159620165825,-0.117718629539013,70
738534.46039668889716267586,55.2451362609863,-2.45718169212341,6.62025690078735,0.0800852179527283,0.00392162799835205,42.4934959411621,-71.5427093505859,1134.31726074219,1048.48095703125,-1.76480448246002,3.58168315887451,108.62907409668,55.6946220397949,-2.90519237518311,0.5236936211586,-0.0319461338222027,-0.117372535169125,70
738534.46039861335884779692,55.227897644043,-2.44762086868286,6.71577835083008,0.0800852179527283,0.00392162799835205,42.4934883117676,-71.5426025390625,1133.84912109375,1047.78271484375,-1.75527739524841,3.69033217430115,108.630714416504,55.6885375976562,-2.89465832710266,0.544202625751495,-0.0315603539347649,-0.117056600749493,70
738534.46040060766972601414,55.2090492248535,-2.43800497055054,6.81812524795532,0.0800852179527283,0.00392162799835205,42.4934768676758,-71.5424880981445,1133.3642578125,1047.05737304688,-1.74564588069916,3.80312132835388,108.631896972656,55.6818618774414,-2.88378047943115,0.565197765827179,-0.0311423726379871,-0.116750530898571,70
738534.46040265727788209915,55.187873840332,-2.42811846733093,6.93082571029663,0.0800852179527283,0.00392162799835205,42.493465423584,-71.5423583984375,1132.84875488281,1046.72924804688,-1.73570346832275,3.9233570098877,108.632545471191,55.6743545532227,-2.87234568595886,0.587167859077454,-0.0306772645562887,-0.116454370319843,70
738534.46040473878383636475,55.166576385498,-2.419029712677,7.04208946228027,0.0800852179527283,0.00392162799835205,42.4934577941895,-71.5422439575195,1132.35693359375,1046.82861328125,-1.72653138637543,4.03838205337524,108.632652282715,55.6668128967285,-2.86158990859985,0.607701599597931,-0.0302145443856716,-0.116206601262093,70
738534.46040667197667062283,55.1454200744629,-2.41074228286743,7.15088891983032,0.0800852179527283,0.00392162799835205,42.4934463500977,-71.5421295166016,1131.89086914062,1046.92309570312,-1.71814179420471,4.14762115478516,108.632263183594,55.6593589782715,-2.8515419960022,0.626773536205292,-0.0297595541924238,-0.116001904010773,70
738534.46040855150204151869,55.1240501403809,-2.40303874015808,7.25926303863525,0.0800852179527283,0.00392162799835205,42.4934349060059,-71.5420227050781,1131.44006347656,1047.01489257812,-1.71027803421021,4.25350522994995,108.63151550293,55.6518859863281,-2.84202313423157,0.644886553287506,-0.0293041355907917,-0.115843616425991,70
738534.46041074884124100208,55.0978622436523,-2.39439129829407,7.389976978302,0.0800852179527283,0.00392162799835205,42.4934234619141,-71.5418930053711,1130.91271972656,1047.12255859375,-1.70140409469604,4.37768793106079,108.630104064941,55.6427841186523,-2.83110594749451,0.665769577026367,-0.0287535041570663,-0.115689180791378,70
738534.46041276585310697556,55.0723686218262,-2.38676333427429,7.51516056060791,0.0800852179527283,0.00392162799835205,42.4934120178223,-71.5417785644531,1130.42309570312,1047.22241210938,-1.69355022907257,4.49325275421143,108.628295898438,55.6339797973633,-2.82129096984863,0.684971511363983,-0.0282253604382277,-0.115590386092663,70
738534.46041473990771919489,55.0469665527344,-2.37986326217651,7.63813209533691,0.0800852179527283,0.00392162799835205,42.4934005737305,-71.5416641235352,1129.95544433594,1047.31774902344,-1.68642115592957,4.60384702682495,108.626174926758,55.6252937316895,-2.81220841407776,0.703274607658386,-0.0277065299451351,-0.115527860820293,70
738534.46041657694149762392,55.0219993591309,-2.37370610237122,7.75742769241333,0.0800852179527283,0.00392162799835205,42.4933929443359,-71.5415573120117,1129.51354980469,1047.26477050781,-1.6800297498703,4.70855045318604,108.623817443848,55.6168365478516,-2.80390167236328,0.720399856567383,-0.0272035151720047,-0.115508817136288,70
738534.46041849430184811354,54.9956169128418,-2.36781430244446,7.88195085525513,0.0800852179527283,0.00392162799835205,42.4933815002441,-71.5414505004883,1129.06372070312,1046.80981445312,-1.67387807369232,4.81533336639404,108.621070861816,55.6079978942871,-2.79571986198425,0.737892389297485,-0.0266797356307507,-0.115518413484097,70
738534.46042035543359816074,54.9683570861816,-2.3623366355896,8.00906181335449,0.0800852179527283,0.00392162799835205,42.4933700561523,-71.5413360595703,1128.61560058594,1046.35607910156,-1.66811168193817,4.92185497283936,108.61799621582,55.5989723205566,-2.78787040710449,0.755237936973572,-0.0261467900127172,-0.115567907691002,70
738534.46042226708959788084,54.9402465820312,-2.35727620124817,8.13859462738037,0.0800852179527283,0.00392162799835205,42.4933586120605,-71.5412292480469,1128.16967773438,1045.90368652344,-1.66272604465485,5.02794504165649,108.614669799805,55.5897827148438,-2.78037595748901,0.772470057010651,-0.0256063472479582,-0.115653298795223,70
738534.46042421727906912565,54.9100532531738,-2.35317873954773,8.2763147354126,0.0800852179527283,0.00392162799835205,42.4933471679688,-71.5411148071289,1127.70544433594,1045.43200683594,-1.65744459629059,5.12101936340332,108.610900878906,55.5801086425781,-2.77292132377625,0.796719193458557,-0.0250329487025738,-0.115783929824829,70
738534.46042617212515324354,54.879566192627,-2.34961652755737,8.41386127471924,0.0800852179527283,0.00392162799835205,42.493335723877,-71.5410003662109,1127.24926757812,1044.9677734375,-1.6532461643219,5.1587233543396,108.606925964355,55.570499420166,-2.76603174209595,0.816575407981873,-0.024461418390274,-0.115955673158169,70
738534.46042819903232157230,54.8471412658691,-2.34593796730042,8.55843353271484,0.0800852179527283,0.00392162799835205,42.4933204650879,-71.540885925293,1126.77429199219,1044.48352050781,-1.64914095401764,5.18020391464233,108.602546691895,55.5604095458984,-2.75933885574341,0.828579962253571,-0.0238580778241158,-0.116179764270782,70
738534.46043003280647099018,54.8162994384766,-2.34430050849915,8.69458484649658,0.0800852179527283,0.00392162799835205,42.4933090209961,-71.5407791137695,1126.32653808594,1044.02624511719,-1.64588928222656,5.14729118347168,108.598220825195,55.5510406494141,-2.75349545478821,0.849156737327576,-0.0232826098799706,-0.116435319185257,70
738534.46043182397261261940,54.7876319885254,-2.34526300430298,8.82033443450928,0.0800852179527283,0.00392162799835205,42.4932975769043,-71.5406723022461,1125.90319824219,1043.59326171875,-1.64534604549408,4.91056537628174,108.594009399414,55.5426254272461,-2.74851608276367,0.875910401344299,-0.0227353256195784,-0.116718553006649,70
738534.46043378475587815046,54.7573852539062,-2.3430643081665,8.95097255706787,0.0800852179527283,0.00392162799835205,42.4932861328125,-71.5405578613281,1125.44470214844,1043.12341308594,-1.64469373226166,4.58145570755005,108.589378356934,55.5336036682129,-2.74382066726685,0.846150040626526,-0.0221407916396856,-0.117069102823734,70
738534.46043587103486061096,54.7266006469727,-2.33917784690857,9.08145713806152,0.0800852179527283,0.00392162799835205,42.4932708740234,-71.5404434204102,1124.95471191406,1042.62060546875,-1.64274656772614,4.23478841781616,108.584419250488,55.5242767333984,-2.73942232131958,0.791313469409943,-0.0215016845613718,-0.117494367063046,70
738534.46043770364485681057,54.7005844116211,-2.33319664001465,9.18918228149414,0.0800852179527283,0.00392162799835205,42.4932594299316,-71.5403366088867,1124.52673339844,1042.1806640625,-1.63978683948517,4.05257749557495,108.580047607422,55.5161170959473,-2.73582053184509,0.715926766395569,-0.0209379531443119,-0.117906749248505,70
738534.46043959748931229115,54.6744117736816,-2.32778191566467,9.29549121856689,0.0800852179527283,0.00392162799835205,42.4932441711426,-71.5402297973633,1124.08532714844,1041.71435546875,-1.63536953926086,3.95279026031494,108.575485229492,55.5078010559082,-2.73202466964722,0.668837606906891,-0.0203491784632206,-0.118377365171909,70
738534.46044144441839307547,54.6497573852539,-2.32764601707458,9.39458179473877,0.0800852179527283,0.00392162799835205,42.4932327270508,-71.5401229858398,1123.6513671875,1041.10974121094,-1.63203799724579,3.71304655075073,108.570915222168,55.5001983642578,-2.72815537452698,0.677288889884949,-0.0197621136903763,-0.118882670998573,70
738534.46044337295461446047,54.6274375915527,-2.33526206016541,9.48293018341064,0.0800852179527283,0.00392162799835205,42.4932174682617,-71.5400085449219,1123.2060546875,1040.48999023438,-1.63544762134552,2.87123513221741,108.566192626953,55.4935722351074,-2.72449612617493,0.720522463321686,-0.0191583707928658,-0.119446851313114,70
738534.46044527727644890547,54.6097373962402,-2.33579778671265,9.55101108551025,0.0800852179527283,0.00392162799835205,42.4932060241699,-71.5399017333984,1122.75305175781,1039.86010742188,-1.63872444629669,1.69721722602844,108.561424255371,55.487850189209,-2.72168874740601,0.61080139875412,-0.0185489561408758,-0.120059631764889,70
738534.46044727484695613384,54.5986099243164,-2.33413982391357,9.58896350860596,0.0800852179527283,0.00392162799835205,42.4931907653809,-71.5397872924805,1122.29711914062,1039.22619628906,-1.63667035102844,0.511929392814636,108.556816101074,55.4833755493164,-2.7196147441864,0.445201754570007,-0.0179373510181904,-0.120720401406288,70
738534.46044919197447597980,54.5943222045898,-2.33170175552368,9.59534454345703,0.0800852179527283,0.00392162799835205,42.4931755065918,-71.5396728515625,1121.83911132812,1038.58947753906,-1.63182830810547,-0.676468968391418,108.552398681641,55.480152130127,-2.71794104576111,0.248933747410774,-0.0173224806785583,-0.121428199112415,70
738534.46045139839407056570,54.5975341796875,-2.32900261878967,9.56654644012451,0.0800852179527283,0.00392162799835205,42.4931602478027,-71.5395584106445,1121.34838867188,1037.90673828125,-1.62412095069885,-1.94254434108734,108.547889709473,55.4782295227051,-2.71628975868225,0.0223330669105053,-0.0166602954268456,-0.122238054871559,70
738534.46045360539574176073,54.6093597412109,-2.32252788543701,9.49524402618408,0.0800852179527283,0.00392162799835205,42.4931449890137,-71.5394287109375,1120.81970214844,1037.17114257812,-1.61436605453491,-3.23111271858215,108.543273925781,55.4773445129395,-2.71445941925049,-0.262718021869659,-0.0159412734210491,-0.123152986168861,70
738534.46045565861277282238,54.6254768371582,-2.31563282012939,9.40324401855469,0.0800852179527283,0.00392162799835205,42.4931297302246,-71.539306640625,1120.33837890625,1036.50024414062,-1.6070020198822,-3.58602380752563,108.539237976074,55.4772529602051,-2.71243405342102,-0.581210732460022,-0.0152769582346082,-0.124006502330303,70
738534.46045773953665047884,54.6436653137207,-2.30557298660278,9.29576206207275,0.0800852179527283,0.00392162799835205,42.4931144714355,-71.5391845703125,1119.84692382812,1035.81420898438,-1.60180258750916,-3.6694028377533,108.535148620605,55.476634979248,-2.7095947265625,-0.713412761688232,-0.0145845636725426,-0.12490426003933,70
738534.46045986656099557877,54.6614456176758,-2.29573941230774,9.18786430358887,0.0800852179527283,0.00392162799835205,42.4931030273438,-71.5390625,1119.36901855469,1035.14599609375,-1.59728050231934,-3.60933804512024,108.531066894531,55.4757690429688,-2.70581030845642,-0.789069533348083,-0.0138929300010204,-0.12579333782196,70
738534.46046224574092775583,54.6808738708496,-2.28515100479126,9.06471157073975,0.0800852179527283,0.00392162799835205,42.4930877685547,-71.538932800293,1118.82690429688,1034.38635253906,-1.59226369857788,-3.50741624832153,108.526092529297,55.4742202758789,-2.70021653175354,-0.797247409820557,-0.0130844041705132,-0.126814037561417,70
738534.46046418661717325449,54.6965141296387,-2.27659511566162,8.96207046508789,0.0800852179527283,0.00392162799835205,42.4930725097656,-71.538818359375,1118.37182617188,1033.74780273438,-1.58774781227112,-3.42291045188904,108.521514892578,55.4726066589355,-2.69460105895996,-0.769424557685852,-0.0123861087486148,-0.127667635679245,70
738534.46046636870596557856,54.713005065918,-2.26750230789185,8.85052299499512,0.0800852179527283,0.00392162799835205,42.4930572509766,-71.538688659668,1117.87158203125,1033.04455566406,-1.58226573467255,-3.33084082603455,108.516021728516,55.470588684082,-2.68766975402832,-0.719650089740753,-0.011596960015595,-0.128595441579819,70
738534.46046848583500832319,54.7281150817871,-2.25898289680481,8.74480724334717,0.0800852179527283,0.00392162799835205,42.4930458068848,-71.5385665893555,1117.38806152344,1032.36389160156,-1.57653725147247,-3.24217677116394,108.510139465332,55.4683799743652,-2.68039107322693,-0.67761492729187,-0.0108137503266335,-0.129474863409996,70
738534.46047053905203938484,54.7419815063477,-2.25089573860168,8.64428424835205,0.0800852179527283,0.00392162799835205,42.4930305480957,-71.5384521484375,1116.91735839844,1031.70007324219,-1.57076394557953,-3.15530610084534,108.503936767578,55.4659805297852,-2.67292070388794,-0.654229462146759,-0.0100326677784324,-0.130314663052559,70
738534.46047262765932828188,54.7555465698242,-2.24239420890808,8.54210567474365,0.0800852179527283,0.00392162799835205,42.4930152893066,-71.5383224487305,1116.42797851562,1031.0087890625,-1.5644553899765,-3.03599715232849,108.496925354004,55.463191986084,-2.66486859321594,-0.630947530269623,-0.00920034945011139,-0.131169930100441,70
738534.46047493244986981153,54.7685279846191,-2.23383188247681,8.43988800048828,0.0800852179527283,0.00392162799835205,42.4930038452148,-71.5381927490234,1115.92346191406,1030.29516601562,-1.55774796009064,-2.90215182304382,108.489143371582,55.4600143432617,-2.65636658668518,-0.596975266933441,-0.00832212530076504,-0.132029727101326,70
738534.46047694829758256674,54.779426574707,-2.22617697715759,8.34978675842285,0.0800852179527283,0.00392162799835205,42.4929885864258,-71.5380783081055,1115.46313476562,1029.56945800781,-1.55150389671326,-2.7801296710968,108.481643676758,55.4568328857422,-2.64853572845459,-0.564335703849792,-0.00750227179378271,-0.132788345217705,70
738534.46047891234047710896,54.7890853881836,-2.21894216537476,8.26588821411133,0.0800852179527283,0.00392162799835205,42.492977142334,-71.5379638671875,1115.01916503906,1027.40258789062,-1.54539978504181,-2.66252732276917,108.473983764648,55.4535179138184,-2.64095115661621,-0.533167600631714,-0.00669573293998837,-0.133495464920998,70
738534.46048076660372316837,54.7975273132324,-2.21215391159058,8.18858814239502,0.0800852179527283,0.00392162799835205,42.4929656982422,-71.5378570556641,1114.59521484375,1025.32849121094,-1.53952419757843,-2.55017566680908,108.466293334961,55.4501190185547,-2.63371062278748,-0.506074607372284,-0.00591049017384648,-0.134143650531769,70
738534.46048261853866279125,54.8049430847168,-2.20574998855591,8.1168270111084,0.0800852179527283,0.00392162799835205,42.4929542541504,-71.5377502441406,1114.18725585938,1023.32818603516,-1.53386163711548,-2.44201612472534,108.458610534668,55.4466400146484,-2.62677264213562,-0.481417536735535,-0.00514153996482491,-0.134747326374054,70
738534.46048452088143676519,54.8123550415039,-2.2029721736908,8.04413032531738,0.0800852179527283,-0.00702290516346693,42.4929428100586,-71.5376434326172,1113.76599121094,1021.26019287109,-1.52871215343475,-2.43062019348145,108.450370788574,55.4432640075684,-2.61969590187073,-0.4262815117836,-0.00433479668572545,-0.135352730751038,70
738534.46048647130373865366,54.8202972412109,-2.20076107978821,7.96716022491455,0.0800852179527283,-0.0109469052404165,42.4929313659668,-71.5375289916992,1113.32861328125,1019.1123046875,-1.52611005306244,-2.66808366775513,108.441543579102,55.4399108886719,-2.61275434494019,-0.395237505435944,-0.00348783517256379,-0.135953441262245,70
738534.46048843965400010347,54.8290748596191,-2.19725131988525,7.88543176651001,0.0800852179527283,-0.0109469052404165,42.492919921875,-71.5374145507812,1112.89672851562,1016.98895263672,-1.52234590053558,-2.93787050247192,108.432716369629,55.436767578125,-2.60646724700928,-0.412578135728836,-0.00264360848814249,-0.136512205004692,70
738534.46049037214834243059,54.8391380310059,-2.19419479370117,7.79560518264771,0.0800852179527283,-0.0109469052404165,42.4929084777832,-71.5373001098633,1112.46008300781,1015.50860595703,-1.51880025863647,-3.21049761772156,108.423645019531,55.4338989257812,-2.6006326675415,-0.446820646524429,-0.00178229005541652,-0.137050643563271,70
738534.46049229020718485117,54.8501472473145,-2.19180750846863,7.70047378540039,0.0800852179527283,-0.0109469052404165,42.4928970336914,-71.5371932983398,1112.03234863281,1014.10607910156,-1.51581072807312,-3.47725415229797,108.414680480957,55.431396484375,-2.59540772438049,-0.490440756082535,-0.000931264541577548,-0.137547016143799,70
738534.46049414051230996847,54.8618621826172,-2.1900851726532,7.60170364379883,0.0800852179527283,-0.0109469052404165,42.4928894042969,-71.5370864868164,1111.61889648438,1012.74841308594,-1.51343333721161,-3.73485279083252,108.405952453613,55.4292907714844,-2.59081768989563,-0.538740932941437,-0.000102758058346808,-0.137997940182686,70
738534.46049605635926127434,54.874942779541,-2.1889545917511,7.49352407455444,0.0800852179527283,-0.0109469052404165,42.4928779602051,-71.5369720458984,1111.19555664062,1011.35614013672,-1.51162075996399,-3.99838089942932,108.396980285645,55.4274635314941,-2.58659315109253,-0.589550971984863,0.000750178587622941,-0.138441920280457,70
738534.46049802924972027540,54.8893051147461,-2.18849682807922,7.37659072875977,0.0800852179527283,-0.0109469052404165,42.4928665161133,-71.536865234375,1110.7666015625,1009.943359375,-1.5104866027832,-4.26517152786255,108.387847900391,55.4259834289551,-2.5828230381012,-0.641091465950012,0.00161810917779803,-0.138858288526535,70
738534.46049993566703051329,54.9048805236816,-2.18877387046814,7.25131034851074,0.0800852179527283,-0.0109469052404165,42.4928550720215,-71.536750793457,1110.33422851562,1008.51818847656,-1.51010143756866,-4.53371238708496,108.37865447998,55.4248886108398,-2.57957291603088,-0.692515850067139,0.00249553169123828,-0.139250501990318,70
738534.46050202276092022657,54.922306060791,-2.1898934841156,7.11244106292725,0.0800852179527283,-0.0109469052404165,42.4928436279297,-71.5366287231445,1109.88244628906,1007.02642822266,-1.51055800914764,-4.81396913528442,108.369010925293,55.424201965332,-2.57679653167725,-0.745117425918579,0.00341351982206106,-0.139629125595093,70
738534.46050411311443895102,54.9411811828613,-2.1919310092926,6.962975025177,0.0800852179527283,-0.0109469052404165,42.4928359985352,-71.5365142822266,1109.42333984375,1005.50885009766,-1.51194429397583,-5.09837818145752,108.35929107666,55.4240074157715,-2.57466435432434,-0.796919763088226,0.00434590596705675,-0.139970570802689,70
738534.46050616353750228882,54.9609413146973,-2.1948823928833,6.80708980560303,0.0800852179527283,-0.0109469052404165,42.4928245544434,-71.5363922119141,1108.96948242188,1004.00769042969,-1.51424837112427,-5.3789496421814,108.349784851074,55.4243545532227,-2.57327723503113,-0.846833109855652,0.00526482472196221,-0.140266835689545,70
738534.46050825971178710461,54.9825286865234,-2.19894409179688,6.63685607910156,0.0800852179527283,-0.0109469052404165,42.4928131103516,-71.5362701416016,1108.49853515625,1002.53198242188,-1.51756834983826,-5.66878271102905,108.340087890625,55.4252815246582,-2.57263684272766,-0.897622764110565,0.00621373532339931,-0.140526950359344,70
738534.46051021153107285500,55.0040550231934,-2.20349073410034,6.46678924560547,0.0800852179527283,-0.0109469052404165,42.492805480957,-71.5361557006836,1108.04968261719,1001.22344970703,-1.52150011062622,-5.93446779251099,108.331031799316,55.4267158508301,-2.57281231880188,-0.946969926357269,0.00711179198697209,-0.14073371887207,70
738534.46051205403637140989,55.0240173339844,-2.20757746696472,6.30807209014893,0.0800852179527283,-0.0109469052404165,42.4927940368652,-71.5360488891602,1107.64672851562,1000.0478515625,-1.52543413639069,-6.13966226577759,108.323059082031,55.4284019470215,-2.57362031936646,-0.9951211810112,0.00791125558316708,-0.14087887108326,70
738534.46051401575095951557,55.0463523864746,-2.21267414093018,6.12893915176392,0.0800852179527283,-0.0109469052404165,42.4927864074707,-71.5359344482422,1107.2060546875,998.761413574219,-1.53004002571106,-6.31004095077515,108.314529418945,55.4306831359863,-2.57516837120056,-1.03863680362701,0.00877799838781357,-0.140986204147339,70
738534.46051591658033430576,55.0682525634766,-2.21806979179382,5.95124340057373,0.0800852179527283,-0.0109469052404165,42.4927787780762,-71.5358276367188,1106.77941894531,997.515686035156,-1.53541576862335,-6.45358371734619,108.306488037109,55.4332885742188,-2.57728624343872,-1.07333528995514,0.00960791017860174,-0.141046330332756,70
738534.46051776176318526268,55.089714050293,-2.22320175170898,5.77456521987915,0.0800852179527283,-0.0109469052404165,42.4927711486816,-71.5357208251953,1106.36242675781,996.296936035156,-1.54084658622742,-6.53414344787598,108.298805236816,55.4361343383789,-2.57990908622742,-1.11454641819,0.0104102408513427,-0.141059830784798,70
738534.46051952359266579151,55.1104164123535,-2.23169183731079,5.60343503952026,0.0800852179527283,-0.0109469052404165,42.4927635192871,-71.5356140136719,1105.95629882812,995.109924316406,-1.54745042324066,-6.39891386032104,108.291564941406,55.4394874572754,-2.58297085762024,-1.1708105802536,0.0111817428842187,-0.141027987003326,70
738534.46052159601822495461,55.132495880127,-2.23864150047302,5.41606426239014,0.0800852179527283,-0.0109469052404165,42.4927558898926,-71.5354995727539,1105.5009765625,993.779541015625,-1.55661118030548,-6.04364252090454,108.28377532959,55.4430999755859,-2.58713006973267,-1.16738390922546,0.0120322033762932,-0.140936553478241,70
738534.46052359149325639009,55.1532592773438,-2.24372053146362,5.23353099822998,0.0800852179527283,-0.0109469052404165,42.492748260498,-71.5353775024414,1105.03405761719,992.414672851562,-1.56382930278778,-5.66460275650024,108.276153564453,55.4464263916016,-2.592041015625,-1.1213573217392,0.0128901274874806,-0.140778407454491,70
738534.46052543271798640490,55.1701622009277,-2.24740242958069,5.08047294616699,0.0800852179527283,-0.0109469052404165,42.4927406311035,-71.535270690918,1104.61975097656,991.203063964844,-1.56933212280273,-5.32945489883423,108.269691467285,55.4491577148438,-2.59669137001038,-1.0653190612793,0.0136410361155868,-0.140584588050842,70
738534.46052740595769137144,55.186882019043,-2.25060081481934,4.92450094223022,0.0800852179527283,-0.0109469052404165,42.492733001709,-71.53515625,1104.17163085938,989.890991210938,-1.57411646842957,-4.96819972991943,108.262969970703,55.4518508911133,-2.60177850723267,-0.996004819869995,0.0144444173201919,-0.140314117074013,70
738534.46052918373607099056,55.200756072998,-2.25288152694702,4.79115343093872,0.0800852179527283,-0.0109469052404165,42.4927253723145,-71.5350494384766,1103.76403808594,988.697265625,-1.57740473747253,-4.64080572128296,108.257125854492,55.4540710449219,-2.60630917549133,-0.921603262424469,0.0151684805750847,-0.140011683106422,70
738534.46053186245262622833,55.2187995910645,-2.25523924827576,4.61093187332153,0.0800852179527283,-0.0109469052404165,42.4927177429199,-71.5348968505859,1103.16809082031,986.94970703125,-1.58037292957306,-4.16346311569214,108.248863220215,55.4568557739258,-2.61256742477417,-0.809696555137634,0.0162183716893196,-0.139469921588898,70
738534.46053396363276988268,55.2321624755859,-2.25635409355164,4.47101545333862,0.0800852179527283,-0.0109469052404165,42.4927101135254,-71.5347671508789,1102.65698242188,985.449157714844,-1.58143365383148,-3.75494933128357,108.242218017578,55.4587478637695,-2.61732316017151,-0.722350418567657,0.0171125028282404,-0.138935521245003,70
738534.46053574245888739824,55.241512298584,-2.2567253112793,4.36861419677734,0.0800852179527283,-0.0109469052404165,42.4927062988281,-71.53466796875,1102.24780273438,984.417358398438,-1.58150732517242,-3.42830967903137,108.237159729004,55.4599151611328,-2.62067604064941,-0.655823349952698,0.0178259927779436,-0.13845269382,70
738534.46053778321947902441,55.2507095336914,-2.2566385269165,4.2628026008606,0.0800852179527283,-0.0109469052404165,42.4926986694336,-71.5345458984375,1101.78356933594,983.489135742188,-1.58086037635803,-3.05809545516968,108.231590270996,55.4608383178711,-2.62395453453064,-0.584473133087158,0.0186340045183897,-0.137850984930992,70
738534.46053973585367202759,55.2580413818359,-2.25611543655396,4.17320871353149,0.0800852179527283,-0.0109469052404165,42.4926910400391,-71.5344314575195,1101.3466796875,982.613525390625,-1.57966029644012,-2.70985245704651,108.226493835449,55.461311340332,-2.62651777267456,-0.520878791809082,0.0193938687443733,-0.137231290340424,70
738534.46054153749719262123,55.2638206481934,-2.25539994239807,4.09748697280884,0.0800852179527283,-0.0109469052404165,42.4926872253418,-71.5343322753906,1100.93347167969,981.7841796875,-1.57809245586395,-2.37783598899841,108.221824645996,55.4613914489746,-2.62846493721008,-0.463741272687912,0.0201128888875246,-0.13659930229187,70
738534.46054354659281671047,55.2690048217773,-2.2541835308075,4.02266788482666,0.0800852179527283,-0.0109469052404165,42.4926834106445,-71.5342102050781,1100.46813964844,980.848510742188,-1.57587599754333,-2.00037741661072,108.216720581055,55.4610328674316,-2.63012433052063,-0.399301320314407,0.0209244545549154,-0.135834664106369,70
738534.46054539317265152931,55.2724876403809,-2.25283551216125,3.96486353874207,0.0800852179527283,-0.0109469052404165,42.49267578125,-71.5341033935547,1100.04907226562,980.004638671875,-1.57356810569763,-1.66063261032104,108.212272644043,55.4602851867676,-2.63115668296814,-0.342285662889481,0.0216569490730762,-0.135099798440933,70
738534.46054746338631957769,55.2750587463379,-2.25114512443542,3.91149806976318,0.0800852179527283,-0.0109469052404165,42.4926719665527,-71.5339813232422,1099.58557128906,979.069763183594,-1.57076752185822,-1.28478014469147,108.207496643066,55.4589881896973,-2.63181591033936,-0.279842287302017,0.0224702302366495,-0.134243831038475,70
738534.46054957376327365637,55.276309967041,-2.24925994873047,3.86809706687927,0.0800852179527283,-0.0109469052404165,42.4926643371582,-71.5338592529297,1099.10754394531,978.104675292969,-1.56769037246704,-0.897262930870056,108.202629089355,55.4571151733398,-2.63200616836548,-0.215983465313911,0.0233125872910023,-0.133313223719597,70
738534.46055138099472969770,55.2762641906738,-2.24756145477295,3.83996558189392,0.0800852179527283,-0.0109469052404165,42.4926605224609,-71.5337524414062,1098.69189453125,977.264404296875,-1.56490814685822,-0.560258865356445,108.19847869873,55.4550476074219,-2.63181018829346,-0.160861194133759,0.024048438295722,-0.132463291287422,70
738534.46055346843786537647,55.2749633789062,-2.24551963806152,3.8190975189209,0.0800852179527283,-0.0109469052404165,42.4926528930664,-71.5336380004883,1098.22790527344,976.325866699219,-1.56178092956543,-0.185948714613914,108.19393157959,55.4522247314453,-2.63124561309814,-0.0979879349470139,0.02487388625741,-0.13148058950901,70
738534.46055537194479256868,55.2725296020508,-2.24212574958801,3.80873870849609,0.0800852179527283,-0.0109469052404165,42.4926490783691,-71.5335235595703,1097.79370117188,975.446594238281,-1.55837225914001,0.101033613085747,108.189682006836,55.4489517211914,-2.63039875030518,-0.0275993496179581,0.0256512276828289,-0.130528062582016,70
738534.46055745973717421293,55.269229888916,-2.24392223358154,3.80393719673157,0.0800852179527283,-0.0109469052404165,42.4926452636719,-71.5334014892578,1097.30944824219,974.465515136719,-1.55516946315765,0.2299824655056,108.184951782227,55.4454040527344,-2.62906122207642,0.089945025742054,0.0265238750725985,-0.129439055919647,70
738534.46055932261515408754,55.2663650512695,-2.24334454536438,3.80155467987061,0.0800852179527283,-0.0109469052404165,42.4926376342773,-71.5332946777344,1096.89685058594,974.1513671875,-1.56021225452423,-0.0205451436340809,108.18098449707,55.4423637390137,-2.62790513038635,0.119937807321548,0.0272689033299685,-0.12848886847496,70
738534.46056113054510205984,55.264232635498,-2.24294590950012,3.79410934448242,0.0800852179527283,-0.0109469052404165,42.4926338195801,-71.5331878662109,1096.48522949219,973.861511230469,-1.56198275089264,-0.276329547166824,108.177085876465,55.4397125244141,-2.62686324119568,0.104650944471359,0.0280128680169582,-0.12751866877079,70
738534.46056291705463081598,55.262866973877,-2.24284601211548,3.78093647956848,0.0800852179527283,-0.0109469052404165,42.4926300048828,-71.5330810546875,1096.07727050781,973.574157714844,-1.56335401535034,-0.529069066047668,108.17325592041,55.437442779541,-2.62593364715576,0.0696577504277229,0.0287515260279179,-0.126543864607811,70
738534.46056470577605068684,55.2621421813965,-2.24232578277588,3.76220059394836,0.0800852179527283,-0.0109469052404165,42.4926261901855,-71.5329818725586,1095.67114257812,973.287963867188,-1.56329441070557,-0.763894438743591,108.169616699219,55.4354248046875,-2.62511491775513,0.0158465038985014,0.0294873509556055,-0.125559478998184,70
738534.46056654141284525394,55.2618713378906,-2.24298548698425,3.7392463684082,0.0800852179527283,-0.0109469052404165,42.492618560791,-71.5328750610352,1095.25354003906,972.993591308594,-1.55974197387695,-0.849813103675842,108.166007995605,55.4336318969727,-2.62434315681458,-0.078558474779129,0.0302451178431511,-0.124537900090218,70
738534.46056861686520278454,55.2616081237793,-2.24191093444824,3.71330761909485,0.0800852179527283,-0.0109469052404165,42.4926147460938,-71.5327529907227,1094.78979492188,972.666259765625,-1.55423581600189,-0.620853900909424,108.162086486816,55.4315795898438,-2.62364101409912,-0.136384725570679,0.0310869906097651,-0.12339024990797,70
738534.46057073620613664389,55.2603759765625,-2.23800301551819,3.69239044189453,0.0800852179527283,-0.0109469052404165,42.4926071166992,-71.5326309204102,1094.31506347656,972.331298828125,-1.5471830368042,-0.359130620956421,108.158210754395,55.4287986755371,-2.62294626235962,-0.135561496019363,0.0319511741399765,-0.122189298272133,70
738534.46057280490640550852,55.258228302002,-2.23364472389221,3.67879128456116,0.0800852179527283,-0.0109469052404165,42.492603302002,-71.5325088500977,1093.84375,971.998657226562,-1.54078984260559,-0.0993870496749878,108.154342651367,55.4255752563477,-2.6219642162323,-0.113207086920738,0.0328155905008316,-0.120985060930252,70
738534.46057465916965156794,55.255500793457,-2.22912049293518,3.67247080802917,0.0800852179527283,-0.0109469052404165,42.4925994873047,-71.5324020385742,1093.42639160156,971.704284667969,-1.53535723686218,0.101088352501392,108.15087890625,55.4222564697266,-2.62069606781006,-0.0758892074227333,0.033588033169508,-0.119901023805141,70
738534.46057649748399853706,55.2521095275879,-2.22433757781982,3.67116761207581,0.0800852179527283,-0.0109469052404165,42.4925918579102,-71.5322952270508,1093.01257324219,971.412475585938,-1.53012454509735,0.2746761739254,108.147315979004,55.4185981750488,-2.61898994445801,-0.0388629622757435,0.0343618951737881,-0.118819370865822,70
738534.46057839784771203995,55.2480506896973,-2.21948933601379,3.67393565177917,0.0800852179527283,-0.0109469052404165,42.4925880432129,-71.5321884155273,1092.58752441406,971.113098144531,-1.52558600902557,0.397702574729919,108.143531799316,55.4145393371582,-2.61674427986145,0.00476078828796744,0.0351661927998066,-0.117696180939674,70
738534.46058035735040903091,55.2433395385742,-2.21467447280884,3.68055891990662,0.0800852179527283,-0.0109469052404165,42.4925842285156,-71.5320739746094,1092.14587402344,970.802307128906,-1.52107858657837,0.503060400485992,108.139442443848,55.4100914001465,-2.61390376091003,0.0337391048669815,0.0360121801495552,-0.116514138877392,70
738534.46058231918141245842,55.2383422851562,-2.21021223068237,3.69002962112427,0.0800852179527283,-0.0109469052404165,42.4925804138184,-71.5319595336914,1091.71704101562,970.500671386719,-1.51682019233704,0.610111176967621,108.135299682617,55.4055557250977,-2.6107234954834,0.0577391684055328,0.0368440411984921,-0.115355655550957,70
738534.46058426797389984131,55.2327346801758,-2.20583009719849,3.70301556587219,0.0800852179527283,-0.0109469052404165,42.4925727844238,-71.5318450927734,1091.27416992188,970.189636230469,-1.51252031326294,0.721336126327515,108.130828857422,55.4006614685059,-2.60709452629089,0.0799694359302521,0.0377128757536411,-0.114148363471031,70
738534.46058625529985874891,55.2266273498535,-2.20166230201721,3.71940732002258,0.0800852179527283,-0.0109469052404165,42.4925689697266,-71.5317306518555,1090.82861328125,969.831176757812,-1.5083464384079,0.834542989730835,108.126129150391,55.3955039978027,-2.60318613052368,0.100244536995888,0.0385976210236549,-0.112930446863174,70
738534.46058822225313633680,55.2202301025391,-2.19810271263123,3.73873853683472,0.0800852179527283,-0.0109469052404165,42.4925651550293,-71.5316162109375,1090.39416503906,969.458251953125,-1.50441861152649,0.952564895153046,108.121360778809,55.3902854919434,-2.5992226600647,0.116850309073925,0.0394696854054928,-0.111733913421631,70
738534.46059027570299804211,55.2130088806152,-2.1946017742157,3.76284623146057,0.0800852179527283,-0.0109469052404165,42.4925575256348,-71.531494140625,1089.93737792969,969.400085449219,-1.50059986114502,1.09524154663086,108.116172790527,55.384578704834,-2.59499049186707,0.135673522949219,0.0403959341347218,-0.110470592975616,70
738534.46059226966463029385,55.2053604125977,-2.19141745567322,3.79077935218811,0.0800852179527283,-0.0109469052404165,42.4925537109375,-71.531379699707,1089.48803710938,969.284973144531,-1.49703359603882,1.24449253082275,108.110969543457,55.378734588623,-2.59085202217102,0.156466379761696,0.0413158014416695,-0.109229132533073,70
738534.46059428190346807241,55.1972770690918,-2.18848490715027,3.82248187065125,0.0800852179527283,-0.0109469052404165,42.492546081543,-71.5312652587891,1089.04638671875,968.929931640625,-1.49375283718109,1.39357459545135,108.105728149414,55.3727416992188,-2.58686590194702,0.179208427667618,0.0422274135053158,-0.108004771173,70
738534.46059616585262119770,55.1892547607422,-2.18604016304016,3.85590863227844,0.0800852179527283,-0.0109469052404165,42.4925422668457,-71.5311508178711,1088.63500976562,968.59912109375,-1.49091577529907,1.53329491615295,108.100708007812,55.3669624328613,-2.58326482772827,0.201100572943687,0.0430833324790001,-0.106869459152222,70
738534.46059801685623824596,55.1806945800781,-2.18409752845764,3.89346313476562,0.0800852179527283,-0.0109469052404165,42.4925384521484,-71.5310440063477,1088.22106933594,968.266235351562,-1.4883269071579,1.68255019187927,108.095573425293,55.3609809875488,-2.5797746181488,0.221578121185303,0.0439507886767387,-0.105730891227722,70
738534.46059990185312926769,55.1714630126953,-2.18234515190125,3.93579483032227,0.0800852179527283,-0.0109469052404165,42.4925308227539,-71.5309371948242,1087.80053710938,967.928161621094,-1.48599457740784,1.84781682491302,108.090255737305,55.3547058105469,-2.57641124725342,0.245843783020973,0.0448367595672607,-0.104580663144588,70
738534.46060180035419762135,55.1616172790527,-2.1810245513916,3.98288464546204,0.0800852179527283,-0.0109469052404165,42.4925270080566,-71.5308227539062,1087.37890625,967.588989257812,-1.48378968238831,2.02216267585754,108.084846496582,55.3482093811035,-2.57325649261475,0.271022796630859,0.0457299537956715,-0.103430740535259,70
738534.46060365648008882999,55.1514930725098,-2.17993187904358,4.03308725357056,0.0800852179527283,-0.0109469052404165,42.4925193786621,-71.5307159423828,1086.97009277344,967.260192871094,-1.48189783096313,2.19559288024902,108.079536437988,55.3417129516602,-2.57043433189392,0.298415452241898,0.0465995296835899,-0.102326780557632,70
738534.46060574974399060011,55.1398658752441,-2.17907381057739,4.09257173538208,0.0800852179527283,-0.0109469052404165,42.4925155639648,-71.5306015014648,1086.52795410156,966.904418945312,-1.48016834259033,2.38348865509033,108.073760986328,55.3344573974609,-2.56765055656433,0.329356849193573,0.047543928027153,-0.101131752133369,70
738534.46060791425406932831,55.1264762878418,-2.17859506607056,4.16314220428467,0.0800852179527283,-0.0109469052404165,42.4925079345703,-71.5304718017578,1086.04870605469,966.518615722656,-1.47878336906433,2.58702826499939,108.067398071289,55.3263626098633,-2.56496500968933,0.363876760005951,0.048570990562439,-0.0998496487736702,70
738534.46060998842585831881,55.112720489502,-2.17860507965088,4.23758983612061,0.0800852179527283,-0.0109469052404165,42.492504119873,-71.5303497314453,1085.58435058594,966.144714355469,-1.47793054580688,2.78403043746948,108.061241149902,55.3183097839355,-2.56271886825562,0.397402495145798,0.0495682395994663,-0.0986254811286926,70
738534.46061209251638501883,55.0982551574707,-2.17911434173584,4.31753253936768,0.0800852179527283,-0.0109469052404165,42.4924964904785,-71.5302276611328,1085.12268066406,965.772705078125,-1.47756946086884,2.97975087165833,108.055076599121,55.3101005554199,-2.56084871292114,0.430617570877075,0.05056132376194,-0.0974207445979118,70
738534.46061406738590449095,55.083553314209,-2.18055081367493,4.40027856826782,0.0800852179527283,-0.0109469052404165,42.492488861084,-71.5301132202148,1084.67456054688,965.411499023438,-1.47770941257477,3.1530430316925,108.04914855957,55.3020362854004,-2.55940175056458,0.473691463470459,0.051525205373764,-0.0962702631950378,70
738534.46061603678390383720,55.0693969726562,-2.18619465827942,4.4815821647644,0.0800852179527283,-0.0109469052404165,42.4924850463867,-71.5299987792969,1084.24389648438,965.06396484375,-1.48124074935913,3.10526180267334,108.043479919434,55.2946891784668,-2.55843257904053,0.550846993923187,0.052449818700552,-0.0951895490288734,70
738534.46061799500603228807,55.0554237365723,-2.18985223770142,4.56211090087891,0.0800852179527283,-0.0109469052404165,42.4924774169922,-71.5298843383789,1083.80847167969,964.671325683594,-1.49255979061127,2.8296959400177,108.037910461426,55.2875022888184,-2.55814433097839,0.552574276924133,0.0533783733844757,-0.0941115319728851,70
738534.46061989059671759605,55.042724609375,-2.1939971446991,4.63457536697388,0.0800852179527283,-0.0109469052404165,42.4924697875977,-71.5297775268555,1083.38012695312,964.241271972656,-1.50097382068634,2.55874848365784,108.032646179199,55.2810478210449,-2.55856204032898,0.525377988815308,0.0542844086885452,-0.0930700600147247,70
738534.46062187466304749250,55.0311317443848,-2.1982901096344,4.6997013092041,0.0800852179527283,-0.0109469052404165,42.4924659729004,-71.5296630859375,1082.9541015625,963.813293457031,-1.50829148292542,2.29216074943542,108.027679443359,55.2751770019531,-2.5596182346344,0.483759164810181,0.0551779977977276,-0.0920534357428551,70
738534.46062400774098932743,55.0193519592285,-2.20229387283325,4.76463413238525,0.0800852179527283,-0.00265023834072053,42.4924583435059,-71.529541015625,1082.482421875,963.339233398438,-1.51517105102539,2.05017304420471,108.022506713867,55.2691688537598,-2.56145548820496,0.406827628612518,0.0561583675444126,-0.0909497812390327,70
738534.46062612545210868120,55.0083541870117,-2.20591616630554,4.82380342483521,0.0800852179527283,-0.00265023834072053,42.4924507141113,-71.5294189453125,1082.01184082031,962.866027832031,-1.52009916305542,1.99130845069885,108.017715454102,55.2634963989258,-2.56381368637085,0.350401341915131,0.0571274049580097,-0.0898869261145592,70
738534.46062817447818815708,54.9979248046875,-2.20934438705444,4.87945318222046,0.0800852179527283,-0.00265023834072053,42.4924430847168,-71.529296875,1081.54992675781,962.4013671875,-1.52465951442719,1.93355882167816,108.013366699219,55.2581405639648,-2.56645965576172,0.318702638149261,0.0580711252987385,-0.0888739451766014,70
738534.46063027565833181143,54.9875297546387,-2.21307468414307,4.93481111526489,0.0800852179527283,-0.00265023834072053,42.4924354553223,-71.5291748046875,1081.07299804688,960.980529785156,-1.5293847322464,1.87290942668915,108.009216308594,55.252857208252,-2.56942105293274,0.294928729534149,0.0590379647910595,-0.0878476575016975,70
738534.46063218987546861172,54.9784393310547,-2.21661305427551,4.98319482803345,0.0800852179527283,-0.00265023834072053,42.4924278259277,-71.5290603637695,1080.64038085938,959.395874023438,-1.53354001045227,1.81770634651184,108.005744934082,55.2482986450195,-2.57224416732788,0.278704166412354,0.0599080547690392,-0.0869481265544891,70
738534.46063412283547222614,54.9698638916016,-2.22014427185059,5.02885627746582,0.0800852179527283,-0.00265023834072053,42.4924201965332,-71.5289535522461,1080.21740722656,957.848388671875,-1.5374208688736,1.76377952098846,108.002571105957,55.2440414428711,-2.57511329650879,0.266144186258316,0.0607524253427982,-0.0860949903726578,70
738534.46063610981218516827,54.9611206054688,-2.22393727302551,5.07546901702881,0.0800852179527283,-0.00265023834072053,42.4924125671387,-71.5288391113281,1079.76953125,956.211120605469,-1.54140877723694,1.70674753189087,107.999481201172,55.2397613525391,-2.57826113700867,0.255077213048935,0.061639379709959,-0.0852100476622581,70
738534.46063801075797528028,54.9531173706055,-2.22757005691528,5.11820650100708,0.0800852179527283,-0.00265023834072053,42.4924087524414,-71.5287246704102,1079.34313964844,954.653869628906,-1.54510939121246,1.65252816677094,107.996772766113,55.2358894348145,-2.58134126663208,0.245851770043373,0.0624767728149891,-0.0843818858265877,70
738534.46064003417268395424,54.94482421875,-2.23149275779724,5.16255187988281,0.0800852179527283,-0.00265023834072053,42.4924011230469,-71.5286102294922,1078.88330078125,952.97607421875,-1.54903304576874,1.59413075447083,107.994117736816,55.2319183349609,-2.58475351333618,0.23665763437748,0.0633726790547371,-0.0835108682513237,70
738534.46064211649354547262,54.93701171875,-2.23534464836121,5.20445775985718,0.0800852179527283,-0.00265023834072053,42.4923934936523,-71.5284957885742,1078.43029785156,951.325073242188,-1.55283200740814,1.53670787811279,107.991744995117,55.2282409667969,-2.58818364143372,0.228038370609283,0.0642471238970757,-0.0826797112822533,70
738534.46064421616028994322,54.9290390014648,-2.23942232131958,5.24735927581787,0.0800852179527283,-0.00265023834072053,42.4923820495605,-71.5283660888672,1077.94604492188,949.561462402344,-1.55682575702667,1.47542452812195,107.989463806152,55.2245292663574,-2.59191870689392,0.218995749950409,0.0651738196611404,-0.0818062275648117,70
738534.46064624888822436333,54.9218139648438,-2.24326348304749,5.28637742996216,0.0800852179527283,-0.00265023834072053,42.492374420166,-71.5282516479492,1077.48498535156,947.884643554688,-1.56055688858032,1.41718900203705,107.987564086914,55.2212257385254,-2.5955126285553,0.210282310843468,0.0660477504134178,-0.0810052454471588,70
738534.46064840012695640326,54.9146003723145,-2.24725580215454,5.32550239562988,0.0800852179527283,-0.00265023834072053,42.4923667907715,-71.5281295776367,1077.00036621094,946.122985839844,-1.56442189216614,1.3560665845871,107.985824584961,55.2179718017578,-2.59932589530945,0.201081991195679,0.0669583082199097,-0.0801848769187927,70
738534.46065063844434916973,54.9076194763184,-2.25128817558289,5.36358737945557,0.0800852179527283,-0.00265023834072053,42.492359161377,-71.5279998779297,1076.50366210938,944.319702148438,-1.56831181049347,1.29354226589203,107.984329223633,55.2148818969727,-2.60325050354004,0.191581860184669,0.0678826496005058,-0.079367995262146,70
738534.46065294905565679073,54.9007186889648,-2.25546002388,5.40148305892944,0.0800852179527283,-0.00265023834072053,42.4923515319824,-71.5278701782227,1075.98107910156,942.424438476562,-1.57233226299286,1.22789657115936,107.983062744141,55.2118835449219,-2.60738253593445,0.181464180350304,0.0688457190990448,-0.0785253942012787,70
738534.46065505070146173239,54.8947067260742,-2.25926446914673,5.43474149703979,0.0800852179527283,-0.00265023834072053,42.4923400878906,-71.5277404785156,1075.49499511719,940.662963867188,-1.57601308822632,1.16682946681976,107.982162475586,55.2093238830566,-2.61120438575745,0.171934768557549,0.0697332099080086,-0.077765017747879,70
738534.46065710159018635750,54.8892059326172,-2.2629132270813,5.46540307998657,0.0800852179527283,-0.00265023834072053,42.4923324584961,-71.5276260375977,1075.01953125,938.942016601562,-1.57965993881226,1.10645520687103,107.981559753418,55.20703125,-2.61491703987122,0.162521660327911,0.0705933943390846,-0.0770387798547745,70
738534.46065910067409276962,54.884349822998,-2.26632475852966,5.49272680282593,0.0800852179527283,-0.00265023834072053,42.4923248291016,-71.5275115966797,1074.56958007812,937.89208984375,-1.58303356170654,1.04939246177673,107.981216430664,55.2050552368164,-2.61839771270752,0.153444111347198,0.0714005082845688,-0.076368436217308,70
738534.46066110918764024973,54.8797302246094,-2.2697491645813,5.51893186569214,0.0800852179527283,-0.00265023834072053,42.492317199707,-71.5273895263672,1074.11010742188,937.814208984375,-1.58638799190521,0.991234660148621,107.98112487793,55.2032165527344,-2.62192177772522,0.144155099987984,0.0722179487347603,-0.0756972804665565,70
738534.46066334517672657967,54.8749542236328,-2.27350926399231,5.54632186889648,0.0800852179527283,-0.00265023834072053,42.4923095703125,-71.5272598266602,1073.59436035156,937.643188476562,-1.5900444984436,0.926097750663757,107.981254577637,55.2013702392578,-2.62584447860718,0.133662268519402,0.0731275305151939,-0.0749586001038551,70
738534.46066553995478898287,54.8707313537598,-2.27707123756409,5.57089567184448,0.0800852179527283,-0.00265023834072053,42.4922981262207,-71.5271377563477,1073.09301757812,937.401611328125,-1.59348964691162,0.862905740737915,107.981643676758,55.1997909545898,-2.62959671020508,0.123478889465332,0.0740039348602295,-0.0742618665099144,70
738534.46066779177635908127,54.8667831420898,-2.28064060211182,5.59423398971558,0.0800852179527283,-0.00265023834072053,42.4922904968262,-71.5270080566406,1072.57373046875,937.151184082031,-1.59693896770477,0.797563493251801,107.982299804688,55.1983757019043,-2.63342428207397,0.112960182130337,0.0749035999178886,-0.0735600739717484,70
738534.46067013777792453766,54.863208770752,-2.28414177894592,5.61571884155273,0.0800852179527283,-0.00265023834072053,42.4922790527344,-71.5268707275391,1072.04675292969,937.055114746094,-1.60031402111053,0.731408953666687,107.983215332031,55.197151184082,-2.6372332572937,0.102335713803768,0.0758084282279015,-0.0728628113865852,70
738534.46067214198410511017,54.8603630065918,-2.28720855712891,5.63326406478882,0.0800852179527283,-0.00265023834072053,42.4922714233398,-71.5267486572266,1071.56982421875,936.968933105469,-1.60326290130615,0.671637773513794,107.984268188477,55.1962356567383,-2.6405987739563,0.0926598608493805,0.0766209289431572,-0.0722478479146957,70
738534.46067408879753202200,54.858039855957,-2.28995752334595,5.64790058135986,0.0800852179527283,-0.00265023834072053,42.4922637939453,-71.5266418457031,1071.12829589844,936.888977050781,-1.6059023141861,0.616397440433502,107.985404968262,55.1955337524414,-2.64364385604858,0.0836986005306244,0.0773675218224525,-0.0716906413435936,70
738534.46067611314356327057,54.8559188842773,-2.29275894165039,5.66167497634888,0.0800852179527283,-0.00265023834072053,42.4922561645508,-71.5265274047852,1070.66284179688,936.804260253906,-1.6085958480835,0.558269739151001,107.986831665039,55.1949577331543,-2.64678955078125,0.0742491260170937,0.0781491547822952,-0.071108378469944,70
738534.46067802666220813990,54.8541717529297,-2.29539442062378,5.67348194122314,0.0800852179527283,-0.00265023834072053,42.4922485351562,-71.5264129638672,1070.20849609375,936.721252441406,-1.61112976074219,0.501628637313843,107.988403320312,55.1945419311523,-2.64978361129761,0.0650606974959373,0.0789068788290024,-0.0705533921718597,70
738534.46067994693294167519,54.8527870178223,-2.29781627655029,5.68327951431274,0.0800852179527283,-0.00265023834072053,42.4922409057617,-71.5262985229492,1069.77319335938,936.641357421875,-1.61345326900482,0.447490930557251,107.99006652832,55.1942710876465,-2.65257692337036,0.0562565699219704,0.0796281397342682,-0.0700271725654602,70
738534.46068186929915100336,54.8516578674316,-2.30020880699158,5.69181346893311,0.0800852179527283,-0.00265023834072053,42.4922332763672,-71.5261917114258,1069.32592773438,936.55908203125,-1.61575615406036,0.391955316066742,107.991943359375,55.1941299438477,-2.65537214279175,0.0472371578216553,0.0803645849227905,-0.0694942474365234,70
738534.46068383764941245317,54.8508262634277,-2.30248928070068,5.69875478744507,0.0800852179527283,-0.00265023834072053,42.4922256469727,-71.5260772705078,1068.8818359375,936.47705078125,-1.61794316768646,0.336876451969147,107.993965148926,55.1941146850586,-2.65806651115417,0.0383188053965569,0.0810919553041458,-0.0689772740006447,70
738534.46068579948041588068,54.8502655029297,-2.30474734306335,5.7043342590332,0.0800852179527283,-0.00265023834072053,42.4922142028809,-71.5259628295898,1068.42236328125,936.391967773438,-1.62011229991913,0.279986262321472,107.996147155762,55.1942291259766,-2.6607677936554,0.0291395094245672,0.0818398147821426,-0.0684425458312035,70
738534.46068778715562075377,54.8500137329102,-2.30694675445557,5.70835733413696,0.0800852179527283,-0.00265023834072053,42.4922065734863,-71.5258483886719,1067.95288085938,936.304626464844,-1.6222265958786,0.221946522593498,107.998497009277,55.1944885253906,-2.66343426704407,0.0197580903768539,0.0825998559594154,-0.0679006576538086,70
738534.46068974514491856098,54.8500633239746,-2.30892038345337,5.71059894561768,0.0800852179527283,-0.00265023834072053,42.4921989440918,-71.5257339477539,1067.509765625,936.411376953125,-1.62412142753601,0.167236134409904,108.000907897949,55.1948509216309,-2.66585826873779,0.0109011279419065,0.0833133533596992,-0.0673948153853416,70
738534.46069173305295407772,54.8504066467285,-2.31082892417908,5.71133804321289,0.0800852179527283,-0.00265023834072053,42.4921913146973,-71.5256195068359,1067.0546875,937.345764160156,-1.62596464157104,0.111144095659256,108.003547668457,55.1953468322754,-2.66825699806213,0.00183813623152673,0.0840421915054321,-0.0668789148330688,70
738534.46069366554729640484,54.8510360717773,-2.31264472007751,5.71048355102539,0.0800852179527283,-0.00265023834072053,42.4921836853027,-71.525505065918,1066.59655761719,938.286193847656,-1.62770569324493,0.0547395944595337,108.006309509277,55.1959609985352,-2.670574426651,-0.00730809522792697,0.0847731530666351,-0.066364012658596,70
738534.46069570409599691629,54.8519859313965,-2.31440877914429,5.707923412323,0.0800852179527283,-0.00265023834072053,42.4921760559082,-71.525390625,1066.12365722656,939.255737304688,-1.62940490245819,-0.00339688453823328,108.009292602539,55.1967124938965,-2.67286348342896,-0.0166830513626337,0.0855238139629364,-0.0658327043056488,70
738534.46069777582306414843,54.8532104492188,-2.31602191925049,5.70377206802368,0.0800852179527283,-0.00265023834072053,42.4921646118164,-71.525276184082,1065.66101074219,940.203857421875,-1.63096737861633,-0.0602157115936279,108.012306213379,55.1975708007812,-2.67499756813049,-0.025886956602335,0.0862555205821991,-0.0653179585933685,70
738534.46070003637578338385,54.8549728393555,-2.31771278381348,5.69697904586792,0.0800852179527283,-0.00265023834072053,42.4921569824219,-71.5251388549805,1065.12756347656,941.295288085938,-1.63318061828613,-0.125742718577385,108.015953063965,55.1986923217773,-2.67733645439148,-0.0364720858633518,0.0870954543352127,-0.0647253170609474,70
738534.46070211066398769617,54.8569412231445,-2.31937003135681,5.68884658813477,0.0800852179527283,-0.00265023834072053,42.4921493530273,-71.525016784668,1064.63854980469,942.295654296875,-1.63585841655731,-0.185942426323891,108.019401550293,55.1998748779297,-2.67935156822205,-0.0462194867432117,0.0878620073199272,-0.0641883462667465,70
738534.46070416003931313753,54.8591537475586,-2.32109475135803,5.67926597595215,0.0800852179527283,-0.00265023834072053,42.4921379089355,-71.52490234375,1064.16625976562,943.260314941406,-1.63861882686615,-0.24425046145916,108.022789001465,55.2011642456055,-2.68120431900024,-0.0556305721402168,0.0886002108454704,-0.0636706799268723,70
738534.46070630743633955717,54.8618240356445,-2.32304906845093,5.66738271713257,0.0800852179527283,-0.00265023834072053,42.492130279541,-71.5247802734375,1063.67016601562,944.272766113281,-1.64235818386078,-0.305585861206055,108.026496887207,55.2026748657227,-2.68308639526367,-0.0655767023563385,0.0893724635243416,-0.0631247982382774,70
738534.46070829965174198151,54.8646430969238,-2.32523989677429,5.65460634231567,0.0800852179527283,-0.00265023834072053,42.4921226501465,-71.5246658325195,1063.20715332031,945.216796875,-1.6458203792572,-0.362752646207809,108.030097961426,55.2042617797852,-2.68481206893921,-0.0748562812805176,0.0900900661945343,-0.0626213997602463,70
738534.46071024762932211161,54.8677673339844,-2.3275318145752,5.64022922515869,0.0800852179527283,-0.00265023834072053,42.492115020752,-71.5245513916016,1062.74450683594,946.158813476562,-1.64889395236969,-0.419779658317566,108.033782958984,55.2059936523438,-2.68655800819397,-0.08408322930336,0.0908036082983017,-0.0621177405118942,70
738534.46071228047367185354,54.8712005615234,-2.32985830307007,5.62420320510864,0.0800852179527283,-0.00265023834072053,42.4921073913574,-71.5244369506836,1062.28100585938,947.102355957031,-1.65170800685883,-0.476832389831543,108.037635803223,55.2078666687012,-2.68835973739624,-0.093263640999794,0.0915148332715034,-0.0616057366132736,70
738534.46071443008258938789,54.875316619873,-2.33237957954407,5.60471820831299,0.0800852179527283,-0.00265023834072053,42.4920959472656,-71.5243072509766,1061.77111816406,948.138977050781,-1.65455234050751,-0.539432406425476,108.042007446289,55.2100830078125,-2.69042158126831,-0.103296391665936,0.0922927111387253,-0.0610385574400425,70
738534.46071640390437096357,54.879322052002,-2.33458280563354,5.58551931381226,0.0800852179527283,-0.00265023834072053,42.4920883178711,-71.5241928100586,1061.31225585938,949.07080078125,-1.65691375732422,-0.595621824264526,108.046043395996,55.2122116088867,-2.69233465194702,-0.112325206398964,0.0929885134100914,-0.0605336725711823,70
738534.46071839286014437675,54.8837356567383,-2.33675909042358,5.56415319442749,0.0800852179527283,-0.00265023834072053,42.4920806884766,-71.5240783691406,1060.84069824219,949.754760742188,-1.65917766094208,-0.653192102909088,108.050315856934,55.2145309448242,-2.69435548782349,-0.121742203831673,0.093699723482132,-0.060008779168129,70
738534.46072035515680909157,54.8882713317871,-2.33877015113831,5.54192972183228,0.0800852179527283,-0.00265023834072053,42.492073059082,-71.5239639282227,1060.384765625,947.909545898438,-1.6612206697464,-0.708353877067566,108.054534912109,55.2168922424316,-2.69634032249451,-0.130797609686852,0.0943836718797684,-0.0594994872808456,70
738534.46072232862934470177,54.8931770324707,-2.34083962440491,5.51757478713989,0.0800852179527283,-0.00265023834072053,42.4920654296875,-71.5238494873047,1059.91760253906,946.019409179688,-1.66254246234894,-0.764130592346191,108.058975219727,55.2194175720215,-2.69838953018188,-0.140071734786034,0.0950809866189957,-0.0589731745421886,70
738534.46072427451144903898,54.8981895446777,-2.34230732917786,5.49236965179443,0.0800852179527283,-0.00265023834072053,42.492057800293,-71.5237426757812,1059.46337890625,944.182067871094,-1.66277146339417,-0.817681968212128,108.063400268555,55.2219505310059,-2.70037698745728,-0.148762598633766,0.0957557186484337,-0.0584529340267181,70
738534.46072622924111783504,54.9034538269043,-2.34346961975098,5.46549844741821,0.0800852179527283,-0.00265023834072053,42.4920501708984,-71.5236282348633,1059.00646972656,942.334167480469,-1.66310119628906,-0.871494114398956,108.067939758301,55.2245674133301,-2.70233035087585,-0.15742439031601,0.0964317694306374,-0.0579242035746574,70
738534.46072821773122996092,54.9089965820312,-2.34438896179199,5.43677949905396,0.0800852179527283,-0.00265023834072053,42.4920425415039,-71.5235137939453,1058.54406738281,940.464904785156,-1.66346895694733,-0.926018953323364,108.072608947754,55.2272796630859,-2.70420980453491,-0.166248887777328,0.0971132591366768,-0.0573829710483551,70
738534.46073032484855502844,54.9151153564453,-2.34514141082764,5.40460968017578,0.0800852179527283,-0.00265023834072053,42.4920349121094,-71.5233917236328,1058.05346679688,938.481323242188,-1.66383755207062,-0.983848571777344,108.077682495117,55.2302398681641,-2.70605897903442,-0.175675839185715,0.0978351384401321,-0.0567915216088295,70
738534.46073244442231953144,54.9214744567871,-2.34570336341858,5.37064361572266,0.0800852179527283,-0.00265023834072053,42.4920234680176,-71.5232696533203,1057.56213378906,936.904846191406,-1.6641503572464,-1.04176235198975,108.082817077637,55.2332725524902,-2.70772910118103,-0.185073763132095,0.0985563695430756,-0.0561974942684174,70
738534.46073460357729345560,54.9282836914062,-2.346107006073,5.33374691009521,0.0800852179527283,-0.00265023834072053,42.492015838623,-71.5231475830078,1057.05505371094,935.408142089844,-1.66439235210419,-1.1015430688858,108.088172912598,55.2364883422852,-2.70924758911133,-0.194691270589828,0.0993003696203232,-0.0555718541145325,70
738534.46073674119543284178,54.9352149963379,-2.3463442325592,5.29563236236572,0.0800852179527283,-0.00265023834072053,42.4920082092285,-71.5230255126953,1056.55627441406,933.935241699219,-1.66453301906586,-1.16028499603271,108.093475341797,55.2397232055664,-2.71053099632263,-0.204122245311737,0.100032016634941,-0.0549490936100483,70
738534.46073880966287106276,54.9423027038574,-2.34641885757446,5.25605440139771,0.0800852179527283,-0.00265023834072053,42.492000579834,-71.5229034423828,1056.06176757812,932.474182128906,-1.66455364227295,-1.21852719783783,108.098754882812,55.2429962158203,-2.71160173416138,-0.213533028960228,0.100757516920567,-0.0543194226920605,70
738534.46074091852642595768,54.9494590759277,-2.34636330604553,5.21550321578979,0.0800852179527283,-0.00265023834072053,42.4919929504395,-71.5227813720703,1055.57678222656,931.039916992188,-1.66446590423584,-1.27561485767365,108.103988647461,55.246265411377,-2.71246147155762,-0.222804635763168,0.101469554007053,-0.0536903068423271,70
738534.46074305789079517126,54.9572563171387,-2.34617304801941,5.17072153091431,0.0800852179527283,-0.00265023834072053,42.4919853210449,-71.5226516723633,1055.0634765625,929.521484375,-1.66426873207092,-1.33598792552948,108.10954284668,55.2498054504395,-2.71317791938782,-0.232535988092422,0.102223813533783,-0.0530054531991482,70
738534.46074513136409223080,54.9648780822754,-2.345871925354,5.12627458572388,0.0800852179527283,-0.00265023834072053,42.4919776916504,-71.5225372314453,1054.57470703125,928.07421875,-1.66396951675415,-1.39344906806946,108.114807128906,55.2532348632812,-2.71368336677551,-0.241787001490593,0.102943412959576,-0.052338644862175,70
738534.46074712101835757494,54.9722480773926,-2.3454852104187,5.08272361755371,0.0800852179527283,-0.00265023834072053,42.4919700622559,-71.5224227905273,1054.11352539062,926.734313964844,-1.66359448432922,-1.44762849807739,108.119758605957,55.2565231323242,-2.71401143074036,-0.249942347407341,0.103623397648335,-0.051698062568903,70
738534.46074921428225934505,54.9803009033203,-2.34495520591736,5.03443098068237,0.0800852179527283,-0.00265023834072053,42.4919624328613,-71.5223007202148,1053.62048339844,925.889709472656,-1.66308832168579,-1.50555324554443,108.125068664551,55.2600898742676,-2.71421360969543,-0.258557349443436,0.104352109134197,-0.0509924665093422,70
738534.46075133001431822777,54.9886360168457,-2.34429693222046,4.98370599746704,0.0800852179527283,-0.00265023834072053,42.4919548034668,-71.5221786499023,1053.12097167969,925.032958984375,-1.66245651245117,-1.56421184539795,108.130432128906,55.2637596130371,-2.71426844596863,-0.267757087945938,0.105092234909534,-0.0502714700996876,70
738534.46075328160077333450,54.996467590332,-2.34359812736511,4.93538808822632,0.0800852179527283,-0.00265023834072053,42.4919471740723,-71.5220642089844,1052.6611328125,924.243408203125,-1.66178476810455,-1.61817598342896,108.135330200195,55.2671852111816,-2.71419095993042,-0.27644619345665,0.10577580332756,-0.0495973713696003,70
738534.46075519022997468710,55.0042190551758,-2.3428361415863,4.88689851760864,0.0800852179527283,-0.00265023834072053,42.4919395446777,-71.5219497680664,1052.21374511719,923.474365234375,-1.66104960441589,-1.67064321041107,108.140090942383,55.2705574035645,-2.7140040397644,-0.285096019506454,0.106442488729954,-0.0489301383495331,70
738534.46075717720668762922,55.0123481750488,-2.34195733070374,4.83540821075439,0.0800852179527283,-0.00265023834072053,42.4919319152832,-71.5218353271484,1051.7529296875,922.680908203125,-1.66021847724915,-1.7245579957962,108.144973754883,55.2740821838379,-2.71370196342468,-0.294161647558212,0.107131958007812,-0.048221692442894,70
738534.46075913624372333288,55.0204849243164,-2.34079575538635,4.78298568725586,0.0800852179527283,-0.00265023834072053,42.4919281005859,-71.5217208862305,1051.29675292969,921.894653320312,-1.65928709506989,-1.77101349830627,108.14973449707,55.2775726318359,-2.71329402923584,-0.3045694231987,0.107816442847252,-0.0475069582462311,70
738534.46076105360407382250,55.0285911560059,-2.3399293422699,4.73029470443726,0.0800852179527283,-0.00265023834072053,42.4919204711914,-71.521614074707,1050.84289550781,921.110900878906,-1.65820443630219,-1.77263736724854,108.154457092285,55.2810707092285,-2.71276569366455,-0.330904692411423,0.108500652015209,-0.0467756427824497,70
738534.46076297678519040346,55.0365295410156,-2.34317493438721,4.68153715133667,0.0800852179527283,-0.00265023834072053,42.4919128417969,-71.5214996337891,1050.39135742188,920.330444335938,-1.66303873062134,-1.44756770133972,108.159103393555,55.2849578857422,-2.71222758293152,-0.382200211286545,0.109182581305504,-0.0460279807448387,70
738534.46076493663713335991,55.0432739257812,-2.34409189224243,4.64020299911499,0.0800852179527283,-0.00265023834072053,42.4919052124023,-71.5213851928711,1049.93408203125,919.539733886719,-1.67206764221191,-0.98351377248764,108.163864135742,55.2882308959961,-2.71191573143005,-0.347019642591476,0.109871588647366,-0.0452453345060349,70
738534.46076683269347995520,55.048454284668,-2.34570550918579,4.61105585098267,0.0800852179527283,-0.00265023834072053,42.4919013977051,-71.5212783813477,1049.48266601562,918.983825683594,-1.68125987052917,-0.542740166187286,108.168601989746,55.291015625,-2.711838722229,-0.283076733350754,0.110550567507744,-0.044452328234911,70
738534.46076887822709977627,55.0524291992188,-2.34923624992371,4.59294843673706,0.0800852179527283,-0.00265023834072053,42.4918937683105,-71.5211563110352,1049.01354980469,918.502563476562,-1.69353187084198,-0.109238229691982,108.173614501953,55.2936172485352,-2.71203780174255,-0.204743683338165,0.111253768205643,-0.0436118505895138,70
738534.46077081630937755108,55.0549774169922,-2.35368824005127,4.58636331558228,0.0800852179527283,-0.00265023834072053,42.491886138916,-71.5210494995117,1048.55224609375,918.029296875,-1.6970819234848,0.273007541894913,108.178604125977,55.2957954406738,-2.71265649795532,-0.113860823214054,0.111940130591393,-0.0427789874374866,70
738534.46077284717466682196,55.0567665100098,-2.35875368118286,4.58752059936523,0.0800852179527283,-0.00265023834072053,42.4918823242188,-71.5209274291992,1048.08239746094,917.546936035156,-1.69737553596497,0.407288402318954,108.183799743652,55.2978897094727,-2.71386981010437,0.0115436343476176,0.112631589174271,-0.0419134646654129,70
738534.46077484649140387774,55.0581741333008,-2.36144137382507,4.59287786483765,0.0800852179527283,-0.00265023834072053,42.4918746948242,-71.5208129882812,1047.609375,917.0615234375,-1.71289443969727,0.391488313674927,108.189186096191,55.2998504638672,-2.71564483642578,0.0609782300889492,0.113320142030716,-0.0410265997052193,70
738534.46077680506277829409,55.0599632263184,-2.36666178703308,4.59846591949463,0.0800852179527283,-0.00265023834072053,42.4918670654297,-71.5206985473633,1047.14233398438,916.762573242188,-1.73974883556366,0.366617143154144,108.194694519043,55.3023223876953,-2.71777200698853,0.0819651633501053,0.113993100821972,-0.0401385501027107,70
738534.46077884966507554054,55.0626220703125,-2.37932705879211,4.60430717468262,0.0800852179527283,-0.00265023834072053,42.4918594360352,-71.5205764770508,1046.64538574219,916.619140625,-1.7901656627655,0.343781143426895,108.20092010498,55.3059959411621,-2.72056698799133,0.0854028835892677,0.114698514342308,-0.0391795411705971,70
738534.46078102383762598038,55.0663604736328,-2.40163993835449,4.61003398895264,0.0800852179527283,-0.00265023834072053,42.4918518066406,-71.5204544067383,1046.1328125,916.468933105469,-1.83774316310883,0.321542829275131,108.20792388916,55.3111572265625,-2.72476506233215,0.0820609852671623,0.115402653813362,-0.0381901264190674,70
738534.46078322932589799166,55.0711669921875,-2.42819976806641,4.61548757553101,0.0800852179527283,-0.00265023834072053,42.4918479919434,-71.5203247070312,1045.61486816406,916.314025878906,-1.88021326065063,0.299792021512985,108.215896606445,55.3175621032715,-2.7313859462738,0.0749872028827667,0.116075418889523,-0.0371908098459244,70
738534.46078539255540817976,55.0772933959961,-2.45886182785034,4.62081575393677,0.0800852179527283,-0.00265023834072053,42.4918403625488,-71.5201950073242,1045.068359375,916.146728515625,-1.92097091674805,0.27748054265976,108.225425720215,55.3254585266113,-2.74164652824402,0.0656260550022125,0.116731025278568,-0.036139503121376,70
738534.46078747580759227276,55.0841217041016,-2.48937845230103,4.62547063827515,0.0800852179527283,-0.00265023834072053,42.4918327331543,-71.5200729370117,1044.54504394531,915.982849121094,-1.95700132846832,0.2565678358078,108.235801696777,55.3340072631836,-2.75476837158203,0.0561189465224743,0.117299512028694,-0.035141859203577,70
738534.46078996534924954176,55.0924797058105,-2.52239990234375,4.62996530532837,0.0800852179527283,-0.00265023834072053,42.4918251037598,-71.5199432373047,1043.98168945312,915.802185058594,-1.99389600753784,0.234563991427422,108.248474121094,55.3442001342773,-2.77241539955139,0.0462849140167236,0.117843598127365,-0.0340634249150753,70
738534.46079186163842678070,55.1022453308105,-2.55606365203857,4.63430070877075,0.0800852179527283,-0.00265023834072053,42.4918174743652,-71.5198059082031,1043.39501953125,915.609680175781,-2.03905463218689,0.225882261991501,108.263305664062,55.355827331543,-2.79400038719177,0.0327261425554752,0.118332907557487,-0.0329526513814926,70
738534.46079390111844986677,55.1116142272949,-2.58454036712646,4.63830327987671,0.0669955164194107,-0.00265023834072053,42.4918098449707,-71.5196914672852,1042.89282226562,915.441345214844,-2.09819674491882,0.257607668638229,108.277297973633,55.366813659668,-2.81446027755737,0.0201096944510937,0.118690498173237,-0.0320201516151428,70
738534.46079584129620343447,55.1224021911621,-2.62886500358582,4.64318418502808,0.0669955164194107,-0.00265023834072053,42.4918022155762,-71.5195770263672,1042.3828125,915.266723632812,-2.19956636428833,0.303936332464218,108.292831420898,55.3800430297852,-2.83690714836121,0.0136339971795678,0.118995867669582,-0.0310783684253693,70
738534.46079783083405345678,55.1344528198242,-2.68291640281677,4.64903116226196,0.0669955164194107,-0.00265023834072053,42.4917984008789,-71.5194625854492,1041.87072753906,915.085754394531,-2.25919795036316,0.341750234365463,108.310005187988,55.3951187133789,-2.86183714866638,0.0231119990348816,0.119230099022388,-0.0301527045667171,70
738534.46079983212985098362,55.148078918457,-2.73435068130493,4.65544462203979,0.0669955164194107,-0.00265023834072053,42.4917907714844,-71.5193481445312,1041.32958984375,914.888427734375,-2.2699179649353,0.302447140216827,108.329956054688,55.4117317199707,-2.89181208610535,0.0447379015386105,0.119385249912739,-0.029182605445385,70
738534.46080183924641460180,55.1621284484863,-2.77224278450012,4.66113424301147,0.0669955164194107,-0.00265023834072053,42.4917831420898,-71.5192337036133,1040.794921875,914.689025878906,-2.27924847602844,0.247160762548447,108.351463317871,55.4280776977539,-2.92467021942139,0.0467998348176479,0.119446977972984,-0.0282416455447674,70
738534.46080380887724459171,55.1769561767578,-2.80488657951355,4.66559553146362,0.0669955164194107,-0.00265023834072053,42.4917755126953,-71.5191192626953,1040.25305175781,914.483276367188,-2.29302549362183,0.191609531641006,108.374961853027,55.4448547363281,-2.95984482765198,0.041469756513834,0.119429513812065,-0.0272949561476707,70
738534.46080577909015119076,55.1925315856934,-2.83376979827881,4.6687216758728,0.0669955164194107,-0.00265023834072053,42.4917678833008,-71.5189971923828,1039.70483398438,914.272033691406,-2.30916047096252,0.135828718543053,108.40030670166,55.4620819091797,-2.99598956108093,0.0324541106820107,0.119342163205147,-0.0263503659516573,70
738534.46080776979215443134,55.208625793457,-2.85954642295837,4.67042684555054,0.0669955164194107,-0.00265023834072053,42.4917640686035,-71.5188827514648,1039.15771484375,914.058532714844,-2.32625007629395,0.0806822776794434,108.426971435547,55.4795684814453,-3.03156495094299,0.0218538735061884,0.119194969534874,-0.0254201386123896,70
738534.46080974838696420193,55.2256851196289,-2.88359260559082,4.67070770263672,0.0669955164194107,-0.00265023834072053,42.491756439209,-71.5187683105469,1038.59594726562,913.836669921875,-2.34404277801514,0.0245986990630627,108.455619812012,55.4978103637695,-3.06686520576477,0.0104349842295051,0.118989691138268,-0.0244696158915758,70
738534.46081168437376618385,55.2426872253418,-2.90498471260071,4.66956377029419,0.0669955164194107,-0.00265023834072053,42.4917488098145,-71.5186538696289,1038.05224609375,913.619750976562,-2.36106634140015,-0.029194388538599,108.484436035156,55.5157470703125,-3.09937167167664,-0.000517450680490583,0.118745177984238,-0.0235482603311539,70
738534.46081372722983360291,55.2609252929688,-2.92567706108093,4.66690063476562,0.0669955164194107,-0.00265023834072053,42.4917449951172,-71.5185394287109,1037.484375,913.391052246094,-2.37833094596863,-0.0850569680333138,108.515586853027,55.5347595214844,-3.13143682479858,-0.0116477711126208,0.118446737527847,-0.0225931815803051,70
738534.46081571502145379782,55.2798004150391,-2.9450511932373,4.6626992225647,0.0669955164194107,-0.00265023834072053,42.4917373657227,-71.518424987793,1036.91125488281,913.438842773438,-2.39503812789917,-0.140997558832169,108.547958374023,55.5542106628418,-3.16173076629639,-0.0223883222788572,0.118105351924896,-0.0216323249042034,70
738534.46081771736498922110,55.2992553710938,-2.96317839622498,4.65694904327393,0.0669955164194107,-0.00265023834072053,42.4917297363281,-71.518310546875,1036.33422851562,913.861083984375,-2.4110119342804,-0.196886241436005,108.581382751465,55.5740509033203,-3.19016718864441,-0.0326699838042259,0.117724500596523,-0.0206681545823812,70
738534.46081969887018203735,55.3192443847656,-2.98010993003845,4.64963388442993,0.0669955164194107,-0.00265023834072053,42.4917221069336,-71.5181884765625,1035.75341796875,913.829772949219,-2.42614579200745,-0.252743095159531,108.615760803223,55.5942344665527,-3.21678948402405,-0.0423401072621346,0.117307059466839,-0.0196951199322939,70
738534.46082163276150822639,55.3387794494629,-2.99520206451416,4.64119434356689,0.0669955164194107,-0.00265023834072053,42.4917182922363,-71.5180816650391,1035.19641113281,914.219787597656,-2.43974947929382,-0.306385934352875,108.649360656738,55.6137809753418,-3.24052476882935,-0.0513762719929218,0.116876721382141,-0.0187672451138496,70
738534.46082364011090248823,55.3597145080566,-3.00991654396057,4.63081073760986,0.0669955164194107,-0.00265023834072053,42.4917106628418,-71.5179595947266,1034.60961914062,914.651611328125,-2.45308017730713,-0.362752377986908,108.685386657715,55.6345405578613,-3.26380300521851,-0.0608018189668655,0.116395033895969,-0.0177887510508299,70
738534.46082568215206265450,55.3810234069824,-3.02348232269287,4.61887454986572,0.0669955164194107,-0.00265023834072053,42.4917030334473,-71.5178451538086,1034.02185058594,915.080322265625,-2.465407371521,-0.418879479169846,108.722030639648,55.6554870605469,-3.28543400764465,-0.0700758546590805,0.115885116159916,-0.0168066453188658,70
738534.46082762116566300392,55.402027130127,-3.03557157516479,4.60581064224243,0.0669955164194107,-0.00265023834072053,42.4916954040527,-71.5177307128906,1033.45068359375,915.493286132812,-2.47639727592468,-0.473135083913803,108.758079528809,55.6759605407715,-3.30493855476379,-0.0789441391825676,0.115365892648697,-0.0158543139696121,70
738534.46082964562810957432,55.4240379333496,-3.04696798324585,4.59078931808472,0.0669955164194107,-0.00265023834072053,42.4916915893555,-71.5176162719727,1032.85974121094,915.917785644531,-2.48674631118774,-0.528977870941162,108.795829772949,55.6972465515137,-3.3236768245697,-0.0880439057946205,0.114806145429611,-0.0148683981969953,70
738534.46083164308220148087,55.4468421936035,-3.05746698379517,4.57383632659912,0.0669955164194107,-0.00265023834072053,42.4916839599609,-71.5174942016602,1032.25476074219,916.348937988281,-2.49625611305237,-0.585897088050842,108.834899902344,55.7191200256348,-3.34142589569092,-0.0972936227917671,0.11421162635088,-0.013864217326045,70
738534.46083371574059128761,55.4700660705566,-3.0668830871582,4.55512619018555,0.0669955164194107,-0.00265023834072053,42.4916763305664,-71.5173721313477,1031.64501953125,916.780944824219,-2.5047459602356,-0.643026888370514,108.874626159668,55.7412185668945,-3.35790324211121,-0.106408663094044,0.113592401146889,-0.0128513025119901,70
738534.46083594241645187140,55.4957466125488,-3.07587742805481,4.53278732299805,0.0669955164194107,-0.00265023834072053,42.4916687011719,-71.5172424316406,1030.97717285156,917.25146484375,-2.51279187202454,-0.705306947231293,108.918548583984,55.7654457092285,-3.37444138526917,-0.116334028542042,0.112894408404827,-0.0117308869957924,70
738534.46083795803133398294,55.5194625854492,-3.08292508125305,4.51061868667603,0.0669955164194107,-0.00265023834072053,42.4916610717773,-71.5171203613281,1030.36572265625,917.680297851562,-2.51903820037842,-0.762109637260437,108.958892822266,55.7876396179199,-3.38819265365601,-0.125271305441856,0.112238742411137,-0.0107136098667979,70
738534.46084005781449377537,55.5433616638184,-3.08885836601257,4.48680257797241,0.0669955164194107,-0.00265023834072053,42.4916572570801,-71.5170059204102,1029.75354003906,918.107727050781,-2.52422881126404,-0.818763852119446,108.99942779541,55.8098297119141,-3.40071034431458,-0.134227260947227,0.111569121479988,-0.00969141628593206,70
738534.46084215654991567135,55.5679473876953,-3.09377527236938,4.46074628829956,0.0669955164194107,-0.00265023834072053,42.4916496276855,-71.5168838500977,1029.12744140625,918.543640136719,-2.52844476699829,-0.876535713672638,109.041069030762,55.8324851989746,-3.41226863861084,-0.143290802836418,0.110872574150562,-0.00863570068031549,70
738534.46084417193196713924,55.5918502807617,-3.09742450714111,4.43388366699219,0.0669955164194107,-0.00265023834072053,42.491641998291,-71.5167617797852,1028.52124023438,918.965148925781,-2.5314724445343,-0.932302832603455,109.081405639648,55.8543395996094,-3.42226958274841,-0.151987954974174,0.110188893973827,-0.00760475173592567,70
738534.46084622573107481003,55.6163635253906,-3.10005569458008,4.40474081039429,0.0669955164194107,-0.00265023834072053,42.4916343688965,-71.5166397094727,1027.90185546875,919.394836425781,-2.53352093696594,-0.989152014255524,109.122688293457,55.876579284668,-3.43132138252258,-0.159832805395126,0.109482772648335,-0.00654611922800541,70
738534.46084833040367811918,55.6414947509766,-3.10161399841309,4.37320184707642,0.0669955164194107,-0.00265023834072053,42.4916305541992,-71.5165176391602,1027.26843261719,919.834289550781,-2.53454184532166,-1.04714751243591,109.164932250977,55.8992042541504,-3.43937468528748,-0.168205291032791,0.10875503718853,-0.00545462174341083,70
738534.46085046371445059776,55.6665725708008,-3.10204195976257,4.34001302719116,0.0669955164194107,-0.00265023834072053,42.4916229248047,-71.5163955688477,1026.63720703125,920.271728515625,-2.53448915481567,-1.10482466220856,109.207000732422,55.9216003417969,-3.44620275497437,-0.176949992775917,0.108026280999184,-0.00434815417975187,70
738534.46085259958636015654,55.6922302246094,-3.10133290290833,4.30425262451172,0.0669955164194107,-0.00265023834072053,42.4916152954102,-71.5162658691406,1025.99194335938,920.719665527344,-2.53334999084473,-1.16367590427399,109.249870300293,55.9443397521973,-3.45196628570557,-0.186140388250351,0.107279494404793,-0.00320677389390767,70
738534.46085473999846726656,55.7178955078125,-3.09946465492249,4.26656913757324,0.0669955164194107,-0.00265023834072053,42.4916114807129,-71.5161437988281,1025.34582519531,921.169128417969,-2.53111386299133,-1.22248327732086,109.292579650879,55.9669036865234,-3.45651865005493,-0.19539737701416,0.106532447040081,-0.0020560254342854,70
738534.46085685864090919495,55.7423400878906,-3.0966215133667,4.22885751724243,0.0669955164194107,-0.00265023834072053,42.4916038513184,-71.5160217285156,1024.7294921875,921.598449707031,-2.52797436714172,-1.27849292755127,109.333114624023,55.9882202148438,-3.45973181724548,-0.204342618584633,0.105822093784809,-0.000946476415265352,70
738534.46085893351119011641,55.7673683166504,-3.09264254570007,4.1883282661438,0.0669955164194107,-0.00265023834072053,42.4915962219238,-71.5158996582031,1024.09692382812,922.040832519531,-2.52375411987305,-1.33592712879181,109.374488830566,56.0098724365234,-3.46190190315247,-0.213579818606377,0.105097308754921,0.000209210251341574,70
738534.46086104540154337883,55.7926864624023,-3.08752059936523,4.1452808380127,0.0669955164194107,-0.00265023834072053,42.4915924072266,-71.5157699584961,1023.45465087891,922.49169921875,-2.51844358444214,-1.39415538311005,109.416206359863,56.0315971374512,-3.46294140815735,-0.222886458039284,0.10436836630106,0.00140022567939013,70
738534.46086318511515855789,55.8178024291992,-3.08134055137634,4.10043478012085,0.0669955164194107,-0.00265023834072053,42.491584777832,-71.5156478881836,1022.81439208984,922.943115234375,-2.5121021270752,-1.45209956169128,109.457450866699,56.0529670715332,-3.46282339096069,-0.232165724039078,0.103650353848934,0.00260591600090265,70
738534.46086513984482735395,55.8403968811035,-3.07483220100403,4.0581841468811,0.0669955164194107,-0.00265023834072053,42.4915771484375,-71.5155334472656,1022.23529052734,923.353759765625,-2.50551533699036,-1.50449550151825,109.494323730469,56.0720367431641,-3.46173787117004,-0.2405616492033,0.103010393679142,0.00370804243721068,70
738534.46086716232821345329,55.8630561828613,-3.06728219985962,4.01392793655396,0.0669955164194107,-0.00265023834072053,42.4915733337402,-71.5154113769531,1021.65075683594,923.770324707031,-2.49802756309509,-1.55505573749542,109.531234741211,56.091007232666,-3.45970010757446,-0.249914452433586,0.102375000715256,0.00484528951346874,70
738534.46086913754697889090,55.886360168457,-3.05812191963196,3.96650099754333,0.0669955164194107,-0.00265023834072053,42.4915657043457,-71.5152969360352,1021.04412841797,923.524047851562,-2.48917937278748,-1.5912264585495,109.569190979004,56.1103401184082,-3.45657300949097,-0.262137204408646,0.101728416979313,0.00605017179623246,70
738534.46087113860994577408,55.9085960388184,-3.04798769950867,3.9200325012207,0.0669955164194107,-0.00265023834072053,42.4915618896484,-71.5151748657227,1020.45550537109,922.722106933594,-2.47917222976685,-1.55792438983917,109.605537414551,56.1286735534668,-3.45252656936646,-0.281663179397583,0.101115629076958,0.00723233027383685,70
738534.46087316970806568861,55.9305038452148,-3.0363073348999,3.87402629852295,0.0669955164194107,-0.00265023834072053,42.4915580749512,-71.5150604248047,1019.85913085938,921.908813476562,-2.46786212921143,-1.44492256641388,109.64185333252,56.146671295166,-3.44736361503601,-0.282495528459549,0.100511766970158,0.00844870321452618,70
738534.46087507205083966255,55.950267791748,-3.02418160438538,3.83346939086914,0.0669955164194107,-0.00265023834072053,42.4915504455566,-71.5149459838867,1019.30084228516,921.146606445312,-2.45602178573608,-1.327556848526,109.675247192383,56.1629219055176,-3.44152331352234,-0.270718663930893,0.0999640822410583,0.00960391573607922,70
738534.46087700920179486275,55.9698333740234,-3.01074814796448,3.79464626312256,0.0669955164194107,-0.00265023834072053,42.4915466308594,-71.5148315429688,1018.72583007812,920.360778808594,-2.44302487373352,-1.20323801040649,109.709144592285,56.1790580749512,-3.43442440032959,-0.251281946897507,0.0994201004505157,0.010822931304574,70
738534.46087898220866918564,55.9882469177246,-2.99668550491333,3.75963973999023,0.0669955164194107,-0.00265023834072053,42.4915390014648,-71.5147171020508,1018.16088867188,919.587829589844,-2.42947030067444,-1.07889437675476,109.74178314209,56.1942977905273,-3.42637038230896,-0.229177966713905,0.0989075601100922,0.0120418900623918,70
738534.46088091295678168535,56.0058631896973,-2.98173451423645,3.72780561447144,0.0669955164194107,-0.00265023834072053,42.4915351867676,-71.5146026611328,1017.59515380859,918.812622070312,-2.41512274742126,-0.951972901821136,109.773864746094,56.2089309692383,-3.41723084449768,-0.204569354653358,0.0984178707003593,0.0132869500666857,70
738534.46088293916545808315,56.0231323242188,-2.96548390388489,3.69848895072937,0.0669955164194107,-0.00265023834072053,42.4915313720703,-71.5144805908203,1017.01147460938,918.011901855469,-2.39953017234802,-0.820648968219757,109.80623626709,56.2233428955078,-3.40667867660522,-0.178714141249657,0.0979397520422935,0.0146037042140961,70
738534.46088500367477536201,56.0396575927734,-2.94824004173279,3.67257118225098,0.0669955164194107,-0.00265023834072053,42.4915237426758,-71.5143585205078,1016.42120361328,917.200866699219,-2.38297605514526,-0.68718284368515,109.838195800781,56.2372016906738,-3.39488053321838,-0.153027892112732,0.0974857583642006,0.0159583501517773,70
738534.46088702231645584106,56.0545272827148,-2.93124413490295,3.65151357650757,0.0669955164194107,-0.00265023834072053,42.4915199279785,-71.5142440795898,1015.857421875,916.424987792969,-2.3665075302124,-0.551036059856415,109.86784362793,56.2497634887695,-3.3826117515564,-0.130416080355644,0.097081758081913,0.0172737669199705,70
738534.46088901348412036896,56.0688896179199,-2.91307592391968,3.63386869430542,0.0669955164194107,-0.00265023834072053,42.4915161132812,-71.5141220092773,1015.27557373047,915.623168945312,-2.3488883972168,-0.395588964223862,109.89769744873,56.2619895935059,-3.36894083023071,-0.107174977660179,0.0966970846056938,0.0186571106314659,70
738534.46089098881930112839,56.081729888916,-2.89474630355835,3.621169090271,0.0669955164194107,-0.00265023834072053,42.4915084838867,-71.5140075683594,1014.71405029297,914.847961425781,-2.33125329017639,-0.233631759881973,109.925605773926,56.273021697998,-3.35484766960144,-0.081965483725071,0.0963582247495651,0.0200121235102415,70
738534.46089290874078869820,56.0930557250977,-2.87647533416748,3.61327052116394,0.0669955164194107,-0.00265023834072053,42.4915046691895,-71.5138931274414,1014.17529296875,914.103088378906,-2.31369590759277,-0.0764793753623962,109.95157623291,56.2828636169434,-3.34052634239197,-0.0556475073099136,0.0960645973682404,0.0213344413787127,70
738534.46089489141013473272,56.103630065918,-2.85715389251709,3.60965871810913,0.0669955164194107,-0.00265023834072053,42.4915008544922,-71.5137786865234,1013.62341308594,913.338684082031,-2.29515552520752,0.0852246284484863,109.977333068848,56.2921829223633,-3.32502937316895,-0.0281344652175903,0.095797672867775,0.0227164551615715,70
738534.46089695324189960957,56.1132469177246,-2.83701777458191,3.61071538925171,0.0669955164194107,-0.00265023834072053,42.4914932250977,-71.5136566162109,1013.06500244141,912.56396484375,-2.27585291862488,0.249635189771652,110.002510070801,56.3008193969727,-3.30852651596069,-0.000144770907354541,0.0955638140439987,0.0241355355829,70
738534.46089897886849939823,56.1219444274902,-2.81579899787903,3.61681413650513,0.0669955164194107,-0.00265023834072053,42.4914894104004,-71.5135345458984,1012.49261474609,911.768188476562,-2.25552678108215,0.419064044952393,110.027320861816,56.3088150024414,-3.29077339172363,0.0285695921629667,0.0953639447689056,0.0256000589579344,70
738534.46090100705623626709,56.1292724609375,-2.7945396900177,3.62778234481812,0.0669955164194107,-0.00265023834072053,42.4914855957031,-71.5134201049805,1011.93347167969,910.989501953125,-2.23517990112305,0.585485875606537,110.050521850586,56.3157653808594,-3.27266621589661,0.056596077978611,0.0952092260122299,0.027050556614995,70
738534.46090312628075480461,56.1355628967285,-2.77219724655151,3.64428973197937,0.0669955164194107,-0.00265023834072053,42.4914779663086,-71.5132904052734,1011.35955810547,910.188537597656,-2.21380686759949,0.757348001003265,110.073303222656,56.3219947814941,-3.25329041481018,0.0852556303143501,0.0950943902134895,0.0285631343722343,70
738534.46090519148856401443,56.1404190063477,-2.75021982192993,3.66534757614136,0.0669955164194107,-0.00265023834072053,42.4914741516113,-71.5131683349609,1010.80639648438,909.4150390625,-2.19279837608337,0.923988997936249,110.094207763672,56.3271255493164,-3.2339289188385,0.11311661452055,0.0950269401073456,0.0300318952649832,70
738534.46090722747612744570,56.1440620422363,-2.72771883010864,3.691725730896,0.0669955164194107,-0.00265023834072053,42.4914665222168,-71.5130462646484,1010.25012207031,908.635375976562,-2.17129564285278,1.09261894226074,110.114120483398,56.3313865661621,-3.21377778053284,0.141164273023605,0.0950038507580757,0.0315255150198936,70
738534.46090923924930393696,56.146354675293,-2.7059121131897,3.72187852859497,0.0669955164194107,-0.00265023834072053,42.4914627075195,-71.5129318237305,1009.71923828125,907.889892578125,-2.15046262741089,1.25455546379089,110.13208770752,56.334602355957,-3.19397401809692,0.167903736233711,0.0950249955058098,0.0329601541161537,70
738534.46091124205850064754,56.1474838256836,-2.68348479270935,3.7575626373291,0.0669955164194107,-0.00265023834072053,42.4914588928223,-71.512809753418,1009.18041992188,907.131591796875,-2.12904596328735,1.41996097564697,110.149230957031,56.337028503418,-3.17329812049866,0.19469641149044,0.0950909405946732,0.0344296768307686,70
738534.46091321867424994707,56.1475296020508,-2.66163492202759,3.79688024520874,0.0669955164194107,-0.00265023834072053,42.4914512634277,-71.5126953125,1008.66149902344,906.39990234375,-2.10819888114929,1.58024299144745,110.164672851562,56.3386688232422,-3.15289664268494,0.220395177602768,0.0951982364058495,0.0358574166893959,70
738534.46091512404382228851,56.1465377807617,-2.64051580429077,3.83914589881897,0.0669955164194107,-0.00265023834072053,42.4914474487305,-71.512580871582,1008.1650390625,905.6982421875,-2.08804774284363,1.73458850383759,110.178489685059,56.3395500183105,-3.13296604156494,0.24494780600071,0.0953424870967865,0.0372325889766216,70
738534.46091712848283350468,56.1443824768066,-2.61879587173462,3.88756322860718,0.0669955164194107,-0.00265023834072053,42.4914398193359,-71.5124664306641,1007.65063476562,904.9697265625,-2.06701898574829,1.88553059101105,110.191825866699,56.3397102355957,-3.11187434196472,0.276284545660019,0.0955355614423752,0.0386660657823086,70
738534.46091910102404654026,56.1413726806641,-2.59936785697937,3.93869185447693,0.0669955164194107,-0.00265023834072053,42.4914360046387,-71.5123443603516,1007.14093017578,904.246459960938,-2.0477032661438,1.91955244541168,110.204025268555,56.3393592834473,-3.09065723419189,0.324818462133408,0.0957711562514305,0.0400888100266457,70
738534.46092121151741594076,56.1374359130859,-2.5776686668396,3.9930636882782,0.0669955164194107,-0.00265023834072053,42.4914321899414,-71.5122222900391,1006.61279296875,903.495422363281,-2.02877163887024,1.85854387283325,110.215629577637,56.3382682800293,-3.06851601600647,0.33544385433197,0.0960609167814255,0.0415653921663761,70
738534.46092322072945535183,56.1330642700195,-2.55598473548889,4.04561901092529,0.0669955164194107,-0.00265023834072053,42.4914245605469,-71.5121002197266,1006.09259033203,902.754028320312,-2.00896716117859,1.79809975624084,110.226028442383,56.3366737365723,-3.04661798477173,0.332825809717178,0.0963927656412125,0.0430222377181053,70
738534.46092532167676836252,56.128173828125,-2.5339994430542,4.09715509414673,0.0669955164194107,-0.00265023834072053,42.4914169311523,-71.5119781494141,1005.57104492188,902.009155273438,-1.98875093460083,1.73738920688629,110.235382080078,56.3345336914062,-3.02452826499939,0.322638362646103,0.0967731401324272,0.0444812849164009,70
738534.46092732110992074013,56.1229591369629,-2.51251125335693,4.1457257270813,0.0669955164194107,-0.00265023834072053,42.4914131164551,-71.5118637084961,1005.06713867188,901.287780761719,-1.96884143352509,1.67860662937164,110.24340057373,56.3319320678711,-3.00305819511414,0.308817237615585,0.0971870422363281,0.0458833016455173,70
738534.46092930366285145283,56.1174125671387,-2.49135851860046,4.19177484512329,0.0669955164194107,-0.00265023834072053,42.4914054870605,-71.5117492675781,1004.57647705078,900.84814453125,-1.94914424419403,1.62122941017151,110.250244140625,56.3288726806641,-2.98200058937073,0.293665021657944,0.0976352840662003,0.0472467094659805,70
738534.46093131194356828928,56.111328125,-2.46970272064209,4.23710823059082,0.0669955164194107,-0.00265023834072053,42.4914016723633,-71.5116271972656,1004.07934570312,900.489196777344,-1.92889440059662,1.56290423870087,110.256134033203,56.3252487182617,-2.96046328544617,0.277896702289581,0.0981357172131538,0.0486312471330166,70
738534.46093334653414785862,56.1047859191895,-2.44787955284119,4.28096580505371,0.0669955164194107,-0.00265023834072053,42.4913940429688,-71.5115051269531,1003.58319091797,900.13232421875,-1.90842580795288,1.50444102287292,110.260986328125,56.3210983276367,-2.93876647949219,0.262377589941025,0.0986835584044456,0.0500073879957199,70
738534.46093531325459480286,56.0979995727539,-2.4265878200531,4.32202339172363,0.0669955164194107,-0.00265023834072053,42.4913864135742,-71.5113906860352,1003.10302734375,899.788391113281,-1.88841617107391,1.44760859012604,110.264663696289,56.3165512084961,-2.91758465766907,0.247923150658607,0.0992605835199356,0.0513346940279007,70
738534.46093737077899277210,56.0904235839844,-2.40409159660339,4.36356449127197,0.0669955164194107,-0.00265023834072053,42.491382598877,-71.5112686157227,1002.59973144531,899.429260253906,-1.86724472045898,1.38771367073059,110.267463684082,56.3112411499023,-2.89512014389038,0.233483970165253,0.0999159067869186,0.0527251698076725,70
738534.46093943808227777481,56.0824851989746,-2.38177514076233,4.40297603607178,0.0669955164194107,-0.00265023834072053,42.4913749694824,-71.5111465454102,1002.10345458984,899.076538085938,-1.84621095657349,1.32831072807312,110.269065856934,56.3054542541504,-2.8727662563324,0.219967439770699,0.100614622235298,0.0540844835340977,70
738534.46094163658563047647,56.0737915039062,-2.35865306854248,4.44197177886963,0.0669955164194107,-0.00265023834072053,42.4913673400879,-71.5110168457031,1001.59149169922,898.714294433594,-1.82439482212067,1.26664507389069,110.269569396973,56.298885345459,-2.84946084022522,0.206781074404716,0.101390793919563,0.0554859824478626,70
738534.46094370388891547918,56.0651588439941,-2.33682894706726,4.47708940505981,0.0669955164194107,-0.00265023834072053,42.4913635253906,-71.5108947753906,1001.10961914062,898.374694824219,-1.80378973484039,1.20820641517639,110.268890380859,56.2921600341797,-2.82737326622009,0.194906800985336,0.102174118161201,0.0567935220897198,70
738534.46094578888732939959,56.0559387207031,-2.31463837623596,4.51113939285278,0.0669955164194107,-0.00265023834072053,42.4913558959961,-71.5107727050781,1000.62030029297,898.031311035156,-1.78282904624939,1.14845204353333,110.267082214355,56.2847785949707,-2.80474758148193,0.183313429355621,0.103022888302803,0.0581095926463604,70
738534.46094790939241647720,56.0462226867676,-2.29235434532166,4.54365491867065,0.0669955164194107,-0.00265023834072053,42.4913482666016,-71.5106430053711,1000.12890625,897.687866210938,-1.76177144050598,1.08804953098297,110.264068603516,56.2768058776855,-2.7818591594696,0.171993836760521,0.103930585086346,0.0594288855791092,70
738534.46095011464785784483,56.0357704162598,-2.26950430870056,4.57525968551636,0.0669955164194107,-0.00265023834072053,42.491340637207,-71.5105133056641,999.624206542969,897.336791992188,-1.74016690254211,1.02558791637421,110.259742736816,56.2680320739746,-2.75819253921509,0.160633221268654,0.104921713471413,0.0607756115496159,70
738534.46095227997284382582,56.0252571105957,-2.24757242202759,4.6039400100708,0.0669955164194107,-0.00265023834072053,42.4913330078125,-71.5103912353516,999.138061523438,897,-1.71942806243896,0.964983880519867,110.254386901855,56.2590179443359,-2.73531579971313,0.149819150567055,0.105933472514153,0.0620592795312405,70
738534.46095442422665655613,56.0145645141602,-2.22623801231384,4.63026809692383,0.0669955164194107,-0.00265023834072053,42.491325378418,-71.5102615356445,998.662658691406,896.672729492188,-1.69924628734589,0.905293703079224,110.247993469238,56.249683380127,-2.71288967132568,0.139370456337929,0.106977969408035,0.0633112043142319,70
738534.46095662121661007404,56.003173828125,-2.20450615882874,4.65547132492065,0.0669955164194107,-0.00265023834072053,42.4913177490234,-71.5101318359375,998.174926757812,896.42626953125,-1.67867743968964,0.84360271692276,110.240180969238,56.2395668029785,-2.68982434272766,0.128724932670593,0.10810661315918,0.064601793885231,70
738534.46095891017466783524,55.9909210205078,-2.18217015266418,4.67962980270386,0.0669955164194107,-0.00265023834072053,42.4913101196289,-71.5100021362305,997.669128417969,896.173034667969,-1.65753042697906,0.779126942157745,110.230796813965,56.2285003662109,-2.66587567329407,0.117771342396736,0.109339326620102,0.0659458562731743,70
738534.46096125058829784393,55.9782562255859,-2.16011095046997,4.7016716003418,0.0669955164194107,-0.00265023834072053,42.4913024902344,-71.5098648071289,997.164245605469,895.922607421875,-1.63664126396179,0.714265584945679,110.220123291016,56.2168731689453,-2.6420214176178,0.106930039823055,0.110633425414562,0.0672741830348969,70
738534.46096363745164126158,55.964786529541,-2.13772583007812,4.72214269638062,0.0669955164194107,-0.00265023834072053,42.4912948608398,-71.5097198486328,996.644714355469,895.667358398438,-1.6154351234436,0.646981239318848,110.20777130127,56.2043228149414,-2.61754941940308,0.0957254841923714,0.112032026052475,0.0686346963047981,70
738534.46096587367355823517,55.9516220092773,-2.1168315410614,4.73942899703979,0.0669955164194107,-0.00265023834072053,42.4912872314453,-71.5095901489258,996.151916503906,895.427551269531,-1.59562993049622,0.582653939723969,110.194770812988,56.1918792724609,-2.59450960159302,0.084991492331028,0.113421946763992,0.0699196979403496,70
738534.46096823015250265598,55.9379348754883,-2.09608888626099,4.75474786758423,0.0669955164194107,-0.00265023834072053,42.4912796020508,-71.5094528198242,995.653564453125,895.187316894531,-1.57596111297607,0.517110645771027,110.180397033691,56.1787643432617,-2.5713791847229,0.0740522146224976,0.114889547228813,0.0712255239486694,70
738534.46097038662992417812,55.9249839782715,-2.07731890678406,4.76690769195557,0.0669955164194107,-0.00265023834072053,42.4912719726562,-71.5093231201172,995.193420410156,894.967407226562,-1.5581556558609,0.456149190664291,110.166023254395,56.166202545166,-2.55027318000793,0.0638797283172607,0.116300582885742,0.0724259093403816,70
738534.46097259887028485537,55.9111289978027,-2.05809187889099,4.77755641937256,0.0669955164194107,-0.00265023834072053,42.4912643432617,-71.5091857910156,994.711975097656,894.739440917969,-1.53992140293121,0.39185506105423,110.149780273438,56.1526069641113,-2.5283796787262,0.0532375648617744,0.117834202945232,0.0736886262893677,70
738534.46097479271702468395,55.8974380493164,-2.03994035720825,4.78578662872314,0.0669955164194107,-0.00265023834072053,42.4912567138672,-71.5090560913086,994.245849609375,894.520568847656,-1.52268528938293,0.329158514738083,110.132987976074,56.1390151977539,-2.50751256942749,0.0428191497921944,0.119374707341194,0.0749031230807304,70
738534.46097706933505833149,55.8835372924805,-2.02189493179321,4.79207754135132,0.0669955164194107,-0.00265023834072053,42.4912490844727,-71.5089263916016,993.782836914062,894.305053710938,-1.50594210624695,0.276592701673508,110.115242004395,56.125057220459,-2.48708987236023,0.0284372735768557,0.120958670973778,0.0761098861694336,70
738534.46097931428812444210,55.8692321777344,-2.00955533981323,4.8007664680481,0.0669955164194107,-0.00265023834072053,42.4912414550781,-71.5087890625,993.31982421875,893.975891113281,-1.49136018753052,0.520451009273529,110.096519470215,56.1111106872559,-2.46707153320312,-0.0402976460754871,0.122594475746155,0.0773097798228264,70
738534.46098143921699374914,55.8538589477539,-1.99575436115265,4.81772136688232,0.0669955164194107,-0.00265023834072053,42.4912338256836,-71.5086669921875,992.87744140625,893.615417480469,-1.48064470291138,1.03420877456665,110.077819824219,56.0967674255371,-2.44875001907349,-0.015279839746654,0.124198652803898,0.0784536823630333,70
738534.46098353504203259945,55.8369255065918,-1.98322355747223,4.84783172607422,0.0669955164194107,-0.00265023834072053,42.4912261962891,-71.508544921875,992.455383300781,893.272155761719,-1.46970307826996,1.52876150608063,110.059204101562,56.0820541381836,-2.43201088905334,0.0467385984957218,0.125767365098,0.0795424208045006,70
738534.46098566404543817043,55.8176307678223,-1.97163534164429,4.89277982711792,0.0669955164194107,-0.00265023834072053,42.4912185668945,-71.508415222168,992.029235839844,892.926330566406,-1.46220803260803,2.03025650978088,110.039695739746,56.0663414001465,-2.41579914093018,0.127731919288635,0.127387538552284,0.0806441083550453,70
738534.46098787942901253700,55.7951126098633,-1.96304607391357,4.95581293106079,0.0669955164194107,-0.00265023834072053,42.4912109375,-71.5082855224609,991.582275390625,892.564575195312,-1.46126890182495,2.54648876190186,110.01847076416,56.0491561889648,-2.39960145950317,0.223375245928764,0.129122227430344,0.081803634762764,70
738534.46099008119199424982,55.7704162597656,-1.9586353302002,5.03489971160889,0.0669955164194107,-0.00265023834072053,42.4912033081055,-71.5081558227539,991.136474609375,892.204650878906,-1.45850896835327,3.05818581581116,109.99666595459,56.0314712524414,-2.38462448120117,0.321639001369476,0.130881562829018,0.0829495936632156,70
738534.46099220798350870609,55.7448577880859,-1.9541118144989,5.12451601028442,0.0669955164194107,-0.00265023834072053,42.4911956787109,-71.5080337524414,990.7138671875,891.864501953125,-1.45414125919342,3.51397705078125,109.975601196289,56.0140037536621,-2.37190628051758,0.428753733634949,0.132567778229713,0.0840264931321144,70
738534.46099434362258762121,55.7166481018066,-1.95207512378693,5.22960519790649,0.0669955164194107,-0.00265023834072053,42.4911880493164,-71.5079040527344,990.274841308594,891.512268066406,-1.47217440605164,3.75638270378113,109.95329284668,55.9955749511719,-2.36021590232849,0.5455082654953,0.134336084127426,0.0851363465189934,70
738534.46099649125244468451,55.6890258789062,-1.96173918247223,5.33648729324341,0.0669955164194107,-0.00265023834072053,42.4911804199219,-71.5077819824219,989.847778320312,891.170532226562,-1.47973561286926,3.75641465187073,109.931571960449,55.9785118103027,-2.35068511962891,0.633829534053802,0.136058747768402,0.0861935988068581,70
738534.46099854446947574615,55.6620140075684,-1.96337985992432,5.44153165817261,0.0669955164194107,-0.00265023834072053,42.4911727905273,-71.5076599121094,989.433166503906,890.839538574219,-1.47366034984589,3.69333791732788,109.910591125488,55.9618186950684,-2.34377694129944,0.658788502216339,0.137722849845886,0.0871875286102295,70
738534.46100060769822448492,55.6352577209473,-1.96405005455017,5.54497098922729,0.0669955164194107,-0.00265023834072053,42.4911613464355,-71.5075378417969,989.02099609375,890.511535644531,-1.47508454322815,3.63321042060852,109.88990020752,55.945384979248,-2.33884382247925,0.658648610115051,0.13937209546566,0.0881520509719849,70
738534.46100270154420286417,55.6081275939941,-1.96644020080566,5.65053033828735,0.0669955164194107,-0.00265023834072053,42.491153717041,-71.5074157714844,988.596740722656,890.174865722656,-1.51245486736298,3.60319685935974,109.868789672852,55.9290580749512,-2.33520102500916,0.638893604278564,0.141068488359451,0.0891250595450401,70
738534.46100469538941979408,55.5833473205566,-1.98047852516174,5.74898052215576,0.0669955164194107,-0.00265023834072053,42.4911460876465,-71.5073013305664,988.194519042969,889.856323242188,-1.5488041639328,3.58717465400696,109.849212646484,55.9149513244629,-2.33306360244751,0.6221524477005,0.142664983868599,0.0900067239999771,70
738534.46100669202860444784,55.5591049194336,-1.99747037887573,5.84719657897949,0.0669955164194107,-0.00265023834072053,42.491138458252,-71.5071792602539,987.788391113281,889.535034179688,-1.56666958332062,3.56885671615601,109.830131530762,55.9016456604004,-2.33292841911316,0.609667003154755,0.144249841570854,0.0908613801002502,70
738534.46100874932017177343,55.5342254638672,-2.01493310928345,5.94892692565918,0.0669955164194107,-0.00265023834072053,42.4911270141602,-71.5070571899414,987.362426757812,889.198364257812,-1.56763815879822,3.53982162475586,109.810974121094,55.8882827758789,-2.33542108535767,0.601091861724854,0.145873516798019,0.0917205065488815,70
738534.46101082814857363701,55.5099258422852,-2.02602767944336,6.04831027984619,0.0669955164194107,-0.00265023834072053,42.4911193847656,-71.5069427490234,986.942199707031,888.86669921875,-1.56267189979553,3.50015759468079,109.792976379395,55.8752059936523,-2.34035658836365,0.58960348367691,0.147436216473579,0.0925309211015701,70
738534.46101280546281486750,55.4861106872559,-2.03437399864197,6.14529275894165,0.0669955164194107,-0.00265023834072053,42.4911117553711,-71.5068206787109,986.526672363281,888.539306640625,-1.56059849262238,3.45995426177979,109.775970458984,55.8624382019043,-2.34693312644958,0.576525926589966,0.148950144648552,0.0932841673493385,70
738534.46101487905252724886,55.461971282959,-2.04026079177856,6.24348068237305,0.0669955164194107,-0.00265023834072053,42.4911003112793,-71.506706237793,986.100708007812,888.204345703125,-1.56708312034607,3.42073345184326,109.759223937988,55.8495635986328,-2.35464954376221,0.562033772468567,0.150476679205894,0.0940131992101669,70
738534.46101704810280352831,55.4374809265137,-2.04887080192566,6.34385347366333,0.0669955164194107,-0.00265023834072053,42.4910926818848,-71.5065765380859,985.658935546875,887.857727050781,-1.59280264377594,3.39273428916931,109.742530822754,55.8368721008301,-2.36299300193787,0.544804871082306,0.152037709951401,0.0947311222553253,70
738534.46101925056427717209,55.4128456115723,-2.06440663337708,6.44684791564941,0.0669955164194107,-0.00265023834072053,42.491081237793,-71.5064544677734,985.197814941406,887.496459960938,-1.62379729747772,3.37167072296143,109.725959777832,55.8247871398926,-2.37192463874817,0.533042013645172,0.153639271855354,0.0954301580786705,70
738534.46102138084825128317,55.3897399902344,-2.08293533325195,6.54570293426514,0.0669955164194107,-0.00265023834072053,42.4910697937012,-71.5063247680664,984.748291015625,887.144592285156,-1.64943504333496,3.35098052024841,109.710784912109,55.8140487670898,-2.38128399848938,0.525859892368317,0.155163273215294,0.0960569977760315,70
738534.46102361055091023445,55.3661689758301,-2.10328507423401,6.64834833145142,0.0669955164194107,-0.00265023834072053,42.4910583496094,-71.5061950683594,984.274047851562,886.773559570312,-1.66016328334808,3.32453870773315,109.695945739746,55.8035545349121,-2.39241123199463,0.522974133491516,0.156722724437714,0.0966732874512672,70
738534.46102571627125144005,55.3443298339844,-2.12025809288025,6.74398374557495,0.0669955164194107,-0.00265023834072053,42.4910507202148,-71.5060729980469,983.82421875,886.421875,-1.65279233455658,3.27080917358398,109.682998657227,55.7940101623535,-2.40426993370056,0.524108350276947,0.158152639865875,0.0972077175974846,70
738534.46102778508793562651,55.3228187561035,-2.12809252738953,6.83770704269409,0.0669955164194107,-0.00265023834072053,42.491039276123,-71.5059509277344,983.376770019531,886.072509765625,-1.64570689201355,3.21010494232178,109.671112060547,55.7843818664551,-2.41699576377869,0.517391741275787,0.159534692764282,0.0976960211992264,70
738534.46102983015589416027,55.3022117614746,-2.13325834274292,6.92826128005981,0.0669955164194107,-0.00265023834072053,42.4910278320312,-71.5058364868164,982.936767578125,885.729614257812,-1.67879617214203,3.15692234039307,109.660133361816,55.775318145752,-2.42948126792908,0.502722203731537,0.160866975784302,0.0981373190879822,70
738534.46103193284943699837,55.2822799682617,-2.15372824668884,7.01941633224487,0.0669955164194107,-0.00265023834072053,42.4910163879395,-71.5057067871094,982.480285644531,885.374328613281,-1.74307942390442,3.10939049720764,109.649612426758,55.7677421569824,-2.44188332557678,0.48716813325882,0.162222117185593,0.0985486879944801,70
738534.46103398024570196867,55.2644691467285,-2.18198943138123,7.10584783554077,0.0669955164194107,-0.00265023834072053,42.4910087585449,-71.5055923461914,982.034240722656,885.026977539062,-1.79733455181122,3.0623152256012,109.640472412109,55.762134552002,-2.45432233810425,0.478218108415604,0.163502857089043,0.0988987684249878,70
738534.46103608328849077225,55.2475776672363,-2.21568536758423,7.1930193901062,0.0669955164194107,-0.00265023834072053,42.4909973144531,-71.5054702758789,981.571044921875,884.665893554688,-1.84601581096649,3.01499319076538,109.632369995117,55.7579002380371,-2.46881365776062,0.469024479389191,0.164770200848579,0.0992178469896317,70
738534.46103811124339699745,55.2324714660645,-2.24951696395874,7.2765736579895,0.0628316327929497,-0.00265023834072053,42.4909858703613,-71.5053482055664,981.114807128906,884.309692382812,-1.89250683784485,2.97643256187439,109.625953674316,55.7551307678223,-2.48540043830872,0.46233931183815,0.165944874286652,0.0994926914572716,70
738534.46104016329627484083,55.219482421875,-2.28268933296204,7.35997009277344,0.045108649879694,-0.00265023834072053,42.4909744262695,-71.5052337646484,980.6513671875,883.947509765625,-2.05206513404846,2.95233106613159,109.621223449707,55.7545623779297,-2.50463628768921,0.444207459688187,0.167064130306244,0.0997316762804985,70
738534.46104225213639438152,55.2101440429688,-2.3674156665802,7.44232320785522,0.045108649879694,-0.00265023834072053,42.4909629821777,-71.5051116943359,980.165344238281,883.566040039062,-2.2408299446106,2.93056464195251,109.618675231934,55.7597770690918,-2.52783226966858,0.431028515100479,0.168132171034813,0.0999407917261124,70
738534.46104430186096578836,55.2049255371094,-2.46415877342224,7.51998996734619,0.045108649879694,-0.00265023834072053,42.4909515380859,-71.5049896240234,979.682250976562,883.184143066406,-2.39101028442383,2.87342238426208,109.619186401367,55.7692222595215,-2.55691242218018,0.437443196773529,0.169037505984306,0.100097082555294,70
738534.46104642213322222233,55.2031173706055,-2.58828663825989,7.60539388656616,0.045108649879694,-0.00265023834072053,42.4909362792969,-71.5048599243164,979.104675292969,882.723693847656,-2.50072026252747,2.65470409393311,109.62451171875,55.7846336364746,-2.602618932724,0.465350419282913,0.169877752661705,0.100240036845207,70
738534.46104860689956694841,55.2047882080078,-2.69279766082764,7.68211698532104,0.045108649879694,-0.00265023834072053,42.4909248352051,-71.5047302246094,978.539733886719,882.269836425781,-2.56710696220398,2.45441842079163,109.634498596191,55.8017463684082,-2.65767002105713,0.42070397734642,0.170435711741447,0.1003223285079,70
738534.46105070877820253372,55.2087783813477,-2.77931547164917,7.75300884246826,0.045108649879694,-0.00265023834072053,42.4909133911133,-71.5046081542969,977.973876953125,881.812561035156,-2.59085035324097,2.39178037643433,109.649208068848,55.8197364807129,-2.72129464149475,0.402487188577652,0.170761451125145,0.100364580750465,70
738534.46105290250852704048,55.2145767211914,-2.85452699661255,7.82564210891724,0.045108649879694,-0.00265023834072053,42.4909019470215,-71.5044784545898,977.370910644531,881.323120117188,-2.62470030784607,2.32720923423767,109.669532775879,55.8394012451172,-2.79477739334106,0.38406640291214,0.170891880989075,0.100362502038479,70
738534.46105499216355383396,55.2216720581055,-2.91833782196045,7.89358472824097,0.045108649879694,-0.00265023834072053,42.4908905029297,-71.5043563842773,976.783752441406,880.844909667969,-2.66336131095886,2.26578974723816,109.693222045898,55.8592720031738,-2.86808919906616,0.367419868707657,0.170840531587601,0.100329741835594,70
738534.46105703886132687330,55.2301406860352,-2.9760570526123,7.95886182785034,0.045108649879694,-0.00265023834072053,42.4908752441406,-71.5042419433594,976.197448730469,880.365966796875,-2.70795607566833,2.20563197135925,109.720260620117,55.8799514770508,-2.94059324264526,0.352624237537384,0.170642957091331,0.100255094468594,70
738534.46105907857418060303,55.2401466369629,-3.03048849105835,8.02208995819092,0.045108649879694,-0.00265023834072053,42.4908638000488,-71.5041198730469,975.607543945312,879.882995605469,-2.77170610427856,2.14606881141663,109.750427246094,55.9018058776855,-3.01127171516418,0.338319718837738,0.170317471027374,0.100158549845219,70
738534.46106120175682008266,55.2523956298828,-3.09284901618958,8.08642578125,0.045108649879694,-0.00265023834072053,42.490852355957,-71.5039978027344,974.979675292969,879.367553710938,-2.83443093299866,2.08396601676941,109.785400390625,55.926586151123,-3.08328199386597,0.326425462961197,0.169847369194031,0.10001665353775,70
738534.46106331166811287403,55.2662391662598,-3.15075325965881,8.14874935150146,0.045108649879694,-0.00265023834072053,42.490837097168,-71.5038757324219,974.346557617188,878.846557617188,-2.88236165046692,2.02233624458313,109.823348999023,55.9525375366211,-3.15262985229492,0.318389356136322,0.169250398874283,0.099847823381424,70
738534.46106549364048987627,55.2822303771973,-3.20786499977112,8.21189498901367,0.045108649879694,-0.00265023834072053,42.4908256530762,-71.5037460327148,973.6787109375,878.234069824219,-2.93206238746643,1.95835196971893,109.866104125977,55.9808044433594,-3.22251391410828,0.309974491596222,0.168496876955032,0.0996415391564369,70
738534.46106765000149607658,55.2996444702148,-3.26200413703918,8.27286148071289,0.045108649879694,-0.00265023834072053,42.4908142089844,-71.5036239624023,973.007141113281,877.285339355469,-2.98021984100342,1.89501941204071,109.911575317383,56.0101013183594,-3.28938031196594,0.301435619592667,0.16762176156044,0.0993964225053787,70
738534.46106994210276752710,55.319637298584,-3.31696772575378,8.33548927307129,0.045108649879694,-0.00265023834072053,42.4907989501953,-71.5034866333008,972.287719726562,876.273559570312,-3.0267436504364,1.82825136184692,109.962844848633,56.042350769043,-3.3574845790863,0.292589575052261,0.166564777493477,0.0991039127111435,70
738534.46107215736992657185,55.3405456542969,-3.36651921272278,8.39467906951904,0.045108649879694,-0.00265023834072053,42.4907836914062,-71.5033645629883,971.578979492188,875.281311035156,-3.06708550453186,1.76345384120941,110.015563964844,56.0747718811035,-3.42102909088135,0.28415247797966,0.16541263461113,0.0987870916724205,70
738534.46107430360279977322,55.3618354797363,-3.41106772422791,8.44958305358887,0.045108649879694,-0.00265023834072053,42.4907722473145,-71.5032348632812,970.894958496094,874.477355957031,-3.11405372619629,1.70172548294067,110.068313598633,56.1067199707031,-3.479083776474,0.274562031030655,0.164205715060234,0.098456084728241,70
738534.46107661735732108355,55.386360168457,-3.45975828170776,8.50725841522217,0.045108649879694,-0.00265023834072053,42.4907569885254,-71.5031051635742,970.144592285156,874.182189941406,-3.16189908981323,1.63499414920807,110.128280639648,56.1426086425781,-3.53941416740417,0.264754295349121,0.162785157561302,0.0980625674128532,70
738534.46107885811943560839,55.4124450683594,-3.50633001327515,8.56329727172852,0.045108649879694,-0.00265023834072053,42.4907417297363,-71.5029678344727,969.382629394531,873.877319335938,-3.20548176765442,1.56814980506897,110.191047668457,56.179744720459,-3.59732866287231,0.255504220724106,0.161244586110115,0.0976326838135719,70
738534.46108104218728840351,55.4384765625,-3.5484344959259,8.61540508270264,0.045108649879694,-0.00265023834072053,42.4907264709473,-71.5028457641602,968.648559570312,873.579162597656,-3.24464964866638,1.52753221988678,110.253082275391,56.2160224914551,-3.6501772403717,0.236098170280457,0.159673422574997,0.0971928760409355,70
738534.46108328422997146845,55.4657135009766,-3.58760833740234,8.66835403442383,0.045108649879694,-0.00265023834072053,42.4907150268555,-71.5027160644531,967.894836425781,873.268981933594,-3.27598071098328,1.58248722553253,110.318359375,56.2535018920898,-3.70173835754395,0.221940770745277,0.157978415489197,0.0967179983854294,70
738534.46108552254736423492,55.4930038452148,-3.62923216819763,8.72726154327393,0.045108649879694,-0.00265023834072053,42.4906997680664,-71.5025863647461,967.134033203125,872.951843261719,-3.32454061508179,1.9549697637558,110.385688781738,56.2921829223633,-3.75103640556335,0.154912695288658,0.156190544366837,0.0962244346737862,70
738534.46108774119056761265,55.5189552307129,-3.67454934120178,8.79793167114258,0.045108649879694,-0.00265023834072053,42.4906845092773,-71.5024566650391,966.361633300781,872.94091796875,-3.39490008354187,2.572265625,110.455390930176,56.3316993713379,-3.7987380027771,0.221465140581131,0.154300585389137,0.0957035347819328,70
738534.46108990313950926065,55.542781829834,-3.72735095024109,8.87793064117432,0.045108649879694,-0.00265023834072053,42.4906692504883,-71.502326965332,965.598754882812,873.110290527344,-3.42630052566528,2.68065881729126,110.525329589844,56.3711929321289,-3.84438920021057,0.369617313146591,0.152358934283257,0.0951650217175484,70
738534.46109209000132977962,55.5667915344238,-3.76189351081848,8.96325016021729,0.045108649879694,-0.00265023834072053,42.4906539916992,-71.502197265625,964.820251464844,873.274108886719,-3.43478751182556,2.61323809623718,110.597946166992,56.4106369018555,-3.89042520523071,0.419809073209763,0.150293782353401,0.0945945829153061,70
738534.46109408873599022627,55.5894012451172,-3.78792452812195,9.0412654876709,0.045108649879694,-0.00265023834072053,42.4906425476074,-71.502082824707,964.096618652344,873.420227050781,-3.44672250747681,2.55211138725281,110.666412353516,56.447093963623,-3.93184375762939,0.438987672328949,0.148307085037231,0.0940448492765427,70
738534.46109612914733588696,55.6121635437012,-3.81362128257751,9.12229442596436,0.045108649879694,-0.00265023834072053,42.4906272888184,-71.5019607543945,963.369262695312,873.562744140625,-3.49129343032837,2.72798776626587,110.736145019531,56.4842681884766,-3.97137069702148,0.353679746389389,0.14625708758831,0.0934749245643616,70
738534.46109813998918980360,55.6343231201172,-3.85113954544067,9.20935821533203,0.045108649879694,-0.00265023834072053,42.4906158447266,-71.501838684082,962.633422851562,873.700744628906,-3.56923341751099,3.29488301277161,110.807525634766,56.5227508544922,-4.00901412963867,0.387319475412369,0.144139051437378,0.0928736627101898,70
738534.46110014850273728371,55.6547088623047,-3.89458107948303,9.30350780487061,0.045108649879694,-0.00265023834072053,42.4906005859375,-71.5017242431641,961.901123046875,873.828918457031,-3.58066010475159,3.35336542129517,110.879150390625,56.5611991882324,-4.04527568817139,0.518251717090607,0.141983702778816,0.0922538265585899,70
738534.46110208018217235804,55.6743659973145,-3.91810822486877,9.400315284729,0.045108649879694,-0.00265023834072053,42.4905853271484,-71.5016098022461,961.175231933594,873.95068359375,-3.57921147346497,3.29199314117432,110.950912475586,56.5981674194336,-4.08084964752197,0.552359104156494,0.139788404107094,0.0916087627410889,70
738534.46110406820662319660,55.6942024230957,-3.93618321418762,9.49665927886963,0.045108649879694,-0.00265023834072053,42.4905738830566,-71.5014953613281,960.444213867188,874.069946289062,-3.58129644393921,3.23077964782715,111.02392578125,56.635009765625,-4.11545896530151,0.564913332462311,0.137527495622635,0.0909329280257225,70
738534.46110606391448527575,55.7140312194824,-3.94974422454834,9.59167098999023,0.045108649879694,-0.00265023834072053,42.4905586242676,-71.5013809204102,959.7138671875,874.186157226562,-3.58413815498352,3.17024326324463,111.097480773926,56.6714553833008,-4.14797353744507,0.563880562782288,0.135229259729385,0.0902274176478386,70
738534.46110829408280551434,55.7366981506348,-3.96083235740662,9.6986198425293,0.045108649879694,-0.00265023834072053,42.4905433654785,-71.5012435913086,958.87939453125,874.316650390625,-3.58905577659607,3.10251641273499,111.182304382324,56.7127075195312,-4.18192768096924,0.553262591362,0.132565587759018,0.0893824398517609,70
738534.46111051959451287985,55.7591590881348,-3.96871376037598,9.80289936065674,0.045108649879694,-0.00265023834072053,42.4905281066895,-71.5011138916016,958.05126953125,874.444946289062,-3.59065198898315,3.0347888469696,111.266693115234,56.7532501220703,-4.21163272857666,0.538429915904999,0.129893198609352,0.088505320250988,70
738534.46111281728371977806,55.7812538146973,-3.97290015220642,9.9037561416626,0.045108649879694,-0.00265023834072053,42.4905090332031,-71.5009918212891,957.235595703125,874.570495605469,-3.59041976928711,2.96426558494568,111.34986114502,56.7927513122559,-4.2368540763855,0.523368239402771,0.127239853143692,0.0875974074006081,70
738534.46111481077969074249,55.8028411865234,-3.97571802139282,9.99585819244385,0.045108649879694,-0.00265023834072053,42.4904937744141,-71.5008697509766,956.460998535156,874.689392089844,-3.60228729248047,2.76901650428772,111.429130554199,56.8302803039551,-4.25720024108887,0.539160072803497,0.124707244336605,0.0866923183202744,70
738534.46111709764227271080,55.8287162780762,-3.98396825790405,10.0922555923462,0.045108649879694,-0.00265023834072053,42.490478515625,-71.500732421875,955.585754394531,874.573974609375,-3.6398446559906,2.39732241630554,111.518295288086,56.873291015625,-4.27619314193726,0.498655587434769,0.121836759150028,0.0856312364339828,70
738534.46111936820670962334,55.8558387756348,-3.99019384384155,10.1778354644775,0.045108649879694,-0.00265023834072053,42.4904594421387,-71.5005950927734,954.738159179688,873.747131347656,-3.69875502586365,2.26719951629639,111.604377746582,56.9155921936035,-4.29149913787842,0.411473959684372,0.119046695530415,0.0845642983913422,70
738534.46112157579045742750,55.8837890625,-4.01629781723022,10.2572469711304,0.045108649879694,-0.00265023834072053,42.4904441833496,-71.5004653930664,953.898742675781,872.928344726562,-3.75925993919373,2.20242238044739,111.689453125,56.9591064453125,-4.30470609664917,0.374329417943954,0.116276040673256,0.0834631621837616,70
738534.46112364204600453377,55.9103050231934,-4.03986072540283,10.3287439346313,0.045108649879694,-0.00265023834072053,42.4904251098633,-71.5003433227539,953.117980957031,872.166748046875,-3.75978922843933,2.14260339736938,111.768341064453,56.999698638916,-4.3171854019165,0.357770442962646,0.113680176436901,0.0824113488197327,70
738534.46112568292301148176,55.9367904663086,-4.0503978729248,10.3977327346802,0.045108649879694,-0.00265023834072053,42.4904098510742,-71.5002288818359,952.349426269531,871.417175292969,-3.76693654060364,2.08483386039734,111.846145629883,57.0389595031738,-4.3303861618042,0.343995422124863,0.11109509319067,0.0813380777835846,70
738534.46112772158812731504,55.9640312194824,-4.06442022323608,10.466254234314,0.045108649879694,-0.00265023834072053,42.4903945922852,-71.5001068115234,951.563415527344,870.650634765625,-3.78479027748108,2.02802348136902,111.925956726074,57.0791969299316,-4.34424448013306,0.330467730760574,0.108426451683044,0.0802067294716835,70
738534.46112971007823944092,55.990779876709,-4.07664442062378,10.531457901001,0.045108649879694,-0.00265023834072053,42.4903793334961,-71.4999847412109,950.794799804688,869.901062011719,-3.77867865562439,1.97302997112274,112.004035949707,57.1182823181152,-4.35791730880737,0.322752326726913,0.105795197188854,0.0790683180093765,70
738534.46113171661272644997,56.0173721313477,-4.07939577102661,10.595100402832,0.045108649879694,-0.00265023834072053,42.490364074707,-71.499870300293,950.028381347656,869.153747558594,-3.75228595733643,1.91657102108002,112.081962585449,57.156307220459,-4.37140369415283,0.317547678947449,0.103150330483913,0.0779054090380669,70
738534.46113381721079349518,56.0446510314941,-4.0734395980835,10.65940284729,0.045108649879694,-0.00265023834072053,42.4903450012207,-71.4997482299805,949.23828125,868.383361816406,-3.74067664146423,1.85927450656891,112.162384033203,57.1945686340332,-4.38420248031616,0.308554738759995,0.100406661629677,0.0766696929931641,70
738534.46113589406013488770,56.0726470947266,-4.0676908493042,10.7241849899292,0.045108649879694,-0.00265023834072053,42.4903297424316,-71.4996185302734,948.420288085938,867.586059570312,-3.73425030708313,1.80070281028748,112.245552062988,57.2336959838867,-4.39515113830566,0.298490256071091,0.0975618585944176,0.0753443092107773,70
738534.46113790513481944799,56.0985679626465,-4.06152486801147,10.782244682312,0.045108649879694,-0.00265023834072053,42.4903144836426,-71.4995040893555,947.659240722656,866.844299316406,-3.70797204971313,1.71128022670746,112.322387695312,57.2695579528809,-4.40287733078003,0.306496232748032,0.094916895031929,0.0740830898284912,70
738534.46113994589541107416,56.1255264282227,-4.05050420761108,10.8367252349854,0.045108649879694,-0.00265023834072053,42.4902954101562,-71.499382019043,946.882995605469,866.087890625,-3.67796158790588,1.43463087081909,112.400367736816,57.3054618835449,-4.40822076797485,0.341588646173477,0.0922244414687157,0.0727609097957611,70
738534.46114205836784094572,56.1546363830566,-4.03153848648071,10.8836784362793,0.045108649879694,-0.00265023834072053,42.4902801513672,-71.4992599487305,946.08837890625,865.313781738281,-3.65554189682007,0.902618408203125,112.479652404785,57.3415298461914,-4.41082525253296,0.29415625333786,0.0894786193966866,0.0713712275028229,70
738534.46114416373893618584,56.185962677002,-4.0080418586731,10.9213771820068,0.045108649879694,-0.00265023834072053,42.4902610778809,-71.4991302490234,945.28515625,864.531372070312,-3.67349028587341,0.780579686164856,112.559158325195,57.3777236938477,-4.40992546081543,0.180768266320229,0.08672034740448,0.0699307471513748,70
738534.46114625583868473768,56.217041015625,-3.99738693237305,10.9535322189331,0.045108649879694,-0.00265023834072053,42.4902458190918,-71.4990081787109,944.493896484375,863.7607421875,-3.67357230186462,0.713329136371613,112.636627197266,57.4135398864746,-4.40546941757202,0.138710647821426,0.0840332433581352,0.0684802755713463,70
738534.46114830195438116789,56.2469825744629,-3.98108744621277,10.9824094772339,0.045108649879694,-0.00265023834072053,42.4902267456055,-71.4988861083984,943.730407714844,863.017272949219,-3.64322686195374,0.651487767696381,112.710441589355,57.4472427368164,-4.39882516860962,0.115147672593594,0.0814653038978577,0.0670580193400383,70
738534.46115037961862981319,56.2771606445312,-3.95822072029114,11.0098085403442,0.045108649879694,-0.00265023834072053,42.4902114868164,-71.4987640380859,942.952270507812,862.259704589844,-3.60933589935303,0.589967906475067,112.784858703613,57.4804496765137,-4.38993215560913,0.0986992120742798,0.0788705572485924,0.0655708461999893,70
738534.46115243877284228802,56.306568145752,-3.93292880058289,11.0342903137207,0.045108649879694,-0.00265023834072053,42.4901924133301,-71.4986419677734,942.185913085938,861.513732910156,-3.57417345046997,0.493936002254486,112.857192993164,57.5122032165527,-4.37885761260986,0.0965930223464966,0.0763431340456009,0.0640792399644852,70
738534.46115446474868804216,56.335563659668,-3.90429782867432,11.0546159744263,0.045108649879694,-0.00265023834072053,42.490177154541,-71.4985198974609,941.431762695312,860.77978515625,-3.54092955589294,0.325315713882446,112.927368164062,57.5425415039062,-4.36549139022827,0.101715475320816,0.0738893821835518,0.0625868737697601,70
738534.46115652215667068958,56.3665046691895,-3.886878490448,11.062520980835,0.045108649879694,-0.00265023834072053,42.4901580810547,-71.4983978271484,940.680358886719,860.048645019531,-3.52007508277893,-0.420463263988495,112.996040344238,57.5731735229492,-4.34982013702393,0.180619224905968,0.071484811604023,0.0610635429620743,70
738534.46115857525728642941,56.4020576477051,-3.86169171333313,11.0494918823242,0.045108649879694,-0.00265023834072053,42.4901428222656,-71.4982757568359,939.929138183594,859.081176757812,-3.49330639839172,-1.43070697784424,113.063438415527,57.6037864685059,-4.33253765106201,0.10056621581316,0.0691162720322609,0.0595182590186596,70
738534.46116061543580144644,56.4432983398438,-3.83516693115234,11.0081119537354,0.045108649879694,-0.00265023834072053,42.4901275634766,-71.4981536865234,939.182312011719,857.907836914062,-3.46248435974121,-2.43872499465942,113.129257202148,57.6344757080078,-4.31381559371948,-0.0269631240516901,0.066798985004425,0.0579499527812004,70
738534.46116271940991282463,56.4913749694824,-3.80760526657104,10.9357795715332,0.045108649879694,-0.00265023834072053,42.4901084899902,-71.4980316162109,938.421569824219,856.709655761719,-3.42850852012634,-3.46924138069153,113.19507598877,57.6659736633301,-4.29316473007202,-0.187390759587288,0.0644804686307907,0.0563323386013508,70
738534.46116477088071405888,56.5436973571777,-3.78087568283081,10.8359136581421,0.045108649879694,-0.00265023834072053,42.4900932312012,-71.4979095458984,937.686218261719,855.548950195312,-3.39387226104736,-4.46902132034302,113.257369995117,57.6966361999512,-4.27181434631348,-0.358506143093109,0.0622832775115967,0.0547554977238178,70
738534.46116678381804376841,56.6002883911133,-3.75524067878723,10.7093086242676,0.045108649879694,-0.00265023834072053,42.4900741577148,-71.4977874755859,936.968811035156,854.414123535156,-3.35923171043396,-5.44800662994385,113.316833496094,57.7268028259277,-4.24981832504272,-0.53254622220993,0.060182873159647,0.0532075203955173,70
738534.46116881805937737226,56.661376953125,-3.72742629051208,10.5574836730957,0.045108649879694,-0.00265023834072053,42.4900588989258,-71.497673034668,936.255920410156,853.933471679688,-3.33136534690857,-6.28195285797119,113.374649047852,57.7569541931152,-4.22699546813965,-0.798715710639954,0.0581386014819145,0.0516702756285667,70
738534.46117089386098086834,56.727409362793,-3.7057158946991,10.3820161819458,0.045108649879694,-0.00265023834072053,42.4900436401367,-71.4975433349609,935.522277832031,853.908508300781,-3.37532830238342,-6.3292064666748,113.432846069336,57.7885627746582,-4.20239162445068,-1.00584447383881,0.0560825951397419,0.05008564889431,70
738534.46117303182836622000,56.7947425842285,-3.69038796424866,10.1964645385742,0.045108649879694,-0.00265023834072053,42.4900245666504,-71.4974136352539,934.769348144531,853.886047363281,-3.35122847557068,-6.36971235275269,113.491203308105,57.8206672668457,-4.17705583572388,-1.08516466617584,0.0540230460464954,0.0484737977385521,70
738534.46117507468443363905,56.8570747375488,-3.66879034042358,10.0186977386475,0.045108649879694,-0.00265023834072053,42.4900093078613,-71.4972991943359,934.067077636719,853.868713378906,-3.30748295783997,-6.40868330001831,113.544342041016,57.8494720458984,-4.15420246124268,-1.11470830440521,0.0521364137530327,0.0470004305243492,70
738534.46117757714819163084,56.9192199707031,-3.63669657707214,9.83468341827393,0.045108649879694,-0.00265023834072053,42.4899940490723,-71.4971771240234,933.359802246094,853.856567382812,-3.25011301040649,-6.44877147674561,113.59676361084,57.8769760131836,-4.1314959526062,-1.11975967884064,0.0502705536782742,0.0455446168780327,70
738534.46117977751418948174,57.0042152404785,-3.58088827133179,9.57061100006104,0.045108649879694,-0.00265023834072053,42.4899749755859,-71.4970016479492,932.375915527344,853.851257324219,-3.17795395851135,-6.50637722015381,113.668182373047,57.9128646850586,-4.09796810150146,-1.10975468158722,0.0477494895458221,0.0435416661202908,70
738534.46118181536439806223,57.0623359680176,-3.53623914718628,9.38072681427002,0.045108649879694,-0.00265023834072053,42.4899597167969,-71.4968795776367,931.6884765625,853.857055664062,-3.12949848175049,-6.53325891494751,113.715606689453,57.9362831115723,-4.07232904434204,-1.10144984722137,0.0460581630468369,0.0422248914837837,70
738534.46118385286536067724,57.1193389892578,-3.48775172233582,9.18663311004639,0.045108649879694,-0.00265023834072053,42.4899482727051,-71.4967575073242,930.999145507812,853.871337890625,-3.0812132358551,-6.51608657836914,113.761528015137,57.9584121704102,-4.043532371521,-1.09794592857361,0.0444311499595642,0.0409329421818256,70
738534.46118590398691594601,57.1726913452148,-3.44424796104431,9.00091934204102,0.045108649879694,-0.00265023834072053,42.489933013916,-71.4966354370117,930.329345703125,853.89404296875,-3.04884171485901,-6.15096473693848,113.804290771484,57.9792709350586,-4.01226806640625,-1.15917325019836,0.0429264046251774,0.0397225879132748,70
738534.46118792635388672352,57.2222061157227,-3.39926052093506,8.82488441467285,0.045108649879694,-0.00265023834072053,42.489917755127,-71.4965133666992,929.663208007812,853.925048828125,-3.02589082717896,-5.49927854537964,113.844917297363,57.9984016418457,-3.97819972038269,-1.1180008649826,0.0415091328322887,0.0385669618844986,70
738534.46119004639331251383,57.2678604125977,-3.35157155990601,8.6616735458374,0.045108649879694,-0.00265023834072053,42.4899063110352,-71.4963836669922,928.984008789062,853.965881347656,-2.99503970146179,-4.81214380264282,113.884391784668,58.0160789489746,-3.9406476020813,-1.02863228321075,0.0401487573981285,0.0374432951211929,70
738534.46119210019242018461,57.3071517944336,-3.30400037765503,8.52118682861328,0.045108649879694,-0.00265023834072053,42.4898910522461,-71.4962615966797,928.327331542969,854.0146484375,-2.96087789535522,-4.12649822235107,113.920539855957,58.0313415527344,-3.90187811851501,-0.917271196842194,0.0389192998409271,0.0364198237657547,70
738534.46119422488845884800,57.342155456543,-3.25347900390625,8.39657115936279,0.045108649879694,-0.00265023834072053,42.4898796081543,-71.4961318969727,927.657470703125,854.074462890625,-2.92165040969849,-3.41755676269531,113.955345153809,58.0448989868164,-3.85988903045654,-0.787460744380951,0.0377572923898697,0.0354403294622898,70
738534.46119625656865537167,57.3704872131348,-3.20232629776001,8.29619312286377,0.045108649879694,-0.00265023834072053,42.4898643493652,-71.4960098266602,927.022399902344,854.140869140625,-2.88042283058167,-2.77867746353149,113.986221313477,58.0556144714355,-3.8179337978363,-0.644380509853363,0.0367471426725388,0.0345718450844288,70
738534.46119843667838722467,57.3941993713379,-3.14982914924622,8.21225929260254,0.045108649879694,-0.00265023834072053,42.4898529052734,-71.4958877563477,926.390380859375,854.414672851562,-2.83398509025574,-2.25636434555054,114.014823913574,58.0642471313477,-3.77390122413635,-0.487895637750626,0.0358371287584305,0.033758744597435,70
738534.46120053320191800594,57.4152145385742,-3.09526896476746,8.13526916503906,0.045108649879694,-0.00265023834072053,42.4898414611816,-71.4957504272461,925.7333984375,854.787048339844,-2.76833176612854,-2.16914486885071,114.042152404785,58.0712509155273,-3.72579550743103,-0.312301278114319,0.0349990166723728,0.0329730361700058,70
738534.46120267652440816164,57.4332733154297,-3.03266334533691,8.06302642822266,0.045108649879694,-0.00265023834072053,42.4898262023926,-71.4956207275391,925.098754882812,855.1650390625,-2.70135235786438,-2.2108302116394,114.066040039062,58.0757293701172,-3.67697739601135,-0.25110274553299,0.0343007706105709,0.0322673283517361,70
738534.46120489737950265408,57.4494171142578,-2.96807241439819,7.99129629135132,0.045108649879694,-0.00265023834072053,42.4898147583008,-71.495491027832,924.467590332031,855.560668945312,-2.63933324813843,-2.15192818641663,114.087112426758,58.0784454345703,-3.6253764629364,-0.2716144323349,0.0337303131818771,0.031614676117897,70
738534.46120698517188429832,57.4623794555664,-2.90894222259521,7.92730140686035,0.045108649879694,-0.00265023834072053,42.489803314209,-71.495361328125,923.861999511719,855.959533691406,-2.59944987297058,-1.74314892292023,114.104537963867,58.0795059204102,-3.57286071777344,-0.289272755384445,0.0333117619156837,0.031033206731081,70
738534.46120899275410920382,57.4712028503418,-2.85044360160828,7.87573766708374,0.045108649879694,-0.00265023834072053,42.4897880554199,-71.4952392578125,923.280029296875,855.912780761719,-2.5481538772583,-1.33242678642273,114.118637084961,58.0783233642578,-3.51988291740417,-0.251286029815674,0.0330339968204498,0.0305165518075228,70
738534.46121100813616067171,57.4765586853027,-2.79787850379944,7.83509159088135,0.045108649879694,-0.00265023834072053,42.4897766113281,-71.4951171875,922.739196777344,855.584411621094,-2.49341940879822,-1.15759539604187,114.129241943359,58.0755653381348,-3.46866512298584,-0.152512431144714,0.032891184091568,0.030079985037446,70
738534.46121305599808692932,57.4797210693359,-2.73761391639709,7.7968487739563,0.045108649879694,-0.00265023834072053,42.4897651672363,-71.4949951171875,922.185607910156,855.252258300781,-2.43136596679688,-1.20506179332733,114.137474060059,58.0706787109375,-3.41440224647522,-0.117664732038975,0.0328639186918736,0.029660863801837,70
738534.46121516288258135319,57.4813957214355,-2.67124104499817,7.7566967010498,0.045108649879694,-0.00265023834072053,42.4897537231445,-71.4948654174805,921.6240234375,854.919799804688,-2.3803014755249,-1.23721551895142,114.142929077148,58.0638656616211,-3.3571572303772,-0.119725167751312,0.0329709872603416,0.029266107827425,70
738534.46121727721765637398,57.4817314147949,-2.61599731445312,7.71977615356445,0.045108649879694,-0.00265023834072053,42.4897422790527,-71.494743347168,921.082214355469,854.063415527344,-2.3912615776062,-1.04026186466217,114.14527130127,58.0567626953125,-3.29956364631653,-0.170302346348763,0.0332165360450745,0.0289108511060476,70
738534.46121944056358188391,57.4799118041992,-2.57917594909668,7.68953561782837,0.045108649879694,-0.00265023834072053,42.4897308349609,-71.4946060180664,920.522827148438,852.831726074219,-2.38333582878113,-0.606135547161102,114.144798278809,58.0493011474609,-3.23911881446838,-0.178597196936607,0.0336096882820129,0.0285809934139252,70
738534.46122163184918463230,57.4751014709473,-2.54093503952026,7.67145299911499,0.045108649879694,-0.00265023834072053,42.4897155761719,-71.4944763183594,919.965515136719,853.227844238281,-2.38025665283203,-0.173318669199944,114.141677856445,58.040454864502,-3.18015837669373,-0.126167014241219,0.0341235771775246,0.0282793957740068,70
738534.46122382022440433502,57.4679908752441,-2.51626491546631,7.66338205337524,0.045108649879694,-0.00265023834072053,42.4897041320801,-71.4943466186523,919.425842285156,852.93505859375,-2.345134973526,0.0166114866733551,114.136375427246,58.0312767028809,-3.12572574615479,-0.017224257811904,0.0347231738269329,0.0280126985162497,70
738534.46122607041615992785,57.4586143493652,-2.47757768630981,7.65938997268677,0.045108649879694,-0.00265023834072053,42.4896926879883,-71.4942092895508,918.88134765625,852.525451660156,-2.26155042648315,-0.0405768901109695,114.128936767578,58.0197982788086,-3.07455587387085,0.0384344793856144,0.0354141183197498,0.0277701299637556,70
738534.46122837695293128490,57.4468765258789,-2.42349052429199,7.65408182144165,0.045108649879694,-0.00265023834072053,42.4896774291992,-71.4940719604492,918.31640625,852.102783203125,-2.18254280090332,-0.104867987334728,114.118766784668,58.0051879882812,-3.02392959594727,0.0534733198583126,0.0362389422953129,0.0275407377630472,70
738534.46123063040431588888,57.4338150024414,-2.36615610122681,7.64718675613403,0.045108649879694,-0.00265023834072053,42.4896659851074,-71.4939346313477,917.7783203125,851.7001953125,-2.11454844474792,-0.166736453771591,114.106384277344,57.9889755249023,-2.97591328620911,0.047815278172493,0.0371549613773823,0.0273312442004681,70
738534.46123300469480454922,57.4187240600586,-2.30550670623779,7.6380500793457,0.045108649879694,-0.00265023834072053,42.4896545410156,-71.4937896728516,917.234497070312,851.20361328125,-2.05153965950012,-0.230100199580193,114.090744018555,57.9703826904297,-2.92571473121643,0.0315034128725529,0.0382349528372288,0.0271301250904799,70
738534.46123491215985268354,57.4047660827637,-2.25383567810059,7.62858724594116,0.045108649879694,-0.00265023834072053,42.4896430969238,-71.4936752319336,916.784484863281,850.79345703125,-1.9972357749939,-0.283810794353485,114.07511138916,57.9532775878906,-2.88215351104736,0.0153903244063258,0.03926095739007,0.0269843824207783,70
738534.46123707015067338943,57.3881950378418,-2.19565200805664,7.61626482009888,0.045108649879694,-0.00265023834072053,42.4896278381348,-71.4935455322266,916.301635742188,850.354248046875,-1.9361777305603,-0.346376210451126,114.055404663086,57.9330062866211,-2.83311581611633,-0.00422363914549351,0.040508508682251,0.0268384106457233,70
738534.46123930567409843206,57.3694839477539,-2.13443899154663,7.60108613967896,0.045108649879694,-0.00265023834072053,42.489616394043,-71.493408203125,915.807922363281,849.90625,-1.87759602069855,-0.406803041696548,114.031784057617,57.9101905822754,-2.77996802330017,-0.0245190151035786,0.0419558882713318,0.0266987606883049,70
738534.46124140685424208641,57.3504753112793,-2.07733869552612,7.58453607559204,0.045108649879694,-0.00265023834072053,42.4896049499512,-71.493278503418,915.349853515625,849.491455078125,-1.82387745380402,-0.464046537876129,114.006500244141,57.8871116638184,-2.72799324989319,-0.0417190305888653,0.043467715382576,0.0265740472823381,70
738534.46124357928056269884,57.3298187255859,-2.01974534988403,7.56533813476562,0.045108649879694,-0.00265023834072053,42.4895935058594,-71.4931411743164,914.890930175781,849.077026367188,-1.77001547813416,-0.522692382335663,113.977569580078,57.8620910644531,-2.67332768440247,-0.0545799657702446,0.0451560504734516,0.0264486186206341,70
738534.46124569710809737444,57.3090286254883,-1.96586883068085,7.544997215271,0.045108649879694,-0.00265023834072053,42.4895820617676,-71.4930191040039,914.463012695312,848.691467285156,-1.71981739997864,-0.578570544719696,113.947288513184,57.8369827270508,-2.62036728858948,-0.0658074542880058,0.0468969531357288,0.0263289250433445,70
738534.46124777314253151417,57.2874946594238,-1.91382098197937,7.5230016708374,0.045108649879694,-0.00265023834072053,42.4895668029785,-71.4928894042969,914.0498046875,848.320129394531,-1.67142653465271,-0.633659958839417,113.914779663086,57.8110275268555,-2.56756949424744,-0.0766117423772812,0.0487386621534824,0.0262120719999075,70
738534.46124986652284860611,57.2648429870605,-1.86268818378448,7.49898195266724,0.045108649879694,-0.00265023834072053,42.4895553588867,-71.4927673339844,913.643188476562,847.95556640625,-1.62393915653229,-0.689035177230835,113.879455566406,57.7837905883789,-2.51421093940735,-0.0882342383265495,0.0507128424942493,0.0261122323572636,70
738534.46125200705137103796,57.2404327392578,-1.81118297576904,7.47213459014893,0.045108649879694,-0.00265023834072053,42.4895439147949,-71.4926300048828,913.231811523438,847.587768554688,-1.57612144947052,-0.746269822120667,113.840202331543,57.7544822692871,-2.45902752876282,-0.100556820631027,0.0528811626136303,0.0260329153388739,70
738534.46125408296938985586,57.2161331176758,-1.76316809654236,7.44446039199829,0.045108649879694,-0.00265023834072053,42.4895324707031,-71.4925079345703,912.846008300781,847.243713378906,-1.53154385089874,-0.801148355007172,113.800140380859,57.7253341674805,-2.40651416778564,-0.112293280661106,0.0550786592066288,0.0259730126708746,70
738534.46125613746698945761,57.191520690918,-1.71750354766846,7.4155101776123,0.045108649879694,-0.00265023834072053,42.4895210266113,-71.4923858642578,912.475830078125,846.914489746094,-1.48912787437439,-0.854941129684448,113.758529663086,57.6958351135254,-2.35559368133545,-0.123595453798771,0.0573416948318481,0.0259227249771357,70
738534.46125820663291960955,57.1661567687988,-1.67326653003693,7.38474321365356,0.045108649879694,-0.00265023834072053,42.4895095825195,-71.4922637939453,912.11328125,846.592834472656,-1.44801640510559,-0.908752799034119,113.714729309082,57.6654472351074,-2.30535411834717,-0.134567141532898,0.0597106367349625,0.0258759055286646,70
738534.46126030921004712582,57.1389579772949,-1.62876558303833,7.35071706771851,0.045108649879694,-0.00265023834072053,42.4894981384277,-71.4921340942383,911.742858886719,846.265197753906,-1.40603697299957,-0.964933514595032,113.666656494141,57.6328582763672,-2.25378203392029,-0.145620077848434,0.0622918978333473,0.0258293896913528,70
738534.46126235579140484333,57.1120681762695,-1.58696091175079,7.31629467010498,0.045108649879694,-0.00265023834072053,42.4894866943359,-71.4920120239258,911.394165039062,845.95751953125,-1.36584103107452,-1.01181042194366,113.618385314941,57.6006507873535,-2.20528125762939,-0.160015255212784,0.0648761168122292,0.0257853772491217,70
738534.46126441913656890392,57.0840110778809,-1.54521381855011,7.28021335601807,0.045108649879694,-0.00265023834072053,42.4894752502441,-71.4918823242188,911.048156738281,845.653137207031,-1.32498860359192,-1.01528859138489,113.5673828125,57.5671195983887,-2.15719962120056,-0.172619417309761,0.0675943717360497,0.0257414802908897,70
738534.46126656339038163424,57.0545349121094,-1.5045782327652,7.24320077896118,0.045108649879694,-0.00265023834072053,42.4894638061523,-71.4917602539062,910.703186035156,845.350524902344,-1.28584587574005,-1.02050304412842,113.513366699219,57.5321426391602,-2.10933566093445,-0.186921089887619,0.0704630762338638,0.0257039573043585,70
738534.46126864431425929070,57.0249061584473,-1.46647942066193,7.20617771148682,0.045108649879694,-0.00265023834072053,42.4894561767578,-71.4916305541992,910.371948242188,845.060791015625,-1.24952471256256,-1.04978692531586,113.458549499512,57.4971237182617,-2.06363153457642,-0.196793794631958,0.0733706429600716,0.0256999582052231,70
738534.46127067692577838898,56.9951705932617,-1.43036592006683,7.16851186752319,0.045108649879694,-0.00265023834072053,42.489444732666,-71.4915084838867,910.052429199219,844.782104492188,-1.21536922454834,-1.08424401283264,113.402862548828,57.4620132446289,-2.01988315582275,-0.204034030437469,0.0763209015130997,0.0257149767130613,70
738534.46127273410093039274,56.9646377563477,-1.39545166492462,7.12922096252441,0.045108649879694,-0.00265023834072053,42.4894332885742,-71.4913864135742,909.736206054688,844.507080078125,-1.18261802196503,-1.11758244037628,113.344917297363,57.4259796142578,-1.977006316185,-0.209974884986877,0.0793837010860443,0.0257400777190924,70
738534.46127477241680026054,56.9337959289551,-1.36204016208649,7.08940362930298,0.045108649879694,-0.00265023834072053,42.4894218444824,-71.4912643432617,909.428771972656,844.240478515625,-1.15160489082336,-1.12138307094574,113.285858154297,57.3896484375,-1.93582499027252,-0.217742085456848,0.0825016722083092,0.0257692988961935,70
738534.46127676893956959248,56.9033317565918,-1.33162140846252,7.05043792724609,0.045108649879694,-0.00265023834072053,42.4894104003906,-71.4911422729492,909.1357421875,843.987060546875,-1.12315142154694,-1.11101746559143,113.227127075195,57.3539123535156,-1.89714360237122,-0.217314064502716,0.0856033638119698,0.0258006919175386,70
738534.46127889689523726702,56.8708038330078,-1.30147743225098,7.00977993011475,0.045108649879694,-0.00265023834072053,42.4893989562988,-71.4910202026367,908.834106445312,843.726806640625,-1.09507119655609,-1.09429407119751,113.164016723633,57.3159599304199,-1.85797095298767,-0.215366512537003,0.0889294967055321,0.0258493535220623,70
738534.46128093695733696222,56.8379096984863,-1.27348005771637,6.96968936920166,0.045108649879694,-0.00265023834072053,42.4893913269043,-71.4908981323242,908.539428710938,843.473327636719,-1.0689160823822,-1.07587110996246,113.099967956543,57.2778015136719,-1.82056486606598,-0.211052730679512,0.0923079550266266,0.0259275957942009,70
738534.46128299436531960964,56.8051567077637,-1.24789977073669,6.93076372146606,0.045108649879694,-0.00265023834072053,42.4893798828125,-71.4907760620117,908.255065917969,843.229370117188,-1.04496920108795,-1.05830633640289,113.035934448242,57.2400093078613,-1.78543102741241,-0.205950945615768,0.0956878438591957,0.0260216239839792,70
738534.46128507563844323158,56.7709732055664,-1.22387552261353,6.89238214492798,0.045108649879694,-0.00265023834072053,42.4893684387207,-71.4906463623047,907.967590332031,842.983337402344,-1.02413284778595,-0.973889291286469,112.968948364258,57.200927734375,-1.75097239017487,-0.225396037101746,0.0992230698466301,0.0261248890310526,70
738534.46128716459497809410,56.7358016967773,-1.20287728309631,6.85725021362305,0.045108649879694,-0.00265023834072053,42.4893569946289,-71.4905242919922,907.68310546875,842.740356445312,-1.00898766517639,-0.747746348381042,112.900665283203,57.1613502502441,-1.71817851066589,-0.215448394417763,0.102830991148949,0.0262318402528763,70
738534.46128930733539164066,56.6992683410645,-1.1823126077652,6.82744073867798,0.045108649879694,-0.00265023834072053,42.4893455505371,-71.4903945922852,907.400329589844,842.499389648438,-0.994634509086609,-0.561286211013794,112.830940246582,57.1210899353027,-1.6870950460434,-0.170254871249199,0.106520354747772,0.0263525024056435,70
738534.46129134867805987597,56.6637916564941,-1.17207396030426,6.80226564407349,0.045108649879694,-0.00265023834072053,42.4893379211426,-71.4902725219727,907.131042480469,842.270324707031,-0.993020951747894,-0.545495927333832,112.763198852539,57.0826568603516,-1.65914916992188,-0.122212260961533,0.110116876661777,0.0264922957867384,70
738534.46129357034806162119,56.6257057189941,-1.15921080112457,6.77568340301514,0.045108649879694,-0.00265023834072053,42.4893264770508,-71.4901428222656,906.844604492188,842.026916503906,-0.972502529621124,-0.605102598667145,112.689811706543,57.0414237976074,-1.63180184364319,-0.10107996314764,0.114009462296963,0.0266607273370028,70
738534.46129572973586618900,56.5872497558594,-1.14667344093323,6.74726104736328,0.045108649879694,-0.00265023834072053,42.489315032959,-71.4900131225586,906.556823730469,841.782653808594,-0.955945670604706,-0.66609251499176,112.614898681641,56.999626159668,-1.60689401626587,-0.097045473754406,0.11799169331789,0.0268383361399174,70
738534.46129784022923558950,56.5541076660156,-1.13694167137146,6.72130441665649,0.045108649879694,-0.00265023834072053,42.4893074035645,-71.4898986816406,906.309204101562,841.572814941406,-0.943953514099121,-0.718791961669922,112.548950195312,56.9634628295898,-1.58720827102661,-0.10123947262764,0.121470205485821,0.0270118582993746,70
738534.46130013675428926945,56.5097274780273,-1.12579584121704,6.68411350250244,0.045108649879694,-0.00265023834072053,42.4892921447754,-71.48974609375,905.976684570312,841.291259765625,-0.930771589279175,-0.789903700351715,112.460159301758,56.9147987365723,-1.56354892253876,-0.113200187683105,0.126212075352669,0.027266837656498,70
738534.46130243106745183468,56.4701232910156,-1.11790990829468,6.64839696884155,0.045108649879694,-0.00265023834072053,42.4892807006836,-71.4896087646484,905.678283691406,841.038818359375,-0.921619236469269,-0.853985786437988,112.380096435547,56.8711318969727,-1.54480504989624,-0.127104878425598,0.130525901913643,0.0275067929178476,70
738534.46130449476186186075,56.4356422424316,-1.1120126247406,6.61519956588745,0.045108649879694,-0.00265023834072053,42.4892730712891,-71.4894866943359,905.416198730469,840.817321777344,-0.916877150535583,-0.909050405025482,112.309555053711,56.8329048156738,-1.53018629550934,-0.141290247440338,0.134352773427963,0.0277361329644918,70
738534.46130658662877976894,56.4015197753906,-1.10936057567596,6.5805139541626,0.045108649879694,-0.00265023834072053,42.4892616271973,-71.4893569946289,905.15283203125,840.594787597656,-0.940019130706787,-0.937821507453918,112.238265991211,56.7949409484863,-1.51704442501068,-0.160804614424706,0.138231173157692,0.0279894806444645,70
738534.46130863251164555550,56.3688049316406,-1.11591255664825,6.54591846466064,0.045108649879694,-0.00265023834072053,42.4892501831055,-71.4892349243164,904.892456054688,840.374755859375,-0.961797416210175,-0.934148252010345,112.168083190918,56.7585830688477,-1.50590372085571,-0.175671443343163,0.142066955566406,0.0282459817826748,70
738534.46131071785930544138,56.3362617492676,-1.1265549659729,6.51068925857544,0.045108649879694,-0.00265023834072053,42.4892425537109,-71.4891128540039,904.624755859375,840.148193359375,-0.987611174583435,-0.921892046928406,112.0966796875,56.7224159240723,-1.49707782268524,-0.181615069508553,0.145984619855881,0.0285169184207916,70
738534.46131278469692915678,56.3056373596191,-1.14134287834167,6.47789621353149,0.045108649879694,-0.00265023834072053,42.4892311096191,-71.4889907836914,904.361450195312,839.924926757812,-1.04956567287445,-0.840037882328033,112.027694702148,56.6885414123535,-1.49140894412994,-0.206855058670044,0.149794936180115,0.0287895351648331,70
738534.46131486888043582439,56.2760925292969,-1.18082284927368,6.44992637634277,0.045108649879694,-0.00265023834072053,42.4892196655273,-71.4888687133789,904.085510253906,839.690307617188,-1.1651566028595,-0.502004265785217,111.957717895508,56.656810760498,-1.48927009105682,-0.241540640592575,0.153688475489616,0.0290886387228966,70
738534.46131693827919661999,56.248664855957,-1.24041306972504,6.43427753448486,0.045108649879694,-0.00265023834072053,42.4892120361328,-71.4887466430664,903.807006835938,839.452026367188,-1.28751587867737,0.0812529399991035,111.891098022461,56.6290626525879,-1.49280142784119,-0.23852376639843,0.157429963350296,0.0293970741331577,70
738534.46131903782952576876,56.2212257385254,-1.31738317012787,6.4352855682373,0.045108649879694,-0.00265023834072053,42.489200592041,-71.4886169433594,903.51025390625,839.1962890625,-1.40976595878601,0.806553065776825,111.825561523438,56.6036643981934,-1.50457310676575,-0.166695684194565,0.161145925521851,0.0297258608043194,70
738534.46132121398113667965,56.1932525634766,-1.4091511964798,6.45086240768433,0.045108649879694,-0.00265023834072053,42.4891929626465,-71.4884948730469,903.189697265625,838.917724609375,-1.43424391746521,1.13609099388123,111.761703491211,56.5798606872559,-1.52738356590271,0.051477525383234,0.16480153799057,0.0300704091787338,70
738534.46132336289156228304,56.1649322509766,-1.46631789207458,6.47508239746094,0.045108649879694,-0.00265023834072053,42.4891815185547,-71.4883651733398,902.859069824219,838.628662109375,-1.43244421482086,1.09825158119202,111.702301025391,56.5559577941895,-1.56100988388062,0.14603953063488,0.168245136737823,0.0304165482521057,70
738534.46132544241845607758,56.1383056640625,-1.51563894748688,6.49906826019287,0.045108649879694,-0.00265023834072053,42.4891700744629,-71.4882431030273,902.527099609375,838.337219238281,-1.45736074447632,1.05069077014923,111.647834777832,56.5335655212402,-1.601198554039,0.186207726597786,0.17145724594593,0.0307673681527376,70
738534.46132755372673273087,56.1123847961426,-1.56171011924744,6.52328538894653,0.045108649879694,-0.00265023834072053,42.4891624450684,-71.4881134033203,902.177978515625,838.029602050781,-1.48937332630157,1.00117230415344,111.595405578613,56.5118713378906,-1.64688694477081,0.199748426675797,0.174613937735558,0.0311317481100559,70
738534.46132966759614646435,56.088924407959,-1.60974264144897,6.54729795455933,0.045108649879694,-0.00265023834072053,42.4891510009766,-71.4879913330078,901.82568359375,837.718200683594,-1.60996603965759,1.00336396694183,111.546875,56.4927062988281,-1.69399309158325,0.181027814745903,0.177613735198975,0.0314870625734329,70
738534.46133171569090336561,56.0693626403809,-1.68028795719147,6.57052183151245,0.045108649879694,-0.00265023834072053,42.4891395568848,-71.4878692626953,901.475036621094,837.406982421875,-1.72740495204926,1.01682925224304,111.503227233887,56.4780387878418,-1.74067497253418,0.171215862035751,0.180392637848854,0.0318306870758533,70
738534.46133391745388507843,56.0514221191406,-1.76482677459717,6.59634256362915,0.045108649879694,-0.00265023834072053,42.4891319274902,-71.4877395629883,901.082702636719,837.057067871094,-1.85025370121002,1.03219056129456,111.459953308105,56.4658126831055,-1.79415512084961,0.165319681167603,0.183234050869942,0.0322020538151264,70
738534.46133600419852882624,56.0372505187988,-1.8588125705719,6.62246465682983,0.045108649879694,-0.00265023834072053,42.4891204833984,-71.4876174926758,900.683898925781,836.699584960938,-1.98670256137848,1.06102788448334,111.422050476074,56.457820892334,-1.85073447227478,0.158522233366966,0.185828134417534,0.0325638614594936,70
738534.46133814856875687838,56.0263481140137,-1.96410751342773,6.64913749694824,0.045108649879694,-0.00265023834072053,42.4891090393066,-71.4874954223633,900.271728515625,836.328186035156,-2.08781147003174,1.08660483360291,111.389251708984,56.4537010192871,-1.9123626947403,0.163407579064369,0.188191592693329,0.0329209193587303,70
738534.46134026593063026667,56.0175476074219,-2.06637096405029,6.67705059051514,0.045108649879694,-0.00265023834072053,42.4890975952148,-71.4873657226562,899.834594726562,835.932312011719,-2.12882685661316,1.07925164699554,111.36107635498,56.4519119262695,-1.98175644874573,0.173685625195503,0.190361350774765,0.0332762002944946,70
738534.46134236105717718601,56.010181427002,-2.14718842506409,6.70581483840942,0.045108649879694,-0.00265023834072053,42.4890899658203,-71.4872436523438,899.384582519531,835.523254394531,-2.15134954452515,1.09552395343781,111.338279724121,56.4510307312012,-2.0566840171814,0.167457863688469,0.192286416888237,0.0336183831095695,70
738534.46134445362258702517,56.0038909912109,-2.21234726905823,6.73629522323608,0.0323314890265465,-0.00265023834072053,42.4890785217285,-71.4871215820312,898.92724609375,835.106262207031,-2.1759717464447,1.20657932758331,111.320541381836,56.4509353637695,-2.13399362564087,0.154887437820435,0.193982928991318,0.0339442677795887,70
738534.46134649380110204220,55.9988479614258,-2.27797174453735,6.7690954208374,0.0323314890265465,-0.00265023834072053,42.4890670776367,-71.4869995117188,898.46875,834.687255859375,-2.2580771446228,1.3459655046463,111.307403564453,56.452465057373,-2.21015286445618,0.16464526951313,0.195473790168762,0.0342516675591469,70
738534.46134857041761279106,55.9953765869141,-2.34877181053162,6.8047399520874,0.0323314890265465,-0.00265023834072053,42.4890594482422,-71.4868774414062,897.996826171875,834.254943847656,-2.3251576423645,1.38806927204132,111.298164367676,56.4562072753906,-2.28579235076904,0.192200973629951,0.196809351444244,0.034549742937088,70
738534.46135062095709145069,55.9934349060059,-2.4169065952301,6.84193468093872,0.0323314890265465,-0.00265023834072053,42.4890480041504,-71.4867553710938,897.51416015625,833.811645507812,-2.38753294944763,1.40358507633209,111.292778015137,56.4616508483887,-2.36036801338196,0.201365232467651,0.197982043027878,0.0348373576998711,70
738534.46135276439599692822,55.9929313659668,-2.48691082000732,6.88182020187378,0.0323314890265465,-0.00265023834072053,42.4890365600586,-71.4866333007812,897.005615234375,833.343566894531,-2.44644665718079,1.48417222499847,111.291114807129,56.4690399169922,-2.43604111671448,0.197288602590561,0.199024364352226,0.0351236239075661,70
738534.46135492785833775997,55.9934616088867,-2.55583953857422,6.92729377746582,0.0323314890265465,-0.00265023834072053,42.4890251159668,-71.4865036010742,896.454467773438,832.835205078125,-2.48875164985657,1.6307578086853,111.293479919434,56.4782028198242,-2.51498436927795,0.209838181734085,0.199948966503143,0.0354188457131386,70
738534.46135705686174333096,55.9945411682129,-2.61590886116028,6.97517204284668,0.0323314890265465,-0.00265023834072053,42.489013671875,-71.4863815307617,895.918395996094,832.339782714844,-2.52280783653259,1.79000413417816,111.299530029297,56.4879188537598,-2.58844757080078,0.223527207970619,0.200665488839149,0.035684872418642,70
738534.46135909610893577337,55.9962921142578,-2.67214369773865,7.02562999725342,0.0323314890265465,-0.00265023834072053,42.4890022277832,-71.4862594604492,895.380432128906,831.841857910156,-2.55480980873108,1.87292528152466,111.308799743652,56.49853515625,-2.6587553024292,0.28249791264534,0.201225429773331,0.0359262377023697,70
738534.46136123524047434330,55.9988212585449,-2.72291684150696,7.07922267913818,0.0323314890265465,-0.00265023834072053,42.4889907836914,-71.4861297607422,894.821960449219,831.32421875,-2.59101963043213,1.81135237216949,111.321472167969,56.5101547241211,-2.72809743881226,0.299066245555878,0.201657429337502,0.0361492037773132,70
738534.46136331511661410332,56.0025939941406,-2.76963591575623,7.1307201385498,0.0323314890265465,-0.00265023834072053,42.4889831542969,-71.4860076904297,894.265319824219,830.8076171875,-2.6270809173584,1.75090849399567,111.336784362793,56.5226364135742,-2.79323720932007,0.302011042833328,0.201954856514931,0.0363504029810429,70
738534.46136556018609553576,56.0079956054688,-2.81729984283447,7.18459177017212,0.0323314890265465,-0.00265023834072053,42.4889717102051,-71.4858779907227,893.659362792969,830.244506835938,-2.66640305519104,1.68633890151978,111.356246948242,56.537166595459,-2.85977149009705,0.296588391065598,0.202145844697952,0.0365546457469463,70
738534.46136782690882682800,56.0148658752441,-2.86336016654968,7.23747396469116,0.0323314890265465,-0.00265023834072053,42.488956451416,-71.4857406616211,893.038146972656,829.666564941406,-2.70602631568909,1.621377825737,111.37882232666,56.5530281066895,-2.92328929901123,0.28603008389473,0.202211692929268,0.0367435291409492,70
738534.46137010853271931410,56.0231285095215,-2.9075927734375,7.28869295120239,0.0323314890265465,-0.00265023834072053,42.4889450073242,-71.4856109619141,892.408569335938,829.080261230469,-2.74506902694702,1.55669498443604,111.404144287109,56.5700454711914,-2.98319029808044,0.273095041513443,0.202157124876976,0.0368966795504093,70
738534.46137233183253556490,56.0325965881348,-2.94955730438232,7.337486743927,0.0323314890265465,-0.00265023834072053,42.4889335632324,-71.485481262207,891.780212402344,828.494567871094,-2.78268027305603,1.49320209026337,111.431579589844,56.5878982543945,-3.03893804550171,0.259621113538742,0.201990872621536,0.0370213724672794,70
738534.46137456852011382580,56.0438423156738,-2.99177956581116,7.38663530349731,0.0323314890265465,-0.00265023834072053,42.4889221191406,-71.4853439331055,891.115966796875,827.874694824219,-2.82088589668274,1.42712581157684,111.462738037109,56.6076469421387,-3.09407567977905,0.245515570044518,0.201703950762749,0.0371380597352982,70
738534.46137663116678595543,56.055004119873,-3.0280659198761,7.42884349822998,0.0323314890265465,-0.00265023834072053,42.4889106750488,-71.485221862793,890.517272949219,827.315612792969,-2.85390090942383,1.36842143535614,111.492469787598,56.626148223877,-3.14062452316284,0.233346924185753,0.201353535056114,0.0372092723846436,70
738534.46137871465180069208,56.0672035217285,-3.06313991546631,7.46958446502686,0.0323314890265465,-0.00265023834072053,42.488899230957,-71.4850997924805,889.911804199219,826.749816894531,-2.88590025901794,1.30980956554413,111.524116516113,56.6454658508301,-3.18516874313354,0.221712648868561,0.200917601585388,0.0372609049081802,70
738534.46138080442324280739,56.0806732177734,-3.09763264656067,7.50957345962524,0.0323314890265465,-0.00265023834072053,42.4888877868652,-71.484977722168,889.288208007812,826.166564941406,-2.9174268245697,1.25016725063324,111.558288574219,56.665958404541,-3.22868418693542,0.210460424423218,0.200387924909592,0.0373040325939655,70
738534.46138283540494740009,56.0947074890137,-3.12984251976013,7.54686403274536,0.0323314890265465,-0.00265023834072053,42.4888763427734,-71.4848556518555,888.677307128906,825.594787597656,-2.94687795639038,1.19238698482513,111.593078613281,56.6865692138672,-3.26914739608765,0.200039952993393,0.199794739484787,0.0373238883912563,70
738534.46138487651478499174,56.1097068786621,-3.1609034538269,7.58276987075806,0.0323314890265465,-0.00265023834072053,42.4888648986816,-71.484733581543,888.059020996094,825.015747070312,-2.97526335716248,1.13452458381653,111.629577636719,56.7079238891602,-3.30815458297729,0.190025508403778,0.199123874306679,0.0373123735189438,70
738534.46138691960368305445,56.1255569458008,-3.19079494476318,7.61767768859863,0.0323314890265465,-0.00265023834072053,42.4888534545898,-71.4846115112305,887.433898925781,824.429504394531,-3.00249433517456,1.07689392566681,111.667594909668,56.7299613952637,-3.34574484825134,0.163973569869995,0.198378443717957,0.037285003811121,70
738534.46138909179717302322,56.1427917480469,-3.22016215324402,7.65172672271729,0.0323314890265465,-0.00265023834072053,42.4888381958008,-71.484489440918,886.78564453125,823.820983886719,-3.02917408943176,1.01763391494751,111.708282470703,56.7532501220703,-3.38292074203491,0.146045625209808,0.197538018226624,0.0372487604618073,70
738534.46139114303514361382,56.1605987548828,-3.24764847755432,7.68339490890503,0.0323314890265465,-0.00265023834072053,42.488826751709,-71.4843673706055,886.143676757812,823.218078613281,-3.05410194396973,0.959379076957703,111.749610900879,56.7767105102539,-3.41797089576721,0.13426873087883,0.196642592549324,0.0371969118714333,70
738534.46139320440124720335,56.1793251037598,-3.27392768859863,7.71351861953735,0.0323314890265465,-0.00265023834072053,42.4888153076172,-71.484245300293,885.4931640625,822.606750488281,-3.07790398597717,0.900740325450897,111.792488098145,56.8008193969727,-3.45181941986084,0.125789225101471,0.195675551891327,0.0371121726930141,70
738534.46139528648927807808,56.1986923217773,-3.29864168167114,7.74174976348877,0.0323314890265465,-0.00265023834072053,42.4888038635254,-71.4841232299805,884.842590332031,821.995178222656,-3.1002504825592,0.842483282089233,111.836311340332,56.8252449035645,-3.48403882980347,0.119099549949169,0.194652438163757,0.0370098017156124,70
738534.46139744156971573830,56.219539642334,-3.32282519340515,7.76928901672363,0.0323314890265465,-0.00265023834072053,42.4887924194336,-71.4839935302734,884.163391113281,821.356384277344,-3.12206745147705,0.782068192958832,111.882957458496,56.8510322570801,-3.51603627204895,0.112947404384613,0.193528667092323,0.0368948616087437,70
738534.46139973541721701622,56.2421951293945,-3.34662389755249,7.79641056060791,0.0323314890265465,-0.00265023834072053,42.4887771606445,-71.4838562011719,883.445556640625,820.680908203125,-3.14347767829895,0.718699932098389,111.933258056641,56.8785400390625,-3.54809045791626,0.103190161287785,0.192283526062965,0.0367618389427662,70
738534.46140210831072181463,56.2663650512695,-3.36943793296814,7.82231998443604,0.0323314890265465,-0.00265023834072053,42.4887657165527,-71.4837188720703,882.7001953125,819.979370117188,-3.16392827033997,0.65334141254425,111.986351013184,56.907341003418,-3.57946610450745,0.0946992412209511,0.190933287143707,0.0365938097238541,70
738534.46140437887515872717,56.2915496826172,-3.39061856269836,7.8464150428772,0.0323314890265465,-0.00265023834072053,42.4887504577637,-71.4835815429688,881.942260742188,819.265686035156,-3.18283843994141,0.58944708108902,112.041152954102,56.9368171691895,-3.60941529273987,0.0862835124135017,0.189505219459534,0.0364073440432549,70
738534.46140654617920517921,56.3154487609863,-3.40820860862732,7.86706924438477,0.0323314890265465,-0.00265023834072053,42.4887390136719,-71.4834518432617,881.236877441406,818.601196289062,-3.19861769676208,0.541749954223633,112.092658996582,56.9643440246582,-3.63549089431763,0.0759702026844025,0.188130646944046,0.0362225659191608,70
738534.46140877634752541780,56.3397560119629,-3.42370176315308,7.88757848739624,0.0323314890265465,-0.00265023834072053,42.4887275695801,-71.4833221435547,880.5234375,817.928955078125,-3.2134120464325,0.581020355224609,112.145347595215,56.9921379089355,-3.66015577316284,0.0535098016262054,0.186700135469437,0.0360291451215744,70
738534.46141106972936540842,56.3654861450195,-3.43856191635132,7.91144323348999,0.0323314890265465,-0.00265023834072053,42.488712310791,-71.4831848144531,879.757629394531,817.207275390625,-3.22739577293396,0.714675009250641,112.202514648438,57.0217742919922,-3.68471431732178,0.0537870302796364,0.185125216841698,0.0358057618141174,70
738534.46141316683497279882,56.3879318237305,-3.4510817527771,7.93577003479004,0.0323314890265465,-0.00265023834072053,42.4887008666992,-71.4830627441406,879.073608398438,816.5625,-3.23817443847656,0.81977504491806,112.253715515137,57.048095703125,-3.70486783981323,0.0754287093877792,0.18368798494339,0.0355873927474022,70
738534.46141527965664863586,56.4103660583496,-3.46433353424072,7.96163892745972,0.0323314890265465,-0.00265023834072053,42.4886894226074,-71.4829330444336,878.384643554688,815.912902832031,-3.24857115745544,0.796444296836853,112.305541992188,57.0746765136719,-3.72368478775024,0.111311867833138,0.182213917374611,0.035355880856514,70
738534.46141735347919166088,56.4330978393555,-3.4747633934021,7.98733520507812,0.0323314890265465,-0.00265023834072053,42.4886741638184,-71.4828109741211,877.688293457031,815.256225585938,-3.25652122497559,0.738729536533356,112.358192443848,57.1013679504395,-3.74137234687805,0.119392111897469,0.180697485804558,0.0351045615971088,70
738534.46141947910655289888,56.4556999206543,-3.48343920707703,8.01120948791504,0.0323314890265465,-0.00265023834072053,42.4886627197266,-71.4826889038086,877.001037597656,814.608032226562,-3.25862526893616,0.683265745639801,112.41032409668,57.1275749206543,-3.75750494003296,0.120129160583019,0.179178074002266,0.0348442643880844,70
738534.46142164873890578747,56.4794464111328,-3.48850250244141,8.03467273712158,0.0323314890265465,-0.00265023834072053,42.4886512756348,-71.4825592041016,876.281311035156,813.929138183594,-3.2542507648468,0.626629948616028,112.465133666992,57.1546478271484,-3.77294588088989,0.115904368460178,0.177565947175026,0.0345658101141453,70
738534.46142397634685039520,56.5042114257812,-3.49077343940735,8.05765056610107,0.0323314890265465,-0.00265023834072053,42.4886360168457,-71.482421875,875.522644042969,813.213439941406,-3.22478628158569,0.571604549884796,112.52294921875,57.1824913024902,-3.78739452362061,0.10929774492979,0.175849556922913,0.0342678017914295,70
738534.46142621850594878197,56.5289573669434,-3.47899484634399,8.07945156097412,0.0323314890265465,-0.00265023834072053,42.4886207580566,-71.4822845458984,874.761047363281,812.495056152344,-3.22383809089661,0.53550511598587,112.580879211426,57.209300994873,-3.79938054084778,0.0959470644593239,0.174115806818008,0.0339477472007275,70
738534.46142842690460383892,56.5526542663574,-3.47522187232971,8.09905338287354,0.0323314890265465,-0.00265023834072053,42.4886093139648,-71.4821548461914,874.028137207031,811.803833007812,-3.23436522483826,0.494382619857788,112.63623046875,57.2352561950684,-3.80766844749451,0.0872902795672417,0.172455072402954,0.0336371399462223,70
738534.46143066778313368559,56.5765190124512,-3.47024369239807,8.11813926696777,0.0323314890265465,-0.00265023834072053,42.4885940551758,-71.4820251464844,873.295837402344,811.113220214844,-3.26898121833801,0.500904619693756,112.691184997559,57.2612380981445,-3.81313133239746,0.0650058388710022,0.170805051922798,0.0333080962300301,70
738534.46143302973359823227,56.6013412475586,-3.48269295692444,8.13812637329102,0.0323314890265465,-0.00265023834072053,42.488582611084,-71.4818878173828,872.534240722656,810.394897460938,-3.30514407157898,0.549031615257263,112.747932434082,57.2893524169922,-3.81664490699768,0.0617319010198116,0.169099986553192,0.032951507717371,70
738534.46143501577898859978,56.6234512329102,-3.49262428283691,8.15597152709961,0.0323314890265465,-0.00265023834072053,42.4885673522949,-71.4817657470703,871.857055664062,809.756103515625,-3.29748058319092,0.515514194965363,112.798095703125,57.314338684082,-3.81961750984192,0.0833934620022774,0.1675795763731,0.0326260253787041,70
738534.46143733442295342684,56.6481628417969,-3.49524593353271,8.17512035369873,0.0323314890265465,-0.00265023834072053,42.4885559082031,-71.4816284179688,871.09716796875,809.039184570312,-3.28784322738647,0.452809870243073,112.854095458984,57.3416404724121,-3.82352948188782,0.0851193368434906,0.165857568383217,0.0322651639580727,70
738534.46143958042375743389,56.6726379394531,-3.49408483505249,8.19227886199951,0.0323314890265465,-0.00265023834072053,42.4885406494141,-71.4814910888672,870.342956542969,808.327697753906,-3.27937793731689,0.390777766704559,112.909477233887,57.3681983947754,-3.82754707336426,0.0803495272994041,0.164137586951256,0.0318873226642609,70
738534.46144187881145626307,56.6971435546875,-3.48999214172363,8.20763206481934,0.0323314890265465,-0.00265023834072053,42.488525390625,-71.4813537597656,869.585510253906,807.613098144531,-3.27083373069763,0.328668206930161,112.964920043945,57.3943481445312,-3.83107137680054,0.0707418918609619,0.16240605711937,0.0314969047904015,70
738534.46144411561544984579,56.721508026123,-3.48353314399719,8.22098350524902,0.0323314890265465,-0.00265023834072053,42.4885139465332,-71.4812164306641,868.829895019531,806.900268554688,-3.26169061660767,0.266841799020767,113.019866943359,57.4199371337891,-3.83352303504944,0.0595704913139343,0.160681992769241,0.0310980975627899,70
738534.46144629654008895159,56.744457244873,-3.47554683685303,8.23176956176758,0.0323314890265465,-0.00265023834072053,42.4884986877441,-71.481086730957,868.114807128906,806.225830078125,-3.25219130516052,0.208416506648064,113.071334838867,57.4436645507812,-3.83450555801392,0.0481589622795582,0.159058853983879,0.0307138450443745,70
738534.46144840482156723738,56.7669067382812,-3.46608996391296,8.24059677124023,0.0323314890265465,-0.00265023834072053,42.4884872436523,-71.4809646606445,867.411376953125,805.562377929688,-3.24188923835754,0.150966763496399,113.121467590332,57.4665374755859,-3.8339958190918,0.0368313007056713,0.157474234700203,0.0303257331252098,70
738534.46145059016998857260,56.7896690368652,-3.45492339134216,8.24773979187012,0.0323314890265465,-0.00265023834072053,42.4884719848633,-71.4808349609375,866.693420410156,804.885437011719,-3.23032140731812,0.092316173017025,113.17211151123,57.489372253418,-3.83184313774109,0.0258254744112492,0.155873641371727,0.0299239680171013,70
738534.46145268972031772137,56.8112106323242,-3.44291949272156,8.25275802612305,0.0323314890265465,-0.00265023834072053,42.4884605407715,-71.4807052612305,866.008972167969,804.240112304688,-3.21826124191284,0.0363678187131882,113.219718933105,57.5106544494629,-3.82821869850159,0.0161409433931112,0.154367074370384,0.0295318141579628,70
738534.46145484864246100187,56.8334999084473,-3.42903304100037,8.25611877441406,0.0323314890265465,-0.00265023834072053,42.4884490966797,-71.4805755615234,865.294738769531,803.566955566406,-3.2045624256134,-0.0220606829971075,113.268753051758,57.5323257446289,-3.82277727127075,0.00663280719891191,0.152818098664284,0.029111810028553,70
738534.46145689953118562698,56.854377746582,-3.41467428207397,8.2575101852417,0.0323314890265465,-0.00265023834072053,42.4884338378906,-71.4804534912109,864.619140625,802.930297851562,-3.1905791759491,-0.0774221867322922,113.314331054688,57.5522956848145,-3.81610345840454,-0.00206498056650162,0.151377737522125,0.028706481680274,70
738534.46145894820801913738,56.8745918273926,-3.39949989318848,8.25717449188232,0.0323314890265465,-0.00265023834072053,42.4884223937988,-71.4803314208984,863.957946777344,802.307312011719,-3.1759295463562,-0.131709471344948,113.358215332031,57.5713195800781,-3.80815434455872,-0.0104308780282736,0.149994224309921,0.028301578015089,70
738534.46146106347441673279,56.8947868347168,-3.38306164741516,8.25510597229004,0.0323314890265465,-0.00265023834072053,42.488410949707,-71.4802093505859,863.289611816406,801.448303222656,-3.16016221046448,-0.186715334653854,113.401824951172,57.5900039672852,-3.79872059822083,-0.0188764240592718,0.148624762892723,0.0278815105557442,70
738534.46146320924162864685,56.9155960083008,-3.3647449016571,8.25107097625732,0.0323314890265465,-0.00265023834072053,42.488395690918,-71.4800796508789,862.592163085938,800.216735839844,-3.14267134666443,-0.244275838136673,113.44645690918,57.6089096069336,-3.78740477561951,-0.0276418775320053,0.147229313850403,0.0274440813809633,70
738534.46146532776765525341,56.9361457824707,-3.34520888328552,8.24507141113281,0.0323314890265465,-0.00265023834072053,42.4883842468262,-71.4799423217773,861.893005371094,798.978942871094,-3.12410283088684,-0.302146434783936,113.490234375,57.6272163391113,-3.77459716796875,-0.0365549400448799,0.145868346095085,0.0269985198974609,70
738534.46146736096125096083,56.9549255371094,-3.32604670524597,8.23769950866699,0.0323314890265465,-0.00265023834072053,42.4883689880371,-71.4798202514648,861.243835449219,797.826965332031,-3.1059558391571,-0.356061458587646,113.52978515625,57.6436080932617,-3.7614758014679,-0.044791404157877,0.14464108645916,0.0265863016247749,70
738534.46146952954586595297,56.9743461608887,-3.30486106872559,8.22807788848877,0.0323314890265465,-0.00265023834072053,42.4883575439453,-71.4796905517578,860.560913085938,796.611877441406,-3.08595252037048,-0.412964016199112,113.570449829102,57.6602058410645,-3.74635100364685,-0.0543466508388519,0.143390700221062,0.0261430665850639,70
738534.46147163398563861847,56.993091583252,-3.28302097320557,8.2166805267334,0.0323314890265465,-0.00265023834072053,42.4883422851562,-71.4795684814453,859.889526367188,795.414184570312,-3.06537628173828,-0.469134986400604,113.609344482422,57.6758575439453,-3.73022747039795,-0.0636390969157219,0.142204880714417,0.0257131196558475,70
738534.46147368941456079483,57.0106201171875,-3.2612783908844,8.2039737701416,0.0323314890265465,-0.00265023834072053,42.4883308410645,-71.4794464111328,859.249206542969,794.268737792969,-3.04493761062622,-0.522938311100006,113.645347595215,57.6901359558105,-3.71373295783997,-0.0722095742821693,0.141116917133331,0.0253058448433876,70
738534.46147588989697396755,57.0286865234375,-3.23745846748352,8.18863773345947,0.0323314890265465,-0.00265023834072053,42.4883193969727,-71.4793167114258,858.575561523438,793.059936523438,-3.02259349822998,-0.579807221889496,113.682090759277,57.7044715881348,-3.69517040252686,-0.081046886742115,0.140019983053207,0.024869367480278,70
738534.46147795708384364843,57.0457344055176,-3.21356225013733,8.17188930511475,0.0323314890265465,-0.00265023834072053,42.4883041381836,-71.4791870117188,857.925537109375,791.89013671875,-3.00022172927856,-0.634991049766541,113.716377258301,57.7176094055176,-3.67616105079651,-0.0895875543355942,0.139010921120644,0.0244488418102264,70
738534.46148006874136626720,57.0625801086426,-3.18849778175354,8.15293312072754,0.0323314890265465,-0.00265023834072053,42.4882926940918,-71.4790573120117,857.267395019531,790.702026367188,-2.97678899765015,-0.691153287887573,113.749900817871,57.7301902770996,-3.65579700469971,-0.0983406081795692,0.138041272759438,0.0240250118076801,70
738534.46148213453125208616,57.0783195495605,-3.16368365287781,8.13283538818359,0.0323314890265465,-0.00265023834072053,42.4882774353027,-71.4789352416992,856.63671875,789.5595703125,-2.95362114906311,-0.745216727256775,113.780776977539,57.7415466308594,-3.63529682159424,-0.106801614165306,0.137163922190666,0.0236228443682194,70
738534.46148421708494424820,57.0936622619629,-3.13807916641235,8.11077404022217,0.0323314890265465,-0.00265023834072053,42.4882659912109,-71.4788055419922,856.005187988281,788.411804199219,-2.92975044250488,-0.799653947353363,113.810485839844,57.7522163391113,-3.61378383636475,-0.11524773389101,0.136338949203491,0.0232229866087437,70
738534.46148640080355107784,57.1089134216309,-3.11111378669739,8.08619594573975,0.0323314890265465,-0.00265023834072053,42.4882545471191,-71.4786758422852,855.358825683594,787.096862792969,-2.90464091300964,-0.855665445327759,113.839576721191,57.7623863220215,-3.59075236320496,-0.126135408878326,0.135552391409874,0.0228182021528482,70
738534.46148850000463426113,57.1231803894043,-3.0843620300293,8.06043338775635,0.0323314890265465,-0.00265023834072053,42.4882392883301,-71.4785537719727,854.734741210938,785.792053222656,-2.87976980209351,-0.910075187683105,113.866317749023,57.7714576721191,-3.56760787963867,-0.136613979935646,0.13485150039196,0.0224267058074474,70
738534.46149078058078885078,57.1384811401367,-3.05391645431519,8.029465675354,0.0323314890265465,-0.00265023834072053,42.4882278442383,-71.4784088134766,854.042907714844,784.338806152344,-2.85150241851807,-0.970830857753754,113.894462585449,57.7806587219238,-3.54081153869629,-0.147510379552841,0.134144708514214,0.0220025163143873,70
738534.46149303764104843140,57.1525764465332,-3.02402520179749,7.99740839004517,0.0323314890265465,-0.00265023834072053,42.4882125854492,-71.478271484375,853.380310058594,782.9404296875,-2.8237829208374,-1.02943551540375,113.919700622559,57.7885818481445,-3.51421022415161,-0.159647732973099,0.133540526032448,0.0216000881046057,70
738534.46149537048768252134,57.1663093566895,-2.99303507804871,7.96236705780029,0.0323314890265465,-0.00265023834072053,42.4882011413574,-71.4781341552734,852.708679199219,781.516052246094,-2.79508543014526,-1.08933234214783,113.943664550781,57.795711517334,-3.48626112937927,-0.170396238565445,0.133004069328308,0.0212001148611307,70
738534.46149764920119196177,57.1791725158691,-2.96209406852722,7.92554473876953,0.0323314890265465,-0.00265023834072053,42.4881858825684,-71.4779968261719,852.051940917969,780.116333007812,-2.76646208763123,-1.14843046665192,113.965438842773,57.8017807006836,-3.45803475379944,-0.179563120007515,0.132556915283203,0.0208150874823332,70
738534.46149998321197926998,57.191593170166,-2.93020915985107,7.8856954574585,0.0323314890265465,-0.00265023834072053,42.4881706237793,-71.4778594970703,851.388000488281,778.693603515625,-2.73699164390564,-1.20869028568268,113.985664367676,57.8069953918457,-3.42860221862793,-0.18822830915451,0.132185310125351,0.0204402096569538,70
738534.46150229626800864935,57.2031326293945,-2.89855003356934,7.84420824050903,0.0323314890265465,-0.00265023834072053,42.4881591796875,-71.4777221679688,850.740051269531,777.297729492188,-2.70774841308594,-1.26800143718719,114.003677368164,57.8111724853516,-3.39907121658325,-0.196637690067291,0.131904527544975,0.0200814306735992,70
738534.46150458266492933035,57.2138671875,-2.86700630187988,7.800950050354,0.0323314890265465,-0.00265023834072053,42.4881439208984,-71.4775848388672,850.10400390625,776.137817382812,-2.67862772941589,-1.32674098014832,114.019622802734,57.8143653869629,-3.36934351921082,-0.205965727567673,0.131710410118103,0.0197409279644489,70
738534.46150685637257993221,57.2239799499512,-2.83507633209229,7.7552170753479,0.0323314890265465,-0.00265023834072053,42.4881324768066,-71.4774475097656,849.46875,775.4375,-2.64917683601379,-1.38590359687805,114.033760070801,57.816650390625,-3.33892607688904,-0.218576014041901,0.131600171327591,0.0194258615374565,70
738534.46150909457355737686,57.2332038879395,-2.80378818511963,7.7083740234375,0.0323314890265465,-0.00265023834072053,42.4881210327148,-71.4773101806641,848.853393554688,774.758178710938,-2.62035131454468,-1.4437164068222,114.045707702637,57.8179893493652,-3.30884027481079,-0.231772109866142,0.131575793027878,0.0191342774778605,70
738534.46151135419495403767,57.241756439209,-2.77248740196228,7.65933704376221,0.0323314890265465,-0.00265023834072053,42.4881057739258,-71.4771728515625,848.244018554688,774.084411621094,-2.59155368804932,-1.50156366825104,114.055816650391,57.818431854248,-3.27845692634583,-0.242285519838333,0.131634593009949,0.0188542380928993,70
738534.46151364117395132780,57.2496948242188,-2.74111437797546,7.60794639587402,0.0323314890265465,-0.00265023834072053,42.488094329834,-71.4770355224609,847.638488769531,773.413757324219,-2.56270146369934,-1.5596604347229,114.064109802246,57.8180084228516,-3.2477240562439,-0.251002907752991,0.131777405738831,0.0185888167470694,70
738534.46151587762869894505,57.2570457458496,-2.70951557159424,7.55384922027588,0.0323314890265465,-0.00265023834072053,42.4880828857422,-71.4768981933594,847.032592773438,772.741577148438,-2.5336549282074,-1.6183956861496,114.070625305176,57.816707611084,-3.21646642684937,-0.26039457321167,0.132006824016571,0.0183534398674965,70
738534.46151812083553522825,57.263557434082,-2.67783689498901,7.49906826019287,0.0323314890265465,-0.00265023834072053,42.4880676269531,-71.4767684936523,846.445556640625,772.089294433594,-2.50692009925842,-1.65975260734558,114.0751953125,57.8145484924316,-3.18576240539551,-0.275787323713303,0.13231460750103,0.0181407704949379,70
738534.46152047952637076378,57.2697372436523,-2.64847159385681,7.44608116149902,0.0323314890265465,-0.00265023834072053,42.4880561828613,-71.4766235351562,845.848266601562,771.42431640625,-2.54705214500427,-1.36606776714325,114.078063964844,57.8124656677246,-3.1539626121521,-0.35682201385498,0.132718041539192,0.0179390553385019,70
738534.46152248792350292206,57.2740592956543,-2.64938545227051,7.40856742858887,0.0323314890265465,-0.00265023834072053,42.4880447387695,-71.4765014648438,845.324401855469,771.291625976562,-2.62245774269104,-0.87637722492218,114.079345703125,57.8119735717773,-3.12641286849976,-0.338795244693756,0.133137658238411,0.0177928991615772,70
738534.46152449632063508034,57.2770538330078,-2.66279625892639,7.38433170318604,0.0323314890265465,-0.00265023834072053,42.4880332946777,-71.4763793945312,844.798400878906,771.230651855469,-2.67484760284424,-0.386207073926926,114.079956054688,57.8124542236328,-3.10156917572021,-0.281999737024307,0.133587434887886,0.0176669973880053,70
738534.46152656548656523228,57.2786407470703,-2.68537831306458,7.37187433242798,0.0323314890265465,-0.00265023834072053,42.4880218505859,-71.4762649536133,844.278137207031,771.167541503906,-2.69153380393982,0.00140429940074682,114.080337524414,57.8134803771973,-3.08180594444275,-0.161889433860779,0.134027689695358,0.017552750185132,70
738534.46152862999588251114,57.2789611816406,-2.69663572311401,7.36584138870239,0.0323314890265465,-0.00265023834072053,42.4880104064941,-71.4761352539062,843.723754882812,771.096740722656,-2.63691830635071,-0.0220611821860075,114.080940246582,57.8135528564453,-3.06733250617981,-0.038900338113308,0.134463623166084,0.0174551773816347,70
738534.46153061056975275278,57.2784614562988,-2.6890606880188,7.36105728149414,0.0323314890265465,-0.00265023834072053,42.4879989624023,-71.4760131835938,843.196838378906,771.029724121094,-2.59206438064575,-0.0709538534283638,114.081733703613,57.8120956420898,-3.05864429473877,0.00344086391851306,0.134853675961494,0.0173878893256187,70
738534.46153260476421564817,57.2773323059082,-2.6741738319397,7.35602521896362,0.0323314890265465,-0.00265023834072053,42.4879875183105,-71.4758911132812,842.677062988281,770.965454101562,-2.55817675590515,-0.10951817035675,114.082527160645,57.8096466064453,-3.05250835418701,0.00442713033407927,0.135237976908684,0.017334109172225,70
738534.46153462410438805819,57.2756500244141,-2.65688133239746,7.35011959075928,0.0323314890265465,-0.00265023834072053,42.487979888916,-71.4757690429688,842.147521972656,770.90234375,-2.53237247467041,-0.138701021671295,114.08309173584,57.8064308166504,-3.04670023918152,-0.00729096820577979,0.135649144649506,0.0172857195138931,70
738534.46153685136232525110,57.2732849121094,-2.635582447052,7.34214210510254,0.0323314890265465,-0.00265023834072053,42.487964630127,-71.4756393432617,841.562438964844,770.835876464844,-2.50559782981873,-0.171136394143105,114.083129882812,57.8020973205566,-3.0392632484436,-0.00707099307328463,0.136143058538437,0.0172356776893139,70
738534.46153911156579852104,57.2703399658203,-2.61315441131592,7.33326148986816,0.0323314890265465,-0.00265023834072053,42.4879531860352,-71.4755020141602,840.984558105469,770.774047851562,-2.4803626537323,-0.203237846493721,114.082313537598,57.7970352172852,-3.02992177009583,-0.012379284016788,0.136682167649269,0.0172016676515341,70
738534.46154121705330908298,57.2670135498047,-2.59123396873474,7.32398509979248,0.0323314890265465,-0.00265023834072053,42.4879417419434,-71.4753723144531,840.441772460938,770.719421386719,-2.45721817016602,-0.233692407608032,114.080619812012,57.791576385498,-3.01899528503418,-0.0223229043185711,0.137243300676346,0.0171979572623968,70
738534.46154344244860112667,57.2629699707031,-2.56786203384399,7.31340599060059,0.0323314890265465,-0.00265023834072053,42.4879302978516,-71.4752349853516,839.877075195312,770.66650390625,-2.4335036277771,-0.26536238193512,114.077766418457,57.7851867675781,-3.0053083896637,-0.0408325977623463,0.137888327240944,0.0172114465385675,70
738534.46154561766888946295,57.2585563659668,-2.54489517211914,7.30190086364746,0.0323314890265465,-0.00265023834072053,42.4879188537598,-71.4751052856445,839.331176757812,770.619079589844,-2.41098213195801,-0.296160489320755,114.073852539062,57.7783393859863,-2.98999929428101,-0.0547584965825081,0.138574838638306,0.0172337219119072,70
738534.46154771023429930210,57.2538871765137,-2.52287483215332,7.28974866867065,0.0323314890265465,-0.00265023834072053,42.487907409668,-71.474983215332,838.811706542969,770.577697753906,-2.38985157012939,-0.325663596391678,114.06901550293,57.7712135314941,-2.97373986244202,-0.0648811534047127,0.139288663864136,0.0172597654163837,70
738534.46154964284505695105,57.2488021850586,-2.50100016593933,7.27663278579712,0.0323314890265465,-0.00265023834072053,42.4878959655762,-71.474853515625,838.296569824219,770.5400390625,-2.36905360221863,-0.355109959840775,114.06298828125,57.7635650634766,-2.95590353012085,-0.0760155990719795,0.140055537223816,0.0172839295119047,70
738534.46155174670275300741,57.2431411743164,-2.47872710227966,7.26207590103149,0.0323314890265465,-0.00265023834072053,42.4878845214844,-71.474723815918,837.771423339844,770.505432128906,-2.34812641143799,-0.385369002819061,114.055770874023,57.7551651000977,-2.93686270713806,-0.0880943238735199,0.14090222120285,0.0173040777444839,70
738534.46155390108469873667,57.2370834350586,-2.45662093162537,7.24598121643066,0.0323314890265465,-0.00265023834072053,42.4878730773926,-71.4745941162109,837.247619628906,770.372680664062,-2.32752585411072,-0.415999829769135,114.047325134277,57.7461929321289,-2.91684532165527,-0.0872525200247765,0.141810923814774,0.0173297412693501,70
738534.46155600086785852909,57.2306594848633,-2.434983253479,7.22877788543701,0.0323314890265465,-0.00265023834072053,42.4878616333008,-71.4744644165039,836.730224609375,770.189392089844,-2.30746579170227,-0.446635007858276,114.037788391113,57.7367553710938,-2.89629817008972,-0.083070807158947,0.142772451043129,0.0173587780445814,70
738534.46155817003455013037,57.2239875793457,-2.414222240448,7.21101522445679,0.0323314890265465,-0.00265023834072053,42.487850189209,-71.4743423461914,836.227905273438,770.013671875,-2.28826928138733,-0.476574927568436,114.027366638184,57.7270469665527,-2.87580561637878,-0.0826050415635109,0.143767774105072,0.0173892416059971,70
738534.46156031719874590635,57.2168350219727,-2.39342713356018,7.19116640090942,0.0323314890265465,-0.00265023834072053,42.4878387451172,-71.4742126464844,835.715209960938,769.836669921875,-2.26835179328918,-0.507940053939819,114.015556335449,57.7166137695312,-2.85448741912842,-0.0612979307770729,0.144846558570862,0.0174262002110481,70
738534.46156249649357050657,57.2091941833496,-2.37239980697632,7.16996765136719,0.0323314890265465,-0.00265023834072053,42.4878273010254,-71.4740753173828,835.199340820312,769.725524902344,-2.2469208240509,-0.540597796440125,114.002426147461,57.7055320739746,-2.83278751373291,-0.0373377986252308,0.145996898412704,0.0174744464457035,70
738534.46156469837296754122,57.2009391784668,-2.35121297836304,7.14783000946045,0.0323314890265465,-0.00265023834072053,42.4878158569336,-71.4739456176758,834.678527832031,769.8134765625,-2.22494220733643,-0.573694705963135,113.987945556641,57.6937370300293,-2.81072449684143,-0.0285340249538422,0.147224724292755,0.0175488274544477,70
738534.46156700793653726578,57.1916961669922,-2.32852244377136,7.12550687789917,0.0323314890265465,-0.00265023834072053,42.4878044128418,-71.4738082885742,834.145324707031,769.908264160156,-2.19967007637024,-0.586250364780426,113.971755981445,57.6808929443359,-2.78800535202026,-0.0699682161211967,0.148552596569061,0.0176435764878988,70
738534.46156926709227263927,57.1822395324707,-2.30644559860229,7.10366535186768,0.0323314890265465,-0.00265023834072053,42.4877891540527,-71.4736709594727,833.637512207031,770.003295898438,-2.17654371261597,-0.589298069477081,113.955101013184,57.6679306030273,-2.76624321937561,-0.105404727160931,0.149886876344681,0.0177406594157219,70
738534.46157151099760085344,57.1720161437988,-2.28388738632202,7.0807032585144,0.0323314890265465,-0.00265023834072053,42.4877777099609,-71.4735336303711,833.121643066406,769.52490234375,-2.15410614013672,-0.592188894748688,113.936866760254,57.6540718078613,-2.74389123916626,-0.128655657172203,0.151314452290535,0.0178439896553755,70
738534.46157370053697377443,57.1612892150879,-2.26177525520325,7.057541847229,0.0323314890265465,-0.00265023834072053,42.4877662658691,-71.4734039306641,832.612609863281,768.813781738281,-2.13277864456177,-0.595045685768127,113.917602539062,57.639720916748,-2.72160124778748,-0.151360288262367,0.152795985341072,0.0179492365568876,70
738534.46157580253202468157,57.1510162353516,-2.24199175834656,7.03612041473389,0.0323314890265465,-0.00265023834072053,42.4877548217773,-71.473274230957,832.151000976562,768.16748046875,-2.11407041549683,-0.597764849662781,113.899047851562,57.6261444091797,-2.70125150680542,-0.174812957644463,0.154203683137894,0.0180558487772942,70
738534.46157791756559163332,57.1398811340332,-2.22182488441467,7.01298713684082,0.0323314890265465,-0.00265023834072053,42.4877471923828,-71.47314453125,831.671752929688,767.4951171875,-2.09525775909424,-0.601027429103851,113.878601074219,57.6114959716797,-2.67996644973755,-0.186660125851631,0.155730083584785,0.0181684494018555,70
738534.46158001944422721863,57.128532409668,-2.20275568962097,6.99052000045776,0.0323314890265465,-0.00265023834072053,42.487735748291,-71.4730224609375,831.207275390625,766.842163085938,-2.07763147354126,-0.604290962219238,113.857688903809,57.5967750549316,-2.65929698944092,-0.218532055616379,0.157272428274155,0.0182873271405697,70
738534.46158211783040314913,57.1169624328613,-2.1844437122345,6.96730518341064,0.0323314890265465,-0.00265023834072053,42.4877243041992,-71.4728927612305,830.749328613281,766.197082519531,-2.060866355896,-0.608031749725342,113.83602142334,57.5817909240723,-2.63896512985229,-0.234170094132423,0.158853679895401,0.0184301342815161,70
738534.46158425463363528252,57.104923248291,-2.16659307479858,6.9422459602356,0.0323314890265465,-0.00265023834072053,42.4877128601074,-71.472770690918,830.284301757812,765.540832519531,-2.04441428184509,-0.619727671146393,113.812919616699,57.5661468505859,-2.6184401512146,-0.222875222563744,0.160520181059837,0.0185916479676962,70
738534.46158639725763350725,57.092601776123,-2.14932203292847,6.91600751876831,0.0323314890265465,-0.00265023834072053,42.4877014160156,-71.4726409912109,829.820739746094,764.885314941406,-2.02862453460693,-0.636486411094666,113.788818359375,57.5501174926758,-2.59821844100952,-0.201209053397179,0.162241786718369,0.0187644474208355,70
738534.46158870356157422066,57.0793342590332,-2.1319944858551,6.88749694824219,0.0323314890265465,-0.00265023834072053,42.4876899719238,-71.4725036621094,829.334899902344,764.197082519531,-2.0127911567688,-0.654894530773163,113.762397766113,57.532886505127,-2.57734799385071,-0.180401831865311,0.164109259843826,0.018951116129756,70
738534.46159094665199518204,57.0657386779785,-2.11552858352661,6.85796022415161,0.0323314890265465,-0.00265023834072053,42.487678527832,-71.4723663330078,828.849304199219,763.507873535156,-1.9977285861969,-0.673965096473694,113.734909057617,57.5152626037598,-2.55695867538452,-0.15902142226696,0.166039019823074,0.0191412232816219,70
738534.46159293863456696272,57.053825378418,-2.10209441184998,6.83173179626465,0.0323314890265465,-0.00265023834072053,42.4876670837402,-71.4722518920898,828.432067871094,762.914733886719,-1.98541188240051,-0.691052615642548,113.710418701172,57.499828338623,-2.53986740112305,-0.137581273913383,0.167746096849442,0.0193173009902239,70
738534.46159532642923295498,57.0392761230469,-2.08693742752075,6.79963874816895,0.0323314890265465,-0.00265023834072053,42.4876556396484,-71.4721069335938,827.932861328125,762.203979492188,-1.97140872478485,-0.712996602058411,113.68017578125,57.4810333251953,-2.52004981040955,-0.118393428623676,0.169846192002296,0.0195526704192162,70
738534.46159761655144393444,57.0249824523926,-2.07327604293823,6.76816511154175,0.0323314890265465,-0.00265023834072053,42.4876441955566,-71.4719696044922,827.452331542969,761.518737792969,-1.95877993106842,-0.735146284103394,113.650177001953,57.4626426696777,-2.50171875953674,-0.111180387437344,0.17192342877388,0.0197933614253998,70
738534.46159992390312254429,57.0102348327637,-2.06034374237061,6.7362174987793,0.0323314890265465,-0.00265023834072053,42.4876327514648,-71.4718246459961,826.966857910156,760.825378417969,-1.94837534427643,-0.757952332496643,113.618988037109,57.4437866210938,-2.48397421836853,-0.131590232253075,0.174076065421104,0.0200503319501877,70
738534.46160202298779040575,56.9967002868652,-2.05012035369873,6.70696640014648,0.0323314890265465,-0.00265023834072053,42.487621307373,-71.4717025756836,826.527038574219,760.196472167969,-1.94182848930359,-0.776969254016876,113.59009552002,57.4265632629395,-2.46867299079895,-0.168373301625252,0.176069766283035,0.0202955566346645,70
738534.46160409506410360336,56.9835357666016,-2.04081177711487,6.6782398223877,0.0323314890265465,-0.00265023834072053,42.4876136779785,-71.4715805053711,826.101257324219,759.587097167969,-1.93991827964783,-0.7856085896492,113.561538696289,57.4098167419434,-2.45460557937622,-0.214735150337219,0.178036019206047,0.0205482002347708,70
738534.46160620707087218761,56.9701995849609,-2.03551506996155,6.64966201782227,0.0323314890265465,-0.00265023834072053,42.4876022338867,-71.4714508056641,825.660827636719,758.956115722656,-1.97238755226135,-0.656981527805328,113.531532287598,57.3930740356445,-2.4408586025238,-0.282011449337006,0.180104315280914,0.0208310224115849,70
738534.46160839358344674110,56.9568672180176,-2.04522490501404,6.62451124191284,0.0323314890265465,-0.00265023834072053,42.4875907897949,-71.471321105957,825.213989257812,758.316345214844,-2.01915144920349,-0.414607286453247,113.500961303711,57.3772735595703,-2.42838931083679,-0.288882046937943,0.182218119502068,0.02112727612257,70
738534.46161053748801350594,56.9435157775879,-2.06237554550171,6.60567140579224,0.0323314890265465,-0.00265023834072053,42.4875793457031,-71.47119140625,824.765258789062,757.675109863281,-2.051349401474,-0.179907828569412,113.470642089844,57.3624649047852,-2.41881322860718,-0.2594835460186,0.184323772788048,0.0214412584900856,70
738534.46161261037923395634,56.930721282959,-2.08328533172607,6.59210062026978,0.0323314890265465,-0.00265023834072053,42.4875717163086,-71.471061706543,824.332336425781,757.057922363281,-2.06239604949951,-0.0624134056270123,113.442092895508,57.3489570617676,-2.41337823867798,-0.188393086194992,0.186315909028053,0.0217587407678366,70
738534.46161470038350671530,56.9177780151367,-2.09685397148132,6.58048343658447,0.0323314890265465,-0.00265023834072053,42.4875602722168,-71.4709396362305,823.89208984375,756.431945800781,-2.04830574989319,-0.099794939160347,113.413986206055,57.3352699279785,-2.41207242012024,-0.140347704291344,0.188287675380707,0.022094264626503,70
738534.46161683846730738878,56.9051971435547,-2.1026771068573,6.56839656829834,0.0323314890265465,-0.00265023834072053,42.487548828125,-71.4708099365234,823.445007324219,755.796691894531,-2.08496594429016,-0.119115568697453,113.386283874512,57.321605682373,-2.41411876678467,-0.129277497529984,0.190249755978584,0.0224395357072353,70
738534.46161897527053952217,56.8938369750977,-2.12802767753601,6.55601692199707,0.0323314890265465,-0.00265023834072053,42.4875411987305,-71.4706802368164,822.98779296875,755.148376464844,-2.16211986541748,-0.105422876775265,113.358940124512,57.3098487854004,-2.4185357093811,-0.123455196619034,0.192214161157608,0.0227934215217829,70
738534.46162111486773937941,56.8844108581543,-2.16323828697205,6.54439830780029,0.0323314890265465,-0.00265023834072053,42.4875297546387,-71.4705581665039,822.535888671875,754.510070800781,-2.23083257675171,-0.0911851450800896,113.333389282227,57.300479888916,-2.42588067054749,-0.113881140947342,0.194084048271179,0.0231460202485323,70
738534.46162336412817239761,56.8767013549805,-2.20682501792908,6.53301763534546,0.0323314890265465,-0.00265023834072053,42.4875183105469,-71.4704208374023,822.042724609375,753.816528320312,-2.36817479133606,-0.052689965814352,113.307586669922,57.2931900024414,-2.43831396102905,-0.117191590368748,0.196017235517502,0.023539662361145,70
738534.46162564482074230909,56.8725814819336,-2.2947940826416,6.52366733551025,0.0323314890265465,-0.00265023834072053,42.4875068664551,-71.4702835083008,821.530090332031,753.10107421875,-2.55876493453979,0.0494999289512634,113.283912658691,57.2914924621582,-2.45712566375732,-0.115596048533916,0.197862401604652,0.0239502508193254,70
738534.46162788628134876490,56.871753692627,-2.39342021942139,6.51786136627197,0.0323314890265465,-0.00265023834072053,42.4874954223633,-71.4701538085938,821.016235351562,752.391174316406,-2.65378975868225,0.163925245404243,113.264389038086,57.2940444946289,-2.48492002487183,-0.0890125408768654,0.19947075843811,0.0243615657091141,70
738534.46163000876549631357,56.8723754882812,-2.4801139831543,6.51577377319336,0.0323314890265465,-0.00265023834072053,42.4874877929688,-71.4700241088867,820.497863769531,751.681701660156,-2.67435717582703,0.277377665042877,113.249443054199,57.2981071472168,-2.52307510375977,-0.0588533096015453,0.200826719403267,0.0247649252414703,70
738534.46163209166843444109,56.8736534118652,-2.54391932487488,6.5175404548645,0.0189008917659521,-0.00265023834072053,42.487476348877,-71.4699020385742,819.985473632812,750.985229492188,-2.69401597976685,0.411620020866394,113.239112854004,57.302375793457,-2.56900930404663,-0.0357213355600834,0.201927840709686,0.0251616165041924,70
738534.46163426362909376621,56.8763542175293,-2.61642360687256,6.52382755279541,0.0134067125618458,-0.00265023834072053,42.4874649047852,-71.4697647094727,819.4296875,750.234252929688,-2.81021976470947,0.574502289295197,113.232368469238,57.3090362548828,-2.62447714805603,-0.0141989290714264,0.202898770570755,0.02559001930058,70
738534.46163642045576125383,56.8810119628906,-2.70165324211121,6.53244352340698,0.0134067125618458,-0.00265023834072053,42.4874572753906,-71.4696426391602,818.876586914062,749.492065429688,-2.87957787513733,0.569530785083771,113.229995727539,57.3185920715332,-2.68304061889648,0.0394157208502293,0.203644990921021,0.0260109677910805,70
738534.46163865190465003252,56.887565612793,-2.77309274673462,6.54187250137329,0.0134067125618458,-0.00265023834072053,42.4874458312988,-71.4695129394531,818.296020507812,748.718017578125,-2.92125487327576,0.509570121765137,113.231819152832,57.3295822143555,-2.74772834777832,0.0567505396902561,0.204199478030205,0.0264432150870562,70
738534.46164097753353416920,56.8969802856445,-2.84657883644104,6.55132579803467,0.0134067125618458,-0.00265023834072053,42.487434387207,-71.469367980957,817.648681640625,747.859741210938,-3.01001977920532,0.474674105644226,113.238616943359,57.3436088562012,-2.82172822952271,0.0509316399693489,0.204575017094612,0.0269191041588783,70
738534.46164330188184976578,56.9088020324707,-2.93043565750122,6.56002426147461,0.0134067125618458,-0.00265023834072053,42.4874229431152,-71.4692306518555,817.006958007812,747.013916015625,-3.11877608299255,0.466295331716537,113.249809265137,57.3605537414551,-2.89486694335938,0.0440092384815216,0.20472052693367,0.027379484847188,70
738534.46164559503085911274,56.9234619140625,-3.01535773277283,6.56891632080078,0.0134067125618458,-0.00265023834072053,42.4874114990234,-71.4690933227539,816.339721679688,745.716735839844,-3.19826245307922,0.454550892114639,113.265869140625,57.3805160522461,-2.97075796127319,0.0431935340166092,0.204639568924904,0.0278445966541767,70
738534.46164782927371561527,56.9397811889648,-3.09533715248108,6.57754421234131,0.0134067125618458,-0.00265023834072053,42.4874000549316,-71.4689559936523,815.68212890625,744.307373046875,-3.27122235298157,0.442637890577316,113.285850524902,57.4019508361816,-3.04538989067078,0.0405432060360909,0.204338252544403,0.0282937735319138,70
738534.46164997573941946030,56.9574737548828,-3.17597603797913,6.58550977706909,0.0134067125618458,-0.00265023834072053,42.4873886108398,-71.4688262939453,815.025451660156,743.305236816406,-3.31059908866882,0.404569715261459,113.309616088867,57.4248161315918,-3.11950325965881,0.0469740331172943,0.203831985592842,0.0287349950522184,70
738534.46165210544131696224,56.9759864807129,-3.23670029640198,6.592360496521,0.0134067125618458,-0.00265023834072053,42.4873809814453,-71.4686965942383,814.377014160156,742.879028320312,-3.32477283477783,0.337161272764206,113.336585998535,57.4473533630371,-3.19212603569031,0.0448960699141026,0.203143566846848,0.0291664078831673,70
738534.46165421663317829370,56.9959182739258,-3.2912015914917,6.59764337539673,0.0134067125618458,-0.00265023834072053,42.4873695373535,-71.4685745239258,813.7099609375,742.437133789062,-3.3499276638031,0.269119083881378,113.367553710938,57.4708213806152,-3.26503801345825,0.0351904481649399,0.202267199754715,0.0295995976775885,70
738534.46165635751094669104,57.0163879394531,-3.3381872177124,6.60112333297729,0.0134067125618458,-0.00265023834072053,42.4873580932617,-71.4684448242188,813.055786132812,742.000732421875,-3.37779760360718,0.20378789305687,113.400596618652,57.4942321777344,-3.33347868919373,0.0217565800994635,0.201267138123512,0.0300204008817673,70
738534.46165848127566277981,57.038818359375,-3.38259649276733,6.6029806137085,0.0134067125618458,-0.00265023834072053,42.4873504638672,-71.4683151245117,812.368896484375,741.539794921875,-3.40843510627747,0.137653052806854,113.437728881836,57.5192832946777,-3.40138959884644,0.00594672979786992,0.200088679790497,0.0304523333907127,70
738534.46166063123382627964,57.0627746582031,-3.42431879043579,6.60296392440796,0.0134067125618458,-0.00265023834072053,42.4873390197754,-71.4681854248047,811.663696289062,741.06396484375,-3.44009470939636,0.0716899484395981,113.478004455566,57.5455055236816,-3.46640706062317,-0.0083127673715353,0.198760882019997,0.0308865662664175,70
738534.46166272147092968225,57.0868911743164,-3.46186184883118,6.60114288330078,0.0134067125618458,-0.00265023834072053,42.4873275756836,-71.4680633544922,810.978698730469,740.599548339844,-3.4703574180603,0.00822186935693026,113.518936157227,57.5714569091797,-3.52489495277405,-0.0208473112434149,0.197369754314423,0.0313007049262524,70
738534.46166481962427496910,57.111930847168,-3.49714183807373,6.59754037857056,0.0134067125618458,-0.00265023834072053,42.4873161315918,-71.4679336547852,810.289672851562,740.130310058594,-3.49989652633667,-0.0550238639116287,113.561676025391,57.5980072021484,-3.5793399810791,-0.0317267961800098,0.195880308747292,0.0317160524427891,70
738534.46166696085128933191,57.1384811401367,-3.5308473110199,6.59218263626099,0.0134067125618458,-0.00265023834072053,42.4873085021973,-71.4678039550781,809.579467773438,739.644714355469,-3.52919268608093,-0.11099324375391,113.607208251953,57.6257705688477,-3.63123941421509,-0.0459847748279572,0.194259285926819,0.0321442633867264,70
738534.46166899683885276318,57.1651153564453,-3.56230163574219,6.58648729324341,0.0134067125618458,-0.00265023834072053,42.4872970581055,-71.4676818847656,808.882507324219,739.189514160156,-3.56158518791199,-0.0872476920485497,113.653045654297,57.6534652709961,-3.67826843261719,-0.0724840760231018,0.19259124994278,0.0325572453439236,70
738534.46167110837996006012,57.1924018859863,-3.59542417526245,6.58240699768066,0.0134067125618458,-0.00265023834072053,42.4872856140137,-71.4675598144531,808.174438476562,738.733154296875,-3.60060477256775,0.0572052001953125,113.700820922852,57.6821136474609,-3.72259759902954,-0.0819434076547623,0.190824747085571,0.0329779908061028,70
738534.46167334308847784996,57.2211990356445,-3.63059830665588,6.58205413818359,0.0134067125618458,-0.00265023834072053,42.4872779846191,-71.4674224853516,807.421630859375,738.245666503906,-3.63335943222046,0.211269348859787,113.752861022949,57.7128257751465,-3.7666347026825,-0.0652115866541862,0.188870489597321,0.0334218218922615,70
738534.46167564415372908115,57.2510757446289,-3.6635754108429,6.58609104156494,0.0134067125618458,-0.00265023834072053,42.4872665405273,-71.46728515625,806.63427734375,737.733581542969,-3.65890526771545,0.340187102556229,113.808486938477,57.7449951171875,-3.80992984771729,-0.0341095589101315,0.186743915081024,0.0338779054582119,70
738534.46167795162182301283,57.2817039489746,-3.69664931297302,6.59231376647949,0.0134067125618458,-0.00265023834072053,42.4872550964355,-71.4671478271484,805.82861328125,737.207397460938,-3.68090224266052,0.312120497226715,113.866493225098,57.7781753540039,-3.85168838500977,0.0130418166518211,0.184485465288162,0.0343518815934658,70
738534.46168013219721615314,57.3112411499023,-3.72244358062744,6.59772634506226,0.0134067125618458,-0.00265023834072053,42.4872436523438,-71.4670181274414,805.062072753906,736.704956054688,-3.69995856285095,0.244919762015343,113.922889709473,57.8097305297852,-3.8893871307373,0.0235766395926476,0.182264134287834,0.0348013453185558,70
738534.46168208064045757055,57.3390159606934,-3.74368333816528,6.60148191452026,0.0134067125618458,-0.00265023834072053,42.487232208252,-71.4668960571289,804.350769042969,736.237487792969,-3.71754670143127,0.202214255928993,113.975738525391,57.8390655517578,-3.92221426963806,0.0196881145238876,0.180145293474197,0.0352112799882889,70
738534.46168429544195532799,57.3698463439941,-3.76467752456665,6.60477876663208,0.0134067125618458,-0.00265023834072053,42.4872245788574,-71.4667587280273,803.56884765625,735.722290039062,-3.73667073249817,0.188915610313416,114.034454345703,57.8713684082031,-3.95585536956787,0.011204618960619,0.177760645747185,0.0356597043573856,70
738534.46168658067472279072,57.4020576477051,-3.78561615943909,6.60800218582153,0.0134067125618458,-0.00265023834072053,42.4872131347656,-71.4666213989258,802.756042480469,735.185485839844,-3.75608825683594,0.194192543625832,114.096328735352,57.9050331115723,-3.98824501037598,0.00755506986752152,0.175227895379066,0.0361281707882881,70
738534.46168868674430996180,57.4318542480469,-3.80305814743042,6.61114692687988,0.0134067125618458,-0.00265023834072053,42.4872016906738,-71.4664993286133,802.005981445312,734.689086914062,-3.77010202407837,0.197716474533081,114.153793334961,57.9360733032227,-4.01583003997803,0.00631760759279132,0.172846004366875,0.0365570671856403,70
738534.46169075579382479191,57.4617156982422,-3.81812357902527,6.61448287963867,0.0134067125618458,-0.00265023834072053,42.487190246582,-71.4663696289062,801.255249023438,734.191284179688,-3.78463888168335,0.202576220035553,114.211837768555,57.9670448303223,-4.04141759872437,0.00467877509072423,0.170422911643982,0.0369949862360954,70
738534.46169286326039582491,57.4924163818359,-3.83332419395447,6.61810064315796,0.0134067125618458,-0.00265023834072053,42.4871826171875,-71.4662399291992,800.483764648438,733.678894042969,-3.80115151405334,0.210005417466164,114.27197265625,57.998893737793,-4.06568431854248,0.00422878004610538,0.167895957827568,0.0374403893947601,70
738534.46169497934170067310,57.5224647521973,-3.84718060493469,6.62184572219849,0.0134067125618458,-0.00265023834072053,42.4871711730957,-71.4661102294922,799.728210449219,733.176391601562,-3.8118212223053,0.215163230895996,114.331085205078,58.0300254821777,-4.08759307861328,0.00567817827686667,0.165388599038124,0.0378740131855011,70
738534.46169719134923070669,57.5543174743652,-3.85909748077393,6.62604904174805,0.0134067125618458,-0.00265023834072053,42.4871597290039,-71.4659805297852,798.925415039062,732.618896484375,-3.82148456573486,0.220452874898911,114.394256591797,58.0628662109375,-4.10907077789307,0.00672996276989579,0.162691354751587,0.0383339449763298,70
738534.46169942768756300211,57.5854568481445,-3.86957931518555,6.63041067123413,0.0134067125618458,-0.00265023834072053,42.4871482849121,-71.4658508300781,798.138732910156,732.04833984375,-3.83422946929932,0.228634253144264,114.456336975098,58.0949325561523,-4.12829065322876,0.00686886254698038,0.160018548369408,0.0387865900993347,70
738534.46170164959039539099,57.6183013916016,-3.88035106658936,6.63527297973633,0.0134067125618458,-0.00265023834072053,42.4871368408203,-71.465705871582,797.305541992188,731.443603515625,-3.84246730804443,0.235640957951546,114.522262573242,58.1287574768066,-4.14680671691895,0.00911285355687141,0.157160833477974,0.0392697528004646,70
738534.46170380793046206236,57.6494026184082,-3.88749599456787,6.64013242721558,0.0134067125618458,-0.00265023834072053,42.4871253967285,-71.465576171875,796.512756347656,730.867797851562,-3.84571170806885,0.240787506103516,114.584945678711,58.1606178283691,-4.16277122497559,0.0112548694014549,0.154417365789413,0.0397245213389397,70
738534.46170597523450851440,57.679759979248,-3.89264726638794,6.64512062072754,0.0134067125618458,-0.00265023834072053,42.487117767334,-71.465446472168,795.733703613281,730.301818847656,-3.85118818283081,0.248165890574455,114.646522521973,58.1916236877441,-4.17686891555786,0.0125096719712019,0.151701763272285,0.0401700399816036,70
738534.46170819795224815607,57.7112998962402,-3.89708590507507,6.65057611465454,0.0134067125618458,-0.00265023834072053,42.4871063232422,-71.4653167724609,794.917846679688,729.708862304688,-3.85385465621948,0.255175709724426,114.711006164551,58.2238082885742,-4.18993425369263,0.0146846286952496,0.148841708898544,0.0406399592757225,70
738534.46171028900425881147,57.7415542602539,-3.89921140670776,6.65608930587769,0.0134067125618458,-0.00265023834072053,42.4870948791504,-71.4651794433594,794.127868652344,729.134704589844,-3.85386323928833,0.261266797780991,114.77326965332,58.254566192627,-4.20093250274658,0.0165977142751217,0.146059975028038,0.0410923026502132,70
738534.46171229984611272812,57.7689018249512,-3.89952635765076,6.66130590438843,0.0134067125618458,-0.00265023834072053,42.4870872497559,-71.4650650024414,793.40673828125,728.610656738281,-3.85257530212402,0.266830593347549,114.829818725586,58.2822914123535,-4.2095308303833,0.018043328076601,0.143512412905693,0.0415046028792858,70
738534.46171436063013970852,57.7975082397461,-3.89806580543518,6.66705846786499,0.0134067125618458,-0.00265023834072053,42.4870758056641,-71.4649353027344,792.643981933594,728.056396484375,-3.85005879402161,0.275620073080063,114.889503479004,58.3112030029297,-4.21712732315063,0.0181540343910456,0.140812650322914,0.0419389791786671,70
738534.46171642397530376911,57.8254508972168,-3.89549398422241,6.67384243011475,0.0134067125618458,-0.00265023834072053,42.4870643615723,-71.4648132324219,791.8896484375,727.508422851562,-3.85288596153259,0.329730600118637,114.948204040527,58.3395042419434,-4.22306299209595,0.00117137550842017,0.138140931725502,0.0423646569252014,70
738534.46171850408427417278,57.853343963623,-3.90183544158936,6.68617820739746,0.0134067125618458,-0.00265023834072053,42.4870529174805,-71.4646835327148,791.119445800781,726.949035644531,-3.89121246337891,0.700328469276428,115.007781982422,58.3689880371094,-4.22765970230103,-0.0373742766678333,0.135415568947792,0.0428032651543617,70
738534.46172061841934919357,57.8795013427734,-3.91198801994324,6.70738840103149,0.0134067125618458,-0.00265023834072053,42.4870452880859,-71.4645538330078,790.3505859375,726.390197753906,-3.8987352848053,1.08711040019989,115.066864013672,58.3980255126953,-4.23171091079712,0.0199548080563545,0.132692947983742,0.0432491414248943,70
738534.46172276197466999292,57.9041748046875,-3.91494202613831,6.73742294311523,0.0134067125618458,-0.00265023834072053,42.4870338439941,-71.4644241333008,789.576354980469,725.827270507812,-3.88918209075928,1.25193309783936,115.126113891602,58.4261322021484,-4.23601007461548,0.0983215346932411,0.12993860244751,0.0436993017792702,70
738534.46172492415644228458,57.9288063049316,-3.91593933105469,6.77276706695557,0.0134067125618458,-0.00265023834072053,42.4870223999023,-71.4642944335938,788.77197265625,725.242431640625,-3.87642669677734,1.29235732555389,115.187461853027,58.4546966552734,-4.24046564102173,0.168011263012886,0.127064675092697,0.0441683381795883,70
738534.46172693092375993729,57.9509658813477,-3.91037058830261,6.8063440322876,0.0134067125618458,-0.00265023834072053,42.4870147705078,-71.4641723632812,788.031188964844,724.703979492188,-3.85966205596924,1.22970175743103,115.243522644043,58.4801826477051,-4.24417352676392,0.195905119180679,0.124410733580589,0.044588640332222,70
738534.46172908740118145943,57.9744606018066,-3.90045785903931,6.84117364883423,0.0134067125618458,-0.00265023834072053,42.487003326416,-71.4640426635742,787.235046386719,724.1259765625,-3.84277057647705,1.16098701953888,115.303558349609,58.5068664550781,-4.24705410003662,0.203736528754234,0.121557869017124,0.0450404919683933,70
738534.46173119498416781425,57.9967575073242,-3.88787317276001,6.87327718734741,0.0134067125618458,-0.00265023834072053,42.4869918823242,-71.4639129638672,786.468078613281,723.569702148438,-3.82656455039978,1.09710836410522,115.360877990723,58.5318832397461,-4.24810886383057,0.198136046528816,0.118817888200283,0.0454721339046955,70
738534.46173328626900911331,58.0185165405273,-3.87283301353455,6.90386295318604,0.0134067125618458,-0.00265023834072053,42.4869804382324,-71.4637832641602,785.706909179688,722.79296875,-3.81308436393738,1.05370581150055,115.417190551758,58.5560455322266,-4.24704504013062,0.184402570128441,0.116114430129528,0.0458902269601822,70
738534.46173542446922510862,58.0404586791992,-3.85693597793579,6.93420171737671,0.0134067125618458,-0.00265023834072053,42.4869689941406,-71.4636535644531,784.923461914062,721.970642089844,-3.7975652217865,1.0136114358902,115.474487304688,58.580322265625,-4.24351978302002,0.170699343085289,0.113355033099651,0.0463136173784733,70
738534.46173759014345705509,58.0613784790039,-3.83926558494568,6.96272945404053,0.0134067125618458,-0.00265023834072053,42.4869575500488,-71.4635238647461,784.159912109375,721.169006347656,-3.77922534942627,0.973847270011902,115.529449462891,58.603271484375,-4.23774528503418,0.157489061355591,0.110693387687206,0.046712651848793,70
738534.46173976152203977108,58.0826759338379,-3.81894540786743,6.9913501739502,0.0134067125618458,-0.00265023834072053,42.486946105957,-71.4633865356445,783.36328125,720.332397460938,-3.76052904129028,0.933112025260925,115.585945129395,58.6264457702637,-4.22927904129028,0.143828257918358,0.107949167490005,0.0471144393086433,70
738534.46174189925659447908,58.1025581359863,-3.79835057258606,7.01760292053223,0.0134067125618458,-0.00265023834072053,42.4869346618652,-71.4632568359375,782.599975585938,719.530578613281,-3.74210047721863,0.894685387611389,115.638969421387,58.6479454040527,-4.21891164779663,0.1325693577528,0.105355985462666,0.0474916324019432,70
738534.46174411650281399488,58.1227607727051,-3.7756450176239,7.04380512237549,0.0134067125618458,-0.00265023834072053,42.4869232177734,-71.4631195068359,781.802612304688,718.692687988281,-3.72169995307922,0.85473757982254,115.693328857422,58.6696357727051,-4.20582056045532,0.122598446905613,0.102688953280449,0.0478759035468102,70
738534.46174627065192908049,58.1413536071777,-3.75239825248718,7.06746959686279,0.0134067125618458,-0.00265023834072053,42.4869117736816,-71.4629898071289,781.047729492188,717.899169921875,-3.70225262641907,0.817378044128418,115.743598937988,58.6894111633301,-4.19147682189941,0.114092953503132,0.100206531584263,0.0482302196323872,70
738534.46174852235708385706,58.160514831543,-3.72838759422302,7.09136581420898,0.0134067125618458,-0.00265023834072053,42.4869003295898,-71.4628524780273,780.246459960938,717.056640625,-3.68952703475952,0.78018707036972,115.795761108398,58.7097396850586,-4.17421913146973,0.105329044163227,0.0976210758090019,0.0485978573560715,70
738534.46175068547017872334,58.178165435791,-3.70635175704956,7.11287355422974,0.0134067125618458,-0.00265023834072053,42.486888885498,-71.4627227783203,779.486206054688,716.256958007812,-3.67227697372437,0.744019746780396,115.843879699707,58.7284355163574,-4.15628480911255,0.0988248586654663,0.095217689871788,0.0489365085959435,70
738534.46175277873408049345,58.1945495605469,-3.68461608886719,7.13239479064941,0.0134067125618458,-0.00265023834072053,42.4868774414062,-71.4625930786133,778.759521484375,715.492370605469,-3.65501809120178,0.709611535072327,115.888618469238,58.7456665039062,-4.13801860809326,0.0926303938031197,0.0929654017090797,0.0492548458278179,70
738534.46175495511852204800,58.2114753723145,-3.66084003448486,7.15208387374878,0.0134067125618458,-0.00265023834072053,42.4868659973145,-71.4624557495117,777.983642578125,714.675720214844,-3.63492870330811,0.672755718231201,115.935195922852,58.7633399963379,-4.11744928359985,0.0867256298661232,0.0906106382608414,0.0495748482644558,70
738534.46175706107169389725,58.2263298034668,-3.63848471641541,7.16893482208252,0.0134067125618458,-0.00265023834072053,42.4868583679199,-71.4623336791992,777.278503417969,713.933227539062,-3.61541271209717,0.639141082763672,115.97624206543,58.7787170410156,-4.0980110168457,0.0816300287842751,0.0885162428021431,0.04985561221838,70
738534.46175921196117997169,58.241584777832,-3.61359095573425,7.18579816818237,0.0134067125618458,-0.00265023834072053,42.4868431091309,-71.4621963500977,776.52734375,713.142028808594,-3.59431982040405,0.603578984737396,116.018783569336,58.7943534851074,-4.07648992538452,0.0760892927646637,0.0863350331783295,0.0501465760171413,70
738534.46176128659863024950,58.2553901672363,-3.58996391296387,7.20063972473145,0.0134067125618458,-0.00265023834072053,42.4868354797363,-71.4620666503906,775.819946289062,712.396728515625,-3.57556700706482,0.570718348026276,116.057601928711,58.8083953857422,-4.05553007125854,0.0705220624804497,0.0843301117420197,0.0504129938781261,70
738534.46176339255180209875,58.2686386108398,-3.56604504585266,7.21446132659912,0.0134067125618458,-0.00265023834072053,42.4868240356445,-71.4619445800781,775.11376953125,711.652404785156,-3.55543398857117,0.537880420684814,116.095169067383,58.8217582702637,-4.03393030166626,0.0646188110113144,0.0823781937360764,0.0506743043661118,70
738534.46176552178803831339,58.281551361084,-3.54110336303711,7.22746181488037,0.0134067125618458,-0.00265023834072053,42.4868125915527,-71.4618072509766,774.395324707031,710.894897460938,-3.53377413749695,0.504328310489655,116.132118225098,58.8346366882324,-4.01130533218384,0.0591997802257538,0.0804449915885925,0.0509297214448452,70
738534.46176761726383119822,58.2936477661133,-3.51592469215393,7.23916721343994,0.0134067125618458,-0.00265023834072053,42.4868011474609,-71.4616775512695,773.690185546875,710.151062011719,-3.51150226593018,0.471254199743271,116.167106628418,58.8465538024902,-3.98849940299988,0.0541046634316444,0.0786004588007927,0.0511664524674416,70
738534.46176974836271256208,58.3050994873047,-3.49008107185364,7.24977540969849,0.0134067125618458,-0.00265023834072053,42.4867897033691,-71.4615478515625,772.988220214844,709.410339355469,-3.48841094970703,0.438179194927216,116.200622558594,58.8576622009277,-3.9651882648468,0.0488492771983147,0.0768188610672951,0.0513940453529358,70
738534.46177184174302965403,58.3157424926758,-3.46391701698303,7.25914287567139,0.0134067125618458,-0.00265023834072053,42.4867782592773,-71.46142578125,772.299011230469,708.661682128906,-3.46488928794861,0.405590355396271,116.232223510742,58.8678169250488,-3.94169473648071,0.0439005568623543,0.0751248747110367,0.0516139157116413,70
738534.46177392115350812674,58.3257942199707,-3.4369637966156,7.26747751235962,0.0134067125618458,-0.00265023834072053,42.4867668151855,-71.461296081543,771.608215332031,707.894592285156,-3.44048190116882,0.37272047996521,116.262588500977,58.8772201538086,-3.91748595237732,0.0390104949474335,0.0734841972589493,0.0518228709697723,70
738534.46177597669884562492,58.3348350524902,-3.41036295890808,7.27445507049561,0.0134067125618458,-0.00265023834072053,42.4867553710938,-71.4611663818359,770.944763183594,707.157470703125,-3.41503977775574,0.340496599674225,116.290458679199,58.8854942321777,-3.89362072944641,0.0344795435667038,0.0719650089740753,0.0520206168293953,70
738534.46177804504986852407,58.3433799743652,-3.38200736045837,7.28049802780151,0.0134067125618458,-0.00265023834072053,42.486743927002,-71.4610366821289,770.270202636719,706.407348632812,-3.38802361488342,0.30718994140625,116.317497253418,58.8930702209473,-3.86864757537842,0.0296142846345901,0.0704794526100159,0.0522166788578033,70
738534.46178009430877864361,58.3510284423828,-3.35385513305664,7.28531551361084,0.0134067125618458,-0.00265023834072053,42.4867324829102,-71.4609146118164,769.617980957031,705.681457519531,-3.36431622505188,0.275741875171661,116.342308044434,58.8996315002441,-3.84378099441528,0.0240839868783951,0.0691028162837029,0.0524027198553085,70
738534.46178221260197460651,58.3583221435547,-3.32446670532227,7.28931140899658,0.0134067125618458,-0.00265023834072053,42.4867210388184,-71.4607849121094,768.939147949219,704.925415039062,-3.33901238441467,0.243527337908745,116.366729736328,58.9056854248047,-3.81706190109253,0.0159043967723846,0.0677358508110046,0.0525967180728912,70
738534.46178439958021044731,58.3651504516602,-3.29196619987488,7.29258155822754,0.0134067125618458,-0.00265023834072053,42.4867095947266,-71.4606475830078,768.240844726562,704.146911621094,-3.31849694252014,0.225038528442383,116.390296936035,58.9110298156738,-3.78869771957397,0.000213857783819549,0.0664020553231239,0.052801638841629,70
738534.46178654104005545378,58.37109375,-3.26721239089966,7.29577112197876,0.0134067125618458,-0.00265023834072053,42.4866981506348,-71.4605178833008,767.573913574219,703.402770996094,-3.32455778121948,0.272976338863373,116.411247253418,58.9159355163574,-3.76082253456116,-0.0187756326049566,0.0652013942599297,0.0529978051781654,70
738534.46178875595796853304,58.3764610290527,-3.24496269226074,7.3005542755127,0.0134067125618458,-0.00265023834072053,42.486686706543,-71.4603805541992,766.884033203125,702.632446289062,-3.30427646636963,0.367832332849503,116.431396484375,58.9206161499023,-3.73181295394897,-0.0166099481284618,0.0640301406383514,0.0531934089958668,70
738534.46179100463632494211,58.3804702758789,-3.21955227851868,7.30777359008789,0.0134067125618458,-0.00265023834072053,42.4866752624512,-71.4602432250977,766.196960449219,701.86474609375,-3.26612281799316,0.452034443616867,116.450019836426,58.9240913391113,-3.70341157913208,-0.000336384284310043,0.0629279464483261,0.0533807165920734,70
738534.46179299231152981520,58.3829231262207,-3.1907696723938,7.31648397445679,0.0134067125618458,-0.00265023834072053,42.4866638183594,-71.4601211547852,765.581665039062,701.176635742188,-3.24175095558167,0.520320177078247,116.465560913086,58.9260330200195,-3.67820000648499,0.00828634295612574,0.0619960948824883,0.0535482056438923,70
738534.46179529384244233370,58.3846588134766,-3.16648054122925,7.32919836044312,0.0134067125618458,-0.00265023834072053,42.4866485595703,-71.4599838256836,764.890441894531,700.402954101562,-3.24666881561279,0.646752774715424,116.481521606445,58.9280242919922,-3.649733543396,0.00494028907269239,0.0610199235379696,0.0537301823496819,70
738534.46179746347479522228,58.3850440979004,-3.14851593971252,7.34777545928955,0.0134067125618458,-0.00265023834072053,42.4866371154785,-71.459831237793,764.170227050781,699.596313476562,-3.22103571891785,0.887638986110687,116.496643066406,58.9297561645508,-3.62027263641357,0.012744938954711,0.060077115893364,0.0539296939969063,70
738534.46179955708794295788,58.3836631774902,-3.12316298484802,7.37028503417969,0.0134067125618458,-0.00265023834072053,42.4866256713867,-71.4597091674805,763.543823242188,698.894226074219,-3.20320105552673,1.09965455532074,116.50846862793,58.9298515319824,-3.59586954116821,0.0506758950650692,0.0593108907341957,0.0540992021560669,70
738534.46180163125973194838,58.3806419372559,-3.10752654075623,7.39868927001953,0.0134067125618458,-0.00265023834072053,42.4866142272949,-71.4595794677734,762.9130859375,698.186767578125,-3.18997669219971,1.26871347427368,116.519302368164,58.9295921325684,-3.57174158096313,0.0837888717651367,0.0585933811962605,0.0542720258235931,70
738534.46180367248598486185,58.3764419555664,-3.08660554885864,7.43040466308594,0.0134067125618458,-0.00265023834072053,42.4866027832031,-71.4594573974609,762.317321777344,697.518188476562,-3.15906500816345,1.43367540836334,116.528549194336,58.9283218383789,-3.54954123497009,0.117868311703205,0.057961393147707,0.0544281750917435,70
738534.46180606936104595661,58.3697280883789,-3.06350612640381,7.47146844863892,0.0134067125618458,-0.00265023834072053,42.4865913391113,-71.4593124389648,761.620910644531,696.736083984375,-3.11336326599121,1.48585283756256,116.5380859375,58.9256553649902,-3.52421259880066,0.190909370779991,0.0572818592190742,0.0546002313494682,70
738534.46180805622134357691,58.3625450134277,-3.03317093849182,7.50863838195801,0.0134067125618458,-0.00265023834072053,42.4865798950195,-71.4591827392578,761.015991210938,696.056030273438,-3.06768584251404,1.4252747297287,116.545181274414,58.9216995239258,-3.50234460830688,0.209748059511185,0.0567464977502823,0.0547355711460114,70
738534.46181039116345345974,58.3536949157715,-2.99809432029724,7.54933738708496,0.0134067125618458,-0.00265023834072053,42.4865646362305,-71.4590377807617,760.347839355469,695.304077148438,-3.05896949768066,1.42500150203705,116.551513671875,58.9163360595703,-3.47721409797668,0.199322670698166,0.0562310889363289,0.0548671074211597,70
738534.46181261446326971054,58.344409942627,-2.97278380393982,7.58914184570312,0.0134067125618458,-0.00265023834072053,42.4865531921387,-71.4589004516602,759.699340820312,694.573425292969,-3.05247330665588,1.44997847080231,116.556007385254,58.9109687805176,-3.45137190818787,0.194783717393875,0.055816538631916,0.0549805164337158,70
738534.46181491494644433260,58.3337707519531,-2.94724178314209,7.63191652297974,0.0134067125618458,-0.00265023834072053,42.4865379333496,-71.4587554931641,759.022521972656,693.810302734375,-3.02637791633606,1.49084627628326,116.559036254883,58.9046783447266,-3.42352724075317,0.195735141634941,0.0554676055908203,0.0550972446799278,70
738534.46181724313646554947,58.3220367431641,-2.91924333572388,7.67581129074097,0.0134067125618458,-0.00265023834072053,42.4865264892578,-71.458610534668,758.354309082031,693.05615234375,-2.99790859222412,1.53145635128021,116.560417175293,58.8973693847656,-3.39581966400146,0.198317185044289,0.0552043244242668,0.0551921129226685,70
738534.46181954245548695326,58.3096885681152,-2.89359378814697,7.71958589553833,0.0134067125618458,-0.00265023834072053,42.4865112304688,-71.4584732055664,757.7119140625,692.347534179688,-2.98474049568176,1.57438600063324,116.560203552246,58.8895950317383,-3.36891341209412,0.19983783364296,0.0550296641886234,0.0552517473697662,70
738534.46182178077287971973,58.2969017028809,-2.87118172645569,7.76330137252808,0.0134067125618458,-0.00265023834072053,42.486499786377,-71.4583358764648,757.091857910156,691.706176757812,-2.9699649810791,1.61588978767395,116.558578491211,58.8815879821777,-3.34287691116333,0.203530579805374,0.0549334809184074,0.0552930310368538,70
738534.46182394050993025303,58.2835464477539,-2.85021257400513,7.80752801895142,0.0134067125618458,-0.00265023834072053,42.4864883422852,-71.4581985473633,756.484802246094,691.078125,-2.95426774024963,1.65672552585602,116.555656433105,58.8731956481934,-3.31747555732727,0.208750545978546,0.0549053996801376,0.0553227253258228,70
738534.46182646823581308126,58.267578125,-2.82757472991943,7.85878992080688,0.0134067125618458,-0.00265023834072053,42.4864730834961,-71.4580459594727,755.804992675781,690.374633789062,-2.93592023849487,1.70268738269806,116.550971984863,58.8631134033203,-3.28968548774719,0.215257093310356,0.0549488849937916,0.0553196221590042,70
738534.46182873786892741919,58.2517395019531,-2.80710029602051,7.9082236289978,0.0134067125618458,-0.00265023834072053,42.486457824707,-71.4579086303711,755.171752929688,689.71923828125,-2.91851162910461,1.74573600292206,116.545280456543,58.8530807495117,-3.26440167427063,0.221098750829697,0.0550586581230164,0.0552895106375217,70
738534.46183090982958674431,58.2361717224121,-2.78850364685059,7.95564937591553,0.0134067125618458,-0.00265023834072053,42.4864463806152,-71.4577713012695,754.582946777344,689.109680175781,-2.90226268768311,1.78593349456787,116.538879394531,58.8431777954102,-3.24161767959595,0.227235689759254,0.0552188940346241,0.0552499294281006,70
738534.46183304768055677414,58.2201957702637,-2.77074646949768,8.00330638885498,0.0134067125618458,-0.00265023834072053,42.4864349365234,-71.4576416015625,754.008361816406,688.514770507812,-2.88648867607117,1.82532680034637,116.531646728516,58.8329963684082,-3.22001218795776,0.233587548136711,0.055428858846426,0.0551819689571857,70
738534.46183519321493804455,58.2033424377441,-2.75327038764954,8.05265140533447,0.0134067125618458,-0.00265023834072053,42.4864196777344,-71.4575119018555,753.430419921875,687.916259765625,-2.87079215049744,1.86511898040771,116.523391723633,58.8222312927246,-3.19886589050293,0.239556938409805,0.0556925944983959,0.0550908669829369,70
738534.46183742012362927198,58.1859931945801,-2.73645353317261,8.10259437561035,0.0134067125618458,-0.00265023834072053,42.4864082336426,-71.4573822021484,752.861633300781,687.327209472656,-2.85557961463928,1.90443873405457,116.514343261719,58.8111419677734,-3.17862296104431,0.245550990104675,0.0560029745101929,0.054978609085083,70
738534.46184003667440265417,58.1642265319824,-2.71682524681091,8.16421699523926,0.0134067125618458,-0.00265023834072053,42.4863929748535,-71.4572219848633,752.180480957031,686.621520996094,-2.83773612976074,1.95172667503357,116.502159118652,58.7972183227539,-3.15492725372314,0.25281611084938,0.0564397498965263,0.0548048689961433,70
738534.46184225636534392834,58.1434097290039,-2.69939088821411,8.22227764129639,0.0134067125618458,-0.00265023834072053,42.4863777160645,-71.4570770263672,751.558166503906,685.976745605469,-2.82181978225708,1.99507355690002,116.489959716797,58.7839126586914,-3.1340217590332,0.259628772735596,0.056901142001152,0.0546129494905472,70
738534.46184447058476507664,58.1236724853516,-2.68407082557678,8.27663135528564,0.0134067125618458,-0.00265023834072053,42.4863662719727,-71.4569473266602,750.990844726562,685.388854980469,-2.80764293670654,2.0306556224823,116.477981567383,58.7713241577148,-3.11553430557251,0.26648336648941,0.0573719367384911,0.0544088780879974,70
738534.46184651646763086319,58.1042366027832,-2.67028546333313,8.32945728302002,0.0134067125618458,-0.00265023834072053,42.4863510131836,-71.4568176269531,750.448425292969,684.826599121094,-2.79510450363159,2.03966951370239,116.465744018555,58.7589340209961,-3.09833335876465,0.27703133225441,0.0578663647174835,0.0541960746049881,70
738534.46184863371308892965,58.0840530395508,-2.65681433677673,8.38343906402588,0.0134067125618458,-0.00265023834072053,42.4863395690918,-71.4566879272461,749.896301269531,684.254333496094,-2.78600931167603,2.01843690872192,116.452545166016,58.7460441589355,-3.0813000202179,0.283893525600433,0.0584119185805321,0.0539472959935665,70
738534.46185074711684137583,58.0637130737305,-2.64496231079102,8.43684101104736,0.0134067125618458,-0.00265023834072053,42.4863243103027,-71.4565582275391,749.344787597656,683.6826171875,-2.78188323974609,1.98100554943085,116.438591003418,58.7330474853516,-3.06482124328613,0.283033847808838,0.0589980706572533,0.0536640956997871,70
738534.46185292047448456287,58.0428924560547,-2.63476824760437,8.49017524719238,0.0134067125618458,-0.00265023834072053,42.4863128662109,-71.4564208984375,748.782653808594,683.099792480469,-2.77031660079956,1.93592250347137,116.42366027832,58.7196922302246,-3.04872751235962,0.28047850728035,0.0596344396471977,0.053344901651144,70
738534.46185501047875732183,58.0224418640137,-2.62324047088623,8.54117584228516,0.0134067125618458,-0.00265023834072053,42.4862976074219,-71.4562911987305,748.233581542969,682.530456542969,-2.76260375976562,1.88615000247955,116.408477783203,58.7063598632812,-3.03382158279419,0.273519814014435,0.0602910593152046,0.0530047193169594,70
738534.46185713668819516897,58.0028228759766,-2.61498832702637,8.58867263793945,0.0134067125618458,-0.00265023834072053,42.4862861633301,-71.4561614990234,747.70556640625,681.98291015625,-2.75517749786377,1.82362329959869,116.393409729004,58.6935348510742,-3.02018213272095,0.267116516828537,0.0609541684389114,0.0526490807533264,70
738534.46185928734485059977,57.9821586608887,-2.6047351360321,8.63698768615723,0.0134067125618458,-0.00265023834072053,42.486270904541,-71.4560317993164,747.1484375,681.405090332031,-2.74195957183838,1.74944961071014,116.376899719238,58.6797485351562,-3.00656867027283,0.254975020885468,0.0616844817996025,0.0522393025457859,70
738534.46186149516142904758,57.9615707397461,-2.59363055229187,8.68335151672363,0.0134067125618458,-0.00265023834072053,42.486255645752,-71.4558944702148,746.58935546875,680.8251953125,-2.7408652305603,1.67603659629822,116.359809875488,58.6657562255859,-2.99357175827026,0.239975690841675,0.0624497607350349,0.0517894700169563,70
738534.46186352556105703115,57.9427871704102,-2.58801865577698,8.72425174713135,0.0134067125618458,-0.00265023834072053,42.4862442016602,-71.4557723999023,746.070556640625,680.287109375,-2.74395513534546,1.60885441303253,116.343574523926,58.6530227661133,-2.98204302787781,0.225491583347321,0.0631887912750244,0.0513421893119812,70
738534.46186614758335053921,57.9215354919434,-2.57785248756409,8.7695484161377,0.0134067125618458,-0.00265023834072053,42.4862251281738,-71.4556274414062,745.469360351562,679.663452148438,-2.75774121284485,1.54357576370239,116.324180603027,58.6383361816406,-2.96947026252747,0.208081588149071,0.0640733242034912,0.0507793389260769,70
738534.46186818205751478672,57.9014549255371,-2.58398866653442,8.81239604949951,0.0134067125618458,-0.00265023834072053,42.4862098693848,-71.4554824829102,744.867919921875,679.039489746094,-2.80861854553223,1.49049997329712,116.30460357666,58.6251945495605,-2.95787382125854,0.191854000091553,0.0649852529168129,0.0501861199736595,70
738534.46187048207502812147,57.8835563659668,-2.59567928314209,8.85112857818604,0.0134067125618458,-0.00265023834072053,42.4861946105957,-71.4553451538086,744.291564941406,678.441711425781,-2.82504534721375,1.41821050643921,116.286178588867,58.6138725280762,-2.94912672042847,0.186649858951569,0.0658560618758202,0.0496017895638943,70
738534.46187295299023389816,57.8653678894043,-2.60800457000732,8.89010906219482,0.0134067125618458,-0.00265023834072053,42.4861793518066,-71.455192565918,743.672546386719,677.799743652344,-2.83657169342041,1.33852469921112,116.26683807373,58.6023597717285,-2.94323253631592,0.177789285778999,0.0667664408683777,0.0489441156387329,70
738534.46187506848946213722,57.8502044677734,-2.61740303039551,8.92190361022949,0.0134067125618458,-0.00265023834072053,42.4861640930176,-71.4550628662109,743.131103515625,677.23828125,-2.83601379394531,1.26888608932495,116.250556945801,58.5926399230957,-2.94110584259033,0.169987827539444,0.067533478140831,0.0483381487429142,70
738534.46187747141811996698,57.8337554931641,-2.62590003013611,8.95524978637695,0.0134067125618458,-0.00265023834072053,42.4861488342285,-71.4549179077148,742.519958496094,676.604675292969,-2.83472037315369,1.19058787822723,116.233024597168,58.5818672180176,-2.94157648086548,0.159268870949745,0.0683656185865402,0.0476188138127327,70
738534.46187985863070935011,57.8178977966309,-2.63274264335632,8.98609828948975,0.0134067125618458,-0.00265023834072053,42.4861335754395,-71.4547729492188,741.905212402344,674.335205078125,-2.83515596389771,1.1122795343399,116.216171264648,58.5712471008301,-2.94428515434265,0.147216156125069,0.0691710785031319,0.046866163611412,70
738534.46188190660905092955,57.8048515319824,-2.63823175430298,9.0103645324707,0.0134067125618458,-0.00265023834072053,42.4861183166504,-71.4546508789062,741.379211425781,672.334045410156,-2.83326745033264,1.04774534702301,116.202285766602,58.5623397827148,-2.94777011871338,0.136328801512718,0.0698382705450058,0.0462015233933926,70
738534.46188396390061825514,57.7922897338867,-2.64203810691833,9.03268623352051,0.0134067125618458,-0.00265023834072053,42.4861068725586,-71.4545211791992,740.854614257812,670.34130859375,-2.83144450187683,0.984758377075195,116.188896179199,58.5535545349121,-2.95188736915588,0.125994279980659,0.0704861283302307,0.0455220863223076,70
738534.46188615576829761267,57.779369354248,-2.64559984207153,9.05445003509521,0.0134067125618458,-0.00265023834072053,42.4860916137695,-71.4543914794922,740.295166015625,668.21875,-2.83134984970093,0.918004155158997,116.175033569336,58.5443267822266,-2.95658135414124,0.114938445389271,0.0711612552404404,0.0447726510465145,70
738534.46188843785785138607,57.7659759521484,-2.64915132522583,9.07564353942871,0.0134067125618458,-0.00265023834072053,42.4860763549805,-71.4542465209961,739.68994140625,665.925170898438,-2.8325092792511,0.846027135848999,116.160438537598,58.5345458984375,-2.96167588233948,0.103332370519638,0.0718768462538719,0.0439321286976337,70
738534.46189053868874907494,57.7544326782227,-2.65229868888855,9.09265613555908,0.0134067125618458,-0.00265023834072053,42.4860610961914,-71.4541168212891,739.144226074219,663.85888671875,-2.83434581756592,0.78133636713028,116.147666931152,58.5259399414062,-2.9660849571228,0.0928656980395317,0.0725095048546791,0.0431580878794193,70
738534.46189268608577549458,57.7428894042969,-2.65567374229431,9.10837268829346,0.0134067125618458,-0.00265023834072053,42.4860458374023,-71.453987121582,738.572326660156,661.695739746094,-2.83686065673828,0.713699758052826,116.134521484375,58.5171432495117,-2.97048473358154,0.0821737498044968,0.0731615871191025,0.042317233979702,70
738534.46189485606737434864,57.7321701049805,-2.65911674499512,9.12164115905762,0.0134067125618458,-0.00265023834072053,42.4860305786133,-71.453857421875,738.013549804688,659.583984375,-2.83977627754211,0.647741198539734,116.121932983398,58.5087890625,-2.97455096244812,0.0719922333955765,0.0737877488136292,0.0414863564074039,70
738534.46189695713110268116,57.7221450805664,-2.66269612312317,9.13273048400879,0.0134067125618458,-0.00265023834072053,42.4860153198242,-71.453727722168,737.4619140625,657.501525878906,-2.84301471710205,0.582781314849854,116.109786987305,58.500789642334,-2.97838282585144,0.0621371306478977,0.0743949413299561,0.0406500175595284,70
738534.46189924026839435101,57.7118301391602,-2.66683101654053,9.14257621765137,0.0134067125618458,-0.00265023834072053,42.4860000610352,-71.4535827636719,736.859497070312,655.229919433594,-2.84690594673157,0.512016713619232,116.096855163574,58.4923400878906,-2.98241639137268,0.0512955188751221,0.0750456973910332,0.0397299006581306,70
738534.46190125390421599150,57.7035217285156,-2.67056250572205,9.14914894104004,0.0134067125618458,-0.00265023834072053,42.4859886169434,-71.4534606933594,736.343688964844,653.286865234375,-2.85048198699951,0.451657056808472,116.086036682129,58.4853439331055,-2.98581290245056,0.0419203154742718,0.0755918398499489,0.0389295518398285,70
738534.46190333808772265911,57.6953659057617,-2.6746609210968,9.15418910980225,0.0134067125618458,-0.00265023834072053,42.4859733581543,-71.4533386230469,735.805053710938,651.910522460938,-2.85444378852844,0.388766407966614,116.074996948242,58.4782676696777,-2.9893524646759,0.0322716385126114,0.076151080429554,0.0380781404674053,70
738534.46190534799825400114,57.6880187988281,-2.67880916595459,9.15729236602783,0.0134067125618458,-0.00265023834072053,42.4859580993652,-71.4532165527344,735.285705566406,650.732177734375,-2.858478307724,0.328274369239807,116.064613342285,58.4716987609863,-2.99278903007507,0.0231202505528927,0.0766792222857475,0.0372475832700729,70
738534.46190771122928708792,57.6799583435059,-2.68396878242493,9.15875720977783,0.0134067125618458,-0.00265023834072053,42.4859428405762,-71.4530715942383,734.670349121094,649.337646484375,-2.86351203918457,0.25684329867363,116.052612304688,58.4642105102539,-2.99694299697876,0.0122741991654038,0.0772895365953445,0.0362545661628246,70
738534.46190979937091469765,57.6734962463379,-2.68868637084961,9.15809345245361,0.0134067125618458,-0.00265023834072053,42.4859275817871,-71.4529495239258,734.133239746094,648.724548339844,-2.86810874938965,0.19467057287693,116.042442321777,58.457950592041,-3.00068426132202,0.00281941937282681,0.077808290719986,0.0353738479316235,70
738534.46191189496312290430,57.6673431396484,-2.6937837600708,9.15549850463867,0.0134067125618458,-0.00265023834072053,42.485912322998,-71.4528198242188,733.574584960938,648.097351074219,-2.87308311462402,0.13018536567688,116.032165527344,58.4517097473145,-3.00471210479736,-0.00708824954926968,0.0783337652683258,0.0344467796385288,70
738534.46191396890208125114,57.6619682312012,-2.69888257980347,9.15115928649902,0.0134067125618458,-0.00265023834072053,42.4859008789062,-71.4526901245117,733.035827636719,647.492492675781,-2.87805032730103,0.068167507648468,116.022590637207,58.4459609985352,-3.00873470306396,-0.0165316835045815,0.0788258165121078,0.0335527248680592,70
738534.46191598311997950077,57.6571617126465,-2.70413756370544,9.14506149291992,0.0134067125618458,-0.00265023834072053,42.4858856201172,-71.4525680541992,732.49951171875,646.890502929688,-2.88316106796265,0.00660269148647785,116.013381958008,58.4405059814453,-3.01289176940918,-0.02584726549685,0.079301081597805,0.0326665677130222,70
738534.46191825065761804581,57.6523246765137,-2.71033811569214,9.13597679138184,0.0134067125618458,-0.00265023834072053,42.4858703613281,-71.4524230957031,731.8876953125,646.203857421875,-2.88917684555054,-0.0634042397141457,116.003242492676,58.4346008300781,-3.01785206794739,-0.0364027284085751,0.079824760556221,0.0316405184566975,70
738534.46192033647093921900,57.6486129760742,-2.71571230888367,9.12581825256348,0.0134067125618458,-0.00265023834072053,42.4858551025391,-71.4523010253906,731.334167480469,645.582641601562,-2.90078353881836,-0.125378265976906,115.994491577148,58.4295997619629,-3.02248525619507,-0.0468403249979019,0.0802814736962318,0.030718257650733,70
738534.46192241879180073738,57.6456756591797,-2.72353887557983,9.11422729492188,0.0134067125618458,-0.00265023834072053,42.48583984375,-71.4521713256836,730.795776367188,644.978393554688,-2.91430187225342,-0.184601664543152,115.986351013184,58.4252586364746,-3.02715444564819,-0.0565690696239471,0.0807091593742371,0.0298155751079321,70
738534.46192446688655763865,57.6433868408203,-2.73235130310059,9.10083293914795,0.0134067125618458,-0.00265023834072053,42.4858283996582,-71.4520492553711,730.251037597656,644.367065429688,-2.92659878730774,-0.244026526808739,115.978507995605,58.4213218688965,-3.03222918510437,-0.0656450018286705,0.0811219364404678,0.0289027076214552,70
738534.46192661800887435675,57.6417121887207,-2.7421715259552,9.08522510528564,0.0134067125618458,-0.00265023834072053,42.4858131408691,-71.4519195556641,729.686584472656,644.154663085938,-2.93844509124756,-0.305281013250351,115.970840454102,58.4177017211914,-3.03801870346069,-0.0746535584330559,0.0815253481268883,0.027954813092947,70
738534.46192873117979615927,57.6408500671387,-2.75173854827881,9.06769752502441,0.0134067125618458,-0.00265023834072053,42.4857978820801,-71.451789855957,729.112243652344,643.967407226562,-2.96496772766113,-0.359306573867798,115.963592529297,58.4145774841309,-3.04450607299805,-0.086990624666214,0.0819085016846657,0.0270014312118292,70
738534.46193080919329077005,57.6409149169922,-2.76720952987671,9.04954051971436,0.0134067125618458,-0.00265023834072053,42.485782623291,-71.4516677856445,728.560302734375,643.785705566406,-2.99341082572937,-0.40358105301857,115.957221984863,58.4125556945801,-3.05136108398438,-0.0979038625955582,0.0822479352355003,0.0260935928672552,70
738534.46193285263143479824,57.641674041748,-2.78349852561951,9.03083992004395,0.0134067125618458,-0.00265023834072053,42.4857711791992,-71.4515380859375,728.009033203125,643.601928710938,-3.00834202766418,-0.403744101524353,115.95157623291,58.4111862182617,-3.0592474937439,-0.11407183855772,0.0825500637292862,0.0251910574734211,70
738534.46193491946905851364,57.6430397033691,-2.79634666442871,9.01303100585938,0.0134067125618458,-0.00265023834072053,42.4857559204102,-71.451416015625,727.458190917969,643.416442871094,-3.04658937454224,-0.335540294647217,115.946708679199,58.4103927612305,-3.06829857826233,-0.1342933177948,0.0828113555908203,0.0242966879159212,70
738534.46193697012495249510,57.6450386047363,-2.82573699951172,8.99844455718994,0.0134067125618458,-0.00265023834072053,42.4857444763184,-71.4512939453125,726.900512695312,643.226196289062,-3.14091300964355,-0.133038401603699,115.942672729492,58.4115333557129,-3.07855081558228,-0.147946655750275,0.0830331742763519,0.0233992859721184,70
738534.46193904720712453127,57.6466331481934,-2.8675229549408,8.98956966400146,0.0134067125618458,-0.00265023834072053,42.4857292175293,-71.4511642456055,726.33544921875,643.028747558594,-3.19834017753601,0.123507358133793,115.939720153809,58.4137763977051,-3.09118866920471,-0.134145870804787,0.0831913501024246,0.0225094016641378,70
738534.46194107201881706715,57.6480293273926,-2.90197134017944,8.98750019073486,0.0134067125618458,-0.00265023834072053,42.4857139587402,-71.451042175293,725.765686035156,643.124572753906,-3.25601172447205,0.387668430805206,115.938148498535,58.4165344238281,-3.10744690895081,-0.0878383070230484,0.0832594186067581,0.0216335859149694,70
738534.46194314665626734495,57.6487617492676,-2.95940661430359,8.9927921295166,0.0134067125618458,-0.00265023834072053,42.4857025146484,-71.4509124755859,725.173950195312,643.257141113281,-3.34247732162476,0.622519493103027,115.938087463379,58.420955657959,-3.12800264358521,-0.0561909824609756,0.0832273587584496,0.0207411404699087,70
738534.46194530115462839603,57.6491622924805,-3.01406311988831,9.00754165649414,0.0134067125618458,-0.00265023834072053,42.4856872558594,-71.4507904052734,724.567443847656,643.379760742188,-3.36346340179443,1.05580914020538,115.939895629883,58.4264183044434,-3.15387439727783,-0.0343035347759724,0.0830611810088158,0.0198425445705652,70
738534.46194745646789669991,57.6483383178711,-3.06186366081238,9.03602409362793,0.0134067125618458,-0.00265023834072053,42.4856719970703,-71.4506530761719,723.940979003906,643.495483398438,-3.38450145721436,1.6003395318985,115.943824768066,58.432487487793,-3.18556499481201,0.0262188743799925,0.0827407166361809,0.0189236421138048,70
738534.46194974018726497889,57.6455574035645,-3.10673213005066,9.08254718780518,0.0134067125618458,-0.00265023834072053,42.4856567382812,-71.4505157470703,723.272521972656,643.608337402344,-3.41232109069824,2.1360170841217,115.950340270996,58.4393272399902,-3.22342252731323,0.129452347755432,0.0822446495294571,0.0179493352770805,70
738534.46195184567477554083,57.6417694091797,-3.14809107780457,9.14002227783203,0.0134067125618458,-0.00265023834072053,42.4856414794922,-71.4503860473633,722.616821289062,643.710815429688,-3.49859166145325,2.34552216529846,115.958992004395,58.4467620849609,-3.26267695426941,0.247130855917931,0.0816203579306602,0.017013905569911,70
738534.46195391251239925623,57.6380310058594,-3.20343518257141,9.1981258392334,0.0134067125618458,-0.00265023834072053,42.4856262207031,-71.4502639770508,722.003723144531,643.797180175781,-3.59363389015198,2.44006824493408,115.968948364258,58.4551963806152,-3.3002507686615,0.314166277647018,0.0809231474995613,0.0161491259932518,70
738534.46195595338940620422,57.6351089477539,-3.26641440391541,9.25894165039062,0.0134067125618458,-0.00265023834072053,42.4856147766113,-71.4501342773438,721.364074707031,643.875427246094,-3.65721297264099,2.37400102615356,115.98127746582,58.4654006958008,-3.34117364883423,0.386456698179245,0.0800665244460106,0.015248435549438,70
738534.46195804129820317030,57.6340217590332,-3.32670116424561,9.3174991607666,0.0134067125618458,-0.00265023834072053,42.4855995178223,-71.4500122070312,720.718200683594,643.942565917969,-3.69487857818604,2.14535737037659,115.995819091797,58.4770278930664,-3.38494110107422,0.403654247522354,0.0790549665689468,0.0143443364650011,70
738534.46196012070868164301,57.6344528198242,-3.38241147994995,9.37356185913086,0.0134067125618458,-0.00265023834072053,42.4855842590332,-71.4498825073242,720.053344726562,644.000366210938,-3.65177202224731,2.05318212509155,116.013023376465,58.4896125793457,-3.43239402770996,0.382717549800873,0.0778594687581062,0.0134136928245425,70
738534.46196251455694437027,57.6371002197266,-3.40373611450195,9.43726253509521,0.0134067125618458,-0.00265023834072053,42.4855690002441,-71.4497375488281,719.282775878906,644.059936523438,-3.56281018257141,1.97719967365265,116.035827636719,58.5037002563477,-3.48868870735168,0.361115157604218,0.0762952044606209,0.0123305525630713,70
738534.46196453401353210211,57.639347076416,-3.40893292427063,9.48981380462646,0.0134067125618458,-0.00265023834072053,42.4855537414551,-71.4496154785156,718.629516601562,644.108947753906,-3.51242899894714,1.91366517543793,116.05736541748,58.5147171020508,-3.53413367271423,0.334159582853317,0.0748673602938652,0.0113881761208177,70
738534.46196660539135336876,57.6411247253418,-3.40431714057922,9.54248905181885,0.0134067125618458,-0.00265023834072053,42.485538482666,-71.4494934082031,717.954467773438,644.160339355469,-3.47034096717834,1.84818994998932,116.081275939941,58.5247611999512,-3.57611703872681,0.30648535490036,0.0733368173241615,0.0103856259956956,70
738534.46196895779576152563,57.6425514221191,-3.39155316352844,9.5998592376709,0.0134067125618458,-0.00265023834072053,42.4855194091797,-71.449348449707,717.191711425781,644.220825195312,-3.43374752998352,1.77474617958069,116.10945892334,58.5348091125488,-3.6152675151825,0.27827376127243,0.0715802982449532,0.00921842362731695,70
738534.46197111369110643864,57.6434516906738,-3.37561655044556,9.65122032165527,0.0134067125618458,-0.00265023834072053,42.4855041503906,-71.4492111206055,716.480529785156,644.186828613281,-3.40587067604065,1.70654141902924,116.136306762695,58.5432167053223,-3.64308142662048,0.25639733672142,0.0699462741613388,0.00808483827859163,70
738534.46197318076156079769,57.6439208984375,-3.35818576812744,9.69694995880127,0.0134067125618458,-0.00265023834072053,42.4854888916016,-71.449089050293,715.821411132812,644.14208984375,-3.38194942474365,1.64323508739471,116.160972595215,58.5502319335938,-3.66120839118958,0.239600911736488,0.0684526637196541,0.00701038725674152,70
738534.46197527472395449877,57.6441268920898,-3.33875441551208,9.74116230010986,0.0134067125618458,-0.00265023834072053,42.4854736328125,-71.4489593505859,715.158142089844,644.100769042969,-3.35892271995544,1.57933211326599,116.185317993164,58.5566635131836,-3.67252445220947,0.225373074412346,0.0669812262058258,0.0058972155675292,70
738534.46197725529782474041,57.644603729248,-3.31859731674194,9.78217887878418,0.0134067125618458,-0.00265023834072053,42.4854583740234,-71.4488372802734,714.518676757812,644.064636230469,-3.33718466758728,1.51739478111267,116.208122253418,58.5628242492676,-3.67746806144714,0.213075011968613,0.0656003504991531,0.00479463115334511,70
738534.46197932364884763956,57.6452255249023,-3.29730725288391,9.82145118713379,0.0134067125618458,-0.00265023834072053,42.4854469299316,-71.4487152099609,713.881225585938,644.03271484375,-3.31557416915894,1.45538806915283,116.230178833008,58.5688056945801,-3.67722916603088,0.201564028859138,0.0642668828368187,0.00366251170635223,70
738534.46198145381640642881,57.6455955505371,-3.2741277217865,9.86032390594482,0.0134067125618458,-0.00265023834072053,42.4854278564453,-71.4485855102539,713.221069335938,644.004089355469,-3.29296875,1.39094138145447,116.252250671387,58.5744018554688,-3.67223715782166,0.190122857689857,0.0629358440637589,0.00244663492776453,70
738534.46198353485669940710,57.6455268859863,-3.2505316734314,9.89641666412354,0.0134067125618458,-0.00265023834072053,42.4854125976562,-71.4484634399414,712.577087402344,643.980590820312,-3.27055168151855,1.32782602310181,116.272926330566,58.5791053771973,-3.66338229179382,0.179513022303581,0.0616910047829151,0.00122551573440433,70
738534.46198562404606491327,57.6450576782227,-3.2255163192749,9.93115234375,0.0134067125618458,-0.00265023834072053,42.4853973388672,-71.4483337402344,711.923461914062,643.961608886719,-3.24857068061829,1.26167666912079,116.293045043945,58.5831413269043,-3.65093398094177,0.169996961951256,0.0604861453175545,-5.42026245966554e-05,70
738534.46198765665758401155,57.6443634033203,-3.2009174823761,9.9626293182373,0.0134067125618458,-0.00265023834072053,42.4853820800781,-71.4482116699219,711.296264648438,644.1845703125,-3.23882079124451,1.19341599941254,116.311363220215,58.5864524841309,-3.63619446754456,0.159072995185852,0.0593889281153679,-0.00131189275998622,70
738534.46199006342794746161,57.6435203552246,-3.17724585533142,9.99661350250244,0.0134067125618458,-0.00265023834072053,42.4853630065918,-71.4480590820312,710.568298339844,644.595458984375,-3.23670601844788,1.1135219335556,116.33137512207,58.5901260375977,-3.61630940437317,0.145807221531868,0.0581910274922848,-0.00280647911131382,70
738534.46199218241963535547,57.642879486084,-3.15962743759155,10.0237846374512,0.0134067125618458,-0.00265023834072053,42.4853477478027,-71.4479370117188,709.9384765625,644.957214355469,-3.23338675498962,1.04404211044312,116.347595214844,58.5931816101074,-3.59754037857056,0.135419219732285,0.057216577231884,-0.00413755560293794,70
738534.46199423645157366991,57.642261505127,-3.14331889152527,10.0488834381104,0.0134067125618458,-0.00265023834072053,42.4853324890137,-71.4478073120117,709.308288574219,645.32421875,-3.2265772819519,0.974351704120636,116.362884521484,58.5959968566895,-3.57813811302185,0.125809252262115,0.0562937967479229,-0.00549911661073565,70
738534.46199635753873735666,57.6411361694336,-3.12796568870544,10.0714139938354,0.0134067125618458,-0.00265023834072053,42.4853172302246,-71.4476852416992,708.688354492188,644.665161132812,-3.21773934364319,0.905709385871887,116.377029418945,58.5979347229004,-3.55900168418884,0.116571702063084,0.0554328970611095,-0.00686636939644814,70
738534.46199850575067102909,57.6389274597168,-3.11238384246826,10.0925121307373,0.0134067125618458,-0.00265023834072053,42.4853019714355,-71.4475479125977,708.041748046875,643.818481445312,-3.20707559585571,0.834058821201324,116.390731811523,58.5985641479492,-3.53931427001953,0.107497125864029,0.05458153039217,-0.00832019187510014,70
738534.46200080960988998413,57.6358680725098,-3.09750461578369,10.1107330322266,0.0134067125618458,-0.00265023834072053,42.4852867126465,-71.4474258422852,707.411254882812,642.991760253906,-3.19581818580627,0.764072477817535,116.402908325195,58.5979042053223,-3.5206151008606,0.0990443602204323,0.0537944547832012,-0.0097683472558856,70
738534.46200311556458473206,57.6307983398438,-3.07998108863831,10.129542350769,0.0134067125618458,-0.00265023834072053,42.4852638244629,-71.447265625,706.652770996094,641.996032714844,-3.18170142173767,0.679744362831116,116.415802001953,58.5952453613281,-3.49871182441711,0.0895575731992722,0.0529030673205853,-0.0115668857470155,70
738534.46200561244040727615,57.6250801086426,-3.06433892250061,10.1437759399414,0.0134067125618458,-0.00265023834072053,42.4852485656738,-71.4471206665039,705.958923339844,641.084045410156,-3.16860914230347,0.602381110191345,116.425384521484,58.5912628173828,-3.47948718070984,0.0810500606894493,0.0521396808326244,-0.013227554038167,70
738534.46200805890839546919,57.6186904907227,-3.0478093624115,10.1562652587891,0.0134067125618458,-0.00265023834072053,42.4852294921875,-71.4469680786133,705.2041015625,640.090576171875,-3.15451312065125,0.517752051353455,116.433212280273,58.5862808227539,-3.45926761627197,0.0713132098317146,0.0513638332486153,-0.0150787672027946,70
738534.46201052493415772915,57.614673614502,-3.03343462944031,10.1651287078857,0.0134067125618458,-0.00265023834072053,42.4852104187012,-71.4468231201172,704.531127929688,639.203857421875,-3.14219260215759,0.44167160987854,116.437980651855,58.583122253418,-3.44194841384888,0.0606449320912361,0.0507197827100754,-0.0167363341897726,70
738534.46201286395080387592,57.6123275756836,-3.01814460754395,10.1722469329834,0.0134067125618458,-0.00265023834072053,42.4851913452148,-71.4466781616211,703.812255859375,638.255432128906,-3.12905669212341,0.36000469326973,116.441360473633,58.5812606811523,-3.42399716377258,0.0465803146362305,0.0500797629356384,-0.0185433812439442,70
738534.46201523928903043270,57.610912322998,-3.00412559509277,10.1763076782227,0.0134067125618458,-0.00265023834072053,42.4851722717285,-71.4465408325195,703.160217285156,637.394348144531,-3.11692261695862,0.285814493894577,116.443473815918,58.5798530578613,-3.40821981430054,0.0322762839496136,0.0495428889989853,-0.0201989039778709,70
738534.46201745048165321350,57.6096725463867,-2.98949027061462,10.1780672073364,0.0134067125618458,-0.00265023834072053,42.4851570129395,-71.4463958740234,702.488891601562,636.506713867188,-3.10456824302673,0.209385216236115,116.445159912109,58.5781898498535,-3.39231586456299,0.0125461528077722,0.049034159630537,-0.021923491731286,70
738534.46201992093119770288,57.6084747314453,-2.97356534004211,10.1769599914551,0.0134067125618458,-0.00265023834072053,42.4851379394531,-71.4462509155273,701.783935546875,635.573608398438,-3.09244108200073,0.129010677337646,116.446632385254,58.5760116577148,-3.37584471702576,-0.00520538398995996,0.048548374325037,-0.023764094337821,70
738534.46202234306838363409,57.6074752807617,-2.9592924118042,10.1727533340454,0.0134067125618458,-0.00265023834072053,42.4851188659668,-71.4460983276367,701.073913574219,634.632690429688,-3.0901780128479,0.0481619276106358,116.447769165039,58.5735702514648,-3.35940980911255,-0.0215744525194168,0.0481116622686386,-0.0256485249847174,70
738534.46202499512583017349,57.6067848205566,-2.94660329818726,10.1652317047119,0.0134067125618458,-0.00265023834072053,42.4850997924805,-71.4459381103516,700.341796875,633.661560058594,-3.08570671081543,-0.0316229909658432,116.448486328125,58.5709495544434,-3.3427734375,-0.0363821387290955,0.0477133430540562,-0.0276118312031031,70
738534.46202747453935444355,57.6063575744629,-2.93502449989319,10.1547555923462,0.0134067125618458,-0.00265023834072053,42.4850769042969,-71.4457778930664,699.607666015625,632.686889648438,-3.07902765274048,-0.0962262749671936,116.448806762695,58.5681304931641,-3.32672190666199,-0.0507624857127666,0.0473621934652328,-0.0295948348939419,70
738534.46202991972677409649,57.6060523986816,-2.92411756515503,10.1437616348267,0.0134067125618458,-0.00265023834072053,42.4850616455078,-71.4456405639648,698.965026855469,631.832946777344,-3.07162308692932,-0.126535043120384,116.44873046875,58.5653800964355,-3.31337952613831,-0.0646054893732071,0.0470916256308556,-0.0313293524086475,70
738534.46203223126940429211,57.6059112548828,-2.91168165206909,10.131893157959,0.0134067125618458,-0.00265023834072053,42.4850425720215,-71.4454879760742,698.253051757812,630.88623046875,-3.10496735572815,-0.0464381203055382,116.448204040527,58.5625648498535,-3.29911422729492,-0.102176077663898,0.0468313917517662,-0.033276379108429,70
738534.46203473024070262909,57.6058540344238,-2.92837262153625,10.1260080337524,0.0134067125618458,-0.00265023834072053,42.4850234985352,-71.4453430175781,697.583862304688,629.996398925781,-3.18892502784729,0.262482702732086,116.447395324707,58.5623245239258,-3.28669357299805,-0.121877931058407,0.0466189421713352,-0.0351021066308022,70
738534.46203717798925936222,57.6044998168945,-2.94911932945251,10.1315631866455,0.0134067125618458,-0.00265023834072053,42.4850044250488,-71.4451904296875,696.858703613281,629.002624511719,-3.23713994026184,0.708940982818604,116.446823120117,58.5629959106445,-3.27744841575623,-0.0801379010081291,0.0463693514466286,-0.0370732322335243,70
738534.46203979279380291700,57.600887298584,-2.98246836662292,10.1493606567383,0.0134067125618458,-0.00265023834072053,42.4849853515625,-71.4450378417969,696.163208007812,627.986877441406,-3.294184923172,1.04199266433716,116.44701385498,58.5642127990723,-3.27418875694275,-0.00229900213889778,0.0460763946175575,-0.0389425605535507,70
738534.46204249095171689987,57.595703125,-3.01628446578979,10.1767101287842,0.0134067125618458,-0.00265023834072053,42.4849662780762,-71.4448852539062,695.412170410156,626.8935546875,-3.2596378326416,1.09787964820862,116.448486328125,58.5655899047852,-3.27810311317444,0.113734662532806,0.0456649549305439,-0.0409491211175919,70
738534.46204486221540719271,57.5909957885742,-3.02361130714417,10.2074384689331,0.0134067125618458,-0.00265023834072053,42.4849433898926,-71.4447174072266,694.63818359375,625.7685546875,-3.22439527511597,1.04409623146057,116.451484680176,58.5666885375977,-3.28871583938599,0.152349919080734,0.0451324172317982,-0.0430071502923965,70
738534.46204746782314032316,57.586784362793,-3.02514815330505,10.2344655990601,0.0134067125618458,-0.00265023834072053,42.4849243164062,-71.4445724487305,693.932678222656,624.743225097656,-3.20496940612793,0.995067596435547,116.455429077148,58.5673446655273,-3.30040287971497,0.159319028258324,0.0445909798145294,-0.0448865555226803,70
738534.46204987657256424427,57.5822257995605,-3.02281761169434,10.26185131073,0.0134067125618458,-0.00265023834072053,42.4849052429199,-71.4444122314453,693.183227539062,623.653686523438,-3.19023060798645,0.943444073200226,116.460586547852,58.5675315856934,-3.3122889995575,0.152489930391312,0.043988935649395,-0.0469131954014301,70
738534.46205239265691488981,57.5780868530273,-3.01803708076477,10.2854404449463,0.0134067125618458,-0.00265023834072053,42.4848861694336,-71.4442749023438,692.498962402344,622.658447265625,-3.1846170425415,0.892713129520416,116.465797424316,58.5673561096191,-3.32124710083008,0.141014337539673,0.0434320345520973,-0.0487674996256828,70
738534.46205483912490308285,57.5738830566406,-3.01423764228821,10.3089284896851,0.0134067125618458,-0.00265023834072053,42.4848670959473,-71.4441146850586,691.765441894531,621.591003417969,-3.18562579154968,0.833739936351776,116.471626281738,58.5671539306641,-3.32825660705566,0.126029521226883,0.0428405031561852,-0.0507744438946247,70
738534.46205746382474899292,57.5706062316895,-3.01206517219543,10.3276100158691,0.0134067125618458,-0.00265023834072053,42.4848480224609,-71.4439697265625,691.076354980469,620.587707519531,-3.19024038314819,0.773295104503632,116.477088928223,58.5671119689941,-3.33252644538879,0.168443188071251,0.0422934554517269,-0.0526726022362709,70
738534.46205983986146748066,57.5675315856934,-3.01076936721802,10.3456325531006,0.0134067125618458,-0.00265023834072053,42.4848289489746,-71.4438247680664,690.3544921875,619.536499023438,-3.19290256500244,0.709646761417389,116.482841491699,58.5672073364258,-3.33513236045837,0.200706571340561,0.0417280755937099,-0.0546798408031464,70
738534.46206208877265453339,57.5648880004883,-3.01022529602051,10.3609476089478,0.0134067125618458,-0.00265023834072053,42.4848136901855,-71.4436874389648,689.7109375,618.598999023438,-3.18733930587769,0.652881622314453,116.487907409668,58.5672874450684,-3.33634519577026,0.200614392757416,0.0412282794713974,-0.0564725063741207,70
738534.46206426026765257120,57.5623245239258,-3.00663805007935,10.3751249313354,0.0134067125618458,-0.00265023834072053,42.4847946166992,-71.4435501098633,689.068298339844,617.662658691406,-3.17744469642639,0.596374988555908,116.49299621582,58.5670928955078,-3.33683133125305,0.190598145127296,0.0407321527600288,-0.0582880973815918,70
738534.46206632256507873535,57.559928894043,-3.00237488746643,10.3873767852783,0.0134067125618458,-0.00265023834072053,42.4847793579102,-71.4434280395508,688.479248046875,616.803955078125,-3.17000508308411,0.545424044132233,116.497619628906,58.5666923522949,-3.3366162776947,0.161230117082596,0.0402828045189381,-0.0599577724933624,70
738534.46206841443199664354,57.557544708252,-2.99723529815674,10.3987245559692,0.0134067125618458,-0.00265023834072053,42.4847602844238,-71.4432983398438,687.87109375,615.916931152344,-3.16302752494812,0.493409305810928,116.502243041992,58.5660972595215,-3.33566236495972,0.130245298147202,0.0398273691534996,-0.0617057606577873,70
738534.46207042899914085865,57.5553817749023,-2.99291563034058,10.407919883728,0.0134067125618458,-0.00265023834072053,42.4847450256348,-71.4431762695312,687.303649902344,615.0888671875,-3.15312457084656,0.444801270961761,116.506370544434,58.5653839111328,-3.33408665657043,0.105398528277874,0.0394129566848278,-0.0633478686213493,70
738534.46207241981755942106,57.553150177002,-2.9849636554718,10.4158630371094,0.0134067125618458,-0.00265023834072053,42.4847297668457,-71.4430541992188,686.724548339844,614.243225097656,-3.1313693523407,0.393086344003677,116.510360717773,58.5641975402832,-3.33183550834656,0.0850491970777512,0.0390020459890366,-0.0650453716516495,70
738534.46207474544644355774,57.5504188537598,-2.97275114059448,10.4231424331665,0.0134067125618458,-0.00265023834072053,42.4847106933594,-71.4429168701172,686.065612792969,613.280090332031,-3.11028742790222,0.341070473194122,116.514526367188,58.5621871948242,-3.32822847366333,0.0613913908600807,0.0385545827448368,-0.0669955760240555,70
738534.46207674953620880842,57.5477676391602,-2.96016788482666,10.4282608032227,0.0134067125618458,-0.00265023834072053,42.4846954345703,-71.4427947998047,685.493530273438,612.442749023438,-3.08861970901489,0.321956366300583,116.517684936523,58.5598564147949,-3.323890209198,0.043464258313179,0.0381907410919666,-0.0687119513750076,70
738534.46207878831773996353,57.5447769165039,-2.94569277763367,10.4326047897339,0.0134067125618458,-0.00265023834072053,42.4846801757812,-71.4426727294922,684.923583984375,611.607421875,-3.06849503517151,0.306436568498611,116.520278930664,58.5569610595703,-3.31824636459351,0.0325583517551422,0.0378575474023819,-0.0704341381788254,70
738534.46208116004709154367,57.5407524108887,-2.92739200592041,10.4369411468506,0.0134067125618458,-0.00265023834072053,42.4846611022949,-71.4425277709961,684.251403808594,610.62060546875,-3.04679274559021,0.288086742162704,116.522506713867,58.5528602600098,-3.30969572067261,0.0235113501548767,0.0375101715326309,-0.0724737346172333,70
738534.46208326017949730158,57.5368194580078,-2.91074562072754,10.440034866333,0.0134067125618458,-0.00265023834072053,42.4846458435059,-71.4423980712891,683.665710449219,609.75927734375,-3.02893996238708,0.272036552429199,116.523582458496,58.5487174987793,-3.30051183700562,0.0181418508291245,0.0372529774904251,-0.0742781311273575,70
738534.46208528103306889534,57.5326232910156,-2.89413523674011,10.4424438476562,0.0134067125618458,-0.00265023834072053,42.4846305847168,-71.4422760009766,683.094482421875,608.917785644531,-3.01214790344238,0.256304681301117,116.523765563965,58.5442008972168,-3.29009246826172,0.0143816899508238,0.0370468981564045,-0.0760490745306015,70
738534.46208767744246870279,57.5272674560547,-2.87452840805054,10.4445009231567,0.0134067125618458,-0.00265023834072053,42.4846115112305,-71.4421310424805,682.429260253906,607.935974121094,-2.99311757087708,0.237920418381691,116.522911071777,58.5383377075195,-3.27630424499512,0.0111252227798104,0.036865696310997,-0.0781336054205894,70
738534.46208974288310855627,57.5224990844727,-2.85753655433655,10.4455938339233,0.0134067125618458,-0.00265023834072053,42.4845962524414,-71.442008972168,681.879089355469,607.122497558594,-2.98010587692261,0.221901446580887,116.521278381348,58.533016204834,-3.26371550559998,0.00943965092301369,0.0367651656270027,-0.0798697769641876,70
738534.46209171332884579897,57.5174102783203,-2.84261536598206,10.446081161499,0.0134067125618458,-0.00265023834072053,42.4845771789551,-71.4418869018555,681.316040039062,606.288696289062,-2.97575354576111,0.198733821511269,116.518699645996,58.5273742675781,-3.24985456466675,0.00659123994410038,0.0367110297083855,-0.0816674157977104,70
738534.46209375560283660889,57.5123138427734,-2.82954263687134,10.4458408355713,0.0134067125618458,-0.00265023834072053,42.484561920166,-71.441764831543,680.763732910156,605.469482421875,-2.96859645843506,0.175646215677261,116.515274047852,58.5216903686523,-3.23565554618835,0.00389084103517234,0.0367035754024982,-0.0834457352757454,70
738534.46209619066212326288,57.5061569213867,-2.81485271453857,10.4446153640747,0.0134067125618458,-0.00265023834072053,42.4845428466797,-71.4416198730469,680.113037109375,604.503051757812,-2.95829844474792,0.148225709795952,116.510238647461,58.5147094726562,-3.21865606307983,0.000756327295675874,0.0367485843598843,-0.0855539664626122,70
738534.46209833351895213127,57.5004959106445,-2.8019757270813,10.4426622390747,0.0134067125618458,-0.00265023834072053,42.4845275878906,-71.4414901733398,679.529907226562,603.6357421875,-2.94964861869812,0.123771704733372,116.504920959473,58.5081825256348,-3.20344042778015,-0.00265165325254202,0.0368351340293884,-0.08746337890625,70
738534.46210071304813027382,57.4942398071289,-2.78962326049805,10.4396209716797,0.0134067125618458,-0.00265023834072053,42.4845085144043,-71.4413452148438,678.89111328125,602.684265136719,-2.949378490448,0.0988784804940224,116.498275756836,58.5009002685547,-3.18708682060242,-0.00778672704473138,0.036978468298912,-0.0895559638738632,70
738534.46210276894271373749,57.4889144897461,-2.78076529502869,10.4362716674805,0.0134067125618458,-0.00265023834072053,42.4844932556152,-71.4412231445312,678.338256835938,601.860046386719,-2.95091247558594,0.0780482441186905,116.491851806641,58.4946479797363,-3.17336082458496,-0.0118005238473415,0.0371398031711578,-0.0913891941308975,70
738534.46210479317232966423,57.4837875366211,-2.77495884895325,10.4323425292969,0.0134067125618458,-0.00265023834072053,42.4844741821289,-71.4410934448242,677.789611816406,601.041320800781,-2.96033453941345,0.0591985620558262,116.485015869141,58.4886322021484,-3.160395860672,-0.0162358265370131,0.0373296588659286,-0.0932167917490005,70
738534.46210690890438854694,57.4788246154785,-2.77218437194824,10.4277696609497,0.0134067125618458,-0.00265023834072053,42.4844589233398,-71.4409713745117,677.231567382812,600.208251953125,-2.96802568435669,0.0402505174279213,116.477676391602,58.4828071594238,-3.14821028709412,-0.0194589234888554,0.0375462546944618,-0.095085084438324,70
738534.46210895536933094263,57.4741287231445,-2.77175903320312,10.4223794937134,0.0134067125618458,-0.00265023834072053,42.4844436645508,-71.4408416748047,676.668090820312,599.725036621094,-2.97332763671875,0.0108987931162119,116.470054626465,58.4772109985352,-3.13729691505432,-0.0162616390734911,0.0377803780138493,-0.0969708114862442,70
738534.46211101370863616467,57.4701118469238,-2.77492594718933,10.4155673980713,0.0134067125618458,-0.00265023834072053,42.4844284057617,-71.4407196044922,676.136657714844,599.373779296875,-2.96426916122437,-0.0934707298874855,116.462791442871,58.4721984863281,-3.12858176231384,-0.000313480442855507,0.0380076617002487,-0.0987392365932465,70
738534.46211324143223464489,57.466911315918,-2.77804040908813,10.4019660949707,0.0134067125618458,-0.00265023834072053,42.4844093322754,-71.4405899047852,675.551025390625,598.986572265625,-2.94818949699402,-0.404926210641861,116.454711914062,58.4667778015137,-3.12090158462524,0.0486434325575829,0.0382581911981106,-0.100701287388802,70
738534.46211528894491493702,57.4677505493164,-2.78533458709717,10.3719825744629,0.0134067125618458,-0.00265023834072053,42.4843940734863,-71.4404602050781,674.990112304688,598.615112304688,-2.9470636844635,-1.47141563892365,116.447090148926,58.4626235961914,-3.11566948890686,0.0874035134911537,0.0384884774684906,-0.10257863253355,70
738534.46211742470040917397,57.4753227233887,-2.78746461868286,10.3121500015259,0.0134067125618458,-0.00265023834072053,42.4843788146973,-71.4403305053711,674.413818359375,598.233276367188,-2.94506573677063,-2.62850689888,116.439483642578,58.459587097168,-3.11241149902344,-0.0215119495987892,0.0387106314301491,-0.104510016739368,70
738534.46211959421634674072,57.4895095825195,-2.78063678741455,10.2217950820923,0.0134067125618458,-0.00265023834072053,42.4843597412109,-71.4402008056641,673.826843261719,597.844543457031,-2.96469616889954,-3.45669722557068,116.431991577148,58.4573402404785,-3.11047005653381,-0.274207204580307,0.0389299727976322,-0.106473706662655,70
738534.46212173311505466700,57.5069541931152,-2.7874870300293,10.1198511123657,0.0134067125618458,-0.00265023834072053,42.4843444824219,-71.4400787353516,673.273132324219,597.477844238281,-3.04156684875488,-3.6270854473114,116.425102233887,58.457088470459,-3.10905241966248,-0.485221832990646,0.0391410775482655,-0.108307212591171,70
738534.46212405059486627579,57.5283546447754,-2.81055307388306,10.0010223388672,0.0134067125618458,-0.00265023834072053,42.4843292236328,-71.43994140625,672.661437988281,597.071594238281,-3.11135220527649,-3.74552869796753,116.417922973633,58.458797454834,-3.10875105857849,-0.595481038093567,0.0393600165843964,-0.11031936109066,70
738534.46212641918100416660,57.5530090332031,-2.85989022254944,9.8651704788208,0.0134067125618458,-0.00265023834072053,42.4843101501465,-71.4397888183594,671.994384765625,596.626098632812,-3.13255667686462,-4.06360197067261,116.411018371582,58.4623756408691,-3.11212086677551,-0.572646915912628,0.0395380556583405,-0.112462818622589,70
738534.46212877309881150723,57.5815544128418,-2.8816192150116,9.71665668487549,0.0134067125618458,-0.00265023834072053,42.4842910766602,-71.4396514892578,671.352355957031,596.194519042969,-3.075115442276,-5.02194213867188,116.405746459961,58.4666786193848,-3.12137651443481,-0.589219391345978,0.0395995602011681,-0.11445240676403,70
738534.46213111374527215958,57.6162185668945,-2.89119791984558,9.53464412689209,0.0134067125618458,-0.00265023834072053,42.4842758178711,-71.4395065307617,670.697143554688,595.753112792969,-3.03815388679504,-5.98843955993652,116.401733398438,58.4713363647461,-3.13517165184021,-0.696903586387634,0.0395682603120804,-0.116432912647724,70
738534.46213345252908766270,57.6549263000488,-2.89187693595886,9.33188343048096,0.0134067125618458,-0.00265023834072053,42.4842567443848,-71.4393615722656,670.047119140625,595.315124511719,-3.10308074951172,-6.25788688659668,116.398826599121,58.4768142700195,-3.15002417564392,-0.946715474128723,0.0394836030900478,-0.118338651955128,70
738534.46213583974167704582,57.6968574523926,-2.92029428482056,9.11431312561035,0.0134067125618458,-0.00265023834072053,42.4842414855957,-71.4392166137695,669.369567871094,594.857238769531,-3.19307088851929,-6.32491159439087,116.396690368652,58.4852638244629,-3.16498112678528,-1.04124867916107,0.03935806453228,-0.120238691568375,70
738534.46213806397281587124,57.7377471923828,-2.95479464530945,8.90313816070557,0.0134067125618458,-0.00265023834072053,42.4842262268066,-71.4390716552734,668.713500976562,594.411743164062,-3.26213312149048,-6.37283754348755,116.395660400391,58.4948196411133,-3.18054842948914,-1.08684134483337,0.0391705110669136,-0.121980980038643,70
738534.46214022964704781771,57.7766609191895,-2.98385286331177,8.70600700378418,-0.0123903602361679,-0.00265023834072053,42.4842109680176,-71.4389419555664,668.101318359375,593.994140625,-3.40384936332703,-6.3615870475769,116.395843505859,58.5050468444824,-3.1971127986908,-1.10945975780487,0.0389141663908958,-0.123506754636765,70
738534.46214246435556560755,57.815616607666,-3.06533598899841,8.50827789306641,-0.0123903602361679,-0.00265023834072053,42.4841957092285,-71.4388122558594,667.458068847656,593.551879882812,-3.59197449684143,-6.29189586639404,116.397338867188,58.5186500549316,-3.21759128570557,-1.13102424144745,0.0385430045425892,-0.124997362494469,70
738534.46214465110097080469,57.8542594909668,-3.1578848361969,8.31869697570801,-0.0123903602361679,-0.00265023834072053,42.4841842651367,-71.4386749267578,666.801879882812,593.09521484375,-3.70868444442749,-5.90527009963989,116.400611877441,58.5345039367676,-3.24551296234131,-1.14290988445282,0.0379836857318878,-0.126380041241646,70
738534.46214678441174328327,57.8908195495605,-3.25110411643982,8.14784717559814,-0.0123903602361679,-0.00265023834072053,42.4841690063477,-71.4385452270508,666.148376464844,592.635192871094,-3.77072429656982,-5.28626537322998,116.406112670898,58.5517196655273,-3.28229784965515,-1.12675583362579,0.0372002497315407,-0.127621352672577,70
738534.46214889734983444214,57.9263725280762,-3.32113552093506,7.99316596984863,-0.0123903602361679,-0.00265023834072053,42.4841575622559,-71.4384155273438,665.485778808594,592.164306640625,-3.80190300941467,-4.60537624359131,116.414291381836,58.5694923400879,-3.32831525802612,-1.01472151279449,0.0361627712845802,-0.128753542900085,70
738534.46215101436246186495,57.9613494873047,-3.38513708114624,7.85172700881958,-0.0123903602361679,-0.00265023834072053,42.4841461181641,-71.4382858276367,664.80859375,591.679626464844,-3.90347504615784,-4.33155679702759,116.425498962402,58.588623046875,-3.38148069381714,-0.851880788803101,0.0348791889846325,-0.129792213439941,70
738534.46215319621842354536,57.9971771240234,-3.4705867767334,7.7134575843811,-0.0123903602361679,-0.00265023834072053,42.484130859375,-71.4381484985352,664.088134765625,591.159790039062,-3.99172711372375,-4.23658800125122,116.440452575684,58.6107063293457,-3.44196438789368,-0.740867137908936,0.0332986302673817,-0.130770683288574,70
738534.46215554256923496723,58.0374488830566,-3.54639172554016,7.56729745864868,-0.0123903602361679,-0.00265023834072053,42.4841194152832,-71.4380035400391,663.297973632812,590.585021972656,-4.03618812561035,-4.23631191253662,116.460350036621,58.6360511779785,-3.51162815093994,-0.667917251586914,0.0313095711171627,-0.131699874997139,70
738534.46215766353998333216,58.0750732421875,-3.61177062988281,7.43713188171387,-0.0123903602361679,-0.00265023834072053,42.4841079711914,-71.437873840332,662.575012207031,590.055603027344,-4.0897912979126,-4.22830200195312,116.481872558594,58.6606330871582,-3.5771918296814,-0.641945600509644,0.0292775481939316,-0.13243955373764,70
738534.46215989300981163979,58.1132049560547,-3.67489790916443,7.31075286865234,-0.0123903602361679,-0.00265023834072053,42.4840965270996,-71.437744140625,661.851257324219,589.522399902344,-4.14459896087646,-4.14665365219116,116.506362915039,58.6864242553711,-3.64289975166321,-0.638871967792511,0.0270591787993908,-0.133071452379227,70
738534.46216224413365125656,58.157527923584,-3.74556565284729,7.1709303855896,-0.0123903602361679,-0.00265023834072053,42.4840812683105,-71.4375991821289,661.013977050781,588.901977539062,-4.21768188476562,-3.9947075843811,116.538246154785,58.7175407409668,-3.71827292442322,-0.640701830387115,0.0242835804820061,-0.133687794208527,70
738534.46216465753968805075,58.2030982971191,-3.82260799407959,7.03747510910034,-0.0123903602361679,-0.00265023834072053,42.4840698242188,-71.4374465942383,660.148010253906,588.25634765625,-4.3288722038269,-3.63602375984192,116.574851989746,58.7515029907227,-3.79451823234558,-0.660983562469482,0.0211935471743345,-0.134191989898682,70
738534.46216708235442638397,58.2471084594727,-3.90793061256409,6.91895198822021,-0.0123903602361679,-0.00265023834072053,42.484058380127,-71.4373016357422,659.282165527344,587.606506347656,-4.44011259078979,-3.21717643737793,116.61474609375,58.7866439819336,-3.86930155754089,-0.621952295303345,0.017888568341732,-0.134569525718689,70
738534.46216947142966091633,58.2909088134766,-3.99369597434998,6.81212472915649,-0.0123903602361679,-0.00265023834072053,42.4840431213379,-71.4371566772461,658.398803710938,586.939025878906,-4.52462387084961,-2.93058395385742,116.658706665039,58.8233337402344,-3.94529604911804,-0.546894490718842,0.0142912101000547,-0.13484038412571,70
738534.46217179554514586926,58.3348350524902,-4.07659292221069,6.71318054199219,-0.0123903602361679,-0.00265023834072053,42.4840316772461,-71.43701171875,657.508483886719,586.262145996094,-4.5543475151062,-2.8709864616394,116.70613861084,58.8611793518066,-4.02208518981934,-0.46001535654068,0.010436650365591,-0.135004907846451,70
738534.46217419521417468786,58.3818740844727,-4.14055824279785,6.61400556564331,-0.0123903602361679,-0.00265023834072053,42.4840202331543,-71.4368591308594,656.585510253906,585.556945800781,-4.57252788543701,-2.87358546257019,116.75846862793,58.9010391235352,-4.10112905502319,-0.424242407083511,0.00620268471539021,-0.135070130228996,70
738534.46217624854762107134,58.4243392944336,-4.19000720977783,6.52767753601074,-0.0123903602361679,-0.00265023834072053,42.4840126037598,-71.4367370605469,655.768371582031,584.93017578125,-4.59620666503906,-2.87639951705933,116.807678222656,58.9370002746582,-4.1694598197937,-0.412949472665787,0.00228398712351918,-0.135046929121017,70
738534.46217837103176862001,58.4670295715332,-4.23317432403564,6.44317150115967,-0.0123903602361679,-0.00265023834072053,42.484001159668,-71.4366073608398,654.958374023438,584.307067871094,-4.62487077713013,-2.87753033638,116.858833312988,58.9731101989746,-4.23428821563721,-0.412581831216812,-0.00173650030046701,-0.134954199194908,70
738534.46218054112978279591,58.512996673584,-4.2768030166626,6.35435771942139,-0.0123903602361679,-0.00265023834072053,42.4839897155762,-71.4364700317383,654.094177246094,583.640502929688,-4.67573595046997,-2.8611524105072,116.915840148926,59.0121994018555,-4.29958152770996,-0.421456873416901,-0.00615340936928988,-0.134790048003197,70
738534.46218260575551539660,58.5566139221191,-4.32014036178589,6.27248048782349,-0.0123903602361679,-0.00265023834072053,42.4839820861816,-71.4363479614258,653.277099609375,582.379516601562,-4.7579288482666,-2.79934906959534,116.971481323242,59.0498466491699,-4.35720252990723,-0.436805039644241,-0.0104372072964907,-0.134573861956596,70
738534.46218474628403782845,58.6024894714355,-4.37755966186523,6.18866920471191,-0.0123903602361679,-0.00265023834072053,42.4839706420898,-71.4362106323242,652.406188964844,580.951477050781,-4.84364748001099,-2.7139904499054,117.032554626465,59.0907287597656,-4.41508722305298,-0.438658684492111,-0.0151051552966237,-0.134276822209358,70
738534.46218695165589451790,58.6492309570312,-4.43710708618164,6.10688781738281,-0.0123903602361679,-0.00265023834072053,42.4839630126953,-71.4360809326172,651.515930175781,579.497863769531,-4.90945816040039,-2.61560845375061,117.096527099609,59.1330223083496,-4.47200345993042,-0.432618290185928,-0.0199951976537704,-0.133905082941055,70
738534.46218900149688124657,58.6957092285156,-4.49503183364868,6.03223180770874,-0.0123903602361679,-0.00265023834072053,42.4839515686035,-71.4359512329102,650.633666992188,578.063293457031,-4.99026823043823,-2.3677020072937,117.161315917969,59.1758346557617,-4.52724409103394,-0.468089431524277,-0.0249674767255783,-0.133475810289383,70
738534.46219107031356543303,58.7390556335449,-4.56957101821899,5.97397947311401,-0.0123903602361679,-0.00265023834072053,42.483943939209,-71.4358215332031,649.78662109375,576.6923828125,-5.17046403884888,-1.66029798984528,117.224662780762,59.2186279296875,-4.57975578308105,-0.511397004127502,-0.0298554338514805,-0.133019655942917,70
738534.46219314809422940016,58.7826461791992,-4.66910696029663,5.93262720108032,-0.0123903602361679,-0.00265023834072053,42.4839324951172,-71.4356918334961,648.883972167969,575.241455078125,-5.2949047088623,-0.846713721752167,117.293258666992,59.2654724121094,-4.63724040985107,-0.445109456777573,-0.0351888351142406,-0.132476612925529,70
738534.46219513623509556055,58.8236656188965,-4.75724840164185,5.9116268157959,-0.0123903602361679,-0.00265023834072053,42.4839248657227,-71.4355697631836,648.003540039062,573.835327148438,-5.33964586257935,-0.201949387788773,117.361450195312,59.3110618591309,-4.69686651229858,-0.290829181671143,-0.040552593767643,-0.131901577115059,70
738534.46219760237727314234,58.8712158203125,-4.83772230148315,5.90220165252686,-0.0123903602361679,-0.00265023834072053,42.4839134216309,-71.435417175293,646.945983886719,572.156860351562,-5.2963604927063,-0.035203043371439,117.445732116699,59.3637886047363,-4.77326917648315,-0.0843570306897163,-0.0472229458391666,-0.131162986159325,70
738534.46219970891252160072,58.9154739379883,-4.8777322769165,5.89966678619385,-0.0123903602361679,-0.00265023834072053,42.4839057922363,-71.4352874755859,645.984985351562,570.637084960938,-5.27060794830322,0.013273605145514,117.525123596191,59.410701751709,-4.84472465515137,-0.00245916307903826,-0.0534951910376549,-0.130448803305626,70
738534.46220211184117943048,58.9659423828125,-4.91559505462646,5.89998197555542,-0.0123903602361679,-0.00265023834072053,42.4838943481445,-71.4351348876953,644.899780273438,568.924743652344,-5.28115606307983,0.0653900057077408,117.617286682129,59.4638977050781,-4.92222309112549,0.0415926612913609,-0.0607579946517944,-0.129594445228577,70
738534.46220414782874286175,59.0092239379883,-4.94256687164307,5.90252351760864,-0.0123903602361679,-0.00265023834072053,42.48388671875,-71.4350128173828,643.970397949219,567.46142578125,-5.29089164733887,0.109494976699352,117.698150634766,59.5093040466309,-4.98374795913696,0.0586692877113819,-0.0670880377292633,-0.12882786989212,70
738534.46220624470151960850,59.0538597106934,-4.9666633605957,5.90709018707275,-0.0123903602361679,-0.00265023834072053,42.4838752746582,-71.4348831176758,643.010009765625,565.951110839844,-5.30560636520386,0.155655145645142,117.783218383789,59.556022644043,-5.0416464805603,0.0651001334190369,-0.0737148299813271,-0.128007471561432,70
738534.46220827510114759207,59.0968246459961,-4.98711252212524,5.9132194519043,-0.0123903602361679,-0.00265023834072053,42.4838676452637,-71.4347534179688,642.081176757812,564.492370605469,-5.31854104995728,0.200384899973869,117.86646270752,59.6009407043457,-5.09179449081421,0.0663824453949928,-0.0801916047930717,-0.127194911241531,70
738534.46221041586250066757,59.1417236328125,-5.00547361373901,5.92134571075439,-0.0123903602361679,-0.00265023834072053,42.4838600158691,-71.4346237182617,641.105285644531,562.961669921875,-5.33125162124634,0.247716411948204,117.954978942871,59.6478042602539,-5.13864898681641,0.0656192526221275,-0.087057001888752,-0.1263238042593,70
738534.46221240598242729902,59.1844100952148,-5.02039051055908,5.93066740036011,-0.0123903602361679,-0.00265023834072053,42.4838485717773,-71.4344940185547,640.171447753906,561.497741699219,-5.34594345092773,0.293357074260712,118.040130615234,59.6923065185547,-5.17811822891235,0.0644113942980766,-0.0936778038740158,-0.125479444861412,70
738534.46221444092225283384,59.2266044616699,-5.03453493118286,5.94138479232788,-0.0123903602361679,-0.00265023834072053,42.4838409423828,-71.4343719482422,639.240600585938,560.039794921875,-5.36850547790527,0.338996767997742,118.125473022461,59.7363967895508,-5.21273612976074,0.0633911937475204,-0.100319802761078,-0.124621458351612,70
738534.46221657039131969213,59.2703628540039,-5.05080127716064,5.95419120788574,-0.0123903602361679,-0.00265023834072053,42.4838333129883,-71.4342422485352,638.261596679688,558.507507324219,-5.3845386505127,0.39450666308403,118.21556854248,59.7824287414551,-5.24475526809692,0.0631091594696045,-0.107343435287476,-0.123708069324493,70
738534.46221866575069725513,59.314151763916,-5.06348133087158,5.96889495849609,-0.0123903602361679,-0.00265023834072053,42.4838218688965,-71.4341049194336,637.273315429688,556.961975097656,-5.39322662353516,0.454508662223816,118.306564331055,59.8283805847168,-5.27327156066895,0.067316934466362,-0.114474482834339,-0.122781023383141,70
738534.46222075691912323236,59.3567237854004,-5.07361364364624,5.98517179489136,-0.0123903602361679,-0.00265023834072053,42.483814239502,-71.4339752197266,636.301696777344,555.443115234375,-5.39962148666382,0.513386487960815,118.395927429199,59.8730697631836,-5.29802083969116,0.0727924928069115,-0.121522836387157,-0.121866069734097,70
738534.46222285972908139229,59.3986015319824,-5.08140277862549,6.00317430496216,-0.0123903602361679,-0.00265023834072053,42.4838027954102,-71.4338455200195,635.333129882812,553.929748535156,-5.39584064483643,0.571988224983215,118.484893798828,59.9170455932617,-5.31978940963745,0.079941600561142,-0.12858173251152,-0.120946668088436,70
738534.46222497813869267702,59.4410972595215,-5.08405256271362,6.02355241775513,-0.0123903602361679,-0.00265023834072053,42.4837951660156,-71.4337158203125,634.33984375,552.377868652344,-5.38899707794189,0.63259369134903,118.57600402832,59.9614448547363,-5.33926773071289,0.0878221541643143,-0.135851860046387,-0.120000325143337,70
738534.46222702355589717627,59.4816360473633,-5.08349180221558,6.04510927200317,-0.0123903602361679,-0.00265023834072053,42.4837837219238,-71.4335861206055,633.378540039062,550.875610351562,-5.38225078582764,0.691173911094666,118.663780212402,60.0037498474121,-5.35525274276733,0.0953825414180756,-0.142912417650223,-0.119077026844025,70
738534.46222918294370174408,59.5238609313965,-5.07985734939575,6.06989288330078,-0.0123903602361679,-0.00265023834072053,42.4837760925293,-71.4334487915039,632.360412597656,549.283996582031,-5.37401723861694,0.753148436546326,118.756568908691,60.0478019714355,-5.3690619468689,0.103707350790501,-0.150407955050468,-0.118093773722649,70
738534.46223120624199509621,59.5630569458008,-5.07370948791504,6.09521102905273,-0.0123903602361679,-0.00265023834072053,42.4837646484375,-71.4333190917969,631.397155761719,547.777221679688,-5.36531257629395,0.811917841434479,118.843650817871,60.0886993408203,-5.37909936904907,0.111809059977531,-0.15751026570797,-0.117174729704857,70
738534.46223333012312650681,59.601692199707,-5.06536340713501,6.12251138687134,-0.0123903602361679,-0.00265023834072053,42.483757019043,-71.4331893920898,630.42822265625,546.260681152344,-5.35546588897705,0.871308147907257,118.930770874023,60.1290702819824,-5.38626098632812,0.120311588048935,-0.164659678936005,-0.11624351143837,70
738534.46223544690292328596,59.6402778625488,-5.05457067489624,6.15230941772461,-0.0123903602361679,-0.00265023834072053,42.4837455749512,-71.4330596923828,629.4384765625,544.71044921875,-5.34350681304932,0.931985020637512,119.019119262695,60.1694450378418,-5.3906078338623,0.129534617066383,-0.171961292624474,-0.115295767784119,70
738534.46223759464919567108,59.6779251098633,-5.04206275939941,6.18370532989502,-0.0123903602361679,-0.00265023834072053,42.4837379455566,-71.4329223632812,628.450378417969,543.258666992188,-5.3303279876709,0.979295611381531,119.1064453125,60.2089309692383,-5.39205026626587,0.147418826818466,-0.179245054721832,-0.114360891282558,70
738534.46223980467766523361,59.7162780761719,-5.02883434295654,6.21665525436401,-0.0123903602361679,-0.00265023834072053,42.4837265014648,-71.4327850341797,627.424926757812,542.15771484375,-5.32706069946289,0.921752870082855,119.196182250977,60.2492294311523,-5.39066028594971,0.165052816271782,-0.186792626976967,-0.113396897912025,70
738534.46224202343728393316,59.7535514831543,-5.01527309417725,6.24782085418701,-0.0123903602361679,-0.00265023834072053,42.4837188720703,-71.4326477050781,626.411682128906,541.069580078125,-5.31957197189331,0.852782130241394,119.283706665039,60.2882652282715,-5.3867506980896,0.165433615446091,-0.194234684109688,-0.11244360357523,70
738534.46224421879742294550,59.7909202575684,-4.99905157089233,6.27784824371338,-0.0123903602361679,-0.00265023834072053,42.4837074279785,-71.4325103759766,625.382873535156,539.964294433594,-5.31493806838989,0.800209045410156,119.371429443359,60.327075958252,-5.3805193901062,0.153682589530945,-0.201774522662163,-0.111485615372658,70
738534.46224628516938537359,59.8249130249023,-4.98601722717285,6.30447626113892,-0.0123903602361679,-0.00265023834072053,42.4836959838867,-71.432373046875,624.427001953125,538.980346679688,-5.31115579605103,0.766645967960358,119.451591491699,60.3624649047852,-5.3729100227356,0.143076285719872,-0.208760887384415,-0.110606491565704,70
738534.46224873815663158894,59.863525390625,-4.96885871887207,6.33433437347412,-0.0123903602361679,-0.00265023834072053,42.4836845397949,-71.4322204589844,623.318603515625,538.1962890625,-5.28821516036987,0.741939783096313,119.543006896973,60.4024391174316,-5.36236476898193,0.135402873158455,-0.216838270425797,-0.109602637588978,70
738534.46225077286362648010,59.8960571289062,-4.95162630081177,6.3591423034668,-0.0123903602361679,-0.00265023834072053,42.4836769104004,-71.4320907592773,622.364074707031,537.522094726562,-5.24572563171387,0.701153814792633,119.62060546875,60.4358749389648,-5.35195875167847,0.135987117886543,-0.223774909973145,-0.108745522797108,70
738534.46225278754718601704,59.9267311096191,-4.92488145828247,6.38182067871094,-0.0123903602361679,-0.00265023834072053,42.4836654663086,-71.4319686889648,621.454895019531,536.881042480469,-5.17661190032959,0.645697593688965,119.693328857422,60.466480255127,-5.34077739715576,0.132646292448044,-0.230365633964539,-0.107937224209309,70
738534.46225493168458342552,59.9585800170898,-4.88396739959717,6.40428686141968,-0.0123903602361679,-0.00265023834072053,42.4836578369141,-71.4318313598633,620.498901367188,536.316589355469,-5.077073097229,0.581405282020569,119.768913269043,60.4971008300781,-5.32670927047729,0.124510996043682,-0.237274497747421,-0.107090897858143,70
738534.46225697954650968313,59.989070892334,-4.8272762298584,6.42451572418213,-0.0123903602361679,-0.00265023834072053,42.4836463928223,-71.4317016601562,619.573364257812,535.835571289062,-4.97056150436401,0.517988979816437,119.840980529785,60.5249176025391,-5.30932807922363,0.113201551139355,-0.243927553296089,-0.106279298663139,70
738534.46225906070321798325,60.0188789367676,-4.75848913192749,6.44308042526245,-0.0123903602361679,-0.00265023834072053,42.4836387634277,-71.4315719604492,618.64501953125,535.358642578125,-4.8724365234375,0.453937023878098,119.912078857422,60.5509910583496,-5.28609037399292,0.0981585904955864,-0.250541418790817,-0.105459414422512,70
738534.46226117911282926798,60.0466079711914,-4.68386316299438,6.45922422409058,-0.0123903602361679,-0.00265023834072053,42.4836273193359,-71.4314422607422,617.743896484375,534.902221679688,-4.78311395645142,0.391172736883163,119.979629516602,60.5743789672852,-5.25636196136475,0.0828495994210243,-0.256872206926346,-0.104657530784607,70
738534.46226333337835967541,60.0736923217773,-4.60051488876343,6.4737868309021,-0.0123903602361679,-0.00265023834072053,42.4836158752441,-71.4313049316406,616.813415527344,534.438415527344,-4.69373941421509,0.325605779886246,120.047584533691,60.5963935852051,-5.21706008911133,0.0679489746689796,-0.263288676738739,-0.103824578225613,70
738534.46226552291773259640,60.0988731384277,-4.51218843460083,6.48600769042969,-0.0123903602361679,-0.00265023834072053,42.4836082458496,-71.4311599731445,615.885803222656,533.984558105469,-4.60548877716064,0.259340196847916,120.112998962402,60.6160278320312,-5.16870212554932,0.0548032335937023,-0.269535660743713,-0.102995403110981,70
738534.46226766996551305056,60.1212921142578,-4.42235803604126,6.49552297592163,-0.0123903602361679,-0.00265023834072053,42.4835968017578,-71.4310302734375,614.988830566406,533.554321289062,-4.52031421661377,0.194357991218567,120.173477172852,60.6326560974121,-5.11321640014648,0.0430226065218449,-0.275411814451218,-0.102189540863037,70
738534.46226980269420892000,60.1408462524414,-4.33314371109009,6.50246381759644,-0.0123903602361679,-0.00265023834072053,42.483585357666,-71.4308929443359,614.130065917969,533.151123046875,-4.45115184783936,0.135703101754189,120.22843170166,60.6463470458984,-5.05227565765381,0.0303031336516142,-0.280865550041199,-0.101411327719688,70
738534.46227224287576973438,60.1602821350098,-4.23331069946289,6.50757265090942,-0.0123903602361679,-0.00265023834072053,42.4835739135742,-71.4307403564453,613.156066894531,532.704284667969,-4.35838460922241,0.0675752386450768,120.286735534668,60.6591186523438,-4.97460508346558,0.0205748677253723,-0.286824345588684,-0.100521340966225,70
738534.46227468526922166348,60.1767425537109,-4.12850713729858,6.50967884063721,-0.0123903602361679,-0.00265023834072053,42.4835624694824,-71.4305801391602,612.199462890625,532.277526855469,-4.2597279548645,-0.00292242923751473,120.339462280273,60.6684494018555,-4.89034223556519,0.011373458430171,-0.292427510023117,-0.0996382012963295,70
738534.46227672125678509474,60.1881637573242,-4.03883028030396,6.50905275344849,-0.0123903602361679,-0.00265023834072053,42.4835510253906,-71.4304504394531,611.40966796875,531.934814453125,-4.17757034301758,-0.0622721649706364,120.379241943359,60.6736755371094,-4.8151593208313,0.00289064273238182,-0.296850681304932,-0.098894439637661,70
738534.46227883978281170130,60.1973152160645,-3.94790816307068,6.50629043579102,-0.0123903602361679,-0.00265023834072053,42.4835433959961,-71.4303207397461,610.633666992188,531.607482910156,-4.09553098678589,-0.11590276658535,120.414688110352,60.6764755249023,-4.73659658432007,-0.00693337293341756,-0.301001131534576,-0.0981581658124924,70
738534.46228089428041130304,60.2041702270508,-3.85530304908752,6.50153112411499,-0.0123903602361679,-0.00265023834072053,42.4835319519043,-71.4301834106445,609.869445800781,531.294616699219,-4.01452255249023,-0.163266882300377,120.445755004883,60.6768112182617,-4.65484476089478,-0.0177873037755489,-0.304883599281311,-0.0974149331450462,70
738534.46228298533242195845,60.2085113525391,-3.76537275314331,6.49538612365723,-0.0123903602361679,-0.00265023834072053,42.4835243225098,-71.4300537109375,609.135925292969,531.004028320312,-3.94476580619812,-0.180897384881973,120.471664428711,60.6748123168945,-4.57239675521851,-0.0302111431956291,-0.308402061462402,-0.0966912284493446,70
738534.46228572726249694824,60.2105445861816,-3.6464216709137,6.48542976379395,-0.0123903602361679,-0.00265023834072053,42.4835090637207,-71.4298782348633,608.162414550781,530.633728027344,-3.84604525566101,-0.19903489947319,120.499801635742,60.6684989929199,-4.4567756652832,-0.0374486520886421,-0.312733829021454,-0.095699355006218,70
738534.46228815265931189060,60.208683013916,-3.5411810874939,6.47524690628052,-0.0123903602361679,-0.00265023834072053,42.4834976196289,-71.4297180175781,607.316650390625,530.326782226562,-3.75616383552551,-0.215007245540619,120.517723083496,60.6593284606934,-4.35265207290649,-0.0407063625752926,-0.31615361571312,-0.0948220044374466,70
738534.46229013963602483273,60.2046585083008,-3.45598721504211,6.46606874465942,-0.0123903602361679,-0.00265023834072053,42.4834861755371,-71.4295959472656,606.643005371094,530.092956542969,-3.68264603614807,-0.228079080581665,120.527420043945,60.6494407653809,-4.26709079742432,-0.0420351587235928,-0.318638741970062,-0.0941004157066345,70
738534.46229250030592083931,60.1973266601562,-3.3566255569458,6.45450973510742,-0.0123903602361679,-0.00265023834072053,42.4834747314453,-71.429443359375,605.88037109375,529.96044921875,-3.6033194065094,-0.242560714483261,120.533187866211,60.6353492736816,-4.16762351989746,-0.0439863912761211,-0.321178257465363,-0.0932649523019791,70
738534.46229458018206059933,60.188549041748,-3.27563500404358,6.44370603561401,-0.0123903602361679,-0.00265023834072053,42.4834671020508,-71.429313659668,605.232299804688,530.2236328125,-3.54975199699402,-0.253531217575073,120.533515930176,60.6210556030273,-4.08079767227173,-0.0474670268595219,-0.323091000318527,-0.0925367847084999,70
738534.46229676215443760157,60.177360534668,-3.19555854797363,6.43193292617798,-0.0123903602361679,-0.00265023834072053,42.483455657959,-71.4291763305664,604.579467773438,530.509582519531,-3.50254607200623,-0.261719554662704,120.529365539551,60.6044235229492,-3.99176573753357,-0.0508090257644653,-0.324777901172638,-0.0917826890945435,70
738534.46229882095940411091,60.1639938354492,-3.1224844455719,6.41955280303955,-0.0123903602361679,-0.00265023834072053,42.4834442138672,-71.4290466308594,603.94189453125,530.808410644531,-3.44395327568054,-0.271660357713699,120.520790100098,60.5860290527344,-3.90419363975525,-0.0507710464298725,-0.32618573307991,-0.0910234674811363,70
738534.46230116928927600384,60.1472854614258,-3.0398063659668,6.40522909164429,-0.0123903602361679,-0.00265023834072053,42.4834365844727,-71.4288940429688,603.255432128906,531.153076171875,-3.39874243736267,-0.284064561128616,120.506439208984,60.5637130737305,-3.81012415885925,-0.0519958324730396,-0.327435225248337,-0.0901843532919884,70
738534.46230321796610951424,60.1306190490723,-2.9809947013855,6.39202165603638,-0.0123903602361679,-0.00265023834072053,42.4834251403809,-71.4287643432617,602.6630859375,531.469116210938,-3.37498450279236,-0.294602572917938,120.489601135254,60.542839050293,-3.72912645339966,-0.0549518428742886,-0.328285038471222,-0.0894335880875587,70
738534.46230521460529416800,60.1128234863281,-2.92533183097839,6.37852239608765,-0.0123903602361679,-0.00265023834072053,42.4834175109863,-71.4286422729492,602.093078613281,531.788146972656,-3.32644414901733,-0.30731064081192,120.469581604004,60.5210266113281,-3.65270638465881,-0.0534779131412506,-0.328908711671829,-0.0886976793408394,70
738534.46230774116702377796,60.0893325805664,-2.85641837120056,6.36114978790283,-0.0123903602361679,-0.00265023834072053,42.4834022521973,-71.4284820556641,601.398071289062,532.198547363281,-3.33606815338135,-0.316135823726654,120.440002441406,60.4925689697266,-3.56170320510864,-0.0607664287090302,-0.329416215419769,-0.0877658352255821,70
738534.46231006865855306387,60.0652122497559,-2.81697130203247,6.34433698654175,-0.0123903602361679,-0.00265023834072053,42.4833946228027,-71.4283294677734,600.749450683594,532.597717285156,-3.35002326965332,-0.310451954603195,120.407691955566,60.4649963378906,-3.48056793212891,-0.0634318292140961,-0.329645067453384,-0.0868701562285423,70
738534.46231246308889240026,60.0402908325195,-2.78780508041382,6.3277473449707,-0.0123903602361679,-0.00265023834072053,42.4833831787109,-71.4281845092773,600.113891601562,532.999938964844,-3.37695837020874,-0.30333024263382,120.371826171875,60.4371452331543,-3.40685367584229,-0.0636891350150108,-0.329684346914291,-0.0859725922346115,70
738534.46231450443156063557,60.0178871154785,-2.77297019958496,6.31342649459839,-0.0123903602361679,-0.00265023834072053,42.4833717346191,-71.4280548095703,599.562377929688,533.354614257812,-3.3920111656189,-0.295280188322067,120.337783813477,60.412712097168,-3.34902477264404,-0.0617465600371361,-0.329604148864746,-0.0851780995726585,70
738534.46231660107150673866,59.9951057434082,-2.76344442367554,6.29930830001831,-0.0123903602361679,-0.00265023834072053,42.4833641052246,-71.4279251098633,599.011596679688,533.711608886719,-3.40081334114075,-0.286742836236954,120.30158996582,60.3881683349609,-3.29805850982666,-0.0592843927443027,-0.329449594020844,-0.0843731388449669,70
738534.46231875079683959484,59.9710006713867,-2.75676894187927,6.2847752571106,-0.0123903602361679,-0.00265023834072053,42.4833526611328,-71.4277877807617,598.433776855469,534.088623046875,-3.40392231941223,-0.275692105293274,120.261688232422,60.3624000549316,-3.25217938423157,-0.0569153092801571,-0.329233020544052,-0.0835249051451683,70
738534.46232087479438632727,59.9470481872559,-2.75253438949585,6.27072525024414,-0.0123903602361679,-0.00265023834072053,42.483341217041,-71.4276504516602,597.861206054688,534.463256835938,-3.40594410896301,-0.264116615056992,120.220741271973,60.3369483947754,-3.21422719955444,-0.0554537996649742,-0.328982293605804,-0.0826793685555458,70
738534.46232299553230404854,59.923900604248,-2.75042009353638,6.25748157501221,-0.0123903602361679,-0.00265023834072053,42.4833335876465,-71.4275207519531,597.306945800781,534.826599121094,-3.40769791603088,-0.252593487501144,120.180107116699,60.3124732971191,-3.18404650688171,-0.0544673390686512,-0.328717857599258,-0.0818523094058037,70
738534.46232517703901976347,59.9002723693848,-2.74985718727112,6.24427509307861,-0.0123903602361679,-0.00265023834072053,42.4833221435547,-71.4273834228516,596.738647460938,535.198791503906,-3.40965962409973,-0.240771979093552,120.137657165527,60.2876052856445,-3.15901303291321,-0.0537244863808155,-0.328434586524963,-0.080987848341465,70
738534.46232733677607029676,59.8762588500977,-2.7508692741394,6.23115301132202,-0.0123903602361679,-0.00265023834072053,42.4833145141602,-71.42724609375,596.156982421875,535.579772949219,-3.41180682182312,-0.228652447462082,120.093742370605,60.2624320983887,-3.13879871368408,-0.0530374310910702,-0.32813960313797,-0.0800924450159073,70
738534.46232938021421432495,59.8533210754395,-2.75329494476318,6.21899652481079,-0.0123903602361679,-0.00265023834072053,42.4833030700684,-71.427116394043,595.596923828125,535.945434570312,-3.41245150566101,-0.212182268500328,120.051322937012,60.2384986877441,-3.12379598617554,-0.0546714179217815,-0.327857375144958,-0.0792239978909492,70
738534.46233153226785361767,59.8302955627441,-2.75507998466492,6.20795965194702,-0.0123903602361679,-0.00265023834072053,42.4832954406738,-71.4269790649414,595.03271484375,536.312683105469,-3.40110969543457,-0.141037300229073,120.008575439453,60.2145652770996,-3.11245107650757,-0.0606861412525177,-0.327580630779266,-0.0783435106277466,70
738534.46233358047902584076,59.8078689575195,-2.75454068183899,6.19907903671265,-0.0123903602361679,-0.00265023834072053,42.483283996582,-71.4268493652344,594.4833984375,536.670043945312,-3.39058947563171,-0.062513679265976,119.967079162598,60.1913375854492,-3.10429859161377,-0.0537553243339062,-0.327318698167801,-0.0774806663393974,70
738534.46233565115835517645,59.7856140136719,-2.75588655471802,6.1907172203064,-0.0123903602361679,-0.00265023834072053,42.4832763671875,-71.4267196655273,593.932067871094,537.028076171875,-3.37946653366089,-0.102558441460133,119.925628662109,60.1684265136719,-3.09826588630676,-0.0243176072835922,-0.327061384916306,-0.0766061991453171,70
738534.46233786107040941715,59.7624320983887,-2.75463700294495,6.18099975585938,-0.0123903602361679,-0.00265023834072053,42.4832649230957,-71.4265823364258,593.348449707031,537.406982421875,-3.36616563796997,-0.167909294366837,119.881988525391,60.1443367004395,-3.09361886978149,-0.0209365040063858,-0.326794505119324,-0.075666606426239,70
738534.46233994432259351015,59.7402496337891,-2.75102400779724,6.16979646682739,-0.0123903602361679,-0.00265023834072053,42.4832534790039,-71.4264450073242,592.783081054688,537.773803710938,-3.31863760948181,-0.230249181389809,119.840118408203,60.120979309082,-3.09028053283691,-0.0217646062374115,-0.326538562774658,-0.0747578591108322,70
738534.46234202792402356863,59.7192687988281,-2.73590135574341,6.15746116638184,-0.0123903602361679,-0.00265023834072053,42.4832458496094,-71.4263153076172,592.236511230469,538.121337890625,-3.29416275024414,-0.276603281497955,119.799842834473,60.0981750488281,-3.08728384971619,-0.0326511822640896,-0.326282382011414,-0.0738680213689804,70
738534.46234427334275096655,59.6969375610352,-2.72659301757812,6.14289903640747,-0.0123903602361679,-0.00265023834072053,42.4832344055176,-71.4261779785156,591.661254882812,538.465270996094,-3.24914956092834,-0.323647975921631,119.757484436035,60.0740699768066,-3.08320999145508,-0.041998989880085,-0.32598465681076,-0.0729153752326965,70
738534.46234631899278610945,59.6748504638672,-2.70042729377747,6.12676858901978,-0.0123903602361679,-0.00265023834072053,42.483226776123,-71.4260482788086,591.093627929688,538.809204101562,-3.15560102462769,-0.383724600076675,119.715713500977,60.0492935180664,-3.0779550075531,-0.0485112071037292,-0.325655668973923,-0.0719627365469933,70
738534.46234845183789730072,59.6537818908691,-2.66515970230103,6.1096043586731,-0.0123903602361679,-0.00265023834072053,42.4832153320312,-71.4259185791016,590.559936523438,539.345458984375,-3.07553648948669,-0.44231116771698,119.676124572754,60.0250282287598,-3.07049322128296,-0.0602302253246307,-0.325284123420715,-0.071053184568882,70
738534.46235066570807248354,59.6304817199707,-2.61695384979248,6.08876943588257,-0.0123903602361679,-0.00265023834072053,42.4832077026367,-71.4257736206055,589.988647460938,540.007019042969,-2.99286150932312,-0.506723701953888,119.632774353027,59.997631072998,-3.0579686164856,-0.0746194571256638,-0.324778407812119,-0.0700467079877853,70
738534.46235285128932446241,59.6073532104492,-2.56587553024292,6.06643915176392,-0.0123903602361679,-0.00265023834072053,42.4831962585449,-71.4256439208984,589.447265625,539.684326171875,-2.92385673522949,-0.568540871143341,119.590461730957,59.9701766967773,-3.04040956497192,-0.0892343521118164,-0.324154943227768,-0.0690758973360062,70
738534.46235498657915741205,59.5833129882812,-2.51055216789246,6.04191064834595,-0.0123903602361679,-0.00265023834072053,42.4831886291504,-71.4255065917969,588.913146972656,539.369934082031,-2.86712956428528,-0.620215535163879,119.547004699707,59.9414596557617,-3.01680088043213,-0.107289306819439,-0.32336962223053,-0.0680946931242943,70
738534.46235722105484455824,59.5571594238281,-2.4574077129364,6.01469230651855,-0.0123903602361679,-0.00265023834072053,42.4831771850586,-71.4253616333008,588.36767578125,539.053161621094,-2.82206726074219,-0.644509017467499,119.500396728516,59.9105224609375,-2.98592185974121,-0.124844245612621,-0.322364181280136,-0.0670554712414742,70
738534.46235949569381773472,59.5301322937012,-2.40549397468567,5.98703241348267,-0.0123903602361679,-0.00265023834072053,42.4831657409668,-71.4252243041992,587.8388671875,538.750061035156,-2.77728724479675,-0.63455468416214,119.452789306641,59.8787727355957,-2.95013689994812,-0.13498030602932,-0.321178674697876,-0.0660186484456062,70
738534.46236157300882041454,59.5029907226562,-2.35788369178772,5.96128463745117,-0.0123903602361679,-0.00265023834072053,42.4831581115723,-71.4250946044922,587.342224121094,538.469116210938,-2.72577476501465,-0.569200158119202,119.405746459961,59.8473243713379,-2.91220712661743,-0.144527047872543,-0.319868892431259,-0.0650162994861603,70
738534.46236374450381845236,59.4743537902832,-2.30760836601257,5.93685817718506,-0.0123903602361679,-0.00265023834072053,42.4831504821777,-71.4249572753906,586.851379394531,538.195373535156,-2.6786584854126,-0.494220763444901,119.356636047363,59.8144645690918,-2.87118482589722,-0.13914167881012,-0.318379133939743,-0.063994288444519,70
738534.46236593660432845354,59.4438018798828,-2.25975823402405,5.91404104232788,-0.0123903602361679,-0.00265023834072053,42.4831390380859,-71.4248199462891,586.360717773438,537.904663085938,-2.64166736602783,-0.417533963918686,119.304679870605,59.7799949645996,-2.82709097862244,-0.12942498922348,-0.316683113574982,-0.0629404857754707,70
738534.46236821822822093964,59.4103927612305,-2.21167612075806,5.89265155792236,-0.0123903602361679,-0.00265023834072053,42.4831275939941,-71.4246826171875,585.856628417969,537.519409179688,-2.60138702392578,-0.323407620191574,119.248123168945,59.742862701416,-2.77934598922729,-0.116336688399315,-0.3147212266922,-0.0618170723319054,70
738534.46237035293597728014,59.3778114318848,-2.17204117774963,5.87518262863159,-0.0123903602361679,-0.00265023834072053,42.4831199645996,-71.4245452880859,585.391357421875,537.165649414062,-2.59447741508484,-0.237818390130997,119.193168640137,59.7072868347168,-2.7338433265686,-0.106545999646187,-0.31270694732666,-0.0607477948069572,70
738534.46237248112447559834,59.3442001342773,-2.1398298740387,5.86108493804932,-0.0123903602361679,-0.00265023834072053,42.4831123352051,-71.4244079589844,584.93408203125,536.819519042969,-2.57962560653687,-0.0907027423381805,119.136688232422,59.6713104248047,-2.68885612487793,-0.0972710847854614,-0.310552686452866,-0.0596675202250481,70
738534.46237460372503846884,59.3094902038574,-2.11353325843811,5.85117197036743,-0.0123903602361679,-0.00265023834072053,42.4831008911133,-71.4242782592773,584.48388671875,536.479919433594,-2.56717228889465,0.061259888112545,119.078674316406,59.634880065918,-2.64543104171753,-0.075897604227066,-0.308277636766434,-0.0585726127028465,70
738534.46237663784995675087,59.2750015258789,-2.08997893333435,5.84512233734131,-0.0123903602361679,-0.00265023834072053,42.4830932617188,-71.4241485595703,584.051391601562,536.155517578125,-2.57190251350403,0.157172501087189,119.020950317383,59.5991554260254,-2.60539174079895,-0.0432601794600487,-0.305962055921555,-0.0575060099363327,70
738534.46237862517591565847,59.2411270141602,-2.07478809356689,5.84196519851685,-0.0123903602361679,-0.00265023834072053,42.4830856323242,-71.4240264892578,583.638427734375,535.851989746094,-2.56462860107422,0.231736540794373,118.964279174805,59.564624786377,-2.56942415237427,-0.0213010217994452,-0.303650975227356,-0.0564724802970886,70
738534.46238072449341416359,59.2048225402832,-2.06014609336853,5.84091281890869,-0.0123903602361679,-0.00265023834072053,42.4830741882324,-71.4238967895508,583.203979492188,535.533325195312,-2.5557427406311,0.303598195314407,118.902984619141,59.527904510498,-2.53451991081238,-0.000707862549461424,-0.301131874322891,-0.0553640276193619,70
738534.46238266804721206427,59.1705207824707,-2.04901194572449,5.84194993972778,-0.0123903602361679,-0.00265023834072053,42.4830665588379,-71.4237747192383,582.799499511719,535.237121582031,-2.54738855361938,0.367356717586517,118.844886779785,59.4935073852539,-2.50508809089661,0.0141271501779556,-0.298717051744461,-0.0543214678764343,70
738534.46238477143924683332,59.1328086853027,-2.03871726989746,5.84512615203857,-0.0123903602361679,-0.00265023834072053,42.4830589294434,-71.4236373901367,582.360717773438,534.916259765625,-2.5226833820343,0.43193581700325,118.78101348877,59.4559555053711,-2.47662377357483,0.0295996069908142,-0.296036601066589,-0.0531826168298721,70
738534.46238690707832574844,59.0954055786133,-2.02476906776428,5.85025453567505,-0.0123903602361679,-0.00265023834072053,42.4830474853516,-71.4235076904297,581.9306640625,534.602294921875,-2.49540638923645,0.489892691373825,118.71745300293,59.4187850952148,-2.45189166069031,0.0423969179391861,-0.293349713087082,-0.0520479492843151,70
738534.46238908777013421059,59.0573196411133,-2.01044845581055,5.8572473526001,-0.0123903602361679,-0.00265023834072053,42.483039855957,-71.4233703613281,581.498229980469,534.287231445312,-2.47376728057861,0.541689813137054,118.652641296387,59.3811111450195,-2.4295129776001,0.0504956804215908,-0.290584474802017,-0.0508889816701412,70
738534.46239117824006825686,59.0188674926758,-1.9966197013855,5.86589288711548,-0.0123903602361679,-0.00265023834072053,42.4830284118652,-71.4232406616211,581.066955566406,533.9736328125,-2.45584964752197,0.593638062477112,118.587219238281,59.3432579040527,-2.40908646583557,0.0567669533193111,-0.287759393453598,-0.0497271083295345,70
738534.46239332528784871101,58.9805030822754,-1.98395216464996,5.87604236602783,-0.0123903602361679,-0.00265023834072053,42.4830207824707,-71.4231033325195,580.6416015625,533.664916992188,-2.44105911254883,0.645120859146118,118.521987915039,59.3056793212891,-2.39039635658264,0.0623326301574707,-0.284908384084702,-0.0485763102769852,70
738534.46239554858766496181,58.9404830932617,-1.97205317020416,5.88820648193359,-0.0123903602361679,-0.00265023834072053,42.4830093383789,-71.422966003418,580.202392578125,533.346740722656,-2.42942643165588,0.698564052581787,118.453994750977,59.2666893005371,-2.37235283851624,0.0681342780590057,-0.281899213790894,-0.0473829694092274,70
738534.46239772287663072348,58.9005889892578,-1.96244645118713,5.90187406539917,-0.0123903602361679,-0.00265023834072053,42.4830017089844,-71.4228363037109,579.768188476562,533.032653808594,-2.42444849014282,0.748635947704315,118.386329650879,59.2280540466309,-2.35569334030151,0.0745713040232658,-0.278863310813904,-0.0461933352053165,70
738534.46239989181049168110,58.8621788024902,-1.95653855800629,5.91641664505005,-0.0123903602361679,-0.00265023834072053,42.4829902648926,-71.4226989746094,579.352172851562,532.731994628906,-2.4233124256134,0.793818175792694,118.321250915527,59.1911163330078,-2.34091925621033,0.0803602635860443,-0.275907129049301,-0.0450562313199043,70
738534.46240193385165184736,58.8256530761719,-1.9530885219574,5.93146467208862,-0.0123903602361679,-0.00265023834072053,42.482982635498,-71.4225769042969,578.957397460938,532.446838378906,-2.42254137992859,0.836705327033997,118.259162902832,59.1561851501465,-2.32811880111694,0.086199939250946,-0.273069113492966,-0.0439656265079975,70
738534.46240396169014275074,58.7889099121094,-1.95158553123474,5.94784355163574,-0.0123903602361679,-0.00265023834072053,42.4829750061035,-71.4224548339844,578.559875488281,532.159790039062,-2.42267060279846,0.879671275615692,118.196685791016,59.1212425231934,-2.31667757034302,0.0923268347978592,-0.270189702510834,-0.0428719855844975,70
738534.46240606566425412893,58.7505912780762,-1.95193195343018,5.96626853942871,-0.0123903602361679,-0.00265023834072053,42.4829635620117,-71.4223175048828,578.143981933594,531.859375,-2.42434859275818,0.923617303371429,118.131393432617,59.0850105285645,-2.30640172958374,0.0991180762648582,-0.267163962125778,-0.0417352542281151,70
738534.46240816789213567972,58.7131385803223,-1.95436298847198,5.98561763763428,-0.0123903602361679,-0.00265023834072053,42.4829559326172,-71.4221954345703,577.735412597656,531.564086914062,-2.4280378818512,0.964605033397675,118.06761932373,59.0498085021973,-2.29811096191406,0.105389669537544,-0.26418724656105,-0.040632639080286,70
738534.46241044241469353437,58.6739768981934,-1.9589524269104,6.00725984573364,-0.0123903602361679,-0.00265023834072053,42.4829444885254,-71.4220581054688,577.3046875,531.252502441406,-2.43321084976196,1.00624895095825,118.000877380371,59.0132179260254,-2.29137063026428,0.112029999494553,-0.261057019233704,-0.0394815988838673,70
738534.46241269761230796576,58.6326942443848,-1.96608054637909,6.03162527084351,-0.0123903602361679,-0.00265023834072053,42.4829368591309,-71.4219131469727,576.845397949219,530.919860839844,-2.44127416610718,1.04519712924957,117.930328369141,58.9748992919922,-2.28649044036865,0.11975472420454,-0.257738441228867,-0.0382677130401134,70
738534.46241481788456439972,58.5955505371094,-1.97484529018402,6.05486631393433,-0.0123903602361679,-0.00265023834072053,42.4829254150391,-71.4217834472656,576.426025390625,530.615661621094,-2.45128202438354,1.07436513900757,117.867042541504,58.9406471252441,-2.28412747383118,0.125315055251122,-0.254737228155136,-0.0371843203902245,70
738534.46241689438465982676,58.5593795776367,-1.98541128635406,6.07864761352539,-0.0123903602361679,-0.00265023834072053,42.4829177856445,-71.4216537475586,576.011108398438,530.314086914062,-2.46243929862976,1.1027272939682,117.805397033691,58.9074935913086,-2.28375172615051,0.129930928349495,-0.25180447101593,-0.0361219272017479,70
738534.46241896448191255331,58.5243988037109,-1.99750208854675,6.10275936126709,-0.0123903602361679,-0.00265023834072053,42.4829063415527,-71.4215240478516,575.602416992188,530.016357421875,-2.47440075874329,1.13034689426422,117.745727539062,58.8756217956543,-2.28526878356934,0.135334491729736,-0.24896003305912,-0.0350955165922642,70
738534.46242134633939713240,58.4838676452637,-2.01388740539551,6.13206672668457,-0.0123903602361679,-0.00265023834072053,42.4828987121582,-71.4213790893555,575.117980957031,529.662658691406,-2.49020934104919,1.15483546257019,117.67650604248,58.838939666748,-2.28944110870361,0.143887594342232,-0.245655789971352,-0.033898614346981,70
738534.46242341911420226097,58.450309753418,-2.02936625480652,6.15747356414795,-0.0123903602361679,-0.00265023834072053,42.4828872680664,-71.4212493896484,574.706909179688,529.361572265625,-2.50501251220703,1.17322099208832,117.619110107422,58.8087730407715,-2.29494094848633,0.149419099092484,-0.242916718125343,-0.0328986160457134,70
738534.46242536173667758703,58.4179306030273,-2.04597401618958,6.18302297592163,-0.0123903602361679,-0.00265023834072053,42.4828796386719,-71.4211273193359,574.300231933594,529.062866210938,-2.52055931091309,1.19085454940796,117.563697814941,58.7798461914062,-2.30205774307251,0.15357705950737,-0.24027281999588,-0.0319314822554588,70
738534.46242773032281547785,58.3803176879883,-2.06736898422241,6.21408319473267,-0.0123903602361679,-0.00265023834072053,42.4828681945801,-71.4209823608398,573.813903808594,528.703735351562,-2.54034638404846,1.21175587177277,117.499313354492,58.7464904785156,-2.31265139579773,0.157065346837044,-0.237203553318977,-0.0308031849563122,70
738534.46242971997708082199,58.3494873046875,-2.08664464950562,6.24072408676147,-0.0123903602361679,-0.00265023834072053,42.4828567504883,-71.4208602905273,573.402893066406,528.399169921875,-2.55805158615112,1.22926735877991,117.446510314941,58.7193603515625,-2.32326555252075,0.159601092338562,-0.234693467617035,-0.0298741646111012,70
738534.46243205701466649771,58.3144607543945,-2.11051917076111,6.27241468429565,-0.0123903602361679,-0.00265023834072053,42.4828491210938,-71.4207229614258,572.920715332031,528.040649414062,-2.5798876285553,1.24962508678436,117.386619567871,58.6887893676758,-2.33750438690186,0.161830976605415,-0.231851607561111,-0.0288149528205395,70
738534.46243446075823158026,58.2795677185059,-2.13652873039246,6.30563592910767,-0.0123903602361679,-0.00265023834072053,42.482837677002,-71.4205780029297,572.422058105469,527.668518066406,-2.603675365448,1.27045071125031,117.32698059082,58.658618927002,-2.35412812232971,0.163675025105476,-0.229035392403603,-0.0277529656887054,70
738534.46243660664185881615,58.2494850158691,-2.16085815429688,6.33571624755859,-0.0123903602361679,-0.00265023834072053,42.4828262329102,-71.4204483032227,571.975646972656,527.334106445312,-2.62609004974365,1.28851842880249,117.275581359863,58.6328659057617,-2.37052702903748,0.165591463446617,-0.226622924208641,-0.0268271472305059,70
738534.46243888686876744032,58.2177886962891,-2.18860793113708,6.36900472640991,-0.0123903602361679,-0.00265023834072053,42.4828147888184,-71.4203033447266,571.486572265625,526.966369628906,-2.65155792236328,1.30758023262024,117.22144317627,58.6060180664062,-2.39001655578613,0.16762438416481,-0.22410249710083,-0.0258399434387684,70
738534.46244103205390274525,58.1879386901855,-2.21680068969727,6.40201425552368,-0.0123903602361679,-0.00265023834072053,42.4828071594238,-71.4201736450195,571.006042480469,526.603637695312,-2.67733454704285,1.32593727111816,117.17073059082,58.5810241699219,-2.41050434112549,0.16958124935627,-0.221753656864166,-0.0249070636928082,70
738534.46244322822894901037,58.1598892211914,-2.24522733688354,6.43465375900269,-0.0123903602361679,-0.00265023834072053,42.482795715332,-71.420036315918,570.534729003906,526.24658203125,-2.70327711105347,1.34374821186066,117.123306274414,58.5578231811523,-2.43178582191467,0.171665340662003,-0.219573438167572,-0.0240200590342283,70
738534.46244542649947106838,58.1312599182129,-2.27635049819946,6.46978569030762,-0.0123903602361679,-0.00265023834072053,42.4827842712402,-71.4198989868164,570.031311035156,525.863586425781,-2.73164319992065,1.36251127719879,117.075057983398,58.5344619750977,-2.45577096939087,0.174045890569687,-0.217381283640862,-0.0231063570827246,70
738534.46244756318628787994,58.1046905517578,-2.30712485313416,6.5042462348938,-0.0123903602361679,-0.00265023834072053,42.4827728271484,-71.4197692871094,569.540954589844,525.489135742188,-2.76049590110779,1.37995517253876,117.030570983887,58.5130996704102,-2.48018670082092,0.176717936992645,-0.21538245677948,-0.022253030911088,70
738534.46244957204908132553,58.080810546875,-2.33754086494446,6.53686761856079,-0.0123903602361679,-0.00265023834072053,42.4827651977539,-71.4196472167969,569.077514648438,525.133911132812,-2.79292726516724,1.38688337802887,116.990859985352,58.4942359924316,-2.50405097007751,0.180111020803452,-0.213617712259293,-0.0214815270155668,70
738534.46245160780381411314,58.057674407959,-2.36985445022583,6.5700216293335,-0.0123903602361679,-0.00265023834072053,42.4827537536621,-71.4195175170898,568.605163574219,524.770446777344,-2.82539629936218,1.39220654964447,116.952568054199,58.4762763977051,-2.52923440933228,0.181885704398155,-0.211944028735161,-0.0207230113446712,70
738534.46245367615483701229,58.0358085632324,-2.40219616889954,6.60293102264404,-0.0123903602361679,-0.00265023834072053,42.4827461242676,-71.4193954467773,568.132141113281,524.405090332031,-2.85989570617676,1.38833749294281,116.916435241699,58.4595947265625,-2.55531311035156,0.187451869249344,-0.210396111011505,-0.0199908912181854,70
738534.46245566708967089653,58.0151481628418,-2.43982291221619,6.63538932800293,-0.0123903602361679,-0.00265023834072053,42.4827346801758,-71.4192733764648,567.652526855469,524.033325195312,-2.9280321598053,1.34658241271973,116.882011413574,58.4443168640137,-2.58254933357239,0.190528735518456,-0.20895628631115,-0.0192735306918621,70
738534.46245768910739570856,57.9961853027344,-2.48366189002991,6.66572618484497,-0.0123903602361679,-0.00265023834072053,42.482723236084,-71.4191513061523,567.17822265625,523.663940429688,-2.97213816642761,1.28691136837006,116.850303649902,58.4307975769043,-2.61053824424744,0.192611441016197,-0.207673490047455,-0.0186007749289274,70
738534.46245971054304391146,57.9783935546875,-2.52140164375305,6.69564628601074,-0.0123903602361679,-0.00265023834072053,42.4827156066895,-71.4190292358398,566.684326171875,523.277587890625,-3.0347318649292,1.21841394901276,116.819709777832,58.4181747436523,-2.641352891922,0.187203332781792,-0.206494450569153,-0.017933901399374,70
738534.46246180101297795773,57.9615631103516,-2.58209609985352,6.72429990768433,-0.0123903602361679,-0.00265023834072053,42.4827041625977,-71.4188995361328,566.167114257812,522.87109375,-3.13199615478516,1.15263748168945,116.790260314941,58.4074172973633,-2.67516875267029,0.173144116997719,-0.205430135130882,-0.0172654669731855,70
738534.46246389660518616438,57.9465293884277,-2.64077758789062,6.75117778778076,-0.0123903602361679,-0.00265023834072053,42.4826927185059,-71.4187698364258,565.642578125,522.456420898438,-3.17838096618652,1.09185552597046,116.763366699219,58.3982200622559,-2.71197319030762,0.165269017219543,-0.204555377364159,-0.0166263896971941,70
738534.46246597159188240767,57.9334182739258,-2.69543027877808,6.77697086334229,-0.0123903602361679,-0.00265023834072053,42.4826850891113,-71.4186477661133,565.106628417969,522.030639648438,-3.24504804611206,1.04662942886353,116.738922119141,58.390697479248,-2.75243330001831,0.153088018298149,-0.203875377774239,-0.016009297221899,70
738534.46246807207353413105,57.9216041564941,-2.76062107086182,6.80227327346802,-0.0123903602361679,-0.00265023834072053,42.4826736450195,-71.4185104370117,564.543212890625,521.580688476562,-3.3083610534668,1.00762629508972,116.71647644043,58.3849639892578,-2.79752731323242,0.14123047888279,-0.203386589884758,-0.015386818908155,70
738534.46247012296225875616,57.9124488830566,-2.81764960289001,6.82556629180908,-0.0123903602361679,-0.00265023834072053,42.4826622009277,-71.4183883666992,564.000427246094,521.14501953125,-3.39936709403992,0.980168998241425,116.697982788086,58.3813285827637,-2.84312844276428,0.12925598025322,-0.203132852911949,-0.0148177836090326,70
738534.46247222216334193945,57.9043922424316,-2.89335703849792,6.84878540039062,-0.0123903602361679,-0.00265023834072053,42.4826507568359,-71.4182662963867,563.428649902344,520.68359375,-3.47012829780579,0.971203446388245,116.681739807129,58.3797569274902,-2.89313006401062,0.120405837893486,-0.203090265393257,-0.0142524130642414,70
738534.46247426641639322042,57.898193359375,-2.95964694023132,6.87107801437378,-0.0123903602361679,-0.00265023834072053,42.4826393127441,-71.4181365966797,562.857482910156,520.22021484375,-3.468181848526,0.938863575458527,116.668922424316,58.3795509338379,-2.94546961784363,0.130506113171577,-0.203288733959198,-0.0137219754979014,70
738534.46247636852785944939,57.8938179016113,-3.00902962684631,6.89404010772705,-0.0123903602361679,-0.00265023834072053,42.4826316833496,-71.4180068969727,562.253845214844,519.728454589844,-3.46385312080383,0.892420887947083,116.658821105957,58.380443572998,-3.00282907485962,0.127727583050728,-0.203740775585175,-0.013189509510994,70
738534.46247836190741509199,57.8912467956543,-3.05088996887207,6.91522264480591,-0.0123903602361679,-0.00265023834072053,42.4826202392578,-71.4178848266602,561.668273925781,519.904479980469,-3.48567318916321,0.856707751750946,116.652206420898,58.3825721740723,-3.05828714370728,0.116746053099632,-0.204377621412277,-0.0126995202153921,70
738534.46248040837235748768,57.8899688720703,-3.09120988845825,6.93541288375854,-0.0123903602361679,-0.00265023834072053,42.482608795166,-71.4177627563477,561.078308105469,520.031005859375,-3.51177263259888,0.822614729404449,116.648475646973,58.3858222961426,-3.11258554458618,0.107643894851208,-0.205184206366539,-0.012229273095727,70
738534.46248285507317632437,57.8900756835938,-3.13561797142029,6.95871925354004,-0.0123903602361679,-0.00265023834072053,42.4825973510742,-71.4176177978516,560.360900878906,519.908996582031,-3.55809855461121,0.790884017944336,116.647514343262,58.3910675048828,-3.17546892166138,0.095136322081089,-0.206360965967178,-0.0116901695728302,70
738534.46248520398512482643,57.8915901184082,-3.1851806640625,6.98074340820312,-0.0123903602361679,-0.00265023834072053,42.4825859069824,-71.4174728393555,559.646606445312,519.194641113281,-3.61809015274048,0.781843304634094,116.650062561035,58.3978805541992,-3.23415803909302,0.0883998423814774,-0.207721754908562,-0.011181091889739,70
738534.46248723287135362625,57.8940048217773,-3.22860956192017,6.99947500228882,-0.0123903602361679,-0.00265023834072053,42.4825744628906,-71.4173431396484,559.0263671875,517.935363769531,-3.66385579109192,0.779398679733276,116.654891967773,58.404899597168,-3.28250670433044,0.0878179743885994,-0.209050893783569,-0.0107579613104463,70
738534.46248924243263900280,57.8973541259766,-3.27149629592896,7.01781034469604,-0.0123903602361679,-0.00265023834072053,42.4825630187988,-71.4172210693359,558.412902832031,516.719970703125,-3.70670795440674,0.776985466480255,116.661834716797,58.4128074645996,-3.32842540740967,0.0887271016836166,-0.210499748587608,-0.0103614926338196,70
738534.46249131613876670599,57.9019050598145,-3.31620788574219,7.03697633743286,-0.0123903602361679,-0.00265023834072053,42.482551574707,-71.4170989990234,557.765930175781,515.709350585938,-3.74978685379028,0.774430692195892,116.671371459961,58.4221458435059,-3.37536549568176,0.090290904045105,-0.212169140577316,-0.00996724888682365,70
738534.46249333617743104696,57.9073333740234,-3.35928463935852,7.05561828613281,-0.0123903602361679,-0.00265023834072053,42.4825439453125,-71.4169769287109,557.131896972656,514.771667480469,-3.79032063484192,0.771908402442932,116.682769775391,58.4322319030762,-3.42010188102722,0.0918270722031593,-0.213943257927895,-0.00959703978151083,70
738534.46249540976714342833,57.9138488769531,-3.40367698669434,7.07467937469482,-0.0123903602361679,-0.00265023834072053,42.4825325012207,-71.4168472290039,556.478149414062,513.980163574219,-3.82848429679871,0.768849849700928,116.696563720703,58.4435615539551,-3.46523118019104,0.0935889929533005,-0.215910613536835,-0.00923410803079605,70
738534.46249753388110548258,57.921688079834,-3.44684481620789,7.09458875656128,-0.0123903602361679,-0.00265023834072053,42.4825210571289,-71.4167175292969,555.790649414062,513.173706054688,-3.85329079627991,0.762605905532837,116.713188171387,58.4562759399414,-3.51180863380432,0.0961907133460045,-0.218126401305199,-0.00886998604983091,70
738534.46249963727314025164,57.9305381774902,-3.48536372184753,7.11447906494141,-0.0123903602361679,-0.00265023834072053,42.4825096130371,-71.4165878295898,555.100830078125,512.439697265625,-3.873699426651,0.75458550453186,116.731971740723,58.4697418212891,-3.55749106407166,0.0952055230736732,-0.220494523644447,-0.00852119829505682,70
738534.46250176604371517897,57.9402809143066,-3.52162766456604,7.13422250747681,-0.0123903602361679,-0.00265023834072053,42.4824981689453,-71.4164657592773,554.40625,511.701202392578,-3.8915388584137,0.745392978191376,116.752830505371,58.4839744567871,-3.60207462310791,0.0945187732577324,-0.223011806607246,-0.00819124188274145,70
738534.46250382391735911369,57.9506721496582,-3.5513756275177,7.15307950973511,-0.0123903602361679,-0.00265023834072053,42.4824867248535,-71.4163360595703,553.722290039062,510.974365234375,-3.8843948841095,0.710952460765839,116.775184631348,58.4983711242676,-3.64433908462524,0.0997375696897507,-0.225610315799713,-0.00788826402276754,70
738534.46250593243166804314,57.9623413085938,-3.57415127754211,7.17203521728516,-0.0123903602361679,-0.00265023834072053,42.4824752807617,-71.4162063598633,553.010559082031,510.218383789062,-3.88474202156067,0.676860570907593,116.800216674805,58.5136375427246,-3.68615698814392,0.0935242176055908,-0.228427097201347,-0.00758560188114643,70
738534.46250805235467851162,57.974292755127,-3.59196448326111,7.19031476974487,-0.0123903602361679,-0.00265023834072053,42.4824638366699,-71.4160766601562,552.310241699219,509.474700927734,-3.87993311882019,0.68942803144455,116.826438903809,58.52880859375,-3.72435355186462,0.083361379802227,-0.23129066824913,-0.00730138691142201,70
738534.46251007635146379471,57.986515045166,-3.60413241386414,7.20898294448853,-0.0123903602361679,-0.00265023834072053,42.4824523925781,-71.4159545898438,551.611206054688,508.732543945312,-3.87756729125977,0.715771198272705,116.853996276855,58.5439605712891,-3.75911974906921,0.0790382996201515,-0.234223276376724,-0.00703167309984565,70
738534.46251216810196638107,57.9986534118652,-3.61510491371155,7.22849178314209,-0.0123903602361679,-0.00265023834072053,42.4824409484863,-71.4158325195312,550.916564941406,507.995330810547,-3.88122224807739,0.766927003860474,116.882484436035,58.5590629577637,-3.78997182846069,0.0740020573139191,-0.237194538116455,-0.00677982438355684,70
738534.46251422225032001734,58.0109710693359,-3.62379097938538,7.24996566772461,-0.0123903602361679,-0.00265023834072053,42.4824295043945,-71.4157028198242,550.202392578125,507.237426757812,-3.87743830680847,0.835284888744354,116.912811279297,58.5744514465332,-3.81789493560791,0.0827192589640617,-0.24029715359211,-0.00652556587010622,70
738534.46251654939260333776,58.0247917175293,-3.63168692588806,7.27437448501587,-0.0123903602361679,-0.00265023834072053,42.4824180603027,-71.4155578613281,549.406127929688,506.392608642578,-3.87301683425903,0.784327030181885,116.947486877441,58.5916557312012,-3.84467387199402,0.109002746641636,-0.243803486227989,-0.00625765696167946,70
738534.46251864638179540634,58.0367393493652,-3.63487982749939,7.29419422149658,-0.0123903602361679,-0.00265023834072053,42.4824066162109,-71.4154357910156,548.729248046875,505.674530029297,-3.87003660202026,0.728059887886047,116.977615356445,58.6061515808105,-3.86412382125854,0.110887318849564,-0.246816232800484,-0.00603625550866127,70
738534.46252072171773761511,58.0497398376465,-3.6365978717804,7.31385517120361,-0.0123903602361679,-0.00265023834072053,42.4823951721191,-71.4153060913086,548.003662109375,504.904846191406,-3.86713719367981,0.668346703052521,117.010482788086,58.6215782165527,-3.88175201416016,0.10744996368885,-0.250069439411163,-0.00581624265760183,70
738534.46252279076725244522,58.0628433227539,-3.63657140731812,7.33184051513672,-0.0123903602361679,-0.00265023834072053,42.4823837280273,-71.4151763916016,547.279479980469,504.136657714844,-3.85897183418274,0.611152052879333,117.043601989746,58.6367988586426,-3.89619970321655,0.100623331964016,-0.253334522247314,-0.00561659410595894,70
738534.46252487355377525091,58.0754890441895,-3.63403940200806,7.34753513336182,-0.0123903602361679,-0.00265023834072053,42.4823722839355,-71.4150543212891,546.586181640625,503.401245117188,-3.84700012207031,0.556693017482758,117.075469970703,58.6511306762695,-3.90728402137756,0.092662513256073,-0.256471186876297,-0.00544279348105192,70
738534.46252742654178291559,58.0905265808105,-3.62853908538818,7.36427688598633,-0.0123903602361679,-0.00265023834072053,42.4823608398438,-71.4149017333984,545.758178710938,502.522918701172,-3.8166139125824,0.490211337804794,117.113914489746,58.6677780151367,-3.91724181175232,0.0828380510210991,-0.260222792625427,-0.0052484585903585,70
738534.46252951107453554869,58.1049766540527,-3.60996079444885,7.37814426422119,-0.0123903602361679,-0.00265023834072053,42.4823455810547,-71.4147644042969,544.976684570312,501.693786621094,-3.78434038162231,0.425488412380219,117.149955749512,58.6826820373535,-3.92329978942871,0.073428139090538,-0.263761758804321,-0.00508162751793861,70
738534.46253166592214256525,58.1182479858398,-3.59735035896301,7.38904523849487,-0.0123903602361679,-0.00265023834072053,42.4823341369629,-71.4146270751953,544.249938964844,500.922607421875,-3.79237270355225,0.360335737466812,117.183219909668,58.696418762207,-3.92535495758057,0.0579890087246895,-0.267029792070389,-0.00493207341060042,70
738534.46253375208470970392,58.1308708190918,-3.58739352226257,7.39757537841797,-0.0123903602361679,-0.00265023834072053,42.4823226928711,-71.4145050048828,543.546813964844,500.176300048828,-3.79348993301392,0.29724457859993,117.21501159668,58.7093849182129,-3.92432999610901,0.0460162423551083,-0.270160794258118,-0.00479316711425781,70
738534.46253584243822842836,58.143138885498,-3.57828640937805,7.40404272079468,-0.0123903602361679,-0.00265023834072053,42.4823112487793,-71.4143753051758,542.856506347656,499.150970458984,-3.79147505760193,0.235286235809326,117.245796203613,58.7217903137207,-3.92110848426819,0.0357109569013119,-0.27320659160614,-0.00467360718175769,70
738534.46253795921802520752,58.1556053161621,-3.56912708282471,7.40872430801392,-0.0123903602361679,-0.00265023834072053,42.4822998046875,-71.4142456054688,542.149963378906,497.930480957031,-3.78708481788635,0.17188036441803,117.276779174805,58.7341690063477,-3.91612720489502,0.0257301107048988,-0.276297628879547,-0.00455275736749172,70
738534.46254015073645859957,58.1686058044434,-3.55932950973511,7.41152811050415,-0.0123903602361679,-0.00265023834072053,42.4822883605957,-71.4141159057617,541.408935546875,496.648864746094,-3.78066444396973,0.10535790771246,117.308715820312,58.7467994689941,-3.90957522392273,0.0155005315318704,-0.279513388872147,-0.00443205842748284,70
738534.46254246018361300230,58.1815071105957,-3.54913568496704,7.41216373443604,-0.0123903602361679,-0.00265023834072053,42.4822769165039,-71.4139785766602,540.669494628906,495.368499755859,-3.77286267280579,0.0389849841594696,117.339859008789,58.7590370178223,-3.90205883979797,0.00523829786106944,-0.282694965600967,-0.0043290238827467,70
738534.46254477591719478369,58.1953353881836,-3.53752660751343,7.41041803359985,-0.0123903602361679,-0.00265023834072053,42.4822616577148,-71.4138336181641,539.872680664062,493.987060546875,-3.76319932937622,-0.0325783230364323,117.372680664062,58.7718086242676,-3.89309883117676,-0.00579387182369828,-0.286093324422836,-0.00422263657674193,70
738534.46254708489868789911,58.2080383300781,-3.52613544464111,7.40652656555176,-0.0123903602361679,-0.00265023834072053,42.482250213623,-71.4136962890625,539.135803222656,492.707763671875,-3.75329804420471,-0.098798044025898,117.402122497559,58.7832107543945,-3.88419556617737,-0.0161291658878326,-0.289205849170685,-0.00413612741976976,70
738534.46254930598661303520,58.2210464477539,-3.51504921913147,7.40028667449951,-0.0123903602361679,-0.00265023834072053,42.4822387695312,-71.4135513305664,538.367004394531,491.371063232422,-3.73501443862915,-0.157164946198463,117.432083129883,58.7946395874023,-3.87428760528564,-0.0309746786952019,-0.292421638965607,-0.00404398608952761,70
738534.46255146956536918879,58.2319374084473,-3.50515294075012,7.39365339279175,-0.0123903602361679,-0.00265023834072053,42.4822273254395,-71.4134216308594,537.651611328125,490.126342773438,-3.6002094745636,-0.123852372169495,117.459098815918,58.8040008544922,-3.86484622955322,-0.0454769395291805,-0.295384138822556,-0.00396311515942216,70
738534.46255354548338800669,58.2403182983398,-3.44562530517578,7.38803148269653,-0.0123903602361679,-0.00265023834072053,42.4822158813477,-71.4132919311523,536.972290039062,488.939117431641,-3.41472315788269,-0.0454582497477531,117.484024047852,58.8080749511719,-3.85489010810852,-0.037131804972887,-0.298176646232605,-0.00388510967604816,70
738534.46255566587205976248,58.245044708252,-3.36585927009583,7.38372039794922,-0.0123903602361679,-0.00265023834072053,42.4822044372559,-71.4131622314453,536.298278808594,487.751312255859,-3.28640174865723,0.00282508693635464,117.507453918457,58.8075981140137,-3.83977746963501,-0.030364565551281,-0.300863116979599,-0.00380191626027226,70
738534.46255781513173133135,58.2470970153809,-3.28027606010437,7.37992429733276,-0.0123903602361679,-0.00265023834072053,42.4821891784668,-71.4130325317383,535.617980957031,486.540374755859,-3.22659468650818,0.0145847639068961,117.528739929199,58.8043212890625,-3.815105676651,-0.0291497223079205,-0.303402066230774,-0.00371832051314414,70
738534.46255998685956001282,58.2467880249023,-3.20844697952271,7.37563896179199,-0.0123903602361679,-0.00265023834072053,42.482177734375,-71.4128952026367,534.957885742188,485.354187011719,-3.15569186210632,-0.00790619291365147,117.546112060547,58.7995109558105,-3.78061056137085,-0.0212887208908796,-0.305636763572693,-0.00363649940118194,70
738534.46256211318541318178,58.2443046569824,-3.12700462341309,7.37015056610107,-0.0123903602361679,-0.00265023834072053,42.4821662902832,-71.4127655029297,534.314086914062,484.185791015625,-3.06400489807129,-0.0519991479814053,117.559478759766,58.7919731140137,-3.73758888244629,-0.0180221423506737,-0.307580560445786,-0.00355254043824971,70
738534.46256419154815375805,58.2395477294922,-3.04441142082214,7.3630952835083,-0.0123903602361679,-0.00265023834072053,42.4821548461914,-71.4126358032227,533.696533203125,483.052978515625,-2.9788498878479,-0.095259316265583,117.568534851074,58.7820434570312,-3.68777585029602,-0.0201869644224644,-0.309198796749115,-0.00346923363395035,70
738534.46256631682626903057,58.2327194213867,-2.96207118034363,7.35457801818848,-0.00312009919434786,-0.00265023834072053,42.4821434020996,-71.4125061035156,533.107543945312,481.960327148438,-2.89784002304077,-0.137450620532036,117.573234558105,58.7700042724609,-3.63258004188538,-0.0252047553658485,-0.310487508773804,-0.00338016473688185,70
738534.46256859344430267811,58.2217864990234,-2.86975502967834,7.34320211410522,0.01180749386549,-0.00265023834072053,42.4821319580078,-71.4123687744141,532.478332519531,480.779266357422,-2.71461629867554,-0.183448597788811,117.573532104492,58.7531661987305,-3.56563782691956,-0.0232358984649181,-0.31156399846077,-0.00327901309356093,70
738534.46257075225003063679,58.2067642211914,-2.74302554130554,7.32986927032471,0.01180749386549,-0.00265023834072053,42.482120513916,-71.4122314453125,531.881103515625,479.638977050781,-2.53498220443726,-0.228780135512352,117.568481445312,58.7305603027344,-3.49366903305054,-0.0284676030278206,-0.312245428562164,-0.0031717331148684,70
738534.46257283654995262623,58.1884002685547,-2.60237383842468,7.31474494934082,0.01180749386549,-0.00265023834072053,42.4821090698242,-71.4121017456055,531.322631835938,478.549835205078,-2.44216513633728,-0.272765815258026,117.557716369629,58.7040710449219,-3.4149329662323,-0.0435697846114635,-0.312475115060806,-0.00305857951752841,70
738534.46257507218979299068,58.168628692627,-2.50119686126709,7.29832315444946,0.01180749386549,-0.00265023834072053,42.4820976257324,-71.4119720458984,530.8076171875,477.524627685547,-2.42873883247375,-0.333813041448593,117.541557312012,58.6780281066895,-3.33037853240967,-0.0651365369558334,-0.312237203121185,-0.00295210536569357,70
738534.46257722750306129456,58.1462936401367,-2.41040706634521,7.27835321426392,0.01180749386549,-0.00265023834072053,42.4820823669434,-71.4118347167969,530.275939941406,476.44873046875,-2.39416360855103,-0.399215638637543,117.518112182617,58.649600982666,-3.23340773582458,-0.078034520149231,-0.311521172523499,-0.0028334332164377,70
738534.46257937827613204718,58.1231422424316,-2.33282136917114,7.25640678405762,0.01180749386549,-0.00265023834072053,42.4820709228516,-71.4117050170898,529.770874023438,475.410461425781,-2.35271716117859,-0.463342010974884,117.489608764648,58.620792388916,-3.13616847991943,-0.0871341079473495,-0.310412615537643,-0.00270501361228526,70
738534.46258163207676261663,58.0989379882812,-2.26315832138062,7.23232793807983,0.01180749386549,-0.00265023834072053,42.4820594787598,-71.4115676879883,529.282775878906,474.393310546875,-2.30730795860291,-0.526993334293365,117.456413269043,58.5910835266113,-3.0405158996582,-0.0955618396401405,-0.308961659669876,-0.00256683817133307,70
738534.46258385397959500551,58.0725479125977,-2.19611835479736,7.20489454269409,0.01180749386549,-0.00265023834072053,42.482048034668,-71.4114303588867,528.788269042969,473.34814453125,-2.25797605514526,-0.59316873550415,117.41722869873,58.5589828491211,-2.94413709640503,-0.104887701570988,-0.307122945785522,-0.00242508691735566,70
738534.46258595981635153294,58.0462684631348,-2.13604116439819,7.17645168304443,0.01180749386549,-0.00265023834072053,42.4820365905762,-71.4113006591797,528.328002929688,472.362976074219,-2.21034336090088,-0.656249046325684,117.376014709473,58.5272026062012,-2.85662078857422,-0.114571109414101,-0.305082708597183,-0.00228552496992052,70
738534.46258803294040262699,58.0205039978027,-2.08209633827209,7.14755487442017,0.01180749386549,-0.00265023834072053,42.4820251464844,-71.4111785888672,527.903137207031,471.442230224609,-2.16566705703735,-0.71579498052597,117.333953857422,58.4961700439453,-2.77837038040161,-0.124408088624477,-0.302918404340744,-0.00214680912904441,70
738534.46259011805523186922,57.9925727844238,-2.02805590629578,7.11514568328857,0.01180749386549,-0.00265023834072053,42.4820137023926,-71.4110412597656,527.467468261719,470.486785888672,-2.11960434913635,-0.778192520141602,117.286682128906,58.4626083374023,-2.70070838928223,-0.135122463107109,-0.300416678190231,-0.00198613945394754,70
738534.46259222947992384434,57.9644660949707,-1.9775710105896,7.08142566680908,0.01180749386549,-0.00265023834072053,42.4820022583008,-71.4109191894531,527.051452636719,469.563629150391,-2.07571864128113,-0.839077174663544,117.23770904541,58.4289016723633,-2.62929511070251,-0.14575520157814,-0.297755658626556,-0.00181158445775509,70
738534.46259421319700777531,57.936710357666,-1.93100440502167,7.04707002639771,0.01180749386549,-0.00265023834072053,42.4819946289062,-71.4107971191406,526.659790039062,468.684387207031,-2.03472423553467,-0.897627592086792,117.18824005127,58.3956527709961,-2.56449437141418,-0.156163141131401,-0.295002192258835,-0.00162544718477875,70
738534.46259631263092160225,57.9075584411621,-1.88520240783691,7.00988817214966,0.01180749386549,-0.00265023834072053,42.4819831848145,-71.4106674194336,526.266296386719,467.791442871094,-1.99405014514923,-0.957665264606476,117.135078430176,58.3607559204102,-2.50153517723083,-0.166816249489784,-0.2919901907444,-0.00141574686858803,70
738534.46259841241408139467,57.8776168823242,-1.84116280078888,6.97054767608643,0.01180749386549,-0.00265023834072053,42.4819717407227,-71.4105453491211,525.879028320312,466.902740478516,-1.95468330383301,-1.01796960830688,117.079399108887,58.3249282836914,-2.44162797927856,-0.177459523081779,-0.28877854347229,-0.00119295064359903,70
738534.46260055317543447018,57.8456878662109,-1.79722940921783,6.92731142044067,0.01180749386549,-0.00265023834072053,42.4819602966309,-71.4104080200195,525.482421875,466.584899902344,-1.91523170471191,-1.0810022354126,117.01880645752,58.2867126464844,-2.38221716880798,-0.188542261719704,-0.285230398178101,-0.000943905382882804,70
738534.46260263060685247183,57.8144950866699,-1.7570868730545,6.8837776184082,0.01180749386549,-0.00265023834072053,42.4819488525391,-71.410285949707,525.109130859375,466.305694580078,-1.87904977798462,-1.14151346683502,116.95873260498,58.2493743896484,-2.32819843292236,-0.199004307389259,-0.2816481590271,-0.000686053826939315,70
738534.46260465413797646761,57.7833290100098,-1.71953678131104,6.83901453018188,0.01180749386549,-0.00265023834072053,42.4819374084473,-71.41015625,524.748596191406,466.038055419922,-1.84513115882874,-1.20105683803558,116.897720336914,58.212043762207,-2.27766084671021,-0.20922777056694,-0.277961671352386,-0.000412678869906813,70
738534.46260679094120860100,57.750675201416,-1.68274831771851,6.79074048995972,0.01180749386549,-0.00265023834072053,42.4819297790527,-71.4100341796875,524.382568359375,465.768341064453,-1.81183969974518,-1.2626416683197,116.83275604248,58.1728973388672,-2.22789263725281,-0.21978448331356,-0.273990094661713,-0.00010457218013471,70
738534.46260887605603784323,57.718505859375,-1.64893388748169,6.74175548553467,0.01180749386549,-0.00265023834072053,42.4819183349609,-71.4099044799805,524.032104492188,465.512084960938,-1.78116917610168,-1.32266974449158,116.76782989502,58.1342926025391,-2.18181657791138,-0.229966714978218,-0.269969642162323,0.000210412035812624,70
738534.46261109015904366970,57.6835060119629,-1.61477279663086,6.68687438964844,0.01180749386549,-0.00265023834072053,42.4819068908691,-71.4097671508789,523.661071777344,465.242980957031,-1.75013017654419,-1.38734924793243,116.695945739746,58.0922431945801,-2.13458728790283,-0.24090638756752,-0.265482276678085,0.000586788810323924,70
738534.46261316095478832722,57.6502342224121,-1.58471775054932,6.63308382034302,0.01180749386549,-0.00265023834072053,42.4818954467773,-71.4096450805664,523.316772460938,464.995208740234,-1.72277879714966,-1.44839310646057,116.626747131348,58.0522041320801,-2.09246134757996,-0.25113320350647,-0.261106550693512,0.000966582330875099,70
738534.46261528623290359974,57.616771697998,-1.55678510665894,6.57735586166382,0.01180749386549,-0.00265023834072053,42.4818878173828,-71.4095153808594,522.977600097656,464.752990722656,-1.69733476638794,-1.50945127010345,116.556205749512,58.0118751525879,-2.0525484085083,-0.261326879262924,-0.256601810455322,0.00137687008827925,70
738534.46261739777401089668,57.5828590393066,-1.53075432777405,6.51914691925049,0.01180749386549,-0.00265023834072053,42.481876373291,-71.4093856811523,522.640075683594,464.513732910156,-1.67359185218811,-1.57110273838043,116.483680725098,57.9709243774414,-2.01445603370667,-0.271639317274094,-0.251930981874466,0.00182356243021786,70
738534.46261957334354519844,57.5485649108887,-1.50670325756073,6.45843744277954,0.01180749386549,-0.00265023834072053,42.4818649291992,-71.4092559814453,522.304077148438,464.27734375,-1.65162432193756,-1.63330698013306,116.409301757812,57.9294319152832,-1.9782452583313,-0.282064825296402,-0.247101038694382,0.00230124359950423,70
738534.46262169303372502327,57.5141563415527,-1.48483097553253,6.39557266235352,0.01180749386549,-0.00265023834072053,42.4818534851074,-71.4091262817383,521.97119140625,464.044860839844,-1.63163614273071,-1.69571280479431,116.333625793457,57.8877029418945,-1.94417560100555,-0.292584419250488,-0.242147028446198,0.00281811645254493,70
738534.46262398932594805956,57.478099822998,-1.46431756019592,6.3274564743042,0.01180749386549,-0.00265023834072053,42.4818458557129,-71.4089889526367,521.625854492188,463.805480957031,-1.61286091804504,-1.7612601518631,116.253044128418,57.843864440918,-1.91078758239746,-0.302917093038559,-0.236838340759277,0.003396010491997,70
738534.46262625488452613354,57.441234588623,-1.44587182998657,6.25535345077515,0.01180749386549,-0.00265023834072053,42.4818344116211,-71.4088516235352,521.275329589844,463.564208984375,-1.59597420692444,-1.82852792739868,116.169418334961,57.7989196777344,-1.87910783290863,-0.313892185688019,-0.231287077069283,0.00402673566713929,70
738534.46262840786948800087,57.4068412780762,-1.4308078289032,6.18565654754639,0.01180749386549,-0.00265023834072053,42.4818229675293,-71.4087219238281,520.949523925781,463.341491699219,-1.58295500278473,-1.89163768291473,116.090484619141,57.7568626403809,-1.85183537006378,-0.324394196271896,-0.225991740822792,0.00466006016358733,70
738534.46263051114510744810,57.3734016418457,-1.41817808151245,6.11574363708496,0.01180749386549,-0.00265023834072053,42.4818153381348,-71.4085922241211,520.633056640625,463.126495361328,-1.57520043849945,-1.9407114982605,116.012718200684,57.7158622741699,-1.8273686170578,-0.338909149169922,-0.220736220479012,0.00532277533784509,70
738534.46263258403632789850,57.3414993286133,-1.40836536884308,6.04782152175903,0.01180749386549,-0.00265023834072053,42.481803894043,-71.4084701538086,520.330200195312,462.921844482422,-1.58689200878143,-1.9202721118927,115.937469482422,57.6767463684082,-1.80585205554962,-0.360561788082123,-0.215611919760704,0.00600407505407929,70
738534.46263467404060065746,57.3088760375977,-1.40793097019196,5.97825336456299,0.01180749386549,-0.00265023834072053,42.4817962646484,-71.4083404541016,520.016418457031,462.710632324219,-1.61066794395447,-1.8652675151825,115.858993530273,57.6370468139648,-1.78575897216797,-0.36915248632431,-0.210240095853806,0.0067540523596108,70
738534.46263712004292756319,57.2729835510254,-1.41729211807251,5.90317535400391,0.01180749386549,-0.00265023834072053,42.4817848205566,-71.4081954956055,519.662902832031,462.473022460938,-1.64387333393097,-1.73263084888458,115.771064758301,57.5938415527344,-1.76687514781952,-0.372613161802292,-0.204174742102623,0.00764209823682904,70
738534.46263924927916377783,57.2409820556641,-1.4307336807251,5.83896684646606,0.01180749386549,-0.00265023834072053,42.4817771911621,-71.4080657958984,519.340454101562,462.307586669922,-1.67100262641907,-1.59908521175385,115.691596984863,57.5558052062988,-1.75398457050323,-0.357307314872742,-0.198684334754944,0.00849681440740824,70
738534.46264163369778543711,57.2062797546387,-1.4506561756134,5.77272605895996,0.01180749386549,-0.00265023834072053,42.4817657470703,-71.4079208374023,518.980712890625,462.428100585938,-1.71004509925842,-1.45926809310913,115.604927062988,57.5151062011719,-1.74504446983337,-0.331148564815521,-0.192653745412827,0.00949861854314804,70
738534.46264370623975992203,57.1775436401367,-1.47373557090759,5.72011423110962,0.01180749386549,-0.00265023834072053,42.4817581176758,-71.4077987670898,518.671020507812,462.526580810547,-1.74644374847412,-1.35815072059631,115.532279968262,57.4818496704102,-1.74203264713287,-0.307370781898499,-0.187577694654465,0.0104041295126081,70
738534.46264579251874238253,57.1483955383301,-1.50232684612274,5.66821146011353,0.01180749386549,-0.00265023834072053,42.481746673584,-71.4076690673828,518.342956542969,462.62451171875,-1.77871084213257,-1.2767345905304,115.457717895508,57.4484558105469,-1.74361515045166,-0.279061913490295,-0.182350993156433,0.01139478944242,70
738534.46264784387312829494,57.1210899353027,-1.53085422515869,5.62059497833252,0.01180749386549,-0.00265023834072053,42.4817390441895,-71.4075469970703,518.021728515625,462.713653564453,-1.80541956424713,-1.21635675430298,115.387603759766,57.4173622131348,-1.74973106384277,-0.2569600045681,-0.17740273475647,0.0123871471732855,70
738534.46264997019898146391,57.0942077636719,-1.56313514709473,5.57365608215332,0.01180749386549,-0.00265023834072053,42.4817314147949,-71.4074249267578,517.689147949219,462.798950195312,-1.82879281044006,-1.19631576538086,115.317909240723,57.3869094848633,-1.76036036014557,-0.231715515255928,-0.172465026378632,0.0134446006268263,70
738534.46265208034310489893,57.0673027038574,-1.59600079059601,5.5253529548645,0.01180749386549,-0.00265023834072053,42.4817199707031,-71.4072952270508,517.340270996094,462.880218505859,-1.82022166252136,-1.25439393520355,115.248123168945,57.356372833252,-1.77571439743042,-0.210900589823723,-0.167499870061874,0.0145815294235945,70
738534.46265417872928082943,57.0413131713867,-1.61821603775024,5.476402759552,0.01180749386549,-0.00265023834072053,42.4817123413086,-71.4071655273438,516.992248535156,462.955383300781,-1.81208384037018,-1.31851840019226,115.181533813477,57.3264427185059,-1.79434192180634,-0.210471034049988,-0.162732318043709,0.0157354138791561,70
738534.46265636221505701542,57.0157356262207,-1.63843381404877,5.42536449432373,0.01180749386549,-0.00265023834072053,42.4817047119141,-71.4070358276367,516.637329101562,463.027221679688,-1.81296408176422,-1.38210916519165,115.116218566895,57.2967147827148,-1.81517851352692,-0.219683572649956,-0.158026665449142,0.0169400796294212,70
738534.46265855827368795872,56.9899559020996,-1.65777409076691,5.37049722671509,0.01180749386549,-0.00265023834072053,42.4816970825195,-71.4069061279297,516.264343261719,463.098236083984,-1.82011425495148,-1.44226264953613,115.050033569336,57.2664451599121,-1.83779692649841,-0.234654366970062,-0.153226852416992,0.0182361491024494,70
738534.46266075363382697105,56.9659996032715,-1.67139899730682,5.31589651107788,-0.00511071551591158,-0.00265023834072053,42.4816856384277,-71.4067764282227,515.900573730469,463.163543701172,-1.84440624713898,-1.48338878154755,114.987731933594,57.2378997802734,-1.85969841480255,-0.252709954977036,-0.148668438196182,0.0195295233279467,70
738534.46266289835330098867,56.943775177002,-1.70136666297913,5.25962543487549,-0.0150489239022136,-0.00265023834072053,42.4816780090332,-71.4066467285156,515.5263671875,463.226776123047,-1.97352159023285,-1.5145388841629,114.925704956055,57.2114639282227,-1.88131833076477,-0.276283770799637,-0.144088909029961,0.0208903886377811,70
738534.46266501815989613533,56.9251518249512,-1.75537872314453,5.20401859283447,-0.0150489239022136,-0.00265023834072053,42.4816703796387,-71.4065170288086,515.14892578125,463.304656982422,-2.0875678062439,-1.54577100276947,114.866394042969,57.1894760131836,-1.90331935882568,-0.288210093975067,-0.139678418636322,0.0222665835171938,70
738534.46266700909473001957,56.9106254577637,-1.81428360939026,5.15217256546021,-0.0150489239022136,-0.00265023834072053,42.4816627502441,-71.4063949584961,514.790710449219,463.368072509766,-2.17932462692261,-1.58152294158936,114.813941955566,57.1721572875977,-1.92666006088257,-0.290281414985657,-0.135752245783806,0.0235726330429316,70
738534.46266945486422628164,56.8962059020996,-1.89283001422882,5.0885009765625,-0.0150489239022136,-0.00265023834072053,42.4816551208496,-71.40625,514.34375,463.430114746094,-2.27895021438599,-1.6500016450882,114.754066467285,57.1546478271484,-1.96110713481903,-0.292196393013,-0.131258904933929,0.0252047684043646,70
738534.46267178549896925688,56.8847503662109,-1.97498965263367,5.02385711669922,-0.0150489239022136,-0.00265023834072053,42.4816436767578,-71.4061126708984,513.883728027344,463.475189208984,-2.37169504165649,-1.70434081554413,114.699157714844,57.140308380127,-2.00327348709106,-0.302564829587936,-0.127117320895195,0.0268740318715572,70
738534.46267379517666995525,56.8773727416992,-2.05243682861328,4.97368144989014,-0.0150489239022136,-0.00265023834072053,42.4816360473633,-71.4059906005859,513.491088867188,463.498748779297,-2.44660043716431,-1.49067234992981,114.657661437988,57.1313018798828,-2.04422163963318,-0.384217023849487,-0.123968854546547,0.0282909572124481,70
738534.46267624211031943560,56.8694267272949,-2.14501547813416,4.9211049079895,-0.0150489239022136,-0.00265023834072053,42.4816284179688,-71.4058456420898,512.984008789062,463.071197509766,-2.53810214996338,-0.864633977413177,114.611030578613,57.1222381591797,-2.10335803031921,-0.355266600847244,-0.120417691767216,0.030118664726615,70
738534.46267833758611232042,56.863208770752,-2.22561311721802,4.88710403442383,-0.0150489239022136,-0.00265023834072053,42.4816207885742,-71.4057159423828,512.52685546875,462.246551513672,-2.60745573043823,-0.622967958450317,114.575119018555,57.1162109375,-2.16139888763428,-0.224190831184387,-0.117674201726913,0.0317577794194221,70
738534.46268041711300611496,56.8587112426758,-2.30128359794617,4.85941076278687,-0.0150489239022136,-0.00265023834072053,42.4816131591797,-71.4055938720703,512.071105957031,461.435333251953,-2.68513751029968,-0.682884693145752,114.54467010498,57.1123695373535,-2.22217774391174,-0.165520146489143,-0.115333214402199,0.03336575999856,70
738534.46268279408104717731,56.8562850952148,-2.38999700546265,4.82628011703491,-0.0150489239022136,-0.00265023834072053,42.4816055297852,-71.4054489135742,511.523040771484,460.472991943359,-2.77226328849792,-0.755196392536163,114.514495849609,57.1107902526855,-2.29746913909912,-0.134858191013336,-0.112988784909248,0.035281416028738,70
738534.46268489432986825705,56.8566131591797,-2.46803855895996,4.79627275466919,-0.0150489239022136,-0.00265023834072053,42.4815979003906,-71.4053268432617,511.030029296875,459.618438720703,-2.84807658195496,-0.818108141422272,114.492851257324,57.1119079589844,-2.3663215637207,-0.126899361610413,-0.111280180513859,0.0369993038475513,70
738534.46268701914232224226,56.8591575622559,-2.54584240913391,4.76543283462524,-0.0150489239022136,-0.00265023834072053,42.4815902709961,-71.4052047729492,510.524322509766,458.751739501953,-2.9227888584137,-0.863818049430847,114.4755859375,57.1152725219727,-2.43718719482422,-0.135283440351486,-0.109891042113304,0.0387475527822971,70
738534.46268907224293798208,56.8637390136719,-2.62557363510132,4.73585844039917,-0.0150489239022136,-0.00265023834072053,42.4815826416016,-71.4050750732422,510.007720947266,457.876251220703,-2.99461793899536,-0.762740314006805,114.462669372559,57.1209831237793,-2.50929355621338,-0.171210587024689,-0.108824148774147,0.0405171513557434,70
738534.46269111882429569960,56.8697776794434,-2.70265650749207,4.70945501327515,-0.0150489239022136,-0.00265023834072053,42.481575012207,-71.4049530029297,509.479614257812,457.277069091797,-3.0563383102417,-0.582838475704193,114.454032897949,57.1284065246582,-2.58252048492432,-0.166343614459038,-0.108076244592667,0.0423119999468327,70
738534.46269317029509693384,56.8769874572754,-2.77341222763062,4.68771982192993,-0.0150489239022136,-0.00265023834072053,42.4815711975098,-71.4048309326172,508.948211669922,456.870483398438,-3.09877586364746,-0.459617972373962,114.449653625488,57.1371879577637,-2.65538573265076,-0.142418190836906,-0.107644900679588,0.0440972074866295,70
738534.46269522455986589193,56.8858070373535,-2.838871717453,4.6691689491272,-0.0150489239022136,-0.00265023834072053,42.4815635681152,-71.4047088623047,508.396148681641,456.445434570312,-3.14779210090637,-0.356549978256226,114.449157714844,57.1476631164551,-2.72973871231079,-0.120768487453461,-0.107502393424511,0.04594412073493,70
738534.46269726951140910387,56.8959808349609,-2.90496563911438,4.65395975112915,-0.0150489239022136,-0.00265023834072053,42.4815559387207,-71.4045867919922,507.835754394531,456.011352539062,-3.22040510177612,-0.254580587148666,114.452583312988,57.1598701477051,-2.80299162864685,-0.108842611312866,-0.107639670372009,0.0478018410503864,70
738534.46269930282142013311,56.9073829650879,-2.97409915924072,4.64178133010864,-0.0150489239022136,-0.00265023834072053,42.4815483093262,-71.4044647216797,507.259460449219,455.562286376953,-3.27804136276245,-0.137557998299599,114.459808349609,57.1737823486328,-2.87580561637878,-0.0900975987315178,-0.108053609728813,0.0497053079307079,70
738534.46270142251159995794,56.920166015625,-3.04001903533936,4.63304901123047,-0.0150489239022136,-0.00265023834072053,42.4815406799316,-71.4043426513672,506.665649414062,455.097015380859,-3.3264696598053,-0.0180408582091331,114.470909118652,57.189266204834,-2.94845032691956,-0.0706093981862068,-0.1087526679039,0.0516526661813259,70
738534.46270344243384897709,56.9337310791016,-3.10555696487427,4.62797212600708,-0.0150489239022136,-0.00265023834072053,42.4815330505371,-71.4042205810547,506.065826416016,454.624542236328,-3.34910035133362,0.107419304549694,114.485565185547,57.2058792114258,-3.01935148239136,-0.0480277016758919,-0.109717950224876,0.0536070913076401,70
738534.46270542661659419537,56.9469337463379,-3.15396499633789,4.62655830383301,-0.0150489239022136,-0.00265023834072053,42.4815292358398,-71.4040985107422,505.473327636719,454.155700683594,-3.30369472503662,0.227387502789497,114.503089904785,57.221549987793,-3.08704042434692,-0.0199845880270004,-0.110909759998322,0.0555232688784599,70
738534.46270745573565363884,56.9595146179199,-3.18395829200745,4.627854347229,-0.0150489239022136,-0.00265023834072053,42.4815216064453,-71.4039764404297,504.868377685547,453.675689697266,-3.24329686164856,0.29073828458786,114.523712158203,57.2358360290527,-3.15307211875916,0.0192582532763481,-0.112334616482258,0.0574714690446854,70
738534.46270946692675352097,56.9712715148926,-3.19444489479065,4.63118886947632,-0.0150489239022136,-0.00265023834072053,42.4815139770508,-71.4038543701172,504.257965087891,453.190673828125,-3.18876218795776,0.317899465560913,114.546699523926,57.2483940124512,-3.21477770805359,0.0349865406751633,-0.113932758569717,0.0594479255378246,70
738534.46271184494253247976,56.9839744567871,-3.19211030006409,4.63636779785156,-0.0150489239022136,-0.00265023834072053,42.4815063476562,-71.4037094116211,503.544372558594,452.623504638672,-3.13691353797913,0.349771231412888,114.575263977051,57.2613182067871,-3.27799725532532,0.0425819344818592,-0.115926846861839,0.061779573559761,70
738534.46271416055969893932,56.9949607849121,-3.18312573432922,4.64256954193115,0.000149919185787439,-0.00265023834072053,42.4814987182617,-71.4035720825195,502.846405029297,452.069061279297,-3.06662702560425,0.381291657686234,114.604011535645,57.2722549438477,-3.32861542701721,0.047432117164135,-0.117935299873352,0.0640760064125061,70
738534.46271657932084053755,57.004207611084,-3.14246797561646,4.65011596679688,0.000149919185787439,-0.00265023834072053,42.4814910888672,-71.403434753418,502.138641357422,451.5078125,-2.95568299293518,0.410031497478485,114.633102416992,57.2798233032227,-3.36775016784668,0.0554911755025387,-0.119974255561829,0.0664393827319145,70
738534.46271858271211385727,57.0101356506348,-3.09550189971924,4.65729713439941,0.000149919185787439,-0.00265023834072053,42.4814834594727,-71.4033126831055,501.5478515625,451.040924072266,-2.89881658554077,0.429935216903687,114.656707763672,57.283748626709,-3.38949012756348,0.0536692142486572,-0.121617190539837,0.0684535279870033,70
738534.46272103872615844011,57.0157585144043,-3.03926134109497,4.66687774658203,0.000149919185787439,-0.00265023834072053,42.4814758300781,-71.4031600952148,500.828491210938,450.474700927734,-2.88155245780945,0.458053261041641,114.683654785156,57.2871131896973,-3.4009861946106,0.0478118360042572,-0.123464532196522,0.0709567070007324,70
738534.46272309008054435253,57.0196838378906,-3.00983572006226,4.67512655258179,0.000149919185787439,-0.00265023834072053,42.4814682006836,-71.4030380249023,500.241027832031,450.013916015625,-2.90608596801758,0.46861743927002,114.703773498535,57.2901382446289,-3.39882302284241,0.0441322028636932,-0.124814122915268,0.073026143014431,70
738534.46272518567275255919,57.0235404968262,-2.98999881744385,4.68371629714966,0.000149919185787439,-0.00265023834072053,42.4814605712891,-71.4029159545898,499.640014648438,449.543365478516,-2.91878128051758,0.469916522502899,114.722541809082,57.293643951416,-3.38861703872681,0.04668889939785,-0.126057624816895,0.075167678296566,70
738534.46272763260640203953,57.0276718139648,-2.97517347335815,4.69302940368652,0.000149919185787439,-0.00265023834072053,42.4814529418945,-71.4027633666992,498.953186035156,449.006317138672,-2.91004991531372,0.432002544403076,114.741966247559,57.2977409362793,-3.37125158309937,0.0556026510894299,-0.127348497509956,0.0776254460215569,70
738534.46272964752279222012,57.0309791564941,-2.95797824859619,4.70197677612305,0.000149919185787439,-0.00265023834072053,42.4814453125,-71.4026412963867,498.380462646484,448.559051513672,-2.91151809692383,0.518043637275696,114.756813049316,57.3008804321289,-3.35464000701904,0.00953399110585451,-0.128347218036652,0.0796880200505257,70
738534.46273171517532318830,57.0335159301758,-2.96430349349976,4.71755981445312,0.000149919185787439,-0.00265023834072053,42.4814376831055,-71.4025192260742,497.805145263672,448.110046386719,-2.94967579841614,0.959544956684113,114.770683288574,57.3050117492676,-3.33728075027466,-0.0677876099944115,-0.129287526011467,0.0817716121673584,70
738534.46273373928852379322,57.0337066650391,-2.99220633506775,4.75875186920166,0.000149919185787439,-0.00265023834072053,42.4814300537109,-71.4023971557617,497.226684570312,447.657531738281,-2.97517204284668,2.64529323577881,114.783843994141,57.31005859375,-3.3219907283783,-0.176851898431778,-0.130213528871536,0.0838532075285912,70
738534.46273620822466909885,57.0269088745117,-3.01024770736694,4.86516952514648,0.000149919185787439,-0.00265023834072053,42.4814224243164,-71.4022521972656,496.534576416016,447.114654541016,-2.96793484687805,4.86493873596191,114.799240112305,57.3131713867188,-3.30983281135559,0.0906813889741898,-0.131375342607498,0.0863213017582893,70
738534.46273837634362280369,57.0141220092773,-3.01935744285583,5.00483751296997,0.000149919185787439,-0.00265023834072053,42.4814147949219,-71.4021224975586,495.918640136719,446.630310058594,-2.94706392288208,5.55551481246948,114.812881469727,57.3129539489746,-3.30440235137939,0.564616203308105,-0.132471293210983,0.0885057896375656,70
738534.46274048718623816967,56.9984664916992,-3.02092313766479,5.16403436660767,0.000149919185787439,-0.00265023834072053,42.4814071655273,-71.4019927978516,495.305816650391,446.147491455078,-2.96318554878235,5.6571831703186,114.826324462891,57.3115921020508,-3.30262446403503,0.778948783874512,-0.133608773350716,0.0906550660729408,70
738534.46274262946099042892,56.9822654724121,-3.0285336971283,5.32748603820801,0.000149919185787439,-0.00265023834072053,42.4813995361328,-71.4018707275391,494.694213867188,445.66455078125,-2.98394060134888,5.74528741836548,114.83967590332,57.3108444213867,-3.30299711227417,0.900973320007324,-0.134771630167961,0.0927621424198151,70
738534.46274484146852046251,56.9650230407715,-3.04143857955933,5.50131225585938,0.000149919185787439,-0.00265023834072053,42.481388092041,-71.4017333984375,494.060363769531,445.162750244141,-3.01819443702698,5.8786096572876,114.853675842285,57.3108062744141,-3.305180311203,0.958705127239227,-0.13600754737854,0.0948985368013382,70
738534.46274704358074814081,56.9473876953125,-3.06023907661438,5.67810487747192,0.000149919185787439,-0.00265023834072053,42.4813804626465,-71.4016036987305,493.431213378906,444.663055419922,-3.0518171787262,6.0448956489563,114.867874145508,57.3115234375,-3.3092737197876,0.991143524646759,-0.137277260422707,0.096942737698555,70
738534.46274924906902015209,56.9290504455566,-3.08100819587708,5.85894775390625,0.000149919185787439,-0.00265023834072053,42.481372833252,-71.4014739990234,492.802978515625,444.02587890625,-3.06635332107544,6.18765163421631,114.882614135742,57.3126220703125,-3.31571578979492,1.01785254478455,-0.138605505228043,0.09889767318964,70
738534.46275155409239232540,56.9083633422852,-3.10094666481018,6.05972528457642,0.000149919185787439,-0.00265023834072053,42.4813613891602,-71.4013366699219,492.117309570312,443.321258544922,-3.08237385749817,6.23356056213379,114.899566650391,57.3140296936035,-3.3254930973053,1.04843854904175,-0.140137270092964,0.100931406021118,70
738534.46275372826494276524,56.8889770507812,-3.11848258972168,6.24584341049194,0.000149919185787439,-0.00265023834072053,42.4813499450684,-71.4012069702148,491.482971191406,442.670867919922,-3.09867286682129,6.18319892883301,114.916000366211,57.3157157897949,-3.33657240867615,1.05346143245697,-0.141631737351418,0.102693594992161,70
738534.46275597030762583017,56.8684692382812,-3.13443398475647,6.44451713562012,0.000149919185787439,-0.00265023834072053,42.4813385009766,-71.4010696411133,490.799987792969,441.972320556641,-3.14538216590881,6.09945154190063,114.934600830078,57.3182258605957,-3.35010194778442,1.03380751609802,-0.143320098519325,0.104478225111961,70
738534.46275829174555838108,56.849983215332,-3.16096973419189,6.62832546234131,0.000149919185787439,-0.00265023834072053,42.481330871582,-71.4009399414062,490.152954101562,441.31201171875,-3.19964289665222,6.02114963531494,114.953033447266,57.3223114013672,-3.36396217346191,1.00734651088715,-0.144991621375084,0.10603453963995,70
738534.46276044205296784639,56.8316879272461,-3.19176959991455,6.81738758087158,0.000149919185787439,-0.00265023834072053,42.4813194274902,-71.4008026123047,489.472991943359,440.619689941406,-3.24763488769531,5.93964624404907,114.973457336426,57.3280487060547,-3.38027048110962,0.980237126350403,-0.146840840578079,0.10753445327282,70
738534.46276258386205881834,56.8153076171875,-3.22211647033691,6.99292230606079,0.000149919185787439,-0.00265023834072053,42.4813079833984,-71.4006729125977,488.827911376953,439.964416503906,-3.28732323646545,5.863196849823,114.993942260742,57.3346519470215,-3.39774680137634,0.955856561660767,-0.148698180913925,0.108815871179104,70
738534.46276471321471035480,56.7998924255371,-3.25263929367065,7.16402149200439,0.000149919185787439,-0.00265023834072053,42.4812965393066,-71.4005508422852,488.185333251953,439.312957763672,-3.32308387756348,5.77853059768677,115.015571594238,57.3422241210938,-3.4171998500824,0.93583732843399,-0.150656044483185,0.10995564609766,70
738534.46276682044845074415,56.7852745056152,-3.28389477729797,7.33305406570435,0.000149919185787439,-0.00265023834072053,42.4812850952148,-71.4004211425781,487.534362792969,438.654388427734,-3.35849285125732,5.66687202453613,115.038833618164,57.3508949279785,-3.4388382434845,0.922407269477844,-0.152752473950386,0.110978551208973,70
738534.46276895201299339533,56.7720565795898,-3.31679725646973,7.49592971801758,0.000149919185787439,-0.00265023834072053,42.481273651123,-71.4002990722656,486.881988525391,437.99560546875,-3.39390587806702,5.4121298789978,115.063461303711,57.3607597351074,-3.46225929260254,0.917504787445068,-0.154969707131386,0.111873939633369,70
738534.46277116122655570507,56.7598037719727,-3.34863543510437,7.66087675094604,0.000149919185787439,-0.00265023834072053,42.4812622070312,-71.4001617431641,486.186096191406,437.294281005859,-3.4281530380249,5.11223649978638,115.091339111328,57.3722724914551,-3.48895907402039,0.880659639835358,-0.157464250922203,0.112689115107059,70
738534.46277338289655745029,56.7495079040527,-3.37811136245728,7.81594514846802,0.000149919185787439,-0.00265023834072053,42.4812469482422,-71.400032043457,485.490661621094,436.594665527344,-3.45856523513794,4.8267765045166,115.120719909668,57.3847312927246,-3.51678562164307,0.82829087972641,-0.160086631774902,0.113358251750469,70
738534.46277578093577176332,56.7398490905762,-3.40699934959412,7.97911310195923,0.000149919185787439,-0.00265023834072053,42.4812316894531,-71.3998870849609,484.716217041016,435.816925048828,-3.48061585426331,4.6214017868042,115.155349731445,57.399341583252,-3.54851388931274,0.765110969543457,-0.16314959526062,0.113935008645058,70
738534.46277795324567705393,56.7319946289062,-3.42899751663208,8.12560367584229,0.000149919185787439,-0.00265023834072053,42.4812202453613,-71.3997497558594,483.990966796875,435.089813232422,-3.5033974647522,4.50452756881714,115.18913269043,57.4134368896484,-3.57788991928101,0.707988142967224,-0.166142851114273,0.114314377307892,70
738534.46278012800030410290,56.7254257202148,-3.45149874687195,8.25984859466553,0.000149919185787439,-0.00265023834072053,42.4812049865723,-71.3996200561523,483.304901123047,434.574890136719,-3.53496408462524,4.43293190002441,115.222206115723,57.4274482727051,-3.60478091239929,0.676229476928711,-0.169070482254028,0.114534445106983,70
738534.46278233383782207966,56.719310760498,-3.47565412521362,8.3986234664917,0.000149919185787439,-0.00265023834072053,42.4811935424805,-71.3994903564453,482.577941894531,434.103942871094,-3.56274437904358,4.35854339599609,115.258430480957,57.4429931640625,-3.6322934627533,0.654101133346558,-0.172266647219658,0.114636652171612,70
738534.46278454491402953863,56.7140464782715,-3.49729228019714,8.52859783172607,0.000149919185787439,-0.00265023834072053,42.4811782836914,-71.3993606567383,481.881988525391,433.651794433594,-3.57844924926758,4.30156564712524,115.294013977051,57.4582557678223,-3.65769982337952,0.639340877532959,-0.175416931509972,0.114612117409706,70
738534.46278681140393018723,56.7086410522461,-3.51974987983704,8.666916847229,0.000149919185787439,-0.00265023834072053,42.4811630249023,-71.3992233276367,481.126190185547,433.130798339844,-3.57938170433044,4.24361228942871,115.33381652832,57.4749870300293,-3.6843957901001,0.630601048469543,-0.178934201598167,0.114448897540569,70
738534.46278894250281155109,56.7034454345703,-3.5285005569458,8.79883193969727,0.000149919185787439,-0.00265023834072053,42.4811477661133,-71.3990936279297,480.396942138672,432.514587402344,-3.56669521331787,4.18591356277466,115.372993469238,57.4904365539551,-3.7090048789978,0.626895904541016,-0.182419568300247,0.11416494846344,70
738534.46279101900290697813,56.6986351013184,-3.53823661804199,8.91969680786133,0.000149919185787439,-0.00265023834072053,42.4811363220215,-71.3989715576172,479.717498779297,431.940551757812,-3.5856511592865,4.13035297393799,115.410003662109,57.5049133300781,-3.73008823394775,0.618069112300873,-0.185729309916496,0.113793201744556,70
738534.46279315638821572065,56.6940078735352,-3.54862117767334,9.04094123840332,0.000149919185787439,-0.00265023834072053,42.4811210632324,-71.3988418579102,479.023712158203,431.180999755859,-3.59240651130676,4.06927013397217,115.448287963867,57.5199241638184,-3.74961042404175,0.612372398376465,-0.189156264066696,0.113304354250431,70
738534.46279524907004088163,56.6895065307617,-3.55717301368713,9.16007709503174,0.000149919185787439,-0.00265023834072053,42.4811058044434,-71.3987197875977,478.330780029297,430.319732666016,-3.59444141387939,4.00862836837769,115.486839294434,57.5348663330078,-3.7672119140625,0.606094062328339,-0.192624151706696,0.112707667052746,70
738534.46279736270662397146,56.684886932373,-3.56183195114136,9.28076171875,0.000149919185787439,-0.00265023834072053,42.4810905456543,-71.3985900878906,477.618316650391,428.792297363281,-3.58939695358276,3.94654417037964,115.526748657227,57.5499420166016,-3.78340816497803,0.599889636039734,-0.196232169866562,0.111980453133583,70
738534.46279948041774332523,56.6802673339844,-3.56404781341553,9.39767169952393,0.000149919185787439,-0.00265023834072053,42.4810791015625,-71.3984680175781,476.917419433594,427.2890625,-3.58590173721313,3.88445258140564,115.566101074219,57.5644950866699,-3.79733347892761,0.592467784881592,-0.199815824627876,0.111157834529877,70
738534.46280160045716911554,56.6755523681641,-3.56429767608643,9.51330471038818,0.000149919185787439,-0.00265023834072053,42.4810638427734,-71.3983383178711,476.21337890625,425.778015136719,-3.58252549171448,3.8210825920105,115.605651855469,57.5788612365723,-3.80921769142151,0.583920478820801,-0.203440681099892,0.110230155289173,70
738534.46280387218575924635,56.6704635620117,-3.56272745132446,9.6342658996582,0.000149919185787439,-0.00265023834072053,42.4810447692871,-71.3982086181641,475.46484375,424.169982910156,-3.57854700088501,3.75381064414978,115.647689819336,57.5938682556152,-3.81951332092285,0.574264347553253,-0.20731246471405,0.109127290546894,70
738534.46280591899994760752,56.6656455993652,-3.55975699424744,9.7445011138916,0.000149919185787439,-0.00265023834072053,42.481029510498,-71.398078918457,474.771514892578,422.678833007812,-3.57423853874207,3.69158887863159,115.686325073242,57.6074867248535,-3.82689738273621,0.565011084079742,-0.210908949375153,0.108005128800869,70
738534.46280800655949860811,56.6606941223145,-3.55544257164001,9.85355281829834,0.000149919185787439,-0.00265023834072053,42.481014251709,-71.3979568481445,474.074798583984,421.178497314453,-3.56914258003235,3.62911748886108,115.724945068359,57.6208992004395,-3.83232116699219,0.555565178394318,-0.214526250958443,0.10677408427,70
738534.46281012531835585833,56.6557083129883,-3.55003643035889,9.95923328399658,0.000149919185787439,-0.00265023834072053,42.4809989929199,-71.397834777832,473.388702392578,419.698822021484,-3.56337738037109,3.56584310531616,115.762557983398,57.6338310241699,-3.83579778671265,0.547115802764893,-0.218086868524551,0.105466187000275,70
738534.46281222591642290354,56.6503753662109,-3.54346132278442,10.0674295425415,0.000149919185787439,-0.00265023834072053,42.4809837341309,-71.397705078125,472.674255371094,418.155517578125,-3.55676746368408,3.49400091171265,115.80143737793,57.6469802856445,-3.83757066726685,0.537191867828369,-0.221787661314011,0.103995017707348,70
738534.46281439694575965405,56.6450119018555,-3.5352566242218,10.1718635559082,0.000149919185787439,-0.00265023834072053,42.4809684753418,-71.397575378418,471.971618652344,416.634979248047,-3.54591369628906,3.42000317573547,115.839179992676,57.659538269043,-3.83760452270508,0.528560280799866,-0.225416392087936,0.102443344891071,70
738534.46281668310984969139,56.6393280029297,-3.5251259803772,10.280385017395,0.000149919185787439,-0.00265023834072053,42.4809494018555,-71.3974456787109,471.225555419922,415.01708984375,-3.5466251373291,3.32114052772522,115.878799438477,57.6725769042969,-3.83582663536072,0.517026603221893,-0.229252636432648,0.100677639245987,70
738534.46281882666517049074,56.6340255737305,-3.51630139350891,10.3824901580811,0.000149919185787439,-0.00265023834072053,42.4809341430664,-71.3973159790039,470.506469726562,413.454467773438,-3.55598783493042,3.24553799629211,115.916290283203,57.6851196289062,-3.83246564865112,0.498467564582825,-0.232926487922668,0.0988783910870552,70
738534.46282103878911584616,56.6289825439453,-3.51198530197144,10.4824924468994,0.000149919185787439,-0.00265023834072053,42.4809150695801,-71.3971786499023,469.784484863281,411.882965087891,-3.56797933578491,3.1762797832489,115.953338623047,57.6979904174805,-3.82782983779907,0.484764635562897,-0.236591041088104,0.0969704613089561,70
738534.46282320283353328705,56.6242637634277,-3.5087890625,10.5793647766113,0.000149919185787439,-0.00265023834072053,42.4808959960938,-71.3970489501953,469.069549560547,410.324981689453,-3.57482504844666,3.10750722885132,115.989471435547,57.7108421325684,-3.82264542579651,0.473405569791794,-0.240202218294144,0.0949762463569641,70
738534.46282525174319744110,56.6198501586914,-3.50742697715759,10.6699771881104,0.000149919185787439,-0.00265023834072053,42.4808807373047,-71.3969268798828,468.385467529297,408.832641601562,-3.57050156593323,3.04286289215088,116.023582458496,57.7231140136719,-3.81762528419495,0.463642448186874,-0.24364709854126,0.0929826274514198,70
738534.46282736212015151978,56.6153602600098,-3.50078558921814,10.7584419250488,0.000149919185787439,-0.00265023834072053,42.4808654785156,-71.3968048095703,467.705596923828,407.347839355469,-3.55075883865356,2.98044157028198,116.057182312012,57.7347297668457,-3.81284546852112,0.455886662006378,-0.2470673173666,0.0909098833799362,70
738534.46282938809599727392,56.6105690002441,-3.4913854598999,10.8450813293457,0.000149919185787439,-0.00265023834072053,42.4808464050293,-71.3966827392578,467.027526855469,405.864349365234,-3.5306601524353,2.91860294342041,116.09033203125,57.7456665039062,-3.80800676345825,0.446662902832031,-0.250471293926239,0.0887512937188148,70
738534.46283139602746814489,56.6057052612305,-3.47922873497009,10.9259366989136,0.000149919185787439,-0.00265023834072053,42.4808311462402,-71.3965606689453,466.3837890625,404.347747802734,-3.51134443283081,2.86002993583679,116.121353149414,57.7554054260254,-3.80294442176819,0.437326163053513,-0.253689169883728,0.0866198539733887,70
738534.46283346775453537703,56.6002807617188,-3.46452021598816,11.0090465545654,0.000149919185787439,-0.00265023834072053,42.4808120727539,-71.3964385986328,465.710174560547,402.705718994141,-3.49239110946655,2.7986786365509,116.153343200684,57.7649879455566,-3.79669380187988,0.427096039056778,-0.257031410932541,0.0842911526560783,70
738534.46283557743299752474,56.5944747924805,-3.44803690910339,11.0911550521851,0.000149919185787439,-0.00265023834072053,42.4807968139648,-71.3963165283203,465.032073974609,401.0478515625,-3.47370290756226,2.73679852485657,116.184928894043,57.7740173339844,-3.78908491134644,0.416751533746719,-0.260360807180405,0.0818603411316872,70
738534.46283768443390727043,56.5882225036621,-3.42990803718567,11.1728353500366,0.000149919185787439,-0.00265023834072053,42.4807777404785,-71.3961868286133,464.34423828125,399.360809326172,-3.45472455024719,2.67388224601746,116.216156005859,57.7825508117676,-3.77979969978333,0.406392395496368,-0.263693183660507,0.0792984664440155,70
738534.46283969643991440535,56.5820617675781,-3.41194009780884,11.2474040985107,0.000149919185787439,-0.00265023834072053,42.4807624816895,-71.3960647583008,463.703887939453,397.78466796875,-3.43676805496216,2.61515021324158,116.244338989258,57.789924621582,-3.76967477798462,0.396974951028824,-0.266748666763306,0.0768350139260292,70
738534.46284206898417323828,56.5744438171387,-3.38986706733704,11.3325843811035,0.000149919185787439,-0.00265023834072053,42.4807395935059,-71.3959274291992,462.956909179688,395.939453125,-3.41486763954163,2.54646372795105,116.276107788086,57.7978057861328,-3.756019115448,0.386091142892838,-0.270248860120773,0.0738538056612015,70
738534.46284408902283757925,56.5676040649414,-3.36876249313354,11.4049243927002,0.000149919185787439,-0.00265023834072053,42.4807243347168,-71.3958053588867,462.311004638672,394.337158203125,-3.41504669189453,2.49613213539124,116.302627563477,57.8041076660156,-3.74255633354187,0.372436016798019,-0.273213922977448,0.0711690485477448,70
738534.46284616284538060427,56.5606498718262,-3.35442852973938,11.4758453369141,0.000149919185787439,-0.00265023834072053,42.4807052612305,-71.3956832885742,461.665313720703,392.730377197266,-3.41815996170044,2.46270155906677,116.328102111816,57.8105049133301,-3.72774648666382,0.359352171421051,-0.276114523410797,0.0684042423963547,70
738534.46284850058145821095,56.5524139404297,-3.33970499038696,11.5561294555664,0.000149919185787439,-0.00265023834072053,42.4806861877441,-71.3955459594727,460.925567626953,390.88427734375,-3.41049551963806,2.44408297538757,116.356033325195,57.8175849914551,-3.71000933647156,0.352209687232971,-0.279367595911026,0.0651474744081497,70
738534.46285084879491478205,56.5438957214355,-3.32605743408203,11.6348218917847,0.000149919185787439,-0.00265023834072053,42.4806632995605,-71.3954010009766,460.190551757812,389.341461181641,-3.40048480033875,2.39382839202881,116.382614135742,57.8242530822754,-3.69228887557983,0.353175520896912,-0.282537549734116,0.0617989711463451,70
738534.46285284345503896475,56.5364685058594,-3.31368780136108,11.7006568908691,0.000149919185787439,-0.00265023834072053,42.4806480407715,-71.3952865600586,459.565368652344,389.723388671875,-3.39281940460205,2.34555602073669,116.404418945312,57.8295593261719,-3.6774525642395,0.349357694387436,-0.285189718008041,0.0588618256151676,70
738534.46285478596109896898,56.5292091369629,-3.30192852020264,11.7630090713501,0.000149919185787439,-0.00265023834072053,42.4806289672852,-71.3951644897461,458.962249755859,390.093292236328,-3.3850371837616,2.29883122444153,116.424705505371,57.8344421386719,-3.66345381736755,0.344261825084686,-0.287711173295975,0.0559733808040619,70
738534.46285710926167666912,56.5205078125,-3.28765439987183,11.8351306915283,0.000149919185787439,-0.00265023834072053,42.4806098937988,-71.3950271606445,458.250518798828,390.531402587891,-3.37408089637756,2.24371910095215,116.447898864746,57.8398361206055,-3.64731931686401,0.33718129992485,-0.290640294551849,0.0524765029549599,70
738534.46285924164112657309,56.5123710632324,-3.27421545982361,11.8998727798462,0.000149919185787439,-0.00265023834072053,42.4805908203125,-71.394905090332,457.597686767578,390.935119628906,-3.36214089393616,2.19226574897766,116.468452453613,57.844409942627,-3.63276767730713,0.330404669046402,-0.293282270431519,0.0491634160280228,70
738534.46286139567382633686,56.5040550231934,-3.25963234901428,11.9630327224731,0.000149919185787439,-0.00265023834072053,42.4805717468262,-71.394775390625,456.948883056641,391.338256835938,-3.34713935852051,2.1391499042511,116.488166809082,57.8484878540039,-3.61849570274353,0.316532135009766,-0.295863687992096,0.0457905977964401,70
738534.46286349848378449678,56.495361328125,-3.24400424957275,12.0257339477539,0.000149919185787439,-0.00265023834072053,42.4805488586426,-71.3946533203125,456.292755126953,391.748565673828,-3.33200716972351,2.08337068557739,116.507415771484,57.8521194458008,-3.60406994819641,0.289943069219589,-0.298426508903503,0.0422955527901649,70
738534.46286577894352376461,56.4856986999512,-3.22655034065247,12.0916271209717,0.000149919185787439,-0.00265023834072053,42.4805297851562,-71.3945159912109,455.593475341797,392.188568115234,-3.31538105010986,2.02371644973755,116.526977539062,57.8554458618164,-3.58855795860291,0.22783388197422,-0.30110090970993,0.0385003015398979,70
738534.46286818757653236389,56.4755897521973,-3.20761609077454,12.1572523117065,0.000149919185787439,-0.00265023834072053,42.4805068969727,-71.3943710327148,454.869293212891,392.648040771484,-3.29731702804565,1.9615136384964,116.546264648438,57.8582725524902,-3.57206344604492,0.18119677901268,-0.303804367780685,0.0344488471746445,70
738534.46287053462583571672,56.4656867980957,-3.18802857398987,12.2186889648438,0.000149919185787439,-0.00265023834072053,42.4804840087891,-71.3942260742188,454.151763916016,393.107604980469,-3.27887535095215,1.89877116680145,116.564300537109,57.860466003418,-3.55517888069153,0.18335135281086,-0.306410908699036,0.0303304083645344,70
738534.46287256840150803328,56.457275390625,-3.17068028450012,12.2681646347046,0.000149919185787439,-0.00265023834072053,42.48046875,-71.3941116333008,453.558166503906,393.490814208984,-3.26507639884949,1.85293972492218,116.578353881836,57.8617744445801,-3.5407280921936,0.173082336783409,-0.308509528636932,0.0268444996327162,70
738534.46287465875502675772,56.4483222961426,-3.15404534339905,12.3186912536621,0.000149919185787439,-0.00265023834072053,42.4804458618164,-71.3939819335938,452.929901123047,393.900268554688,-3.25614213943481,1.8019688129425,116.592338562012,57.862865447998,-3.52486515045166,0.169580161571503,-0.310670077800751,0.0230637993663549,70
738534.46287702152039855719,56.4383239746094,-3.13585376739502,12.3726816177368,0.000149919185787439,-0.00265023834072053,42.4804267883301,-71.3938446044922,452.234252929688,394.357086181641,-3.24349546432495,1.75642442703247,116.606689453125,57.8636436462402,-3.50687193870544,0.169429019093513,-0.312988460063934,0.0188119262456894,70
738534.46287908556405454874,56.4292030334473,-3.11979985237122,12.4195394515991,0.000149919185787439,-0.00265023834072053,42.4804039001465,-71.3937225341797,451.614013671875,394.767913818359,-3.23058223724365,1.73540592193604,116.618545532227,57.8639183044434,-3.49050998687744,0.173955976963043,-0.314991474151611,0.0149202262982726,70
738534.46288143529091030359,56.4186210632324,-3.10193133354187,12.4710025787354,0.000149919185787439,-0.00265023834072053,42.4803848266602,-71.3935775756836,450.922424316406,395.230010986328,-3.21683406829834,1.72026538848877,116.630676269531,57.8637084960938,-3.47214221954346,0.17973655462265,-0.317153513431549,0.010510616004467,70
738534.46288348094094544649,56.4088134765625,-3.08799290657043,12.5165100097656,0.000149919185787439,-0.00265023834072053,42.4803619384766,-71.3934555053711,450.31982421875,395.635375976562,-3.2038516998291,1.79677188396454,116.640350341797,57.8632278442383,-3.45606684684753,0.170686826109886,-0.318976700305939,0.0065837767906487,70
738534.46288550493773072958,56.3982391357422,-3.07390213012695,12.5622100830078,0.000149919185787439,-0.00265023834072053,42.4803428649902,-71.3933410644531,449.736267089844,396.030700683594,-3.18038296699524,1.87849318981171,116.648933410645,57.8620719909668,-3.44064044952393,0.189345359802246,-0.320690661668777,0.00272611319087446,70
738534.46288759156595915556,56.3860969543457,-3.05432033538818,12.6119003295898,0.000149919185787439,-0.00265023834072053,42.4803237915039,-71.3932113647461,449.135070800781,396.441345214844,-3.16163277626038,1.95301866531372,116.65697479248,57.8600082397461,-3.42475748062134,0.200074166059494,-0.322403013706207,-0.00132746249437332,70
738534.46288971079047769308,56.3726806640625,-3.03944444656372,12.6642360687256,0.000149919185787439,-0.00265023834072053,42.4803047180176,-71.3930892944336,448.529083251953,396.858795166016,-3.14987587928772,2.05041289329529,116.664154052734,57.8575859069824,-3.40845274925232,0.212196081876755,-0.324064642190933,-0.00548976473510265,70
738534.46289182943291962147,56.3578338623047,-3.02363061904907,12.7181663513184,0.000149919185787439,-0.00265023834072053,42.4802856445312,-71.3929672241211,447.930541992188,397.273193359375,-3.08870553970337,2.12491130828857,116.670303344727,57.8541221618652,-3.3923225402832,0.241013541817665,-0.325644910335541,-0.0096623320132494,70
738534.46289392584003508091,56.3399925231934,-2.99854969978333,12.7751455307007,0.000149919185787439,-0.00265023834072053,42.4802627563477,-71.3928375244141,447.330993652344,396.849365234375,-2.95032668113708,2.22865080833435,116.675453186035,57.8479919433594,-3.37601232528687,0.258606225252151,-0.327168375253677,-0.0139244236052036,70
738534.46289625170174986124,56.3138694763184,-2.91947174072266,12.845498085022,0.000149919185787439,-0.00265023834072053,42.4802398681641,-71.3927001953125,446.659301757812,396.145477294922,-2.70081639289856,2.41709804534912,116.679397583008,57.8340911865234,-3.35563611984253,0.291034519672394,-0.328770071268082,-0.0188288670033216,70
738534.46289857849478721619,56.2814331054688,-2.7985417842865,12.9194240570068,0.000149919185787439,-0.00265023834072053,42.4802169799805,-71.3925628662109,446.0361328125,395.491424560547,-2.49225902557373,2.58736419677734,116.679847717285,57.8129997253418,-3.3285698890686,0.323878288269043,-0.330022126436234,-0.0235953405499458,70
738534.46290079981554299593,56.2432708740234,-2.66755414009094,12.9957523345947,0.000149919185787439,-0.00265023834072053,42.4801940917969,-71.3924255371094,445.452758789062,394.798919677734,-2.32710528373718,2.70414972305298,116.675437927246,57.7867736816406,-3.28902912139893,0.354794800281525,-0.33079993724823,-0.0283150691539049,70
738534.46290306025184690952,56.1990547180176,-2.52434134483337,13.0744781494141,0.000149919185787439,-0.00265023834072053,42.4801712036133,-71.3922958374023,444.892761230469,393.940643310547,-2.15163230895996,2.72151517868042,116.664848327637,57.755069732666,-3.23342847824097,0.384366005659103,-0.331023365259171,-0.0331348292529583,70
738534.46290504757780581713,56.1566200256348,-2.39445400238037,13.1437425613403,0.000149919185787439,-0.00265023834072053,42.480152130127,-71.3921813964844,444.428405761719,393.203582763672,-2.07866144180298,2.75830364227295,116.649826049805,57.7239761352539,-3.17105603218079,0.381370931863785,-0.330690801143646,-0.0374135561287403,70
738534.46290745516307651997,56.1016273498535,-2.2615602016449,13.2260913848877,0.000149919185787439,-0.00265023834072053,42.4801292419434,-71.3920364379883,443.893249511719,392.339233398438,-1.95613467693329,2.77364826202393,116.624069213867,57.6839370727539,-3.08019590377808,0.396425038576126,-0.329596191644669,-0.0426492430269718,70
738534.46290979906916618347,56.0427284240723,-2.12315392494202,13.3074150085449,0.000149919185787439,-0.00265023834072053,42.4801063537598,-71.3918991088867,443.389526367188,391.5087890625,-1.84212839603424,2.75503253936768,116.590225219727,57.6401138305664,-2.97727584838867,0.405747801065445,-0.327780604362488,-0.04792720079422,70
738534.46291219606064260006,55.9811859130859,-1.99916589260101,13.3867082595825,0.000149919185787439,-0.00265023834072053,42.4800796508789,-71.3917541503906,442.909759521484,390.700103759766,-1.83521223068237,2.68037557601929,116.547981262207,57.5942153930664,-2.86388468742371,0.400787621736526,-0.325220167636871,-0.0533402934670448,70
738534.46291471854783594608,55.9185409545898,-1.91881108283997,13.4619483947754,0.000149919185787439,-0.00265023834072053,42.4800567626953,-71.3916091918945,442.430511474609,389.8779296875,-1.87432205677032,2.43883466720581,116.495903015137,57.5481491088867,-2.74033689498901,0.410760641098022,-0.321832627058029,-0.0591030195355415,70
738534.46291704126633703709,55.8647041320801,-1.88070702552795,13.5177984237671,0.000149919185787439,-0.00265023834072053,42.4800338745117,-71.391471862793,441.997283935547,389.126953125,-1.8993444442749,1.81488573551178,116.441604614258,57.5076789855957,-2.6283757686615,0.455142050981522,-0.318189173936844,-0.0645549595355988,70
738534.46291915746405720711,55.8197555541992,-1.85120284557343,13.5506381988525,0.000149919185787439,-0.00265023834072053,42.4800109863281,-71.3913497924805,441.595794677734,388.426971435547,-1.89938461780548,0.939491093158722,116.387008666992,57.4707946777344,-2.53188824653625,0.377590715885162,-0.314463585615158,-0.0697164684534073,70
738534.46292192640248686075,55.7679443359375,-1.80704402923584,13.5694360733032,0.000149919185787439,-0.00265023834072053,42.47998046875,-71.3911895751953,441.096282958984,387.574584960938,-1.82453215122223,0.730627477169037,116.314208984375,57.4235038757324,-2.42526912689209,0.15545654296875,-0.309473693370819,-0.0763864517211914,70
738534.46292442176491022110,55.7188606262207,-1.75690853595734,13.5790815353394,0.000149919185787439,-0.00265023834072053,42.4799537658691,-71.3910369873047,440.633148193359,386.787078857422,-1.80578649044037,0.671228587627411,116.242218017578,57.3765563964844,-2.33819270133972,0.057786513119936,-0.304434776306152,-0.0827668085694313,70
738534.46292640431784093380,55.6801872253418,-1.73354625701904,13.5842981338501,0.000149919185787439,-0.00265023834072053,42.4799346923828,-71.3909149169922,440.272918701172,386.170379638672,-1.77398920059204,0.641748666763306,116.183395385742,57.339527130127,-2.27700567245483,0.00644239317625761,-0.300242722034454,-0.0878766402602196,70
738534.46292872691992670298,55.6350059509277,-1.69309306144714,13.5876531600952,0.000149919185787439,-0.00265023834072053,42.479907989502,-71.3907775878906,439.872985839844,385.48193359375,-1.61055636405945,0.595521748065948,116.115371704102,57.2952423095703,-2.21594262123108,-0.0137256858870387,-0.295346915721893,-0.0936949551105499,70
738534.46293098514433950186,55.5873374938965,-1.60743570327759,13.5880937576294,0.000149919185787439,-0.00265023834072053,42.4798851013184,-71.3906402587891,439.496337890625,384.824462890625,-1.42549192905426,0.544095456600189,116.046882629395,57.2465896606445,-2.16153621673584,-0.0197528228163719,-0.290365666151047,-0.0994164794683456,70
738534.46293328492902219296,55.5368804931641,-1.50217056274414,13.5858478546143,0.000149919185787439,-0.00265023834072053,42.4798622131348,-71.390510559082,439.137359619141,384.183135986328,-1.38920247554779,0.495976388454437,115.974678039551,57.1942024230957,-2.10547661781311,-0.0399612970650196,-0.285008698701859,-0.105235047638416,70
738534.46293558285105973482,55.4868659973145,-1.4448230266571,13.5809211730957,0.000149919185787439,-0.00265023834072053,42.4798393249512,-71.3903732299805,438.789916992188,383.550048828125,-1.45137155056,0.447007983922958,115.897636413574,57.1429862976074,-2.04359364509583,-0.0569985061883926,-0.279142022132874,-0.111181378364563,70
738534.46293786342721432447,55.4389991760254,-1.41742026805878,13.5748167037964,0.000149919185787439,-0.00265023834072053,42.4798164367676,-71.3902435302734,438.453399658203,382.930572509766,-1.49122524261475,0.43332713842392,115.817901611328,57.0943717956543,-1.98048985004425,-0.0826249420642853,-0.272964835166931,-0.117107562720776,70
738534.46294019825290888548,55.3903427124023,-1.41328144073486,13.5713367462158,0.000149919185787439,-0.00265023834072053,42.4797897338867,-71.3901062011719,438.110229492188,382.296478271484,-1.51563620567322,0.711927652359009,115.733283996582,57.0461959838867,-1.91891050338745,-0.107242278754711,-0.266360938549042,-0.123251847922802,70
738534.46294223878066986799,55.3472366333008,-1.40759742259979,13.5742893218994,0.000149919185787439,-0.00265023834072053,42.4797706604004,-71.3899841308594,437.818450927734,381.757415771484,-1.47368669509888,0.998837113380432,115.660064697266,57.0049057006836,-1.87267124652863,-0.0400569811463356,-0.260638892650604,-0.128510564565659,70
738534.46294460282661020756,55.294376373291,-1.39007914066315,13.5841798782349,0.000149919185787439,-0.00265023834072053,42.4797439575195,-71.3898468017578,437.478424072266,381.126770019531,-1.48098266124725,1.02300727367401,115.573081970215,56.9555130004883,-1.82626140117645,0.0250891614705324,-0.253823280334473,-0.13470670580864,70
738534.46294700878206640482,55.2414283752441,-1.39017486572266,13.594536781311,0.000149919185787439,-0.00265023834072053,42.4797210693359,-71.3897094726562,437.130859375,380.48095703125,-1.53769552707672,0.949950575828552,115.482955932617,56.9065856933594,-1.78626084327698,0.0457849949598312,-0.246729388833046,-0.141114369034767,70
738534.46294934081379324198,55.1932716369629,-1.40863907337189,13.6024312973022,0.000149919185787439,-0.00265023834072053,42.4796943664551,-71.3895721435547,436.795623779297,379.860107421875,-1.59318351745605,0.873924970626831,115.396697998047,56.8621826171875,-1.75576961040497,0.0510540157556534,-0.239894583821297,-0.147264778614044,70
738534.46295130776707082987,55.1539497375488,-1.43125152587891,13.6075744628906,0.000149919185787439,-0.00265023834072053,42.4796752929688,-71.3894577026367,436.504425048828,379.324127197266,-1.63474655151367,0.808538973331451,115.323181152344,56.825813293457,-1.73660576343536,0.0509282127022743,-0.234058231115341,-0.152574092149734,70
738534.46295353316236287355,55.1122512817383,-1.46156227588654,13.611533164978,0.000149919185787439,-0.00265023834072053,42.4796524047852,-71.3893280029297,436.175048828125,378.722412109375,-1.67758822441101,0.735669553279877,115.242637634277,56.7870635986328,-1.72336030006409,0.0466293282806873,-0.227633073925972,-0.158497348427773,70
738534.46295573399402201176,55.0735816955566,-1.49511206150055,13.6135940551758,0.000149919185787439,-0.00265023834072053,42.4796295166016,-71.3892059326172,435.847015380859,378.128265380859,-1.71790158748627,0.664383292198181,115.165519714355,56.7509002685547,-1.71854972839355,0.0395686663687229,-0.221462935209274,-0.164313092827797,70
738534.46295800886582583189,55.0346946716309,-1.53411674499512,13.6138257980347,0.000149919185787439,-0.00265023834072053,42.479606628418,-71.3890686035156,435.490692138672,377.488952636719,-1.76041913032532,0.588494181632996,115.085456848145,56.7142601013184,-1.7217663526535,0.0298361852765083,-0.215047985315323,-0.170548409223557,70
738534.46296031959354877472,54.9983139038086,-1.57567250728607,13.6120319366455,0.000149919185787439,-0.00265023834072053,42.4795837402344,-71.3889389038086,435.127990722656,376.844635009766,-1.80311262607574,0.512923777103424,115.00830078125,56.6796646118164,-1.73270511627197,0.0189252309501171,-0.208841055631638,-0.176783040165901,70
738534.46296269097365438938,54.9633827209473,-1.62075710296631,13.6080827713013,0.000149919185787439,-0.00265023834072053,42.4795570373535,-71.388801574707,434.746490478516,376.174041748047,-1.84782457351685,0.435259729623795,114.931907653809,56.6460952758789,-1.75103354454041,0.00747736915946007,-0.202670484781265,-0.1832185536623,70
738534.46296505490317940712,54.9310035705566,-1.66785049438477,13.6020183563232,0.000149919185787439,-0.00265023834072053,42.4795341491699,-71.3886642456055,434.356231689453,375.495300292969,-1.89356160163879,0.357696056365967,114.858787536621,56.6145896911621,-1.77551567554474,-0.00427326327189803,-0.19673490524292,-0.18966469168663,70
738534.46296738518867641687,54.9013710021973,-1.716313123703,13.5939130783081,0.000149919185787439,-0.00265023834072053,42.4795074462891,-71.3885269165039,433.959411621094,374.812377929688,-1.94025599956512,0.280702620744705,114.789482116699,56.5853424072266,-1.80502545833588,-0.0157643053680658,-0.191081687808037,-0.196085155010223,70
738534.46296954283025115728,54.8771553039551,-1.76090824604034,13.5849456787109,0.000149919185787439,-0.00265023834072053,42.4794883728027,-71.3884048461914,433.598419189453,374.197204589844,-1.98435127735138,0.213581904768944,114.730583190918,56.5610618591309,-1.83504831790924,-0.0242119990289211,-0.186264112591743,-0.201819628477097,70
738534.46297190210316330194,54.8511276245117,-1.81556522846222,13.5723104476929,0.000149919185787439,-0.00265023834072053,42.4794616699219,-71.3882675170898,433.161346435547,373.459899902344,-2.03727221488953,0.133140623569489,114.664505004883,56.5345039367676,-1.87437355518341,-0.0338516421616077,-0.18083381652832,-0.208592250943184,70
738534.46297393180429935455,54.8350601196289,-1.88992774486542,13.547945022583,0.000149919185787439,-0.00265023834072053,42.4794425964355,-71.3881530761719,432.795562744141,372.850280761719,-2.08513760566711,-0.69898784160614,114.613739013672,56.5155067443848,-1.90931677818298,0.201813399791718,-0.176647678017616,-0.214101135730743,70
738534.46297628351021558046,54.8348693847656,-2.00804781913757,13.4483203887939,0.000149919185787439,-0.00265023834072053,42.4794158935547,-71.3880157470703,432.3349609375,372.100677490234,-2.18403172492981,-5.52460622787476,114.55632019043,56.4955978393555,-1.95828175544739,0.402642071247101,-0.172009319067001,-0.22072796523571,70
738534.46297873102594166994,54.8839530944824,-2.11462020874023,13.207592010498,0.000149919185787439,-0.00265023834072053,42.4793930053711,-71.3878784179688,431.856353759766,371.342681884766,-2.25648164749146,-11.088472366333,114.503524780273,56.4903564453125,-2.017413854599,-0.107013039290905,-0.167929857969284,-0.227301210165024,70
738534.46298078459221869707,54.960376739502,-2.21354413032532,12.8833742141724,0.000149919185787439,-0.00265023834072053,42.4793739318848,-71.3877563476562,431.416534423828,370.655487060547,-2.29196500778198,-14.2646770477295,114.461517333984,56.4935760498047,-2.07784676551819,-1.23444092273712,-0.16478556394577,-0.233097463846207,70
738534.46298290439881384373,55.0503768920898,-2.31922078132629,12.5021409988403,0.000149919185787439,-0.00265023834072053,42.4793510437012,-71.3876342773438,430.957977294922,369.948608398438,-2.41187858581543,-13.6504344940186,114.42448425293,56.4997901916504,-2.14571285247803,-2.02900815010071,-0.162097871303558,-0.238845065236092,70
738534.46298521477729082108,55.1539878845215,-2.42817425727844,12.0599298477173,0.000149919185787439,-0.00265023834072053,42.4793281555176,-71.3874969482422,430.412933349609,369.118682861328,-2.54240226745605,-13.7506275177002,114.388244628906,56.5092926025391,-2.23161268234253,-2.33084082603455,-0.159617155790329,-0.245285093784332,70
738534.46298758708871901035,55.2574844360352,-2.53280377388,11.6188097000122,0.000149919185787439,-0.00265023834072053,42.4793090820312,-71.3873596191406,429.856384277344,368.2802734375,-2.66765117645264,-13.7980289459229,114.358604431152,56.522575378418,-2.32262420654297,-2.49506044387817,-0.157764166593552,-0.251472026109695,70
738534.46298986882902681828,55.3605041503906,-2.63764405250549,11.1796274185181,0.000149919185787439,-0.00265023834072053,42.4792900085449,-71.3872222900391,429.287994384766,368.27587890625,-2.79174637794495,-13.8461351394653,114.335243225098,56.5396041870117,-2.41648197174072,-2.54971790313721,-0.156494438648224,-0.257370680570602,70
738534.46299187175463885069,55.4505424499512,-2.72896075248718,10.7954435348511,0.000149919185787439,-0.00265023834072053,42.4792709350586,-71.3871078491211,428.778350830078,368.383941650391,-2.89447975158691,-13.8888273239136,114.319717407227,56.5575065612793,-2.5005738735199,-2.54773569107056,-0.155838638544083,-0.262317031621933,70
738534.46299420460127294064,55.555965423584,-2.83523440361023,10.3439235687256,0.000149919185787439,-0.00265023834072053,42.4792556762695,-71.3869705200195,428.164367675781,368.491149902344,-3.00227522850037,-13.9374237060547,114.307350158691,56.5818061828613,-2.60082006454468,-2.51540589332581,-0.155600100755692,-0.267827719449997,70
738534.46299649786669760942,55.6616592407227,-2.93570017814636,9.88784408569336,0.000149919185787439,-0.00265023834072053,42.4792366027832,-71.3868408203125,427.529418945312,368.578643798828,-3.09347605705261,-13.9802837371826,114.301139831543,56.6092567443848,-2.70287036895752,-2.46937608718872,-0.155926331877708,-0.273054957389832,70
738534.46299889509100466967,55.768440246582,-3.03387832641602,9.42266750335693,0.000149919185787439,-0.00265023834072053,42.4792175292969,-71.3866958618164,426.866363525391,368.648223876953,-3.18803071975708,-14.0240135192871,114.300994873047,56.6401786804199,-2.80690455436707,-2.42430782318115,-0.156818419694901,-0.278024554252625,70
738534.46300122712273150682,55.8748474121094,-3.13627910614014,8.95262432098389,0.000149919185787439,-0.00265023834072053,42.4792022705078,-71.3865585327148,426.177215576172,368.699096679688,-3.25049018859863,-14.0297908782959,114.306907653809,56.6743698120117,-2.91157913208008,-2.3944239616394,-0.158275857567787,-0.282679259777069,70
738534.46300330210942775011,55.9654922485352,-3.19931054115295,8.54341697692871,0.000149919185787439,-0.00265023834072053,42.479190826416,-71.3864440917969,425.570465087891,368.728393554688,-3.22072839736938,-13.9358901977539,114.316696166992,56.704158782959,-3.00100255012512,-2.36302280426025,-0.159969717264175,-0.286379933357239,70
738534.46300565940327942371,56.0690116882324,-3.25600957870483,8.06391525268555,0.000149919185787439,-0.00265023834072053,42.479175567627,-71.3862991333008,424.849609375,368.736755371094,-3.26464605331421,-13.7467355728149,114.332977294922,56.7394256591797,-3.1019344329834,-2.33886480331421,-0.162391543388367,-0.290325999259949,70
738534.46300782868638634682,56.1571350097656,-3.30311608314514,7.63909244537354,0.000149919185787439,-0.00265023834072053,42.4791603088379,-71.3861770629883,424.195678710938,368.726043701172,-3.16811013221741,-13.5991411209106,114.35124206543,56.7705039978027,-3.18673968315125,-2.28530240058899,-0.16488516330719,-0.293511778116226,70
738534.46300989075098186731,56.242317199707,-3.28962969779968,7.20401620864868,0.000149919185787439,-0.00265023834072053,42.4791488647461,-71.3860473632812,423.538848876953,368.713043212891,-2.97776627540588,-13.4316911697388,114.372039794922,56.7971649169922,-3.26471924781799,-2.23417043685913,-0.167631953954697,-0.296350717544556,70
738534.46301197016146034002,56.3195610046387,-3.23703861236572,6.77784824371338,0.000149919185787439,-0.00265023834072053,42.4791412353516,-71.3859252929688,422.910003662109,368.707733154297,-2.82226300239563,-13.2704963684082,114.393028259277,56.8182258605957,-3.32854819297791,-2.19653272628784,-0.170366615056992,-0.298762798309326,70
738534.46301410067826509476,56.3922386169434,-3.1602189540863,6.34118223190308,0.000149919185787439,-0.00265023834072053,42.4791297912598,-71.3858032226562,422.279388427734,368.714782714844,-2.68219923973083,-13.1107082366943,114.413726806641,56.8355712890625,-3.37695384025574,-2.16339731216431,-0.173056572675705,-0.300884485244751,70
738534.46301651827525347471,56.4685821533203,-3.05478835105896,5.83011865615845,0.000149919185787439,-0.00265023834072053,42.479118347168,-71.3856582641602,421.560791015625,368.742980957031,-2.5068941116333,-13.0518884658813,114.434951782227,56.8508796691895,-3.40807604789734,-2.10342669487,-0.175876498222351,-0.302912265062332,70
738534.46301864739507436752,56.5256118774414,-2.94261693954468,5.39674520492554,0.000149919185787439,-0.00265023834072053,42.4791107177734,-71.3855361938477,420.978179931641,368.786560058594,-2.34638333320618,-13.0717554092407,114.448890686035,56.8588485717773,-3.41206836700439,-2.08428144454956,-0.177850663661957,-0.304227977991104,70
738534.46302074671257287264,56.5783920288086,-2.81235074996948,4.9412727355957,0.000149919185787439,-0.00265023834072053,42.4791030883789,-71.3854064941406,420.39453125,368.855163574219,-2.24197435379028,-13.0945119857788,114.458541870117,56.8633460998535,-3.39434576034546,-2.08335089683533,-0.179413244128227,-0.305230647325516,70
738534.46302297047805041075,56.6266975402832,-2.69906830787659,4.47256803512573,0.000149919185787439,-0.00265023834072053,42.4790954589844,-71.3852767944336,419.8134765625,368.950775146484,-2.27033877372742,-13.120228767395,114.462631225586,56.8671379089355,-3.35332870483398,-2.10148048400879,-0.180416077375412,-0.30585590004921,70
738534.46302505885250866413,56.6669883728027,-2.63267993927002,4.04119300842285,0.000149919185787439,-0.00265023834072053,42.4790878295898,-71.3851470947266,419.283660888672,369.055480957031,-2.29204988479614,-13.1401538848877,114.461387634277,56.8718719482422,-3.29904246330261,-2.11322140693665,-0.180810362100601,-0.306055635213852,70
738534.46302738704252988100,56.7081108093262,-2.59521436691284,3.5735719203949,0.000149919185787439,-0.00265023834072053,42.4790802001953,-71.385009765625,418.695404052734,369.184997558594,-2.39645314216614,-12.3513870239258,114.454948425293,56.8798332214355,-3.22796583175659,-2.31220126152039,-0.180755808949471,-0.305829763412476,70
738534.46302971185650676489,56.7381820678711,-2.6397545337677,3.17054533958435,0.000149919185787439,-0.00265023834072053,42.479076385498,-71.3848648071289,418.084167480469,369.317199707031,-2.5285313129425,-8.79986095428467,114.444229125977,56.8879737854004,-3.15431189537048,-2.56629681587219,-0.180372104048729,-0.305071264505386,70
738534.46303205448202788830,56.7595596313477,-2.66110944747925,2.91084146499634,0.000149919185787439,-0.00265023834072053,42.4790687561035,-71.3847198486328,417.492462158203,369.436157226562,-2.59350323677063,-3.58924746513367,114.432060241699,56.8964157104492,-3.0968062877655,-2.13915395736694,-0.179980546236038,-0.303889155387878,70
738534.46303441026248037815,56.7671775817871,-2.65624094009399,2.78753685951233,0.000149919185787439,-0.00265023834072053,42.4790649414062,-71.3845825195312,416.898559570312,369.55322265625,-2.4863703250885,-0.251825392246246,114.419288635254,56.8976135253906,-3.05366730690002,-1.05889081954956,-0.179650977253914,-0.302249222993851,70
738534.46303652424830943346,56.7650184631348,-2.60133004188538,2.74947476387024,0.000149919185787439,-0.00265023834072053,42.479061126709,-71.3844604492188,416.380401611328,369.6630859375,-2.46260190010071,0.346432030200958,114.407791137695,56.8910675048828,-3.02383756637573,-0.360383719205856,-0.1793522387743,-0.300442695617676,70
738534.46303895139135420322,56.7610321044922,-2.58026170730591,2.72826957702637,0.000149919185787439,-0.00265023834072053,42.4790573120117,-71.3843154907227,415.776763916016,369.327209472656,-2.57041716575623,0.389490067958832,114.393898010254,56.8851089477539,-2.99146604537964,0.0816629752516747,-0.178840264678001,-0.297933578491211,70
738534.46304137120023369789,56.7584915161133,-2.59249806404114,2.71493673324585,0.000149919185787439,-0.00265023834072053,42.4790534973145,-71.3841705322266,415.175628662109,368.980926513672,-2.66543960571289,0.343235045671463,114.380577087402,56.882495880127,-2.9621467590332,0.269291937351227,-0.178193762898445,-0.295087099075317,70
738534.46304374840110540390,56.7575340270996,-2.62411689758301,2.70549631118774,0.000149919185787439,-0.00265023834072053,42.4790458679199,-71.3840255737305,414.575042724609,368.632843017578,-2.73738813400269,0.31781205534935,114.369087219238,56.8825416564941,-2.93935990333557,0.319295614957809,-0.177540421485901,-0.291979968547821,70
738534.46304601943120360374,56.7576293945312,-2.66057276725769,2.69924688339233,0.000149919185787439,-0.00265023834072053,42.4790420532227,-71.3838882446289,413.994049072266,368.293029785156,-2.76217794418335,0.325580358505249,114.360610961914,56.8840293884277,-2.92614722251892,0.306739687919617,-0.177010387182236,-0.288790166378021,70
738534.46304844028782099485,56.7583465576172,-2.69064521789551,2.69544053077698,0.000149919185787439,-0.00265023834072053,42.4790382385254,-71.3837509155273,413.395538330078,367.940307617188,-2.78147292137146,0.344693124294281,114.354827880859,56.8859825134277,-2.92194104194641,0.265104532241821,-0.176623418927193,-0.285338073968887,70
738534.46305055380798876286,56.7594261169434,-2.71508598327637,2.69359254837036,0.000149919185787439,-0.00265023834072053,42.4790344238281,-71.3836212158203,412.849182128906,367.616180419922,-2.79087948799133,0.355447202920914,114.352073669434,56.8881301879883,-2.9251070022583,0.221129298210144,-0.176415607333183,-0.282070934772491,70
738534.46305264835245907307,56.760986328125,-2.73986673355103,2.69473934173584,0.000149919185787439,-0.00265023834072053,42.4790306091309,-71.3834991455078,412.301879882812,367.289672851562,-2.80592203140259,0.500353455543518,114.351470947266,56.8909301757812,-2.933434009552,0.146838933229446,-0.17634005844593,-0.27871710062027,70
738534.46305471984669566154,56.7621231079102,-2.76560306549072,2.69963812828064,0.000149919185787439,-0.00265023834072053,42.4790267944336,-71.3833694458008,411.752471923828,366.960052490234,-2.7802107334137,0.667019188404083,114.352752685547,56.8935470581055,-2.9457585811615,0.136982917785645,-0.176394298672676,-0.275294005870819,70
738534.46305681916419416666,56.7626075744629,-2.76642942428589,2.70936179161072,0.000149919185787439,-0.00265023834072053,42.4790229797363,-71.3832473754883,411.206817626953,366.6318359375,-2.74221158027649,0.778270423412323,114.355529785156,56.8945274353027,-2.9606626033783,0.125131040811539,-0.176564395427704,-0.271827608346939,70
738534.46305882197339087725,56.7619667053223,-2.76321816444397,2.72127413749695,0.000149919185787439,-0.00265023834072053,42.4790191650391,-71.3831253051758,410.660736083984,366.303314208984,-2.68414235115051,0.812798142433167,114.359268188477,56.8943023681641,-2.97585844993591,0.135016471147537,-0.176801100373268,-0.268299788236618,70
738534.46306107472628355026,56.7602615356445,-2.73906207084656,2.73596477508545,0.000149919185787439,-0.00265023834072053,42.4790153503418,-71.3829879760742,410.071197509766,365.949829101562,-2.64166784286499,0.826204836368561,114.363815307617,56.8921394348145,-2.99013757705688,0.124791830778122,-0.177073687314987,-0.264425069093704,70
738534.46306334820110350847,56.7579879760742,-2.72343015670776,2.75147390365601,0.000149919185787439,-0.00265023834072053,42.4790115356445,-71.3828506469727,409.485931396484,365.600708007812,-2.6593005657196,0.869664251804352,114.368255615234,56.8898658752441,-2.9995493888855,0.107449531555176,-0.177287369966507,-0.260494321584702,70
738534.46306558290962129831,56.7556228637695,-2.71453857421875,2.7679500579834,0.000149919185787439,-0.00265023834072053,42.47900390625,-71.3827209472656,408.909301757812,365.257598876953,-2.66836404800415,0.913857460021973,114.372184753418,56.887882232666,-3.00401782989502,0.102135114371777,-0.177425011992455,-0.256572514772415,70
738534.46306792739778757095,56.7531585693359,-2.71048188209534,2.78659343719482,0.000149919185787439,-0.00265023834072053,42.4790000915527,-71.3825836181641,408.305267333984,364.898773193359,-2.69023489952087,0.954828083515167,114.375778198242,56.8861389160156,-3.00485014915466,0.101285427808762,-0.177506044507027,-0.252401947975159,70
738534.46307028038427233696,56.7508430480957,-2.71310901641846,2.80613207817078,0.000149919185787439,-0.00265023834072053,42.4789962768555,-71.3824462890625,407.707000732422,364.543365478516,-2.70351099967957,0.983254969120026,114.378890991211,56.8849143981934,-3.00347685813904,0.10492005944252,-0.17754739522934,-0.248241975903511,70
738534.46307227981742471457,56.7487449645996,-2.71627879142761,2.82406497001648,0.000149919185787439,-0.00265023834072053,42.4789924621582,-71.38232421875,407.175842285156,364.227569580078,-2.69448375701904,0.992387056350708,114.381439208984,56.883861541748,-3.00179076194763,0.111999504268169,-0.177577435970306,-0.244521170854568,70
738534.46307430439628660679,56.7465438842773,-2.71459031105042,2.84196186065674,0.000149919185787439,-0.00265023834072053,42.4789886474609,-71.3822021484375,406.659729003906,363.920715332031,-2.68414783477783,0.998523533344269,114.383827209473,56.8824729919434,-3.00030612945557,0.114252313971519,-0.177609398961067,-0.240908026695251,70
738534.46307669824454933405,56.7436714172363,-2.71061015129089,2.86353182792664,0.000149919185787439,-0.00265023834072053,42.4789848327637,-71.3820571899414,406.047576904297,363.339721679688,-2.67761754989624,1.00347089767456,114.386505126953,56.880500793457,-2.99859023094177,0.114198356866837,-0.177643522620201,-0.236607596278191,70
738534.46307896741200238466,56.7405967712402,-2.70880651473999,2.88496351242065,0.000149919185787439,-0.00265023834072053,42.4789772033691,-71.3819198608398,405.445251464844,362.688018798828,-2.67286825180054,1.00794339179993,114.388938903809,56.8784332275391,-2.99671792984009,0.112234234809875,-0.177664279937744,-0.232363760471344,70
738534.46308131015393882990,56.7373123168945,-2.70628380775452,2.90637016296387,0.000149919185787439,-0.00265023834072053,42.4789733886719,-71.3817825317383,404.849243164062,362.043029785156,-2.66577553749084,1.01252293586731,114.391067504883,56.8761253356934,-2.99473786354065,0.110785983502865,-0.177672490477562,-0.228158131241798,70
738534.46308337070513516665,56.7341156005859,-2.70387053489685,2.92600655555725,0.000149919185787439,-0.00265023834072053,42.4789695739746,-71.3816604614258,404.306915283203,361.456024169922,-2.66009879112244,1.01675081253052,114.392768859863,56.8738288879395,-2.99282479286194,0.109460979700089,-0.177668213844299,-0.224303662776947,70
738534.46308546618092805147,56.7308692932129,-2.70144367218018,2.94502186775208,0.000149919185787439,-0.00265023834072053,42.4789657592773,-71.3815383911133,403.785491943359,360.891540527344,-2.65508246421814,1.02085411548615,114.394157409668,56.8714561462402,-2.99088597297668,0.108443856239319,-0.177653148770332,-0.220610335469246,70
738534.46308772754855453968,56.7271614074707,-2.69868397712708,2.96584820747375,0.000149919185787439,-0.00265023834072053,42.4789619445801,-71.3814010620117,403.218536376953,360.277648925781,-2.6500940322876,1.025310754776,114.39533996582,56.868709564209,-2.98865270614624,0.107624419033527,-0.177623525261879,-0.216577410697937,70
738534.46308992186095565557,56.7233619689941,-2.69597721099854,2.98668789863586,0.000149919185787439,-0.00265023834072053,42.4789581298828,-71.3812713623047,402.655426025391,359.667846679688,-2.65072655677795,1.02953588962555,114.396209716797,56.8658828735352,-2.98629903793335,0.106590405106544,-0.177579641342163,-0.212581321597099,70
738534.46309213479980826378,56.7195243835449,-2.69507479667664,3.00757837295532,0.000149919185787439,-0.00265023834072053,42.4789505004883,-71.3811416625977,402.093688964844,359.059387207031,-2.65269541740417,1.03379654884338,114.396759033203,56.863109588623,-2.98387503623962,0.10601943731308,-0.177522033452988,-0.208601012825966,70
738534.46309431223198771477,56.7158126831055,-2.6947546005249,3.02910804748535,0.000149919185787439,-0.00265023834072053,42.478946685791,-71.3810119628906,401.521759033203,358.439788818359,-2.67463207244873,1.0453964471817,114.397109985352,56.8605346679688,-2.98147130012512,0.102098383009434,-0.177453115582466,-0.204555109143257,70
738534.46309668384492397308,56.7122039794922,-2.70659232139587,3.05273485183716,0.000149919185787439,-0.00265023834072053,42.4789428710938,-71.3808670043945,400.900299072266,357.7666015625,-2.70278906822205,1.06879484653473,114.397354125977,56.8587646484375,-2.97937417030334,0.101166985929012,-0.177378922700882,-0.200199604034424,70
738534.46309869445394724607,56.7094230651855,-2.71600723266602,3.0732319355011,0.000149919185787439,-0.00265023834072053,42.4789390563965,-71.380744934082,400.372314453125,357.362609863281,-2.70417141914368,1.08347415924072,114.397666931152,56.8575439453125,-2.97894477844238,0.107774972915649,-0.177345305681229,-0.196512788534164,70
738534.46310067339800298214,56.7068634033203,-2.72241759300232,3.09335541725159,0.000149919185787439,-0.00265023834072053,42.478931427002,-71.3806304931641,399.864349365234,357.097503662109,-2.70625615119934,1.09124839305878,114.398162841797,56.856388092041,-2.97994518280029,0.112192451953888,-0.177349373698235,-0.192986220121384,70
738534.46310271555557847023,56.7044792175293,-2.72734665870667,3.11481475830078,0.000149919185787439,-0.00265023834072053,42.4789276123047,-71.3805084228516,399.334747314453,356.820587158203,-2.72457480430603,1.10918438434601,114.398979187012,56.8554191589355,-2.98216867446899,0.108881428837776,-0.17738838493824,-0.189305678009987,70
738534.46310511021874845028,56.7021636962891,-2.74130511283875,3.14104604721069,0.000149919185787439,-0.00265023834072053,42.4789237976074,-71.3803634643555,398.709259033203,356.492492675781,-2.75445795059204,1.16783273220062,114.400444030762,56.8552207946777,-2.98601627349854,0.106256388127804,-0.177478700876236,-0.184989422559738,70
738534.46310729975812137127,56.7005081176758,-2.75613784790039,3.16655564308167,0.000149919185787439,-0.00265023834072053,42.4789199829102,-71.3802337646484,398.141876220703,356.193481445312,-2.77720046043396,1.24515545368195,114.402359008789,56.8557014465332,-2.99097299575806,0.112131141126156,-0.177618622779846,-0.181093037128448,70
738534.46310940559487789869,56.699047088623,-2.7736337184906,3.19221925735474,0.000149919185787439,-0.00265023834072053,42.4789123535156,-71.3801040649414,397.585144042969,355.8984375,-2.76867580413818,1.22624707221985,114.404891967773,56.8565330505371,-2.99749231338501,0.142848789691925,-0.177826344966888,-0.177320271730423,70
738534.46311154111754149199,56.6976089477539,-2.77647590637207,3.21805310249329,0.000149919185787439,-0.00265023834072053,42.4789085388184,-71.3799819946289,397.024383544922,355.56103515625,-2.75529885292053,1.17745220661163,114.408172607422,56.8566932678223,-3.00562429428101,0.147481694817543,-0.178110554814339,-0.173547774553299,70
738534.46311368769966065884,56.6963310241699,-2.78045058250427,3.24245715141296,0.000149919185787439,-0.00265023834072053,42.4789047241211,-71.3798522949219,396.471221923828,354.952575683594,-2.7706618309021,1.14604294300079,114.411911010742,56.8569984436035,-3.01395225524902,0.14032219350338,-0.178436860442162,-0.169838860630989,70
738534.46311576897278428078,56.6953773498535,-2.78814101219177,3.26601910591125,0.000149919185787439,-0.00265023834072053,42.4788970947266,-71.3797302246094,395.912414550781,354.338012695312,-2.78423118591309,1.11396408081055,114.416137695312,56.8577728271484,-3.02209377288818,0.135845303535461,-0.178799778223038,-0.166106313467026,70
738534.46311816200613975525,56.6947326660156,-2.79920554161072,3.29075813293457,0.000149919185787439,-0.00265023834072053,42.4788932800293,-71.3795852661133,395.280609130859,353.643371582031,-2.78705620765686,1.03007709980011,114.421401977539,56.8591003417969,-3.03110885620117,0.135521039366722,-0.179256826639175,-0.161919996142387,70
738534.46312049624975770712,56.6944961547852,-2.80563473701477,3.31233024597168,0.000149919185787439,-0.00265023834072053,42.4788856506348,-71.3794479370117,394.652374267578,352.952819824219,-2.78522229194641,0.904177069664001,114.42716217041,56.8604316711426,-3.04009485244751,0.125016212463379,-0.179767489433289,-0.157781332731247,70
738534.46312251070048660040,56.694580078125,-2.8092634677887,3.32843828201294,0.000149919185787439,-0.00265023834072053,42.4788818359375,-71.3793258666992,394.107452392578,352.353912353516,-2.78853273391724,0.843119859695435,114.432556152344,56.8616371154785,-3.04765176773071,0.103381767868996,-0.180247664451599,-0.154200792312622,70
738534.46312484645750373602,56.6948623657227,-2.81426906585693,3.34425449371338,0.000149919185787439,-0.00265023834072053,42.4788780212402,-71.3791885375977,393.491973876953,351.677551269531,-2.78361392021179,0.775916516780853,114.438941955566,56.863094329834,-3.0556218624115,0.0886490121483803,-0.180823341012001,-0.150197982788086,70
738534.46312720805872231722,56.6952896118164,-2.81283259391785,3.35822343826294,0.000149919185787439,-0.00265023834072053,42.4788703918457,-71.3790435791016,392.864196777344,350.987670898438,-2.779141664505,0.709887325763702,114.44571685791,56.8642730712891,-3.06301617622375,0.0721873342990875,-0.181440472602844,-0.146110907196999,70
738534.46312932169530540705,56.6957359313965,-2.81513929367065,3.3687732219696,0.000149919185787439,-0.00265023834072053,42.4788665771484,-71.3789215087891,392.303192138672,350.371154785156,-2.77732229232788,0.658151984214783,114.451904296875,56.8654556274414,-3.06861019134521,0.0604861453175545,-0.182003632187843,-0.142453968524933,70
738534.46313135279342532158,56.6963844299316,-2.81311345100403,3.37906503677368,0.000149919185787439,-0.00265023834072053,42.4788627624512,-71.3787994384766,391.752044677734,349.765472412109,-2.7765839099884,0.69916957616806,114.4580078125,56.8666114807129,-3.07322478294373,0.0191722083836794,-0.182565480470657,-0.138879150152206,70
738534.46313353255391120911,56.6968803405762,-2.82316732406616,3.39360857009888,0.000149919185787439,-0.00265023834072053,42.4788551330566,-71.3786697387695,391.182739257812,349.139923095703,-2.79782366752625,1.01200425624847,114.464340209961,56.8684692382812,-3.07712292671204,-0.0257097333669662,-0.183151081204414,-0.135197386145592,70
738534.46313566120807081461,56.6964569091797,-2.83745217323303,3.42119002342224,0.000149919185787439,-0.00265023834072053,42.4788513183594,-71.3785400390625,390.604248046875,348.504486083984,-2.79602193832397,1.71670281887054,114.470840454102,56.8704147338867,-3.08124971389771,-0.0304654240608215,-0.183777287602425,-0.131485164165497,70
738534.46313778450712561607,56.6939163208008,-2.84524202346802,3.467609167099,0.000149919185787439,-0.00265023834072053,42.4788475036621,-71.37841796875,390.035339355469,347.879791259766,-2.78767538070679,2.45524668693542,114.477424621582,56.8710823059082,-3.08619451522827,0.0490331724286079,-0.18444450199604,-0.127863973379135,70
738534.46313990151975303888,56.6890296936035,-2.85292315483093,3.53603339195251,0.000149919185787439,-0.00265023834072053,42.4788398742676,-71.378288269043,389.458831787109,347.246887207031,-2.7803168296814,3.1998143196106,114.484252929688,56.8708076477051,-3.09191846847534,0.163870200514793,-0.185168698430061,-0.124218709766865,70
738534.46314202097710222006,56.6816291809082,-2.86047649383545,3.62519812583923,0.000149919185787439,-0.00265023834072053,42.4788360595703,-71.3781585693359,388.884094238281,346.616088867188,-2.76274275779724,3.88342118263245,114.491134643555,56.8694267272949,-3.09813523292542,0.309669971466064,-0.18593555688858,-0.120605617761612,70
738534.46314432891085743904,56.6706504821777,-2.86284756660461,3.74578595161438,0.000149919185787439,-0.00265023834072053,42.4788284301758,-71.3780212402344,388.256988525391,345.927978515625,-2.73262691497803,4.56072616577148,114.498634338379,56.8664169311523,-3.10518598556519,0.454430609941483,-0.186818957328796,-0.116705492138863,70
738534.46314642159268260002,56.6583099365234,-2.86317491531372,3.87159824371338,0.000149919185787439,-0.00265023834072053,42.4788246154785,-71.3778991699219,387.701477050781,345.318511962891,-2.71200752258301,5.1591854095459,114.505233764648,56.8625640869141,-3.1111536026001,0.574716448783875,-0.187628298997879,-0.113255746662617,70
738534.46314842812716960907,56.643367767334,-2.86308979988098,4.0158543586731,0.000149919185787439,-0.00265023834072053,42.478816986084,-71.3777770996094,387.143951416016,344.706848144531,-2.69469237327576,5.75884819030762,114.511711120605,56.8576774597168,-3.11646461486816,0.68907630443573,-0.188454404473305,-0.109832443296909,70
738534.46315053070429712534,56.6257209777832,-2.86289691925049,4.17817354202271,0.000149919185787439,-0.00265023834072053,42.4788093566895,-71.3776550292969,386.585266113281,344.094055175781,-2.67986154556274,6.34615135192871,114.518005371094,56.8517837524414,-3.12093997001648,0.806779623031616,-0.189289823174477,-0.106455251574516,70
738534.46315268357284367085,56.6041870117188,-2.86378836631775,4.36113214492798,0.000149919185787439,-0.00265023834072053,42.4788055419922,-71.3775253295898,385.999114990234,343.451263427734,-2.60997486114502,6.51833438873291,114.524375915527,56.8441276550293,-3.12488222122192,0.996136605739594,-0.190175294876099,-0.10298165678978,70
738534.46315472153946757317,56.5811729431152,-2.83252358436584,4.54522085189819,0.000149919185787439,-0.00265023834072053,42.4787979125977,-71.3774032592773,385.443939208984,342.842224121094,-2.57208013534546,6.50996732711792,114.529998779297,56.8340682983398,-3.12741160392761,1.0517590045929,-0.191009283065796,-0.0997608453035355,70
738534.46315687196329236031,56.5565605163574,-2.81374907493591,4.73220300674438,0.000149919185787439,-0.00265023834072053,42.4787902832031,-71.3772811889648,384.883331298828,342.226898193359,-2.57991743087769,6.52079010009766,114.534980773926,56.8238983154297,-3.12659454345703,1.06946289539337,-0.191777497529984,-0.0965668112039566,70
738534.46315885067451745272,56.5319633483887,-2.79771637916565,4.91609287261963,0.000149919185787439,-0.00265023834072053,42.4787826538086,-71.3771591186523,384.338531494141,341.628692626953,-2.60819482803345,6.55275201797485,114.539024353027,56.8142395019531,-3.12241625785828,1.06343114376068,-0.192435175180435,-0.0935480371117592,70
738534.46316123835276812315,56.5032119750977,-2.79982447624207,5.13010215759277,0.000149919185787439,-0.00265023834072053,42.4787750244141,-71.3770141601562,383.704772949219,340.932800292969,-2.6722047328949,6.61931180953979,114.542953491211,56.8046646118164,-3.11451125144958,1.05593681335449,-0.193102449178696,-0.0901703089475632,70
738534.46316349937114864588,56.476245880127,-2.81561160087585,5.33473205566406,0.000149919185787439,-0.00265023834072053,42.4787635803223,-71.3768768310547,383.099151611328,340.268127441406,-2.74893307685852,6.66519355773926,114.546287536621,56.797477722168,-3.10662412643433,1.05305337905884,-0.193701803684235,-0.087110236287117,70
738534.46316579007543623447,56.4499473571777,-2.84785556793213,5.53928375244141,0.000149919185787439,-0.00265023834072053,42.4787559509277,-71.3767471313477,382.486297607422,339.596160888672,-2.80810046195984,6.655837059021,114.549896240234,56.7925186157227,-3.10136890411377,1.05310833454132,-0.194350063800812,-0.0841947942972183,70
738534.46316808415576815605,56.4240531921387,-2.88326501846313,5.74560594558716,0.000149919185787439,-0.00265023834072053,42.4787445068359,-71.3766098022461,381.859405517578,338.909576416016,-2.85338258743286,6.60550689697266,114.554466247559,56.7890739440918,-3.10131978988647,1.05027723312378,-0.195137351751328,-0.0814124494791031,70
738534.46317043784074485302,56.3987579345703,-2.9199652671814,5.95152187347412,0.000149919185787439,-0.00265023834072053,42.4787368774414,-71.37646484375,381.221832275391,338.212127685547,-2.89664578437805,6.53246116638184,114.560485839844,56.7870292663574,-3.10757851600647,1.03775525093079,-0.196111619472504,-0.0787922963500023,70
738534.46317279629874974489,56.3743057250977,-2.95764541625977,6.15732765197754,0.000149919185787439,-0.00265023834072053,42.4787254333496,-71.3763275146484,380.570190429688,337.500091552734,-2.96355533599854,6.4430456161499,114.568313598633,56.7866401672363,-3.12011480331421,1.01845216751099,-0.197308152914047,-0.0763375163078308,70
738534.46317506546620279551,56.3519859313965,-3.00507426261902,6.35359001159668,0.000149919185787439,-0.00265023834072053,42.4787139892578,-71.3761901855469,379.928588867188,336.386779785156,-3.02729558944702,6.35461235046387,114.577880859375,56.7886009216309,-3.13781094551086,0.994636952877045,-0.198695942759514,-0.0741506069898605,70
738534.46317732881288975477,56.3307914733887,-3.05399084091187,6.54605293273926,0.000149919185787439,-0.00265023834072053,42.478702545166,-71.3760604858398,379.281036376953,334.845977783203,-3.06745171546936,6.26679849624634,114.589485168457,56.7920379638672,-3.16097211837769,0.97152704000473,-0.200333878397942,-0.0721624940633774,70
738534.46317934070248156786,56.312915802002,-3.09749794006348,6.71196699142456,0.000149919185787439,-0.00265023834072053,42.4786949157715,-71.3759384155273,378.707244873047,333.490295410156,-3.10112857818604,6.190185546875,114.601402282715,56.7960357666016,-3.18560218811035,0.952946424484253,-0.201996684074402,-0.0705797150731087,70
738534.46318165608681738377,56.2928123474121,-3.14856600761414,6.9033145904541,0.000149919185787439,-0.00265023834072053,42.4786834716797,-71.3758010864258,378.026885986328,331.948333740234,-3.13952779769897,6.1007833480835,114.617416381836,56.8018493652344,-3.21891856193542,0.933027505874634,-0.204229459166527,-0.0689270198345184,70
738534.46318397228606045246,56.2738189697266,-3.19721484184265,7.09179878234863,0.000149919185787439,-0.00265023834072053,42.4786720275879,-71.3756637573242,377.337463378906,331.078735351562,-3.18717312812805,6.01151466369629,114.635673522949,56.8089637756348,-3.25628042221069,0.916674494743347,-0.206775739789009,-0.0674816146492958,70
738534.46318626962602138519,56.2563858032227,-3.24544239044189,7.27471113204956,0.000149919185787439,-0.00265023834072053,42.4786567687988,-71.3755340576172,376.648773193359,330.210784912109,-3.2362859249115,5.92358112335205,114.65608215332,56.8175621032715,-3.2960946559906,0.90108847618103,-0.209592223167419,-0.0662592723965645,70
738534.46318864764180034399,56.2394332885742,-3.29490685462952,7.46411037445068,0.000149919185787439,-0.00265023834072053,42.478645324707,-71.3753890991211,375.915222167969,329.287078857422,-3.28576993942261,5.83120346069336,114.680213928223,56.8281898498535,-3.34036135673523,0.885183155536652,-0.212879151105881,-0.0651808679103851,70
738534.46319106314331293106,56.2238883972168,-3.34425830841064,7.65072154998779,0.000149919185787439,-0.00265023834072053,42.478630065918,-71.375244140625,375.169525146484,328.348846435547,-3.33285284042358,5.71600675582886,114.707206726074,56.8405075073242,-3.38638710975647,0.878216683864594,-0.216510444879532,-0.0643201470375061,70
738534.46319308725651353598,56.2126770019531,-3.39177012443542,7.80186462402344,0.000149919185787439,-0.00265023834072053,42.4786186218262,-71.375129699707,374.528778076172,327.543395996094,-3.3722186088562,5.36603355407715,114.732330322266,56.8527755737305,-3.42634463310242,0.932163596153259,-0.219853460788727,-0.0637591555714607,70
738534.46319513965863734484,56.2048301696777,-3.43563079833984,7.93804454803467,0.000149919185787439,-0.00265023834072053,42.4786071777344,-71.3750076293945,373.889251708984,326.740356445312,-3.41627931594849,4.54638338088989,114.759170532227,56.8665008544922,-3.46670031547546,0.931115329265594,-0.223397850990295,-0.0633545443415642,70
738534.46319719869643449783,56.2015495300293,-3.47422862052917,8.05810070037842,0.000149919185787439,-0.00265023834072053,42.4785957336426,-71.374885559082,373.216369628906,325.896118164062,-3.45939922332764,3.63377666473389,114.789398193359,56.8824882507324,-3.50951719284058,0.837213635444641,-0.227348148822784,-0.0630936250090599,70
738534.46319917100481688976,56.2034072875977,-3.5074999332428,8.14941120147705,0.000149919185787439,-0.00265023834072053,42.4785842895508,-71.3747634887695,372.567199707031,325.082397460938,-3.49733567237854,2.76581954956055,114.82039642334,56.8993721008301,-3.55034232139587,0.712206065654755,-0.231354996562004,-0.062995083630085,70
738534.46320139185991138220,56.209903717041,-3.53766822814941,8.22660446166992,0.000149919185787439,-0.00265023834072053,42.4785690307617,-71.374641418457,371.870819091797,324.210144042969,-3.53065395355225,2.2082998752594,114.855690002441,56.9187622070312,-3.5930495262146,0.45982027053833,-0.235842376947403,-0.0630414932966232,70
738534.46320339303929358721,56.2190284729004,-3.56310153007507,8.29052639007568,0.000149919185787439,-0.00265023834072053,42.4785575866699,-71.37451171875,371.170867919922,323.334014892578,-3.56939697265625,2.13385391235352,114.892974853516,56.9386329650879,-3.63400077819824,0.318506628274918,-0.240528792142868,-0.063231036067009,70
738534.46320540586020797491,56.2288932800293,-3.58745503425598,8.34807586669922,0.000149919185787439,-0.00265023834072053,42.4785423278809,-71.374397277832,370.494659423828,322.488189697266,-3.59965372085571,2.06406784057617,114.930358886719,56.958309173584,-3.67112636566162,0.246418699622154,-0.245198279619217,-0.0635406374931335,70
738534.46320747293066233397,56.2397727966309,-3.61149430274963,8.40267276763916,0.000149919185787439,-0.00265023834072053,42.4785308837891,-71.3742752075195,369.814575195312,321.638092041016,-3.62642335891724,1.99407935142517,114.969139099121,56.9785919189453,-3.70605945587158,0.206969246268272,-0.250021040439606,-0.0639669448137283,70
738534.46320961089804768562,56.2520027160645,-3.6356885433197,8.45634078979492,0.000149919185787439,-0.00265023834072053,42.478515625,-71.3741455078125,369.106872558594,320.753997802734,-3.65143418312073,1.92134070396423,115.010589599609,57.0001373291016,-3.74005484580994,0.187348634004593,-0.255166709423065,-0.0645255222916603,70
738534.46321166295092552900,56.2656745910645,-3.6543140411377,8.50812149047852,0.000149919185787439,-0.00265023834072053,42.4785041809082,-71.3740234375,368.387329101562,320.670867919922,-3.69165802001953,1.84722030162811,115.053764343262,57.0225257873535,-3.77233791351318,0.180001184344292,-0.260526150465012,-0.0652044788002968,70
738534.46321413351688534021,56.2832641601562,-3.67724847793579,8.56379413604736,0.000149919185787439,-0.00265023834072053,42.4784889221191,-71.3738784790039,367.566131591797,320.802124023438,-3.75269985198975,1.76281630992889,115.104598999023,57.0496864318848,-3.80622220039368,0.180000811815262,-0.266781449317932,-0.0660917311906815,70
738534.46321643132250756025,56.3024368286133,-3.69775128364563,8.61526393890381,0.000149919185787439,-0.00265023834072053,42.4784736633301,-71.3737411499023,366.762573242188,320.92626953125,-3.80296492576599,1.68028283119202,115.156272888184,57.0776710510254,-3.83665418624878,0.182380110025406,-0.273033976554871,-0.0670641884207726,70
738534.46321879152674227953,56.3229522705078,-3.71629166603088,8.66335582733154,0.000149919185787439,-0.00265023834072053,42.478458404541,-71.3736038208008,365.968688964844,321.045196533203,-3.84544277191162,1.59887874126434,115.20930480957,57.106388092041,-3.8643856048584,0.183538362383842,-0.279331356287003,-0.0681167319417,70
738534.46322108397725969553,56.3454513549805,-3.7340042591095,8.71009922027588,0.000149919185787439,-0.00265023834072053,42.478443145752,-71.3734664916992,365.151184082031,321.164428710938,-3.88179874420166,1.51530849933624,115.266006469727,57.1368408203125,-3.89076089859009,0.182294994592667,-0.285931885242462,-0.0692932307720184,70
738534.46322349295951426029,56.3688201904297,-3.74907112121582,8.75380229949951,0.000149919185787439,-0.00265023834072053,42.4784278869629,-71.3733215332031,364.339141845703,321.279693603516,-3.89731001853943,1.43266975879669,115.324241638184,57.1675453186035,-3.91494131088257,0.179679244756699,-0.292596757411957,-0.0705460235476494,70
738534.46322551590856164694,56.3893623352051,-3.75826001167297,8.78960514068604,0.000149919185787439,-0.00265023834072053,42.4784126281738,-71.3732070922852,363.634918212891,321.3779296875,-3.87871217727661,1.36148011684418,115.376174926758,57.1938972473145,-3.93433594703674,0.174845725297928,-0.298458218574524,-0.071698822081089,70
738534.46322751941625028849,56.4095573425293,-3.75358009338379,8.82336902618408,0.000149919185787439,-0.00265023834072053,42.478401184082,-71.3730850219727,362.936462402344,321.475372314453,-3.8234384059906,1.2904200553894,115.4287109375,57.2186965942383,-3.95181798934937,0.171421155333519,-0.304339826107025,-0.072894461452961,70
738534.46322952816262841225,56.4298248291016,-3.7332444190979,8.85632991790771,0.000149919185787439,-0.00265023834072053,42.478385925293,-71.3729629516602,362.217407226562,321.387084960938,-3.76263499259949,1.21167612075806,115.483680725098,57.2424392700195,-3.9668390750885,0.163917183876038,-0.310441106557846,-0.0741817280650139,70
738534.46323189500253647566,56.4512519836426,-3.70088696479797,8.89082717895508,0.000149919185787439,-0.00265023834072053,42.4783706665039,-71.3728179931641,361.407623291016,320.608062744141,-3.67433857917786,1.12247037887573,115.545692443848,57.2668075561523,-3.97802662849426,0.151747226715088,-0.317305564880371,-0.0756935477256775,70
738534.46323407290037721395,56.4688949584961,-3.65884947776794,8.91943645477295,0.000149919185787439,-0.00265023834072053,42.4783554077148,-71.3726959228516,360.680450439453,319.908843994141,-3.58416152000427,1.04320979118347,115.600845336914,57.285945892334,-3.98141598701477,0.139716863632202,-0.323411554098129,-0.0771249607205391,70
738534.46323620982002466917,56.4845428466797,-3.60686635971069,8.94549083709717,0.000149919185787439,-0.00265023834072053,42.4783401489258,-71.3725662231445,359.958526611328,319.214996337891,-3.48226308822632,0.965415894985199,115.654106140137,57.3021354675293,-3.97723746299744,0.1274434030056,-0.329363822937012,-0.0786081999540329,70
738534.46323848026804625988,56.4984855651855,-3.53860068321228,8.96986675262451,0.000149919185787439,-0.00265023834072053,42.4783248901367,-71.3724365234375,359.216094970703,318.501983642578,-3.36876702308655,0.884986400604248,115.706741333008,57.3154335021973,-3.96380496025085,0.113602302968502,-0.335316300392151,-0.0802181586623192,70
738534.46324076689779758453,56.5098876953125,-3.45854616165161,8.99156761169434,0.000149919185787439,-0.00265023834072053,42.4783096313477,-71.3722991943359,358.474212646484,317.790069580078,-3.25523614883423,0.803555369377136,115.756340026855,57.3251876831055,-3.93978095054626,0.0991625487804413,-0.341019541025162,-0.0819037109613419,70
738534.46324300894048064947,56.5183792114258,-3.37075614929199,9.00994396209717,0.000149919185787439,-0.00265023834072053,42.4782943725586,-71.3721618652344,357.751800537109,317.097534179688,-3.14704585075378,0.722672760486603,115.80094909668,57.3312149047852,-3.9050452709198,0.0841068923473358,-0.346261620521545,-0.0836274847388268,70
738534.46324508730322122574,56.523681640625,-3.2850456237793,9.02402114868164,0.000149919185787439,-0.00265023834072053,42.4782829284668,-71.3720397949219,357.097320556641,316.470825195312,-3.05094718933105,0.647887527942657,115.837577819824,57.3336791992188,-3.8634033203125,0.0700789391994476,-0.350678324699402,-0.0852536559104919,70
738534.46324725565500557423,56.5265579223633,-3.19689512252808,9.03515720367432,0.000149919185787439,-0.00265023834072053,42.4782676696777,-71.3719100952148,356.463226318359,315.864288330078,-2.9593517780304,0.573860764503479,115.869155883789,57.3332901000977,-3.8135142326355,0.0566250346601009,-0.354603081941605,-0.0869126617908478,70
738534.46324939338956028223,56.527172088623,-3.09947395324707,9.04416084289551,0.000149919185787439,-0.00265023834072053,42.4782524108887,-71.3717727661133,355.784973144531,315.21630859375,-2.87646150588989,0.493051171302795,115.898231506348,57.329963684082,-3.74957609176636,0.0409643948078156,-0.358355164527893,-0.0887798815965652,70
738534.46325138024985790253,56.5258178710938,-3.02076864242554,9.04914283752441,0.000149919185787439,-0.00265023834072053,42.4782371520996,-71.3716583251953,355.219512939453,314.6767578125,-2.82167792320251,0.424939811229706,115.918167114258,57.3252105712891,-3.68897724151611,0.0272013302892447,-0.361081451177597,-0.0903925597667694,70
738534.46325372997671365738,56.5222625732422,-2.93539524078369,9.05186080932617,0.000149919185787439,-0.00265023834072053,42.4782218933105,-71.3715209960938,354.571929931641,314.059600830078,-2.75415992736816,0.345503121614456,115.935997009277,57.317699432373,-3.61235523223877,0.0138381412252784,-0.363728106021881,-0.0923171862959862,70
738534.46325615479145199060,56.5164070129395,-2.8486602306366,9.05124855041504,0.000149919185787439,-0.00265023834072053,42.4782066345215,-71.3713760375977,353.921295166016,313.43798828125,-2.67429447174072,0.263812839984894,115.94832611084,57.3074531555176,-3.52933025360107,0.00251222169026732,-0.365859478712082,-0.0943358391523361,70
738534.46325824968516826630,56.5095825195312,-2.77379608154297,9.04793262481689,0.000149919185787439,-0.00265023834072053,42.4781913757324,-71.3712539672852,353.364288330078,312.905242919922,-2.62298107147217,0.192111074924469,115.954238891602,57.2965240478516,-3.45438575744629,-0.00990540999919176,-0.367241710424423,-0.096135139465332,70
738534.46326027647592127323,56.5016632080078,-2.70451092720032,9.04227447509766,0.000149919185787439,-0.00265023834072053,42.4781761169434,-71.3711318969727,352.830688476562,312.395416259766,-2.58339285850525,0.127377897500992,115.955772399902,57.2845115661621,-3.38026213645935,-0.0260893646627665,-0.368160963058472,-0.0979120805859566,70
738534.46326235064771026373,56.4929962158203,-2.64810299873352,9.03477668762207,0.000149919185787439,-0.00265023834072053,42.4781646728516,-71.3710098266602,352.312164306641,311.900482177734,-2.58308959007263,0.0958151444792747,115.953392028809,57.272144317627,-3.30684161186218,-0.0436045713722706,-0.36866483092308,-0.0996885597705841,70
738534.46326443983707576990,56.4835014343262,-2.60413861274719,9.02567195892334,0.000149919185787439,-0.00265023834072053,42.4781494140625,-71.3708877563477,351.787994384766,311.137603759766,-2.56964373588562,0.0673934891819954,115.947265625,57.2593231201172,-3.23309421539307,-0.051414430141449,-0.36880499124527,-0.101529404520988,70
738534.46326653135474771261,56.4732437133789,-2.56636595726013,9.01533317565918,0.000149919185787439,-0.00265023834072053,42.4781341552734,-71.3707580566406,351.270294189453,310.205169677734,-2.54383754730225,0.0376135632395744,115.937828063965,57.2458686828613,-3.16293787956238,-0.0527783036231995,-0.368624150753021,-0.103377461433411,70
738534.46326864848379045725,56.4622459411621,-2.53361892700195,9.00333690643311,0.000149919185787439,-0.00265023834072053,42.4781188964844,-71.3706359863281,350.759307861328,309.279846191406,-2.50401711463928,-0.0309372171759605,115.925453186035,57.2316741943359,-3.09777283668518,-0.047850463539362,-0.368175894021988,-0.105239927768707,70
738534.46327080880291759968,56.4509239196777,-2.5013415813446,8.98598575592041,0.000149919185787439,-0.00265023834072053,42.4781074523926,-71.3705062866211,350.23681640625,308.328552246094,-2.47318077087402,-0.297705799341202,115.909881591797,57.2163581848145,-3.03599977493286,-0.0180393122136593,-0.367469936609268,-0.107173547148705,70
738534.46327290288172662258,56.4416313171387,-2.48140692710876,8.95789527893066,0.000149919185787439,-0.00265023834072053,42.4780921936035,-71.3703842163086,349.739349365234,307.4189453125,-2.45258259773254,-0.883845329284668,115.892639160156,57.2019157409668,-2.98213219642639,0.0268775206059217,-0.366584032773972,-0.109030410647392,70
738534.46327512722928076982,56.4358024597168,-2.46006178855896,8.90559768676758,0.000149919185787439,-0.00265023834072053,42.4780769348145,-71.3702545166016,349.219421386719,306.465301513672,-2.41988348960876,-2.00346207618713,115.872375488281,57.1870727539062,-2.93157601356506,-0.0153119340538979,-0.365480780601501,-0.110993109643459,70
738534.46327727299649268389,56.4355201721191,-2.43413805961609,8.8224515914917,0.000149919185787439,-0.00265023834072053,42.4780616760254,-71.3701248168945,348.715362548828,305.536437988281,-2.38598728179932,-3.11521768569946,115.85082244873,57.1727981567383,-2.88777446746826,-0.148880273103714,-0.364246994256973,-0.11290530115366,70
738534.46327965438831597567,56.4406776428223,-2.40335178375244,8.69927978515625,0.000149919185787439,-0.00265023834072053,42.4780464172363,-71.369987487793,348.186462402344,304.556701660156,-2.33916878700256,-4.19255542755127,115.826210021973,57.1577072143555,-2.84598684310913,-0.353583723306656,-0.362765371799469,-0.114928916096687,70
738534.46328228909987956285,56.4514198303223,-2.35772562026978,8.51553249359131,0.000149919185787439,-0.00265023834072053,42.4780311584473,-71.3698272705078,347.564086914062,303.395141601562,-2.27215838432312,-4.81934452056885,115.794288635254,57.138744354248,-2.80008935928345,-0.657325506210327,-0.360737532377243,-0.117320522665977,70
738534.46328468911815434694,56.4619255065918,-2.31284403800964,8.3359956741333,0.000149919185787439,-0.00265023834072053,42.4780158996582,-71.3696823120117,347.026275634766,302.382141113281,-2.24591064453125,-4.95580530166626,115.764068603516,57.1208114624023,-2.76151084899902,-0.837501466274261,-0.358673930168152,-0.119334571063519,70
738534.46328693244140595198,56.4717712402344,-2.27971029281616,8.15396308898926,0.000149919185787439,-0.00265023834072053,42.4780006408691,-71.3695449829102,346.506530761719,301.395263671875,-2.23648810386658,-5.03055381774902,115.731986999512,57.1029357910156,-2.72375440597534,-0.919077336788177,-0.356372147798538,-0.121237620711327,70
738534.46328915655612945557,56.4808502197266,-2.25359129905701,7.97798824310303,0.000149919185787439,-0.00265023834072053,42.4779853820801,-71.3694152832031,346.019561767578,300.464752197266,-2.237961769104,-5.0918083190918,115.699394226074,57.0860176086426,-2.68846106529236,-0.954850673675537,-0.353956282138824,-0.122954726219177,70
738534.46329139091540127993,56.4897193908691,-2.23645710945129,7.80001544952393,0.000149919185787439,-0.00265023834072053,42.4779739379883,-71.3692779541016,345.537506103516,299.539001464844,-2.24521112442017,-5.15108156204224,115.664932250977,57.069522857666,-2.65449929237366,-0.966196715831757,-0.351351141929626,-0.124575898051262,70
738534.46329350874293595552,56.4982032775879,-2.22653269767761,7.62656545639038,0.000149919185787439,-0.00265023834072053,42.4779624938965,-71.3691558837891,345.075347900391,298.648559570312,-2.25380825996399,-5.20527267456055,115.63028717041,57.0540885925293,-2.62405633926392,-0.965425729751587,-0.348697394132614,-0.12602898478508,70
738534.46329556405544281006,56.5063171386719,-2.22112655639648,7.45867443084717,0.000149919185787439,-0.00265023834072053,42.4779510498047,-71.3690338134766,344.633514404297,297.795257568359,-2.26262974739075,-5.25233173370361,115.596031188965,57.0397148132324,-2.5977795124054,-0.960194647312164,-0.346058338880539,-0.127303764224052,70
738534.46329794893972575665,56.5157623291016,-2.22028493881226,7.26232385635376,0.000149919185787439,-0.00265023834072053,42.4779357910156,-71.3688888549805,344.120483398438,296.803039550781,-2.28109502792358,-5.27822923660278,115.555290222168,57.0237007141113,-2.5714373588562,-0.959511518478394,-0.342911928892136,-0.128635928034782,70
738534.46330032416153699160,56.5251770019531,-2.22836422920227,7.06796026229858,0.000149919185787439,-0.00265023834072053,42.4779243469238,-71.3687438964844,343.609252929688,295.813934326172,-2.31110119819641,-5.20425319671631,115.514205932617,57.0089225769043,-2.55021119117737,-0.962037026882172,-0.339740514755249,-0.129792079329491,70
738534.46330240671522915363,56.5331611633301,-2.24307465553284,6.90203094482422,0.000149919185787439,-0.00265023834072053,42.477912902832,-71.3686218261719,343.160247802734,294.946502685547,-2.33618640899658,-5.02588081359863,115.478141784668,56.9970855712891,-2.53624391555786,-0.974224209785461,-0.336977303028107,-0.130659729242325,70
738534.46330442279577255249,56.5401268005371,-2.26501703262329,6.74984550476074,0.000149919185787439,-0.00265023834072053,42.4779014587402,-71.3684997558594,342.7197265625,294.097900390625,-2.36210823059082,-4.50384759902954,115.443428039551,56.9866333007812,-2.5273289680481,-0.997061014175415,-0.334337741136551,-0.13136225938797,70
738534.46330649103038012981,56.5452423095703,-2.28360962867737,6.60996389389038,0.000149919185787439,-0.00265023834072053,42.4778938293457,-71.3683776855469,342.271545410156,293.381042480469,-2.38591742515564,-3.87460398674011,115.408988952637,56.9760551452637,-2.52330231666565,-0.935363411903381,-0.331759721040726,-0.131929084658623,70
738534.46330861363094300032,56.5482292175293,-2.30206918716431,6.48515892028809,0.000149919185787439,-0.00265023834072053,42.4778823852539,-71.3682556152344,341.812713623047,292.649749755859,-2.40910744667053,-3.24902558326721,115.374847412109,56.9654197692871,-2.52384042739868,-0.833487510681152,-0.329240351915359,-0.132353514432907,70
738534.46331100619863718748,56.5491065979004,-2.32444620132446,6.35922956466675,0.000149919185787439,-0.00265023834072053,42.4778709411621,-71.3681106567383,341.264495849609,291.777740478516,-2.4336268901825,-2.60505151748657,115.335823059082,56.9529991149902,-2.52949619293213,-0.699610769748688,-0.326390296220779,-0.132661268115044,70
738534.46331310085952281952,56.5481071472168,-2.34413480758667,6.26707410812378,0.000149919185787439,-0.00265023834072053,42.4778594970703,-71.3679885864258,340.790893554688,291.026245117188,-2.45249557495117,-2.16877746582031,115.3037109375,56.9425964355469,-2.53786444664001,-0.537868142127991,-0.324069321155548,-0.132759988307953,70
738534.46331541566178202629,56.5459136962891,-2.36245727539062,6.17608022689819,0.000149919185787439,-0.00265023834072053,42.4778480529785,-71.3678436279297,340.26318359375,290.190765380859,-2.47699546813965,-2.12132930755615,115.269813537598,56.9312362670898,-2.55002927780151,-0.412752777338028,-0.321636348962784,-0.132702305912971,70
738534.46331772906705737114,56.5441207885742,-2.38313579559326,6.08992671966553,0.000149919185787439,-0.00265023834072053,42.477840423584,-71.3677062988281,339.736877441406,289.359313964844,-2.50175142288208,-2.06021928787231,115.237937927246,56.9210357666016,-2.56421256065369,-0.364184528589249,-0.319358885288239,-0.132476344704628,70
738534.46332008671015501022,56.5426330566406,-2.40587210655212,6.00686454772949,0.000149919185787439,-0.00265023834072053,42.4778289794922,-71.3675689697266,339.201293945312,288.515319824219,-2.52483916282654,-1.94057941436768,115.207534790039,56.9116859436035,-2.58020710945129,-0.344950646162033,-0.31719708442688,-0.132091820240021,70
738534.46332220803014934063,56.5413055419922,-2.42874598503113,5.93612766265869,0.000149919185787439,-0.00265023834072053,42.4778175354004,-71.3674468994141,338.7060546875,287.737060546875,-2.54495286941528,-1.72081923484802,115.181251525879,56.9039154052734,-2.59626698493958,-0.34290423989296,-0.315345793962479,-0.131601855158806,70
738534.46332422562409192324,56.5397186279297,-2.44934797286987,5.87568378448486,0.000149919185787439,-0.00265023834072053,42.4778099060059,-71.3673248291016,338.235748291016,286.999816894531,-2.56279897689819,-1.4841775894165,115.158042907715,56.8969497680664,-2.6124849319458,-0.322942197322845,-0.31372407078743,-0.131036460399628,70
738534.46332618955057114363,56.5377731323242,-2.46977114677429,5.82268476486206,0.000149919185787439,-0.00265023834072053,42.4778022766113,-71.3672027587891,337.768035888672,286.323089599609,-2.58029985427856,-1.25081610679626,115.13655090332,56.8904495239258,-2.62939786911011,-0.297756969928741,-0.312242239713669,-0.130380183458328,70
738534.46332853054627776146,56.5352745056152,-2.4920175075531,5.76863574981689,0.000149919185787439,-0.00265023834072053,42.4777908325195,-71.3670654296875,337.211700439453,286.077514648438,-2.61295628547668,-0.975726723670959,115.112945556641,56.883430480957,-2.65024328231812,-0.264733284711838,-0.310643017292023,-0.129492148756981,70
738534.46333087910898029804,56.5327682495117,-2.51530838012695,5.72445964813232,0.000149919185787439,-0.00265023834072053,42.477783203125,-71.3669281005859,336.659576416016,285.831207275391,-2.64610362052917,-0.705865859985352,115.091705322266,56.877498626709,-2.67137956619263,-0.226907789707184,-0.309226512908936,-0.128498911857605,70
738534.46333290904294699430,56.5304679870605,-2.53597092628479,5.6924090385437,0.000149919185787439,-0.00265023834072053,42.4777717590332,-71.3668060302734,336.164306640625,285.608032226562,-2.67340660095215,-0.482587695121765,115.074493408203,56.872917175293,-2.69065284729004,-0.188237741589546,-0.308098286390305,-0.12752091884613,70
738534.46333497029263526201,56.5281257629395,-2.55665755271912,5.66708040237427,0.000149919185787439,-0.00265023834072053,42.4777641296387,-71.3666839599609,335.666748046875,285.381805419922,-2.69845604896545,-0.26371967792511,115.059020996094,56.8689804077148,-2.71017932891846,-0.151734098792076,-0.30709907412529,-0.126473352313042,70
738534.46333726041484624147,56.5253829956055,-2.57968020439148,5.64635038375854,0.000149919185787439,-0.00265023834072053,42.4777526855469,-71.3665466308594,335.104858398438,285.123931884766,-2.7253999710083,-0.0225117262452841,115.043716430664,56.865234375,-2.73230576515198,-0.108794122934341,-0.306130349636078,-0.125222086906433,70
738534.46333963691722601652,56.5222778320312,-2.60278296470642,5.63232421875,0.000149919185787439,-0.00265023834072053,42.4777450561523,-71.3664093017578,334.51611328125,284.851135253906,-2.7391951084137,0.157681778073311,115.02995300293,56.8618087768555,-2.75558066368103,-0.057173315435648,-0.305291801691055,-0.123829133808613,70
738534.46334199316333979368,56.5190925598145,-2.62194800376892,5.6250638961792,0.000149919185787439,-0.00265023834072053,42.4777336120605,-71.3662643432617,333.936004638672,284.579986572266,-2.7498517036438,0.33248570561409,115.018577575684,56.8588027954102,-2.77834820747375,-0.0279326979070902,-0.304632842540741,-0.122397102415562,70
738534.46334434486925601959,56.5156211853027,-2.63981866836548,5.62429857254028,0.000149919185787439,-0.00265023834072053,42.477725982666,-71.3661270141602,333.344696044922,284.301635742188,-2.76657319068909,0.540047824382782,115.008979797363,56.8561058044434,-2.80099844932556,-0.00434969272464514,-0.304114699363708,-0.120878480374813,70
738534.46334667154587805271,56.5119018554688,-2.65937948226929,5.63083362579346,0.000149919185787439,-0.00265023834072053,42.4777145385742,-71.3659896850586,332.753784179688,284.021392822266,-2.79116058349609,0.77373480796814,115.001205444336,56.8539657592773,-2.82278895378113,0.0247796177864075,-0.303738534450531,-0.119311958551407,70
738534.46334862755611538887,56.5085487365723,-2.67638182640076,5.64240217208862,0.000149919185787439,-0.00265023834072053,42.4777069091797,-71.3658676147461,332.253692626953,283.782592773438,-2.80976557731628,0.970027923583984,114.995918273926,56.8525810241699,-2.84065556526184,0.0524688884615898,-0.303529471158981,-0.117959104478359,70
738534.46335067518521100283,56.5047569274902,-2.6946918964386,5.66056108474731,0.000149919185787439,-0.00265023834072053,42.4776992797852,-71.3657455444336,331.724151611328,283.528045654297,-2.82840776443481,1.17634963989258,114.991584777832,56.8514823913574,-2.85918259620667,0.0833629816770554,-0.303418040275574,-0.116506546735764,70
738534.46335274283774197102,56.5006713867188,-2.71331286430359,5.68491125106812,0.000149919185787439,-0.00265023834072053,42.4776878356934,-71.3656234741211,331.190826416016,283.269927978516,-2.84635615348816,1.3825740814209,114.988510131836,56.8507347106934,-2.87752914428711,0.11539065092802,-0.30342224240303,-0.115029238164425,70
738534.46335516264662146568,56.4956207275391,-2.73617839813232,5.71980571746826,0.000149919185787439,-0.00265023834072053,42.4776802062988,-71.365478515625,330.575469970703,282.969940185547,-2.86297965049744,1.59285366535187,114.986465454102,56.8503112792969,-2.89843916893005,0.168546974658966,-0.303571939468384,-0.113317243754864,70
738534.46335734368767589331,56.4905815124512,-2.75169324874878,5.75677728652954,0.000149919185787439,-0.00265023834072053,42.477668762207,-71.365348815918,330.010620117188,282.692596435547,-2.8584132194519,1.65572702884674,114.985946655273,56.8497848510742,-2.91764974594116,0.205158859491348,-0.303848683834076,-0.111734323203564,70
738534.46335967490449547768,56.4852447509766,-2.76588225364685,5.79925775527954,0.000149919185787439,-0.00265023834072053,42.4776611328125,-71.3652191162109,329.420715332031,282.401580810547,-2.8753707408905,1.81250417232513,114.986640930176,56.8494873046875,-2.93729567527771,0.209704220294952,-0.304263114929199,-0.110085353255272,70
738534.46336185769177973270,56.4796524047852,-2.78333377838135,5.84556818008423,0.000149919185787439,-0.00265023834072053,42.4776496887207,-71.3650894165039,328.839019775391,282.112976074219,-2.88926482200623,1.97555232048035,114.988441467285,56.8495254516602,-2.95585680007935,0.239600598812103,-0.304782778024673,-0.108477115631104,70
738534.46336409542709589005,56.4735221862793,-2.79634642601013,5.89811277389526,0.000149919185787439,-0.00265023834072053,42.4776420593262,-71.3649520874023,328.240783691406,281.814727783203,-2.8903796672821,2.09453821182251,114.991333007812,56.8495063781738,-2.97428488731384,0.264326930046082,-0.305431991815567,-0.106837674975395,70
738534.46336622245144098997,56.4674224853516,-2.80634880065918,5.95084190368652,0.000149919185787439,-0.00265023834072053,42.4776306152344,-71.3648223876953,327.678588867188,281.533355712891,-2.89542174339294,2.18702793121338,114.994941711426,56.8494300842285,-2.9907386302948,0.285769134759903,-0.306136608123779,-0.105321563780308,70
738534.46336857252754271030,56.4603118896484,-2.81698870658875,6.01345014572144,0.000149919185787439,-0.00265023834072053,42.4776191711426,-71.3646850585938,327.046112060547,281.215789794922,-2.90414834022522,2.27893376350403,114.999855041504,56.8494873046875,-3.00798606872559,0.302837371826172,-0.307021975517273,-0.103656768798828,70
738534.46337059279903769493,56.4540824890137,-2.82562041282654,6.06976413726807,0.000149919185787439,-0.00265023834072053,42.477611541748,-71.3645629882812,326.500640869141,280.941040039062,-2.91838049888611,2.34490466117859,115.004745483398,56.8497123718262,-3.02176761627197,0.317830175161362,-0.307855397462845,-0.102247796952724,70
738534.46337264019530266523,56.4481811523438,-2.83714056015015,6.1262035369873,0.000149919185787439,-0.00265023834072053,42.4776039123535,-71.3644409179688,325.960876464844,280.642364501953,-2.94493174552917,2.33003926277161,115.010162353516,56.8504791259766,-3.03444766998291,0.343266844749451,-0.308739900588989,-0.100887916982174,70
738534.46337496233172714710,56.4422378540039,-2.85599827766418,6.19040870666504,0.000149919185787439,-0.00265023834072053,42.4775924682617,-71.3643035888672,325.335418701172,280.272094726562,-2.98786902427673,2.23513293266296,115.017143249512,56.8524780273438,-3.04842019081116,0.346752315759659,-0.309847861528397,-0.0993635356426239,70
738534.46337724232580512762,56.4381713867188,-2.88676619529724,6.24830627441406,0.000149919185787439,-0.00265023834072053,42.4775810241699,-71.3641662597656,324.706634521484,279.897735595703,-3.01585578918457,1.91998934745789,115.025062561035,56.8563270568848,-3.06272649765015,0.388457477092743,-0.311078727245331,-0.0978879034519196,70
738534.46337970171589404345,56.4352607727051,-2.90695023536682,6.3009352684021,0.000149919185787439,-0.00265023834072053,42.4775695800781,-71.3640213012695,324.056060791016,279.508087158203,-2.98245429992676,1.69077229499817,115.034461975098,56.8602752685547,-3.07929229736328,0.297864615917206,-0.312524497509003,-0.0964312851428986,70
738534.46338194573763757944,56.4326782226562,-2.90463471412659,6.34620571136475,0.000149919185787439,-0.00265023834072053,42.4775581359863,-71.3638916015625,323.427398681641,279.131042480469,-2.95762419700623,1.61439073085785,115.044616699219,56.8626289367676,-3.0961275100708,0.251778721809387,-0.314069867134094,-0.0950860530138016,70
738534.46338395937345921993,56.4303283691406,-2.90495562553406,6.38312196731567,0.000149919185787439,-0.00265023834072053,42.4775505065918,-71.36376953125,322.880920410156,278.803436279297,-2.94204688072205,1.55022931098938,115.053993225098,56.864444732666,-3.10957479476929,0.225914627313614,-0.315469086170197,-0.0939556807279587,70
738534.46338626078795641661,56.4283142089844,-2.89726090431213,6.4208927154541,0.000149919185787439,-0.00265023834072053,42.4775390625,-71.3636322021484,322.247650146484,278.424011230469,-2.93581604957581,1.28145027160645,115.06510925293,56.8663024902344,-3.12278079986572,0.232750415802002,-0.317118912935257,-0.0926985070109367,70
738534.46338867268059402704,56.4279747009277,-2.89810967445374,6.44980192184448,0.000149919185787439,-0.00265023834072053,42.4775276184082,-71.3634872436523,321.590515136719,278.030700683594,-2.9714937210083,0.861829459667206,115.076751708984,56.8692779541016,-3.13306522369385,0.182383939623833,-0.31882581114769,-0.091436579823494,70
738534.46339066664222627878,56.4288215637207,-2.90311145782471,6.46621608734131,0.000149919185787439,-0.00265023834072053,42.4775161743164,-71.3633728027344,321.043487548828,277.702850341797,-2.95497417449951,0.755563378334045,115.086463928223,56.872241973877,-3.13964557647705,0.105669751763344,-0.320249915122986,-0.0904294103384018,70
738534.46339301799889653921,56.4299621582031,-2.89319491386414,6.48091316223145,0.000149919185787439,-0.00265023834072053,42.4775047302246,-71.3632278442383,320.403747558594,277.319854736328,-2.92753839492798,0.674942672252655,115.097801208496,56.8745422363281,-3.14573764801025,0.0686575472354889,-0.321931719779968,-0.0893071442842484,70
738534.46339509647805243731,56.4312133789062,-2.88000416755676,6.49144887924194,0.000149919185787439,-0.00265023834072053,42.4774971008301,-71.3631057739258,319.836791992188,276.981323242188,-2.94819045066833,0.602304100990295,115.10767364502,56.8763160705566,-3.14897394180298,0.0414890795946121,-0.323402553796768,-0.088342972099781,70
738534.46339716471266001463,56.4331359863281,-2.88397622108459,6.499192237854,0.000149919185787439,-0.00265023834072053,42.4774856567383,-71.3629837036133,319.278411865234,276.648193359375,-2.99474573135376,0.524884343147278,115.117080688477,56.8793067932129,-3.14993476867676,0.0207556933164597,-0.324807822704315,-0.0874256938695908,70
738534.46339921571779996157,56.4360961914062,-2.8951895236969,6.50425243377686,0.000149919185787439,-0.00265023834072053,42.4774742126465,-71.3628616333008,318.723449707031,276.316528320312,-3.03060340881348,0.43532121181488,115.126251220703,56.8833923339844,-3.15004658699036,0.0101891439408064,-0.326193928718567,-0.0865437388420105,70
738534.46340133587364107370,56.4402236938477,-2.91035032272339,6.50648307800293,0.000149919185787439,-0.00265023834072053,42.477466583252,-71.3627395629883,318.151794433594,275.973876953125,-3.05808973312378,0.323118597269058,115.135757446289,56.8885154724121,-3.15079736709595,0.00262300646863878,-0.327654182910919,-0.0856605768203735,70
738534.46340342389885336161,56.4454002380371,-2.92630934715271,6.50542783737183,0.000149919185787439,-0.00265023834072053,42.4774551391602,-71.3626174926758,317.569793701172,275.623901367188,-3.07366371154785,0.203618809580803,115.145767211914,56.8943481445312,-3.15323662757874,-0.00966730527579784,-0.329208999872208,-0.0847852453589439,70
738534.46340549469459801912,56.4511108398438,-2.94024705886841,6.5013542175293,0.000149919185787439,-0.00265023834072053,42.4774436950684,-71.3624877929688,316.996612548828,275.019744873047,-3.07176876068115,0.119000554084778,115.156066894531,56.9002685546875,-3.15763926506042,-0.0258126221597195,-0.330825060606003,-0.0839475318789482,70
738534.46340780844911932945,56.457576751709,-2.95259404182434,6.493812084198,0.000149919185787439,-0.00265023834072053,42.4774322509766,-71.3623504638672,316.354736328125,273.893341064453,-3.04797053337097,0.0357095450162888,115.168151855469,56.9064636230469,-3.1646842956543,-0.0373094938695431,-0.332739055156708,-0.083038717508316,70
738534.46340985083952546120,56.4631195068359,-2.95934414863586,6.48477745056152,0.000149919185787439,-0.00265023834072053,42.477424621582,-71.3622283935547,315.784942626953,272.894622802734,-3.02736186981201,-0.0365972891449928,115.179153442383,56.9112815856934,-3.17225360870361,-0.0479726642370224,-0.334521234035492,-0.0822404623031616,70
738534.46341210603713989258,56.4691047668457,-2.96444439888,6.4721794128418,0.000149919185787439,-0.00265023834072053,42.4774131774902,-71.3620986938477,315.152160644531,271.786041259766,-3.00894212722778,-0.116572163999081,115.191307067871,56.9160499572754,-3.18118762969971,-0.0608219094574451,-0.336573094129562,-0.0813653320074081,70
738534.46341447066515684128,56.4752159118652,-2.96680283546448,6.45641565322876,0.000149919185787439,-0.00265023834072053,42.4774017333984,-71.3619537353516,314.500701904297,270.645294189453,-2.99639987945557,-0.198580339550972,115.203559875488,56.9204483032227,-3.19021153450012,-0.074582502245903,-0.338745445013046,-0.0804736465215683,70
738534.46341645542997866869,56.4805183410645,-2.96963000297546,6.44078636169434,0.000149919185787439,-0.00265023834072053,42.4773902893066,-71.3618392944336,313.946014404297,269.674072265625,-2.99863767623901,-0.267693847417831,115.213668823242,56.9240837097168,-3.19726657867432,-0.0872405245900154,-0.34062847495079,-0.0797170177102089,70
738534.46341884147841483355,56.4872055053711,-2.97438097000122,6.41950130462646,0.000149919185787439,-0.00265023834072053,42.4773788452148,-71.3616943359375,313.283020019531,268.513671875,-3.00665283203125,-0.349148273468018,115.225250244141,56.9285621643066,-3.20483016967773,-0.101322129368782,-0.342913001775742,-0.0788102447986603,70
738534.46342123218346387148,56.4946250915527,-2.98414492607117,6.39497089385986,0.000149919185787439,-0.00265023834072053,42.477367401123,-71.3615570068359,312.606018066406,267.329650878906,-3.02707767486572,-0.431202322244644,115.23657989502,56.9336738586426,-3.21185541152954,-0.115368276834488,-0.345288097858429,-0.0778750404715538,70
738534.46342357783578336239,56.5025749206543,-2.99630117416382,6.36832714080811,0.000149919185787439,-0.00265023834072053,42.4773559570312,-71.3614120483398,311.943786621094,266.172912597656,-3.0413875579834,-0.511111199855804,115.247329711914,56.9392166137695,-3.21870708465576,-0.126782447099686,-0.347670495510101,-0.0769556015729904,70
738534.46342560206539928913,56.5098686218262,-3.00714468955994,6.34353303909302,0.000149919185787439,-0.00265023834072053,42.4773483276367,-71.3612976074219,311.377807617188,265.185638427734,-3.05176663398743,-0.579105377197266,115.256477355957,56.9442596435547,-3.22500967979431,-0.136110723018646,-0.349767208099365,-0.0761553794145584,70
738534.46342794410884380341,56.5190696716309,-3.02031779289246,6.31187772750854,0.000149919185787439,-0.00265023834072053,42.4773368835449,-71.3611526489258,310.709106445312,264.020751953125,-3.06311893463135,-0.658857762813568,115.267280578613,56.950569152832,-3.2332227230072,-0.147418603301048,-0.352327048778534,-0.0751976147294044,70
738534.46343028079718351364,56.528736114502,-3.03323817253113,6.27817010879517,0.000149919185787439,-0.00265023834072053,42.4773254394531,-71.3610153198242,310.048980712891,262.872467041016,-3.07350373268127,-0.736161828041077,115.278160095215,56.9571228027344,-3.24220776557922,-0.158803045749664,-0.354947060346603,-0.0742374807596207,70
738534.46343264519236981869,56.5392990112305,-3.04632782936096,6.2409143447876,0.000149919185787439,-0.00265023834072053,42.4773139953613,-71.3608703613281,309.368499755859,261.690521240234,-3.08396029472351,-0.815298974514008,115.289665222168,56.9642105102539,-3.25231099128723,-0.170590817928314,-0.357747972011566,-0.0732257068157196,70
738534.46343506546691060066,56.5505981445312,-3.05919575691223,6.20064926147461,0.000149919185787439,-0.00265023834072053,42.4773025512695,-71.3607330322266,308.67919921875,260.494812011719,-3.09425687789917,-0.893075466156006,115.301696777344,56.9717216491699,-3.26324081420898,-0.183600604534149,-0.360688328742981,-0.072175107896328,70
738534.46343737677671015263,56.5618934631348,-3.07113552093506,6.16026973724365,0.000149919185787439,-0.00265023834072053,42.477294921875,-71.360595703125,308.015594482422,259.345275878906,-3.10222816467285,-0.915301561355591,115.313659667969,56.9791946411133,-3.27422094345093,-0.203342959284782,-0.363616555929184,-0.0711341127753258,70
738534.46343935490585863590,56.5716896057129,-3.082444190979,6.12607145309448,0.000149919185787439,-0.00265023834072053,42.4772834777832,-71.3604736328125,307.447814941406,258.362731933594,-3.10770988464355,-0.863706648349762,115.324203491211,56.9858436584473,-3.28386783599854,-0.226406916975975,-0.366195738315582,-0.0702141001820564,70
738534.46344136272091418505,56.5814247131348,-3.09399962425232,6.09380578994751,0.000149919185787439,-0.00265023834072053,42.4772758483887,-71.3603591918945,306.865356445312,257.356231689453,-3.10393524169922,-0.663277268409729,115.335304260254,56.9926719665527,-3.29403305053711,-0.239240750670433,-0.368914186954498,-0.0692433416843414,70
738534.46344369102735072374,56.5917167663574,-3.09890127182007,6.06215047836304,0.000149919185787439,-0.00265023834072053,42.4772644042969,-71.360221862793,306.196472167969,256.201202392578,-3.11042261123657,-0.459445297718048,115.34839630127,56.9997825622559,-3.30582284927368,-0.200859740376472,-0.372127950191498,-0.0680921971797943,70
738534.46344602608587592840,56.6016616821289,-3.11007642745972,6.03482532501221,0.000149919185787439,-0.00265023834072053,42.4772529602051,-71.3600769042969,305.519592285156,255.033126831055,-3.13805317878723,-0.404398262500763,115.361961364746,57.0073661804199,-3.31722474098206,-0.152934268116951,-0.375454664230347,-0.0668798536062241,70
738534.46344842843245714903,56.6123046875,-3.12414932250977,6.00796890258789,0.000149919185787439,-0.00265023834072053,42.4772415161133,-71.3599395751953,304.818878173828,253.825622558594,-3.15948343276978,-0.433088570833206,115.376342773438,57.0158653259277,-3.32869076728821,-0.122499011456966,-0.378980606794357,-0.0655801370739937,70
738534.46345055114943534136,56.6224403381348,-3.13059616088867,5.98407411575317,0.000149919185787439,-0.00265023834072053,42.4772338867188,-71.3598098754883,304.204376220703,253.524368286133,-3.19179177284241,-0.468766063451767,115.389350891113,57.0237693786621,-3.33878540992737,-0.114657685160637,-0.382153421640396,-0.0644035339355469,70
738534.46345260366797447205,56.633960723877,-3.14034986495972,5.95946073532104,0.000149919185787439,-0.00265023834072053,42.4772262573242,-71.3596878051758,303.584197998047,253.454666137695,-3.2380473613739,-0.49588531255722,115.403335571289,57.0331687927246,-3.34873628616333,-0.118728786706924,-0.385422915220261,-0.063188374042511,70
738534.46345466631464660168,56.6462745666504,-3.14513421058655,5.93547296524048,0.000149919185787439,-0.00265023834072053,42.4772148132324,-71.3595657348633,302.989868164062,253.386764526367,-3.27056932449341,-0.514348387718201,115.417984008789,57.0431594848633,-3.35799407958984,-0.124620355665684,-0.388617426156998,-0.0619985982775688,70
738534.46345703571569174528,56.6621780395508,-3.15075397491455,5.90661096572876,0.000149919185787439,-0.00265023834072053,42.4772033691406,-71.3594207763672,302.279052734375,253.304473876953,-3.30861783027649,-0.509065508842468,115.437408447266,57.056266784668,-3.36837220191956,-0.128621026873589,-0.392503440380096,-0.060539148747921,70
738534.46345945715438574553,56.6786460876465,-3.15147662162781,5.8784613609314,0.000149919185787439,-0.00265023834072053,42.4771957397461,-71.3592834472656,301.580383300781,253.222702026367,-3.32101702690125,-0.513978600502014,115.45858001709,57.0697593688965,-3.37764286994934,-0.131015628576279,-0.396381318569183,-0.0590625405311584,70
738534.46346174331847578287,56.6954345703125,-3.15080094337463,5.84987926483154,0.000149919185787439,-0.00265023834072053,42.4771842956543,-71.3591384887695,300.885864257812,253.141372680664,-3.31855225563049,-0.551915109157562,115.481491088867,57.0834579467773,-3.38553380966187,-0.123624712228775,-0.400275498628616,-0.0575450025498867,70
738534.46346408152021467686,56.7121696472168,-3.13849282264709,5.8202223777771,0.000149919185787439,-0.00265023834072053,42.4771728515625,-71.359001159668,300.204284667969,253.062515258789,-3.29993581771851,-0.620624601840973,115.505561828613,57.0963706970215,-3.39155244827271,-0.126605823636055,-0.404116451740265,-0.0560116320848465,70
738534.46346645453013479710,56.7290115356445,-3.11856007575989,5.78866195678711,0.000149919185787439,-0.00265023834072053,42.477165222168,-71.3588638305664,299.525329589844,252.986618041992,-3.29551792144775,-0.665684163570404,115.530731201172,57.1087951660156,-3.39477109909058,-0.1440070271492,-0.407918632030487,-0.0544346161186695,70
738534.46346885990351438522,56.7463836669922,-3.1038978099823,5.75507974624634,0.000149919185787439,-0.00265023834072053,42.4771537780762,-71.3587188720703,298.825134277344,252.911575317383,-3.30928015708923,-0.65555065870285,115.557487487793,57.1218643188477,-3.3942334651947,-0.160999938845634,-0.411760985851288,-0.0527441836893559,70
738534.46347118355333805084,56.7633743286133,-3.09127426147461,5.72256755828857,0.000149919185787439,-0.00265023834072053,42.4771423339844,-71.3585739135742,298.137969970703,252.840118408203,-3.31486368179321,-0.612025618553162,115.58415222168,57.1347923278809,-3.39033889770508,-0.166492700576782,-0.415441334247589,-0.0510318651795387,70
738534.46347320009954273701,56.7773551940918,-3.08174633979797,5.69646120071411,0.000149919185787439,-0.00265023834072053,42.4771347045898,-71.3584594726562,297.562957763672,252.766387939453,-3.31575441360474,-0.558600008487701,115.606651306152,57.1455574035645,-3.38513159751892,-0.166627958416939,-0.418456256389618,-0.0495619736611843,70
738534.46347554586827754974,56.7933082580566,-3.07264852523804,5.6684889793396,0.000149919185787439,-0.00265023834072053,42.4771270751953,-71.3583145141602,296.879974365234,252.582733154297,-3.30084228515625,-0.401961475610733,115.633438110352,57.1581382751465,-3.37742114067078,-0.17338390648365,-0.421967446804047,-0.0477609895169735,70
738534.46347753365989774466,56.805850982666,-3.06008338928223,5.64882946014404,0.000149919185787439,-0.00265023834072053,42.4771156311035,-71.3581924438477,296.299560546875,252.427978515625,-3.28234076499939,-0.214726343750954,115.656127929688,57.1679801940918,-3.37001395225525,-0.155947968363762,-0.424899458885193,-0.046190220862627,70
738534.46347986441105604172,56.8187370300293,-3.04334330558777,5.63253593444824,0.000149919185787439,-0.00265023834072053,42.477108001709,-71.3580551147461,295.634948730469,252.252838134766,-3.2616662979126,7.84608273534104e-05,115.68180847168,57.1782836914062,-3.36048722267151,-0.125573232769966,-0.428186565637589,-0.0443544015288353,70
738534.46348192426376044750,56.8285255432129,-3.02844858169556,5.62210845947266,0.000149919185787439,-0.00265023834072053,42.4771003723145,-71.3579330444336,295.056457519531,252.102203369141,-3.21577000617981,0.0629027560353279,115.703720092773,57.1861953735352,-3.35116362571716,-0.0676455274224281,-0.430974572896957,-0.0427033565938473,70
738534.46348391589708626270,56.8368949890137,-2.99866437911987,5.61409330368042,0.000149919185787439,-0.00265023834072053,42.4770889282227,-71.3578186035156,294.497711181641,251.95964050293,-3.16387224197388,0.0880031660199165,115.72437286377,57.1921539306641,-3.34097242355347,-0.044341117143631,-0.433592408895493,-0.0410682894289494,70
738534.46348589390981942415,56.8443984985352,-2.96797609329224,5.60775661468506,0.000149919185787439,-0.00265023834072053,42.4770812988281,-71.3576965332031,293.938201904297,251.821105957031,-3.15852952003479,0.178300678730011,115.744323730469,57.1973915100098,-3.32839798927307,-0.0435061305761337,-0.436092913150787,-0.0393831357359886,70
738534.46348794060759246349,56.8508415222168,-2.94819235801697,5.60280656814575,0.000149919185787439,-0.00265023834072053,42.4770736694336,-71.3575744628906,293.377838134766,251.685302734375,-3.1323983669281,0.218750387430191,115.763320922852,57.2022857666016,-3.31312584877014,-0.0114308763295412,-0.438441842794418,-0.0376513414084911,70
738534.46349024388473480940,56.8566856384277,-2.91934323310852,5.59890699386597,0.000149919185787439,-0.00265023834072053,42.4770622253418,-71.3574371337891,292.733978271484,250.946136474609,-3.0691123008728,0.251273542642593,115.783767700195,57.2062301635742,-3.29307556152344,-0.00918517727404833,-0.440960019826889,-0.0356272272765636,70
738534.46349253656808286905,56.8589744567871,-2.89122629165649,5.59643125534058,0.000149919185787439,-0.00265023834072053,42.4770545959473,-71.3572998046875,292.106719970703,249.758422851562,-2.95432186126709,0.325933307409286,115.801467895508,57.2068367004395,-3.27139782905579,0.00386358355171978,-0.443220496177673,-0.0336074605584145,70
738534.46349490899592638016,56.8571472167969,-2.85436630249023,5.59617853164673,0.000149919185787439,-0.00265023834072053,42.4770431518555,-71.3571624755859,291.474243164062,248.554962158203,-2.82763648033142,0.402100056409836,115.816024780273,57.2031440734863,-3.24761366844177,0.0166406016796827,-0.445301055908203,-0.0315263904631138,70
738534.46349724789615720510,56.8514060974121,-2.81094932556152,5.59837245941162,0.000149919185787439,-0.00265023834072053,42.4770355224609,-71.3570175170898,290.838256835938,247.337112426758,-2.73689341545105,0.479553431272507,115.826416015625,57.1955032348633,-3.22096657752991,0.0201467666774988,-0.447147130966187,-0.0293766036629677,70
738534.46349949564319103956,56.8432655334473,-2.77687501907349,5.60254192352295,0.000149919185787439,-0.00265023834072053,42.4770240783691,-71.3568878173828,290.263214111328,246.229263305664,-2.66973900794983,0.564769387245178,115.831565856934,57.1861534118652,-3.19397377967834,0.0235456582158804,-0.448562294244766,-0.0273694489151239,70
738534.46350167260970920324,56.832878112793,-2.74437475204468,5.60879468917847,0.000149919185787439,-0.00265023834072053,42.4770164489746,-71.3567581176758,289.703338623047,245.144912719727,-2.60809469223022,0.639643788337708,115.832534790039,57.1748733520508,-3.16563057899475,0.0354024544358253,-0.449700146913528,-0.025390075519681,70
738534.46350385167170315981,56.8201103210449,-2.7120041847229,5.61714220046997,0.000149919185787439,-0.00265023834072053,42.4770088195801,-71.3566284179688,289.137451171875,244.107131958008,-2.55044603347778,0.695213794708252,115.829322814941,57.1614570617676,-3.13535523414612,0.0452458225190639,-0.450609803199768,-0.0233557764440775,70
738534.46350597927812486887,56.8060531616211,-2.67971873283386,5.62671947479248,0.000149919185787439,-0.00265023834072053,42.4769973754883,-71.3564987182617,288.592681884766,243.344772338867,-2.50896501541138,0.740361332893372,115.82234954834,57.1469039916992,-3.10506439208984,0.0528515167534351,-0.451253563165665,-0.0213662106543779,70
738534.46350803470704704523,56.7907867431641,-2.6490523815155,5.63747119903564,0.000149919185787439,-0.00265023834072053,42.4769897460938,-71.3563766479492,288.057006835938,242.592697143555,-2.47159624099731,0.783466935157776,115.811973571777,57.1313552856445,-3.07438945770264,0.0595140680670738,-0.451658397912979,-0.0193756185472012,70
738534.46351023809984326363,56.7741851806641,-2.61891484260559,5.6495213508606,0.000149919185787439,-0.00265023834072053,42.4769821166992,-71.3562469482422,287.522277832031,241.839599609375,-2.43517208099365,0.825763285160065,115.798370361328,57.1146545410156,-3.04315233230591,0.0657826513051987,-0.451834052801132,-0.0173630937933922,70
738534.46351260296069085598,56.7537536621094,-2.58441734313965,5.66454648971558,0.000149919185787439,-0.00265023834072053,42.4769706726074,-71.3561019897461,286.921905517578,240.991149902344,-2.37943124771118,0.867631435394287,115.779518127441,57.0942649841309,-3.00774693489075,0.075628437101841,-0.451757073402405,-0.015090755186975,70
738534.46351493697147816420,56.7331428527832,-2.54547214508057,5.68048906326294,0.000149919185787439,-0.00265023834072053,42.4769592285156,-71.3559646606445,286.363891601562,240.199371337891,-2.34927415847778,0.929910361766815,115.758651733398,57.0736083984375,-2.97436857223511,0.0674982890486717,-0.451410859823227,-0.0129523845389485,70
738534.46351726341526955366,56.7107925415039,-2.52329850196838,5.69844627380371,0.000149919185787439,-0.00265023834072053,42.4769515991211,-71.3558197021484,285.793884277344,239.387634277344,-2.33357238769531,1.00997936725616,115.734146118164,57.0521965026855,-2.93952488899231,0.0929549559950829,-0.450760871171951,-0.0107355294749141,70
738534.46351963805500417948,56.6873359680176,-2.49082732200623,5.71773958206177,0.000149919185787439,-0.00265023834072053,42.4769401550293,-71.3556823730469,285.232421875,238.585723876953,-2.28023719787598,0.974149942398071,115.707183837891,57.0293846130371,-2.90579557418823,0.108481600880623,-0.449867755174637,-0.00853492692112923,70
738534.46352202887646853924,56.662727355957,-2.45824360847473,5.7364764213562,0.000149919185787439,-0.00265023834072053,42.4769287109375,-71.3555374145508,284.667297363281,237.775161743164,-2.27883458137512,0.942125797271729,115.677154541016,57.0053939819336,-2.87197780609131,0.105148121714592,-0.448691248893738,-0.00630107708275318,70
738534.46352402458433061838,56.641902923584,-2.44219374656677,5.75128507614136,0.000149919185787439,-0.00265023834072053,42.476921081543,-71.3554153442383,284.191986083984,236.862213134766,-2.28424215316772,0.909849345684052,115.64990234375,56.9854965209961,-2.84374141693115,0.100171811878681,-0.447484701871872,-0.00441175885498524,70
738534.46352639794349670410,56.6179122924805,-2.42947959899902,5.76725435256958,0.000149919185787439,-0.00265023834072053,42.4769134521484,-71.3552780151367,283.643157958984,235.73486328125,-2.28640937805176,0.87234491109848,115.616668701172,56.962718963623,-2.81267642974854,0.0939107909798622,-0.44589427113533,-0.00223637418821454,70
738534.46352839632891118526,56.5979843139648,-2.42227864265442,5.77964115142822,0.000149919185787439,-0.00265023834072053,42.4769020080566,-71.3551559448242,283.184967041016,234.792037963867,-2.28656053543091,0.841009616851807,115.587753295898,56.9438629150391,-2.78882026672363,0.0880813077092171,-0.444444864988327,-0.000418869371060282,70
738534.46353045862633734941,56.5776710510254,-2.41721606254578,5.79144430160522,0.000149919185787439,-0.00265023834072053,42.4768943786621,-71.3550415039062,282.71484375,233.823699951172,-2.28604578971863,0.808856248855591,115.557235717773,56.9246597290039,-2.76681399345398,0.0816238150000572,-0.442873239517212,0.00144172250293195,70
738534.46353294746950268745,56.5535507202148,-2.40535879135132,5.80473375320435,0.000149919185787439,-0.00265023834072053,42.4768829345703,-71.3548889160156,282.141693115234,233.584106445312,-2.31095862388611,0.769338726997375,115.518997192383,56.9015350341797,-2.74347138404846,0.0723228827118874,-0.440870970487595,0.0037257659714669,70
738534.46353504760190844536,56.5343971252441,-2.39970898628235,5.8151683807373,0.000149919185787439,-0.00265023834072053,42.4768753051758,-71.3547592163086,281.646118164062,233.792388916016,-2.36332583427429,0.735321819782257,115.48607635498,56.8833236694336,-2.72601342201233,0.0609492510557175,-0.439053922891617,0.00565493758767843,70
738534.46353708812966942787,56.5175971984863,-2.3949990272522,5.82432460784912,0.000149919185787439,-0.00265023834072053,42.476863861084,-71.3546371459961,281.169067382812,233.994125366211,-2.4052562713623,0.702539563179016,115.455024719238,56.8673706054688,-2.71128869056702,0.0535873249173164,-0.437242984771729,0.00750980107113719,70
738534.46353918872773647308,56.5022659301758,-2.39138054847717,5.8325457572937,0.000149919185787439,-0.00265023834072053,42.4768562316895,-71.3545150756836,280.6953125,234.195205688477,-2.4407901763916,0.669909656047821,115.425148010254,56.8528213500977,-2.6985502243042,0.0481959469616413,-0.435395389795303,0.0093426126986742,70
738534.46354135114233940840,56.4876441955566,-2.38877654075623,5.84012794494629,0.000149919185787439,-0.00265023834072053,42.4768486022949,-71.3543853759766,280.205596923828,234.403747558594,-2.47106862068176,0.636309623718262,115.395606994629,56.8389625549316,-2.68720841407776,0.0436401143670082,-0.43344384431839,0.011229800991714,70
738534.46354343404527753592,56.4743347167969,-2.38651514053345,5.84669589996338,0.000149919185787439,-0.00265023834072053,42.4768371582031,-71.3542633056641,279.725677490234,234.608489990234,-2.49422979354858,0.606232643127441,115.368240356445,56.8263130187988,-2.67777109146118,0.0392803028225899,-0.431498050689697,0.0130749698728323,70
738534.46354551974218338728,56.4619140625,-2.38458180427551,5.85242891311646,0.000149919185787439,-0.00265023834072053,42.4768295288086,-71.354133605957,279.246520996094,234.813430786133,-2.5141294002533,0.576631724834442,115.342483520508,56.8144798278809,-2.66980695724487,0.0353275090456009,-0.429528266191483,0.0149114783853292,70
738534.46354769158642739058,56.4501266479492,-2.38313770294189,5.85739850997925,0.000149919185787439,-0.00265023834072053,42.4768180847168,-71.3540115356445,278.761627197266,235.020980834961,-2.53150153160095,0.546720802783966,115.317977905273,56.8032150268555,-2.66302847862244,0.0311811398714781,-0.427510946989059,0.0167689807713032,70
738534.46354967297520488501,56.4393539428711,-2.38230228424072,5.86140823364258,0.000149919185787439,-0.00265023834072053,42.4768104553223,-71.353889465332,278.291290283203,235.222549438477,-2.54607462882996,0.517721116542816,115.295692443848,56.7928886413574,-2.65753054618835,0.0270532034337521,-0.425534546375275,0.018553800880909,70
738534.46355207380838692188,56.4277229309082,-2.38384628295898,5.86497831344604,0.000149919185787439,-0.00265023834072053,42.4767990112305,-71.3537521362305,277.755584716797,235.126556396484,-2.55764961242676,0.485084980726242,115.27197265625,56.7817611694336,-2.65240669250488,0.02188316360116,-0.423266112804413,0.0205621905624866,70
738534.46355443599168211222,56.4159507751465,-2.38699960708618,5.86752510070801,0.000149919185787439,-0.00265023834072053,42.4767913818359,-71.3536071777344,277.208282470703,234.564651489258,-2.54397439956665,0.454434394836426,115.24925994873,56.7704582214355,-2.64851856231689,0.0186802390962839,-0.420948654413223,0.0226103682070971,70
738534.46355670364573597908,56.4045562744141,-2.39007186889648,5.86932563781738,0.000149919185787439,-0.00265023834072053,42.4767799377441,-71.3534698486328,276.688171386719,234.030624389648,-2.53310942649841,0.4510218501091,115.228698730469,56.759449005127,-2.6461353302002,0.0114347692579031,-0.418759167194366,0.0245514009147882,70
738534.46355883986689150333,56.3939628601074,-2.39313578605652,5.87072610855103,0.000149919185787439,-0.00265023834072053,42.4767723083496,-71.3533477783203,276.212371826172,233.542129516602,-2.52527976036072,0.449851214885712,115.210388183594,56.7491989135742,-2.64495587348938,0.00958141405135393,-0.416771471500397,0.0263400692492723,70
738534.46356100123375654221,56.3828163146973,-2.39693880081177,5.87186813354492,0.000149919185787439,-0.00265023834072053,42.4767608642578,-71.3532180786133,275.714538574219,233.031021118164,-2.51859974861145,0.431798338890076,115.191627502441,56.7383995056152,-2.64463400840759,0.00967259332537651,-0.414712935686111,0.0281966142356396,70
738534.46356307319365441799,56.372386932373,-2.40037393569946,5.87244844436646,0.000149919185787439,-0.00265023834072053,42.4767532348633,-71.3530960083008,275.248443603516,232.552490234375,-2.51393222808838,0.413633704185486,115.174346923828,56.7282409667969,-2.64508080482483,0.00739984074607491,-0.412807762622833,0.0299174915999174,70
738534.46356506913434714079,56.3619842529297,-2.40405750274658,5.87248611450195,0.000149919185787439,-0.00265023834072053,42.4767417907715,-71.3529739379883,274.780303955078,232.071884155273,-2.51087284088135,0.395430356264114,115.157127380371,56.7180671691895,-2.64614510536194,0.00458151940256357,-0.410917341709137,0.031643345952034,70
738534.46356741141062229872,56.349983215332,-2.40869903564453,5.87184286117554,0.000149919185787439,-0.00265023834072053,42.476734161377,-71.3528366088867,274.233428955078,231.510437011719,-2.50905537605286,0.374215841293335,115.137153625488,56.7062683105469,-2.64804840087891,0.000936601951252669,-0.408741265535355,0.0336612686514854,70
738534.46356939838733524084,56.3401489257812,-2.41286826133728,5.87074565887451,0.000149919185787439,-0.00265023834072053,42.4767227172852,-71.3527145385742,273.778045654297,231.042938232422,-2.50877809524536,0.356589704751968,115.120666503906,56.6965599060059,-2.6501030921936,-0.00215754983946681,-0.406957656145096,0.0353416502475739,70
738534.46357143810018897057,56.3302574157715,-2.41758584976196,5.86948728561401,0.000149919185787439,-0.00265023834072053,42.4767150878906,-71.3526000976562,273.310821533203,230.563278198242,-2.51394939422607,0.36529615521431,115.10383605957,56.6868019104004,-2.65261101722717,-0.0107511142268777,-0.405157476663589,0.0370701514184475,70
738534.46357343997806310654,56.3204879760742,-2.42443633079529,5.86834478378296,0.000149919185787439,-0.00265023834072053,42.4767074584961,-71.3524780273438,272.840728759766,230.080673217773,-2.52181339263916,0.381719917058945,115.087013244629,56.6772689819336,-2.65554189682007,-0.0120071684941649,-0.403380841016769,0.0388054959475994,70
738534.46357549657113850117,56.310863494873,-2.43617677688599,5.86757469177246,0.000149919185787439,-0.00265023834072053,42.4766960144043,-71.3523559570312,272.376831054688,229.282043457031,-2.51851630210876,0.397950679063797,115.07063293457,56.6681289672852,-2.65897917747498,-0.010146789252758,-0.401674002408981,0.0405065082013607,70
738534.46357753721531480551,56.3004684448242,-2.44742584228516,5.8671817779541,0.000149919185787439,-0.00265023834072053,42.4766883850098,-71.3522338867188,271.895080566406,228.350845336914,-2.49823355674744,0.414516925811768,115.053726196289,56.6582412719727,-2.66353034973145,-0.00468848459422588,-0.399974167346954,0.0422684699296951,70
738534.46357991697732359171,56.2877731323242,-2.46137452125549,5.86703157424927,0.000149919185787439,-0.00265023834072053,42.476676940918,-71.3520965576172,271.333312988281,227.267395019531,-2.4798743724823,0.41842383146286,115.03392791748,56.6462173461914,-2.67023587226868,0.00225924770347774,-0.398099422454834,0.0443030260503292,70
738534.46358207310549914837,56.2766609191895,-2.47317147254944,5.8669867515564,0.000149919185787439,-0.00265023834072053,42.4766693115234,-71.3519744873047,270.854461669922,226.346038818359,-2.4680597782135,0.417554974555969,115.016845703125,56.635684967041,-2.67710256576538,0.00398153159767389,-0.396599560976028,0.0460387580096722,70
738534.46358443540520966053,56.2625999450684,-2.48816227912903,5.86687803268433,0.000149919185787439,-0.00265023834072053,42.4766578674316,-71.3518218994141,270.255889892578,225.19709777832,-2.45840978622437,0.416516423225403,114.995155334473,56.6223564147949,-2.68698740005493,0.00426301965489984,-0.394856095314026,0.0482090972363949,70
738534.46358651807531714439,56.2513008117676,-2.50036120414734,5.86674785614014,0.000149919185787439,-0.00265023834072053,42.4766502380371,-71.3516998291016,269.775726318359,224.277709960938,-2.45408749580383,0.415684401988983,114.977607727051,56.6116523742676,-2.69576930999756,0.00378359737806022,-0.393564820289612,0.0499372072517872,70
738534.46358859085012227297,56.2396011352539,-2.51330757141113,5.86661100387573,0.000149919185787439,-0.00265023834072053,42.4766387939453,-71.3515777587891,269.275085449219,223.321243286133,-2.45247936248779,0.416167706251144,114.959121704102,56.6005897521973,-2.70562314987183,0.00198964355513453,-0.392321556806564,0.0517459027469158,70
738534.46359069785103201866,56.2279624938965,-2.52739763259888,5.86679267883301,0.000149919185787439,-0.00265023834072053,42.4766311645508,-71.3514556884766,268.769287109375,222.357147216797,-2.45805931091309,0.441423207521439,114.940307617188,56.5896682739258,-2.71617960929871,-0.00221676635555923,-0.391174852848053,0.0535619743168354,70
738534.46359309472609311342,56.2150573730469,-2.54484558105469,5.86778402328491,0.000149919185787439,-0.00265023834072053,42.476619720459,-71.3513107299805,268.197784423828,221.270858764648,-2.46596789360046,0.474515855312347,114.919128417969,56.5777320861816,-2.72878289222717,-0.000723803124856204,-0.390018403530121,0.0556024797260761,70
738534.46359516074880957603,56.2039642333984,-2.56094193458557,5.86945915222168,0.000149919185787439,-0.00265023834072053,42.4766120910645,-71.351188659668,267.69482421875,220.31770324707,-2.47409749031067,0.50394994020462,114.90064239502,56.5676078796387,-2.74057030677795,0.00475854985415936,-0.389130771160126,0.0573968291282654,70
738534.46359726658556610346,56.192798614502,-2.57771754264832,5.8719539642334,0.000149919185787439,-0.00265023834072053,42.4766006469727,-71.3510665893555,267.178619384766,219.342147827148,-2.47626256942749,0.523344039916992,114.881950378418,56.5575370788574,-2.75337767601013,0.0111815081909299,-0.388353645801544,0.0592320524156094,70
738534.46359926112927496433,56.1823348999023,-2.5920205116272,5.87493753433228,0.000149919185787439,-0.00265023834072053,42.4765930175781,-71.350944519043,266.684753417969,218.411209106445,-2.47971296310425,0.540072202682495,114.864501953125,56.5481071472168,-2.76618766784668,0.0150195201858878,-0.387738764286041,0.0609754845499992,70
738534.46360167721286416054,56.170166015625,-2.60851359367371,5.87912607192993,0.000149919185787439,-0.00265023834072053,42.4765815734863,-71.3508071899414,266.095367431641,217.30305480957,-2.48617124557495,0.559526979923248,114.844184875488,56.5372123718262,-2.78194403648376,0.0191005282104015,-0.387160807847977,0.0630475655198097,70
738534.46360376651864498854,56.1597480773926,-2.62276911735535,5.88332080841064,0.000149919185787439,-0.00265023834072053,42.4765739440918,-71.3506851196289,265.576324462891,216.329666137695,-2.49335598945618,0.572791397571564,114.826805114746,56.5279541015625,-2.79604816436768,0.0226869639009237,-0.386786460876465,0.0648678168654442,70
738534.46360582381021231413,56.1497764587402,-2.63685083389282,5.88787078857422,0.000149919185787439,-0.00265023834072053,42.4765663146973,-71.3505630493164,265.063049316406,215.369323730469,-2.50156927108765,0.584805607795715,114.810157775879,56.5191764831543,-2.81004023551941,0.025378692895174,-0.386537343263626,0.0666571408510208,70
738534.46360787027515470982,56.1402397155762,-2.65082883834839,5.8927321434021,0.000149919185787439,-0.00265023834072053,42.4765548706055,-71.3504409790039,264.555114746094,214.421096801758,-2.51053214073181,0.596580803394318,114.794235229492,56.5108642578125,-2.82386803627014,0.0277114305645227,-0.386407047510147,0.0684198960661888,70
738534.46361020987387746572,56.1294555664062,-2.6674063205719,5.8989052772522,0.000149919185787439,-0.00265023834072053,42.4765472412109,-71.3502960205078,263.957275390625,213.307830810547,-2.52195644378662,0.610338449478149,114.77628326416,56.5015754699707,-2.840083360672,0.030213063582778,-0.386400520801544,0.0704839751124382,70
738534.46361231128685176373,56.1203575134277,-2.68215656280518,5.90473985671997,0.000149919185787439,-0.00265023834072053,42.4765357971191,-71.3501739501953,263.430419921875,212.329177856445,-2.53265929222107,0.622366666793823,114.761123657227,56.4938430786133,-2.85435938835144,0.0322842001914978,-0.386525928974152,0.0722997412085533,70
738534.46361445297952741385,56.1114501953125,-2.6973729133606,5.91107940673828,0.000149919185787439,-0.00265023834072053,42.4765281677246,-71.3500518798828,262.891998291016,211.331390380859,-2.54410719871521,0.634569942951202,114.746337890625,56.486385345459,-2.86893105506897,0.034332312643528,-0.38678166270256,0.0741405636072159,70
738534.46361655881628394127,56.1030502319336,-2.71255016326904,5.91771697998047,0.000149919185787439,-0.00265023834072053,42.4765167236328,-71.3499298095703,262.359741210938,210.347442626953,-2.55583786964417,0.646535098552704,114.732460021973,56.4794616699219,-2.88332223892212,0.0362709201872349,-0.387161105871201,0.0759514719247818,70
738534.46361876849550753832,56.0948677062988,-2.72278618812561,5.92538690567017,0.000149919185787439,-0.00265023834072053,42.4765090942383,-71.3497924804688,261.785461425781,209.555160522461,-2.59194374084473,0.658507704734802,114.718322753906,56.4726295471191,-2.89883589744568,0.0369678437709808,-0.387708604335785,0.0779085904359818,70
738534.46362100052647292614,56.088451385498,-2.73580002784729,5.93331289291382,0.000149919185787439,-0.00265023834072053,42.4764976501465,-71.3496704101562,261.224822998047,208.83415222168,-2.6453320980072,0.67015266418457,114.705841064453,56.467716217041,-2.91347575187683,0.0359362810850143,-0.388361036777496,0.0797972530126572,70
738534.46362322091590613127,56.0834159851074,-2.74909567832947,5.94203567504883,0.000149919185787439,-0.00265023834072053,42.476490020752,-71.3495330810547,260.642272949219,208.085815429688,-2.69312715530396,0.682123064994812,114.694595336914,56.464282989502,-2.92819023132324,0.0379107519984245,-0.389158427715302,0.0817469134926796,70
738534.46362538763787597418,56.079906463623,-2.76207327842712,5.95086002349854,0.000149919185787439,-0.00265023834072053,42.4764785766602,-71.3494033813477,260.080383300781,207.364791870117,-2.73377013206482,0.693528115749359,114.68571472168,56.4623565673828,-2.94195413589478,0.0431275255978107,-0.390042841434479,0.0836132243275642,70
738534.46362750849220901728,56.077522277832,-2.77569985389709,5.960036277771,0.000149919185787439,-0.00265023834072053,42.4764709472656,-71.3492813110352,259.527648925781,206.656280517578,-2.76700782775879,0.705366790294647,114.678993225098,56.4616241455078,-2.95519208908081,0.0466594584286213,-0.391023397445679,0.0854379087686539,70
738534.46362966799642890692,56.0757713317871,-2.78674483299255,5.97003126144409,0.000149919185787439,-0.00265023834072053,42.4764595031738,-71.3491516113281,258.954132080078,205.92268371582,-2.77429366111755,0.714670300483704,114.674102783203,56.4614868164062,-2.96880340576172,0.0522418767213821,-0.392160028219223,0.0873256251215935,70
738534.46363174833822995424,56.0745315551758,-2.79212594032288,5.97969341278076,0.000149919185787439,-0.00265023834072053,42.4764518737793,-71.3490295410156,258.416534423828,205.253356933594,-2.7766797542572,0.714583575725555,114.671371459961,56.4615440368652,-2.98116254806519,0.0575799606740475,-0.393323719501495,0.0890787020325661,70
738534.46363383659627288580,56.0734596252441,-2.79086923599243,5.98980712890625,0.000149919185787439,-0.00265023834072053,42.4764404296875,-71.3489074707031,257.859588623047,204.560150146484,-2.7697012424469,0.705306053161621,114.670227050781,56.4614868164062,-2.99303603172302,0.0598086342215538,-0.394600987434387,0.0908964201807976,70
738534.46363603544887155294,56.0724983215332,-2.78613090515137,5.99993324279785,0.000149919185787439,-0.00265023834072053,42.4764289855957,-71.3487777709961,257.272918701172,203.829803466797,-2.76448202133179,0.670995533466339,114.670539855957,56.4613723754883,-3.00371122360229,0.0660778507590294,-0.395983159542084,0.0928148850798607,70
738534.46363829891197383404,56.0717391967773,-2.77828168869019,6.00879812240601,0.000149919185787439,-0.00265023834072053,42.4764213562012,-71.3486404418945,256.685638427734,203.203079223633,-2.76015210151672,0.599059998989105,114.672035217285,56.4611778259277,-3.01186180114746,0.0631090179085732,-0.397365093231201,0.0947294384241104,70
738534.46364031091798096895,56.0712089538574,-2.76983332633972,6.01504945755005,0.000149919185787439,-0.00265023834072053,42.4764099121094,-71.348518371582,256.152282714844,202.971221923828,-2.7529764175415,0.532748639583588,114.67414855957,56.4608993530273,-3.01678824424744,0.0529961101710796,-0.398591220378876,0.0964579209685326,70
738534.46364241780247539282,56.0708351135254,-2.75903177261353,6.0197925567627,0.000149919185787439,-0.00265023834072053,42.4764022827148,-71.3483963012695,255.608200073242,202.735763549805,-2.75471043586731,0.486662268638611,114.676834106445,56.460506439209,-3.01930046081543,0.0391106680035591,-0.39979299902916,0.0982287898659706,70
738534.46364475740119814873,56.0705451965332,-2.74956822395325,6.0235481262207,0.000149919185787439,-0.00265023834072053,42.476390838623,-71.348258972168,254.986251831055,202.467712402344,-2.75606107711792,0.443339169025421,114.680229187012,56.4601554870605,-3.01922988891602,0.0249837338924408,-0.401086986064911,0.100246228277683,70
738534.46364674705546349287,56.0704040527344,-2.74355626106262,6.02640247344971,0.000149919185787439,-0.00265023834072053,42.4763832092285,-71.3481369018555,254.469818115234,202.245864868164,-2.75621891021729,0.467234581708908,114.683227539062,56.4600296020508,-3.01725554466248,-0.00148070172872394,-0.402098178863525,0.101924046874046,70
738534.46364878246095031500,56.0701103210449,-2.73974323272705,6.03080463409424,0.000149919185787439,-0.00265023834072053,42.4763717651367,-71.3480224609375,253.944732666016,202.020812988281,-2.76677703857422,0.602842509746552,114.686401367188,56.4600219726562,-3.01400017738342,-0.0150278508663177,-0.403074115514755,0.103633068501949,70
738534.46365113847423344851,56.0691184997559,-2.73988318443298,6.04160737991333,0.000149919185787439,-0.00265023834072053,42.4763641357422,-71.3478775024414,253.334869384766,201.759552001953,-2.77448916435242,0.868588805198669,114.690132141113,56.4602012634277,-3.00948929786682,-0.0151377506554127,-0.404161632061005,0.105614311993122,70
738534.46365333558060228825,56.0672073364258,-2.74060964584351,6.05859327316284,0.000149919185787439,-0.00265023834072053,42.4763526916504,-71.3477554321289,252.785705566406,201.524185180664,-2.77851963043213,1.141392827034,114.693626403809,56.4601554870605,-3.00550580024719,0.0140544138848782,-0.405122965574265,0.107407465577126,70
738534.46365544013679027557,56.0641326904297,-2.74224948883057,6.08397483825684,0.000149919185787439,-0.00265023834072053,42.4763450622559,-71.3476257324219,252.226425170898,201.284225463867,-2.78088760375977,1.42143785953522,114.697303771973,56.4599113464355,-3.00197267532349,0.0566503256559372,-0.406100332736969,0.109222732484341,70
738534.46365750778932124376,56.0602188110352,-2.74425411224365,6.1150975227356,0.000149919185787439,-0.00265023834072053,42.4763336181641,-71.3475036621094,251.705322265625,201.060394287109,-2.78215575218201,1.68161416053772,114.700798034668,56.4594879150391,-2.99936151504517,0.104826241731644,-0.40701961517334,0.110899925231934,70
738534.46365962806157767773,56.0550842285156,-2.74675536155701,6.15478467941284,0.000149919185787439,-0.00265023834072053,42.4763259887695,-71.3473815917969,251.168869018555,200.829620361328,-2.78310561180115,1.94864022731781,114.704513549805,56.4588203430176,-2.99742984771729,0.156561031937599,-0.40798082947731,0.112625531852245,70
738534.46366186602972447872,56.0482177734375,-2.75282549858093,6.20495653152466,0.000149919185787439,-0.00265023834072053,42.4763145446777,-71.3472518920898,250.584777832031,200.577667236328,-2.76479339599609,2.11929869651794,114.708763122559,56.4577941894531,-2.99624752998352,0.250501245260239,-0.409052908420563,0.114487588405609,70
738534.46366402297280728817,56.0401649475098,-2.74423885345459,6.25809860229492,0.000149919185787439,-0.00265023834072053,42.4763031005859,-71.3471221923828,250.021301269531,200.148345947266,-2.71871876716614,2.11461400985718,114.712936401367,56.4552421569824,-2.9959774017334,0.291980385780334,-0.410120218992233,0.116251088678837,70
738534.46366612298879772425,56.0313262939453,-2.72966766357422,6.31073570251465,0.000149919185787439,-0.00265023834072053,42.4762954711914,-71.3470001220703,249.472045898438,199.726577758789,-2.6952269077301,2.10677742958069,114.716812133789,56.4516258239746,-2.99532413482666,0.308662891387939,-0.41114330291748,0.117951177060604,70
738534.46366853732615709305,56.020565032959,-2.71824598312378,6.36999416351318,0.000149919185787439,-0.00265023834072053,42.4762840270996,-71.3468551635742,248.855514526367,199.253463745117,-2.68087458610535,2.09701132774353,114.720520019531,56.4470520019531,-2.99285340309143,0.311512291431427,-0.412210732698441,0.11983085423708,70
738534.46367053152061998844,56.0109519958496,-2.70946598052979,6.42003297805786,0.000149919185787439,-0.00265023834072053,42.4762725830078,-71.3467330932617,248.335830688477,198.854827880859,-2.66844320297241,2.08902287483215,114.722946166992,56.442756652832,-2.98926997184753,0.308604270219803,-0.413034111261368,0.121382996439934,70
738534.46367258939426392317,56.0009613037109,-2.70128560066223,6.46972894668579,0.000149919185787439,-0.00265023834072053,42.476261138916,-71.3466186523438,247.819747924805,198.48811340332,-2.65652585029602,2.08129000663757,114.72469329834,56.4381256103516,-2.98456120491028,0.303236454725266,-0.413782715797424,0.122890748083591,70
738534.46367456915322691202,55.9911422729492,-2.68809819221497,6.51898574829102,0.000149919185787439,-0.00265023834072053,42.4762535095215,-71.3464965820312,247.310623168945,198.436325073242,-2.66793012619019,2.07560110092163,114.72575378418,56.433422088623,-2.9789252281189,0.296278774738312,-0.414451450109482,0.124342925846577,70
738534.46367663273122161627,55.9814720153809,-2.67786169052124,6.56979560852051,0.000149919185787439,-0.00265023834072053,42.4762420654297,-71.3463745117188,246.785873413086,198.384948730469,-2.68830323219299,2.07625889778137,114.726493835449,56.4292335510254,-2.97198534011841,0.288444966077805,-0.415054053068161,0.125804781913757,70
738534.46367901528719812632,55.9710693359375,-2.66620469093323,6.62748718261719,0.000149919185787439,-0.00265023834072053,42.4762306213379,-71.3462371826172,246.194152832031,198.329162597656,-2.70517611503601,2.08390998840332,114.727226257324,56.425106048584,-2.96309232711792,0.282871633768082,-0.415627032518387,0.127389505505562,70
738534.46368103276472538710,55.9623031616211,-2.65613484382629,6.6780252456665,0.000149919185787439,-0.00265023834072053,42.4762229919434,-71.3461151123047,245.680252075195,198.282608032227,-2.71599102020264,2.09154152870178,114.728012084961,56.4218940734863,-2.95463943481445,0.280449390411377,-0.416034191846848,0.128715991973877,70
738534.46368308225646615028,55.9537963867188,-2.64631533622742,6.72829580307007,0.000149919185787439,-0.00265023834072053,42.4762115478516,-71.3460006713867,245.173248291016,198.238418579102,-2.72368121147156,2.09911799430847,114.72900390625,56.4189720153809,-2.94581270217896,0.279398590326309,-0.41635200381279,0.129970744252205,70
738534.46368522441480308771,55.9447402954102,-2.63708877563477,6.78156328201294,0.000149919185787439,-0.00265023834072053,42.4762001037598,-71.3458709716797,244.637115478516,198.193298339844,-2.71324324607849,2.09023928642273,114.730323791504,56.4159355163574,-2.93612313270569,0.284115821123123,-0.416600167751312,0.131250262260437,70
738534.46368730801623314619,55.9355964660645,-2.62115550041199,6.8332142829895,0.000149919185787439,-0.00265023834072053,42.476188659668,-71.3457489013672,244.118865966797,198.15202331543,-2.68312883377075,2.06960797309875,114.731826782227,56.4123573303223,-2.92649674415588,0.286273986101151,-0.416751176118851,0.132427483797073,70
738534.46368930465541779995,55.926197052002,-2.59841322898865,6.88261032104492,0.000149919185787439,-0.00265023834072053,42.4761810302734,-71.3456344604492,243.623138427734,198.115829467773,-2.64665555953979,2.04533910751343,114.733322143555,56.4079933166504,-2.91651630401611,0.285513550043106,-0.41678386926651,0.133508071303368,70
738534.46369130129460245371,55.9161529541016,-2.56936168670654,6.93143177032471,0.000149919185787439,-0.00265023834072053,42.4761695861816,-71.3455123901367,243.132568359375,198.084335327148,-2.61361718177795,2.01941752433777,114.73462677002,56.4026794433594,-2.90503573417664,0.280428171157837,-0.416660964488983,0.134532079100609,70
738534.46369371539913117886,55.9037475585938,-2.53751826286316,6.98899507522583,0.000149919185787439,-0.00265023834072053,42.4761581420898,-71.3453750610352,242.560577392578,198.053924560547,-2.6137866973877,2.05725431442261,114.735565185547,56.3960456848145,-2.88851833343506,0.254685401916504,-0.416250348091125,0.135657101869583,70
738534.46369581413455307484,55.8920364379883,-2.51691603660583,7.04210567474365,0.000149919185787439,-0.00265023834072053,42.476146697998,-71.3452453613281,242.051620483398,198.031295776367,-2.61254405975342,2.17831969261169,114.73567199707,56.3901214599609,-2.87103962898254,0.246485397219658,-0.415623843669891,0.136605575680733,70
738534.46369793964549899101,55.879581451416,-2.49906229972839,7.097815990448,0.000149919185787439,-0.00265023834072053,42.4761352539062,-71.3451232910156,241.552032470703,198.012603759766,-2.60618162155151,2.31541037559509,114.735084533691,56.3839683532715,-2.85231161117554,0.257201045751572,-0.41479018330574,0.137476027011871,70
738534.46370004420168697834,55.8657684326172,-2.4821355342865,7.15797758102417,0.000149919185787439,-0.00265023834072053,42.4761238098145,-71.3450012207031,241.048675537109,197.996841430664,-2.57855153083801,2.44374370574951,114.733757019043,56.3771362304688,-2.83271527290344,0.281021326780319,-0.413754105567932,0.138286888599396,70
738534.46370209008455276489,55.8513488769531,-2.4604663848877,7.21884679794312,0.000149919185787439,-0.00265023834072053,42.4761123657227,-71.3448791503906,240.572998046875,197.985473632812,-2.54751658439636,2.55594348907471,114.73184967041,56.3696632385254,-2.81394457817078,0.305520623922348,-0.412598878145218,0.138990744948387,70
738534.46370402583852410316,55.8360214233398,-2.43879818916321,7.28253889083862,0.000149919185787439,-0.00265023834072053,42.4761009216309,-71.3447647094727,240.108383178711,197.978179931641,-2.52818179130554,2.73107862472534,114.729194641113,56.3617286682129,-2.79516243934631,0.322589784860611,-0.411285996437073,0.139620006084442,70
738534.46370634809136390686,55.8166007995605,-2.42070555686951,7.36324167251587,0.000149919185787439,-0.00265023834072053,42.4760894775391,-71.3446273803711,239.577621459961,197.973968505859,-2.51540923118591,3.10242009162903,114.725143432617,56.3521957397461,-2.77316498756409,0.354973703622818,-0.409551829099655,0.14026939868927,70
738534.46370869851671159267,55.7935638427734,-2.40474152565002,7.45973205566406,0.000149919185787439,-0.00265023834072053,42.47607421875,-71.3444900512695,239.036392211914,197.97314453125,-2.48465824127197,3.62228894233704,114.71996307373,56.3413887023926,-2.75078177452087,0.422501087188721,-0.407552421092987,0.140845030546188,70
738534.46371070819441229105,55.7706146240234,-2.38545179367065,7.55588817596436,0.000149919185787439,-0.00265023834072053,42.4760627746582,-71.3443756103516,238.578323364258,197.975814819336,-2.44270515441895,4.07184648513794,114.714683532715,56.3306617736816,-2.73222756385803,0.49472776055336,-0.40568932890892,0.141257375478745,70
738534.46371277200523763895,55.7442512512207,-2.36349439620972,7.66579675674438,0.000149919185787439,-0.00265023834072053,42.4760513305664,-71.3442535400391,238.12141418457,197.982391357422,-2.40532231330872,4.52336645126343,114.70849609375,56.318489074707,-2.71374082565308,0.569199621677399,-0.403652340173721,0.141587138175964,70
738534.46371480100788176060,55.7142486572266,-2.34060406684875,7.79021215438843,0.000149919185787439,-0.00265023834072053,42.4760398864746,-71.3441314697266,237.663818359375,197.993377685547,-2.37091732025146,4.97907400131226,114.701232910156,56.3049163818359,-2.69481110572815,0.645105361938477,-0.40140700340271,0.141823694109917,70
738534.46371683222241699696,55.6805992126465,-2.31781101226807,7.9289345741272,0.000149919185787439,-0.00265023834072053,42.4760284423828,-71.3440093994141,237.207366943359,198.008697509766,-2.33905482292175,5.43721961975098,114.692817687988,56.2900466918945,-2.67525100708008,0.722205102443695,-0.398944050073624,0.141963094472885,70
738534.46371916867792606354,55.6378288269043,-2.29455184936523,8.1029052734375,0.000149919185787439,-0.00265023834072053,42.4760131835938,-71.3438720703125,236.690139770508,197.979156494141,-2.29606628417969,5.90353536605835,114.68172454834,56.2715721130371,-2.65223693847656,0.837652444839478,-0.395869553089142,0.141984194517136,70
738534.46372115379199385643,55.5980949401855,-2.26688313484192,8.25938034057617,0.000149919185787439,-0.00265023834072053,42.476001739502,-71.3437576293945,236.261947631836,197.682678222656,-2.21683716773987,6.08594131469727,114.671173095703,56.2539253234863,-2.63263058662415,0.921699702739716,-0.393095791339874,0.141876608133316,70
738534.46372349571902304888,55.5467376708984,-2.2256395816803,8.45435905456543,0.000149919185787439,-0.00265023834072053,42.4759864807129,-71.343620300293,235.753784179688,197.33415222168,-2.18208789825439,6.13227128982544,114.656471252441,56.2305030822754,-2.60765910148621,0.993641555309296,-0.38945272564888,0.141574993729591,70
738534.46372550621163100004,55.5018768310547,-2.20301389694214,8.61965084075928,0.000149919185787439,-0.00265023834072053,42.4759750366211,-71.343505859375,235.328475952148,197.044891357422,-2.1789014339447,6.0868558883667,114.64208984375,56.2104072570801,-2.58471894264221,1.0087742805481,-0.386067688465118,0.141158059239388,70
738534.46372787503059953451,55.4483985900879,-2.18379807472229,8.81208324432373,0.000149919185787439,-0.00265023834072053,42.475959777832,-71.3433685302734,234.832809448242,196.710021972656,-2.17014670372009,6.02469539642334,114.623069763184,56.1867141723633,-2.55680894851685,1.00681900978088,-0.381780207157135,0.140466406941414,70
738534.46373027970548719168,55.3936157226562,-2.16929244995117,9.00407981872559,0.000149919185787439,-0.00265023834072053,42.4759407043457,-71.3432312011719,234.335342407227,196.375991821289,-2.15406441688538,5.94099855422974,114.601753234863,56.1625480651855,-2.52909469604492,0.989864468574524,-0.377176254987717,0.139524891972542,70
738534.46373261662665754557,55.3377571105957,-2.15404582023621,9.19446182250977,0.000149919185787439,-0.00265023834072053,42.4759254455566,-71.3430862426758,233.838500976562,196.044342041016,-2.12894177436829,5.85373783111572,114.578552246094,56.1377334594727,-2.50292611122131,0.962724924087524,-0.372332155704498,0.138317450881004,70
738534.46373468334786593914,55.2904663085938,-2.14085388183594,9.35154056549072,0.000149919185787439,-0.00265023834072053,42.4759101867676,-71.3429718017578,233.425903320312,195.770492553711,-2.10993266105652,5.7809157371521,114.557846069336,56.1165771484375,-2.48256707191467,0.927932798862457,-0.36813348531723,0.137097924947739,70
738534.46373716322705149651,55.2319068908691,-2.12510943412781,9.54099369049072,0.000149919185787439,-0.00265023834072053,42.4758949279785,-71.3428268432617,232.92204284668,195.438018798828,-2.08572602272034,5.66973495483398,114.53092956543,56.0901947021484,-2.45928144454956,0.899129390716553,-0.36279159784317,0.135328084230423,70
738534.46373939001932740211,55.1812019348145,-2.11444163322449,9.70092964172363,0.000149919185787439,-0.00265023834072053,42.4758796691895,-71.3427047729492,232.482498168945,195.149658203125,-2.08548617362976,5.37467479705811,114.506057739258,56.0673179626465,-2.44023609161377,0.899971604347229,-0.357942461967468,0.133519619703293,70
738534.46374149806797504425,55.1340065002441,-2.13012361526489,9.84036922454834,0.000149919185787439,-0.00265023834072053,42.4758605957031,-71.3425750732422,232.039657592773,194.859603881836,-2.05831241607666,4.34870719909668,114.480117797852,56.0457763671875,-2.4228892326355,1.02077281475067,-0.352948307991028,0.131463393568993,70
738534.46374354080762714148,55.0956344604492,-2.10997080802917,9.94262218475342,0.000149919185787439,-0.00265023834072053,42.4758453369141,-71.3424606323242,231.624374389648,194.588165283203,-1.99071252346039,2.67052817344666,114.455215454102,56.0253219604492,-2.40963506698608,0.917314648628235,-0.348243892192841,0.129324018955231,70
738534.46374567819293588400,55.0644493103027,-2.07308316230774,10.0009841918945,0.000149919185787439,-0.00265023834072053,42.475830078125,-71.3423385620117,231.193099975586,194.308532714844,-1.92649590969086,0.906495809555054,114.428321838379,56.0036697387695,-2.39669346809387,0.694690465927124,-0.343183130025864,0.126837775111198,70
738534.46374773222487419844,55.0418663024902,-2.02365136146545,10.0122690200806,0.000149919185787439,-0.00265023834072053,42.4758148193359,-71.3422164916992,230.780227661133,194.043716430664,-1.83066070079803,-0.441428035497665,114.401176452637,55.9816741943359,-2.38222289085388,0.322226643562317,-0.337992906570435,0.124205276370049,70
738534.46374988998286426067,55.0240745544434,-1.94651353359222,9.9871072769165,0.000149919185787439,-0.00265023834072053,42.4757995605469,-71.3420944213867,230.377563476562,193.789489746094,-1.70395314693451,-1.23632574081421,114.372375488281,55.9569435119629,-2.36319613456726,-0.00651456275954843,-0.332388311624527,0.121366858482361,70
738534.46375203854404389858,55.0076103210449,-1.8581565618515,9.94025135040283,0.000149919185787439,-0.00265023834072053,42.4757804870605,-71.3419647216797,229.97297668457,193.5400390625,-1.72497415542603,-1.37166488170624,114.339614868164,55.9294052124023,-2.33488607406616,-0.296774864196777,-0.325872272253036,0.118204608559608,70
738534.46375418780371546745,54.9929733276367,-1.81765305995941,9.888014793396,0.000149919185787439,-0.00265023834072053,42.4757652282715,-71.3418426513672,229.592163085938,193.309234619141,-1.7852623462677,-1.43214750289917,114.305023193359,55.9044189453125,-2.29864192008972,-0.423827230930328,-0.318827331066132,0.115001179277897,70
738534.46375640714541077614,54.9793548583984,-1.79503679275513,9.83090877532959,0.000149919185787439,-0.00265023834072053,42.4757499694824,-71.3417129516602,229.206314086914,193.077270507812,-1.82813358306885,-1.4734388589859,114.266723632812,55.8802146911621,-2.25652289390564,-0.488261014223099,-0.310988664627075,0.111580334603786,70
738534.46375872043427079916,54.9662780761719,-1.79219079017639,9.77092552185059,0.000149919185787439,-0.00265023834072053,42.4757347106934,-71.3415832519531,228.80827331543,192.838623046875,-1.87463092803955,-1.36284530162811,114.224639892578,55.8567314147949,-2.21261096000671,-0.511758327484131,-0.302411139011383,0.107922710478306,70
738534.46376112033613026142,54.952091217041,-1.79606449604034,9.70980358123779,0.000149919185787439,-0.00265023834072053,42.475715637207,-71.3414459228516,228.386627197266,192.584991455078,-1.83317971229553,-1.14949131011963,114.178512573242,55.8322372436523,-2.17107486724854,-0.445766776800156,-0.293099194765091,0.103981360793114,70
738534.46376346470788121223,54.9362678527832,-1.78312754631042,9.65205001831055,0.000149919185787439,-0.00265023834072053,42.4756965637207,-71.34130859375,227.974609375,192.337188720703,-1.73660385608673,-1.14191150665283,114.13232421875,55.8062286376953,-2.13743114471436,-0.30834436416626,-0.283850252628326,0.100077904760838,70
738534.46376564563252031803,54.9189338684082,-1.74192750453949,9.59499549865723,0.000149919185787439,-0.00265023834072053,42.4756813049316,-71.341178894043,227.580261230469,192.102035522461,-1.64551341533661,-1.21679389476776,114.086410522461,55.7780227661133,-2.10953426361084,-0.225829496979713,-0.274687707424164,0.0962823182344437,70
738534.46376789710484445095,54.9011535644531,-1.69764673709869,9.53742790222168,0.000149919185787439,-0.00265023834072053,42.4756660461426,-71.3410491943359,227.209350585938,191.883911132812,-1.59332323074341,-1.29086661338806,114.040885925293,55.7492713928223,-2.08345150947571,-0.152749538421631,-0.26554948091507,0.0926285907626152,70
738534.46377014345489442348,54.8820533752441,-1.65447163581848,9.4757776260376,0.000149919185787439,-0.00265023834072053,42.4756507873535,-71.3409194946289,226.835205078125,191.667053222656,-1.55136060714722,-1.36737060546875,113.992050170898,55.7186431884766,-2.05489110946655,-0.0807026773691177,-0.255679845809937,0.0888494774699211,70
738534.46377225534524768591,54.8635635375977,-1.6159063577652,9.41666603088379,0.000149919185787439,-0.00265023834072053,42.4756355285645,-71.3407974243164,226.493026733398,191.471496582031,-1.5133204460144,-1.43791723251343,113.944778442383,55.6892738342285,-2.02616930007935,-0.026534166187048,-0.246018096804619,0.0853476598858833,70
738534.46377431624568998814,54.8447341918945,-1.57936835289001,9.35683250427246,0.000149919185787439,-0.00265023834072053,42.4756202697754,-71.3406753540039,226.161743164062,191.284729003906,-1.47692728042603,-1.50655806064606,113.896377563477,55.6595840454102,-1.99591100215912,0.0227590035647154,-0.236050650477409,0.0819142162799835,70
738534.46377649519126862288,54.8243255615234,-1.54257166385651,9.2924633026123,0.000149919185787439,-0.00265023834072053,42.4756050109863,-71.3405456542969,225.819717407227,191.094604492188,-1.43997085094452,-1.5765153169632,113.843467712402,55.6276588439941,-1.96233546733856,0.0707855597138405,-0.225100427865982,0.0783159956336021,70
738534.46377855620812624693,54.8046455383301,-1.50979316234589,9.23137474060059,0.000149919185787439,-0.00265023834072053,42.4755897521973,-71.3404312133789,225.505584716797,190.922378540039,-1.40659916400909,-1.64005208015442,113.79239654541,55.5971832275391,-1.92996978759766,0.103596270084381,-0.214434370398521,0.0749925076961517,70
738534.46378057927358895540,54.7846641540527,-1.47202181816101,9.17154216766357,0.000149919185787439,-0.00265023834072053,42.4755744934082,-71.3403091430664,225.200653076172,190.743255615234,-1.40543782711029,-1.67618095874786,113.740341186523,55.5665664672852,-1.89735519886017,0.0746178403496742,-0.203492224216461,0.0717423781752586,70
738534.46378275670576840639,54.7635803222656,-1.46335053443909,9.10861968994141,0.000149919185787439,-0.00265023834072053,42.4755592346191,-71.3401870727539,224.876358032227,190.418731689453,-1.46896028518677,-1.67997169494629,113.682495117188,55.5351982116699,-1.86176538467407,0.0293280798941851,-0.191265732049942,0.0682791173458099,70
738534.46378513053059577942,54.7420806884766,-1.4781231880188,9.04211521148682,0.000149919185787439,-0.00265023834072053,42.4755439758301,-71.3400421142578,224.519973754883,190.062347412109,-1.57946848869324,-1.66445732116699,113.618019104004,55.5035133361816,-1.82573318481445,-0.0417687892913818,-0.177510052919388,0.064565509557724,70
738534.46378699876368045807,54.7291259765625,-1.51093685626984,8.99967765808105,0.000149919185787439,-0.00265023834072053,42.4755325317383,-71.3399505615234,224.279678344727,189.822067260742,-1.64207315444946,-1.63536965847015,113.575065612793,55.4847221374512,-1.80582141876221,-0.0787056758999825,-0.168331652879715,0.0621380433440208,70
738534.46378909342456609011,54.7104606628418,-1.56502497196198,8.93569946289062,0.000149919185787439,-0.00265023834072053,42.475513458252,-71.3398056030273,223.896881103516,189.439315795898,-1.6872251033783,-1.59685289859772,113.508613586426,55.4574661254883,-1.78524792194366,-0.117917537689209,-0.154276877641678,0.0583969429135323,70
738534.46379109018016606569,54.6966514587402,-1.60876560211182,8.88657283782959,0.000149919185787439,-0.00265023834072053,42.4755020141602,-71.3396987915039,223.585556030273,189.127990722656,-1.7167751789093,-1.56424236297607,113.457710266113,55.437198638916,-1.77924752235413,-0.144661590456963,-0.143441930413246,0.0555441007018089,70
738534.46379316481761634350,54.683032989502,-1.65303194522858,8.83615207672119,0.000149919185787439,-0.00265023834072053,42.4754867553711,-71.3395767211914,223.250335693359,188.792755126953,-1.74822568893433,-1.53138995170593,113.405662536621,55.4170036315918,-1.7824159860611,-0.166473090648651,-0.132396385073662,0.0525843985378742,70
738534.46379519801121205091,54.6709976196289,-1.69813930988312,8.78836536407471,0.000149919185787439,-0.00265023834072053,42.4754753112793,-71.3394622802734,222.918151855469,188.460815429688,-1.79748523235321,-1.52079021930695,113.357131958008,55.3988914489746,-1.79360508918762,-0.183640018105507,-0.122066557407379,0.0497788488864899,70
738534.46379719919059425592,54.6601028442383,-1.7501494884491,8.74119472503662,0.000149919185787439,-0.00265023834072053,42.4754600524902,-71.3393402099609,222.576019287109,187.988357543945,-1.83831608295441,-1.51094174385071,113.310348510742,55.3822898864746,-1.81189835071564,-0.198439911007881,-0.112082190811634,0.047017116099596,70
738534.46379929501563310623,54.6498184204102,-1.80359292030334,8.6931676864624,0.000149919185787439,-0.00265023834072053,42.4754486083984,-71.339225769043,222.215896606445,187.484527587891,-1.84479451179504,-1.51349771022797,113.264633178711,55.3662948608398,-1.8373841047287,-0.203420117497444,-0.102307341992855,0.0442396029829979,70
738534.46380169759504497051,54.6380081176758,-1.85671746730804,8.63649368286133,0.000149919185787439,-0.00265023834072053,42.4754295349121,-71.3390884399414,221.781997680664,186.882141113281,-1.79749155044556,-1.53012776374817,113.213928222656,55.347526550293,-1.87458074092865,-0.204297065734863,-0.0914489924907684,0.041063666343689,70
738534.46380387153476476669,54.6273765563965,-1.87803423404694,8.58488845825195,0.000149919185787439,-0.00265023834072053,42.4754180908203,-71.3389587402344,221.392944335938,186.364181518555,-1.74649512767792,-1.59234619140625,113.171409606934,55.329719543457,-1.91158378124237,-0.203374698758125,-0.0823670327663422,0.0383271537721157,70
738534.46380592044442892075,54.6174468994141,-1.89179384708405,8.53145790100098,0.000149919185787439,-0.00265023834072053,42.4754028320312,-71.3388442993164,221.008743286133,185.933166503906,-1.74236106872559,-1.75070917606354,113.131385803223,55.3121147155762,-1.94810020923615,-0.207742840051651,-0.0737741738557816,0.035711258649826,70
738534.46380793547723442316,54.6094779968262,-1.90183210372925,8.47555828094482,0.000149919185787439,-0.00265023834072053,42.4753913879395,-71.3387222290039,220.63639831543,185.845901489258,-1.77109229564667,-1.9607105255127,113.094024658203,55.2959976196289,-1.98132574558258,-0.23717126250267,-0.0656827911734581,0.033253975212574,70
738534.46381000068504363298,54.6038055419922,-1.91485822200775,8.41387748718262,0.000149919185787439,-0.00265023834072053,42.4753761291504,-71.3386077880859,220.258773803711,185.780532836914,-1.81197547912598,-2.17455887794495,113.057548522949,55.281421661377,-2.01187014579773,-0.282560884952545,-0.0576506182551384,0.0308343227952719,70
738534.46381239034235477448,54.5995330810547,-1.9356917142868,8.33506965637207,0.000149919185787439,-0.00265023834072053,42.4753608703613,-71.3384704589844,219.812210083008,185.355056762695,-1.82743155956268,-2.38989520072937,113.016502380371,55.2659873962402,-2.04388213157654,-0.359970092773438,-0.0483747273683548,0.028083385899663,70
738534.46381443052086979151,54.5967750549316,-1.94653296470642,8.26272106170654,0.000149919185787439,-0.00265023834072053,42.4753494262695,-71.3383560180664,219.427703857422,184.970642089844,-1.80052149295807,-2.45776844024658,112.982788085938,55.2527770996094,-2.06862187385559,-0.41073140501976,-0.0405834726989269,0.0257970802485943,70
738534.46381649398244917393,54.5942459106445,-1.96142554283142,8.18524742126465,0.000149919185787439,-0.00265023834072053,42.4753379821777,-71.3382339477539,219.040130615234,184.583129882812,-1.71914732456207,-2.69247317314148,112.950119018555,55.2392730712891,-2.09111285209656,-0.392001330852509,-0.0328857824206352,0.0235740784555674,70
738534.46381847432348877192,54.5917282104492,-1.9386750459671,8.09803295135498,0.000149919185787439,-0.00265023834072053,42.4753227233887,-71.3381195068359,218.654388427734,184.197448730469,-1.59217739105225,-3.1522696018219,112.91820526123,55.2231254577637,-2.11113667488098,-0.428392618894577,-0.0252901148051023,0.0214321129024029,70
738534.46382080810144543648,54.5892639160156,-1.89284193515778,7.98294067382812,0.000149919185787439,-0.00265023834072053,42.4753112792969,-71.3379821777344,218.228363037109,183.771453857422,-1.47489511966705,-3.66943788528442,112.882263183594,55.202335357666,-2.12757277488708,-0.504391729831696,-0.0166338663548231,0.0191242285072803,70
738534.46382300555706024170,54.5873641967773,-1.83765339851379,7.8583607673645,0.000149919185787439,-0.00265023834072053,42.4752960205078,-71.3378601074219,217.83610534668,183.37922668457,-1.40056490898132,-4.09312677383423,112.847053527832,55.1807136535645,-2.13413763046265,-0.599338412284851,-0.00810552760958672,0.0170307792723179,70
738534.46382515504956245422,54.5860404968262,-1.77615320682526,7.72461748123169,0.000149919185787439,-0.00265023834072053,42.475284576416,-71.3377380371094,217.459915161133,183.003051757812,-1.41060221195221,-4.25329875946045,112.810577392578,55.1585006713867,-2.13050651550293,-0.734263360500336,0.000819362583570182,0.0150791397318244,70
738534.46382728870958089828,54.5855484008789,-1.7578227519989,7.58765649795532,0.000149919185787439,-0.00265023834072053,42.4752731323242,-71.3376159667969,217.089645385742,182.632781982422,-1.49023199081421,-4.29694557189941,112.772018432617,55.1384124755859,-2.11713886260986,-0.791106045246124,0.0103604979813099,0.0132361203432083,70
738534.46382947370875626802,54.5860939025879,-1.75552749633789,7.44971132278442,0.000149919185787439,-0.00265023834072053,42.4752616882324,-71.3374938964844,216.720062255859,182.263305664062,-1.53756237030029,-4.32434368133545,112.731880187988,55.1200675964355,-2.09845399856567,-0.825316667556763,0.0203417334705591,0.0115206008777022,70
738534.46383159235119819641,54.5870590209961,-1.76495456695557,7.313232421875,0.000149919185787439,-0.00265023834072053,42.4752502441406,-71.3373718261719,216.350296020508,181.893615722656,-1.56988978385925,-4.19660329818726,112.690956115723,55.1030426025391,-2.07899737358093,-0.851873636245728,0.0305415503680706,0.00994965061545372,70
738534.46383366279769688845,54.5873374938965,-1.78082919120789,7.18277502059937,0.000149919185787439,-0.00265023834072053,42.4752349853516,-71.3372421264648,215.975006103516,181.518371582031,-1.57307910919189,-3.76564025878906,112.649391174316,55.086669921875,-2.06196117401123,-0.867640674114227,0.040895227342844,0.00852036662399769,70
738534.46383572078775614500,54.5854911804199,-1.78696501255035,7.07107353210449,0.000149919185787439,-0.00265023834072053,42.475227355957,-71.3371276855469,215.62092590332,181.164352416992,-1.56673622131348,-3.23409080505371,112.610572814941,55.0705833435059,-2.0499107837677,-0.811733603477478,0.0505974441766739,0.00733243813738227,70
738534.46383807458914816380,54.5800285339355,-1.7903960943222,6.95763206481934,0.000149919185787439,-0.00265023834072053,42.475212097168,-71.3369903564453,215.203384399414,180.746826171875,-1.56229388713837,-2.6119487285614,112.565170288086,55.0508270263672,-2.04019379615784,-0.708571016788483,0.061990313231945,0.00612937565892935,70
738534.46384040138218551874,54.5715103149414,-1.79122114181519,6.86565923690796,0.000149919185787439,-0.00265023834072053,42.4752006530762,-71.3368530273438,214.796539306641,180.339996337891,-1.56279826164246,-2.06908464431763,112.521339416504,55.0308609008789,-2.03422474861145,-0.577285766601562,0.0730845630168915,0.00516098458319902,70
738534.46384242339991033077,54.5626754760742,-1.79392051696777,6.79708480834961,0.000149919185787439,-0.00265023834072053,42.4751892089844,-71.3367462158203,214.44856262207,179.992004394531,-1.56013023853302,-1.9609317779541,112.48412322998,55.013671875,-2.03107643127441,-0.431547403335571,0.0825748592615128,0.00449248822405934,70
738534.46384444646537303925,54.5535011291504,-1.79361367225647,6.73096656799316,0.000149919185787439,-0.00265023834072053,42.4751815795898,-71.3366241455078,214.086639404297,179.630065917969,-1.64870572090149,-1.87870001792908,112.445541381836,54.9964294433594,-2.02896070480347,-0.39247539639473,0.0925035178661346,0.00394118158146739,70
738534.46384665952064096928,54.5452613830566,-1.82779455184937,6.66537141799927,0.000149919185787439,-0.00265023834072053,42.475170135498,-71.3364944458008,213.699096679688,179.242477416992,-1.74460923671722,-1.76658916473389,112.405426025391,54.9813919067383,-2.02814793586731,-0.355212062597275,0.103037655353546,0.00352034415118396,70
738534.46384899562690407038,54.5379028320312,-1.87331914901733,6.6005220413208,0.000149919185787439,-0.00265023834072053,42.4751586914062,-71.3363647460938,213.276443481445,178.819763183594,-1.81636679172516,-1.62106764316559,112.363822937012,54.9678001403809,-2.03189301490784,-0.333516657352448,0.114104241132736,0.00323472125455737,70
738534.46385106304660439491,54.5324172973633,-1.91947495937347,6.54827308654785,0.000149919185787439,-0.00265023834072053,42.4751472473145,-71.3362426757812,212.89778137207,178.441070556641,-1.87268924713135,-1.48625648021698,112.329063415527,54.9576988220215,-2.04080963134766,-0.317546129226685,0.123500034213066,0.00311793573200703,70
738534.46385315712541341782,54.5277824401855,-1.96570062637329,6.49977159500122,0.000149919185787439,-0.00265023834072053,42.4751358032227,-71.3361282348633,212.513214111328,178.056503295898,-1.90499937534332,-1.40352416038513,112.296600341797,54.9489784240723,-2.05560326576233,-0.295900762081146,0.132456421852112,0.00311971479095519,70
738534.46385520207695662975,54.5238189697266,-2.00878119468689,6.45318078994751,0.000149919185787439,-0.00265023834072053,42.4751281738281,-71.3360061645508,212.115264892578,177.658554077148,-1.9393527507782,-1.32301998138428,112.265975952148,54.9411087036133,-2.07641768455505,-0.281050592660904,0.141116306185722,0.00323876598849893,70
738534.46385724667925387621,54.5207366943359,-2.05074381828308,6.40930080413818,0.000149919185787439,-0.00265023834072053,42.4751167297363,-71.3358917236328,211.711608886719,177.254867553711,-1.98475551605225,-1.2434219121933,112.237945556641,54.9344635009766,-2.10197520256042,-0.269865751266479,0.149310007691383,0.0034683533012867,70
738534.46385961875785142183,54.5184097290039,-2.10183382034302,6.36164093017578,0.000149919185787439,-0.00265023834072053,42.4751052856445,-71.3357543945312,211.233062744141,176.776260375977,-2.04161334037781,-1.14469742774963,112.208549499512,54.9285469055176,-2.13647651672363,-0.261421501636505,0.158284336328506,0.00386539683677256,70
738534.46386177465319633484,54.517822265625,-2.15418791770935,6.32471323013306,0.000149919185787439,-0.00265023834072053,42.47509765625,-71.3356323242188,210.799438476562,176.342575073242,-2.14422559738159,-0.88222336769104,112.185363769531,54.9257278442383,-2.17073822021484,-0.272927820682526,0.165744706988335,0.00433260388672352,70
738534.46386401227209717035,54.5184173583984,-2.22309732437134,6.29562759399414,0.000149919185787439,-0.00265023834072053,42.4750862121582,-71.3355102539062,210.347747802734,175.89079284668,-2.2457160949707,-0.530864894390106,112.164924621582,54.925724029541,-2.20911407470703,-0.253905683755875,0.172767952084541,0.00490781432017684,70
738534.46386608062312006950,54.5199966430664,-2.3012056350708,6.27976942062378,0.000149919185787439,-0.00265023834072053,42.4750747680664,-71.3353881835938,209.88688659668,175.429840087891,-2.36764407157898,0.0448654778301716,112.148147583008,54.9286918640137,-2.25175547599792,-0.232621267437935,0.179061368107796,0.00556341744959354,70
738534.46386828622780740261,54.5217514038086,-2.3938410282135,6.27964544296265,0.000149919185787439,-0.00265023834072053,42.4750671386719,-71.3352584838867,209.403549194336,174.946395874023,-2.46910071372986,0.657368421554565,112.135154724121,54.9343757629395,-2.30092144012451,-0.143804118037224,0.184642553329468,0.00631588278338313,70
738534.46387036831583827734,54.5229530334473,-2.47511768341064,6.29545927047729,0.000149919185787439,-0.00265023834072053,42.4750556945801,-71.3351364135742,208.920349121094,174.46305847168,-2.50280213356018,1.15978169441223,112.12678527832,54.9409828186035,-2.35496068000793,-0.0305133406072855,0.189145058393478,0.00711633125320077,70
738534.46387250791303813457,54.5233955383301,-2.54731345176697,6.3272705078125,0.000149919185787439,-0.00265023834072053,42.4750442504883,-71.3350143432617,208.407257080078,173.949813842773,-2.53948068618774,1.65680456161499,112.122627258301,54.9483757019043,-2.41675090789795,0.0736591294407845,0.192861765623093,0.00800377130508423,70
738534.46387462154962122440,54.5231628417969,-2.61945772171021,6.37156915664673,0.000149919185787439,-0.00265023834072053,42.4750366210938,-71.3348922729492,207.883590698242,173.425994873047,-2.56906485557556,2.02915620803833,112.122863769531,54.9566535949707,-2.48205900192261,0.224300444126129,0.195673018693924,0.00893156137317419,70
738534.46387701772619038820,54.522087097168,-2.66936278343201,6.43224716186523,0.000149919185787439,-0.00265023834072053,42.475025177002,-71.3347549438477,207.291519165039,172.833724975586,-2.53916788101196,2.08465790748596,112.127822875977,54.9650535583496,-2.55653166770935,0.286478996276855,0.19778835773468,0.00999727379530668,70
738534.46387939923442900181,54.5210838317871,-2.72445011138916,6.49865913391113,0.000149919185787439,-0.00265023834072053,42.4750137329102,-71.3346176147461,206.689117431641,172.231338500977,-2.59922575950623,2.38726329803467,112.137077331543,54.9745750427246,-2.62976217269897,0.357695430517197,0.199078917503357,0.0110895046964288,70
738534.46388147410470992327,54.5198860168457,-2.75659155845642,6.56473636627197,0.000149919185787439,-0.00265023834072053,42.4750022888184,-71.3345031738281,206.154266357422,171.696594238281,-2.61306309700012,2.4801185131073,112.148300170898,54.982837677002,-2.69119739532471,0.381805390119553,0.199603334069252,0.0120488535612822,70
738534.46388346725143492222,54.5190582275391,-2.80092453956604,6.63237428665161,0.000149919185787439,-0.00265023834072053,42.4749908447266,-71.3343811035156,205.624969482422,171.167373657227,-2.66440939903259,2.65700745582581,112.161743164062,54.992374420166,-2.74771785736084,0.422705590724945,0.199646309018135,0.0129735339432955,70
738534.46388557716272771358,54.5183219909668,-2.82987809181213,6.70584869384766,0.000149919185787439,-0.00265023834072053,42.474983215332,-71.3342666625977,205.088088989258,170.630584716797,-2.68391466140747,2.71706366539001,112.17749786377,55.0020370483398,-2.80117535591125,0.413895934820175,0.199223384261131,0.0138771645724773,70
738534.46388799999840557575,54.5179290771484,-2.88681983947754,6.79628705978394,0.000149919185787439,-0.00265023834072053,42.474967956543,-71.3341293334961,204.43830871582,169.980865478516,-2.74560856819153,2.92574763298035,112.199142456055,55.0157051086426,-2.86072778701782,0.458081662654877,0.198156535625458,0.0149083659052849,70
738534.46389001945499330759,54.5173721313477,-2.9153995513916,6.87855577468872,0.000149919185787439,-0.00265023834072053,42.4749603271484,-71.3340072631836,203.876892089844,169.419494628906,-2.73471069335938,2.94603657722473,112.219940185547,55.0268821716309,-2.90904378890991,0.481493890285492,0.196722209453583,0.0157255101948977,70
738534.46389239537529647350,54.5161628723145,-2.94374656677246,6.97410821914673,0.000149919185787439,-0.00265023834072053,42.4749450683594,-71.333869934082,203.222366333008,168.764999389648,-2.67696356773376,2.90709805488586,112.246253967285,55.0392189025879,-2.9615421295166,0.505711436271667,0.194528877735138,0.0165839623659849,70
738534.46389448794070631266,54.5140647888184,-2.93826293945312,7.05719232559204,0.000149919185787439,-0.00265023834072053,42.4749336242676,-71.3337554931641,202.657135009766,168.199783325195,-2.60309600830078,2.85347294807434,112.270439147949,55.0474395751953,-3.0028977394104,0.50574141740799,0.192285239696503,0.0172427967190742,70
738534.46389690088108181953,54.5103759765625,-2.91639351844788,7.15495872497559,0.000149919185787439,-0.00265023834072053,42.4749221801758,-71.3336181640625,202.000350952148,167.542999267578,-2.59189748764038,2.90687489509583,112.299438476562,55.0552444458008,-3.04316473007202,0.467239439487457,0.189522504806519,0.0179052706807852,70
738534.46389930055011063814,54.5059776306152,-2.9097785949707,7.2515983581543,0.000149919185787439,-0.00265023834072053,42.474910736084,-71.3334732055664,201.349838256836,166.892456054688,-2.58391165733337,2.89012861251831,112.328300476074,55.0631828308105,-3.07281684875488,0.478759348392487,0.186831519007683,0.0184450075030327,70
738534.46390134992543607950,54.5016174316406,-2.89812064170837,7.33379411697388,0.000149919185787439,-0.00265023834072053,42.4748992919922,-71.3333587646484,200.796157836914,166.338729858398,-2.55684542655945,2.82833433151245,112.352699279785,55.0691375732422,-3.09091997146606,0.471139758825302,0.184601798653603,0.0188088398426771,70
738534.46390335203614085913,54.4966430664062,-2.88047194480896,7.4127368927002,0.000149919185787439,-0.00265023834072053,42.4748878479004,-71.3332443237305,200.257095336914,165.799621582031,-2.50975489616394,2.76880383491516,112.376052856445,55.073860168457,-3.10285925865173,0.462245523929596,0.18251433968544,0.0190641041845083,70
738534.46390537521801888943,54.4907913208008,-2.85547542572021,7.49049997329712,0.000149919185787439,-0.00265023834072053,42.4748764038086,-71.3331298828125,199.717315673828,165.259765625,-2.4598286151886,2.67842602729797,112.398796081543,55.0772895812988,-3.10937142372131,0.457184821367264,0.180557057261467,0.0192210581153631,70
738534.46390774275641888380,54.4828071594238,-2.81804776191711,7.57885837554932,0.000149919185787439,-0.00265023834072053,42.4748611450195,-71.3329925537109,199.087905883789,164.630310058594,-2.40501141548157,2.54720568656921,112.424179077148,55.0795516967773,-3.10984778404236,0.437116861343384,0.178540945053101,0.0192654095590115,70
738534.46390974917449057102,54.4749794006348,-2.78175163269043,7.65149593353271,0.000149919185787439,-0.00265023834072053,42.4748497009277,-71.332878112793,198.556137084961,164.098480224609,-2.35800957679749,2.47443962097168,112.444343566895,55.080005645752,-3.10401797294617,0.405888110399246,0.177148506045341,0.019182862713933,70
738534.46391187631525099277,54.465934753418,-2.73985028266907,7.72313213348389,0.000149919185787439,-0.00265023834072053,42.4748382568359,-71.3327560424805,198.025131225586,163.567459106445,-2.31027984619141,2.45502805709839,112.463027954102,55.0789566040039,-3.09240031242371,0.385110169649124,0.176117405295372,0.0189818777143955,70
738534.46391395980026572943,54.4551696777344,-2.69749546051025,7.79691219329834,0.000149919185787439,-0.00265023834072053,42.4748268127441,-71.332633972168,197.477890014648,163.020172119141,-2.27195477485657,2.44567680358887,112.480484008789,55.0766143798828,-3.07433414459229,0.374372184276581,0.175510853528976,0.0186444781720638,70
738534.46391638636123389006,54.4419326782227,-2.65242481231689,7.87679815292358,0.000149919185787439,-0.00265023834072053,42.4748115539551,-71.3324966430664,196.879470825195,162.42170715332,-2.22160983085632,2.35696506500244,112.497108459473,55.0727119445801,-3.04827356338501,0.376699954271317,0.175433084368706,0.0181231610476971,70
738534.46391846030019223690,54.4296379089355,-2.61004757881165,7.94310283660889,0.000149919185787439,-0.00265023834072053,42.4748001098633,-71.3323822021484,196.364471435547,161.90673828125,-2.18204927444458,2.19260692596436,112.509231567383,55.0680541992188,-3.02122616767883,0.381053060293198,0.17588347196579,0.0175371952354908,70
738534.46392069337889552116,54.4160919189453,-2.56675815582275,8.00898742675781,0.000149919185787439,-0.00265023834072053,42.4747848510742,-71.3322525024414,195.824661254883,161.366958618164,-2.15472030639648,2.04021453857422,112.519630432129,55.0621757507324,-2.98876357078552,0.334879875183105,0.176917612552643,0.016779063269496,70
738534.46392309607472270727,54.4006996154785,-2.52281212806702,8.07613372802734,0.000149919185787439,-0.00265023834072053,42.4747695922852,-71.3321151733398,195.241958618164,160.784271240234,-2.12259316444397,1.97190260887146,112.528030395508,55.0547409057617,-2.95008111000061,0.307648688554764,0.178714618086815,0.0158013012260199,70
738534.46392547746654599905,54.384708404541,-2.48127460479736,8.1390552520752,0.000149919185787439,-0.00265023834072053,42.4747581481934,-71.3319778442383,194.682998657227,160.225311279297,-2.08478569984436,1.92961752414703,112.533386230469,55.0463218688965,-2.91033625602722,0.287859708070755,0.181109100580215,0.014692397788167,70
738534.46392747736535966396,54.3697280883789,-2.44710516929626,8.19235610961914,0.000149919185787439,-0.00265023834072053,42.4747428894043,-71.3318634033203,194.207015991211,159.749313354492,-2.02654266357422,1.87423920631409,112.535804748535,55.037899017334,-2.87514162063599,0.246476888656616,0.183667093515396,0.0136110065504909,70
738534.46392954839393496513,54.3541030883789,-2.40442824363708,8.2422342300415,0.000149919185787439,-0.00265023834072053,42.4747314453125,-71.3317489624023,193.755523681641,159.297775268555,-1.96399366855621,1.81539928913116,112.536109924316,55.0280303955078,-2.84085583686829,0.197348847985268,0.186562970280647,0.0124671012163162,70
738534.46393154666293412447,54.3367156982422,-2.35379266738892,8.29191589355469,0.000149919185787439,-0.00265023834072053,42.4747200012207,-71.3316268920898,193.290710449219,158.832916259766,-1.91565275192261,1.74389541149139,112.534164428711,55.0161323547363,-2.80385637283325,0.157971382141113,0.190106272697449,0.0111604770645499,70
738534.46393385599367320538,54.3175659179688,-2.30985355377197,8.34228897094727,0.000149919185787439,-0.00265023834072053,42.4747047424316,-71.3314971923828,192.786056518555,158.328186035156,-1.92707562446594,1.47681736946106,112.52921295166,55.0029754638672,-2.7611608505249,0.0771662220358849,0.194701835513115,0.00960262026637793,70
738534.46393622376490384340,54.2998199462891,-2.28172874450684,8.3837308883667,0.000149919185787439,-0.00265023834072053,42.4746894836426,-71.3313598632812,192.265731811523,157.807800292969,-1.97419989109039,1.08974957466125,112.52124786377,54.9905776977539,-2.71547389030457,-0.0486639104783535,0.200211524963379,0.00783364102244377,70
738534.46393823449034243822,54.2878036499023,-2.2778480052948,8.40636157989502,0.000149919185787439,-0.00265023834072053,42.4746780395508,-71.3312454223633,191.825302124023,157.367462158203,-2.01630878448486,0.7179856300354,112.512680053711,54.982006072998,-2.67789030075073,-0.123943462967873,0.20534273982048,0.00622212095186114,70
738534.46394055301789194345,54.2778663635254,-2.28267383575439,8.41692733764648,0.000149919185787439,-0.00265023834072053,42.4746627807617,-71.3311157226562,191.322601318359,156.865005493164,-2.0522677898407,0.147698283195496,112.501686096191,54.9740142822266,-2.63961935043335,-0.234396651387215,0.211477309465408,0.00427345838397741,70
738534.46394289657473564148,54.2711219787598,-2.28806114196777,8.41027069091797,0.000149919185787439,-0.00265023834072053,42.4746475219727,-71.3309783935547,190.813034057617,156.355621337891,-2.02449345588684,-0.213504359126091,112.489898681641,54.9665565490723,-2.60799717903137,-0.360828280448914,0.217794075608253,0.00218474841676652,70
738534.46394497540313750505,54.266471862793,-2.27892923355103,8.39323616027832,0.000149919185787439,-0.00265023834072053,42.4746322631836,-71.3308639526367,190.364395141602,155.906951904297,-1.97483551502228,-0.419592767953873,112.479072570801,54.9589805603027,-2.58596968650818,-0.420945584774017,0.223406389355659,0.000251637626206502,70
738534.46394712012261152267,54.2618713378906,-2.25834250450134,8.36936283111572,0.000149919185787439,-0.00265023834072053,42.4746208190918,-71.3307418823242,189.918060302734,155.460556030273,-1.91215193271637,-0.494965434074402,112.467727661133,54.9499473571777,-2.56774139404297,-0.447814702987671,0.229124590754509,-0.00173724605701864,70
738534.46394920046441257000,54.2564277648926,-2.22928309440613,8.34123706817627,0.000149919185787439,-0.00265023834072053,42.4746055603027,-71.3306198120117,189.470062255859,154.923065185547,-1.85082495212555,-0.530944883823395,112.45531463623,54.9391098022461,-2.55085015296936,-0.4436194896698,0.235138535499573,-0.00380188575945795,70
738534.46395125077106058598,54.2497024536133,-2.19636678695679,8.31076908111572,0.000149919185787439,-0.00265023834072053,42.4745941162109,-71.3305053710938,189.03125,154.360473632812,-1.76415073871613,-0.601749837398529,112.44165802002,54.9265251159668,-2.53379893302917,-0.438773810863495,0.241413295269012,-0.00588590698316693,70
738534.46395331958774477243,54.2418174743652,-2.14908528327942,8.27993392944336,0.000149919185787439,-0.00265023834072053,42.4745826721191,-71.3303833007812,188.604904174805,153.811767578125,-1.72021615505219,-0.541352987289429,112.426368713379,54.9122085571289,-2.51507568359375,-0.498972296714783,0.248024225234985,-0.00798171386122704,70
738534.46395546337589621544,54.2322883605957,-2.12104606628418,8.25088882446289,0.000149919185787439,-0.00265023834072053,42.4745674133301,-71.3302612304688,188.15283203125,153.227890014648,-1.76864171028137,-0.106387540698051,112.407569885254,54.897331237793,-2.49129390716553,-0.524136066436768,0.255712985992432,-0.0102651789784431,70
738534.46395780553575605154,54.2209358215332,-2.12935256958008,8.23750019073486,0.000149919185787439,-0.00265023834072053,42.474552154541,-71.3301239013672,187.674880981445,152.709487915039,-1.90907847881317,0.758113384246826,112.385566711426,54.8844299316406,-2.46416640281677,-0.46191468834877,0.264416873455048,-0.012678811326623,70
738534.46396019496023654938,54.2073135375977,-2.16185450553894,8.23836612701416,0.000149919185787439,-0.00265023834072053,42.474536895752,-71.3299865722656,187.185546875,152.215942382812,-1.83014273643494,0.832019507884979,112.362251281738,54.872371673584,-2.44089365005493,-0.201060742139816,0.273323714733124,-0.015119974501431,70
738534.46396261919289827347,54.1924438476562,-2.1473662853241,8.23985290527344,0.000149919185787439,-0.00265023834072053,42.4745216369629,-71.3298568725586,186.700592041016,151.726806640625,-1.75199961662292,0.479865968227386,112.338539123535,54.8573379516602,-2.42456483840942,-0.0780406221747398,0.282083541154861,-0.0175504945218563,70
738534.46396460849791765213,54.1798324584961,-2.11917877197266,8.23293113708496,0.000149919185787439,-0.00265023834072053,42.4745101928711,-71.3297348022461,186.28076171875,151.289428710938,-1.69530701637268,0.0464662201702595,112.317276000977,54.8427429199219,-2.4128360748291,-0.132980227470398,0.289842158555984,-0.0196798741817474,70
738534.46396661864127963781,54.1678695678711,-2.0827751159668,8.21806240081787,0.000149919185787439,-0.00265023834072053,42.4744987487793,-71.3296203613281,185.871734619141,150.812301635742,-1.67205011844635,-0.0606243833899498,112.295585632324,54.8272972106934,-2.40085792541504,-0.259651720523834,0.297768324613571,-0.0217756312340498,70
738534.46396868198644369841,54.1561164855957,-2.05803966522217,8.1996374130249,0.000149919185787439,-0.00265023834072053,42.4744873046875,-71.3295059204102,185.4755859375,150.349273681641,-1.6751207113266,-0.13740062713623,112.273391723633,54.8119926452637,-2.38694667816162,-0.369671851396561,0.305922567844391,-0.0238300058990717,70
738534.46397112437989562750,54.1426010131836,-2.03845143318176,8.17144107818604,0.000149919185787439,-0.00265023834072053,42.4744720458984,-71.3293685913086,184.995391845703,149.787246704102,-1.66938829421997,-0.326195001602173,112.244567871094,54.7936935424805,-2.36701321601868,-0.4618980884552,0.31640636920929,-0.0263691302388906,70
738534.46397326898295432329,54.131721496582,-2.02528071403503,8.13480377197266,0.000149919185787439,-0.00265023834072053,42.4744567871094,-71.3292388916016,184.55110168457,149.26676940918,-1.66228544712067,-0.772500455379486,112.216445922852,54.7770042419434,-2.34732937812805,-0.55796879529953,0.326593399047852,-0.0287053715437651,70
738534.46397531649563461542,54.1242637634277,-2.01653218269348,8.08449554443359,0.000149919185787439,-0.00265023834072053,42.4744453430176,-71.3291168212891,184.146713256836,148.792785644531,-1.60546243190765,-1.41376948356628,112.189743041992,54.7618637084961,-2.32971525192261,-0.618796050548553,0.336174070835114,-0.0308237764984369,70
738534.46397738612722605467,54.1180839538574,-1.98893702030182,8.01748466491699,0.000149919185787439,-0.00265023834072053,42.4744300842285,-71.3290023803711,183.750534057617,148.327880859375,-1.47979295253754,-1.89450418949127,112.162170410156,54.7448883056641,-2.3129711151123,-0.769072651863098,0.345879286527634,-0.0329044610261917,70
738534.46397973352577537298,54.1098289489746,-1.91319036483765,7.9233603477478,0.000149919185787439,-0.00265023834072053,42.4744186401367,-71.3288726806641,183.314590454102,147.814605712891,-1.27867841720581,-2.0800609588623,112.129035949707,54.7203216552734,-2.29274559020996,-0.835017561912537,0.357259750366211,-0.0352067388594151,70
738534.46398175903595983982,54.0999069213867,-1.81554937362671,7.83186483383179,0.000149919185787439,-0.00265023834072053,42.4744033813477,-71.3287506103516,182.945419311523,147.377227783203,-1.15240383148193,-2.17371702194214,112.096641540527,54.6940078735352,-2.26924467086792,-0.869852662086487,0.36805123090744,-0.0372124351561069,70
738534.46398383134510368109,54.0886154174805,-1.73383605480194,7.73687791824341,0.000149919185787439,-0.00265023834072053,42.4743919372559,-71.3286361694336,182.581588745117,146.942947387695,-1.21747374534607,-1.96665036678314,112.05924987793,54.6666603088379,-2.23523640632629,-0.927671849727631,0.380303949117661,-0.0392346866428852,70
738534.46398617187514901161,54.0762214660645,-1.70375573635101,7.64315414428711,0.000149919185787439,-0.00265023834072053,42.4743804931641,-71.328498840332,182.191055297852,146.474945068359,-1.3486407995224,-1.38945508003235,112.014030456543,54.6402626037598,-2.18812012672424,-0.932693898677826,0.395104974508286,-0.0413716621696949,70
738534.46398848597891628742,54.0630836486816,-1.72802877426147,7.56774473190308,0.000149919185787439,-0.00265023834072053,42.474365234375,-71.328369140625,181.801818847656,146.008560180664,-1.42572581768036,-0.719448804855347,111.9658203125,54.6175231933594,-2.13893556594849,-0.76497608423233,0.410733342170715,-0.0434021092951298,70
738534.46399087761528789997,54.0473403930664,-1.74995517730713,7.50952100753784,0.000149919185787439,-0.00265023834072053,42.4743537902832,-71.3282318115234,181.400863647461,145.448165893555,-1.40155971050262,-0.187978848814964,111.914855957031,54.594596862793,-2.09548926353455,-0.554410398006439,0.426957696676254,-0.0453609079122543,70
738534.46399289218243211508,54.0303535461426,-1.74383914470673,7.46720457077026,0.000149919185787439,-0.00265023834072053,42.4743423461914,-71.3281173706055,181.053314208984,144.908676147461,-1.23723864555359,-0.259780585765839,111.870231628418,54.5717811584473,-2.06649112701416,-0.366925567388535,0.440904676914215,-0.0469531789422035,70
738534.46399495657533407211,54.0113792419434,-1.69532895088196,7.4249062538147,0.000149919185787439,-0.00265023834072053,42.4743309020996,-71.3280029296875,180.714874267578,144.379821777344,-1.17827653884888,-0.350722074508667,111.825180053711,54.5456886291504,-2.04314184188843,-0.295258611440659,0.454861104488373,-0.0484451651573181,70
738534.46399694622959941626,53.992790222168,-1.66705679893494,7.38086843490601,0.000149919185787439,-0.00265023834072053,42.4743194580078,-71.3278884887695,180.381362915039,143.85481262207,-1.26351726055145,-0.431496471166611,111.778930664062,54.520435333252,-2.02051115036011,-0.280300408601761,0.469313651323318,-0.049861054867506,70
738534.46399895159993320704,53.9770698547363,-1.68502163887024,7.33664798736572,0.000149919185787439,-0.00265023834072053,42.474308013916,-71.3277740478516,180.055358886719,143.341262817383,-1.39548361301422,-0.480347603559494,111.733139038086,54.4994506835938,-1.9986025094986,-0.276960998773575,0.483883112668991,-0.0511678233742714,70
738534.46400099364109337330,53.9629058837891,-1.71935331821442,7.28941488265991,0.000149919185787439,-0.00265023834072053,42.4742965698242,-71.3276596069336,179.711837768555,142.803421020508,-1.44054555892944,-0.580229759216309,111.68586730957,54.4801483154297,-1.97960007190704,-0.267195463180542,0.499115973711014,-0.0524382255971432,70
738534.46400302974507212639,53.950740814209,-1.75234878063202,7.23912048339844,0.000149919185787439,-0.00265023834072053,42.4742851257324,-71.3275451660156,179.372222900391,142.274993896484,-1.44703531265259,-0.840150833129883,111.640853881836,54.4624443054199,-1.9675270318985,-0.231726482510567,0.513797998428345,-0.0535953864455223,70
738534.46400535234715789557,53.9380912780762,-1.78099679946899,7.17333889007568,0.000149919185787439,-0.00265023834072053,42.4742736816406,-71.3274154663086,178.970077514648,141.65283203125,-1.41861402988434,-1.15136909484863,111.589973449707,54.442138671875,-1.96219432353973,-0.314088672399521,0.530618727207184,-0.0548502877354622,70
738534.46400734630879014730,53.9276962280273,-1.78654766082764,7.10888624191284,0.000149919185787439,-0.00265023834072053,42.4742622375488,-71.3272933959961,178.618377685547,141.110412597656,-1.374436378479,-1.24862718582153,111.547187805176,54.4235649108887,-1.96392452716827,-0.354483395814896,0.544959723949432,-0.0558586716651917,70
738534.46400968835223466158,53.9156761169434,-1.78368580341339,7.0314154624939,0.000149919185787439,-0.00265023834072053,42.4742469787598,-71.3271636962891,178.214645385742,140.487854003906,-1.34361445903778,-1.31103372573853,111.499359130859,54.401496887207,-1.96976470947266,-0.397404611110687,0.561291992664337,-0.0569157227873802,70
738534.46401211072225123644,53.9032859802246,-1.77709293365479,6.94870090484619,0.000149919185787439,-0.00265023834072053,42.474235534668,-71.3270263671875,177.800659179688,139.849014282227,-1.32906937599182,-1.38310205936432,111.450973510742,54.3783645629883,-1.9767256975174,-0.414726853370667,0.578116595745087,-0.0578881204128265,70
738534.46401451097335666418,53.8912582397461,-1.77120292186737,6.8614296913147,0.000149919185787439,-0.00265023834072053,42.4742240905762,-71.3268890380859,177.385025024414,139.207015991211,-1.32700860500336,-1.54792869091034,111.402526855469,54.355167388916,-1.98255622386932,-0.434660732746124,0.595220506191254,-0.0587384328246117,70
738534.46401655720546841621,53.8820533752441,-1.76640832424164,6.78348636627197,0.000149919185787439,-0.00265023834072053,42.4742126464844,-71.326774597168,177.029846191406,138.657928466797,-1.36441159248352,-1.60196530818939,111.361129760742,54.3360977172852,-1.98601102828979,-0.47604975104332,0.610038816928864,-0.0593655854463577,70
738534.46401862497441470623,53.8743782043457,-1.78902292251587,6.70759296417236,0.000149919185787439,-0.00265023834072053,42.4742012023926,-71.32666015625,176.67414855957,138.108978271484,-1.44991421699524,-1.41721904277802,111.320114135742,54.3198051452637,-1.98838007450104,-0.534266531467438,0.62494307756424,-0.0598894208669662,70
738534.46402065863367170095,53.8675117492676,-1.8340528011322,6.64154386520386,0.000149919185787439,-0.00265023834072053,42.474193572998,-71.326545715332,176.317825317383,137.5625,-1.50944352149963,-0.890207529067993,111.280433654785,54.3063774108887,-1.9920346736908,-0.568048775196075,0.639560997486115,-0.0602976195514202,70
738534.46402304910589009523,53.8576126098633,-1.89379608631134,6.58747816085815,0.000149919185787439,-0.00265023834072053,42.4741821289062,-71.3264083862305,175.886611938477,136.907257080078,-1.51586878299713,0.3027503490448,111.235153198242,54.2920227050781,-2.00202441215515,-0.515840947628021,0.656381547451019,-0.0606387667357922,70
738534.46402509277686476707,53.8449440002441,-1.92361211776733,6.56736707687378,0.000149919185787439,-0.00265023834072053,42.4741706848145,-71.3262939453125,175.511932373047,136.342132568359,-1.45667505264282,1.17648541927338,111.198120117188,54.2780685424805,-2.01683974266052,-0.313756853342056,0.670174837112427,-0.0608118362724781,70
738534.46402718906756490469,53.828239440918,-1.93382823467255,6.56425762176514,0.000149919185787439,-0.00265023834072053,42.4741592407227,-71.326171875,175.115783691406,135.746383666992,-1.43225383758545,1.34153056144714,111.160545349121,54.2614822387695,-2.03679299354553,-0.0452543348073959,0.68420946598053,-0.0608835257589817,70
738534.46402952261269092560,53.809814453125,-1.9510794878006,6.56724691390991,0.000149919185787439,-0.00265023834072053,42.4741477966309,-71.326042175293,174.68049621582,135.09294128418,-1.47609329223633,1.23254811763763,111.120994567871,54.2441825866699,-2.06003713607788,0.0495126843452454,0.699264347553253,-0.0608449950814247,70
738534.46403163718059659004,53.794303894043,-1.97495520114899,6.56813907623291,0.000149919185787439,-0.00265023834072053,42.4741363525391,-71.3259201049805,174.278228759766,134.491058349609,-1.49892282485962,1.12137496471405,111.08625793457,54.2297706604004,-2.08145570755005,0.0861740559339523,0.712835788726807,-0.0607240237295628,70
738534.46403399342671036720,53.7776298522949,-2.00314497947693,6.56407451629639,0.000149919185787439,-0.00265023834072053,42.4741249084473,-71.3257904052734,173.827758789062,133.819869995117,-1.41097843647003,0.867335855960846,111.049903869629,54.2137756347656,-2.10539078712463,0.145019069314003,0.72757089138031,-0.0605071038007736,70
738534.46403603686485439539,53.7634925842285,-1.98668169975281,6.54637956619263,0.000149919185787439,-0.00265023834072053,42.4741172790527,-71.3256759643555,173.441650390625,133.245452880859,-1.24903953075409,-0.131258979439735,111.020195007324,54.1970024108887,-2.1259605884552,0.222901001572609,0.739911913871765,-0.0602598711848259,70
738534.46403821604326367378,53.749324798584,-1.91697943210602,6.50091314315796,0.000149919185787439,-0.00265023834072053,42.4741058349609,-71.3255462646484,173.030258178711,132.628936767578,-1.15281522274017,-1.19689548015594,110.988265991211,54.1749649047852,-2.144198179245,-0.00364860822446644,0.753475069999695,-0.0599342472851276,70
738534.46404030593112111092,53.7386093139648,-1.86412489414215,6.43648529052734,0.000149919185787439,-0.00265023834072053,42.4740943908691,-71.3254318237305,172.65071105957,132.05403137207,-1.25328302383423,-1.32429838180542,110.957565307617,54.1547889709473,-2.15173602104187,-0.260879874229431,0.767029821872711,-0.059577614068985,70
738534.46404240233823657036,53.7296371459961,-1.85395658016205,6.36666774749756,0.000149919185787439,-0.00265023834072053,42.4740867614746,-71.325309753418,172.273803710938,131.480865478516,-1.3378187417984,-1.33271861076355,110.926116943359,54.1372871398926,-2.14933466911316,-0.377527594566345,0.781399369239807,-0.0591727495193481,70
738534.46404440072365105152,53.7223892211914,-1.85972106456757,6.29982328414917,0.000149919185787439,-0.00265023834072053,42.4740753173828,-71.3251953125,171.912063598633,130.930694580078,-1.39372897148132,-1.23853242397308,110.895523071289,54.1224670410156,-2.14171743392944,-0.440892845392227,0.795670926570892,-0.058726143091917,70
738534.46404642332345247269,53.71533203125,-1.87899434566498,6.2339973449707,0.000149919185787439,-0.00265023834072053,42.4740676879883,-71.325080871582,171.544006347656,130.37223815918,-1.39169573783875,-1.13453674316406,110.864379882812,54.1085052490234,-2.13274240493774,-0.444107919931412,0.810321152210236,-0.0582072697579861,70
738534.46404863172210752964,53.7084655761719,-1.88046622276306,6.17386102676392,0.000149919185787439,-0.00265023834072053,42.4740562438965,-71.3249740600586,171.179931640625,129.820693969727,-1.42208635807037,-0.832575917243958,110.83358001709,54.094841003418,-2.1253354549408,-0.46414589881897,0.824810266494751,-0.0576244592666626,70
738534.46405066351871937513,53.7005653381348,-1.90673995018005,6.11170482635498,0.000149919185787439,-0.00265023834072053,42.4740447998047,-71.324836730957,170.756683349609,129.181167602539,-1.50184917449951,-0.586056709289551,110.797973632812,54.0808601379395,-2.11927819252014,-0.387481242418289,0.841555774211884,-0.0568475946784019,70
738534.46405299636535346508,53.6937866210938,-1.9452977180481,6.05614566802979,0.000149919185787439,-0.00265023834072053,42.4740371704102,-71.32470703125,170.325790405273,128.533493041992,-1.57343375682831,-0.504649043083191,110.763275146484,54.0692520141602,-2.11799955368042,-0.325112879276276,0.858182549476624,-0.0559719800949097,70
738534.46405540255364030600,53.688606262207,-1.99451446533203,6.00130701065063,0.000149919185787439,-0.00265023834072053,42.4740257263184,-71.3245697021484,169.869537353516,127.852432250977,-1.64391577243805,-0.464240342378616,110.728729248047,54.0597839355469,-2.12369632720947,-0.273879081010818,0.875031113624573,-0.0549309104681015,70
738534.46405777370091527700,53.6853904724121,-2.04912996292114,5.94860172271729,0.000149919185787439,-0.00265023834072053,42.4740142822266,-71.3244400024414,169.404159545898,127.163154602051,-1.71079707145691,-0.435019165277481,110.69669342041,54.052806854248,-2.13756728172302,-0.239662006497383,0.891213953495026,-0.0537714436650276,70
738534.46406017150729894638,53.6842269897461,-2.10668444633484,5.89854288101196,0.000149919185787439,-0.00265023834072053,42.4740028381348,-71.3243026733398,168.933349609375,126.471382141113,-1.77623355388641,-0.377776980400085,110.668098449707,54.0483779907227,-2.15945029258728,-0.222223743796349,0.906450033187866,-0.0525003373622894,70
738534.46406218234915286303,53.6847496032715,-2.15969371795654,5.85732841491699,0.000149919185787439,-0.00265023834072053,42.4739952087402,-71.3241882324219,168.517318725586,125.864776611328,-1.83469986915588,-0.308866262435913,110.646141052246,54.0465049743652,-2.1845805644989,-0.199722722172737,0.918927788734436,-0.0513080395758152,70
738534.46406429796479642391,53.686637878418,-2.21570920944214,5.8154501914978,0.000149919185787439,-0.00265023834072053,42.4739837646484,-71.3240661621094,168.060989379883,125.204177856445,-1.87360954284668,-0.282963693141937,110.625701904297,54.0461311340332,-2.21753787994385,-0.194484874606133,0.931547284126282,-0.0499275326728821,70
738534.46406627027317881584,53.6897277832031,-2.26871681213379,5.78221750259399,0.000149919185787439,-0.00265023834072053,42.4739761352539,-71.3239517211914,167.639022827148,124.59740447998,-1.9465137720108,0.0200346875935793,110.610237121582,54.0478286743164,-2.25165152549744,-0.233419433236122,0.942254900932312,-0.0486089028418064,70
738534.46406825177837163210,53.6934356689453,-2.33006548881531,5.75705575942993,0.000149919185787439,-0.00265023834072053,42.4739685058594,-71.3238372802734,167.210693359375,123.985832214355,-2.02376174926758,0.418426334857941,110.597808837891,54.051441192627,-2.28928089141846,-0.209569022059441,0.952174961566925,-0.0472198612987995,70
738534.46407035109587013721,53.6980018615723,-2.39876174926758,5.74273920059204,0.000149919185787439,-0.00265023834072053,42.4739608764648,-71.3237228393555,166.756011962891,123.341461181641,-2.12313985824585,0.898036122322083,110.588081359863,54.0574569702148,-2.33238196372986,-0.170449778437614,0.961622476577759,-0.0456919148564339,70
738534.46407233574427664280,53.7032203674316,-2.48681735992432,5.74064588546753,0.000149919185787439,-0.00265023834072053,42.473949432373,-71.3236083984375,166.281356811523,122.67463684082,-2.21586990356445,1.39888846874237,110.58177947998,54.0663986206055,-2.38069605827332,-0.0758617892861366,0.970224678516388,-0.0440600924193859,70
738534.46407439187169075012,53.7086296081543,-2.56389999389648,5.75188589096069,0.000149919185787439,-0.00265023834072053,42.4739418029785,-71.3234939575195,165.796569824219,121.999542236328,-2.24336719512939,1.76927316188812,110.579383850098,54.0765647888184,-2.43408703804016,0.0142993135377765,0.977609992027283,-0.0423693992197514,70
738534.46407644194550812244,53.7140846252441,-2.63483023643494,5.77324533462524,0.000149919185787439,-0.00265023834072053,42.473934173584,-71.3233795166016,165.30290222168,121.317031860352,-2.2684383392334,2.08607864379883,110.580856323242,54.0876655578613,-2.49189233779907,0.100574441254139,0.983789801597595,-0.040625773370266,70
738534.46407845907378941774,53.7194366455078,-2.69508934020996,5.80403280258179,0.000149919185787439,-0.00265023834072053,42.4739227294922,-71.3232650756836,164.798156738281,120.651473999023,-2.28105282783508,2.36560201644897,110.586158752441,54.0992431640625,-2.55306839942932,0.166943728923798,0.988864719867706,-0.0388306118547916,70
738534.46408092975616455078,53.724983215332,-2.76163864135742,5.85074234008789,0.000149919185787439,-0.00265023834072053,42.4739151000977,-71.323127746582,164.174819946289,119.857521057129,-2.25749015808105,2.59914183616638,110.597434997559,54.1131362915039,-2.62907314300537,0.268610388040543,0.993647396564484,-0.0366149097681046,70
738534.46408308984246104956,53.728816986084,-2.78940272331238,5.89994955062866,0.000149919185787439,-0.00265023834072053,42.4739036560059,-71.3230056762695,163.608276367188,119.137969970703,-2.20724630355835,2.65728950500488,110.61149597168,54.1237106323242,-2.69667100906372,0.316466808319092,0.996825218200684,-0.034602839499712,70
738534.46408528042957186699,53.7319450378418,-2.80403733253479,5.95165777206421,0.000149919185787439,-0.00265023834072053,42.4738922119141,-71.3228759765625,163.035293579102,118.411018371582,-2.19272184371948,2.65963649749756,110.628486633301,54.133228302002,-2.76032042503357,0.353198617696762,0.999273777008057,-0.0325704887509346,70
738534.46408739790786057711,53.7351226806641,-2.81313276290894,6.00116872787476,0.000149919185787439,-0.00265023834072053,42.4738845825195,-71.3227615356445,162.480270385742,117.707069396973,-2.2270359992981,2.51473808288574,110.646926879883,54.1423225402832,-2.8150646686554,0.356547474861145,1.00118851661682,-0.0306197255849838,70
738534.46408969664480537176,53.7413291931152,-2.83918952941895,6.05190420150757,0.000149919185787439,-0.00265023834072053,42.4738731384277,-71.322624206543,161.861236572266,116.922302246094,-2.39868497848511,2.36554312705994,110.669486999512,54.1554870605469,-2.86728644371033,0.312743335962296,1.0029923915863,-0.0284519363194704,70
738534.46409202530048787594,53.7516212463379,-2.91451478004456,6.0960054397583,0.000149919185787439,-0.00265023834072053,42.4738616943359,-71.3224945068359,161.235809326172,116.132133483887,-2.56942367553711,2.23232674598694,110.694267272949,54.1746482849121,-2.91282844543457,0.280836641788483,1.00428855419159,-0.0263468120247126,70
738534.46409433858934789896,53.7649612426758,-2.99753713607788,6.13533926010132,0.000149919185787439,-0.00265023834072053,42.4738540649414,-71.3223648071289,160.608337402344,115.343452453613,-2.63494038581848,2.11446499824524,110.721626281738,54.196849822998,-2.95779967308044,0.256346672773361,1.00458323955536,-0.0243332590907812,70
738534.46409651485737413168,53.7800140380859,-3.06287288665771,6.17138433456421,0.000149919185787439,-0.00265023834072053,42.4738426208496,-71.3222427368164,159.988464355469,114.567588806152,-2.68611764907837,2.04124617576599,110.751472473145,54.2195243835449,-3.00503373146057,0.226478472352028,1.00367224216461,-0.0224453788250685,70
738534.46409861766733229160,53.7965850830078,-3.12671732902527,6.20499086380005,0.000149919185787439,-0.00265023834072053,42.4738311767578,-71.3221206665039,159.368255615234,113.79402923584,-2.74996709823608,1.99797809123993,110.784133911133,54.2434387207031,-3.05498647689819,0.203739643096924,1.00161802768707,-0.020640354603529,70
738534.46410071232821792364,53.8145141601562,-3.18769335746765,6.23807191848755,0.000149919185787439,-0.00265023834072053,42.4738235473633,-71.3219985961914,158.76237487793,113.040870666504,-2.8437385559082,2.09724235534668,110.818649291992,54.2685623168945,-3.10567617416382,0.151008531451225,0.99856972694397,-0.018955409526825,70
738534.46410275367088615894,53.8336448669434,-3.26284551620483,6.27076196670532,0.000149919185787439,-0.00265023834072053,42.4738121032715,-71.3218841552734,158.150375366211,112.282913208008,-2.92465996742249,2.1378128528595,110.855995178223,54.2957649230957,-3.15835881233215,0.192333057522774,0.994478106498718,-0.017333285883069,70
738534.46410473959986120462,53.8538360595703,-3.32831692695618,6.30495262145996,0.000149919185787439,-0.00265023834072053,42.473804473877,-71.3217697143555,157.540100097656,111.529747009277,-2.96880292892456,2.12621641159058,110.895599365234,54.3237113952637,-3.21275019645691,0.18441504240036,0.989341974258423,-0.0157910883426666,70
738534.46410705964080989361,53.8777847290039,-3.39718723297119,6.34355211257935,0.000149919185787439,-0.00265023834072053,42.4737930297852,-71.3216400146484,156.829650878906,110.65584564209,-2.96555709838867,2.11140847206116,110.944564819336,54.3562049865723,-3.27778720855713,0.201366886496544,0.982081055641174,-0.0140906609594822,70
738534.46410905523225665092,53.8993835449219,-3.43574213981628,6.38050842285156,0.000149919185787439,-0.00265023834072053,42.4737815856934,-71.3215255737305,156.194580078125,109.87646484375,-2.94757342338562,2.23138928413391,110.99089050293,54.3843612670898,-3.33651614189148,0.156337931752205,0.974522173404694,-0.0126376431435347,70
738534.46411147911567240953,53.9240379333496,-3.47397470474243,6.42923259735107,0.000149919185787439,-0.00265023834072053,42.4737701416016,-71.3213882446289,155.435913085938,108.855041503906,-2.93881916999817,2.53962373733521,111.048736572266,54.4169578552246,-3.40430331230164,0.185352921485901,0.964425444602966,-0.0109858075156808,70
738534.46411355084273964167,53.944507598877,-3.49594688415527,6.48055982589722,0.000149919185787439,-0.00265023834072053,42.473762512207,-71.3212738037109,154.767349243164,107.928970336914,-2.93307113647461,2.80611300468445,111.101524353027,54.4447364807129,-3.46012926101685,0.205132991075516,0.954754710197449,-0.00959461089223623,70
738534.46411564457230269909,53.9633979797363,-3.51580238342285,6.5383825302124,0.000149919185787439,-0.00265023834072053,42.4737510681152,-71.3211517333984,154.096527099609,107.008720397949,-2.90486192703247,3.03625416755676,111.155601501465,54.4716415405273,-3.51113057136536,0.265233993530273,0.944481611251831,-0.00827570538967848,70
738534.46411768405232578516,53.9806060791016,-3.51976919174194,6.60066795349121,0.000149919185787439,-0.00265023834072053,42.4737396240234,-71.3210372924805,153.434677124023,106.109893798828,-2.86257386207581,3.10034227371216,111.209678649902,54.496452331543,-3.55598473548889,0.342016160488129,0.933881163597107,-0.0070427693426609,70
738534.46411974215880036354,53.996711730957,-3.50922322273254,6.66477203369141,0.000149919185787439,-0.00265023834072053,42.4737319946289,-71.320915222168,152.761917114258,105.195831298828,-2.78903269767761,2.92850112915039,111.265098571777,54.5195236206055,-3.59516072273254,0.393652707338333,0.922778367996216,-0.00585372373461723,70
738534.46412193705327808857,54.0136642456055,-3.48224711418152,6.72403478622437,0.000149919185787439,-0.00265023834072053,42.4737205505371,-71.3207931518555,152.066864013672,104.256118774414,-2.77135682106018,2.42421865463257,111.32258605957,54.5418586730957,-3.62745761871338,0.422152251005173,0.911150574684143,-0.00469462061300874,70
738534.46412426012102514505,54.033935546875,-3.45553517341614,6.77175283432007,0.000149919185787439,-0.00265023834072053,42.4737091064453,-71.3206634521484,151.3125,103.284454345703,-2.77926540374756,1.77003753185272,111.384986877441,54.5661392211914,-3.65155386924744,0.350747764110565,0.898634433746338,-0.00352138676680624,70
738534.46412654768209904432,54.0562515258789,-3.42973351478577,6.79729318618774,0.000149919185787439,-0.00265023834072053,42.4736976623535,-71.3205337524414,150.585235595703,102.34602355957,-2.78625345230103,1.11110687255859,111.444519042969,54.589786529541,-3.66433167457581,0.25561398267746,0.886809647083282,-0.00249171280302107,70
738534.46412883081939071417,54.0803833007812,-3.40583729743958,6.80173778533936,0.000149919185787439,-0.00265023834072053,42.4736862182617,-71.3204040527344,149.878860473633,101.432998657227,-2.76882147789001,0.466651350259781,111.501731872559,54.612735748291,-3.66823220252991,0.141432136297226,0.875612556934357,-0.00158491369802505,70
738534.46413083572406321764,54.1045875549316,-3.3746349811554,6.78667879104614,0.000149919185787439,-0.00265023834072053,42.4736747741699,-71.3202819824219,149.232849121094,100.596542358398,-2.72743272781372,-0.18758550286293,111.553253173828,54.6329002380371,-3.66566824913025,0.0451995842158794,0.865639686584473,-0.000835148384794593,70
738534.46413325099274516106,54.1348152160645,-3.32803344726562,6.74458456039429,0.000149919185787439,-0.00265023834072053,42.4736633300781,-71.3201446533203,148.490982055664,99.6334457397461,-2.67974543571472,-0.979668259620667,111.611343383789,54.6547660827637,-3.65570712089539,-0.097362332046032,0.854601621627808,-3.64916013495531e-05,70
738534.46413532015867531300,54.1620101928711,-3.28251099586487,6.68847179412842,0.000149919185787439,-0.00265023834072053,42.4736518859863,-71.3200302124023,147.868759155273,98.8232803344727,-2.62987780570984,-1.56856167316437,111.65885925293,54.6720581054688,-3.64123749732971,-0.264096707105637,0.845825672149658,0.000596503319684416,70
738534.46413745405152440071,54.1904029846191,-3.23020648956299,6.61559820175171,0.000149919185787439,-0.00265023834072053,42.4736404418945,-71.3199081420898,147.230422973633,97.9896392822266,-2.54353380203247,-1.73361837863922,111.7060546875,54.6882095336914,-3.62041401863098,-0.419258743524551,0.837408781051636,0.00123480753973126,70
738534.46413964370731264353,54.2188034057617,-3.15958070755005,6.53383255004883,0.000149919185787439,-0.00265023834072053,42.4736289978027,-71.3197860717773,146.581192016602,97.1379318237305,-2.51708698272705,-1.71095359325409,111.751861572266,54.7024002075195,-3.59215927124023,-0.531986355781555,0.829622507095337,0.00189160939771682,70
738534.46414179843850433826,54.2449035644531,-3.10871529579163,6.45133447647095,0.000149919185787439,-0.00265023834072053,42.4736175537109,-71.3196640014648,145.954605102539,96.3128814697266,-2.49789953231812,-1.73774707317352,111.793251037598,54.7155647277832,-3.55777788162231,-0.531792461872101,0.823074102401733,0.00255826045759022,70
738534.46414394013117998838,54.270881652832,-3.06488084793091,6.37124347686768,0.000149919185787439,-0.00265023834072053,42.4736099243164,-71.3195419311523,145.3466796875,95.50927734375,-2.61922788619995,-1.6411988735199,111.830574035645,54.7294692993164,-3.51883554458618,-0.600245952606201,0.817658722400665,0.00326189305633307,70
738534.46414603304583579302,54.2964401245117,-3.0816707611084,6.29829883575439,0.000149919185787439,-0.00265023834072053,42.4735984802246,-71.3194198608398,144.748352050781,94.7182083129883,-2.72616314888,-1.31769728660583,111.864646911621,54.747314453125,-3.47866892814636,-0.625324726104736,0.813125133514404,0.00402205670252442,70
738534.46414859045762568712,54.3264122009277,-3.14129257202148,6.23520231246948,0.000149919185787439,-0.00265023834072053,42.4735870361328,-71.3192749023438,144.022506713867,93.7612991333008,-2.85615754127502,0.0290582105517387,111.903427124023,54.7732086181641,-3.43699765205383,-0.583066284656525,0.807890057563782,0.00504742795601487,70
738534.46415073389653116465,54.3482933044434,-3.18187689781189,6.20838499069214,0.000149919185787439,-0.00265023834072053,42.473575592041,-71.3191528320312,143.384674072266,92.9239044189453,-2.77540731430054,0.712589800357819,111.9365234375,54.7942085266113,-3.41312623023987,-0.336349874734879,0.802827537059784,0.00604235101491213,70
738534.46415278827771544456,54.3659400939941,-3.18238568305969,6.19959592819214,0.000149919185787439,-0.00265023834072053,42.4735679626465,-71.3190307617188,142.774887084961,92.2463607788086,-2.68096494674683,1.00717198848724,111.968048095703,54.8107490539551,-3.40114283561707,-0.139272570610046,0.797382831573486,0.00708341225981712,70
738534.46415489853825420141,54.3814277648926,-3.15899777412415,6.19736862182617,0.000149919185787439,-0.00265023834072053,42.4735565185547,-71.3189086914062,142.161758422852,91.5841827392578,-2.58011531829834,0.955430090427399,111.999938964844,54.8245048522949,-3.39531564712524,-0.00461760209873319,0.791566848754883,0.00822656508535147,70
738534.46415690088178962469,54.3961753845215,-3.12181353569031,6.20313501358032,0.000149919185787439,-0.00265023834072053,42.4735488891602,-71.3187942504883,141.56608581543,90.940315246582,-2.63707399368286,1.42137396335602,112.031120300293,54.8376541137695,-3.39063048362732,-0.0697597414255142,0.785949349403381,0.00943485833704472,70
738534.46415912115480750799,54.4094467163086,-3.12516283988953,6.22114515304565,0.000149919185787439,-0.00265023834072053,42.4735374450684,-71.3186721801758,140.949081420898,90.2732696533203,-2.66483449935913,2.04378128051758,112.063529968262,54.8530502319336,-3.38404679298401,0.00907501764595509,0.780434787273407,0.0107709784060717,70
738534.46416126633994281292,54.4199562072754,-3.13249635696411,6.26095390319824,0.000149919185787439,-0.00265023834072053,42.4735298156738,-71.3185501098633,140.321701049805,89.59521484375,-2.62065267562866,2.88992524147034,112.096603393555,54.8684234619141,-3.37716698646545,0.0972341820597649,0.774968266487122,0.0121937179937959,70
738534.46416353934910148382,54.4254112243652,-3.09571838378906,6.32290649414062,0.000149919185787439,-0.00265023834072053,42.473518371582,-71.3184280395508,139.701629638672,88.9251480102539,-2.47594833374023,3.39358520507812,112.129386901855,54.878849029541,-3.37108397483826,0.274949103593826,0.769568622112274,0.013657009229064,70
738534.46416577917989343405,54.4276390075684,-3.04014110565186,6.4082465171814,0.000149919185787439,-0.00265023834072053,42.4735069274902,-71.3182907104492,139.026489257812,88.1951065063477,-2.52084970474243,3.64709806442261,112.165130615234,54.8878479003906,-3.36094903945923,0.419735580682755,0.764075756072998,0.0153204388916492,70
738534.46416804881300777197,54.4299621582031,-3.03570556640625,6.49758338928223,0.000149919185787439,-0.00265023834072053,42.4734954833984,-71.3181533813477,138.375549316406,87.4912948608398,-2.67482781410217,3.78841924667358,112.198989868164,54.9004096984863,-3.34538578987122,0.458767652511597,0.759522497653961,0.0169381964951754,70
738534.46417013846803456545,54.433292388916,-3.07253670692444,6.58213138580322,0.000149919185787439,-0.00265023834072053,42.4734840393066,-71.3180389404297,137.790817260742,86.8598556518555,-2.78471207618713,4.11221885681152,112.229187011719,54.915828704834,-3.33062338829041,0.462231159210205,0.755758166313171,0.0183522328734398,70
738534.46417228621430695057,54.4369430541992,-3.12218236923218,6.68306493759155,0.000149919185787439,-0.00265023834072053,42.4734725952148,-71.3179092407227,137.162384033203,86.1824264526367,-2.86024856567383,4.70102596282959,112.262367248535,54.9344367980957,-3.31979990005493,0.537277460098267,0.751457750797272,0.0198174715042114,70
738534.46417474676854908466,54.4394111633301,-3.16992831230164,6.80748653411865,0.000149919185787439,-0.00265023834072053,42.473461151123,-71.3177719116211,136.456115722656,85.4227142333984,-2.85624504089355,4.70629453659058,112.301086425781,54.9548873901367,-3.31783771514893,0.676678478717804,0.745793044567108,0.0213530343025923,70
738534.46417678717989474535,54.4416122436523,-3.19491052627563,6.9169487953186,0.000149919185787439,-0.00265023834072053,42.4734497070312,-71.3176574707031,135.845458984375,84.7669219970703,-2.87603187561035,4.61241674423218,112.336402893066,54.9721832275391,-3.3241970539093,0.709565222263336,0.74009895324707,0.0225768815726042,70
738534.46417920594103634357,54.4449729919434,-3.220458984375,7.041579246521,0.000149919185787439,-0.00265023834072053,42.4734382629395,-71.317512512207,135.130249023438,83.9999465942383,-2.90076422691345,4.42652225494385,112.379837036133,54.9928207397461,-3.33804655075073,0.700912475585938,0.7326380610466,0.02385607175529,70
738534.46418157196603715420,54.4492568969727,-3.24097585678101,7.15985584259033,0.000149919185787439,-0.00265023834072053,42.4734268188477,-71.3173751831055,134.418884277344,83.2382431030273,-2.91122460365295,4.2415509223938,112.42512512207,55.0135345458984,-3.35606002807617,0.676043629646301,0.724483788013458,0.0249477103352547,70
738534.46418361261021345854,54.4542541503906,-3.25405597686768,7.25228595733643,0.000149919185787439,-0.00265023834072053,42.4734153747559,-71.3172607421875,133.814208984375,82.5915222167969,-2.92096138000488,3.81571006774902,112.46508026123,55.0313568115234,-3.37304162979126,0.69646805524826,0.717055082321167,0.0257200822234154,70
738534.46418565802741795778,54.4615173339844,-3.26056957244873,7.33454990386963,0.000149919185787439,-0.00265023834072053,42.4734039306641,-71.3171463012695,133.199768066406,81.934928894043,-2.94538187980652,3.20918798446655,112.506912231445,55.0498313903809,-3.39054989814758,0.62606942653656,0.709116280078888,0.0263551399111748,70
738534.46418766689021140337,54.4718475341797,-3.26369690895081,7.39986753463745,0.000149919185787439,-0.00265023834072053,42.4733924865723,-71.3170318603516,132.590057373047,81.2838287353516,-2.9665789604187,2.60954713821411,112.549461364746,55.0689735412598,-3.40704607963562,0.530054569244385,0.700939893722534,0.0268299952149391,70
738534.46418971591629087925,54.4851760864258,-3.26412177085876,7.44876527786255,0.000149919185787439,-0.00265023834072053,42.4733810424805,-71.3169097900391,131.978240966797,80.6307678222656,-2.98541593551636,2.00973558425903,112.59309387207,55.0887756347656,-3.42195057868958,0.420097649097443,0.692514598369598,0.027145629748702,70
738534.46419183618854731321,54.5019989013672,-3.26195192337036,7.48162794113159,0.000149919185787439,-0.00265023834072053,42.4733695983887,-71.3167953491211,131.344955444336,79.9549942016602,-3.0022988319397,1.39189898967743,112.639122009277,55.1097373962402,-3.43514847755432,0.299253314733505,0.683629393577576,0.0273096952587366,70
738534.46419393480755388737,54.5210647583008,-3.26308465003967,7.50173568725586,0.000149919185787439,-0.00265023834072053,42.4733581542969,-71.3166732788086,130.704650878906,79.2718658447266,-2.97226476669312,1.18700671195984,112.686233520508,55.1313896179199,-3.44613575935364,0.114872194826603,0.67452073097229,0.0273169260472059,70
738534.46419621945824474096,54.5410652160645,-3.23668837547302,7.51350736618042,0.000149919185787439,-0.00265023834072053,42.4733428955078,-71.3165435791016,130.055755615234,78.5793685913086,-2.94669413566589,1.00024747848511,112.734375,55.1512184143066,-3.45464038848877,0.0577625259757042,0.665187239646912,0.0271751768887043,70
738534.46419843262992799282,54.563159942627,-3.22183656692505,7.51612901687622,0.000149919185787439,-0.00265023834072053,42.473331451416,-71.3164138793945,129.381378173828,77.8594055175781,-2.99622988700867,0.58321338891983,112.784278869629,55.1725540161133,-3.45879292488098,0.00649567414075136,0.655648410320282,0.0268810894340277,70
738534.46420058864168822765,54.5866279602051,-3.21520376205444,7.50664806365967,0.000149919185787439,-0.00265023834072053,42.4733200073242,-71.316291809082,128.740264892578,77.1747589111328,-3.05262541770935,0.203385680913925,112.831123352051,55.1940879821777,-3.45873403549194,-0.0711905583739281,0.646792829036713,0.0264771990478039,70
738534.46420280437450855970,54.6145362854004,-3.22733163833618,7.48680353164673,0.000149919185787439,-0.00265023834072053,42.4733047485352,-71.316162109375,128.058822631836,76.4468841552734,-3.18134379386902,0.0501520782709122,112.880447387695,55.2197036743164,-3.45618200302124,-0.163561627268791,0.637512564659119,0.0259462129324675,70
738534.46420490427408367395,54.642448425293,-3.26759243011475,7.46358442306519,0.000149919185787439,-0.00265023834072053,42.4732933044434,-71.3160400390625,127.429710388184,75.7750854492188,-3.30850911140442,-0.0462890416383743,112.925430297852,55.2465324401855,-3.45449113845825,-0.19909793138504,0.628845930099487,0.0253857038915157,70
738534.46420708298683166504,54.672966003418,-3.32253432273865,7.43717861175537,0.000149919185787439,-0.00265023834072053,42.4732818603516,-71.31591796875,126.789176940918,75.0914764404297,-3.41752767562866,-0.142996117472649,112.971298217773,55.2764320373535,-3.45714330673218,-0.216051310300827,0.619530260562897,0.0247628167271614,70
738534.46420924901030957699,54.7062721252441,-3.38887476921082,7.40781545639038,0.000149919185787439,-0.00265023834072053,42.4732704162598,-71.3157958984375,126.127380371094,74.3857345581055,-3.50567078590393,-0.212127298116684,113.019332885742,55.3094596862793,-3.46717762947083,-0.228511333465576,0.609024941921234,0.0240905918180943,70
738534.46421126753557473421,54.7409973144531,-3.45141983032227,7.37750816345215,0.000149919185787439,-0.00265023834072053,42.473258972168,-71.315673828125,125.466651916504,73.736442565918,-3.56951594352722,-0.227556496858597,113.068450927734,55.3436279296875,-3.48569464683533,-0.23216687142849,0.597388446331024,0.0234028808772564,70
738534.46421342226676642895,54.7782440185547,-3.51311898231506,7.34566164016724,0.000149919185787439,-0.00265023834072053,42.4732475280762,-71.3155517578125,124.785430908203,73.1559829711914,-3.66574788093567,-0.282086759805679,113.120918273926,55.3801116943359,-3.51295304298401,-0.22241298854351,0.584100782871246,0.0226887725293636,70
738534.46421552018728107214,54.8174209594727,-3.57884526252747,7.31259250640869,0.000149919185787439,-0.00265023834072053,42.4732360839844,-71.3154296875,124.099792480469,72.5697937011719,-3.75685954093933,-0.370219588279724,113.175750732422,55.4186973571777,-3.54724836349487,-0.223095580935478,0.569409668445587,0.0219911802560091,70
738534.46421765000559389591,54.8591270446777,-3.64544677734375,7.27710294723511,0.000149919185787439,-0.00265023834072053,42.4732246398926,-71.3153076171875,123.399787902832,71.9693298339844,-3.84252285957336,-0.459483832120895,113.23405456543,55.4596214294434,-3.58817791938782,-0.226225405931473,0.553027153015137,0.0213142819702625,70
738534.46421980916056782007,54.9030838012695,-3.7212233543396,7.24200248718262,0.000149919185787439,-0.00265023834072053,42.4732131958008,-71.315185546875,122.68098449707,71.3506698608398,-3.91918873786926,-0.388811469078064,113.296501159668,55.5035362243652,-3.63518190383911,-0.299496918916702,0.534759283065796,0.0206703934818506,70
738534.46422192326281219721,54.9476089477539,-3.80331921577454,7.21804761886597,0.000149919185787439,-0.00265023834072053,42.473201751709,-71.3150634765625,121.943305969238,70.7134170532227,-3.97588992118835,0.561711549758911,113.363090515137,55.5500259399414,-3.68816900253296,-0.352858811616898,0.514453232288361,0.0200596190989017,70
738534.46422426542267203331,54.9946098327637,-3.87033104896545,7.21284580230713,0.000149919185787439,-0.00265023834072053,42.4731864929199,-71.3149261474609,121.111328125,69.9925842285156,-3.99671864509583,1.15094423294067,113.441131591797,55.6004676818848,-3.75267910957336,-0.156677171587944,0.489545166492462,0.0194322988390923,70
738534.46422641712706536055,55.0352630615234,-3.92002105712891,7.21968126296997,0.000149919185787439,-0.00265023834072053,42.4731750488281,-71.3148040771484,120.369735717773,69.348747253418,-4.04833459854126,1.18217194080353,113.513488769531,55.6450386047363,-3.8121452331543,-0.0171145014464855,0.465726733207703,0.0189325194805861,70
738534.46422854601405560970,55.0783233642578,-3.97476530075073,7.22841739654541,0.000149919185787439,-0.00265023834072053,42.4731636047363,-71.3146820068359,119.593635559082,68.6737518310547,-4.11419486999512,1.0931670665741,113.591522216797,55.6926460266113,-3.87395763397217,0.0374116078019142,0.439379692077637,0.0184597745537758,70
738534.46423069585580378771,55.1227378845215,-4.02897882461548,7.23586177825928,0.000149919185787439,-0.00265023834072053,42.4731521606445,-71.3145523071289,118.809562683105,67.9905624389648,-4.15844392776489,1.0314131975174,113.672485351562,55.7414245605469,-3.93500256538391,0.058727815747261,0.41138082742691,0.0180246718227863,70
738534.46423289657104760408,55.1696701049805,-4.07615804672241,7.24273490905762,0.000149919185787439,-0.00265023834072053,42.4731407165527,-71.3144226074219,117.992950439453,67.2778625488281,-4.19075298309326,0.991064548492432,113.759155273438,55.7921562194824,-3.99677777290344,0.0669497475028038,0.380781888961792,0.0176112093031406,70
738534.46423504024278372526,55.2159004211426,-4.11606407165527,7.24823188781738,0.000149919185787439,-0.00265023834072053,42.4731292724609,-71.3143005371094,117.191764831543,66.5776443481445,-4.20061540603638,0.912076652050018,113.846092224121,55.8415107727051,-4.05480575561523,0.0724014788866043,0.349413692951202,0.0172379706054926,70
738534.46423715574201196432,55.2614326477051,-4.1451416015625,7.25180006027222,0.000149919185787439,-0.00265023834072053,42.4731178283691,-71.3141784667969,116.406829833984,65.8909301757812,-4.19835948944092,0.810862004756927,113.932899475098,55.8891448974609,-4.10853910446167,0.06296506524086,0.317473441362381,0.016897339373827,70
738534.46423927554860711098,55.3092384338379,-4.16225862503052,7.2526707649231,0.000149919185787439,-0.00265023834072053,42.4731063842773,-71.3140563964844,115.584953308105,65.1713790893555,-4.16896390914917,0.686060845851898,114.025444030762,55.937801361084,-4.16066694259644,0.0478103794157505,0.28287947177887,0.0165635161101818,70
738534.46424139721784740686,55.355037689209,-4.16239070892334,7.25046539306641,0.000149919185787439,-0.00265023834072053,42.4730949401855,-71.3139343261719,114.80158996582,64.4853973388672,-4.14849376678467,0.566852867603302,114.11466217041,55.9828109741211,-4.20508861541748,0.0214397385716438,0.248935684561729,0.0162572599947453,70
738534.46424359269440174103,55.4029388427734,-4.16307067871094,7.24458122253418,0.000149919185787439,-0.00265023834072053,42.4730834960938,-71.3138046264648,113.979476928711,63.7655181884766,-4.14463186264038,0.458823591470718,114.209190368652,56.0294609069824,-4.24484062194824,-0.00934747885912657,0.212544068694115,0.0159453842788935,70
738534.46424584113992750645,55.4516105651855,-4.15857410430908,7.23491191864014,0.000149919185787439,-0.00265023834072053,42.473072052002,-71.3136749267578,113.13793182373,63.0286331176758,-4.0979118347168,0.345545828342438,114.306175231934,56.0760078430176,-4.27789258956909,-0.0313767418265343,0.174646839499474,0.0156388394534588,70
738534.46424807305447757244,55.4987525939941,-4.13040828704834,7.22077512741089,0.000149919185787439,-0.00265023834072053,42.4730567932129,-71.3135452270508,112.283134460449,62.2802925109863,-3.84965538978577,0.206028997898102,114.404373168945,56.1187286376953,-4.30391359329224,-0.036681242287159,0.135549500584602,0.0153458025306463,70
738534.46425011032260954380,55.5395851135254,-4.02713012695312,7.20357799530029,0.000149919185787439,-0.00265023834072053,42.4730453491211,-71.3134231567383,111.502059936523,61.5980415344238,-3.55823159217834,0.0781469345092773,114.493553161621,56.1493988037109,-4.31879854202271,-0.0509240329265594,0.0992638394236565,0.0150998942553997,70
738534.46425215015187859535,55.5746421813965,-3.88400387763977,7.18227005004883,0.000149919185787439,-0.00265023834072053,42.4730339050293,-71.3133010864258,110.759979248047,60.9525947570801,-3.30155348777771,-0.0441358722746372,114.5771484375,56.1712646484375,-4.31822967529297,-0.0799657925963402,0.0649253875017166,0.0148817608132958,70
738534.46425428497605025768,55.6051139831543,-3.70355033874512,7.15612411499023,0.000149919185787439,-0.00265023834072053,42.4730224609375,-71.3131790161133,110.043594360352,60.3331108093262,-3.10906219482422,-0.171433210372925,114.655494689941,56.1858978271484,-4.29694652557373,-0.115383833646774,0.0327592007815838,0.0146868973970413,70
738534.46425633085891604424,55.6318817138672,-3.54426980018616,7.12419319152832,0.000149919185787439,-0.00265023834072053,42.4730110168457,-71.3130569458008,109.341850280762,59.7304992675781,-3.08448624610901,-0.318800657987595,114.728507995605,56.1980628967285,-4.24980497360229,-0.167247503995895,0.00324666849337518,0.0145168313756585,70
738534.46425835718400776386,55.6551856994629,-3.41556167602539,7.08946084976196,0.000149919185787439,-0.00265023834072053,42.4730033874512,-71.3129348754883,108.699981689453,59.1824264526367,-3.07536220550537,-0.424927949905396,114.790313720703,56.2087745666504,-4.18395662307739,-0.212622433900833,-0.0212825573980808,0.0143939182162285,70
738534.46426075545605272055,55.6809234619141,-3.31723213195801,7.04409885406494,0.000149919185787439,-0.00265023834072053,42.4729881286621,-71.3127975463867,107.962989807129,58.581428527832,-3.1460964679718,-0.510286748409271,114.854789733887,56.2226715087891,-4.08659934997559,-0.244403705000877,-0.0463248006999493,0.0143047692254186,70
738534.46426281146705150604,55.7027854919434,-3.25927329063416,7.00235509872437,0.000149919185787439,-0.00265023834072053,42.4729766845703,-71.3126754760742,107.333229064941,58.2575416564941,-3.1688597202301,-0.546040654182434,114.904251098633,56.2357177734375,-3.99340534210205,-0.262564033269882,-0.0653242543339729,0.01428447291255,70
738534.46426486375275999308,55.7236137390137,-3.21899747848511,6.96135854721069,0.000149919185787439,-0.00265023834072053,42.4729690551758,-71.3125534057617,106.718719482422,57.945686340332,-3.18035101890564,-0.445102095603943,114.94800567627,56.2489433288574,-3.90123534202576,-0.277293026447296,-0.0822036564350128,0.0143241584300995,70
738534.46426683978643268347,55.7426910400391,-3.18728256225586,6.92551040649414,0.000149919185787439,-0.00265023834072053,42.472957611084,-71.3124389648438,106.132621765137,57.6512680053711,-3.19692254066467,-0.231346547603607,114.986129760742,56.2616119384766,-3.81700491905212,-0.279468089342117,-0.0971580594778061,0.0144201247021556,70
738534.46426890732254832983,55.7609710693359,-3.17067933082581,6.89455366134644,0.000149919185787439,-0.00265023834072053,42.4729461669922,-71.3123168945312,105.532028198242,57.3516235351562,-3.22090840339661,0.0267989616841078,115.02222442627,56.2749862670898,-3.73728966712952,-0.251673102378845,-0.111613124608994,0.0145912989974022,70
738534.46427099872380495071,55.778678894043,-3.16053223609924,6.87001466751099,0.000149919185787439,-0.00265023834072053,42.4729347229004,-71.3121948242188,104.911186218262,57.0431900024414,-3.2365837097168,0.292523115873337,115.056991577148,56.2889595031738,-3.66433906555176,-0.208842501044273,-0.125951141119003,0.0148458192124963,70
738534.46427317417692393064,55.7950782775879,-3.15740990638733,6.85329055786133,0.000149919185787439,-0.00265023834072053,42.4729232788086,-71.3120727539062,104.292556762695,56.7364540100098,-3.24949645996094,0.555715799331665,115.089622497559,56.3029975891113,-3.60239171981812,-0.160192400217056,-0.139905229210854,0.015182544477284,70
738534.46427527186460793018,55.8100967407227,-3.15722346305847,6.84462785720825,0.000149919185787439,-0.00265023834072053,42.4729156494141,-71.3119506835938,103.686195373535,56.4360008239746,-3.26687979698181,0.815813899040222,115.120147705078,56.3168144226074,-3.5522153377533,-0.113706544041634,-0.153478845953941,0.0155851971358061,70
738534.46427744335960596800,55.8246002197266,-3.16633605957031,6.84385299682617,0.000149919185787439,-0.00265023834072053,42.4729042053223,-71.3118209838867,103.057655334473,56.1241416931152,-3.29502177238464,1.1112322807312,115.150802612305,56.3316078186035,-3.51056027412415,-0.0645993202924728,-0.167603611946106,0.01607621088624,70
738534.46427961881272494793,55.8383255004883,-3.18095183372498,6.85211038589478,0.000149919185787439,-0.00265023834072053,42.4728927612305,-71.3116912841797,102.412635803223,55.8029975891113,-3.30846095085144,1.41194248199463,115.181655883789,56.347038269043,-3.4782555103302,-0.00388915627263486,-0.182353779673576,0.0166448317468166,70
738534.46428184141404926777,55.8508377075195,-3.19013690948486,6.86929416656494,0.000149919185787439,-0.00265023834072053,42.4728813171387,-71.3115615844727,101.76212310791,55.4780197143555,-3.29618668556213,1.64991533756256,115.212600708008,56.3620491027832,-3.45540642738342,0.0581334382295609,-0.197678461670876,0.0172807537019253,70
738534.46428394387476146221,55.8617782592773,-3.19805645942688,6.89357137680054,0.000149919185787439,-0.00265023834072053,42.4728698730469,-71.3114395141602,101.129089355469,55.1611061096191,-3.29935097694397,1.88343417644501,115.242744445801,56.3763008117676,-3.4406886100769,0.1053551658988,-0.213069304823875,0.0179589129984379,70
738534.46428611245937645435,55.8717613220215,-3.20371794700623,6.92476177215576,0.000149919185787439,-0.00265023834072053,42.4728584289551,-71.3113098144531,100.480445861816,54.835750579834,-3.28722739219666,2.03549408912659,115.273796081543,56.3903388977051,-3.43147921562195,0.159443154931068,-0.229317113757133,0.0186936445534229,70
738534.46428845985792577267,55.8813171386719,-3.20729565620422,6.96410894393921,0.000149919185787439,-0.00265023834072053,42.4728469848633,-71.3111724853516,99.7880325317383,54.4881629943848,-3.28239989280701,2.1985330581665,115.307060241699,56.4048538208008,-3.42629599571228,0.194333404302597,-0.24717515707016,0.0194880142807961,70
738534.46429057081695646048,55.8890495300293,-3.2094886302948,7.0049295425415,0.000149919185787439,-0.00265023834072053,42.4728355407715,-71.3110427856445,99.1578140258789,54.1715507507324,-3.27810192108154,2.34672665596008,115.337608337402,56.4176902770996,-3.42429804801941,0.218933746218681,-0.26384237408638,0.0202237479388714,70
738534.46429288561921566725,55.8963851928711,-3.21090602874756,7.05276107788086,0.000149919185787439,-0.00265023834072053,42.4728202819824,-71.3109130859375,98.4752426147461,53.8286018371582,-3.26780533790588,2.39820981025696,115.37068939209,56.4309921264648,-3.42390203475952,0.27925106883049,-0.28231093287468,0.0210034213960171,70
738534.46429487527348101139,55.9022026062012,-3.20415139198303,7.09528636932373,0.000149919185787439,-0.00265023834072053,42.4728126525879,-71.310791015625,97.8807067871094,53.5301742553711,-3.24276947975159,2.29243445396423,115.399597167969,56.4417037963867,-3.42431616783142,0.295588344335556,-0.298729419708252,0.0216654166579247,70
738534.46429700881708413363,55.9082145690918,-3.1899471282959,7.1379828453064,0.000149919185787439,-0.00265023834072053,42.4728012084961,-71.3106689453125,97.2465972900391,53.2129058837891,-3.21380662918091,2.14814376831055,115.430480957031,56.4522361755371,-3.42439389228821,0.290892750024796,-0.316492438316345,0.0223434958606958,70
738534.46429906447883695364,55.9139099121094,-3.17200517654419,7.17627000808716,0.000149919185787439,-0.00265023834072053,42.4727897644043,-71.3105392456055,96.6298217773438,52.9059371948242,-3.18920755386353,2.01950025558472,115.460250854492,56.4617156982422,-3.42293739318848,0.264149963855743,-0.333872646093369,0.0229553636163473,70
738534.46430114808026701212,55.9192581176758,-3.15068650245667,7.21000957489014,0.000149919185787439,-0.00265023834072053,42.4727783203125,-71.3104248046875,96.0375518798828,52.6129417419434,-3.17542600631714,1.91577303409576,115.488349914551,56.4701194763184,-3.41930794715881,0.238354429602623,-0.350527733564377,0.023487962782383,70
738534.46430326730478554964,55.9250869750977,-3.12869358062744,7.24201822280884,0.000149919185787439,-0.00265023834072053,42.4727668762207,-71.3102951049805,95.4170608520508,52.3081436157227,-3.19779944419861,1.77596724033356,115.517204284668,56.4787635803223,-3.41256475448608,0.211349710822105,-0.36781108379364,0.0239911768585443,70
738534.46430533064994961023,55.9314002990723,-3.1222357749939,7.26849222183228,0.000149919185787439,-0.00265023834072053,42.4727554321289,-71.310173034668,94.8153686523438,52.0138549804688,-3.23243069648743,1.61514675617218,115.544334411621,56.4880599975586,-3.40344500541687,0.180683076381683,-0.384333401918411,0.0244174748659134,70
738534.46430738666094839573,55.9384536743164,-3.12067556381226,7.28945827484131,0.000149919185787439,-0.00265023834072053,42.4727439880371,-71.3100509643555,94.2270660400391,51.7264099121094,-3.24517631530762,1.43565356731415,115.570121765137,56.4976577758789,-3.39354109764099,0.154430523514748,-0.400398343801498,0.0247671324759722,70
738534.46430986816994845867,55.9473266601562,-3.11724972724915,7.30714511871338,0.000149919185787439,-0.00265023834072053,42.472728729248,-71.3099212646484,93.5691833496094,51.4053001403809,-3.25089502334595,1.24038636684418,115.598480224609,56.5085372924805,-3.38269305229187,0.116941653192043,-0.418450802564621,0.0250899512320757,70
738534.46431214991025626659,55.9587860107422,-3.11433339118958,7.32138013839722,0.000149919185787439,-0.00265023834072053,42.4727172851562,-71.3097610473633,92.8041915893555,51.0323829650879,-3.27348732948303,1.11190915107727,115.630676269531,56.5215644836426,-3.37131142616272,0.068232573568821,-0.439678817987442,0.0253696907311678,70
738534.46431447844952344894,55.9697494506836,-3.11743140220642,7.3293604850769,0.000149919185787439,-0.00265023834072053,42.4727020263672,-71.3096237182617,92.1330718994141,50.7052917480469,-3.29806733131409,1.00202548503876,115.658393859863,56.5336227416992,-3.36283254623413,0.0398846715688705,-0.458575308322906,0.0255348570644855,70
738534.46431672305334359407,55.9812431335449,-3.12209606170654,7.33346509933472,0.000149919185787439,-0.00265023834072053,42.4726905822754,-71.3094940185547,91.4821929931641,50.3876914978027,-3.31786799430847,0.895741045475006,115.685012817383,56.5457954406738,-3.35639452934265,0.0189511235803366,-0.47725448012352,0.0256346669048071,70
738534.46431903471238911152,55.9938125610352,-3.12861132621765,7.33401966094971,0.000149919185787439,-0.00265023834072053,42.4726791381836,-71.3093566894531,90.8120040893555,50.0600776672363,-3.32773423194885,0.785152316093445,115.712341308594,56.5586700439453,-3.35186791419983,0.0010170207824558,-0.496950387954712,0.0256862305104733,70
738534.46432106348220258951,56.0051803588867,-3.13317847251892,7.33151960372925,0.000149919185787439,-0.00265023834072053,42.4726676940918,-71.3092346191406,90.2307357788086,49.6452178955078,-3.33053660392761,0.687925577163696,115.736099243164,56.5698547363281,-3.34966254234314,-0.0140377171337605,-0.514478266239166,0.0256871487945318,70
738534.46432315174024552107,56.0168685913086,-3.13916492462158,7.32604122161865,0.000149919185787439,-0.00265023834072053,42.47265625,-71.3091201782227,89.6358795166016,48.9780883789062,-3.32045269012451,0.592064261436462,115.760330200195,56.5810470581055,-3.34886813163757,-0.0273462850600481,-0.532865703105927,0.0256637092679739,70
738534.46432555350475013256,56.0305786132812,-3.14577221870422,7.31592130661011,0.000149919185787439,-0.00265023834072053,42.4726409912109,-71.3089752197266,88.9324340820312,48.1892967224121,-3.30901122093201,0.481347680091858,115.788513183594,56.593677520752,-3.34961676597595,-0.0437877252697945,-0.555246531963348,0.0255915559828281,70
738534.46432796726003289223,56.0442390441895,-3.15247130393982,7.30198287963867,0.000149919185787439,-0.00265023834072053,42.4726295471191,-71.3088302612305,88.23046875,47.4086494445801,-3.3007504940033,0.372704446315765,115.815963745117,56.6057739257812,-3.35184407234192,-0.0611508004367352,-0.578294217586517,0.0254885274916887,70
738534.46433041989803314209,56.0582618713379,-3.15858364105225,7.2839617729187,0.000149919185787439,-0.00265023834072053,42.4726142883301,-71.3086853027344,87.5171203613281,46.669864654541,-3.29641819000244,0.263670980930328,115.84309387207,56.6176795959473,-3.35527205467224,-0.0791148766875267,-0.602474331855774,0.0253706462681293,70
738534.46433283889200538397,56.0725173950195,-3.16421818733215,7.26215839385986,0.000149919185787439,-0.00265023834072053,42.4726028442383,-71.3085403442383,86.8051452636719,45.9325523376465,-3.29500889778137,0.154738232493401,115.869369506836,56.6293067932129,-3.35950374603271,-0.0972540080547333,-0.627387404441833,0.0252483393996954,70
738534.46433523343876004219,56.0869941711426,-3.16947960853577,7.23672866821289,0.000149919185787439,-0.00265023834072053,42.4725875854492,-71.3084030151367,86.0992660522461,45.201587677002,-3.29518413543701,0.0440453737974167,115.894683837891,56.640682220459,-3.36419630050659,-0.114863470196724,-0.65286785364151,0.0251511409878731,70
738534.46433731191791594028,56.0998649597168,-3.17395734786987,7.21155834197998,0.000149919185787439,-0.00265023834072053,42.4725761413574,-71.3082809448242,85.4867401123047,44.5411376953125,-3.29611420631409,-0.0524851605296135,115.916175842285,56.6504669189453,-3.3684983253479,-0.130058109760284,-0.675616800785065,0.0250904466956854,70
738534.46433958353009074926,56.114070892334,-3.17855405807495,7.18109893798828,0.000149919185787439,-0.00265023834072053,42.4725646972656,-71.3081436157227,84.8248825073242,43.7920837402344,-3.29556155204773,-0.156634792685509,115.938812255859,56.6609268188477,-3.37324523925781,-0.146122172474861,-0.700881719589233,0.0250408947467804,70
738534.46434181404765695333,56.1284713745117,-3.18332099914551,7.14773082733154,0.000149919185787439,-0.00265023834072053,42.4725532531738,-71.3080139160156,84.1681518554688,43.0489692687988,-3.29618763923645,-0.248984932899475,115.960708618164,56.6712341308594,-3.37799787521362,-0.164981186389923,-0.726664483547211,0.0250297896564007,70
738534.46434384328313171864,56.1416397094727,-3.19002723693848,7.11658191680908,0.000149919185787439,-0.00265023834072053,42.472541809082,-71.3078918457031,83.5764923095703,42.3795967102051,-3.29908084869385,-0.226174548268318,115.980087280273,56.680736541748,-3.3823390007019,-0.200441941618919,-0.750514984130859,0.0250554531812668,70
738534.46434591512661427259,56.1546173095703,-3.19794297218323,7.08643960952759,0.000149919185787439,-0.00265023834072053,42.4725303649902,-71.3077774047852,82.9793243408203,41.7041702270508,-3.29805898666382,-0.093592569231987,115.99934387207,56.690258026123,-3.38695240020752,-0.217566967010498,-0.775237381458282,0.0251264590770006,70
738534.46434811758808791637,56.1683158874512,-3.20356345176697,7.05667686462402,0.000149919185787439,-0.00265023834072053,42.4725189208984,-71.3076400756836,82.3114471435547,40.9489250183105,-3.29259562492371,0.0767069458961487,116.020561218262,56.7004356384277,-3.39254236221313,-0.20101460814476,-0.803726851940155,0.0252629183232784,70
738534.46435019350610673428,56.1802177429199,-3.20677423477173,7.0328483581543,0.000149919185787439,-0.00265023834072053,42.4725074768066,-71.3075180053711,81.6919784545898,40.2485237121582,-3.29016470909119,0.171659484505653,116.039855957031,56.7094459533691,-3.39786648750305,-0.170061379671097,-0.830959022045135,0.0254483204334974,70
738534.46435230970382690430,56.1918525695801,-3.2097327709198,7.01016473770142,0.000149919185787439,-0.00265023834072053,42.4724960327148,-71.3073883056641,81.0636520385742,39.5632591247559,-3.28773021697998,0.158595770597458,116.059097290039,56.718334197998,-3.40315079689026,-0.122661717236042,-0.859347105026245,0.0257011260837317,70
738534.46435437782201915979,56.2033004760742,-3.21076202392578,6.98726177215576,0.000149919185787439,-0.00265023834072053,42.472484588623,-71.3072662353516,80.4458999633789,38.8315162658691,-3.28810977935791,0.0687503963708878,116.077751159668,56.7269058227539,-3.40803694725037,-0.11166213452816,-0.888010501861572,0.0260119941085577,70
738534.46435640775598585606,56.2146453857422,-3.21237826347351,6.96309804916382,0.000149919185787439,-0.00265023834072053,42.4724731445312,-71.3071517944336,79.8466796875,38.1568641662598,-3.28995633125305,0.000537161831744015,116.095611572266,56.7352676391602,-3.41230368614197,-0.118272453546524,-0.916507542133331,0.0263732150197029,70
738534.46435846539679914713,56.2261123657227,-3.2185423374176,6.9393138885498,0.000149919185787439,-0.00265023834072053,42.4724655151367,-71.3070297241211,79.2441711425781,37.4828147888184,-3.29185152053833,0.09803157299757,116.113410949707,56.7440643310547,-3.41618466377258,-0.161557123064995,-0.945850491523743,0.0267961919307709,70
738534.46436078823171555996,56.2385902404785,-3.22786736488342,6.9181547164917,0.000149919185787439,-0.00265023834072053,42.4724502563477,-71.306884765625,78.5356826782227,36.6730308532715,-3.28620481491089,0.525902450084686,116.134170532227,56.7543754577637,-3.42076277732849,-0.189491525292397,-0.981339752674103,0.0273813009262085,70
738534.46436272177379578352,56.2470207214355,-3.23352146148682,6.91166019439697,0.000149919185787439,-0.00265023834072053,42.4724426269531,-71.306770324707,77.9529724121094,36.0269432067871,-3.27551770210266,0.999581694602966,116.151168823242,56.7622566223145,-3.4248743057251,-0.160311535000801,-1.01143038272858,0.0279250293970108,70
738534.46436509420163929462,56.2542572021484,-3.23812079429626,6.91970491409302,0.000149919185787439,-0.00265023834072053,42.4724311828613,-71.3066329956055,77.2620544433594,35.2442741394043,-3.25407814979553,1.54750502109528,116.171127319336,56.7706718444824,-3.43010568618774,-0.0819187387824059,-1.04821789264679,0.0286407861858606,70
738534.46436743694357573986,56.2586975097656,-3.23769497871399,6.94515609741211,0.000149919185787439,-0.00265023834072053,42.4724159240723,-71.3064956665039,76.5491561889648,34.4359092712402,-3.23712205886841,2.02552890777588,116.191535949707,56.7781524658203,-3.43550443649292,0.0202610939741135,-1.08744704723358,0.0294553395360708,70
738534.46436955046374350786,56.260425567627,-3.2388916015625,6.97979497909546,0.000149919185787439,-0.00265023834072053,42.4724044799805,-71.3063735961914,75.9298095703125,33.7264518737793,-3.23264360427856,2.3841872215271,116.208976745605,56.7841835021973,-3.43972301483154,0.103849396109581,-1.12252128124237,0.0302147474139929,70
738534.46437158901244401932,56.2605056762695,-3.24162983894348,7.0236873626709,0.000149919185787439,-0.00265023834072053,42.4723968505859,-71.3062515258789,75.3213806152344,33.049129486084,-3.23263168334961,2.68980717658997,116.225845336914,56.7898292541504,-3.44335770606995,0.181420996785164,-1.15788066387177,0.0309877134859562,70
738534.46437407273333519697,56.2587051391602,-3.24752330780029,7.08868360519409,0.000149919185787439,-0.00265023834072053,42.4723815917969,-71.3061065673828,74.586181640625,32.2357597351074,-3.23064923286438,3.04903721809387,116.246002197266,56.796459197998,-3.44734525680542,0.259126335382462,-1.20186340808868,0.0319260619580746,70
738534.46437638043425977230,56.2550392150879,-3.2501266002655,7.16133832931519,0.000149919185787439,-0.00265023834072053,42.4723701477051,-71.3059692382812,73.8810348510742,31.4121551513672,-3.22034192085266,3.28080582618713,116.265251159668,56.8020896911621,-3.45113658905029,0.368206143379211,-1.24547684192657,0.032816294580698,70
738534.46437868149951100349,56.2502174377441,-3.24904417991638,7.23794507980347,0.000149919185787439,-0.00265023834072053,42.4723587036133,-71.3058319091797,73.1861724853516,30.6447696685791,-3.2195885181427,3.21156024932861,116.284248352051,56.8069648742676,-3.45467042922974,0.430505722761154,-1.28988885879517,0.0336586460471153,70
738534.46438114868942648172,56.2452583312988,-3.24714875221252,7.31522703170776,0.000149919185787439,-0.00265023834072053,42.4723434448242,-71.3056869506836,72.47021484375,29.8388328552246,-3.21775603294373,3.07649183273315,116.303955078125,56.8118438720703,-3.45767855644226,0.448685944080353,-1.3371000289917,0.0344496034085751,70
738534.46438323776237666607,56.2411422729492,-3.24421620368958,7.38087701797485,0.000149919185787439,-0.00265023834072053,42.4723320007324,-71.3055572509766,71.831413269043,29.1673736572266,-3.21947264671326,2.9001305103302,116.321647644043,56.8160934448242,-3.45960688591003,0.420041173696518,-1.38046753406525,0.0350631512701511,70
738534.46438537188805639744,56.2375183105469,-3.24003100395203,7.441321849823,0.000149919185787439,-0.00265023834072053,42.4723205566406,-71.3054351806641,71.2055358886719,28.5394630432129,-3.22209000587463,2.7968578338623,116.339019775391,56.8201522827148,-3.46067905426025,0.388091206550598,-1.42410278320312,0.0355674475431442,70
738534.46438746654894202948,56.2340621948242,-3.23489737510681,7.49953699111938,0.000149919185787439,-0.00265023834072053,42.4723091125488,-71.3053131103516,70.5744857788086,27.8772830963135,-3.22252917289734,2.69330191612244,116.356552124023,56.8240928649902,-3.46085286140442,0.351317465305328,-1.46925282478333,0.0359581187367439,70
738534.46438956458587199450,56.2307586669922,-3.22916555404663,7.55477285385132,0.000149919185787439,-0.00265023834072053,42.472297668457,-71.3051834106445,69.9412155151367,27.252067565918,-3.21782922744751,2.57637500762939,116.374084472656,56.8278121948242,-3.46006226539612,0.319340616464615,-1.51573479175568,0.0362227819859982,70
738534.46439169405493885279,56.227954864502,-3.22102308273315,7.60490369796753,0.000149919185787439,-0.00265023834072053,42.472282409668,-71.3050537109375,69.2964630126953,26.5778427124023,-3.20651602745056,2.26353001594543,116.391708374023,56.8312644958496,-3.45827770233154,0.314928263425827,-1.5642923116684,0.0363560318946838,70
738534.46439388080034404993,56.22607421875,-3.21073889732361,7.64619493484497,0.000149919185787439,-0.00265023834072053,42.4722709655762,-71.304931640625,68.6619262695312,25.9276180267334,-3.18946981430054,1.9659503698349,116.408653259277,56.8343620300293,-3.45539116859436,0.2474225461483,-1.61331367492676,0.0363474637269974,70
738534.46439613844268023968,56.2249145507812,-3.1922595500946,7.68261528015137,0.000149919185787439,-0.00265023834072053,42.4722595214844,-71.3047943115234,67.9908065795898,25.233829498291,-3.18221354484558,1.85182642936707,116.426078796387,56.8370819091797,-3.45076584815979,0.185147345066071,-1.66646611690521,0.036180391907692,70
738534.46439831750467419624,56.2238807678223,-3.17792916297913,7.71328115463257,0.000149919185787439,-0.00265023834072053,42.4722442626953,-71.3046646118164,67.3480377197266,24.5799217224121,-3.17538809776306,1.74790382385254,116.442024230957,56.8394088745117,-3.44438028335571,0.149515599012375,-1.71850967407227,0.0358746126294136,70
738534.46440051519311964512,56.2229957580566,-3.16065812110901,7.73986721038818,0.000149919185787439,-0.00265023834072053,42.4722328186035,-71.3045349121094,66.7105026245117,23.9294013977051,-3.17207860946655,1.60916018486023,116.457008361816,56.8411865234375,-3.43621325492859,0.132529035210609,-1.77123737335205,0.0354312174022198,70
738534.46440264361444860697,56.222583770752,-3.14496278762817,7.76079511642456,0.000149919185787439,-0.00265023834072053,42.4722213745117,-71.3044128417969,66.0802154541016,23.2908134460449,-3.17327737808228,1.37735164165497,116.470878601074,56.8427658081055,-3.4264132976532,0.107996456325054,-1.82443618774414,0.0348592475056648,70
738534.46440490148961544037,56.2234878540039,-3.13014554977417,7.77524042129517,0.000149919185787439,-0.00265023834072053,42.4722061157227,-71.3042755126953,65.4429702758789,22.6455039978027,-3.17680048942566,1.16005575656891,116.483924865723,56.8448143005371,-3.41502285003662,0.0588482394814491,-1.87933969497681,0.0341490730643272,70
738534.46440719068050384521,56.2256011962891,-3.11666488647461,7.78420448303223,0.000149919185787439,-0.00265023834072053,42.4721946716309,-71.3041381835938,64.7471618652344,22.0287551879883,-3.18545651435852,1.01742219924927,116.497146606445,56.8473892211914,-3.40147113800049,0.0036182040348649,-1.94065868854523,0.0332360006868839,70
738534.46440949966199696064,56.2281913757324,-3.10384464263916,7.78775215148926,0.000149919185787439,-0.00265023834072053,42.4721794128418,-71.3040008544922,64.0908126831055,21.5068874359131,-3.18960285186768,0.909469187259674,116.508911132812,56.8497352600098,-3.3881528377533,-0.0253805629909039,-1.99996018409729,0.0322451405227184,70
738534.46441187383607029915,56.2313652038574,-3.09036540985107,7.78722333908081,0.000149919185787439,-0.00265023834072053,42.4721641540527,-71.3038635253906,63.4169921875,20.9746971130371,-3.2003002166748,0.800360858440399,116.520370483398,56.8520698547363,-3.37419009208679,-0.0450239703059196,-2.06244969367981,0.0311152264475822,70
738534.46441425662487745285,56.2351188659668,-3.07886481285095,7.78231239318848,0.000149919185787439,-0.00265023834072053,42.4721527099609,-71.3037185668945,62.7434577941895,20.4515399932861,-3.2099506855011,0.678240656852722,116.531242370605,56.8544845581055,-3.36018490791321,-0.0516495257616043,-2.12663650512695,0.0298874508589506,70
738534.46441630786284804344,56.2390213012695,-3.0702428817749,7.77269983291626,0.000149919185787439,-0.00265023834072053,42.4721412658691,-71.303596496582,62.1450347900391,19.9822807312012,-3.20900130271912,0.438410758972168,116.540473937988,56.8565635681152,-3.34794139862061,-0.0490061230957508,-2.18523979187012,0.0287271663546562,70
738534.46441871812567114830,56.2447853088379,-3.05657362937927,7.75259923934937,0.000149919185787439,-0.00265023834072053,42.4721260070801,-71.3034515380859,61.4612998962402,19.4516830444336,-3.19723629951477,0.0713642761111259,116.550506591797,56.8587837219238,-3.33440518379211,-0.0992356464266777,-2.25421833992004,0.0273365527391434,70
738534.46442078554537147284,56.2506408691406,-3.04326152801514,7.727942943573,0.000149919185787439,-0.00265023834072053,42.4721145629883,-71.3033294677734,60.8788528442383,18.9784297943115,-3.18624448776245,-0.0241096299141645,116.558647155762,56.8605079650879,-3.32301235198975,-0.155350893735886,-2.31474423408508,0.0261079557240009,70
738534.46442281024064868689,56.2563743591309,-3.02627563476562,7.69996404647827,0.000149919185787439,-0.00265023834072053,42.4721031188965,-71.3032150268555,60.3096694946289,18.5458488464355,-3.17291402816772,-0.118440836668015,116.566101074219,56.8614768981934,-3.31168103218079,-0.184035882353783,-2.37553000450134,0.0248781256377697,70
738534.46442491083871573210,56.2623176574707,-3.00851154327393,7.66781806945801,0.000149919185787439,-0.00265023834072053,42.4720878601074,-71.3030853271484,59.7235069274902,18.0947360992432,-3.17359137535095,-0.216463550925255,116.573173522949,56.8620681762695,-3.29928827285767,-0.213285446166992,-2.43629288673401,0.0235899239778519,70
738534.46442705614026635885,56.2683792114258,-2.99253463745117,7.63150978088379,0.000149919185787439,-0.00265023834072053,42.4720764160156,-71.3029632568359,59.1341133117676,17.628662109375,-3.16670751571655,-0.359604239463806,116.579483032227,56.8623428344727,-3.28597831726074,-0.238555550575256,-2.47025179862976,0.0222864337265491,70
738534.46442938235122710466,56.2753219604492,-2.97491216659546,7.58815956115723,0.000149919185787439,-0.00265023834072053,42.4720649719238,-71.3028259277344,58.5049705505371,17.1215915679932,-3.16627264022827,-0.473573178052902,116.585227966309,56.8624839782715,-3.2709321975708,-0.277990907430649,-2.48689293861389,0.0209118705242872,70
738534.46443176700267940760,56.2832641601562,-2.95926189422607,7.53730869293213,0.000149919185787439,-0.00265023834072053,42.4720497131348,-71.3026809692383,57.8384132385254,16.5766372680664,-3.18430328369141,-0.583829164505005,116.590148925781,56.8627662658691,-3.25421094894409,-0.307001233100891,-2.49453973770142,0.019487552344799,70
738534.46443410229403525591,56.2910041809082,-2.95242857933044,7.48622608184814,0.000149919185787439,-0.00265023834072053,42.472038269043,-71.3025512695312,57.2116546630859,16.0510730743408,-3.18274831771851,-0.615424156188965,116.593719482422,56.8633232116699,-3.23850440979004,-0.329770565032959,-2.49760365486145,0.0182088445872068,70
738534.46443649230059236288,56.2984275817871,-2.94555926322937,7.43332481384277,0.000149919185787439,-0.00265023834072053,42.4720230102539,-71.3024063110352,56.5456886291504,15.5002593994141,-3.1515257358551,-0.391597658395767,116.59659576416,56.8633766174316,-3.22283625602722,-0.361038506031036,-2.49900484085083,0.0169226266443729,70
738534.46443872887175530195,56.3031158447266,-2.92669534683228,7.39058542251587,0.000149919185787439,-0.00265023834072053,42.4720115661621,-71.3022766113281,55.9491081237793,14.9647397994995,-3.11953592300415,-0.170786827802658,116.598403930664,56.8614730834961,-3.20985341072083,-0.301908046007156,-2.49954724311829,0.0158545877784491,70
738534.46444094739854335785,56.3060264587402,-2.9053258895874,7.35148239135742,0.000149919185787439,-0.00265023834072053,42.4720001220703,-71.3021392822266,55.3356666564941,14.4451866149902,-3.09827041625977,-0.0925962999463081,116.599159240723,56.8581886291504,-3.19629549980164,-0.247490480542183,-2.49979996681213,0.0148423304781318,70
738534.46444298897404223680,56.3076477050781,-2.88472580909729,7.31724882125854,0.000149919185787439,-0.00265023834072053,42.4719886779785,-71.3020172119141,54.7772827148438,13.9755420684814,-3.08934903144836,-0.0795515924692154,116.598701477051,56.8543319702148,-3.18310236930847,-0.208423390984535,-2.49990510940552,0.0140112480148673,70
738534.46444533450994640589,56.3063087463379,-2.8649640083313,7.2781834602356,0.000149919185787439,-0.00265023834072053,42.4719734191895,-71.301872253418,54.1424179077148,13.4445714950562,-3.08804869651794,-0.0787573903799057,116.596725463867,56.8469886779785,-3.16677761077881,-0.178179174661636,-2.49996018409729,0.0131773063912988,70
738534.46444777620490640402,56.2972068786621,-2.84838080406189,7.23877954483032,0.000149919185787439,-0.00265023834072053,42.4719619750977,-71.3017349243164,53.5192222595215,12.9287014007568,-3.09049344062805,-0.0740976259112358,116.592643737793,56.8321113586426,-3.14967942237854,-0.152401760220528,-2.49998331069946,0.0124771976843476,70
738534.46445000881794840097,56.2728691101074,-2.83665132522583,7.19788837432861,0.000149919185787439,-0.00265023834072053,42.4719467163086,-71.3015975952148,52.8954658508301,12.4032640457153,-3.08957099914551,-0.0452474728226662,116.584632873535,56.8022193908691,-3.13214254379272,-0.133910596370697,-2.49999284744263,0.0118949515745044,70
738534.46445233421400189400,56.236400604248,-2.83465719223022,7.16398096084595,0.000149919185787439,-0.00265023834072053,42.4719352722168,-71.3014602661133,52.289176940918,11.8945350646973,-3.14912056922913,0.434497565031052,116.569755554199,56.7616996765137,-3.11563444137573,-0.179260686039925,-2.49999690055847,0.0114470217376947,70
738534.46445465297438204288,56.1916770935059,-2.87420725822449,7.14826250076294,0.000149919185787439,-0.00265023834072053,42.471923828125,-71.3013229370117,51.685546875,11.3854656219482,-3.21918964385986,1.34605038166046,116.545288085938,56.717399597168,-3.10180950164795,-0.131034851074219,-2.49999856948853,0.0111245363950729,70
738534.46445665461942553520,56.1478843688965,-2.89628624916077,7.15252208709717,0.000149919185787439,-0.00265023834072053,42.4719123840332,-71.3012084960938,51.1473960876465,10.9303312301636,-3.24529314041138,1.83917772769928,116.514686584473,56.6756744384766,-3.09466505050659,0.0927715748548508,-2.49999952316284,0.0109338602051139,70
738534.46445894415955990553,56.0954437255859,-2.93421816825867,7.17157220840454,0.000149919185787439,-0.00265023834072053,42.4719009399414,-71.3010711669922,50.5149269104004,10.4027099609375,-3.31251645088196,1.92586886882782,116.468849182129,56.6280822753906,-3.09297466278076,0.229623630642891,-2.5,0.0108080394566059,70
738534.46446128212846815586,56.0446586608887,-2.98380279541016,7.19502735137939,0.000149919185787439,-0.00265023834072053,42.4718856811523,-71.3009338378906,49.8808975219727,9.87584590911865,-3.37077927589417,2.00189757347107,116.41446685791,56.5833473205566,-3.09882307052612,0.308710098266602,-2.49999976158142,0.0107658561319113,70
738534.46446366643067449331,55.9939117431641,-3.02997922897339,7.22126150131226,0.000149919185787439,-0.00265023834072053,42.4718742370605,-71.3007965087891,49.2226371765137,9.28781700134277,-3.33077120780945,1.9157555103302,116.352043151855,56.5388832092285,-3.11318516731262,0.379232853651047,-2.50000023841858,0.0107730776071548,70
738534.46446598612237721682,55.9477424621582,-3.04638457298279,7.24794340133667,0.000149919185787439,-0.00265023834072053,42.4718627929688,-71.3006591796875,48.5676078796387,8.69344806671143,-3.27298188209534,1.79769539833069,116.286125183105,56.4974594116211,-3.13402318954468,0.379996985197067,-2.50000047683716,0.0108167510479689,70
738534.46446801989804953337,55.9110145568848,-3.05131340026855,7.26972532272339,0.000149919185787439,-0.00265023834072053,42.471851348877,-71.300537109375,48.0040054321289,8.21037101745605,-3.23916983604431,1.69726955890656,116.227653503418,56.4641571044922,-3.15403127670288,0.351148843765259,-2.50000023841858,0.0108479950577021,70
738534.46447034378070384264,55.8713264465332,-3.04805898666382,7.29363965988159,0.000149919185787439,-0.00265023834072053,42.4718360900879,-71.3003997802734,47.337833404541,7.62248134613037,-3.20978546142578,1.57938516139984,116.157958984375,56.4277687072754,-3.17690181732178,0.296559989452362,-2.5,0.0108767859637737,70
738534.46447274705860763788,55.8368492126465,-3.04044055938721,7.3152379989624,0.000149919185787439,-0.00265023834072053,42.4718246459961,-71.3002624511719,46.6700477600098,7.02876996994019,-3.19552159309387,1.4617486000061,116.08869934082,56.3960189819336,-3.19651985168457,0.23407381772995,-2.49999952316284,0.0108703328296542,70
738534.46447477606125175953,55.8116798400879,-3.0315408706665,7.33162021636963,0.000149919185787439,-0.00265023834072053,42.4718132019043,-71.3001403808594,46.0978012084961,6.49430513381958,-3.18592810630798,1.36118721961975,116.030906677246,56.372745513916,-3.20967364311218,0.180813834071159,-2.49999976158142,0.0108317714184523,70
738534.46447716536931693554,55.7873649597168,-3.01789474487305,7.34804821014404,0.000149919185787439,-0.00265023834072053,42.4718017578125,-71.3000030517578,45.4290199279785,5.96246767044067,-3.16744232177734,1.24359428882599,115.966575622559,56.3500785827637,-3.22035694122314,0.120708763599396,-2.50000047683716,0.01073785033077,70
738534.46447926317341625690,55.7709503173828,-2.99987602233887,7.35967683792114,0.000149919185787439,-0.00265023834072053,42.4717903137207,-71.2998733520508,44.8483810424805,5.4563307762146,-3.14660739898682,1.1412171125412,115.914283752441,56.3343849182129,-3.22544002532959,0.0813924595713615,-2.5,0.010603598318994,70
738534.46448122966103255749,55.759090423584,-2.98161315917969,7.36845874786377,0.000149919185787439,-0.00265023834072053,42.4717788696289,-71.2997589111328,44.2935905456543,4.97320890426636,-3.1015899181366,1.04428791999817,115.868225097656,56.3228225708008,-3.22651124000549,0.049321785569191,-2.5,0.0104288244619966,70
738534.46448328020051121712,55.7506790161133,-2.94590044021606,7.37534046173096,0.000149919185787439,-0.00265023834072053,42.4717674255371,-71.2996444702148,43.7389183044434,4.47528696060181,-3.02216672897339,0.950622498989105,115.826309204102,56.3135185241699,-3.22372484207153,0.0190650168806314,-2.5,0.0102086467668414,70
738534.46448531025089323521,55.7466239929199,-2.90826916694641,7.3851752281189,0.000149919185787439,-0.00265023834072053,42.4717559814453,-71.2995223999023,43.1938934326172,4.01108694076538,-2.89913272857666,0.882553815841675,115.782730102539,56.3088340759277,-3.21624708175659,-0.161207959055901,-2.49999952316284,0.0099411578848958,70
738534.46448739280458539724,55.7455253601074,-2.83427453041077,7.39508390426636,0.000149919185787439,-0.00265023834072053,42.4717445373535,-71.2994003295898,42.6266746520996,3.52535772323608,-2.61443567276001,0.816017150878906,115.709213256836,56.3052749633789,-3.20250153541565,-0.329143792390823,-2.49999952316284,0.00960577744990587,70
738534.46448953659273684025,55.7439842224121,-2.71357917785645,7.40264415740967,0.000149919185787439,-0.00265023834072053,42.4717330932617,-71.2992782592773,42.086856842041,3.05120420455933,-2.10172009468079,0.752161860466003,115.594955444336,56.2987976074219,-3.18031048774719,-0.436812877655029,-2.49999952316284,0.00923232454806566,70
738534.46449191495776176453,55.7343063354492,-2.40940618515015,7.40880632400513,0.000149919185787439,-0.00265023834072053,42.4717178344727,-71.2991333007812,41.5113639831543,2.56659531593323,-1.01881289482117,0.701169490814209,115.406173706055,56.276180267334,-3.13608384132385,-0.476697385311127,-2.49999952316284,0.00875082146376371,70
738534.46449399960692971945,55.7093849182129,-1.90684676170349,7.41125583648682,0.000149919185787439,-0.00265023834072053,42.4717063903809,-71.2990112304688,41.0838432312012,2.23559975624084,0.0934551656246185,0.642708599567413,115.190162658691,56.2325401306152,-3.06426763534546,-0.456965774297714,-2.5,0.00827962718904018,70
738534.46449617843609303236,55.6669502258301,-1.35670685768127,7.40905380249023,0.000149919185787439,-0.00265023834072053,42.4716949462891,-71.2988891601562,40.7537727355957,1.96377980709076,0.293392270803452,0.565172374248505,114.926383972168,56.1742286682129,-2.93246626853943,-0.548025786876678,-1.24533343315125,0.00776250846683979,70
738534.46449830930214375257,55.6197128295898,-0.930810809135437,7.39917516708374,0.000149919185787439,-0.00265023834072053,42.4716835021973,-71.2987594604492,40.5049858093262,1.80268168449402,0.265561491250992,0.511552751064301,114.628120422363,56.1174354553223,-2.72910904884338,-0.56259548664093,-0.569272816181183,0.00719698425382376,70
738534.46450064622331410646,55.5613670349121,-0.59358286857605,7.382004737854,0.000149919185787439,-0.00265023834072053,42.4716682434082,-71.2986221313477,40.308765411377,1.66177248954773,0.70625376701355,0.48498198390007,114.297904968262,56.0527572631836,-2.45322322845459,-0.456711143255234,-0.246101945638657,0.00655499333515763,70
738534.46450300351716578007,55.477222442627,-0.13457989692688,7.35997295379639,0.000149919185787439,-0.00265023834072053,42.4716567993164,-71.2984848022461,40.1952667236328,1.65232419967651,1.38379383087158,0.47489732503891,113.969680786133,55.9634666442871,-2.139080286026,-0.298018515110016,-0.106237888336182,0.00587312877178192,70
738534.46450507594272494316,55.3780136108398,0.298822402954102,7.33692264556885,0.000149919185787439,-0.00265023834072053,42.4716453552246,-71.2983627319336,40.1776466369629,1.69044518470764,1.62477338314056,0.469042658805847,113.696784973145,55.8627243041992,-1.84009385108948,-0.204462662339211,-0.0513114407658577,0.00526272924616933,70
738534.46450715977698564529,55.2563400268555,0.639902830123901,7.31047058105469,0.000149919185787439,-0.00265023834072053,42.4716339111328,-71.2982406616211,40.2299499511719,1.76729989051819,1.52990007400513,0.584509015083313,113.428916931152,55.7415046691895,-1.50263154506683,-0.140023157000542,-0.0239176377654076,0.00460911076515913,70
738534.46450927038677036762,55.0849151611328,0.852952837944031,7.27958822250366,0.000149919185787439,-0.00265023834072053,42.471622467041,-71.2981185913086,40.331356048584,1.87314641475677,1.3474897146225,0.705472230911255,113.183982849121,55.570384979248,-1.15816819667816,-0.0139167681336403,-0.0112536596134305,0.00395909557119012,70
738534.46451143932063132524,54.8530654907227,0.973873794078827,7.24194955825806,0.000149919185787439,-0.00265023834072053,42.4716110229492,-71.2979965209961,40.4634017944336,1.99391853809357,1.18104290962219,0.744037806987762,112.948112487793,55.3376274108887,-0.817498564720154,0.165987089276314,-0.00525046139955521,0.00330782262608409,70
738534.46451348811388015747,54.5473556518555,0.992253005504608,7.19299697875977,0.000149919185787439,-0.00265023834072053,42.4715995788574,-71.2978744506836,40.6057968139648,2.15776824951172,0.983031511306763,0.652377426624298,112.711845397949,55.0285186767578,-0.50629049539566,0.353616952896118,-0.00247386237606406,0.00267226714640856,70
738534.46451564249582588673,54.2055206298828,0.93359375,7.13952779769897,0.000149919185787439,-0.00265023834072053,42.4715881347656,-71.2977600097656,40.7443885803223,2.28551149368286,0.626944184303284,0.56886875629425,112.453369140625,54.6816520690918,-0.234040036797523,0.453003257513046,-0.00116212561260909,0.00203759502619505,70
738534.46451771340798586607,53.8605804443359,0.747435092926025,7.08470439910889,0.000149919185787439,-0.00265023834072053,42.4715766906738,-71.2976379394531,40.861572265625,2.39515829086304,0.0458794347941875,0.489423483610153,112.155494689941,54.3296775817871,-0.0116663770750165,0.480244129896164,-0.000541421119123697,0.00140609836671501,70
738534.46452007768675684929,53.4854850769043,0.40420201420784,7.02341270446777,0.000149919185787439,-0.00265023834072053,42.4715614318848,-71.2975006103516,40.9373435974121,2.47889471054077,-0.420957654714584,0.406756699085236,111.774169921875,53.9461631774902,0.158130586147308,0.511818945407867,-0.000232212973060086,0.000725147721823305,70
738534.46452239283826202154,53.1205940246582,0.11388935893774,6.96403980255127,0.000149919185787439,-0.00265023834072053,42.471549987793,-71.2973709106445,40.9457626342773,2.49245834350586,-0.527190864086151,0.300235420465469,111.343124389648,53.5752601623535,0.235458374023438,0.544012010097504,-0.000100536497484427,7.17467482900247e-05,70
738534.46452473476529121399,52.7710762023926,-0.178266808390617,6.90715646743774,0.000149919185787439,-0.00265023834072053,42.4715385437012,-71.2972412109375,40.8972282409668,2.43618416786194,-0.823192417621613,0.198199614882469,110.865707397461,53.2214889526367,0.230905920267105,0.490041136741638,-4.39262330473866e-05,-0.000545338960364461,70
738534.46452707448042929173,52.4307632446289,-0.524928510189056,6.85104656219482,0.000149919185787439,-0.00265023834072053,42.4715270996094,-71.2971115112305,40.7844886779785,2.31873989105225,-1.31221210956573,0.0850143134593964,110.331527709961,52.8790817260742,0.15674464404583,0.380346179008484,-1.8961834939546e-05,-0.00114037201274186,70
738534.46452943945769220591,52.1029624938965,-0.928671658039093,6.79599666595459,0.000149919185787439,-0.00265023834072053,42.4715156555176,-71.2969818115234,40.5921249389648,2.13436317443848,-1.63516318798065,-0.00526074739173055,109.745071411133,52.5525169372559,0.0188020206987858,0.266081303358078,-8.12464168120641e-06,-0.00170879857614636,70
738534.46453169640153646469,51.7988586425781,-1.30420327186584,6.74561166763306,0.000149919185787439,-0.00265023834072053,42.4715003967285,-71.2968521118164,40.3271179199219,1.87285304069519,-1.77559983730316,0.00725218048319221,109.129852294922,52.2525215148926,-0.171344235539436,0.140542820096016,-3.54979351868678e-06,-0.00222473638132215,70
738534.46453399606980383396,51.5149955749512,-1.64445316791534,6.70145034790039,0.000149919185787439,-0.00265023834072053,42.4714889526367,-71.2967300415039,39.9950752258301,1.54102313518524,-1.19737267494202,0.105883851647377,108.491668701172,51.9750747680664,-0.400618135929108,0.062443945556879,-1.58571049269085e-06,-0.00269917515106499,70
738534.46453635895159095526,51.2295532226562,-1.63061511516571,6.66198587417603,0.000149919185787439,-0.00265023834072053,42.4714775085449,-71.2966079711914,39.6212501525879,1.16628646850586,-0.381765812635422,0.15954814851284,107.79126739502,51.6866340637207,-0.663800179958344,-0.0151787707582116,-6.91776222083718e-07,-0.0031498740427196,70
738534.46453862951602786779,50.9558296203613,-1.65530943870544,6.62830209732056,0.000149919185787439,-0.00265023834072053,42.4714660644531,-71.2964859008789,39.2649307250977,0.812783062458038,-0.837184906005859,0.201533749699593,107.052627563477,51.4117774963379,-0.907420575618744,-0.270238995552063,-3.04795094052679e-07,-0.00355793768540025,70
738534.46454089670442044735,50.6895332336426,-1.76507985591888,6.59312677383423,0.000149919185787439,-0.00265023834072053,42.4714546203613,-71.2963638305664,38.8843154907227,0.433085083961487,-0.629476308822632,0.322540730237961,106.273025512695,51.1469802856445,-1.12099933624268,-0.524437129497528,-1.34315868649537e-07,-0.00394016271457076,70
738534.46454287541564553976,50.4700317382812,-1.72089791297913,6.56657361984253,0.000149919185787439,-0.00265023834072053,42.4714469909668,-71.296257019043,38.5571594238281,0.102367058396339,-0.221691057085991,0.363878428936005,105.576324462891,50.9245071411133,-1.28146982192993,-0.67227429151535,-6.67794992637027e-08,-0.00425531156361103,70
738534.46454518428072333336,50.0222587585449,0.583419620990753,6.58668756484985,0.000149919185787439,-0.00265023834072053,42.471435546875,-71.2961349487305,38.4532051086426,-0.00340069783851504,1.89888322353363,0.210098415613174,104.704727172852,50.4574203491211,-1.37896835803986,-0.591101884841919,-2.91049797596088e-08,-0.00461224559694529,70
738534.46454754064325243235,49.6568984985352,1.02100694179535,6.54036331176758,0.000149919185787439,-0.00265023834072053,42.4714241027832,-71.296012878418,38.5991401672363,0.118335343897343,2.52333331108093,0.491006255149841,103.811004638672,50.0961723327637,-1.23511707782745,-0.36459419131279,-1.27972121788389e-08,-0.00496537704020739,70
738534.46454958035610616207,49.3365135192871,0.942086458206177,6.49367189407349,0.000149919185787439,-0.00265023834072053,42.4714126586914,-71.2958984375,38.7508277893066,0.278788149356842,1.90046525001526,0.802655875682831,102.98779296875,49.7709426879883,-0.962082386016846,-0.247507199645042,-5.87953863373514e-09,-0.00532058672979474,70
738534.46455188782420009375,49.0088768005371,0.70669960975647,6.44953632354736,0.000149919185787439,-0.00265023834072053,42.4714012145996,-71.295783996582,38.8788528442383,0.413486063480377,1.23720061779022,0.848128736019135,102.169158935547,49.4364852905273,-0.644853949546814,-0.112351655960083,-2.56446930357868e-09,-0.00572360120713711,70
738534.46455419575795531273,48.6971092224121,0.366776078939438,6.40830707550049,0.000149919185787439,-0.00265023834072053,42.4713897705078,-71.2956619262695,38.9484214782715,0.489518165588379,0.571783125400543,0.837225198745728,101.41788482666,49.1183204650879,-0.376486629247665,-0.0357589200139046,-1.11740539043836e-09,-0.00615298561751842,70
738534.46455619076732546091,48.4456787109375,0.0156420655548573,6.37437057495117,0.000149919185787439,-0.00265023834072053,42.4713821411133,-71.2955627441406,38.9480400085449,0.497593939304352,-0.00615704152733088,0.832938373088837,100.82666015625,48.8632431030273,-0.218755945563316,0.00792969856411219,-5.52225654093519e-10,-0.00653937645256519,70
738534.46455853071529418230,48.1632041931152,-0.441374897956848,6.33724498748779,0.000149919185787439,-0.00265023834072053,42.4713706970215,-71.2954406738281,38.8644638061523,0.400149047374725,-0.607901513576508,0.710649311542511,100.161865234375,48.5803451538086,-0.130589932203293,-0.0227165333926678,-2.38340291947026e-10,-0.00702387047931552,70
738534.46456055424641817808,47.9355430603027,-0.845779895782471,6.30735111236572,0.000149919185787439,-0.00265023834072053,42.4713592529297,-71.2953414916992,38.7170829772949,0.23875018954277,-1.11865949630737,0.621140599250793,99.6059494018555,48.3561210632324,-0.142820909619331,-0.116532251238823,-1.15410195289378e-10,-0.00745427096262574,70
738534.46456262341234833002,47.6947250366211,-0.742143511772156,6.27817249298096,0.000149919185787439,-0.00265023834072053,42.4713516235352,-71.2952423095703,38.5276832580566,0.0614983513951302,-1.13669288158417,0.63211852312088,99.0639572143555,48.1118812561035,-0.225363984704018,-0.238471537828445,-5.68462603378617e-11,-0.00788115616887808,70
738534.46456464647781103849,47.3702850341797,0.302383899688721,6.24730730056763,0.000149919185787439,-0.00265023834072053,42.4713401794434,-71.2951354980469,38.4831161499023,0.0283205658197403,0.32493469119072,0.574538350105286,98.4790496826172,47.781421661377,-0.315021634101868,-0.0379863455891609,-2.70251095807472e-11,-0.00834284722805023,70
738534.46456665860023349524,47.1059799194336,0.311502814292908,6.21578311920166,0.000149919185787439,-0.00265023834072053,42.4713325500488,-71.295036315918,38.5140151977539,0.0694210827350616,0.710647583007812,0.560997307300568,97.8887634277344,47.5153274536133,-0.323897421360016,0.0662607252597809,-1.30062297737377e-11,-0.00880993343889713,70
738534.46456918842159211636,46.8184242248535,0.139048859477043,6.18146133422852,0.000149919185787439,-0.00265023834072053,42.471321105957,-71.2949142456055,38.5195808410645,0.0712459236383438,0.28659063577652,0.718373358249664,97.1993103027344,47.2249374389648,-0.280410408973694,0.0395785570144653,-5.48579367695701e-12,-0.00937472749501467,70
738534.46457160939462482929,46.5025100708008,0.177210658788681,6.14661312103271,0.000149919185787439,-0.00265023834072053,42.471305847168,-71.294792175293,38.5113754272461,0.054006353020668,0.189107432961464,0.483051121234894,96.4741973876953,46.9073104858398,-0.227182775735855,0.0358461067080498,-2.1486337015153e-12,-0.0100107090547681,70
738534.46457400522194802761,46.216911315918,0.190104901790619,6.10776519775391,0.000149919185787439,-0.00265023834072053,42.4712982177734,-71.2946701049805,38.5184288024902,0.0644069463014603,0.181236520409584,0.307606786489487,95.8258285522461,46.6191368103027,-0.17848601937294,0.0493610054254532,-9.06086620663937e-13,-0.0106157995760441,70
738534.46457602805458009243,45.9831886291504,0.173606649041176,6.07104921340942,0.000149919185787439,-0.00265023834072053,42.4712867736816,-71.2945709228516,38.5190505981445,0.0566700622439384,0.118198990821838,0.220145031809807,95.2961196899414,46.3825531005859,-0.140570268034935,0.0277307666838169,-4.37964741513072e-13,-0.0111459093168378,70
738534.46457837044727057219,45.7150421142578,0.151427984237671,6.02748680114746,0.000149919185787439,-0.00265023834072053,42.4712753295898,-71.2944564819336,38.5206069946289,0.0644229426980019,0.105389595031738,0.118774265050888,94.6961822509766,46.1109352111816,-0.103807598352432,0.0210270993411541,-1.87632475203738e-13,-0.0117750642821193,70
738534.46458040527068078518,45.4877395629883,0.185450360178947,5.98985528945923,0.000149919185787439,-0.00265023834072053,42.4712677001953,-71.2943649291992,38.5220947265625,0.0627421140670776,0.135100394487381,0.0561599656939507,94.2010345458984,45.8807945251465,-0.0794359222054482,-0.00172299146652222,-9.13602283018553e-14,-0.0123151410371065,70
738534.46458243345841765404,45.2645645141602,0.182189449667931,5.95086765289307,0.010039322078228,-0.00265023834072053,42.4712562561035,-71.2942657470703,38.5244903564453,0.0586226359009743,0.143468111753464,0.0154524212703109,93.7136535644531,45.6544303894043,-0.0589787699282169,-0.0223227366805077,-4.42276796512164e-14,-0.0128614157438278,70
738534.46458484488539397717,45.0110778808594,0.147508010268211,5.91179370880127,0.0306905172765255,-0.00265023834072053,42.471248626709,-71.2941513061523,38.5246772766113,0.0608080849051476,0.208978697657585,-0.0871820673346519,93.1525192260742,45.3978881835938,-0.0402236059308052,0.00890575349330902,-1.87896573300428e-14,-0.0135132931172848,70
738534.46458718494977802038,44.7606620788574,0.154656916856766,5.87126493453979,0.0306905172765255,-0.00265023834072053,42.4712371826172,-71.2940368652344,38.5201263427734,0.0559847578406334,0.272016435861588,-0.135690793395042,92.6112213134766,45.1443519592285,-0.0292263366281986,-0.0214175637811422,-0.453127354383469,-0.0141400843858719,70
738534.46458952443208545446,44.5198173522949,0.176895126700401,5.83156251907349,0.0306905172765255,-0.00265023834072053,42.4712257385254,-71.2939300537109,38.5202484130859,0.0512435622513294,0.342349797487259,-0.166476041078568,92.0985488891602,44.9004745483398,-0.0224580653011799,-0.0588951632380486,-1.60162472724915,-0.0147415865212679,70
738534.46459186996798962355,44.2761154174805,0.14786197245121,5.79078483581543,0.0306905172765255,-0.00265023834072053,42.4712181091309,-71.2938232421875,38.5233268737793,0.065048985183239,0.366292715072632,-0.206156879663467,91.5770263671875,44.6534385681152,-0.0151749420911074,-0.0979680791497231,-2.11819291114807,-0.0153528479859233,70
738534.46459389117080718279,44.0798721313477,0.0777757540345192,5.75497102737427,0.0306905172765255,-0.00265023834072053,42.4712066650391,-71.2937240600586,38.5125465393066,0.0650148689746857,0.300492525100708,-0.214411869645119,91.1514892578125,44.4540328979492,-0.0128593035042286,-0.136762544512749,-2.31300640106201,-0.0158480126410723,70
738534.46459632099140435457,43.8318481445312,0.223248273134232,5.71232843399048,0.0306905172765255,-0.00265023834072053,42.4711952209473,-71.2936172485352,38.5068359375,0.0409593656659126,0.437436282634735,-0.1942999958992,90.6469116210938,44.2030715942383,-0.0171985048800707,-0.184662833809853,-2.42120361328125,-0.0164203234016895,70
738534.46459837839938700199,43.627010345459,0.165373384952545,5.67416858673096,0.0306905172765255,-0.00265023834072053,42.4711875915527,-71.2935180664062,38.51611328125,0.065092496573925,0.442136824131012,-0.192971438169479,90.209342956543,43.9947662353516,-0.0137274907901883,-0.18662329018116,-2.4630913734436,-0.0168949943035841,70
738534.46460072055924683809,43.4036903381348,0.131428807973862,5.63274621963501,0.0306905172765255,-0.00265023834072053,42.4711799621582,-71.2934112548828,38.5080986022949,0.0490616448223591,0.35850578546524,-0.23205155134201,89.7378234863281,43.7678604125977,-0.0108245145529509,-0.214738816022873,-2.48394727706909,-0.0173788797110319,70
738534.46460310812108218670,43.1704025268555,0.16978345811367,5.58802509307861,0.0306905172765255,-0.00265023834072053,42.4711685180664,-71.2933044433594,38.5127906799316,0.0614832825958729,0.439871668815613,-0.269667357206345,89.2560424804688,43.530891418457,-0.00943038146942854,-0.217808693647385,-2.49323177337646,-0.0178403686732054,70
738534.46460515097714960575,42.9860725402832,0.0921803191304207,5.54875135421753,0.0306905172765255,-0.00265023834072053,42.4711608886719,-71.293212890625,38.5014572143555,0.0463377572596073,0.319448679685593,-0.252679526805878,88.8613204956055,43.3428153991699,-0.00896354485303164,-0.237656906247139,-2.4967041015625,-0.0181929506361485,70
738534.46460717194713652134,42.7856254577637,0.24164691567421,5.50911235809326,0.0306905172765255,-0.00265023834072053,42.4711494445801,-71.2931213378906,38.5066680908203,0.0384954437613487,0.49847885966301,-0.220666497945786,88.4643707275391,43.1395225524902,-0.0111307296901941,-0.246193617582321,-2.49841547012329,-0.0185222234576941,70
738534.46460947382729500532,42.5734100341797,0.180477365851402,5.47416257858276,0.0306905172765255,-0.00265023834072053,42.4711418151855,-71.2930145263672,38.516674041748,0.0464601889252663,0.459395676851273,0.226946070790291,88.0216445922852,42.9242858886719,-0.00487442826852202,-0.293685138225555,-2.49930310249329,-0.0188552662730217,70
738534.46461154997814446688,42.3800773620605,0.162805303931236,5.4512243270874,0.0306905172765255,-0.00265023834072053,42.471134185791,-71.2929229736328,38.5190544128418,0.0461911857128143,0.441997110843658,0.671043217182159,87.6258087158203,42.7295341491699,0.000908507208805531,-0.275867998600006,-2.49966835975647,-0.0191195327788591,70
738534.46461389528121799231,42.1591110229492,0.17364701628685,5.42644262313843,0.0306905172765255,-0.00265023834072053,42.4711227416992,-71.2928161621094,38.525260925293,0.0551789440214634,0.459423214197159,0.872212111949921,87.1800079345703,42.5072593688965,0.00605325074866414,-0.192920058965683,-2.4998574256897,-0.0193653926253319,70
738534.46461618819739669561,41.9549446105957,0.0665073618292809,5.39889144897461,0.0306905172765255,-0.00265023834072053,42.4711151123047,-71.2927169799805,38.5170402526855,0.0642413124442101,0.351010352373123,0.621188282966614,86.7532958984375,42.3009452819824,0.00786004960536957,-0.121827714145184,-2.4999372959137,-0.0195731464773417,70
738534.46461853594519197941,41.747917175293,0.063687726855278,5.3659782409668,0.0306905172765255,-0.00265023834072053,42.4711036682129,-71.2926177978516,38.4956207275391,0.0532707795500755,0.327525407075882,0.471239924430847,86.3317184448242,42.0914039611816,-0.00169773143716156,-0.113031804561615,-2.49997282028198,-0.0197440553456545,70
738534.46462050382979214191,41.5595779418945,0.212151542305946,5.33452653884888,0.0306905172765255,-0.00265023834072053,42.4710960388184,-71.2925262451172,38.4925117492676,0.0319060087203979,0.473314374685287,0.53542286157608,85.9682846069336,41.9010810852051,-0.0126074552536011,-0.117564052343369,-2.49998641014099,-0.0198656804859638,70
738534.46462281094864010811,41.3529281616211,0.215928107500076,5.30299139022827,0.0306905172765255,-0.00265023834072053,42.4710884094238,-71.2924270629883,38.5097312927246,0.0469770878553391,0.542478859424591,0.687445640563965,85.5536804199219,41.6921234130859,-0.011541374027729,-0.102792710065842,-2.49999356269836,-0.0199860129505396,70
738534.46462527289986610413,41.132511138916,0.113059051334858,5.27303695678711,0.0306905172765255,-0.00265023834072053,42.471076965332,-71.2923126220703,38.508415222168,0.0501015335321426,0.396864771842957,0.842578232288361,85.0966186523438,41.4692802429199,-0.00422757305204868,-0.103011824190617,-2.49999761581421,-0.0200742390006781,70
738534.46462754928506910801,40.928394317627,0.201290979981422,5.24362850189209,0.0306905172765255,-0.00265023834072053,42.4710693359375,-71.2922210693359,38.5082855224609,0.0333451293408871,0.471328377723694,0.849993526935577,84.6984634399414,41.2634162902832,-0.00322693143971264,-0.0805949866771698,-2.49999904632568,-0.0201268568634987,70
738534.46462956443428993225,40.754093170166,0.148104950785637,5.22051811218262,0.0306905172765255,-0.00265023834072053,42.471061706543,-71.2921295166016,38.5143585205078,0.0511813387274742,0.47678479552269,0.91865086555481,84.3432998657227,41.0873680114746,0.000517106964252889,-0.0609184056520462,-2.49999976158142,-0.0201642028987408,70
738534.46463185618631541729,40.5547943115234,0.115630336105824,5.19612884521484,0.0306905172765255,-0.00265023834072053,42.4710502624512,-71.2920303344727,38.5083160400391,0.0465333797037601,0.418268769979477,1.05376267433167,83.9417419433594,40.8864822387695,0.00196782150305808,-0.0643856525421143,-2.50000023841858,-0.0201874636113644,70
738534.46463399834465235472,40.3638954162598,0.090165488421917,5.18035268783569,0.0306905172765255,-0.00265023834072053,42.4710426330566,-71.2919387817383,38.4990386962891,0.0457824468612671,0.415557026863098,1.37239229679108,83.5606536865234,40.6950645446777,-0.00170482904650271,-0.0699975937604904,-2.50000023841858,-0.0201785210520029,70
738534.46463604329619556665,40.1819763183594,0.134220167994499,5.17475271224976,0.0306905172765255,-0.00265023834072053,42.4710350036621,-71.2918548583984,38.4914398193359,0.0388164259493351,0.455941021442413,1.95232617855072,83.2125396728516,40.5140380859375,-0.00807342398911715,-0.0452317930757999,-2.50000071525574,-0.0201577506959438,70
738534.46463807427790015936,39.9990272521973,0.198341652750969,5.17090463638306,0.0306905172765255,-0.00265023834072053,42.4710273742676,-71.2917709350586,38.4951553344727,0.0320885144174099,0.537668883800507,2.3524866104126,82.865119934082,40.3323669433594,-0.01147077139467,0.0465554147958755,-2.50000095367432,-0.0201365612447262,70
738534.46464042505249381065,39.7935066223145,0.190294831991196,5.15728425979614,0.0306905172765255,-0.00265023834072053,42.4710159301758,-71.2916717529297,38.5086097717285,0.0433272868394852,0.558664739131927,1.91440308094025,82.4602737426758,40.1267623901367,-0.00623135641217232,0.213001295924187,-2.50000047683716,-0.0201410781592131,70
738534.46464272239245474339,39.6048927307129,0.0553650707006454,5.1411280632019,0.0306905172765255,-0.00265023834072053,42.4710083007812,-71.2915725708008,38.504077911377,0.0588020980358124,0.411095947027206,1.37995076179504,82.0698394775391,39.9372215270996,2.43228514591465e-05,0.29086497426033,-2.49999976158142,-0.0201618373394012,70
738534.46464507933706045151,39.4072418212891,0.105786427855492,5.11255931854248,0.0306905172765255,-0.00265023834072053,42.4710006713867,-71.2914733886719,38.4862785339355,0.0389882065355778,0.416074454784393,0.971831262111664,81.6786499023438,39.7376403808594,-0.00585091300308704,0.314259320497513,-2.49999976158142,-0.0202168356627226,70
738534.46464702452067285776,39.2390251159668,0.188480913639069,5.08362483978271,0.0306905172765255,-0.00265023834072053,42.4709930419922,-71.2913970947266,38.4887771606445,0.0359671860933304,0.527999639511108,0.711235344409943,81.3515243530273,39.5674095153809,-0.0110885975882411,0.333639711141586,-2.49999952316284,-0.0202875453978777,70
738534.46464935236144810915,39.0503768920898,0.143385380506516,5.05304622650146,0.0306905172765255,-0.00265023834072053,42.4709815979004,-71.2912979125977,38.4937438964844,0.0439521819353104,0.487914949655533,0.467760503292084,80.9695205688477,39.3762092590332,-0.00958433840423822,0.302605897188187,-2.49999976158142,-0.0203846581280231,70
738534.46465168532449752092,38.8587112426758,0.159242764115334,5.02202606201172,0.0306905172765255,-0.00265023834072053,42.4709739685059,-71.2911987304688,38.4938049316406,0.0380599908530712,0.469423830509186,0.267008870840073,80.588737487793,39.1822090148926,-0.00724567146971822,0.217684522271156,-2.50000023841858,-0.0204903781414032,70
738534.46465399302542209625,38.6720733642578,0.161904901266098,4.99087285995483,0.0306905172765255,-0.00265023834072053,42.4709663391113,-71.2911071777344,38.4976081848145,0.0358818545937538,0.481363534927368,0.11562117934227,80.2168731689453,38.9931335449219,-0.00402481341734529,0.146946996450424,-2.5,-0.0206055790185928,70
738534.46465598884969949722,38.5125579833984,0.134012550115585,4.96317100524902,0.0306905172765255,-0.00265023834072053,42.4709587097168,-71.2910308837891,38.4987144470215,0.0418105907738209,0.452878534793854,0.0324640497565269,79.8948822021484,38.8312797546387,-0.000833584053907543,0.087389849126339,-2.49999976158142,-0.0207030288875103,70
738534.46465811354573816061,38.3460502624512,0.105840303003788,4.93400430679321,0.0306905172765255,-0.00265023834072053,42.4709510803223,-71.2909393310547,38.4958000183105,0.0480056889355183,0.427215605974197,-0.0483030267059803,79.5585708618164,38.6623229980469,0.000400587392505258,0.032890722155571,-2.49999952316284,-0.020804800093174,70
738534.46466042334213852882,38.1670532226562,0.144420549273491,4.90252876281738,0.0306905172765255,-0.00265023834072053,42.4709396362305,-71.2908554077148,38.4908485412598,0.036621056497097,0.448863565921783,-0.0899561047554016,79.2051544189453,38.480899810791,-0.00200037122704089,-0.0278837736696005,-2.49999952316284,-0.0209107678383589,70
738534.46466256026178598404,37.9924545288086,0.147191524505615,4.87148141860962,0.0306905172765255,-0.00265023834072053,42.4709320068359,-71.2907638549805,38.4936714172363,0.0355882570147514,0.491963237524033,-0.144942685961723,78.8576278686523,38.3037796020508,-0.00287275831215084,-0.0528232529759407,-2.49999952316284,-0.0210088416934013,70
738534.46466481324750930071,37.8188362121582,0.0927758440375328,4.83898115158081,0.0306905172765255,-0.00265023834072053,42.4709243774414,-71.2906723022461,38.4898414611816,0.0485293753445148,0.433932423591614,-0.1783676892519,78.5038146972656,38.127269744873,-0.00281904102303088,-0.0865861028432846,-2.49999952316284,-0.0210980866104364,70
738534.46466702257748693228,37.6378059387207,0.13593764603138,4.80672979354858,0.0306905172765255,-0.00265023834072053,42.4709167480469,-71.2905807495117,38.4815979003906,0.0296106990426779,0.449066251516342,-0.147963836789131,78.1475830078125,37.9437408447266,-0.00696826074272394,-0.130078583955765,-2.49999952316284,-0.0211573727428913,70
738534.46466939314268529415,37.4483299255371,0.194954976439476,4.78090333938599,0.0306905172765255,-0.00265023834072053,42.4709091186523,-71.2904891967773,38.4886627197266,0.0308422148227692,0.548020541667938,0.167931124567986,77.7813873291016,37.7527809143066,-0.00808589439839125,-0.156362563371658,-2.5,-0.0211920440196991,70
738534.46467141574248671532,37.2889366149902,0.207678347826004,4.75404691696167,0.0306905172765255,-0.00265023834072053,42.4709014892578,-71.290412902832,38.5019264221191,0.0336872227489948,0.571056246757507,0.142297953367233,77.4675445556641,37.5913391113281,-0.00218420173041523,-0.117087364196777,-2.5,-0.0211865734308958,70
738534.46467342122923582792,37.1399726867676,0.10774177312851,4.72630214691162,0.0306905172765255,-0.00265023834072053,42.4708938598633,-71.2903289794922,38.5055541992188,0.0458401925861835,0.464253544807434,0.0380232147872448,77.159065246582,37.4396438598633,0.00599080557003617,-0.104362614452839,-2.49999928474426,-0.0211667194962502,70
738534.46467559633310884237,36.9832382202148,0.105316109955311,4.69708681106567,0.0306905172765255,-0.00265023834072053,42.4708862304688,-71.2902526855469,38.4964637756348,0.0326265543699265,0.400392562150955,0.0192087776958942,76.8455810546875,37.2804718017578,0.00715869106352329,-0.125812560319901,-2.49999976158142,-0.0211172793060541,70
738534.46467789192683994770,36.7856521606445,0.182345330715179,4.66794204711914,0.0306905172765255,-0.00265023834072053,42.4708786010742,-71.290153503418,38.5006256103516,0.0292149931192398,0.508265376091003,0.279785096645355,76.462890625,37.0810890197754,0.00487779267132282,-0.143651396036148,-2.49999976158142,-0.021019333973527,70
738534.46468026761431246996,36.6056632995605,0.169797673821449,4.64704990386963,0.0306905172765255,-0.00265023834072053,42.4708709716797,-71.2900619506836,38.5115089416504,0.0370410941541195,0.53023761510849,0.613525450229645,76.107666015625,36.899845123291,0.00863547436892986,-0.132170423865318,-2.5,-0.0208961125463247,70
738534.46468264155555516481,36.4337577819824,0.0272905826568604,4.6277379989624,0.0306905172765255,-0.00265023834072053,42.4708595275879,-71.2899703979492,38.502368927002,0.0461996868252754,0.372743427753448,0.810709416866302,75.7516784667969,36.7264938354492,0.0108670135959983,-0.0902369245886803,-2.5,-0.0207321625202894,70
738534.46468469314277172089,36.2759971618652,0.0674798116087914,4.60872745513916,0.0306905172765255,-0.00265023834072053,42.4708518981934,-71.2898941040039,38.4857978820801,0.0364052020013332,0.383310347795486,0.829560697078705,75.4447479248047,36.5676460266113,0.00218370463699102,-0.055501252412796,-2.5,-0.0205671414732933,70
738534.46468674123752862215,36.1214904785156,0.105242878198624,4.5901026725769,0.0306905172765255,-0.00265023834072053,42.4708480834961,-71.2898178100586,38.4765548706055,0.0255868099629879,0.458936721086502,0.809822261333466,75.145393371582,36.4121170043945,-0.00857399497181177,-0.0195056386291981,-2.49999952316284,-0.0203904844820499,70
738534.46468915324658155441,35.9395370483398,0.200086936354637,4.56175994873047,0.0306905172765255,-0.00265023834072053,42.4708366394043,-71.2897262573242,38.4860191345215,0.0270934570580721,0.61952269077301,0.659008622169495,74.7974472045898,36.228443145752,-0.0137004321441054,0.036931999027729,-2.49999952316284,-0.0201564133167267,70
738534.46469117107335478067,35.790111541748,0.14224711060524,4.53619241714478,0.0306905172765255,-0.00265023834072053,42.470832824707,-71.2896499633789,38.4930076599121,0.0337421745061874,0.546205580234528,0.427554726600647,74.4940414428711,36.076717376709,-0.00898645166307688,0.0583918169140816,-2.50000047683716,-0.019941346719861,70
738534.46469324338249862194,35.640682220459,0.1100784689188,4.50823783874512,0.0306905172765255,-0.00265023834072053,42.4708251953125,-71.2895660400391,38.4911155700684,0.0356092043220997,0.476753532886505,0.295032829046249,74.1919174194336,35.9248466491699,-0.0048563708551228,0.0608348585665226,-2.50000023841858,-0.0197164826095104,70
738534.46469563012942671776,35.4687690734863,0.0746326819062233,4.47591161727905,0.0306905172765255,-0.00265023834072053,42.470817565918,-71.2894821166992,38.4837799072266,0.0408574752509594,0.445384174585342,0.161088898777962,73.8447341918945,35.7501449584961,-0.00465649925172329,0.0584434978663921,-2.50000047683716,-0.0194411911070347,70
738534.46469767973758280277,35.3160552978516,0.163240760564804,4.4487452507019,0.0306905172765255,-0.00265023834072053,42.4708099365234,-71.2894058227539,38.4803657531738,0.0191415622830391,0.525145411491394,0.0734960213303566,73.5513000488281,35.595531463623,-0.00803731475025415,0.0283985510468483,-2.50000047683716,-0.0191759560257196,70
738534.46469977078959345818,35.1611328125,0.178148105740547,4.42748117446899,0.0306905172765255,-0.00265023834072053,42.4708023071289,-71.2893295288086,38.4922256469727,0.0358472727239132,0.604402661323547,0.212347775697708,73.2473526000977,35.4392395019531,-0.00579411722719669,-0.0335749536752701,-2.5,-0.0188788566738367,70
738534.46470185404177755117,35.0161972045898,0.0597203932702541,4.41606616973877,0.0306905172765255,-0.00265023834072053,42.4707946777344,-71.2892532348633,38.4878578186035,0.0435673780739307,0.43901002407074,0.659503936767578,72.9500274658203,35.2936134338379,-0.00141235068440437,-0.0627802237868309,-2.5,-0.0185686517506838,70
738534.46470404812134802341,34.857105255127,0.108837746083736,4.40653562545776,0.0306905172765255,-0.00265023834072053,42.4707870483398,-71.2891693115234,38.4778747558594,0.027615062892437,0.46598345041275,1.00635540485382,72.6468276977539,35.1347007751465,-0.00449987454339862,-0.0170551855117083,-2.50000047683716,-0.0182243026793003,70
738534.46470617398153990507,34.6986236572266,0.130113244056702,4.39366769790649,0.0306905172765255,-0.00265023834072053,42.4707794189453,-71.2890930175781,38.4770698547363,0.0280922241508961,0.553100228309631,1.10490894317627,72.3400344848633,34.9759330749512,-0.00790159497410059,0.152047589421272,-2.50000047683716,-0.017858199775219,70
738534.46470827015582472086,34.5446395874023,0.182331293821335,4.37382459640503,0.0306905172765255,-0.00265023834072053,42.470775604248,-71.2890167236328,38.4818534851074,0.0153355812653899,0.597840189933777,0.796197354793549,72.0441131591797,34.8209075927734,-0.00785747915506363,0.259288132190704,-2.5,-0.0174997448921204,70
738534.46471042197663336992,34.3915977478027,0.170699670910835,4.35488986968994,0.0306905172765255,-0.00265023834072053,42.4707679748535,-71.2889404296875,38.4952697753906,0.0326566360890865,0.626596331596375,0.557746350765228,71.7411880493164,34.6666450500488,-0.00151708081830293,0.310335785150528,-2.5,-0.0171285532414913,70
738534.46471260429825633764,34.2455978393555,0.0515901371836662,4.33815860748291,0.0306905172765255,-0.00265023834072053,42.470760345459,-71.2888565063477,38.4898338317871,0.0377294085919857,0.454724252223969,0.398362278938293,71.4383773803711,34.5193176269531,0.00440121162682772,0.286255776882172,-2.49999952316284,-0.0167520418763161,70
738534.46471475518774241209,34.0913619995117,0.118949994444847,4.32532167434692,0.0306905172765255,-0.00265023834072053,42.4707527160645,-71.2887802124023,38.4818725585938,0.0242672972381115,0.498447179794312,0.28902792930603,71.1435775756836,34.3648567199707,0.00146040960680693,0.227523013949394,-2.49999952316284,-0.0163812022656202,70
738534.46471692563500255346,33.9326057434082,0.160679057240486,4.3152642250061,0.0306905172765255,-0.00265023834072053,42.4707450866699,-71.288703918457,38.4836654663086,0.017167380079627,0.56716114282608,0.260535389184952,70.8387069702148,34.2062721252441,-0.00135584571398795,0.237722426652908,-2.49999976158142,-0.0160034373402596,70
738534.46471911645494401455,33.7801094055176,0.171801716089249,4.30693483352661,0.0306905172765255,-0.00265023834072053,42.4707374572754,-71.2886276245117,38.494686126709,0.0254566315561533,0.609859883785248,0.273542851209641,70.5436172485352,34.0540008544922,0.00136828701943159,0.279073655605316,-2.50000023841858,-0.015643959864974,70
738534.46472130878828465939,33.6291999816895,0.10839918255806,4.3001070022583,0.0306905172765255,-0.00265023834072053,42.4707298278809,-71.2885513305664,38.4962882995605,0.0301268622279167,0.514402866363525,0.290708899497986,70.2424087524414,33.9031829833984,0.00643125316128135,0.302261561155319,-2.50000023841858,-0.0152854155749083,70
738534.46472354722209274769,33.4749717712402,0.100361913442612,4.2962965965271,0.0306905172765255,-0.00265023834072053,42.4707260131836,-71.2884674072266,38.4914741516113,0.027090871706605,0.494451880455017,0.251288652420044,69.9422912597656,33.7496948242188,0.00667204475030303,0.31594854593277,-2.50000023841858,-0.0149510502815247,70
738534.46472573978826403618,33.3171806335449,0.130218014121056,4.29314088821411,0.0306905172765255,-0.00265023834072053,42.4707183837891,-71.2883911132812,38.4901390075684,0.0202297698706388,0.548522591590881,0.116984002292156,69.6403961181641,33.5928955078125,0.00411900924518704,0.295951545238495,-2.49999976158142,-0.0146445333957672,70
738534.46472785866353660822,33.1699066162109,0.12738248705864,4.28981494903564,0.0306905172765255,-0.00265023834072053,42.4707107543945,-71.2883148193359,38.4927139282227,0.0264677032828331,0.582632422447205,-0.0174932051450014,69.3553085327148,33.4463958740234,0.00329971220344305,0.23771145939827,-2.50000023841858,-0.0143910497426987,70
738534.46472996007651090622,33.029541015625,0.0602622143924236,4.28575277328491,0.0306905172765255,-0.00265023834072053,42.470703125,-71.2882461547852,38.4870071411133,0.0325375571846962,0.496525645256042,-0.0910842046141624,69.0758056640625,33.3064842224121,0.00224797357805073,0.158046066761017,-2.5,-0.0141870398074389,70
738534.46473199652973562479,32.8873252868652,0.093204990029335,4.28412246704102,0.0306905172765255,-0.00265023834072053,42.4706954956055,-71.2881698608398,38.4793395996094,0.0284160822629929,0.497856080532074,-0.136820614337921,68.8059539794922,33.1653213500977,-0.00280679878778756,0.0570072755217552,-2.50000023841858,-0.0140368789434433,70
738534.46473401272669434547,32.7459411621094,0.130033284425735,4.28083848953247,0.0306905172765255,-0.00265023834072053,42.4706916809082,-71.2881011962891,38.477123260498,0.0223433077335358,0.550956726074219,-0.130480796098709,68.5378723144531,33.0248260498047,-0.00749369757249951,-0.0287235248833895,-2.50000047683716,-0.0139365810900927,70
738534.46473602263722568750,32.6078109741211,0.180124163627625,4.27606344223022,0.0306905172765255,-0.00265023834072053,42.4706840515137,-71.2880325317383,38.4851341247559,0.0203114934265614,0.636783242225647,-0.157648205757141,68.2777862548828,32.8874816894531,-0.00765481358394027,-0.0874962359666824,-2.50000047683716,-0.0138895800337195,70
738534.46473838575184345245,32.4544372558594,0.0836850255727768,4.26393556594849,0.0306905172765255,-0.00265023834072053,42.4706764221191,-71.287956237793,38.4883651733398,0.0357974991202354,0.534292817115784,-0.171342268586159,67.9680328369141,32.7334480285645,-0.00231283367611468,-0.141625866293907,-2.50000023841858,-0.0139050278812647,70
738534.46474077901802957058,32.2928733825684,0.115179069340229,4.24858713150024,0.0306905172765255,-0.00265023834072053,42.4706687927246,-71.2878723144531,38.481330871582,0.0176063980907202,0.512999475002289,-0.191098242998123,67.6560897827148,32.571361541748,-0.00249369558878243,-0.179489493370056,-2.49999976158142,-0.0140004605054855,70
738534.46474277367815375328,32.1592407226562,0.143628641963005,4.23265075683594,0.0306905172765255,-0.00265023834072053,42.4706611633301,-71.2878036499023,38.4849967956543,0.0221865810453892,0.604828476905823,-0.19618159532547,67.3971862792969,32.4369049072266,-0.00277611473575234,-0.179949849843979,-2.49999976158142,-0.0141437193378806,70
738534.46474482235498726368,32.0262985229492,0.121644899249077,4.21323347091675,0.0306905172765255,-0.00265023834072053,42.4706535339355,-71.2877349853516,38.4875602722168,0.0232642702758312,0.584049165248871,-0.204270571470261,67.1322174072266,32.3024749755859,-0.000682196405250579,-0.17590768635273,-2.49999976158142,-0.0143383396789432,70
738534.46474719489924609661,31.8666019439697,0.150828927755356,4.18822908401489,0.0306905172765255,-0.00265023834072053,42.470645904541,-71.2876510620117,38.4928436279297,0.0193904247134924,0.613758623600006,-0.207193776965141,66.8201446533203,32.1410102844238,0.0022923422511667,-0.169075459241867,-2.49999952316284,-0.0146249532699585,70
738534.46474926371593028307,31.7414054870605,0.0825796276330948,4.16555070877075,0.0306905172765255,-0.00265023834072053,42.4706420898438,-71.2875900268555,38.4929504394531,0.030451562255621,0.547230899333954,-0.188928663730621,66.5634307861328,32.0136756896973,0.00535399978980422,-0.157869040966034,-2.49999952316284,-0.0149020897224545,70
738534.46475132787600159645,31.6070785522461,0.0803965479135513,4.14191675186157,0.0306905172765255,-0.00265023834072053,42.4706344604492,-71.2875137329102,38.4846649169922,0.0220104120671749,0.508573591709137,-0.122915208339691,66.296028137207,31.8774108886719,0.00360646471381187,-0.157091230154037,-2.5,-0.0152261983603239,70
738534.46475368004757910967,31.4542293548584,0.106986247003078,4.12026643753052,0.0306905172765255,-0.00265023834072053,42.4706268310547,-71.2874374389648,38.4833145141602,0.0264702849090099,0.58497017621994,0.0957698225975037,65.9980926513672,31.7231254577637,-0.000508980767335743,-0.155534744262695,-2.5,-0.0156098287552595,70
738534.46475603792350739241,31.3035316467285,0.083775207400322,4.09879493713379,0.0306905172765255,-0.00265023834072053,42.4706192016602,-71.2873611450195,38.4769096374512,0.0217551328241825,0.549171328544617,0.285191923379898,65.6983184814453,31.5708446502686,-0.00411738362163305,-0.132266789674759,-2.50000023841858,-0.0160181261599064,70
738534.46475804131478071213,31.1736431121826,0.11993620544672,4.0805344581604,0.0306905172765255,-0.00265023834072053,42.4706153869629,-71.2872924804688,38.4756736755371,0.0172918681055307,0.602626800537109,0.397128343582153,65.4474105834961,31.4398021697998,-0.00741134956479073,-0.109454192221165,-2.50000023841858,-0.0163656491786242,70
738534.46476002305280417204,31.0435791015625,0.167359083890915,4.0602126121521,0.0306905172765255,-0.00265023834072053,42.4706077575684,-71.2872314453125,38.4821624755859,0.0130048338323832,0.676010608673096,0.435871660709381,65.1968078613281,31.3084201812744,-0.00717071443796158,-0.0743694603443146,-2.50000023841858,-0.0167149230837822,70
738534.46476206777151674032,30.9162635803223,0.126154527068138,4.03481388092041,0.0306905172765255,-0.00265023834072053,42.4706001281738,-71.2871627807617,38.4887161254883,0.0251387748867273,0.634989857673645,0.340563476085663,64.9387817382812,31.1786956787109,-0.00223138346336782,-0.0297833289951086,-2.50000047683716,-0.0170785207301378,70
738534.46476437069941312075,30.773567199707,0.116100326180458,4.00611448287964,0.0306905172765255,-0.00265023834072053,42.4705963134766,-71.2870864868164,38.4893951416016,0.0222526006400585,0.587597012519836,0.18242546916008,64.6543426513672,31.033447265625,0.00213599600829184,-0.0134687023237348,-2.5,-0.017487745732069,70
738534.46476652019191533327,30.6410350799561,0.0844438523054123,3.97914433479309,0.0306905172765255,-0.00265023834072053,42.470588684082,-71.2870178222656,38.486255645752,0.0232713837176561,0.560115039348602,0.0254015401005745,64.3859100341797,30.8984432220459,0.0033718787599355,-0.0022092501167208,-2.5,-0.0178740955889225,70
738534.46476852323394268751,30.514612197876,0.107579752802849,3.95569396018982,0.0306905172765255,-0.00265023834072053,42.4705810546875,-71.2869567871094,38.4819793701172,0.0197656955569983,0.555631458759308,0.00116687000263482,64.1378707885742,30.7701263427734,0.0013380388263613,-0.0195712447166443,-2.5,-0.0182197727262974,70
738534.46477093524299561977,30.3616676330566,0.150230690836906,3.93069577217102,0.0306905172765255,-0.00265023834072053,42.470573425293,-71.2868804931641,38.4912185668945,0.0238148625940084,0.657683968544006,0.0446277447044849,63.8414421081543,30.6154174804688,0.00156186579260975,-0.0254727322608232,-2.5,-0.018599221482873,70
738534.46477333561051636934,30.2177810668945,0.0812054872512817,3.90661907196045,0.0306905172765255,-0.00265023834072053,42.4705696105957,-71.2868041992188,38.4902191162109,0.0231174919754267,0.555850446224213,0.0408671870827675,63.5488967895508,30.4693717956543,0.0045814118348062,-0.0356428362429142,-2.50000047683716,-0.0189496818929911,70
738534.46477540757041424513,30.0891284942627,0.11395750939846,3.88600826263428,0.0306905172765255,-0.00265023834072053,42.4705619812012,-71.286735534668,38.4874992370605,0.0154532352462411,0.577275097370148,0.0436995886266232,63.2984771728516,30.3392448425293,0.00347248162142932,-0.0416152290999889,-2.50000047683716,-0.0192277692258358,70
738534.46477734996005892754,29.9671688079834,0.0938074663281441,3.8662211894989,0.0306905172765255,-0.00265023834072053,42.4705543518066,-71.2866744995117,38.4897727966309,0.0170346144586802,0.606738924980164,0.053464625030756,63.0545349121094,30.2156848907471,0.0030360147356987,-0.0466621965169907,-2.5,-0.0194692444056273,70
738534.46477937407325953245,29.8670444488525,-0.152214467525482,3.84789156913757,0.0306905172765255,-0.00265023834072053,42.4705505371094,-71.2866058349609,38.4648094177246,0.0366293489933014,0.232810959219933,0.0657249987125397,62.8159828186035,30.114278793335,-0.00144198234193027,-0.0661568492650986,-2.50000023841858,-0.0196917224675417,70
738534.46478136838413774967,29.758544921875,-0.184648752212524,3.82891845703125,0.0306905172765255,-0.00265023834072053,42.4705429077148,-71.2865447998047,38.4126281738281,0.0207471325993538,0.0239244867116213,0.0943668559193611,62.5800437927246,30.0044288635254,-0.0253124237060547,-0.102261602878571,-2.50000023841858,-0.0198958851397038,70
738534.46478345280047506094,29.6404037475586,-0.0798049569129944,3.80901694297791,0.0306905172765255,-0.00265023834072053,42.4705390930176,-71.2864837646484,38.371883392334,0.0125805148854852,0.196745112538338,0.132454842329025,62.3416519165039,29.8842506408691,-0.0600847043097019,-0.0931797549128532,-2.49999976158142,-0.0200774595141411,70
738534.46478585887234658003,29.5105400085449,-0.101228386163712,3.78562569618225,0.0306905172765255,-0.00265023834072053,42.470531463623,-71.2864074707031,38.3309555053711,0.0223433114588261,0.241483837366104,0.138363108038902,62.0672302246094,29.7525310516357,-0.0943274796009064,-0.0712309256196022,-2.49999928474426,-0.0202550869435072,70
738534.46478795865550637245,29.3981819152832,-0.141927689313889,3.7654173374176,0.0306905172765255,-0.00265023834072053,42.4705238342285,-71.2863388061523,38.2889213562012,0.0259114634245634,0.165809735655785,0.165292710065842,61.8296890258789,29.6386833190918,-0.119912594556808,-0.0708009824156761,-2.49999952316284,-0.0203747358173132,70
738534.46478998416569083929,29.2898654937744,-0.135434359312057,3.74594473838806,0.0306905172765255,-0.00265023834072053,42.4705200195312,-71.2862777709961,38.2451362609863,0.0175145957618952,0.148672953248024,0.15661883354187,61.6080513000488,29.5287437438965,-0.143039241433144,-0.0707770958542824,-2.49999976158142,-0.0204702317714691,70
738534.46479249256663024426,29.1555213928223,-0.0934594422578812,3.72190475463867,0.0306905172765255,-0.00265023834072053,42.4705123901367,-71.2862014770508,38.1987800598145,0.0149621888995171,0.217998623847961,0.154233574867249,61.3389549255371,29.3922729492188,-0.166569083929062,-0.0631996467709541,-2.49999976158142,-0.0205441825091839,70
738534.46479461365379393101,29.04465675354,-0.133828788995743,3.7024827003479,0.0306905172765255,-0.00265023834072053,42.4705085754395,-71.2861404418945,38.1601333618164,0.0251053087413311,0.198165073990822,0.218101873993874,61.1098403930664,29.2799987792969,-0.179719746112823,-0.0675678998231888,-2.49999952316284,-0.0205841269344091,70
738534.46479681483469903469,28.9306335449219,-0.166142627596855,3.69647884368896,0.0306905172765255,-0.00265023834072053,42.4705009460449,-71.2860717773438,38.1100273132324,0.016040338203311,0.120256155729294,0.638126730918884,60.8821792602539,29.1662998199463,-0.192307338118553,-0.127252146601677,-2.5,-0.0205880105495453,70
738534.46479898528195917606,28.804967880249,-0.110878124833107,3.7004554271698,0.0306905172765255,-0.00265023834072053,42.4704933166504,-71.286003112793,38.0655670166016,0.0164422132074833,0.207996726036072,1.30389940738678,60.646842956543,29.0418968200684,-0.205143928527832,-0.112773165106773,-2.49999976158142,-0.020568436011672,70
738534.46480111335404217243,28.6879940032959,-0.132255345582962,3.69834661483765,0.0306905172765255,-0.00265023834072053,42.4704895019531,-71.2859420776367,38.0240058898926,0.0191186163574457,0.203563749790192,1.65946340560913,60.4204750061035,28.9257030487061,-0.212554082274437,-0.0219064429402351,-2.5,-0.0205377172678709,70
738534.46480324608273804188,28.5698318481445,-0.032248493283987,3.6709189414978,0.0306905172765255,-0.00265023834072053,42.4704818725586,-71.2858734130859,37.9891242980957,0.00303616374731064,0.318244308233261,1.25741398334503,60.193286895752,28.8047218322754,-0.216575309634209,0.0894064605236053,-2.5,-0.0205008517950773,70
738534.46480538428295403719,28.4573078155518,-0.00978748500347137,3.64272165298462,0.0306905172765255,-0.00265023834072053,42.4704780578613,-71.2858123779297,37.9687995910645,0.00700723379850388,0.408233940601349,0.78926819562912,59.9674186706543,28.6895084381104,-0.210796043276787,0.142089009284973,-2.50000023841858,-0.020462691783905,70
738534.46480750164482742548,28.3548469543457,-0.15224190056324,3.62083172798157,0.0306905172765255,-0.00265023834072053,42.4704704284668,-71.2857513427734,37.9337921142578,0.0291172787547112,0.216682061553001,0.429023176431656,59.7435836791992,28.5855026245117,-0.200920969247818,0.137157201766968,-2.5,-0.0204226206988096,70
738534.46480963763315230608,28.2452354431152,-0.13435897231102,3.60210967063904,0.0306905172765255,-0.00265023834072053,42.4704666137695,-71.2856826782227,37.8859786987305,0.014748896472156,0.124938562512398,0.264524579048157,59.5235786437988,28.4743156433105,-0.200230866670609,0.079170934855938,-2.50000047683716,-0.0203818399459124,70
738534.46481208072509616613,28.1189041137695,-0.102406442165375,3.58433985710144,0.0306905172765255,-0.00265023834072053,42.470458984375,-71.2856140136719,37.8404846191406,0.0126458378508687,0.226275965571404,0.201209053397179,59.2734413146973,28.3466186523438,-0.203773468732834,0.0406066589057446,-2.5,-0.0203284919261932,70
738534.46481413510628044605,28.0125484466553,-0.108221761882305,3.57152724266052,0.0306905172765255,-0.00265023834072053,42.4704513549805,-71.2855529785156,37.8037414550781,0.0169253218919039,0.233530029654503,0.2449921220541,59.0601997375488,28.2395191192627,-0.20529942214489,0.000964756647590548,-2.5,-0.0202548671513796,70
738534.46481615887023508549,27.9112243652344,-0.103164121508598,3.56069660186768,0.0306905172765255,-0.00265023834072053,42.4704475402832,-71.2854919433594,37.7673950195312,0.0103227840736508,0.224377572536469,0.320684552192688,58.8593673706055,28.1376190185547,-0.206229701638222,-0.0393495783209801,-2.5,-0.0201671179383993,70
738534.46481855493038892746,27.7806911468506,0.0166340917348862,3.55138444900513,0.0306905172765255,-0.00265023834072053,42.4704399108887,-71.2854232788086,37.7377738952637,0.0124460682272911,0.404394179582596,0.503037571907043,58.621452331543,28.0067749023438,-0.204364582896233,-0.0764345973730087,-2.49999976158142,-0.0200499687343836,70
738534.46482089755591005087,27.6478958129883,0.0652221068739891,3.54560136795044,0.0306905172765255,-0.00265023834072053,42.4704360961914,-71.2853546142578,37.7279243469238,0.0134562831372023,0.593063771724701,0.679511904716492,58.3848686218262,27.8743915557861,-0.189667120575905,-0.032596442848444,-2.5,-0.0199273433536291,70
738534.46482291899155825377,27.5359573364258,0.0635942071676254,3.53869724273682,0.0306905172765255,-0.00265023834072053,42.4704284667969,-71.2852935791016,37.7220764160156,0.0193252097815275,0.59599232673645,0.767601847648621,58.1792488098145,27.7624816894531,-0.169164836406708,-0.0174599327147007,-2.49999976158142,-0.0198198743164539,70
738534.46482501889113336802,27.4202709197998,0.0640530660748482,3.53009128570557,0.0306905172765255,-0.00265023834072053,42.4704246520996,-71.2852325439453,37.7154083251953,0.0149004319682717,0.579329490661621,0.832140028476715,57.9640464782715,27.6466445922852,-0.146065160632133,-0.00782853923738003,-2.49999952316284,-0.0197099968791008,70
738534.46482741436921060085,27.2888031005859,0.123723953962326,3.51922225952148,0.0306905172765255,-0.00265023834072053,42.4704170227051,-71.2851638793945,37.7140846252441,0.00253392802551389,0.656258344650269,0.904606521129608,57.7234497070312,27.5150699615479,-0.121055275201797,-0.00257400097325444,-2.5,-0.0196036007255316,70
738534.46482950798235833645,27.1775989532471,0.0741288959980011,3.50903487205505,0.0306905172765255,-0.00265023834072053,42.4704132080078,-71.2851028442383,37.7171745300293,0.0221411604434252,0.641317367553711,0.962809860706329,57.505012512207,27.4032974243164,-0.0968944728374481,0.0201123282313347,-2.5,-0.0195354707539082,70
738534.46483152487780898809,27.0677280426025,0.0633964613080025,3.49925255775452,0.0306905172765255,-0.00265023834072053,42.4704055786133,-71.285041809082,37.7092666625977,0.0121393417939544,0.561453521251678,1.01632404327393,57.2917938232422,27.2930526733398,-0.0783537030220032,0.0149560272693634,-2.5,-0.0194815192371607,70
738534.46483359299600124359,26.9594573974609,0.0690759494900703,3.48809909820557,0.0306905172765255,-0.00265023834072053,42.470401763916,-71.2849884033203,37.7059288024902,0.00989815406501293,0.574627161026001,1.00465703010559,57.0811538696289,27.1842575073242,-0.0651153102517128,0.0371771529316902,-2.49999952316284,-0.0194539427757263,70
738534.46483559755142778158,26.8630599975586,0.00444671884179115,3.47746968269348,0.0306905172765255,-0.00265023834072053,42.4703941345215,-71.2849273681641,37.6938285827637,0.0131928911432624,0.463515132665634,0.968101859092712,56.8772048950195,27.0872058868408,-0.0565644353628159,0.0374312959611416,-2.49999952316284,-0.0194507148116827,70
738534.46483769395854324102,26.7595157623291,-0.0313038937747478,3.4659960269928,0.0306905172765255,-0.00265023834072053,42.4703903198242,-71.2848739624023,37.6737098693848,0.0146198524162173,0.384823530912399,0.919527173042297,56.6611099243164,26.9830646514893,-0.0555731020867825,0.0496116504073143,-2.5,-0.0194591134786606,70
738534.46483999060001224279,26.648250579834,-0.0340470559895039,3.45300459861755,0.0306905172765255,-0.00265023834072053,42.4703826904297,-71.2848052978516,37.6478729248047,0.0109447995200753,0.364068478345871,0.839235484600067,56.4346199035645,26.8710556030273,-0.0623318739235401,0.0527064613997936,-2.5,-0.0194941349327564,70
738534.46484205743763595819,26.5443286895752,-0.0397883281111717,3.44235134124756,0.0306905172765255,-0.00265023834072053,42.4703788757324,-71.2847442626953,37.6240310668945,0.0172797627747059,0.372893661260605,0.852021455764771,56.2223854064941,26.7666358947754,-0.0720557570457458,0.046631820499897,-2.49999976158142,-0.0195585004985332,70
738534.46484438353218138218,26.4331302642822,-0.0152384713292122,3.43202638626099,0.0306905172765255,-0.00265023834072053,42.4703712463379,-71.2846832275391,37.597412109375,0.00611923262476921,0.392305999994278,0.899353682994843,56.0014457702637,26.65500831604,-0.0835204273462296,0.0467307828366756,-2.5,-0.0196398999541998,70
738534.46484648797195404768,26.325704574585,0.0478510223329067,3.42082953453064,0.0306905172765255,-0.00265023834072053,42.4703674316406,-71.2846221923828,37.5841102600098,0.00118434976320714,0.52149897813797,0.870407819747925,55.7926254272461,26.5470733642578,-0.0907382667064667,0.0620843879878521,-2.5,-0.0197332296520472,70
738534.46484884596429765224,26.2162113189697,-0.0499931052327156,3.40977334976196,0.0306905172765255,-0.00265023834072053,42.4703598022461,-71.284553527832,37.5679244995117,0.0283548068255186,0.440462052822113,0.860244750976562,55.5621299743652,26.4370708465576,-0.090899832546711,0.0826664119958878,-2.5,-0.0198704097419977,70
738534.46485117101110517979,26.1063137054443,-0.0648519173264503,3.40130662918091,0.0306905172765255,-0.00265023834072053,42.4703559875488,-71.2844924926758,37.5309028625488,0.0077018840238452,0.301986783742905,0.915987133979797,55.3412971496582,26.327033996582,-0.0970458909869194,0.0322489552199841,-2.5,-0.020028131082654,70
738534.46485347824636846781,25.9964389801025,-0.023321870714426,3.39244365692139,0.0306905172765255,-0.00265023834072053,42.4703483581543,-71.2844314575195,37.507080078125,0.0158513337373734,0.417900621891022,0.98356968164444,55.1281890869141,26.2168655395508,-0.105732038617134,0.0381830297410488,-2.5,-0.0202012415975332,70
738534.46485543320886790752,25.9041538238525,-0.0132519332692027,3.38476800918579,0.0306905172765255,-0.00265023834072053,42.470344543457,-71.2843780517578,37.4869842529297,0.00792905315756798,0.437066346406937,1.03309214115143,54.9463691711426,26.1243572235107,-0.110382169485092,0.0379582419991493,-2.5,-0.0203718263655901,70
738534.46485775848850607872,25.7952098846436,0.0131771024316549,3.37238669395447,0.0306905172765255,-0.00265023834072053,42.4703369140625,-71.2843170166016,37.4679489135742,0.0154578108340502,0.459357678890228,1.0294816493988,54.7352905273438,26.0147285461426,-0.112478263676167,0.0415971018373966,-2.50000023841858,-0.0205963719636202,70
738534.46485999086871743202,25.6793041229248,0.107141576707363,3.35164570808411,0.0306905172765255,-0.00265023834072053,42.4703330993652,-71.2842483520508,37.4623985290527,0.00554633280262351,0.643974661827087,0.836003661155701,54.5271415710449,25.8973293304443,-0.108537621796131,0.0649952217936516,-2.50000023841858,-0.0208390410989523,70
738534.46486241195816546679,25.5645122528076,0.110055781900883,3.33289432525635,0.0306905172765255,-0.00265023834072053,42.4703254699707,-71.2841873168945,37.466423034668,0.0109161045402288,0.718950808048248,0.678149163722992,54.3099365234375,25.7810897827148,-0.0937266573309898,0.0646232739090919,-2.49999976158142,-0.0211161784827709,70
738534.46486446703784167767,25.4613742828369,0.15652160346508,3.31802248954773,0.0306905172765255,-0.00265023834072053,42.4703216552734,-71.2841339111328,37.4725799560547,-0.00207629846408963,0.759586989879608,0.589592337608337,54.1180801391602,25.6771354675293,-0.07642962038517,0.0255813375115395,-2.49999952316284,-0.0213815942406654,70
738534.46486687450669705868,25.3484077453613,0.0834251046180725,3.30171513557434,0.0306905172765255,-0.00265023834072053,42.4703140258789,-71.284065246582,37.4825592041016,0.0208974406123161,0.720881581306458,0.497010469436646,53.8908767700195,25.5626678466797,-0.0523043721914291,0.00911142118275166,-2.50000047683716,-0.0217032376676798,70
738534.46486896462738513947,25.2549362182617,0.012124483473599,3.28821706771851,0.0306905172765255,-0.00265023834072053,42.4703102111816,-71.2840118408203,37.4714584350586,0.0197856891900301,0.535717368125916,0.4444779753685,53.6998825073242,25.4681034088135,-0.0387008562684059,-0.0291810482740402,-2.5,-0.0219831317663193,70
738534.46487143763806670904,25.1373443603516,0.0469117611646652,3.27050137519836,0.0306905172765255,-0.00265023834072053,42.4703025817871,-71.2839508056641,37.4582214355469,0.0123985847458243,0.566425025463104,0.375597178936005,53.474250793457,25.349250793457,-0.0349764972925186,-0.0589753724634647,-2.5,-0.0223169308155775,70
738534.46487350866664201021,25.0386276245117,0.0710665360093117,3.25558376312256,0.0306905172765255,-0.00265023834072053,42.4702987670898,-71.2838897705078,37.4523887634277,0.00870152842253447,0.647399365901947,0.372874885797501,53.2831535339355,25.249490737915,-0.0346930585801601,-0.079365000128746,-2.50000047683716,-0.0225994046777487,70
738534.46487588761374354362,24.9239139556885,0.13264362514019,3.23870015144348,0.0306905172765255,-0.00265023834072053,42.4702911376953,-71.2838287353516,37.4558639526367,0.00256142765283585,0.767698049545288,0.440681725740433,53.0643844604492,25.1338062286377,-0.0316243954002857,-0.112949296832085,-2.5,-0.0229275915771723,70
738534.46487818821333348751,24.816951751709,0.116369664669037,3.22101521492004,0.0306905172765255,-0.00265023834072053,42.470287322998,-71.2837677001953,37.465446472168,0.011507723480463,0.780815899372101,0.48814782500267,52.8501892089844,25.0253791809082,-0.0221770070493221,-0.120203331112862,-2.5,-0.0232476592063904,70
738534.46488020895048975945,24.7279815673828,0.100238665938377,3.20433640480042,0.0306905172765255,-0.00265023834072053,42.4702835083008,-71.2837142944336,37.4656410217285,0.0026794692967087,0.712411344051361,0.493661820888519,52.670223236084,24.9349327087402,-0.014215137809515,-0.136938408017159,-2.50000047683716,-0.0235024206340313,70
738534.46488225960638374090,24.6294689178467,0.168515741825104,3.18478798866272,0.0306905172765255,-0.00265023834072053,42.4702758789062,-71.2836608886719,37.4770050048828,0.000128395404317416,0.826489925384521,0.48261234164238,52.4807929992676,24.8350963592529,-0.00629569636657834,-0.139673918485641,-2.5,-0.0237625855952501,70
738534.46488432702608406544,24.5394077301025,0.0996213555335999,3.16389012336731,0.0306905172765255,-0.00265023834072053,42.470272064209,-71.2836074829102,37.4844627380371,0.008754369802773,0.769528388977051,0.401774793863297,52.2900009155273,24.7427310943604,0.00415281485766172,-0.12147294729948,-2.5,-0.0240093674510717,70
738534.46488633530680090189,24.4512023925781,0.0709568336606026,3.14452815055847,0.0306905172765255,-0.00265023834072053,42.4702682495117,-71.283561706543,37.4835586547852,0.0105336206033826,0.675732851028442,0.408752053976059,52.1082077026367,24.6526756286621,0.00997261051088572,-0.147908732295036,-2.49999904632568,-0.0242304094135761,70
738534.46488882391713559628,24.3444309234619,0.0513314306735992,3.12211060523987,0.0306905172765255,-0.00265023834072053,42.4702606201172,-71.2834930419922,37.4786720275879,0.0129898954182863,0.63891327381134,0.505856335163116,51.8901901245117,24.5438690185547,0.0102928951382637,-0.165855407714844,-2.49999952316284,-0.0244661923497915,70
738534.46489082532934844494,24.2541809082031,0.0616309195756912,3.100750207901,0.0306905172765255,-0.00265023834072053,42.4702568054199,-71.2834396362305,37.4725494384766,0.00995972659438848,0.640552282333374,0.499823182821274,51.7093391418457,24.45166015625,0.0063114739023149,-0.156923219561577,-2.49999928474426,-0.0246347971260548,70
738534.46489301393739879131,24.1613998413086,0.0699456110596657,3.07675433158875,0.0306905172765255,-0.00265023834072053,42.4702529907227,-71.2833862304688,37.4692726135254,0.00840224325656891,0.676265180110931,0.428755223751068,51.5230293273926,24.3566131591797,0.0013109416468069,-0.137647360563278,-2.49999904632568,-0.0247758813202381,70
738534.46489529497921466827,24.0635051727295,0.0775619149208069,3.05099868774414,0.0306905172765255,-0.00265023834072053,42.4702453613281,-71.283332824707,37.4665718078613,0.00853564217686653,0.689931750297546,0.352452427148819,51.3251495361328,24.2562770843506,-0.00298394192941487,-0.133278861641884,-2.49999952316284,-0.0248839240521193,70
738534.46489734214264899492,23.9722023010254,0.0888635590672493,3.02745127677917,0.0306905172765255,-0.00265023834072053,42.4702415466309,-71.2832794189453,37.4659042358398,0.00878762919455767,0.673970401287079,0.310328334569931,51.1416015625,24.1627788543701,-0.00544643215835094,-0.13781113922596,-2.5,-0.0249394178390503,70
738534.46489974402356892824,23.8712596893311,0.0709642469882965,3.00195145606995,0.0306905172765255,-0.00265023834072053,42.4702377319336,-71.2832183837891,37.4645462036133,0.0111945662647486,0.627803802490234,0.295216768980026,50.9349403381348,24.0593814849854,-0.00634845159947872,-0.158074796199799,-2.5,-0.0249377582222223,70
738534.46490169374737888575,23.7837238311768,0.0774722397327423,2.98156118392944,0.0306905172765255,-0.00265023834072053,42.4702301025391,-71.2831649780273,37.4616088867188,0.0058421241119504,0.622116506099701,0.334647983312607,50.7586135864258,23.970006942749,-0.00742620602250099,-0.183850973844528,-2.5,-0.0248746667057276,70
738534.46490395476575940847,23.6875896453857,0.0891868844628334,2.96434450149536,0.0306905172765255,-0.00265023834072053,42.4702262878418,-71.2831115722656,37.4622421264648,0.0069708488881588,0.668097913265228,0.52837073802948,50.5679092407227,23.8725204467773,-0.00782280787825584,-0.213414490222931,-2.49999976158142,-0.0247369986027479,70
738534.46490627306047827005,23.5881633758545,0.0920139625668526,2.95519542694092,0.0306905172765255,-0.00265023834072053,42.4702224731445,-71.2830505371094,37.4626579284668,0.00613540364429355,0.620155930519104,0.909507095813751,50.3750991821289,23.7727375030518,-0.00681047514081001,-0.21759620308876,-2.49999976158142,-0.0245271287858486,70
738534.46490861289203166962,23.4864902496338,0.123364165425301,2.93535947799683,0.0306905172765255,-0.00265023834072053,42.47021484375,-71.2829971313477,37.4690704345703,0.00480441562831402,0.654578745365143,1.06586050987244,50.1787071228027,23.6695327758789,-0.00390644371509552,-0.166182294487953,-2.49999952316284,-0.0242500547319651,70
738534.46491096285171806812,23.388744354248,0.0958545729517937,2.90055251121521,0.0306905172765255,-0.00265023834072053,42.4702110290527,-71.2829360961914,37.4736099243164,0.00589070655405521,0.679158449172974,0.8875333070755,49.9740180969238,23.5681095123291,0.00153459957800806,-0.092194139957428,-2.49999952316284,-0.0238962490111589,70
738534.46491295867599546909,23.3108291625977,0.0541182942688465,2.86668133735657,0.0306905172765255,-0.00265023834072053,42.4702072143555,-71.2828903198242,37.4718475341797,0.0118131628260016,0.644964933395386,0.554178178310394,49.8056297302246,23.4864978790283,0.00428358325734735,-0.0735281333327293,-2.5,-0.0235507786273956,70
738534.46491529431659728289,23.2148475646973,0.0789199322462082,2.83626532554626,0.0306905172765255,-0.00265023834072053,42.4702033996582,-71.282829284668,37.4678649902344,0.00334668112918735,0.654728412628174,0.40981262922287,49.6103134155273,23.3875980377197,0.00301136937923729,-0.119226522743702,-2.5,-0.0230675395578146,70
738534.46491763228550553322,23.1162605285645,0.136995479464531,2.82072353363037,0.0306905172765255,-0.00265023834072053,42.4701957702637,-71.2827758789062,37.4747695922852,-0.00233091856352985,0.764906466007233,0.588147878646851,49.4194145202637,23.2881240844727,0.0028101063799113,-0.174276530742645,-2.49999904632568,-0.0224924497306347,70
738534.46491992741357535124,23.0240516662598,0.0617448575794697,2.81483840942383,0.0306905172765255,-0.00265023834072053,42.4701919555664,-71.28271484375,37.4779319763184,0.0109282555058599,0.64382541179657,1.00275444984436,49.2288017272949,23.1955604553223,0.00665280967950821,-0.1916483938694,-2.49999952316284,-0.0218133050948381,70
738534.46492204046808183193,22.9359092712402,0.0422854647040367,2.80329775810242,0.0306905172765255,-0.00265023834072053,42.4701881408691,-71.2826690673828,37.4715270996094,0.00563429621979594,0.541913747787476,1.28781938552856,49.0526885986328,23.1066246032715,0.00604141922667623,-0.189142301678658,-2.49999952316284,-0.0211073476821184,70
738534.46492438297718763351,22.8415470123291,0.0377017855644226,2.77986860275269,0.0306905172765255,-0.00265023834072053,42.4701805114746,-71.2826080322266,37.4628028869629,0.0137429600581527,0.510773003101349,1.33485472202301,48.8639068603516,23.0101127624512,0.000681563804391772,-0.128528073430061,-2.49999952316284,-0.0202717203646898,70
738534.46492665656842291355,22.7473411560059,0.0924077853560448,2.75229144096375,0.0306905172765255,-0.00265023834072053,42.4701766967773,-71.2825546264648,37.4573287963867,-0.000657314667478204,0.564918220043182,1.24719047546387,48.6816711425781,22.9134292602539,-0.00618298118934035,-0.108814336359501,-2.49999952316284,-0.0193928293883801,70
738534.46492872526869177818,22.6661643981934,0.106082089245319,2.72899603843689,0.0306905172765255,-0.00265023834072053,42.4701728820801,-71.2825088500977,37.4634132385254,0.00695709930732846,0.643594682216644,1.15188920497894,48.5200653076172,22.8301048278809,-0.00764338579028845,-0.071441650390625,-2.49999952316284,-0.0185525994747877,70
738534.46493114146869629622,22.5716361999512,0.0579885430634022,2.70504093170166,0.0306905172765255,-0.00265023834072053,42.4701690673828,-71.2824478149414,37.4619102478027,0.00648858770728111,0.555475652217865,1.05627942085266,48.3235092163086,22.7332210540771,-0.00583353126421571,-0.0621163919568062,-2.49999976158142,-0.0174401048570871,70
738534.46493348071817308664,22.4788627624512,0.0693330392241478,2.68116641044617,0.0306905172765255,-0.00265023834072053,42.4701652526855,-71.2823944091797,37.4574394226074,0.00641180388629436,0.515192031860352,0.926895439624786,48.1378784179688,22.6383018493652,-0.00670184288173914,-0.057852741330862,-2.50000023841858,-0.0162895154207945,70
738534.46493580716196447611,22.3835105895996,0.134273990988731,2.66116428375244,0.0306905172765255,-0.00265023834072053,42.470157623291,-71.2823333740234,37.4616050720215,-0.00127531285397708,0.61971378326416,0.888199388980865,47.9543876647949,22.5415477752686,-0.0067832674831152,-0.0805727615952492,-2.5,-0.0150597970932722,70
738534.46493832650594413280,22.2853832244873,0.12839287519455,2.64119100570679,0.0306905172765255,-0.00265023834072053,42.4701538085938,-71.2822799682617,37.4750442504883,0.0033500196877867,0.676572382450104,0.849015474319458,47.7554512023926,22.4417171478271,0.00028036194271408,-0.080331526696682,-2.5,-0.0136126894503832,70
738534.46494064223952591419,22.1958312988281,0.0164465922862291,2.62800669670105,0.0306905172765255,-0.00265023834072053,42.4701499938965,-71.2822189331055,37.471565246582,0.0144173558801413,0.494251996278763,0.985992729663849,47.5621566772461,22.3508758544922,0.00686740083619952,-0.123536542057991,-2.50000047683716,-0.0121021382510662,70
738534.46494302665814757347,22.1033420562744,-0.0103970924392343,2.61405324935913,0.0306905172765255,-0.00265023834072053,42.470142364502,-71.2821655273438,37.4532203674316,0.0108350533992052,0.401355773210526,1.14558219909668,47.3740425109863,22.2573833465576,0.00114196923095733,-0.140236124396324,-2.50000023841858,-0.0104921758174896,70
738534.46494529629126191139,22.0112819671631,0.0727309957146645,2.59414720535278,0.0306905172765255,-0.00265023834072053,42.4701385498047,-71.282112121582,37.4437065124512,-0.00162786082364619,0.555542290210724,1.17834770679474,47.1997718811035,22.1637401580811,-0.00992379151284695,-0.132614478468895,-2.49999976158142,-0.00891316682100296,70
738534.46494757640175521374,21.9196834564209,0.108833968639374,2.57132387161255,0.0306905172765255,-0.00265023834072053,42.4701347351074,-71.2820510864258,37.447582244873,1.42652488648309e-05,0.659717082977295,1.13380527496338,47.018611907959,22.0702533721924,-0.0144989974796772,-0.0996105894446373,-2.49999952316284,-0.00719353230670094,70
738534.46494961611460894346,21.8395175933838,0.160748049616814,2.54796004295349,0.0306905172765255,-0.00265023834072053,42.4701309204102,-71.2820053100586,37.4578285217285,-0.00354326074011624,0.709388077259064,0.989017188549042,46.8623962402344,21.9882354736328,-0.0114470003172755,-0.0687326937913895,-2.49999952316284,-0.0056658829562366,70
738534.46495205746032297611,21.7539749145508,0.111704893410206,2.52533364295959,0.0306905172765255,-0.00265023834072053,42.4701271057129,-71.2819519042969,37.4709815979004,0.00498086959123611,0.654028952121735,0.867439210414886,46.6830635070801,21.9003467559814,-0.000856256927363575,-0.0391242057085037,-2.49999952316284,-0.00383739778771996,70
738534.46495403826702386141,21.7199153900146,0.0840765088796616,2.51945757865906,0.0306905172765255,-0.00265023834072053,42.4701232910156,-71.2819290161133,37.4723167419434,0.00440173735842109,0.596578776836395,0.885148823261261,46.6108016967773,21.8657150268555,0.00333554134704173,-0.0333257168531418,-2.49999976158142,-0.0030629753600806,70
738534.46495660440996289253,21.7199153900146,0.0840765088796616,2.51945757865906,0.0306905172765255,-0.00265023834072053,42.4701232910156,-71.2819290161133,37.4723167419434,0.00440173735842109,0.596578776836395,0.885148823261261,46.6108016967773,21.8657150268555,0.00333554134704173,-0.0333257168531418,-2.49999976158142,-0.0030629753600806,70
738534.46495892328675836325,21.7199153900146,0.0840765088796616,2.51945757865906,0.0306905172765255,-0.00265023834072053,42.4701232910156,-71.2819290161133,37.4723167419434,0.00440173735842109,0.596578776836395,0.885148823261261,46.6108016967773,21.8657150268555,0.00333554134704173,-0.0333257168531418,-2.49999976158142,-0.0030629753600806,70
738534.46496103261597454548,21.7199153900146,0.0840765088796616,2.51945757865906,0.0306905172765255,-0.00265023834072053,42.4701232910156,-71.2819290161133,37.4723167419434,0.00440173735842109,0.596578776836395,0.885148823261261,46.6108016967773,21.8657150268555,0.00333554134704173,-0.0333257168531418,-2.49999976158142,-0.0030629753600806,70
738534.46496319165453314781,21.7199153900146,0.0840765088796616,2.51945757865906,0.0306905172765255,-0.00265023834072053,42.4701232910156,-71.2819290161133,37.4723167419434,0.00440173735842109,0.596578776836395,0.885148823261261,46.6108016967773,21.8657150268555,0.00333554134704173,-0.0333257168531418,-2.49999976158142,-0.0030629753600806,70
738534.46496551192831248045,21.7199153900146,0.0840765088796616,2.51945757865906,0.0306905172765255,-0.00265023834072053,42.4701232910156,-71.2819290161133,37.4723167419434,0.00440173735842109,0.596578776836395,0.885148823261261,46.6108016967773,21.8657150268555,0.00333554134704173,-0.0333257168531418,-2.49999976158142,-0.0030629753600806,70
738534.46496781439054757357,21.7199153900146,0.0840765088796616,2.51945757865906,0.0306905172765255,-0.00265023834072053,42.4701232910156,-71.2819290161133,37.4723167419434,0.00440173735842109,0.596578776836395,0.885148823261261,46.6108016967773,21.8657150268555,0.00333554134704173,-0.0333257168531418,-2.49999976158142,-0.0030629753600806,70
738534.46497010847087949514,21.7199153900146,0.0840765088796616,2.51945757865906,0.0306905172765255,-0.00265023834072053,42.4701232910156,-71.2819290161133,37.4723167419434,0.00440173735842109,0.596578776836395,0.885148823261261,46.6108016967773,21.8657150268555,0.00333554134704173,-0.0333257168531418,-2.49999976158142,-0.0030629753600806,70
738534.46497239440213888884,21.7199153900146,0.0840765088796616,2.51945757865906,0.0306905172765255,-0.00265023834072053,42.4701232910156,-71.2819290161133,37.4723167419434,0.00440173735842109,0.596578776836395,0.885148823261261,46.6108016967773,21.8657150268555,0.00333554134704173,-0.0333257168531418,-2.49999976158142,-0.0030629753600806,70
738534.46497460256796330214,21.7199153900146,0.0840765088796616,2.51945757865906,0.0306905172765255,-0.00265023834072053,42.4701232910156,-71.2819290161133,37.4723167419434,0.00440173735842109,0.596578776836395,0.885148823261261,46.6108016967773,21.8657150268555,0.00333554134704173,-0.0333257168531418,-2.49999976158142,-0.0030629753600806,70
738534.46497684379573911428,21.7199153900146,0.0840765088796616,2.51945757865906,0.0306905172765255,-0.00265023834072053,42.4701232910156,-71.2819290161133,37.4723167419434,0.00440173735842109,0.596578776836395,0.885148823261261,46.6108016967773,21.8657150268555,0.00333554134704173,-0.0333257168531418,-2.49999976158142,-0.0030629753600806,70
738534.46497903496492654085,21.7199153900146,0.0840765088796616,2.51945757865906,0.0306905172765255,-0.00265023834072053,42.4701232910156,-71.2819290161133,37.4723167419434,0.00440173735842109,0.596578776836395,0.885148823261261,46.6108016967773,21.8657150268555,0.00333554134704173,-0.0333257168531418,-2.49999976158142,-0.0030629753600806,70
738534.46498156094457954168,21.7199153900146,0.0840765088796616,2.51945757865906,0.0306905172765255,-0.00265023834072053,42.4701232910156,-71.2819290161133,37.4723167419434,0.00440173735842109,0.596578776836395,0.885148823261261,46.6108016967773,21.8657150268555,0.00333554134704173,-0.0333257168531418,-2.49999976158142,-0.0030629753600806,70
738534.46498364256694912910,21.7199153900146,0.0840765088796616,2.51945757865906,0.0306905172765255,-0.00265023834072053,42.4701232910156,-71.2819290161133,37.4723167419434,0.00440173735842109,0.596578776836395,0.885148823261261,46.6108016967773,21.8657150268555,0.00333554134704173,-0.0333257168531418,-2.49999976158142,-0.0030629753600806,70
738534.46498580684419721365,21.7199153900146,0.0840765088796616,2.51945757865906,0.0306905172765255,-0.00265023834072053,42.4701232910156,-71.2819290161133,37.4723167419434,0.00440173735842109,0.596578776836395,0.885148823261261,46.6108016967773,21.8657150268555,0.00333554134704173,-0.0333257168531418,-2.49999976158142,-0.0030629753600806,70
738534.46498813235666602850,21.7199153900146,0.0840765088796616,2.51945757865906,0.0306905172765255,-0.00265023834072053,42.4701232910156,-71.2819290161133,37.4723167419434,0.00440173735842109,0.596578776836395,0.885148823261261,46.6108016967773,21.8657150268555,0.00333554134704173,-0.0333257168531418,-2.49999976158142,-0.0030629753600806,70
738534.46499041863717138767,21.7199153900146,0.0840765088796616,2.51945757865906,0.0306905172765255,-0.00265023834072053,42.4701232910156,-71.2819290161133,37.4723167419434,0.00440173735842109,0.596578776836395,0.885148823261261,46.6108016967773,21.8657150268555,0.00333554134704173,-0.0333257168531418,-2.49999976158142,-0.0030629753600806,70
738534.46499249816406518221,21.7199153900146,0.0840765088796616,2.51945757865906,0.0306905172765255,-0.00265023834072053,42.4701232910156,-71.2819290161133,37.4723167419434,0.00440173735842109,0.596578776836395,0.885148823261261,46.6108016967773,21.8657150268555,0.00333554134704173,-0.0333257168531418,-2.49999976158142,-0.0030629753600806,70
738534.46499483042862266302,21.7199153900146,0.0840765088796616,2.51945757865906,0.0306905172765255,-0.00265023834072053,42.4701232910156,-71.2819290161133,37.4723167419434,0.00440173735842109,0.596578776836395,0.885148823261261,46.6108016967773,21.8657150268555,0.00333554134704173,-0.0333257168531418,-2.49999976158142,-0.0030629753600806,70
738534.46499689377378672361,21.7199153900146,0.0840765088796616,2.51945757865906,0.0306905172765255,-0.00265023834072053,42.4701232910156,-71.2819290161133,37.4723167419434,0.00440173735842109,0.596578776836395,0.885148823261261,46.6108016967773,21.8657150268555,0.00333554134704173,-0.0333257168531418,-2.49999976158142,-0.0030629753600806,70
