time_dn,glideslope_error_deg,localizer_error_deg,airspeed_error_kts,total_error
738506.41161657,-0.2313,-0.1252,0.233,0.5895
738506.411618513,-0.233,-0.1254,-1.9491,2.3075
738506.41162042,-0.2342,-0.125,-2.5852,2.9444
738506.411622478,-0.2357,-0.1255,-2.5854,2.9466
738506.411624462,-0.237,-0.125,-2.2782,2.6402
738506.411626405,-0.2386,-0.1256,-1.8767,2.2409
738506.411628423,-0.2402,-0.1251,-1.4777,1.843
738506.411630576,-0.2428,-0.1245,-1.0855,1.4528
738506.411632649,-0.2458,-0.125,-0.7257,1.0965
738506.411635016,-0.2488,-0.1242,-0.3699,0.7429
738506.411637362,-0.2521,-0.1241,-0.0391,0.4153
738506.411639509,-0.2557,-0.1242,0.1825,0.5624
738506.411641549,-0.2595,-0.1238,0.303,0.6863
738506.411643544,-0.2633,-0.1235,0.3888,0.7756
738506.411645544,-0.2679,-0.1231,0.4754,0.8664
738506.411647512,-0.2729,-0.1228,0.524,0.9197
738506.411649518,-0.278,-0.1224,0.5215,0.9219
738506.411651492,-0.2837,-0.1222,0.4952,0.9011
738506.411653512,-0.2903,-0.1208,0.4739,0.885
738506.411655527,-0.2963,-0.1207,0.4711,0.8881
738506.411657467,-0.3026,-0.1202,0.4749,0.8977
738506.411659524,-0.3093,-0.1189,0.4688,0.897
738506.411661539,-0.3167,-0.1185,0.4507,0.8859
738506.411663534,-0.3238,-0.1172,0.4457,0.8867
738506.411665675,-0.3318,-0.1166,0.4844,0.9328
738506.411667711,-0.3394,-0.1152,0.5545,1.0091
738506.411669858,-0.3483,-0.1136,0.6182,1.0801
738506.411671878,-0.3567,-0.1124,0.6446,1.1137
738506.411674215,-0.3669,-0.1114,0.6742,1.1525
738506.411676304,-0.3766,-0.1098,0.7248,1.2112
738506.411678359,-0.3864,-0.1084,0.7854,1.2802
738506.411680307,-0.3962,-0.1062,0.8347,1.3371
738506.411682481,-0.4065,-0.1048,0.8599,1.3712
738506.411684519,-0.4177,-0.1032,0.8494,1.3703
738506.411686597,-0.4292,-0.1007,0.8055,1.3354
738506.411688741,-0.4406,-0.0993,0.7513,1.2912
738506.411691096,-0.4553,-0.0963,0.721,1.2726
738506.411693437,-0.4688,-0.0942,0.7454,1.3084
738506.411695647,-0.4825,-0.0915,0.7661,1.3401
738506.411697879,-0.4964,-0.0896,0.7535,1.3395
738506.411700186,-0.5102,-0.0869,0.7445,1.3416
738506.411702389,-0.5238,-0.085,0.7714,1.3802
738506.411704465,-0.5364,-0.0825,0.8059,1.4248
738506.411706636,-0.5483,-0.0807,0.829,1.458
738506.411708787,-0.56,-0.078,0.8526,1.4906
738506.411710844,-0.5704,-0.0754,0.9006,1.5464
738506.411713612,-0.5799,-0.0735,0.9942,1.6476
738506.411715521,-0.5877,-0.0708,1.1045,1.763
738506.411717611,-0.5937,-0.069,1.1859,1.8486
738506.411719859,-0.5989,-0.0671,1.2288,1.8948
738506.411721964,-0.6016,-0.0653,1.2565,1.9234
738506.411724052,-0.6028,-0.0637,1.3062,1.9727
738506.411726246,-0.6022,-0.0617,1.371,2.0349
738506.411728344,-0.6003,-0.0601,1.4008,2.0612
738506.411730552,-0.5968,-0.0591,1.3696,2.0255
738506.411732689,-0.5925,-0.0573,1.2951,1.9449
738506.411734829,-0.5876,-0.0564,1.2139,1.8579
738506.411736935,-0.5819,-0.0547,1.1564,1.793
738506.411739135,-0.5749,-0.0538,1.1108,1.7395
738506.411741267,-0.5676,-0.0529,1.0548,1.6753
738506.411743477,-0.5604,-0.0521,0.9738,1.5863
738506.41174567,-0.5531,-0.0512,0.8966,1.5009
738506.411747816,-0.5456,-0.0504,0.8548,1.4508
738506.411749937,-0.5386,-0.0495,0.8357,1.4238
738506.411752088,-0.5322,-0.0488,0.7888,1.3698
738506.41175427,-0.5255,-0.0479,0.7064,1.2798
738506.411756436,-0.5197,-0.0471,0.6312,1.198
738506.411758601,-0.5146,-0.0464,0.5786,1.1396
738506.411760802,-0.5095,-0.0455,0.5217,1.0767
738506.411762978,-0.5052,-0.0458,0.4522,1.0032
738506.411765247,-0.5012,-0.0447,0.3818,0.9277
738506.411767443,-0.498,-0.0439,0.3521,0.894
738506.411769627,-0.495,-0.0441,0.3714,0.9105
738506.411771908,-0.4924,-0.0432,0.4066,0.9422
738506.411774255,-0.4905,-0.0422,0.3861,0.9188
738506.411776456,-0.4892,-0.0424,0.2986,0.8302
738506.411778493,-0.4884,-0.0419,0.1873,0.7176
738506.411780479,-0.4881,-0.0414,0.0966,0.6261
738506.411782774,-0.4888,-0.0405,0.0369,0.5662
738506.411784931,-0.4897,-0.0396,-0.0032,0.5325
738506.411787143,-0.4908,-0.0399,-0.0537,0.5844
738506.411789412,-0.4927,-0.0388,-0.0929,0.6244
738506.411791666,-0.495,-0.0389,-0.0789,0.6128
738506.411793933,-0.4967,-0.038,-0.0224,0.5571
738506.411796236,-0.4989,-0.0381,0.0313,0.5683
738506.411798529,-0.5011,-0.038,0.057,0.5961
738506.411800787,-0.5031,-0.0371,0.0783,0.6185
738506.411803061,-0.5047,-0.0372,0.1341,0.676
738506.411805251,-0.5063,-0.0363,0.2221,0.7647
738506.411807438,-0.5076,-0.0366,0.2975,0.8417
738506.411809697,-0.5085,-0.0357,0.3412,0.8854
738506.411811723,-0.5093,-0.0351,0.3801,0.9245
738506.411814053,-0.5093,-0.035,0.4515,0.9958
738506.411816161,-0.5085,-0.0345,0.5167,1.0597
738506.411818218,-0.5073,-0.034,0.5466,1.0879
738506.411820363,-0.5054,-0.0342,0.5497,1.0893
738506.411822919,-0.5025,-0.033,0.5561,1.0916
738506.411825506,-0.4982,-0.0335,0.5984,1.1301
738506.411827935,-0.4931,-0.0323,0.6495,1.1749
738506.411830281,-0.4872,-0.032,0.662,1.1812
738506.411832512,-0.4811,-0.0322,0.6218,1.1351
738506.411834481,-0.4753,-0.0317,0.5689,1.0759
738506.41183682,-0.469,-0.0308,0.5156,1.0154
738506.411838887,-0.4631,-0.0302,0.4635,0.9568
738506.411840916,-0.4573,-0.0308,0.3822,0.8703
738506.411842999,-0.4512,-0.0301,0.2735,0.7548
738506.411845316,-0.445,-0.0302,0.1501,0.6253
738506.411847411,-0.4394,-0.0296,0.0634,0.5324
738506.411849651,-0.4333,-0.0299,0.0137,0.4769
738506.411851973,-0.4267,-0.029,0.0048,0.4605
738506.411854322,-0.4199,-0.0289,0.0033,0.4521
738506.411856422,-0.4141,-0.0294,-0.031,0.4745
738506.411858645,-0.4076,-0.0297,-0.0943,0.5316
738506.411861379,-0.4001,-0.0302,-0.1467,0.577
738506.411863528,-0.3941,-0.0305,-0.1586,0.5832
738506.411865984,-0.3877,-0.0303,-0.1876,0.6056
738506.411868364,-0.3822,-0.0302,-0.2516,0.664
738506.411870419,-0.3783,-0.0307,-0.3083,0.7173
738506.41187291,-0.3744,-0.0315,-0.3367,0.7426
738506.411875229,-0.3712,-0.0318,-0.3184,0.7214
738506.411877532,-0.3685,-0.0318,-0.2903,0.6906
738506.411879786,-0.3667,-0.0321,-0.2967,0.6955
738506.411881955,-0.3657,-0.0325,-0.3394,0.7376
738506.411884219,-0.365,-0.0328,-0.3895,0.7873
738506.411886223,-0.3654,-0.0335,-0.4128,0.8117
738506.41188842,-0.3662,-0.0339,-0.4092,0.8093
738506.411890472,-0.3677,-0.0344,-0.3986,0.8007
738506.411892543,-0.3697,-0.035,-0.4091,0.8138
738506.411894738,-0.372,-0.0354,-0.4483,0.8557
738506.411896862,-0.3752,-0.035,-0.4938,0.904
738506.411899335,-0.3801,-0.0359,-0.5197,0.9357
738506.411901447,-0.3849,-0.0363,-0.5009,0.9221
738506.41190365,-0.39,-0.0365,-0.4557,0.8822
738506.411905808,-0.3955,-0.037,-0.4097,0.8422
738506.411908151,-0.4025,-0.037,-0.3832,0.8227
738506.411910169,-0.4093,-0.0378,-0.387,0.8341
738506.411912197,-0.4162,-0.0372,-0.3967,0.8501
738506.411914558,-0.4245,-0.0383,-0.3732,0.836
738506.411917188,-0.4336,-0.0385,-0.3122,0.7843
738506.41191944,-0.4443,-0.0389,-0.2577,0.7409
738506.411921673,-0.4536,-0.0392,-0.2414,0.7342
738506.411923852,-0.4637,-0.0394,-0.2194,0.7225
738506.41192616,-0.4745,-0.0397,-0.1638,0.678
738506.411928472,-0.485,-0.0397,-0.0957,0.6204
738506.411930714,-0.4955,-0.0398,-0.0658,0.6011
738506.411933086,-0.5067,-0.0409,-0.0619,0.6095
738506.411935188,-0.5167,-0.0403,-0.0342,0.5912
738506.411937546,-0.5278,-0.0412,0.0408,0.6098
738506.41193957,-0.5376,-0.0418,0.1052,0.6846
738506.411941752,-0.5468,-0.042,0.1501,0.7389
738506.411943807,-0.5556,-0.0425,0.1972,0.7953
738506.411945978,-0.5645,-0.0427,0.2775,0.8847
738506.411948076,-0.5729,-0.044,0.381,0.9979
738506.411950474,-0.581,-0.044,0.4795,1.1045
738506.411952554,-0.587,-0.0445,0.53,1.1615
738506.411954653,-0.5929,-0.0457,0.5453,1.1839
738506.411956989,-0.599,-0.0456,0.5451,1.1897
738506.411959111,-0.6036,-0.046,0.5599,1.2095
738506.411961418,-0.6069,-0.0471,0.5954,1.2494
738506.411963808,-0.6097,-0.048,0.6264,1.2841
738506.411966198,-0.6115,-0.0479,0.6042,1.2636
738506.411968478,-0.6126,-0.049,0.5443,1.2059
738506.411970835,-0.6127,-0.0491,0.4879,1.1497
738506.411973163,-0.612,-0.05,0.4757,1.1377
738506.411975504,-0.6105,-0.05,0.4914,1.1519
738506.411977976,-0.6076,-0.0509,0.4845,1.143
738506.411980014,-0.6046,-0.0514,0.4584,1.1144
738506.411982113,-0.6014,-0.053,0.4426,1.097
738506.41198429,-0.5971,-0.0532,0.4406,1.0909
738506.411986333,-0.5927,-0.0547,0.4343,1.0817
738506.411988352,-0.5884,-0.0553,0.4117,1.0554
738506.411990408,-0.5842,-0.0559,0.3651,1.0052
738506.411992763,-0.5798,-0.058,0.2742,0.912
738506.41199483,-0.5764,-0.0586,0.1737,0.8087
738506.411996895,-0.5732,-0.0602,0.0685,0.7019
738506.411998993,-0.57,-0.0617,-0.0129,0.6446
738506.412001004,-0.5674,-0.0633,-0.0563,0.687
738506.412003074,-0.5651,-0.0639,-0.07,0.699
738506.412005203,-0.5632,-0.0656,-0.082,0.7108
738506.412007498,-0.5613,-0.0678,-0.1241,0.7532
738506.412009754,-0.5602,-0.0701,-0.1878,0.8181
738506.412011834,-0.5596,-0.0716,-0.2251,0.8563
738506.412014179,-0.5593,-0.0737,-0.2105,0.8435
738506.412016158,-0.5592,-0.0755,-0.1624,0.7971
738506.412018517,-0.5595,-0.0788,-0.107,0.7453
738506.412020819,-0.5603,-0.0809,-0.0842,0.7254
738506.412022987,-0.5603,-0.0834,-0.0526,0.6963
738506.412025266,-0.5603,-0.0856,-0.0096,0.6555
738506.412027486,-0.5612,-0.0891,0.0021,0.6524
738506.412029855,-0.5615,-0.0914,-0.0131,0.666
738506.412031852,-0.5621,-0.0943,-0.0226,0.679
738506.41203426,-0.5633,-0.0974,-0.0156,0.6763
738506.412036238,-0.5644,-0.1001,0.0038,0.6683
738506.412038236,-0.5657,-0.1029,0.0236,0.6922
738506.412040411,-0.5673,-0.1056,0.0317,0.7046
738506.412042468,-0.5694,-0.1093,0.0215,0.7002
738506.412044775,-0.572,-0.1126,-0,0.6846
738506.412047056,-0.5745,-0.1159,-0.0154,0.7058
738506.412049308,-0.5772,-0.1195,-0.007,0.7037
738506.412051513,-0.5796,-0.1228,0.0238,0.7262
738506.412053784,-0.5827,-0.1274,0.0469,0.757
738506.412056112,-0.5858,-0.1307,0.0335,0.75
738506.412058471,-0.5887,-0.1349,-0.0092,0.7328
738506.412060501,-0.5914,-0.1378,-0.0346,0.7638
738506.412062702,-0.5942,-0.1423,-0.0279,0.7644
738506.412064874,-0.597,-0.1459,0.0045,0.7474
738506.412067233,-0.5992,-0.1501,0.0251,0.7744
738506.41206952,-0.6023,-0.1535,0.0375,0.7933
738506.41207188,-0.6051,-0.1581,0.0904,0.8536
738506.412073995,-0.6067,-0.1616,0.1549,0.9232
738506.412076344,-0.6091,-0.166,0.1874,0.9625
738506.412078361,-0.6106,-0.1698,0.1958,0.9762
738506.412080685,-0.6122,-0.1732,0.2157,1.0011
738506.412083037,-0.6135,-0.1776,0.2481,1.0392
738506.412085337,-0.6144,-0.182,0.2542,1.0506
738506.41208735,-0.6148,-0.186,0.2136,1.0144
738506.412089473,-0.6153,-0.1896,0.1385,0.9434
738506.412091454,-0.6161,-0.1935,0.0822,0.8918
738506.412093782,-0.6168,-0.198,0.0622,0.877
738506.412096117,-0.6169,-0.2024,0.0808,0.9001
738506.412098375,-0.617,-0.206,0.1013,0.9243
738506.412100718,-0.617,-0.2105,0.0927,0.9202
738506.41210301,-0.6169,-0.2149,0.0551,0.8869
738506.412105085,-0.617,-0.2189,0.0089,0.8448
738506.412107224,-0.6168,-0.2227,-0.0335,0.873
738506.412109302,-0.6165,-0.2265,-0.0578,0.9008
738506.412111614,-0.6163,-0.231,-0.0699,0.9172
738506.412113612,-0.616,-0.235,-0.0899,0.9409
738506.412115913,-0.615,-0.2395,-0.1441,0.9986
738506.412118241,-0.6146,-0.244,-0.1946,1.0532
738506.412120565,-0.6148,-0.2487,-0.2067,1.0702
738506.412122907,-0.6138,-0.2522,-0.2076,1.0736
738506.412125315,-0.6131,-0.2577,-0.2484,1.1192
738506.412127876,-0.6125,-0.262,-0.3458,1.2203
738506.412130204,-0.6122,-0.2662,-0.4678,1.3462
738506.412132487,-0.612,-0.2709,-0.5426,1.4255
738506.412134749,-0.6117,-0.2746,-0.5678,1.4541
738506.412137034,-0.6112,-0.2781,-0.5679,1.4572
738506.412139327,-0.6106,-0.2826,-0.5699,1.4631
738506.41214163,-0.6099,-0.2863,-0.5565,1.4527
738506.412143621,-0.609,-0.2893,-0.5029,1.4012
738506.412145827,-0.6075,-0.293,-0.4009,1.3014
738506.412147802,-0.6059,-0.2962,-0.2993,1.2014
738506.412150058,-0.6032,-0.2989,-0.2166,1.1187
738506.412152083,-0.6005,-0.3017,-0.1884,1.0906
738506.412154276,-0.5975,-0.3042,-0.2038,1.1055
738506.412156705,-0.5947,-0.308,-0.235,1.1377
738506.412158775,-0.5916,-0.3108,-0.2496,1.152
738506.412160927,-0.5881,-0.3126,-0.2509,1.1516
738506.412163059,-0.5845,-0.3153,-0.2737,1.1735
738506.412165176,-0.5813,-0.3173,-0.3242,1.2228
738506.412167325,-0.5776,-0.3202,-0.3803,1.2781
738506.412169386,-0.5742,-0.322,-0.4114,1.3076
738506.412171402,-0.5708,-0.324,-0.4238,1.3186
738506.412173361,-0.5675,-0.3262,-0.4442,1.3379
738506.412175381,-0.5641,-0.3282,-0.4912,1.3835
738506.412177515,-0.5611,-0.33,-0.5568,1.4479
738506.412179617,-0.5586,-0.3319,-0.6034,1.4939
738506.412181852,-0.5562,-0.3337,-0.6157,1.5056
738506.412184232,-0.5541,-0.3362,-0.6098,1.5001
738506.412186357,-0.5527,-0.3381,-0.6153,1.5061
738506.41218865,-0.5522,-0.3408,-0.6498,1.5428
738506.412190891,-0.5523,-0.3426,-0.703,1.5979
738506.412193201,-0.5527,-0.3453,-0.7456,1.6436
738506.412195523,-0.5535,-0.3468,-0.7543,1.6546
738506.412197856,-0.5552,-0.3495,-0.757,1.6617
738506.412200202,-0.5574,-0.3512,-0.798,1.7066
738506.412202186,-0.5596,-0.3532,-0.8612,1.774
738506.412204536,-0.5636,-0.3549,-0.9246,1.8431
738506.412206528,-0.5672,-0.357,-0.9441,1.8683
738506.412208812,-0.5718,-0.3597,-0.9367,1.8682
738506.412210869,-0.5763,-0.3609,-0.9257,1.8629
738506.412213232,-0.5818,-0.3634,-0.9234,1.8686
738506.412215311,-0.5865,-0.3655,-0.9135,1.8655
738506.41221727,-0.5904,-0.3675,-0.8615,1.8194
738506.412219713,-0.5956,-0.3703,-0.7493,1.7152
738506.412222051,-0.5999,-0.3728,-0.6063,1.579
738506.412224133,-0.604,-0.3749,-0.4677,1.4466
738506.412226426,-0.6073,-0.3775,-0.3379,1.3227
738506.412228738,-0.6102,-0.3802,-0.2489,1.2393
738506.412231033,-0.6135,-0.3832,-0.2036,1.2003
738506.412233151,-0.6157,-0.385,-0.1762,1.1769
738506.412235268,-0.6174,-0.3882,-0.153,1.1586
738506.41223762,-0.619,-0.3908,-0.17,1.1798
738506.412239833,-0.6206,-0.3937,-0.2504,1.2647
738506.412241815,-0.6212,-0.3947,-0.3428,1.3587
738506.412244135,-0.622,-0.3975,-0.431,1.4505
738506.412246219,-0.6225,-0.3998,-0.4707,1.493
738506.412248631,-0.6226,-0.4013,-0.4834,1.5073
738506.412250657,-0.6222,-0.4034,-0.4928,1.5184
738506.412252729,-0.6215,-0.4044,-0.522,1.5479
738506.412255124,-0.6204,-0.4061,-0.5818,1.6083
738506.412257193,-0.6197,-0.4072,-0.6174,1.6443
738506.412259575,-0.6186,-0.4087,-0.5949,1.6222
738506.412261619,-0.6176,-0.4088,-0.5321,1.5585
738506.412263715,-0.6166,-0.4099,-0.4633,1.4898
738506.412265934,-0.6153,-0.4094,-0.4114,1.4361
738506.412268048,-0.6142,-0.4106,-0.3701,1.3949
738506.41227003,-0.6125,-0.4106,-0.3199,1.343
738506.412272352,-0.6108,-0.4104,-0.2472,1.2684
738506.412274568,-0.6092,-0.4101,-0.1842,1.2035
738506.412276747,-0.6077,-0.4099,-0.1662,1.1838
738506.41227875,-0.6062,-0.4099,-0.2022,1.2183
738506.412280814,-0.6054,-0.4089,-0.2685,1.2828
738506.412283008,-0.605,-0.4089,-0.3411,1.355
738506.412285134,-0.6047,-0.4076,-0.3889,1.4012
738506.412287183,-0.6041,-0.4064,-0.4072,1.4177
738506.412289226,-0.6038,-0.4055,-0.4181,1.4274
738506.412291269,-0.604,-0.4044,-0.4421,1.4505
738506.412293253,-0.6043,-0.4034,-0.4668,1.4745
738506.412295399,-0.6039,-0.4034,-0.4711,1.4784
738506.412297472,-0.6037,-0.4023,-0.4678,1.4738
738506.412299923,-0.6039,-0.4006,-0.4954,1.4999
738506.412302052,-0.6037,-0.3994,-0.5363,1.5394
738506.412304163,-0.6034,-0.3983,-0.5427,1.5444
738506.412306229,-0.6031,-0.3983,-0.4945,1.4959
738506.412308203,-0.6025,-0.3973,-0.4155,1.4153
738506.412310505,-0.6014,-0.396,-0.3338,1.3312
738506.412313014,-0.6001,-0.3952,-0.2909,1.2862
738506.412315293,-0.5994,-0.3937,-0.2999,1.293
738506.412317546,-0.5989,-0.3933,-0.3377,1.3299
738506.412319827,-0.5987,-0.3919,-0.3758,1.3664
738506.412322103,-0.5983,-0.3906,-0.3929,1.3818
738506.412324377,-0.5975,-0.3902,-0.393,1.3807
738506.41232638,-0.5971,-0.3892,-0.4062,1.3925
738506.412328771,-0.5969,-0.3877,-0.4658,1.4504
738506.412331175,-0.5965,-0.3871,-0.5605,1.5441
738506.412333576,-0.5967,-0.3856,-0.6406,1.6229
738506.412335878,-0.5972,-0.3851,-0.6873,1.6696
738506.412338276,-0.5979,-0.3838,-0.7225,1.7042
738506.412340279,-0.598,-0.3826,-0.7574,1.738
738506.412342475,-0.5986,-0.3813,-0.7929,1.7728
738506.412344579,-0.5995,-0.3803,-0.8022,1.782
738506.412346564,-0.6003,-0.3805,-0.7772,1.758
738506.41234857,-0.6008,-0.3793,-0.7241,1.7042
738506.412350557,-0.6015,-0.3785,-0.6708,1.6508
738506.412352512,-0.6021,-0.3775,-0.6394,1.619
738506.412354705,-0.6033,-0.3764,-0.638,1.6177
738506.412356717,-0.6041,-0.375,-0.6492,1.6283
738506.41235883,-0.605,-0.375,-0.6421,1.6221
738506.412360783,-0.6059,-0.3742,-0.6146,1.5947
738506.412362773,-0.6067,-0.3732,-0.5739,1.5538
738506.412364732,-0.6073,-0.3722,-0.5283,1.5078
738506.412366676,-0.608,-0.3714,-0.4842,1.4636
738506.412368668,-0.6081,-0.3715,-0.4462,1.4258
738506.412370752,-0.6081,-0.3704,-0.4107,1.3892
738506.412372735,-0.6081,-0.3705,-0.3825,1.3611
738506.412374731,-0.6081,-0.3695,-0.3648,1.3424
738506.412376785,-0.6081,-0.3683,-0.3576,1.334
738506.412378713,-0.608,-0.3686,-0.3636,1.3402
738506.412380632,-0.6079,-0.3678,-0.3871,1.3628
738506.412382558,-0.608,-0.367,-0.4309,1.4059
738506.412384534,-0.6083,-0.3661,-0.4947,1.4691
738506.412386572,-0.6081,-0.366,-0.5556,1.5297
738506.412388556,-0.6078,-0.365,-0.5807,1.5535
738506.412390582,-0.6076,-0.3642,-0.5782,1.55
738506.412392474,-0.6069,-0.3643,-0.5735,1.5447
738506.412394602,-0.6056,-0.3631,-0.5837,1.5524
738506.412396653,-0.6039,-0.3621,-0.5841,1.5501
738506.412398683,-0.6025,-0.36,-0.544,1.5065
738506.412400718,-0.601,-0.359,-0.4693,1.4293
738506.412402953,-0.5983,-0.3566,-0.3987,1.3536
738506.412405165,-0.5958,-0.3554,-0.3867,1.3379
738506.412407298,-0.5935,-0.3531,-0.4199,1.3665
738506.412409434,-0.5909,-0.3508,-0.4553,1.397
738506.412411452,-0.5883,-0.3487,-0.4705,1.4075
738506.412413539,-0.5858,-0.3454,-0.4791,1.4103
738506.412415528,-0.5837,-0.3433,-0.5118,1.4388
738506.412417428,-0.582,-0.3403,-0.5791,1.5014
738506.412419507,-0.5808,-0.3373,-0.6723,1.5904
738506.412421622,-0.5795,-0.3338,-0.7589,1.6722
738506.412423662,-0.5788,-0.3306,-0.8036,1.713
738506.412425742,-0.5783,-0.3273,-0.8152,1.7208
738506.412427818,-0.5777,-0.3241,-0.8143,1.7161
738506.412429831,-0.5774,-0.3211,-0.8286,1.7271
738506.412431833,-0.5775,-0.3167,-0.8596,1.7538
738506.412433836,-0.5782,-0.3136,-0.8857,1.7775
738506.412435834,-0.5789,-0.3104,-0.8829,1.7722
738506.412437799,-0.5796,-0.3062,-0.8407,1.7265
738506.412439858,-0.58,-0.3029,-0.7615,1.6444
738506.412441867,-0.5803,-0.2985,-0.6703,1.5491
738506.412443892,-0.5811,-0.2943,-0.6123,1.4877
738506.412445928,-0.5817,-0.2911,-0.6058,1.4786
738506.412448025,-0.5822,-0.2867,-0.637,1.5059
738506.412450056,-0.5831,-0.2836,-0.6721,1.5388
738506.41245205,-0.5839,-0.2792,-0.6985,1.5616
738506.412454055,-0.5847,-0.2761,-0.7257,1.5865
738506.412456059,-0.585,-0.2728,-0.757,1.6148
738506.412458001,-0.5856,-0.2686,-0.781,1.6352
738506.412459953,-0.5862,-0.2655,-0.7829,1.6346
738506.412461933,-0.5867,-0.2624,-0.7475,1.5966
738506.412463865,-0.5866,-0.2593,-0.6714,1.5173
738506.412465903,-0.5858,-0.2561,-0.5673,1.4092
738506.412467998,-0.5846,-0.2528,-0.4517,1.2891
738506.412470109,-0.5829,-0.2493,-0.3631,1.1953
738506.41247225,-0.5814,-0.246,-0.3187,1.1461
738506.412474384,-0.5796,-0.2425,-0.3084,1.1305
738506.41247653,-0.5782,-0.2403,-0.2994,1.1179
738506.412478512,-0.5765,-0.2379,-0.258,1.0724
738506.412480551,-0.5759,-0.237,-0.2007,1.0136
738506.412482564,-0.5756,-0.2359,-0.1636,0.9751
738506.412484633,-0.5759,-0.236,-0.1613,0.9732
738506.412486745,-0.577,-0.2372,-0.1699,0.9841
738506.412488983,-0.579,-0.2379,-0.1571,0.974
738506.412491136,-0.5815,-0.2401,-0.1159,0.9375
738506.412493236,-0.5846,-0.2435,-0.0699,0.898
738506.412495303,-0.588,-0.2469,-0.0459,0.8808
738506.412497353,-0.5919,-0.2504,-0.0478,0.8901
738506.412499322,-0.5961,-0.2538,-0.0601,0.91
738506.412501401,-0.6005,-0.2584,-0.0555,0.9144
738506.412503533,-0.6052,-0.2642,-0.0206,0.89
738506.412505513,-0.6094,-0.2699,0.0181,0.8974
738506.412507528,-0.6135,-0.2756,0.0291,0.9182
738506.412509486,-0.6174,-0.2816,-0.0002,0.8992
738506.412511527,-0.6214,-0.2886,-0.0555,0.9655
738506.412513488,-0.625,-0.2957,-0.1076,1.0283
738506.412515476,-0.6281,-0.3026,-0.1382,1.0689
738506.412517597,-0.6316,-0.3107,-0.1397,1.082
738506.412519696,-0.634,-0.3185,-0.1169,1.0694
738506.412521922,-0.6363,-0.3266,-0.0869,1.0498
738506.412524153,-0.6378,-0.3343,-0.075,1.0471
738506.412526427,-0.64,-0.3433,-0.0755,1.0588
738506.412528919,-0.6412,-0.3506,-0.0412,1.033
738506.412531234,-0.6425,-0.3594,0.0036,1.0055
738506.412533654,-0.6438,-0.3658,-0.0074,1.017
738506.412535951,-0.6449,-0.3724,-0.0739,1.0912
738506.412538295,-0.6458,-0.3777,-0.1581,1.1816
738506.41254066,-0.6471,-0.3831,-0.2191,1.2493
738506.412542972,-0.6482,-0.3872,-0.238,1.2734
738506.412545362,-0.6495,-0.3913,-0.2277,1.2685
738506.412547494,-0.6509,-0.3949,-0.2301,1.2759
738506.412549611,-0.6529,-0.3983,-0.2721,1.3233
738506.412551886,-0.6555,-0.4003,-0.3201,1.3759
738506.41255415,-0.6578,-0.4022,-0.3275,1.3875
738506.4125563,-0.6601,-0.4046,-0.3028,1.3675
738506.412558472,-0.6626,-0.4066,-0.2813,1.3505
738506.4125606,-0.6651,-0.4089,-0.2827,1.3567
738506.412562944,-0.6677,-0.4098,-0.2929,1.3704
738506.412565062,-0.6702,-0.412,-0.2948,1.377
738506.412567098,-0.6724,-0.4133,-0.2889,1.3746
738506.412569178,-0.6744,-0.4144,-0.2897,1.3785
738506.412571254,-0.6767,-0.4157,-0.3157,1.4081
738506.41257333,-0.6787,-0.4168,-0.3735,1.469
738506.412575445,-0.6811,-0.4181,-0.4561,1.5553
738506.412578013,-0.6838,-0.4198,-0.5544,1.658
738506.412580131,-0.6864,-0.4209,-0.6148,1.7221
738506.412582273,-0.6885,-0.4218,-0.6399,1.7502
738506.412584399,-0.6907,-0.4231,-0.643,1.7568
738506.412586437,-0.6924,-0.423,-0.6475,1.7629
738506.412588594,-0.6948,-0.4243,-0.6714,1.7905
738506.412591465,-0.6977,-0.4258,-0.7284,1.8519
738506.412594369,-0.7003,-0.4269,-0.7774,1.9046
738506.412597186,-0.7032,-0.4278,-0.7735,1.9045
738506.412599773,-0.7069,-0.4289,-0.7763,1.9121
738506.412602263,-0.7095,-0.4304,-0.7864,1.9263
738506.412604594,-0.7123,-0.4323,-0.7488,1.8934
738506.41260675,-0.7145,-0.4334,-0.6812,1.8291
738506.412608791,-0.7156,-0.4347,-0.606,1.7563
738506.412610872,-0.716,-0.4358,-0.5238,1.6756
738506.412612886,-0.7163,-0.4374,-0.4506,1.6043
738506.412614864,-0.716,-0.4387,-0.3799,1.5346
738506.412616908,-0.7153,-0.44,-0.3059,1.4612
738506.412618876,-0.714,-0.4415,-0.2212,1.3767
738506.412620912,-0.7115,-0.4428,-0.1206,1.2749
738506.412623427,-0.7077,-0.4447,0.0076,1.16
738506.412625463,-0.7037,-0.4461,0.0885,1.2383
738506.41262756,-0.6985,-0.4472,0.1227,1.2684
738506.412629661,-0.6926,-0.4497,0.1184,1.2607
738506.41263171,-0.6862,-0.451,0.1147,1.2519
738506.412634126,-0.6783,-0.4543,0.1304,1.263
738506.412636113,-0.6708,-0.4558,0.127,1.2536
738506.412638187,-0.6629,-0.4583,0.078,1.1992
738506.412640585,-0.6538,-0.4614,-0.0152,1.1304
738506.412642923,-0.6447,-0.4635,-0.1091,1.2173
738506.412645252,-0.6366,-0.4663,-0.1867,1.2896
738506.412647352,-0.6266,-0.4694,-0.2795,1.3755
738506.412649338,-0.6188,-0.4721,-0.3637,1.4546
738506.412651554,-0.6106,-0.4746,-0.4668,1.552
738506.41265379,-0.6018,-0.4781,-0.5704,1.6503
738506.412655879,-0.594,-0.4806,-0.6329,1.7075
738506.41265791,-0.5869,-0.4822,-0.6571,1.7262
738506.412659937,-0.5796,-0.4849,-0.6789,1.7434
738506.412662336,-0.5716,-0.4882,-0.7242,1.784
738506.412664345,-0.5657,-0.4912,-0.7553,1.8122
738506.412666648,-0.5584,-0.4933,-0.7561,1.8078
738506.412668717,-0.5523,-0.4961,-0.7208,1.7692
738506.41267111,-0.5454,-0.4996,-0.6597,1.7047
738506.412673072,-0.5395,-0.5012,-0.6153,1.656
738506.412675088,-0.5343,-0.5041,-0.6004,1.6388
738506.412677252,-0.5293,-0.5069,-0.6281,1.6643
738506.41267942,-0.5235,-0.5094,-0.672,1.7049
738506.412681498,-0.5185,-0.5122,-0.6785,1.7092
738506.412683566,-0.5144,-0.5148,-0.6601,1.6893
738506.412685843,-0.5099,-0.5173,-0.6525,1.6797
738506.412687893,-0.5062,-0.5201,-0.6577,1.684
738506.412689855,-0.5034,-0.5217,-0.6534,1.6785
738506.41269222,-0.5004,-0.5252,-0.6246,1.6502
738506.412694278,-0.4978,-0.5268,-0.5976,1.6222
738506.412696687,-0.4957,-0.5292,-0.6029,1.6278
738506.412698716,-0.4944,-0.532,-0.6449,1.6713
738506.412701048,-0.4935,-0.5344,-0.7098,1.7377
738506.412703425,-0.493,-0.5368,-0.7654,1.7952
738506.412705511,-0.493,-0.5396,-0.7936,1.8262
738506.412707562,-0.4933,-0.5412,-0.8083,1.8428
738506.41270968,-0.4941,-0.5438,-0.829,1.8669
738506.412711848,-0.4958,-0.5464,-0.8766,1.9188
738506.412713905,-0.4975,-0.548,-0.9372,1.9827
738506.412715965,-0.4999,-0.5508,-0.9979,2.0486
738506.412717983,-0.5026,-0.5524,-1.0297,2.0847
738506.412719989,-0.5061,-0.5542,-1.0203,2.0806
738506.412722189,-0.5101,-0.5568,-0.96,2.0269
738506.412724308,-0.514,-0.5582,-0.8746,1.9468
738506.412726338,-0.5178,-0.5598,-0.801,1.8786
738506.412728431,-0.5219,-0.5614,-0.7501,1.8334
738506.412730499,-0.5265,-0.5629,-0.7217,1.8111
738506.412732654,-0.5317,-0.5645,-0.6993,1.7955
738506.41273473,-0.5364,-0.5659,-0.6577,1.76
738506.41273683,-0.5414,-0.5675,-0.5964,1.7053
738506.412738839,-0.5467,-0.5692,-0.5356,1.6515
738506.41274095,-0.5519,-0.5706,-0.4975,1.62
738506.412743228,-0.5578,-0.5718,-0.4911,1.6207
738506.412745434,-0.5636,-0.5732,-0.5041,1.6409
738506.412747598,-0.5688,-0.5745,-0.4944,1.6377
738506.412749708,-0.5738,-0.5759,-0.4429,1.5926
738506.412751842,-0.5775,-0.5776,-0.3899,1.545
738506.412754003,-0.581,-0.5788,-0.3499,1.5097
738506.412756099,-0.5845,-0.5802,-0.2985,1.4632
738506.412758299,-0.5867,-0.5805,-0.2217,1.3889
738506.412760541,-0.5889,-0.5829,-0.142,1.3138
738506.412762682,-0.5907,-0.5831,-0.0901,1.2639
738506.412764839,-0.5916,-0.5844,-0.0584,1.2344
738506.412766973,-0.592,-0.5858,-0.0254,1.2032
738506.412769106,-0.5918,-0.5873,0.0282,1.2073
738506.412771258,-0.5908,-0.5887,0.0937,1.2732
738506.412773379,-0.5889,-0.5888,0.1507,1.3284
738506.412775476,-0.5865,-0.5904,0.1742,1.3511
738506.41277772,-0.5834,-0.5917,0.1669,1.342
738506.41277991,-0.5797,-0.5929,0.1166,1.2892
738506.412782025,-0.5757,-0.5932,0.0417,1.2106
738506.412784164,-0.5719,-0.5946,-0.0399,1.2064
738506.412786262,-0.5678,-0.5961,-0.1121,1.276
738506.412788366,-0.5632,-0.5963,-0.1877,1.3472
738506.412790455,-0.5589,-0.598,-0.2772,1.4341
738506.412792537,-0.5547,-0.5994,-0.3765,1.5306
738506.412794564,-0.551,-0.5999,-0.4548,1.6057
738506.412796645,-0.5466,-0.6011,-0.5019,1.6496
738506.412798714,-0.5427,-0.6028,-0.5061,1.6516
738506.412800758,-0.5389,-0.6032,-0.4856,1.6277
738506.412802799,-0.5354,-0.6037,-0.4673,1.6064
738506.412804911,-0.5319,-0.6052,-0.4693,1.6064
738506.412807084,-0.5285,-0.6066,-0.4816,1.6167
738506.412809156,-0.5253,-0.6069,-0.469,1.6012
738506.412811294,-0.5229,-0.6073,-0.4269,1.5571
738506.412813429,-0.52,-0.6088,-0.3852,1.514
738506.412815522,-0.5171,-0.6091,-0.3711,1.4973
738506.412817667,-0.5148,-0.6093,-0.3735,1.4976
738506.412819809,-0.5125,-0.6108,-0.3658,1.4891
738506.412821747,-0.5101,-0.6112,-0.3353,1.4566
738506.412823756,-0.5078,-0.6119,-0.2839,1.4036
738506.412825833,-0.505,-0.6121,-0.2314,1.3485
738506.412827918,-0.5026,-0.6126,-0.2004,1.3156
738506.412830027,-0.4997,-0.6141,-0.1964,1.3102
738506.412832044,-0.4971,-0.6145,-0.2125,1.3241
738506.412834065,-0.4947,-0.615,-0.2241,1.3338
738506.412836384,-0.4922,-0.6152,-0.2131,1.3205
738506.412838531,-0.4893,-0.6151,-0.178,1.2824
738506.412840809,-0.4859,-0.6164,-0.1527,1.255
738506.412843069,-0.4828,-0.6164,-0.1454,1.2446
738506.412845092,-0.4801,-0.6169,-0.1384,1.2354
738506.412847253,-0.4768,-0.6171,-0.1252,1.2191
738506.412849362,-0.4735,-0.6176,-0.1293,1.2204
738506.412851474,-0.4703,-0.6178,-0.1684,1.2565
738506.412853567,-0.4674,-0.6183,-0.2252,1.3109
738506.412855674,-0.464,-0.6186,-0.2676,1.3502
738506.412857811,-0.4607,-0.619,-0.274,1.3537
738506.412859965,-0.4567,-0.6193,-0.2363,1.3123
738506.412862106,-0.4523,-0.6195,-0.1605,1.2323
738506.412864189,-0.4478,-0.6212,-0.0767,1.1457
738506.412866297,-0.4431,-0.6217,-0.0143,1.0791
738506.412868458,-0.4382,-0.6222,-0.0058,1.0662
738506.412870569,-0.433,-0.6224,-0.0461,1.1015
738506.412872653,-0.4284,-0.6241,-0.1006,1.1531
738506.412874812,-0.4241,-0.6246,-0.143,1.1917
738506.412876993,-0.419,-0.6261,-0.1669,1.212
738506.412879162,-0.4137,-0.6264,-0.1973,1.2374
738506.412881318,-0.409,-0.6268,-0.2523,1.2881
738506.412883579,-0.4043,-0.6283,-0.3298,1.3624
738506.412885873,-0.3993,-0.6296,-0.3973,1.4262
738506.41288813,-0.3944,-0.6312,-0.4346,1.4602
738506.412890426,-0.3898,-0.6314,-0.4595,1.4807
738506.412892685,-0.3853,-0.6327,-0.5065,1.5245
738506.412894863,-0.3808,-0.6345,-0.5725,1.5878
738506.412896969,-0.3764,-0.6347,-0.6215,1.6326
738506.412899036,-0.3732,-0.6366,-0.6393,1.6491
738506.412901106,-0.3697,-0.6371,-0.638,1.6448
738506.412903215,-0.3662,-0.6389,-0.632,1.6371
738506.412905281,-0.3629,-0.6393,-0.6312,1.6334
738506.412907371,-0.3602,-0.6413,-0.6329,1.6344
738506.412909403,-0.3576,-0.6417,-0.6241,1.6234
738506.412911576,-0.3545,-0.642,-0.5932,1.5897
738506.412913651,-0.352,-0.6427,-0.5569,1.5516
738506.412915755,-0.3496,-0.6444,-0.5347,1.5287
738506.412917843,-0.3472,-0.6449,-0.5325,1.5246
738506.412920014,-0.3441,-0.6452,-0.5249,1.5142
738506.412922072,-0.3414,-0.6459,-0.4814,1.4687
738506.41292408,-0.3383,-0.6451,-0.408,1.3914
738506.412926289,-0.3345,-0.6456,-0.3299,1.31
738506.41292844,-0.3304,-0.646,-0.2824,1.2588
738506.412930489,-0.3264,-0.6465,-0.2427,1.2156
738506.412932608,-0.3218,-0.6457,-0.1828,1.1503
738506.412934679,-0.3164,-0.6462,-0.1115,1.0741
738506.412936772,-0.3114,-0.6457,-0.0632,1.0203
738506.412939015,-0.3056,-0.6447,-0.0602,1.0105
738506.412941117,-0.2997,-0.6451,-0.0845,1.0293
738506.412943254,-0.2936,-0.6444,-0.1071,1.0451
738506.412945338,-0.2875,-0.6436,-0.1303,1.0614
738506.412947411,-0.2816,-0.643,-0.171,1.0956
738506.412949488,-0.2755,-0.6422,-0.2395,1.1572
738506.412951575,-0.2697,-0.6416,-0.3415,1.2528
738506.412953661,-0.2639,-0.6408,-0.4634,1.3681
738506.412955993,-0.2581,-0.6398,-0.6068,1.5047
738506.412958218,-0.2533,-0.6391,-0.7244,1.6168
738506.412960284,-0.2489,-0.6383,-0.7935,1.6807
738506.412962564,-0.2447,-0.6375,-0.8354,1.7176
738506.412964714,-0.2408,-0.6367,-0.8631,1.7406
738506.412966899,-0.2374,-0.6359,-0.8935,1.7668
738506.412969066,-0.2344,-0.6349,-0.938,1.8073
738506.412971247,-0.2332,-0.6343,-0.9899,1.8574
738506.41297351,-0.2314,-0.6333,-1.0177,1.8824
738506.41297563,-0.2294,-0.6325,-0.989,1.8509
738506.412977728,-0.2283,-0.6319,-0.9183,1.7785
738506.412979857,-0.2268,-0.6311,-0.8386,1.6965
738506.412981955,-0.2255,-0.6305,-0.7747,1.6307
738506.412984133,-0.2243,-0.6297,-0.7309,1.5849
738506.41298631,-0.2237,-0.6289,-0.6927,1.5453
738506.412988501,-0.223,-0.6281,-0.6579,1.509
738506.412990751,-0.2224,-0.6286,-0.646,1.497
738506.412993022,-0.2223,-0.6276,-0.6803,1.5302
738506.412995204,-0.2229,-0.6268,-0.7472,1.5969
738506.412997374,-0.2237,-0.626,-0.8102,1.6599
738506.412999528,-0.2246,-0.6252,-0.8439,1.6937
738506.413001711,-0.2261,-0.6243,-0.8582,1.7086
738506.413003772,-0.2283,-0.624,-0.88,1.7323
738506.413005978,-0.2307,-0.6229,-0.9218,1.7754
738506.413008225,-0.2335,-0.6221,-0.952,1.8076
738506.413010501,-0.2368,-0.6211,-0.9405,1.7984
738506.413012769,-0.2404,-0.6214,-0.8919,1.7537
738506.413015128,-0.2445,-0.6203,-0.8368,1.7016
738506.413017086,-0.2478,-0.6197,-0.808,1.6755
738506.413019188,-0.2522,-0.6189,-0.7771,1.6482
738506.41302127,-0.2563,-0.617,-0.7176,1.5909
738506.413023464,-0.2596,-0.6162,-0.6214,1.4972
738506.41302557,-0.2627,-0.6154,-0.5333,1.4114
738506.413027697,-0.2659,-0.6146,-0.4871,1.3676
738506.413029766,-0.269,-0.6127,-0.4748,1.3565
738506.41303194,-0.2716,-0.6119,-0.4635,1.347
738506.413034036,-0.2739,-0.6097,-0.4314,1.315
738506.413036184,-0.2761,-0.6089,-0.3804,1.2654
738506.413038335,-0.2778,-0.6066,-0.3303,1.2147
738506.413040352,-0.2791,-0.6047,-0.3049,1.1887
738506.413042407,-0.28,-0.6015,-0.3089,1.1904
738506.413044536,-0.281,-0.5993,-0.3298,1.2101
738506.413046648,-0.2819,-0.5959,-0.3457,1.2235
738506.413048775,-0.2822,-0.5938,-0.3492,1.2252
738506.413050901,-0.2827,-0.5906,-0.3563,1.2296
738506.413053103,-0.2834,-0.5869,-0.389,1.2593
738506.41305524,-0.2841,-0.5835,-0.436,1.3036
738506.413057372,-0.2848,-0.58,-0.4793,1.3441
738506.413059594,-0.2852,-0.5766,-0.4878,1.3496
738506.413061643,-0.2853,-0.5731,-0.4577,1.3161
738506.41306379,-0.2852,-0.5696,-0.4106,1.2654
738506.413065907,-0.2846,-0.5662,-0.3774,1.2282
738506.413068011,-0.2834,-0.5627,-0.3741,1.2202
738506.413070107,-0.2815,-0.5592,-0.3971,1.2378
738506.413072252,-0.2793,-0.5558,-0.4291,1.2642
738506.413074419,-0.2769,-0.5523,-0.4441,1.2733
738506.413076572,-0.2734,-0.5486,-0.4238,1.2458
738506.413078922,-0.2685,-0.5449,-0.3896,1.203
738506.413081239,-0.2632,-0.541,-0.3849,1.1891
738506.413083452,-0.2578,-0.5375,-0.3916,1.1869
738506.413085678,-0.2511,-0.5337,-0.3731,1.1579
738506.413087848,-0.2442,-0.53,-0.3372,1.1114
738506.413089986,-0.2379,-0.5267,-0.314,1.0786
738506.413092115,-0.2306,-0.5232,-0.3172,1.071
738506.413094254,-0.2228,-0.521,-0.3314,1.0752
738506.413096328,-0.2151,-0.5175,-0.3271,1.0597
738506.413098657,-0.2067,-0.5138,-0.2975,1.018
738506.413100745,-0.1987,-0.5102,-0.2694,0.9783
738506.413102868,-0.1907,-0.5067,-0.2537,0.9511
738506.413105025,-0.1831,-0.5034,-0.2584,0.9449
738506.413107253,-0.1749,-0.4996,-0.2859,0.9604
738506.413109491,-0.1675,-0.4961,-0.3272,0.9908
738506.413111641,-0.1607,-0.4926,-0.3574,1.0107
738506.413113875,-0.1537,-0.489,-0.3548,0.9975
738506.413116137,-0.1463,-0.4866,-0.3186,0.9515
738506.413118457,-0.1398,-0.483,-0.2795,0.9023
738506.413120782,-0.1329,-0.4792,-0.263,0.8751
738506.413123029,-0.1257,-0.4754,-0.2672,0.8683
738506.413125124,-0.1195,-0.4734,-0.2804,0.8733
738506.413127344,-0.1132,-0.4698,-0.2937,0.8767
738506.413129581,-0.1072,-0.4676,-0.3095,0.8843
738506.413131724,-0.1013,-0.464,-0.3443,0.9096
738506.413133864,-0.0961,-0.462,-0.41,0.9681
738506.413136031,-0.0912,-0.4597,-0.4897,1.0406
738506.413138056,-0.0875,-0.4579,-0.5521,1.0975
738506.413140365,-0.0832,-0.4554,-0.5803,1.1189
738506.413142665,-0.0788,-0.4529,-0.5612,1.0929
738506.413144869,-0.0748,-0.452,-0.5293,1.0561
738506.413147143,-0.0715,-0.4497,-0.5238,1.045
738506.41314937,-0.0686,-0.4488,-0.5568,1.0742
738506.413151802,-0.0655,-0.4476,-0.6027,1.1158
738506.413153805,-0.0633,-0.4456,-0.6226,1.1315
738506.413155908,-0.0618,-0.4451,-0.6229,1.1298
738506.413158282,-0.0601,-0.4437,-0.6295,1.1333
738506.413160611,-0.0589,-0.4441,-0.6551,1.1581
738506.413162905,-0.0584,-0.4429,-0.6495,1.1508
738506.413165267,-0.0581,-0.442,-0.5983,1.0984
738506.413167325,-0.0571,-0.4426,-0.5514,1.0511
738506.413169735,-0.0571,-0.4414,-0.5333,1.0318
738506.413172115,-0.0576,-0.4416,-0.5283,1.0275
738506.413174416,-0.0576,-0.4417,-0.495,0.9943
738506.413176712,-0.058,-0.4408,-0.437,0.9358
738506.413178989,-0.0583,-0.441,-0.391,0.8903
738506.413181097,-0.0586,-0.4402,-0.3842,0.883
738506.413183381,-0.0593,-0.4409,-0.3936,0.8938
738506.413185389,-0.06,-0.4401,-0.3877,0.8878
738506.413187665,-0.0609,-0.4392,-0.3566,0.8567
738506.413189941,-0.0614,-0.4396,-0.3251,0.8261
738506.413192108,-0.0619,-0.4386,-0.3244,0.8249
738506.413194123,-0.0628,-0.4395,-0.3571,0.8594
738506.413196289,-0.0638,-0.4385,-0.4229,0.9252
738506.413198366,-0.0657,-0.438,-0.4994,1.0031
738506.413200341,-0.0675,-0.4375,-0.5681,1.0731
738506.413202572,-0.0697,-0.4365,-0.623,1.1292
738506.413204965,-0.0719,-0.4365,-0.6592,1.1676
738506.413206967,-0.0744,-0.436,-0.6912,1.2016
738506.413209255,-0.0772,-0.4348,-0.7448,1.2568
738506.413211503,-0.0799,-0.4352,-0.7929,1.308
738506.413213748,-0.0832,-0.4342,-0.802,1.3194
738506.413215898,-0.086,-0.4332,-0.7622,1.2814
738506.413218046,-0.0886,-0.4323,-0.7124,1.2333
738506.413220436,-0.0919,-0.4313,-0.6967,1.2199
738506.413222608,-0.0954,-0.4303,-0.6967,1.2224
738506.413224724,-0.0981,-0.4294,-0.6649,1.1924
738506.413226888,-0.1001,-0.4284,-0.5983,1.1268
738506.413228993,-0.1024,-0.4277,-0.532,1.0621
738506.41323109,-0.1042,-0.4269,-0.5011,1.0322
738506.413233284,-0.1065,-0.4259,-0.5112,1.0436
738506.413235517,-0.1085,-0.4247,-0.5521,1.0853
738506.413237687,-0.1107,-0.4238,-0.5984,1.1329
738506.413239792,-0.113,-0.423,-0.6259,1.1619
738506.41324196,-0.1155,-0.422,-0.629,1.1665
738506.413244078,-0.1182,-0.4213,-0.62,1.1595
738506.413246204,-0.1205,-0.4217,-0.6185,1.1607
738506.413248116,-0.1226,-0.4209,-0.6312,1.1747
738506.413250211,-0.1254,-0.4202,-0.6464,1.192
738506.413252384,-0.1279,-0.4203,-0.6445,1.1927
738506.413254497,-0.1304,-0.4196,-0.6167,1.1667
738506.413256609,-0.1322,-0.4186,-0.5642,1.115
738506.413258686,-0.1337,-0.4192,-0.5031,1.056
738506.413260833,-0.1348,-0.4182,-0.4505,1.0035
738506.413262943,-0.1363,-0.4188,-0.4205,0.9756
738506.413265074,-0.1368,-0.4179,-0.402,0.9567
738506.413267104,-0.1367,-0.4171,-0.3676,0.9214
738506.413269264,-0.1371,-0.4177,-0.3228,0.8776
738506.413271503,-0.1366,-0.4165,-0.3094,0.8625
738506.413273703,-0.1358,-0.4155,-0.3387,0.89
738506.413275905,-0.1356,-0.4159,-0.3695,0.921
738506.413278122,-0.1354,-0.4149,-0.3802,0.9305
738506.413280346,-0.1348,-0.4139,-0.3717,0.9204
738506.413282528,-0.1339,-0.4129,-0.3613,0.9081
738506.413284691,-0.133,-0.4119,-0.3702,0.9151
738506.413286922,-0.1323,-0.4107,-0.4084,0.9514
738506.413289102,-0.132,-0.4085,-0.4589,0.9994
738506.413291334,-0.1308,-0.4073,-0.4919,1.03
738506.413293545,-0.1305,-0.4063,-0.52,1.0568
738506.413295718,-0.1302,-0.4039,-0.5784,1.1125
738506.413298012,-0.1303,-0.4029,-0.6571,1.1903
738506.413300329,-0.1304,-0.4,-0.7201,1.2505
738506.413302608,-0.1313,-0.3976,-0.7453,1.2742
738506.413304881,-0.1322,-0.3964,-0.7401,1.2687
738506.413307038,-0.1329,-0.394,-0.7215,1.2484
738506.413309237,-0.1334,-0.3916,-0.7056,1.2306
738506.41331146,-0.1336,-0.3903,-0.7021,1.226
738506.413313747,-0.1341,-0.3877,-0.7117,1.2335
738506.413315962,-0.1346,-0.3864,-0.7189,1.2399
738506.413318171,-0.1347,-0.384,-0.7049,1.2236
738506.413320432,-0.1341,-0.3814,-0.662,1.1775
738506.413322596,-0.1336,-0.3803,-0.6075,1.1214
738506.413324979,-0.1332,-0.3777,-0.5609,1.0718
738506.413327047,-0.1316,-0.3764,-0.5469,1.0549
738506.413329247,-0.1296,-0.3754,-0.5464,1.0514
738506.41333146,-0.1276,-0.373,-0.5359,1.0365
738506.413333563,-0.1246,-0.3719,-0.5211,1.0176
738506.413335704,-0.1212,-0.3709,-0.523,1.0151
738506.413337891,-0.1177,-0.3685,-0.546,1.0322
738506.413340143,-0.1141,-0.3672,-0.5675,1.0488
738506.413342281,-0.1105,-0.3664,-0.5549,1.0318
738506.413344429,-0.1055,-0.3667,-0.5063,0.9785
738506.413346566,-0.1005,-0.3659,-0.4473,0.9137
738506.413348733,-0.0953,-0.3649,-0.4043,0.8645
738506.413350877,-0.0899,-0.3653,-0.3862,0.8414
738506.413352983,-0.0846,-0.3645,-0.3688,0.8179
738506.413355182,-0.079,-0.3648,-0.3287,0.7725
738506.4133573,-0.0739,-0.3654,-0.2738,0.7131
738506.413359424,-0.0687,-0.3658,-0.2323,0.6668
738506.413361584,-0.0637,-0.3678,-0.2307,0.6622
738506.413363808,-0.0585,-0.3682,-0.278,0.7047
738506.413365949,-0.0537,-0.3699,-0.3511,0.7747
738506.413368641,-0.0492,-0.3712,-0.4368,0.8572
738506.413370727,-0.0455,-0.3742,-0.47,0.8897
738506.413372837,-0.0418,-0.3762,-0.4611,0.8791
738506.413374925,-0.0388,-0.3785,-0.4534,0.8707
738506.413377086,-0.0354,-0.3817,-0.4596,0.8767
738506.413379197,-0.0322,-0.3837,-0.4625,0.8784
738506.413381259,-0.0293,-0.3874,-0.4411,0.8578
738506.413383501,-0.0259,-0.3906,-0.3849,0.8014
738506.413385709,-0.0229,-0.394,-0.3112,0.7281
738506.413388102,-0.0193,-0.3984,-0.253,0.6707
738506.413390302,-0.0162,-0.4033,-0.2401,0.6596
738506.413392441,-0.0134,-0.4082,-0.2655,0.6871
738506.413394635,-0.0113,-0.4131,-0.2926,0.717
738506.413396874,-0.0089,-0.4178,-0.2967,0.7234
738506.413399183,-0.0064,-0.4224,-0.2931,0.7219
738506.413401458,-0.0043,-0.4285,-0.3161,0.7489
738506.413403768,-0.0029,-0.4346,-0.3708,0.8083
738506.413405902,-0.0021,-0.4398,-0.4233,0.8652
738506.413408181,-0.0014,-0.4461,-0.4568,0.9043
738506.413410367,-0.0007,-0.4537,-0.4626,0.917
738506.413412752,-0.0005,-0.4596,-0.4671,0.9272
738506.413414875,-0.0008,-0.4659,-0.4935,0.9602
738506.413417021,-0.0014,-0.4723,-0.5405,1.0142
738506.413419149,-0.0024,-0.479,-0.5804,1.0618
738506.413421346,-0.0032,-0.4854,-0.5871,1.0757
738506.41342352,-0.0043,-0.4918,-0.557,1.0531
738506.413425682,-0.0053,-0.4982,-0.5122,1.0157
738506.413427795,-0.0059,-0.5046,-0.481,0.9915
738506.413430001,-0.007,-0.511,-0.478,0.996
738506.413432169,-0.0085,-0.5175,-0.4917,1.0177
738506.413434302,-0.0103,-0.5239,-0.4957,1.0299
738506.413436434,-0.0117,-0.5304,-0.4679,1.01
738506.413438582,-0.013,-0.5368,-0.4083,0.9581
738506.413440684,-0.0147,-0.5421,-0.3444,0.9012
738506.413442796,-0.0163,-0.5486,-0.3008,0.8657
738506.41344502,-0.0176,-0.5533,-0.282,0.8529
738506.413447197,-0.0193,-0.5584,-0.2613,0.839
738506.413449295,-0.021,-0.5634,-0.2158,0.8002
738506.413451513,-0.0231,-0.5671,-0.154,0.7442
738506.413453719,-0.0251,-0.5707,-0.1105,0.7063
738506.413455991,-0.0273,-0.5741,-0.0945,0.6959
738506.413458241,-0.0296,-0.576,-0.0787,0.6843
738506.41346044,-0.0321,-0.5767,-0.064,0.6728
738506.413462636,-0.0353,-0.5787,-0.0856,0.6996
738506.41346483,-0.0394,-0.5794,-0.1498,0.7686
738506.413467048,-0.0443,-0.5787,-0.2166,0.8396
738506.413469154,-0.0492,-0.578,-0.2454,0.8726
738506.413471298,-0.0548,-0.5771,-0.2453,0.8772
738506.413473505,-0.0614,-0.5749,-0.2459,0.8822
738506.413475594,-0.067,-0.5727,-0.2662,0.9059
738506.413477747,-0.0741,-0.5706,-0.293,0.9377
738506.413479826,-0.0813,-0.5669,-0.2905,0.9387
738506.413482073,-0.0885,-0.5645,-0.2396,0.8926
738506.413484249,-0.0954,-0.5609,-0.158,0.8143
738506.413486338,-0.1011,-0.5572,-0.093,0.7513
738506.413488567,-0.1071,-0.5534,-0.0629,0.7234
738506.413490715,-0.1122,-0.5497,-0.0618,0.7237
738506.413492966,-0.1165,-0.5444,-0.0495,0.7104
738506.413495159,-0.1205,-0.5407,-0.0254,0.6866
738506.413497315,-0.1237,-0.5368,-0.0241,0.6846
738506.413499585,-0.1273,-0.5329,-0.0539,0.7141
738506.413501802,-0.1308,-0.529,-0.0892,0.749
738506.413503989,-0.1337,-0.5239,-0.1169,0.7745
738506.413506303,-0.1363,-0.5197,-0.1357,0.7917
738506.413508487,-0.1386,-0.5158,-0.1385,0.7929
738506.413510806,-0.1406,-0.5118,-0.1288,0.7812
738506.413513044,-0.142,-0.5079,-0.1229,0.7728
738506.413515322,-0.1432,-0.504,-0.1545,0.8017
738506.413517565,-0.1448,-0.5,-0.2113,0.8561
738506.413519798,-0.1456,-0.4961,-0.2566,0.8983
738506.413521957,-0.1459,-0.4921,-0.2819,0.9199
738506.413524222,-0.1464,-0.4881,-0.3141,0.9486
738506.413526305,-0.1468,-0.4844,-0.3596,0.9908
738506.413528622,-0.1469,-0.4805,-0.4059,1.0333
738506.41353094,-0.147,-0.476,-0.417,1.04
738506.413533109,-0.1471,-0.4735,-0.3766,0.9972
738506.413535306,-0.147,-0.4697,-0.3135,0.9302
738506.413537448,-0.1461,-0.4658,-0.2634,0.8753
738506.413539566,-0.1458,-0.4635,-0.239,0.8483
738506.413541661,-0.1457,-0.4597,-0.2257,0.8311
738506.413543752,-0.1451,-0.456,-0.1974,0.7985
738506.413545782,-0.1439,-0.4537,-0.1511,0.7487
738506.413547857,-0.1428,-0.45,-0.1092,0.702
738506.413550003,-0.1416,-0.4474,-0.0947,0.6837
738506.413552029,-0.1409,-0.4439,-0.109,0.6938
738506.41355411,-0.1394,-0.4401,-0.1274,0.7069
738506.413556215,-0.1376,-0.4378,-0.119,0.6944
738506.413558393,-0.1354,-0.4353,-0.0739,0.6446
738506.413560491,-0.1333,-0.4315,-0.0441,0.6089
738506.413562632,-0.13,-0.429,-0.062,0.621
738506.413564695,-0.1278,-0.4269,-0.1098,0.6645
738506.413566857,-0.1251,-0.4243,-0.1534,0.7028
738506.413568982,-0.1218,-0.4218,-0.1715,0.7151
738506.413571098,-0.1185,-0.418,-0.1703,0.7068
738506.413573211,-0.1154,-0.4157,-0.1636,0.6947
738506.413575272,-0.1121,-0.4133,-0.1491,0.6745
738506.413577506,-0.1081,-0.411,-0.1055,0.6246
738506.413579665,-0.1034,-0.4099,-0.0246,0.5379
738506.413581748,-0.0989,-0.4076,0.064,0.5705
738506.413583872,-0.0941,-0.4053,0.1235,0.6229
738506.413586023,-0.0891,-0.4029,0.1266,0.6186
738506.413588161,-0.084,-0.4006,0.0775,0.5621
738506.413590284,-0.0794,-0.3983,0.0038,0.4815
738506.413592373,-0.0749,-0.3959,-0.067,0.5378
738506.413594451,-0.0705,-0.3936,-0.1237,0.5878
738506.413596572,-0.066,-0.3912,-0.1693,0.6265
738506.41359871,-0.0616,-0.3904,-0.217,0.669
738506.413600818,-0.0575,-0.388,-0.2728,0.7183
738506.413602865,-0.054,-0.3857,-0.3412,0.7809
738506.413604945,-0.0511,-0.3836,-0.4079,0.8426
738506.413607096,-0.0477,-0.3812,-0.4524,0.8813
738506.413609181,-0.0446,-0.3804,-0.4641,0.8891
738506.413611299,-0.0419,-0.378,-0.4651,0.885
738506.413613446,-0.0393,-0.3756,-0.4844,0.8993
738506.413615674,-0.0367,-0.373,-0.5267,0.9364
738506.413617803,-0.035,-0.3721,-0.5661,0.9732
738506.413619913,-0.0336,-0.3698,-0.5856,0.989
738506.413622047,-0.0329,-0.3674,-0.5794,0.9797
738506.413624134,-0.0325,-0.3653,-0.5552,0.953
738506.413626312,-0.0313,-0.3641,-0.5308,0.9262
738506.413628388,-0.0304,-0.3618,-0.531,0.9232
738506.413630568,-0.0302,-0.3594,-0.5599,0.9495
738506.413632841,-0.0304,-0.3582,-0.5888,0.9774
738506.413635034,-0.0306,-0.3558,-0.5775,0.9639
738506.41363715,-0.0305,-0.355,-0.5231,0.9086
738506.413639319,-0.0304,-0.3523,-0.4557,0.8384
738506.413641425,-0.0309,-0.3502,-0.4144,0.7955
738506.413643542,-0.0306,-0.349,-0.3956,0.7752
738506.413646029,-0.0306,-0.3463,-0.3727,0.7496
738506.413648191,-0.0305,-0.3447,-0.3104,0.6856
738506.413650265,-0.0305,-0.3425,-0.2376,0.6106
738506.413652438,-0.0295,-0.3414,-0.1722,0.5431
738506.413654553,-0.0287,-0.339,-0.157,0.5247
738506.413656657,-0.0285,-0.3381,-0.1786,0.5452
738506.413658832,-0.0284,-0.3356,-0.2062,0.5702
738506.413661072,-0.0279,-0.3345,-0.2258,0.5882
738506.413663406,-0.0277,-0.3318,-0.2506,0.6101
738506.413665668,-0.0282,-0.3306,-0.3025,0.6613
738506.413667905,-0.029,-0.3282,-0.373,0.7302
738506.413670212,-0.0294,-0.3268,-0.4354,0.7916
738506.41367235,-0.0305,-0.3243,-0.4596,0.8144
738506.41367455,-0.032,-0.3231,-0.4617,0.8168
738506.413676826,-0.0333,-0.3204,-0.4523,0.806
738506.413679114,-0.0343,-0.3177,-0.4348,0.7868
738506.41368136,-0.0354,-0.3165,-0.404,0.7559
738506.413683585,-0.037,-0.3141,-0.3495,0.7006
738506.413685755,-0.038,-0.3114,-0.2655,0.6149
738506.413688007,-0.0385,-0.3102,-0.1547,0.5034
738506.413690134,-0.039,-0.3077,-0.0581,0.4048
738506.413692299,-0.0398,-0.3068,-0.0138,0.3604
738506.413694486,-0.0405,-0.3056,-0.0145,0.3606
738506.413696728,-0.0413,-0.3047,-0.0321,0.3781
738506.413698868,-0.0423,-0.3038,-0.0401,0.3862
738506.413701018,-0.0433,-0.3026,-0.0467,0.3926
738506.413703184,-0.0436,-0.3016,-0.0636,0.4088
738506.413705465,-0.0441,-0.302,-0.0578,0.4039
738506.413707769,-0.0449,-0.3008,-0.0136,0.3593
738506.413709829,-0.0449,-0.3017,0.0293,0.3759
738506.413711847,-0.0449,-0.3007,0.042,0.3876
738506.413714182,-0.0457,-0.3011,0.0249,0.3717
738506.413716462,-0.046,-0.3014,0.0114,0.3588
738506.413718794,-0.0456,-0.3031,0.0141,0.3628
738506.413721181,-0.0462,-0.3034,0.0025,0.3521
738506.413723571,-0.0468,-0.305,-0.0558,0.4076
738506.413725695,-0.0472,-0.3057,-0.1186,0.4715
738506.413727777,-0.0481,-0.3081,-0.144,0.5002
738506.413729906,-0.0481,-0.3085,-0.0996,0.4562
738506.413732065,-0.0478,-0.3106,0.0018,0.3602
738506.413734228,-0.0466,-0.3128,0.1155,0.4749
738506.413736575,-0.0448,-0.3147,0.2018,0.5613
738506.413738618,-0.0425,-0.3154,0.2325,0.5904
738506.413740685,-0.0409,-0.3178,0.2311,0.5898
738506.413742939,-0.0389,-0.3198,0.2168,0.5755
738506.413745263,-0.0357,-0.3214,0.21,0.5671
738506.413747551,-0.0329,-0.3233,0.2056,0.5618
738506.413749744,-0.0305,-0.3256,0.1778,0.5339
738506.413751789,-0.0277,-0.3265,0.1492,0.5034
738506.413753791,-0.0245,-0.3287,0.1451,0.4983
738506.413755928,-0.0215,-0.3309,0.1588,0.5112
738506.413758058,-0.0179,-0.3315,0.1616,0.511
738506.413760271,-0.0142,-0.3322,0.139,0.4854
738506.413762659,-0.01,-0.3338,0.0961,0.4399
738506.413764657,-0.007,-0.3348,0.0629,0.4047
738506.413766663,-0.0039,-0.3357,0.0469,0.3865
738506.413768878,0.0001,-0.3376,0.0478,0.3855
738506.4137711,0.0038,-0.3383,0.0529,0.395
738506.413773262,0.008,-0.3386,0.0474,0.394
738506.413775352,0.0113,-0.3396,0.0238,0.3747
738506.413777506,0.0147,-0.3402,-0.0193,0.3742
738506.413779681,0.0185,-0.3406,-0.0708,0.4299
738506.41378189,0.0221,-0.3412,-0.1085,0.4718
738506.413784003,0.0261,-0.3419,-0.1101,0.4781
738506.413786214,0.0297,-0.3426,-0.0898,0.4621
738506.413788335,0.0338,-0.3416,-0.0808,0.4562
738506.413790509,0.0381,-0.3423,-0.0985,0.4789
738506.413792639,0.0421,-0.3429,-0.1249,0.5099
738506.413794802,0.0457,-0.342,-0.1351,0.5228
738506.41379695,0.0494,-0.3413,-0.1386,0.5293
738506.41379914,0.0536,-0.3401,-0.1685,0.5622
738506.413801256,0.0563,-0.3411,-0.2274,0.6248
738506.413803396,0.0594,-0.3385,-0.2869,0.6848
738506.413805486,0.0621,-0.3379,-0.3221,0.7221
738506.413807647,0.0644,-0.3369,-0.3418,0.7431
738506.413809789,0.066,-0.3344,-0.3764,0.7768
738506.413811944,0.0673,-0.3319,-0.4445,0.8437
738506.413814075,0.0677,-0.3312,-0.5273,0.9262
738506.41381629,0.0675,-0.3287,-0.5968,0.993
738506.413818348,0.0669,-0.3245,-0.6349,1.0263
738506.413820422,0.0657,-0.3222,-0.6441,1.032
738506.413822621,0.0642,-0.3197,-0.6373,1.0212
738506.413824764,0.0626,-0.3155,-0.6324,1.0105
738506.413826885,0.0603,-0.3133,-0.643,1.0166
738506.413828982,0.0569,-0.3091,-0.6747,1.0407
738506.413831152,0.0526,-0.3049,-0.7117,1.0692
738506.413833318,0.0482,-0.3007,-0.7263,1.0752
738506.413835443,0.0434,-0.2968,-0.7171,1.0573
738506.413837491,0.0381,-0.2929,-0.7068,1.0378
738506.41383962,0.0324,-0.2871,-0.7136,1.0331
738506.413841715,0.0263,-0.2832,-0.7353,1.0448
738506.413843791,0.0205,-0.279,-0.7443,1.0438
738506.413845947,0.0134,-0.2735,-0.7211,1.008
738506.413848068,0.0065,-0.2693,-0.677,0.9528
738506.413850188,0.0002,-0.2634,-0.6407,0.9043
738506.413852379,-0.007,-0.2576,-0.6211,0.8857
738506.413854467,-0.0148,-0.252,-0.6122,0.879
738506.413856583,-0.0227,-0.2478,-0.5945,0.865
738506.413858729,-0.0303,-0.2419,-0.5547,0.8269
738506.413860812,-0.0378,-0.2364,-0.4992,0.7734
738506.413862865,-0.0452,-0.2305,-0.4458,0.7215
738506.413864949,-0.0527,-0.2246,-0.4074,0.6847
738506.413867045,-0.0599,-0.2206,-0.3654,0.6459
738506.413869241,-0.0665,-0.2147,-0.2847,0.5659
738506.413871444,-0.0726,-0.2086,-0.1603,0.4415
738506.413873655,-0.078,-0.2026,-0.0345,0.3151
738506.413875831,-0.0822,-0.1967,0.058,0.3369
738506.413878034,-0.0859,-0.1905,0.1202,0.3966
738506.413880031,-0.0895,-0.1849,0.1639,0.4383
738506.413882173,-0.092,-0.1789,0.1992,0.4701
738506.413884295,-0.0937,-0.173,0.2082,0.4749
738506.413886429,-0.0954,-0.167,0.1724,0.4348
738506.413888563,-0.0969,-0.1611,0.1079,0.3659
738506.413890728,-0.0975,-0.1551,0.0559,0.3085
738506.413892791,-0.0969,-0.1508,0.0479,0.2956
738506.413895017,-0.0962,-0.1448,0.08,0.321
738506.413897173,-0.0942,-0.1385,0.1104,0.3431
738506.41389925,-0.092,-0.1328,0.1129,0.3377
738506.41390137,-0.0891,-0.1271,0.0925,0.3087
738506.413903549,-0.0852,-0.1208,0.0573,0.2633
738506.413905794,-0.0809,-0.1145,0.0267,0.2221
738506.413907991,-0.0768,-0.1084,0.0057,0.1909
738506.413910175,-0.0721,-0.1024,-0.018,0.1925
738506.413912247,-0.0669,-0.0964,-0.0619,0.2252
738506.413914387,-0.0622,-0.0919,-0.1238,0.2779
738506.41391639,-0.0577,-0.0862,-0.1716,0.3155
738506.413918492,-0.0525,-0.0804,-0.1827,0.3156
738506.413920666,-0.0467,-0.0743,-0.1588,0.2798
738506.413922877,-0.0409,-0.0683,-0.1327,0.2419
738506.413925124,-0.0346,-0.0635,-0.1383,0.2364
738506.413927272,-0.0285,-0.0574,-0.1745,0.2604
738506.413929539,-0.0222,-0.051,-0.2178,0.291
738506.41393173,-0.0168,-0.0449,-0.2462,0.3079
738506.4139339,-0.0114,-0.0404,-0.2655,0.3173
738506.413935923,-0.0064,-0.0346,-0.2985,0.3395
738506.413938046,-0.0017,-0.0288,-0.3599,0.3904
738506.413940103,0.0031,-0.0243,-0.4393,0.4667
738506.413942293,0.0068,-0.0184,-0.5148,0.54
738506.413944479,0.0109,-0.0123,-0.5573,0.5805
738506.413946666,0.0154,-0.0078,-0.5518,0.575
738506.413948931,0.0202,-0.0013,-0.5131,0.5346
738506.413951,0.024,-0.0029,-0.4845,0.5114
738506.413953148,0.0282,-0.0088,-0.467,0.504
738506.413955222,0.0324,-0.013,-0.4343,0.4797
738506.413957287,0.0366,-0.0173,-0.3767,0.4306
738506.413959312,0.0408,-0.0232,-0.3147,0.3787
738506.413961313,0.0452,-0.0274,-0.2809,0.3535
738506.413963366,0.0494,-0.0316,-0.29,0.371
738506.413965602,0.0528,-0.0359,-0.34,0.4287
738506.41396768,0.0562,-0.0388,-0.4003,0.4953
738506.413969789,0.0587,-0.0431,-0.4458,0.5476
738506.413971923,0.0611,-0.0473,-0.4675,0.5759
738506.413974043,0.0638,-0.0503,-0.4755,0.5896
738506.413976116,0.0658,-0.0529,-0.4887,0.6074
738506.413978299,0.0668,-0.0555,-0.5222,0.6445
738506.413980379,0.0674,0.0581,-0.5703,0.6958
738506.413982432,0.0681,0.0607,-0.6075,0.7363
738506.413984589,0.0679,0.0617,-0.6104,0.74
738506.413986705,0.0669,0.0646,-0.5983,0.7298
738506.41398881,0.0659,0.0655,-0.6065,0.7379
738506.413990934,0.0646,0.0665,-0.6339,0.765
738506.413992959,0.0617,0.0674,-0.6547,0.7838
738506.413995046,0.0581,0.0664,-0.6534,0.7779
738506.413997116,0.0548,0.0674,-0.6327,0.7549
738506.413999128,0.0517,0.0666,-0.6119,0.7302
738506.414001211,0.0476,0.0659,-0.6061,0.7196
738506.414003331,0.0426,0.0652,-0.6155,0.7233
738506.414005439,0.0371,0.0644,-0.6348,0.7363
738506.414007488,0.0316,0.0637,-0.6655,0.7608
738506.414009543,0.0255,0.063,-0.6965,0.785
738506.414011669,0.0192,0.0622,-0.711,0.7924
738506.414013739,0.0128,0.0615,-0.7027,0.777
738506.414015879,0.0057,0.0591,-0.6785,0.7433
738506.414017924,-0.0012,0.0583,-0.6496,0.7091
738506.414020051,-0.008,0.0593,-0.6164,0.6837
738506.414022229,-0.0148,0.0589,-0.5806,0.6543
738506.414024561,-0.0226,0.0585,-0.5439,0.625
738506.414026808,-0.0306,0.0583,-0.5089,0.5978
738506.414029055,-0.0385,0.0596,-0.4803,0.5784
738506.414031358,-0.0454,0.0612,-0.4778,0.5844
738506.414033588,-0.0543,0.0628,-0.4895,0.6066
738506.414035699,-0.0626,0.0637,-0.4767,0.603
738506.414037815,-0.0701,0.065,-0.4431,0.5782
738506.414039897,-0.0788,0.0677,-0.4232,0.5697
738506.414042018,-0.0868,0.069,-0.4253,0.5811
738506.414044149,-0.0952,0.0716,-0.4281,0.5949
738506.414046237,-0.1029,0.0729,-0.4077,0.5835
738506.414048422,-0.1114,0.0759,-0.3608,0.5481
738506.414050626,-0.1197,0.0789,-0.3115,0.5101
738506.414052919,-0.1277,0.0805,-0.277,0.4852
738506.41405517,-0.1351,0.0838,-0.2517,0.4706
738506.414057457,-0.1426,0.0872,-0.2203,0.4501
738506.414059662,-0.1494,0.0902,-0.1769,0.4165
738506.414061925,-0.1557,0.0918,-0.111,0.3585
738506.414064264,-0.1609,0.0955,-0.0246,0.281
738506.41406654,-0.1656,0.0988,0.0576,0.322
738506.414068789,-0.1696,0.1022,0.1022,0.374
738506.414071043,-0.1736,0.1038,0.0892,0.3666
738506.414073164,-0.1775,0.1068,0.0278,0.3121
738506.414075358,-0.1806,0.1099,-0.0471,0.3376
738506.414077485,-0.1831,0.1132,-0.0905,0.3868
738506.414079677,-0.1859,0.1163,-0.0861,0.3883
738506.41408201,-0.1877,0.12,-0.0574,0.3651
738506.41408422,-0.1891,0.1234,-0.0392,0.3517
738506.414086409,-0.1899,0.1268,-0.0336,0.3503
738506.414088708,-0.1911,0.1301,-0.0162,0.3374
738506.414090882,-0.1906,0.1318,0.0145,0.3369
738506.414093055,-0.1905,0.1349,0.0223,0.3477
738506.414095249,-0.1899,0.1383,-0.0046,0.3328
738506.414097366,-0.1884,0.1414,-0.03,0.3598
738506.414099465,-0.1867,0.1448,-0.0439,0.3754
738506.414101544,-0.1857,0.1476,-0.0638,0.3971
738506.414103652,-0.1833,0.1507,-0.0996,0.4336
738506.414105845,-0.1802,0.1541,-0.1264,0.4607
738506.414108016,-0.1773,0.1572,-0.1191,0.4536
738506.41411016,-0.1732,0.1603,-0.0947,0.4282
738506.414112283,-0.1681,0.162,-0.0879,0.418
738506.414114401,-0.1637,0.1651,-0.1156,0.4444
738506.414116544,-0.1592,0.1683,-0.1612,0.4887
738506.414118801,-0.1534,0.1717,-0.1952,0.5203
738506.41412103,-0.1472,0.1734,-0.2035,0.5241
738506.41412322,-0.1414,0.1766,-0.2029,0.5209
738506.414125287,-0.1355,0.1797,-0.2073,0.5225
738506.414127332,-0.1301,0.1825,-0.2201,0.5327
738506.414129425,-0.1242,0.1857,-0.2406,0.5505
738506.414131529,-0.1181,0.1888,-0.2609,0.5678
738506.414133637,-0.1124,0.1917,-0.2681,0.5722
738506.414136036,-0.1055,0.1937,-0.2581,0.5573
738506.414138468,-0.099,0.1972,-0.23,0.5262
738506.414140542,-0.0926,0.2004,-0.2041,0.4971
738506.414142616,-0.0862,0.2033,-0.1989,0.4884
738506.414144948,-0.0787,0.2053,-0.23,0.514
738506.414147023,-0.0733,0.2082,-0.272,0.5535
738506.414149274,-0.0665,0.2114,-0.297,0.5749
738506.41415159,-0.0589,0.2149,-0.3029,0.5767
738506.414154011,-0.0522,0.2167,-0.3295,0.5984
738506.414156046,-0.0458,0.2195,-0.3721,0.6374
738506.414158096,-0.0396,0.2224,-0.4083,0.6703
738506.414160123,-0.0337,0.2253,-0.4251,0.6841
738506.414162216,-0.0281,0.2282,-0.42,0.6763
738506.41416434,-0.0226,0.2293,-0.4078,0.6597
738506.414166724,-0.0162,0.2328,-0.4134,0.6624
738506.414168824,-0.011,0.2357,-0.4454,0.6921
738506.414170869,-0.0063,0.2386,-0.4858,0.7307
738506.414173264,-0.0016,0.2404,-0.5231,0.7651
738506.41417558,0.0027,0.244,-0.5317,0.7784
738506.414177972,0.0067,0.2458,-0.5044,0.7569
738506.414180007,0.0101,0.2484,-0.462,0.7205
738506.414182015,0.014,0.2513,-0.4291,0.6944
738506.414184348,0.0162,0.2527,-0.4384,0.7073
738506.414186709,0.0195,0.2546,-0.4806,0.7547
738506.414188713,0.022,0.2575,-0.5157,0.7952
738506.414191077,0.0218,0.2572,-0.5699,0.8489
738506.414193097,0.0222,0.2601,-0.6399,0.9222
738506.414195392,0.0222,0.2601,-0.7256,1.0079
738506.414197363,0.0213,0.2609,-0.7753,1.0575
738506.414199391,0.02,0.2618,-0.7881,1.0699
738506.414201358,0.0189,0.2608,-0.7607,1.0404
738506.414203642,0.0185,0.2608,-0.7015,0.9808
738506.414205657,0.0175,0.2616,-0.6562,0.9353
738506.414207677,0.0164,0.261,-0.6382,0.9156
738506.414210117,0.0142,0.2592,-0.645,0.9184
738506.414212548,0.0124,0.2592,-0.644,0.9156
738506.41421478,0.0102,0.2575,-0.6145,0.8822
738506.414216819,0.0084,0.2568,-0.5861,0.8513
738506.414218878,0.0057,0.2558,-0.5706,0.8321
738506.414221243,0.0024,0.2541,-0.5823,0.8388
738506.414223691,-0.0008,0.2508,-0.6303,0.8819
738506.414225768,-0.0046,0.2484,-0.6921,0.9451
738506.414227789,-0.0093,0.2474,-0.7476,1.0043
738506.414229825,-0.0145,0.2449,-0.7701,1.0295
738506.41423217,-0.0199,0.2413,-0.7677,1.0289
738506.41423453,-0.026,0.2377,-0.7712,1.0349
738506.414236931,-0.0341,0.2341,-0.766,1.0342
738506.414238966,-0.0405,0.2298,-0.7261,0.9964
738506.41424106,-0.0476,0.2255,-0.6544,0.9275
738506.414243077,-0.0543,0.2212,-0.5905,0.866
738506.414245175,-0.0616,0.2147,-0.5504,0.8267
738506.414247296,-0.0681,0.2104,-0.5347,0.8132
738506.414249598,-0.0754,0.205,-0.526,0.8064
738506.414251971,-0.0831,0.1977,-0.5189,0.7997
738506.414253994,-0.0905,0.1912,-0.5212,0.8029
738506.414256028,-0.0974,0.1868,-0.5282,0.8124
738506.41425805,-0.1053,0.1803,-0.5317,0.8173
738506.414260095,-0.1123,0.1741,-0.5255,0.8119
738506.414262139,-0.1203,0.1676,-0.5099,0.7978
738506.414264161,-0.1278,0.1595,-0.4883,0.7756
738506.414266559,-0.1364,0.1522,-0.4637,0.7523
738506.414268852,-0.145,0.1426,-0.4407,0.7283
738506.414270994,-0.152,0.1364,-0.4074,0.6958
738506.414273067,-0.1588,0.1283,-0.3512,0.6383
738506.414275084,-0.1655,0.1199,-0.2866,0.572
738506.414277167,-0.1716,0.1118,-0.2335,0.5169
738506.414279276,-0.1771,0.1055,-0.1967,0.4793
738506.414281472,-0.1823,0.0956,-0.1612,0.4391
738506.414283632,-0.1866,0.0878,-0.1272,0.4016
738506.414285733,-0.19,0.0796,-0.122,0.3916
738506.414287914,-0.193,0.0715,-0.1623,0.4268
738506.414290088,-0.1956,0.0633,-0.2331,0.492
738506.414292149,-0.1977,0.0551,-0.2954,0.5482
738506.414294145,-0.1987,0.0488,-0.3211,0.5686
738506.414296279,-0.1986,0.0424,-0.3168,0.5578
738506.41429829,-0.1985,0.0339,-0.3111,0.5435
738506.414300626,-0.1981,0.0263,-0.3198,0.5442
738506.414302633,-0.1975,0.0196,-0.3163,0.5334
738506.414304884,-0.1961,0.0117,-0.2689,0.4767
738506.41430723,-0.1942,0.0041,-0.1925,0.3908
738506.414309235,-0.1927,0.0026,-0.142,0.3373
738506.414311297,-0.1909,0.0094,-0.1291,0.3294
738506.414313299,-0.189,-0.0161,-0.1575,0.3626
738506.414315259,-0.1869,-0.0229,-0.2092,0.419
738506.414317594,-0.1843,-0.0305,-0.2644,0.4792
738506.414319844,-0.1824,-0.0385,-0.2871,0.508
738506.414322024,-0.1806,-0.045,-0.2759,0.5015
738506.414324152,-0.1782,-0.0533,-0.2569,0.4884
738506.414326219,-0.176,-0.0598,-0.254,0.4898
738506.414328338,-0.1746,-0.0663,-0.2793,0.5202
738506.414330491,-0.174,-0.0728,-0.3284,0.5752
738506.414332557,-0.1736,-0.0796,-0.3803,0.6335
738506.414334675,-0.1726,-0.088,-0.4267,0.6873
738506.414336857,-0.1716,-0.0942,-0.4599,0.7257
738506.414339027,-0.1715,-0.1026,-0.4707,0.7448
738506.414341141,-0.1714,-0.1092,-0.4629,0.7435
738506.414343246,-0.1713,-0.1158,-0.4484,0.7355
738506.414345433,-0.1715,-0.1242,-0.4351,0.7308
738506.414347609,-0.1723,-0.1308,-0.416,0.7191
738506.414349731,-0.1734,-0.1393,-0.3811,0.6938
738506.414351834,-0.1743,-0.1459,-0.3318,0.652
738506.414354095,-0.1759,-0.1525,-0.276,0.6044
738506.414356281,-0.1766,-0.1587,-0.2484,0.5837
738506.414358413,-0.179,-0.1635,-0.2674,0.6099
738506.414360451,-0.1814,-0.1682,-0.2937,0.6433
738506.414362686,-0.1834,-0.1726,-0.2713,0.6273
738506.414364969,-0.187,-0.1752,-0.2215,0.5837
738506.414366901,-0.1912,-0.1784,-0.1921,0.5617
738506.414369087,-0.1953,-0.1787,-0.1691,0.5431
738506.414371202,-0.2003,-0.1797,-0.1382,0.5182
738506.414373287,-0.2058,-0.1807,-0.0943,0.4808
738506.414375385,-0.2122,-0.1797,-0.0475,0.4394
738506.414377575,-0.2183,-0.1785,-0.019,0.4158
738506.414379686,-0.2242,-0.1753,-0.0248,0.4243
738506.414381991,-0.2319,-0.1741,-0.0706,0.4766
738506.414384177,-0.2407,-0.1709,-0.1472,0.5588
738506.414386276,-0.2489,-0.1658,-0.2211,0.6358
738506.414388507,-0.2575,-0.1627,-0.2806,0.7008
738506.414390723,-0.2659,-0.1572,-0.3257,0.7488
738506.414392831,-0.2759,-0.1525,-0.3737,0.8021
738506.414394971,-0.2855,-0.1474,-0.4372,0.8701
738506.414397109,-0.2952,-0.1404,-0.492,0.9276
738506.41439923,-0.3055,-0.1352,-0.5105,0.9512
738506.41440135,-0.3155,-0.1301,-0.5019,0.9475
738506.414403431,-0.3258,-0.1234,-0.4962,0.9454
738506.414405554,-0.336,-0.1163,-0.4962,0.9485
738506.414407673,-0.3463,-0.1093,-0.4901,0.9457
738506.414409807,-0.3562,-0.1022,-0.4747,0.9331
738506.414411837,-0.3656,-0.0974,-0.4491,0.9121
738506.414413986,-0.3752,-0.0903,-0.4059,0.8714
738506.414416139,-0.3845,-0.0832,-0.3413,0.809
738506.414418331,-0.3928,-0.0757,-0.2647,0.7332
738506.414420545,-0.4024,-0.0685,-0.2157,0.6866
738506.414422679,-0.4106,-0.0591,-0.1926,0.6623
738506.414424768,-0.4185,-0.0523,-0.1575,0.6283
738506.414426814,-0.4261,-0.0451,-0.1051,0.5763
738506.414428912,-0.4329,-0.038,-0.0619,0.5328
738506.414430932,-0.439,-0.0308,-0.0381,0.5079
738506.414433062,-0.4453,-0.0236,-0.0198,0.4887
738506.414435178,-0.4516,-0.0164,0.0113,0.4793
738506.414437293,-0.4571,-0.0091,0.0581,0.5243
738506.41443934,-0.4612,-0.0019,0.1022,0.5653
738506.414441437,-0.4652,-0.0073,0.131,0.6035
738506.41444349,-0.4689,-0.0145,0.138,0.6214
738506.414445549,-0.4727,-0.0214,0.1356,0.6297
738506.414447602,-0.4751,-0.0287,0.146,0.6498
738506.414449734,-0.4768,-0.036,0.1814,0.6942
738506.414451739,-0.4776,-0.0433,0.2202,0.7411
738506.414453752,-0.4787,-0.0503,0.2311,0.7601
738506.414455836,-0.4794,-0.0576,0.1965,0.7335
738506.414457903,-0.4797,-0.0649,0.121,0.6656
738506.414459988,-0.4799,-0.0703,0.0245,0.5747
738506.414462106,-0.4799,-0.0776,-0.0601,0.6176
738506.414464165,-0.4804,0.085,-0.1039,0.6693
738506.414466263,-0.4807,0.092,-0.1079,0.6806
738506.414468336,-0.4794,0.0974,-0.1061,0.6829
738506.414470433,-0.4789,0.1048,-0.109,0.6927
738506.414472553,-0.4779,0.1103,-0.0947,0.6829
738506.41447464,-0.4757,0.1177,-0.0525,0.6459
738506.414476699,-0.473,0.1251,-0.005,0.6031
738506.414478783,-0.4705,0.1306,0.023,0.6241
738506.414480847,-0.4672,0.138,0.0189,0.6241
738506.414482933,-0.464,0.1432,-0.0025,0.6097
738506.414485028,-0.4601,0.1487,-0.0167,0.6255
738506.414487044,-0.4562,0.1558,-0.018,0.63
738506.414489093,-0.4516,0.1613,-0.0163,0.6292
738506.414491156,-0.4476,0.1684,-0.0102,0.6262
738506.414493224,-0.4427,0.174,-0.0026,0.6193
738506.414495356,-0.4375,0.1815,-0.0061,0.6251
738506.414497482,-0.4325,0.1867,-0.0301,0.6493
738506.414499546,-0.4274,0.1922,-0.0621,0.6817
738506.414501698,-0.4214,0.2005,-0.0824,0.7043
738506.414503849,-0.416,0.2057,-0.0827,0.7044
738506.414506017,-0.4098,0.2113,-0.086,0.7071
738506.414508215,-0.4043,0.2169,-0.1195,0.7407
738506.414510424,-0.399,0.2209,-0.1934,0.8133
738506.414512687,-0.3943,0.2265,-0.2816,0.9024
738506.414514875,-0.3887,0.2305,-0.3274,0.9466
738506.414517033,-0.3842,0.2338,-0.3244,0.9424
738506.414519331,-0.3787,0.2378,-0.3064,0.9229
738506.414521413,-0.3735,0.2414,-0.3102,0.9251
738506.414523478,-0.3696,0.2423,-0.3377,0.9496
738506.414525703,-0.3657,0.244,-0.3797,0.9894
738506.414527965,-0.3621,0.246,-0.4214,1.0295
738506.414530251,-0.3591,0.2477,-0.4599,1.0667
738506.4145326,-0.3562,0.2497,-0.5109,1.1168
738506.414534792,-0.3546,0.2494,-0.582,1.186
738506.414537019,-0.354,0.249,-0.6694,1.2724
738506.41453922,-0.3541,0.2487,-0.7558,1.3586
738506.414541373,-0.355,0.248,-0.8151,1.4181
738506.414543498,-0.356,0.2476,-0.8358,1.4394
738506.414545638,-0.3582,0.2449,-0.8246,1.4277
738506.414547813,-0.3596,0.2446,-0.8059,1.4101
738506.414549991,-0.3616,0.2418,-0.7925,1.3959
738506.414552163,-0.3641,0.2394,-0.7708,1.3743
738506.414554328,-0.3673,0.2347,-0.7316,1.3336
738506.414556441,-0.3693,0.2323,-0.6911,1.2927
738506.414558539,-0.3724,0.2295,-0.6778,1.2797
738506.414560648,-0.3767,0.2268,-0.7079,1.3114
738506.414562786,-0.3815,0.224,-0.7593,1.3648
738506.414564986,-0.3862,0.2196,-0.7915,1.3973
738506.414567104,-0.3915,0.2172,-0.7932,1.4019
738506.414569204,-0.3976,0.2144,-0.7885,1.4005
738506.41457133,-0.4041,0.2096,-0.7827,1.3964
738506.414573424,-0.4104,0.2068,-0.7758,1.393
738506.414575514,-0.4162,0.2044,-0.7652,1.3858
738506.414577578,-0.4223,0.2016,-0.7478,1.3717
738506.414579637,-0.429,0.1987,-0.7225,1.3502
738506.414581713,-0.4358,0.1959,-0.6865,1.3182
738506.414583797,-0.4426,0.1911,-0.638,1.2717
738506.414585871,-0.4495,0.1883,-0.5848,1.2226
738506.414587949,-0.4553,0.1858,-0.5414,1.1825
738506.41459012,-0.462,0.1834,-0.5118,1.1572
738506.414592258,-0.4697,0.1805,-0.4982,1.1484
738506.414594389,-0.4774,0.176,-0.4889,1.1423
738506.414596466,-0.4838,0.1736,-0.4593,1.1167
738506.414598566,-0.4904,0.1707,-0.4111,1.0722
738506.41460077,-0.4973,0.1683,-0.3593,1.0249
738506.414602857,-0.5029,0.1679,-0.3214,0.9922
738506.41460499,-0.5085,0.1654,-0.2851,0.959
738506.414607134,-0.5137,0.1629,-0.241,0.9176
738506.414609286,-0.5193,0.1625,-0.1907,0.8725
738506.414611472,-0.5244,0.1624,-0.1501,0.8369
738506.41461368,-0.529,0.1603,-0.1364,0.8257
738506.414615851,-0.534,0.1599,-0.1508,0.8447
738506.414617938,-0.5393,0.1616,-0.1731,0.874
738506.414620015,-0.5438,0.1612,-0.1749,0.8799
738506.414622094,-0.5474,0.1628,-0.1469,0.8571
738506.414624179,-0.5508,0.1645,-0.1074,0.8227
738506.414626257,-0.5544,0.164,-0.0813,0.7997
738506.414628307,-0.5572,0.1678,-0.0734,0.7984
738506.414630418,-0.5602,0.1691,-0.074,0.8033
738506.414632493,-0.5618,0.1707,-0.0675,0.8
738506.414634526,-0.5628,0.1724,-0.052,0.7872
738506.414636559,-0.5634,0.1741,-0.0376,0.7751
738506.414638658,-0.5646,0.1753,-0.0373,0.7772
738506.414640795,-0.5646,0.1774,-0.0717,0.8137
738506.414643006,-0.5652,0.1816,-0.151,0.8978
738506.414645174,-0.5669,0.1832,-0.2415,0.9916
738506.414647346,-0.5682,0.1853,-0.3012,1.0547
738506.414649481,-0.5694,0.187,-0.319,1.0754
738506.414651628,-0.5702,0.1887,-0.3194,1.0783
738506.414653771,-0.5714,0.1929,-0.3392,1.1035
738506.414655792,-0.5732,0.1942,-0.3691,1.1365
738506.414657816,-0.5743,0.1955,-0.3799,1.1497
738506.414659973,-0.5753,0.1997,-0.3654,1.1404
738506.414662041,-0.5768,0.201,-0.3537,1.1315
738506.414664076,-0.5776,0.2027,-0.3628,1.1431
738506.414666154,-0.5782,0.2066,-0.3996,1.1844
738506.414668235,-0.579,0.2083,-0.4552,1.2425
738506.414670324,-0.581,0.2117,-0.5082,1.3009
738506.414672444,-0.5826,0.2139,-0.5404,1.3369
738506.414674528,-0.5849,0.2173,-0.5492,1.3514
738506.414676643,-0.5855,0.219,-0.5617,1.3662
738506.414678794,-0.5871,0.2233,-0.591,1.4014
738506.414680965,-0.5896,0.2276,-0.6171,1.4343
738506.414683039,-0.5919,0.2289,-0.608,1.4288
738506.414685136,-0.5933,0.2332,-0.5581,1.3846
738506.414687265,-0.5954,0.2371,-0.4883,1.3208
738506.414689324,-0.5972,0.241,-0.419,1.2572
738506.414691437,-0.5983,0.2427,-0.3598,1.2008
738506.414693552,-0.5988,0.2466,-0.3059,1.1513
738506.41469567,-0.5988,0.2505,-0.2477,1.097
738506.414697775,-0.598,0.2523,-0.191,1.0413
738506.414699856,-0.5964,0.2562,-0.1552,1.0078
738506.414701974,-0.5942,0.2602,-0.1669,1.0213
738506.414704129,-0.5918,0.2645,-0.2296,1.0859
738506.414706211,-0.591,0.268,-0.3132,1.1722
738506.414708288,-0.5895,0.2702,-0.3838,1.2435
738506.414710389,-0.5887,0.2738,-0.4119,1.2744
738506.414712448,-0.5868,0.2777,-0.4,1.2645
738506.414714527,-0.5841,0.2795,-0.3627,1.2263
738506.414716584,-0.5817,0.2835,-0.3176,1.1828
738506.414718703,-0.5796,0.2849,-0.2892,1.1537
738506.414720776,-0.577,0.2889,-0.2828,1.1487
738506.414722894,-0.5741,0.2907,-0.2897,1.1545
738506.414724921,-0.5708,0.2926,-0.2881,1.1515
738506.414726921,-0.5682,0.294,-0.2797,1.1419
738506.414729001,-0.5649,0.298,-0.2909,1.1538
738506.414731118,-0.5619,0.2994,-0.3354,1.1967
738506.414733259,-0.5594,0.3013,-0.3975,1.2582
738506.414735323,-0.5568,0.3031,-0.4556,1.3155
738506.414737379,-0.5546,0.3046,-0.5121,1.3713
738506.414739455,-0.5517,0.3064,-0.5691,1.4272
738506.414741466,-0.5499,0.3079,-0.621,1.4788
738506.414743474,-0.5486,0.3093,-0.6622,1.5201
738506.414745507,-0.548,0.3108,-0.6885,1.5473
738506.414747655,-0.5468,0.3126,-0.691,1.5504
738506.414749793,-0.5457,0.3145,-0.6743,1.5345
738506.414752,-0.5446,0.3168,-0.6519,1.5133
738506.414754123,-0.544,0.3187,-0.6417,1.5044
738506.41475629,-0.5434,0.3205,-0.6544,1.5183
738506.414758411,-0.5427,0.3224,-0.692,1.5571
738506.414760552,-0.543,0.3243,-0.735,1.6023
738506.414762662,-0.5435,0.3262,-0.7533,1.623
738506.414764903,-0.5432,0.3285,-0.7387,1.6104
738506.414766992,-0.5431,0.3304,-0.7232,1.5967
738506.414769157,-0.5438,0.3345,-0.7234,1.6017
738506.414771265,-0.5448,0.3364,-0.7232,1.6044
738506.41477327,-0.5445,0.3383,-0.698,1.5808
738506.414775371,-0.5446,0.342,-0.6272,1.5138
738506.414777481,-0.5431,0.3444,-0.5125,1.4
738506.414779545,-0.5422,0.3459,-0.3914,1.2795
738506.414781847,-0.5391,0.3491,-0.2858,1.174
738506.414783913,-0.5365,0.3528,-0.245,1.1343
738506.414785962,-0.5334,0.3547,-0.2301,1.1182
738506.414788021,-0.5308,0.3567,-0.2192,1.1067
738506.414790116,-0.5279,0.3586,-0.2079,1.0944
738506.414792258,-0.5242,0.3605,-0.2128,1.0975
738506.414794363,-0.5201,0.3625,-0.2425,1.1251
738506.414796456,-0.5157,0.3644,-0.2887,1.1688
738506.414798534,-0.5118,0.366,-0.3308,1.2086
738506.414800575,-0.5072,0.3679,-0.3509,1.226
738506.414802585,-0.5025,0.3695,-0.3344,1.2064
738506.414804623,-0.4957,0.3714,-0.2776,1.1447
738506.414806693,-0.4888,0.373,-0.2025,1.0643
738506.414808774,-0.4811,0.3749,-0.1401,0.9961
738506.41481093,-0.4721,0.3747,-0.1037,0.9505
738506.414813062,-0.4625,0.3766,-0.0723,0.9114
738506.414815155,-0.4526,0.3786,-0.0297,0.8609
738506.414817281,-0.4419,0.3784,0.0122,0.8325
738506.41481938,-0.4314,0.3799,0.0411,0.8524
738506.414821513,-0.4197,0.3797,0.0476,0.847
738506.41482365,-0.4076,0.3817,0.025,0.8143
738506.41482587,-0.395,0.3814,-0.0287,0.8051
738506.41482823,-0.3814,0.3843,-0.1097,0.8754
738506.414830607,-0.3688,0.3844,-0.1875,0.9407
738506.414832911,-0.3554,0.3846,-0.24,0.98
738506.414835195,-0.342,0.3844,-0.2625,0.9889
738506.414837211,-0.33,0.3859,-0.2782,0.9941
738506.414839511,-0.3163,0.3861,-0.3129,1.0153
738506.414841493,-0.3043,0.3873,-0.3516,1.0432
738506.414843499,-0.2915,0.3866,-0.3709,1.049
738506.414845737,-0.2773,0.389,-0.3568,1.0231
738506.414847845,-0.2638,0.3883,-0.3419,0.994
738506.414850006,-0.2494,0.3881,-0.3557,0.9932
738506.414852138,-0.2364,0.3897,-0.3958,1.0219
738506.414854323,-0.2233,0.3894,-0.4477,1.0604
738506.414856461,-0.2115,0.391,-0.5001,1.1026
738506.414858555,-0.1999,0.3903,-0.5413,1.1315
738506.414860596,-0.1884,0.3919,-0.5787,1.159
738506.414862624,-0.1772,0.3935,-0.6246,1.1953
738506.41486471,-0.1668,0.3928,-0.6944,1.254
738506.414866822,-0.1573,0.3944,-0.7736,1.3253
738506.41486882,-0.1482,0.3933,-0.8245,1.366
738506.414870929,-0.1384,0.3949,-0.8243,1.3576
738506.414873058,-0.1287,0.3942,-0.7703,1.2932
738506.414875181,-0.1192,0.3935,-0.6947,1.2074
738506.41487729,-0.1101,0.3951,-0.6369,1.1421
738506.41487948,-0.1005,0.3926,-0.6199,1.113
738506.41488157,-0.0922,0.3919,-0.6453,1.1294
738506.414883757,-0.085,0.3912,-0.689,1.1652
738506.414885914,-0.0788,0.3905,-0.719,1.1883
738506.414888028,-0.072,0.3875,-0.7193,1.1788
738506.414890138,-0.0639,0.3868,-0.7132,1.1639
738506.414892263,-0.057,0.3838,-0.7211,1.1619
738506.414894416,-0.0507,0.3808,-0.7414,1.1729
738506.414896569,-0.0447,0.3777,-0.7611,1.1835
738506.414898739,-0.0394,0.3747,-0.7675,1.1816
738506.414900879,-0.0345,0.3717,-0.7588,1.165
738506.414902991,-0.0309,0.3682,-0.7442,1.1433
738506.414905117,-0.0273,0.3628,-0.7383,1.1284
738506.414907286,-0.0243,0.3575,-0.7528,1.1346
738506.414909399,-0.022,0.3521,-0.7913,1.1654
738506.414911586,-0.021,0.3467,-0.8439,1.2116
738506.414913738,-0.0212,0.3413,-0.8818,1.2443
738506.41491588,-0.0221,0.3359,-0.8808,1.2388
738506.414917966,-0.0228,0.3305,-0.833,1.1863
738506.414920007,-0.0232,0.3223,-0.7563,1.1018
738506.414922078,-0.0226,0.3164,-0.6783,1.0173
738506.414924192,-0.0223,0.3086,-0.6291,0.96
738506.414926299,-0.0231,0.3027,-0.6073,0.9331
738506.414928551,-0.0231,0.2949,-0.5875,0.9055
738506.414930616,-0.0233,0.2871,-0.5729,0.8833
738506.414932668,-0.025,0.2811,-0.5922,0.8983
738506.414934744,-0.0263,0.2733,-0.656,0.9556
738506.414936784,-0.0286,0.2673,-0.7365,1.0324
738506.414938903,-0.0318,0.2594,-0.7961,1.0873
738506.414941124,-0.0366,0.2539,-0.8171,1.1076
738506.414943256,-0.0411,0.246,-0.8187,1.1058
738506.414945323,-0.0454,0.2404,-0.8243,1.1101
738506.414947452,-0.0509,0.2321,-0.8306,1.1136
738506.414949555,-0.0566,0.2265,-0.8252,1.1083
738506.414951554,-0.062,0.2205,-0.8076,1.0901
738506.414953506,-0.0673,0.2144,-0.7903,1.072
738506.414955541,-0.0733,0.2088,-0.7859,1.068
738506.414957569,-0.0807,0.2004,-0.7892,1.0703
738506.414959522,-0.0882,0.1943,-0.7814,1.0639
738506.414961496,-0.0956,0.1882,-0.7534,1.0372
738506.41496351,-0.102,0.1826,-0.7049,0.9895
738506.414965543,-0.1089,0.1765,-0.6416,0.927
738506.41496766,-0.1155,0.1708,-0.571,0.8573
738506.414969726,-0.1224,0.1651,-0.5108,0.7983
738506.414971782,-0.129,0.1594,-0.481,0.7694
738506.414973787,-0.135,0.1537,-0.4774,0.7661
738506.414975714,-0.1422,0.1471,-0.4776,0.7669
738506.414977751,-0.1492,0.1414,-0.4614,0.752
738506.414979661,-0.156,0.1352,-0.422,0.7132
738506.414981655,-0.1615,0.129,-0.3754,0.6659
738506.414983558,-0.167,0.1252,-0.3469,0.6391
738506.414985623,-0.1729,0.1171,-0.3631,0.6531
738506.414987571,-0.1798,0.1133,-0.4266,0.7197
738506.414989486,-0.1863,0.1071,-0.5098,0.8032
738506.414991461,-0.1937,0.1008,-0.5836,0.8781
738506.414993457,-0.2009,0.0926,-0.635,0.9285
738506.414995544,-0.2087,0.0868,-0.6611,0.9566
738506.414997562,-0.2169,0.081,-0.6588,0.9567
738506.414999621,-0.226,0.0747,-0.6296,0.9303
738506.415001728,-0.2345,0.0669,-0.5798,0.8812
738506.4150039,-0.2431,0.061,-0.5303,0.8344
738506.41500601,-0.2534,0.0536,-0.501,0.808
738506.4150081,-0.2627,0.0477,-0.5084,0.8188
738506.415010215,-0.2733,0.0399,-0.5284,0.8416
738506.415012138,-0.283,0.036,-0.5396,0.8586
738506.415014199,-0.2932,0.03,-0.5455,0.8687
738506.41501623,-0.303,0.0266,-0.5585,0.8881
738506.415018212,-0.3142,0.0206,-0.5893,0.9241
738506.41502017,-0.3267,0.0167,-0.6315,0.9749
738506.415022144,-0.3392,0.0156,-0.6655,1.0203
738506.415024109,-0.3517,0.0121,-0.669,1.0328
738506.415026119,-0.3653,0.011,-0.6331,1.0094
738506.415028078,-0.3786,0.0075,-0.575,0.9611
738506.41503023,-0.3938,-0.0069,-0.5159,0.9166
738506.415032274,-0.4075,-0.0062,-0.4781,0.8918
738506.415034409,-0.423,-0.0056,-0.4444,0.873
738506.415036468,-0.4385,-0.0074,-0.4036,0.8495
738506.41503843,-0.4533,-0.0068,-0.3639,0.824
738506.415040452,-0.4687,-0.0082,-0.3496,0.8265
738506.415042424,-0.4842,-0.0095,-0.3725,0.8662
738506.415044442,-0.5016,-0.0138,-0.4251,0.9405
738506.415046433,-0.5191,-0.0157,-0.48,1.0148
738506.415048337,-0.5348,-0.0171,-0.5095,1.0614
738506.415050305,-0.5518,-0.0209,-0.5098,1.0825
738506.41505229,-0.5686,-0.0228,-0.4903,1.0817
738506.415054385,-0.5868,-0.0271,-0.4635,1.0774
738506.415056529,-0.6038,-0.0294,-0.4264,1.0596
738506.415058673,-0.6199,-0.0342,-0.3662,1.0203
738506.415060734,-0.6345,-0.0366,-0.2884,0.9595
738506.415063093,-0.6504,-0.0418,-0.2089,0.9011
738506.415065097,-0.6627,-0.0442,-0.173,0.8799
738506.415067157,-0.6739,-0.0486,-0.1771,0.8996
738506.415069673,-0.6874,-0.0523,-0.2208,0.9605
738506.41507164,-0.6989,0.0571,-0.2596,1.0156
738506.415073589,-0.7074,0.0591,-0.2675,1.034
738506.41507547,-0.7146,0.063,-0.2351,1.0127
738506.415077422,-0.7192,0.0674,-0.1605,0.9471
738506.415079368,-0.7225,0.0714,-0.0544,0.8483
738506.415081385,-0.7229,0.0758,0.0566,0.8553
738506.415083334,-0.7216,0.0778,0.1385,0.9379
738506.41508535,-0.7189,0.0822,0.1743,0.9754
738506.415087304,-0.7135,0.0867,0.1753,0.9755
738506.415089292,-0.7059,0.0886,0.1696,0.9641
738506.415091326,-0.6963,0.0931,0.1759,0.9653
738506.415093413,-0.6852,0.0976,0.1889,0.9717
738506.415095438,-0.6713,0.1,0.1846,0.9559
738506.415097512,-0.6559,0.1045,0.1437,0.9041
738506.415099525,-0.6393,0.1065,0.0811,0.8269
738506.415101462,-0.6232,0.1106,0.0318,0.7656
738506.415103453,-0.6045,0.1125,0.0065,0.7235
738506.415105431,-0.5847,0.1171,-0.0202,0.722
738506.415107461,-0.5661,0.1186,-0.0689,0.7536
738506.415109429,-0.5467,0.1232,-0.1445,0.8144
738506.415111432,-0.5278,0.1247,-0.2251,0.8776
738506.415113428,-0.5076,0.1292,-0.2937,0.9305
738506.415115435,-0.488,0.1308,-0.3356,0.9544
738506.415117376,-0.469,0.1349,-0.3499,0.9538
738506.4151193,-0.4495,0.1364,-0.3514,0.9373
738506.415121273,-0.4297,0.1406,-0.3487,0.919
738506.415123397,-0.408,0.1426,-0.3461,0.8967
738506.415125419,-0.387,0.1472,-0.3604,0.8946
738506.415127577,-0.366,0.1493,-0.4076,0.9229
738506.415129734,-0.3454,0.1518,-0.4863,0.9835
738506.415131912,-0.3265,0.1538,-0.5787,1.059
738506.41513418,-0.3066,0.159,-0.6638,1.1294
738506.415136361,-0.2868,0.1615,-0.7394,1.1877
738506.415138485,-0.2695,0.1636,-0.8186,1.2517
738506.415140581,-0.2538,0.1683,-0.9099,1.332
738506.415142572,-0.2397,0.1699,-0.9915,1.4011
738506.415144566,-0.225,0.1745,-1.0434,1.4429
738506.41514656,-0.2116,0.1787,-1.0499,1.4402
738506.415148597,-0.1992,0.1804,-1.0249,1.4045
738506.415150624,-0.1881,0.1846,-0.9997,1.3724
738506.415152605,-0.178,0.1862,-1.0018,1.366
738506.415154605,-0.1687,0.1904,-1.0365,1.3956
738506.415156627,-0.1588,0.1952,-1.0841,1.4381
738506.415158736,-0.1511,0.1973,-1.1048,1.4532
738506.415160878,-0.1458,0.2015,-1.0815,1.4288
738506.415162923,-0.1393,0.2063,-1.05,1.3956
738506.415164999,-0.1347,0.2079,-1.0463,1.3889
738506.415167186,-0.131,0.2132,-1.0731,1.4173
738506.415169235,-0.1277,0.218,-1.0877,1.4334
738506.415171366,-0.1248,0.2197,-1.0675,1.412
738506.415173407,-0.1226,0.2244,-1.0352,1.3822
738506.415175528,-0.1213,0.2293,-1.0193,1.3699
738506.415177574,-0.1206,0.2309,-1.0245,1.376
738506.415179589,-0.1204,0.2358,-1.0365,1.3927
738506.415181608,-0.1217,0.2401,-1.0407,1.4025
738506.415183702,-0.1234,0.2449,-1.0318,1.4001
738506.415185819,-0.1266,0.2498,-1.0102,1.3866
738506.415187823,-0.1308,0.2541,-0.9856,1.3705
738506.415189861,-0.1352,0.259,-0.9673,1.3615
738506.415191875,-0.1405,0.2607,-0.9689,1.3701
738506.415193911,-0.1466,0.2656,-0.9976,1.4098
738506.415195839,-0.1549,0.27,-1.041,1.4659
738506.415197755,-0.1639,0.2744,-1.0799,1.5182
738506.415199737,-0.1739,0.2788,-1.0992,1.5519
738506.415201754,-0.1844,0.2833,-1.0916,1.5593
738506.415203761,-0.1949,0.2882,-1.0615,1.5446
738506.415205787,-0.2065,0.2905,-1.0147,1.5117
738506.415207852,-0.2197,0.2949,-0.9668,1.4814
738506.415209844,-0.2318,0.2972,-0.9327,1.4617
738506.41521184,-0.2454,0.3017,-0.9146,1.4617
738506.415213894,-0.2595,0.304,-0.9048,1.4683
738506.415215908,-0.2741,0.3063,-0.8939,1.4743
738506.415217988,-0.2905,0.3118,-0.876,1.4783
738506.415219932,-0.3067,0.3136,-0.8533,1.4736
738506.415222064,-0.3234,0.3164,-0.8277,1.4675
738506.415224127,-0.3386,0.3161,-0.8083,1.463
738506.415226271,-0.3556,0.3189,-0.7917,1.4662
738506.415228392,-0.3741,0.3213,-0.7699,1.4653
738506.415230421,-0.3908,0.3209,-0.726,1.4377
738506.415232358,-0.4049,0.3232,-0.6678,1.3959
738506.415234367,-0.4197,0.3229,-0.615,1.3576
738506.415236306,-0.4348,0.3247,-0.5933,1.3528
738506.415238266,-0.4497,0.3244,-0.597,1.3711
738506.415240184,-0.4638,0.3235,-0.6072,1.3945
738506.415242108,-0.4782,0.3253,-0.612,1.4155
738506.415244116,-0.4931,0.325,-0.6207,1.4388
738506.415246224,-0.5092,0.3246,-0.6524,1.4862
738506.41524826,-0.5253,0.3243,-0.7089,1.5585
738506.415250351,-0.5412,0.3217,-0.768,1.6309
738506.415252489,-0.558,0.3219,-0.7922,1.6721
738506.41525469,-0.5744,0.3193,-0.7644,1.6581
738506.415256877,-0.5899,0.3195,-0.6991,1.6085
738506.415259034,-0.6039,0.3169,-0.63,1.5508
738506.415261228,-0.6166,0.3148,-0.5819,1.5133
738506.415263437,-0.6312,0.315,-0.5712,1.5174
738506.415265632,-0.646,0.3129,-0.5984,1.5573
738506.415267944,-0.6629,0.3109,-0.642,1.6158
738506.415270212,-0.6794,0.306,-0.6699,1.6553
738506.415272217,-0.6939,0.3057,-0.6679,1.6675
738506.415274447,-0.7102,0.3008,-0.6346,1.6456
738506.41527652,-0.7245,0.2982,-0.591,1.6137
738506.415278667,-0.7394,0.2956,-0.5579,1.5929
738506.415280644,-0.7516,0.2924,-0.5547,1.5987
738506.415282714,-0.7639,0.2925,-0.5757,1.6321
738506.415284942,-0.7782,0.2871,-0.6054,1.6707
738506.415287096,-0.7916,0.285,-0.6222,1.6988
738506.415289443,-0.8058,0.2828,-0.6149,1.7035
738506.415291697,-0.8187,0.2779,-0.595,1.6916
738506.415293805,-0.8294,0.2758,-0.5873,1.6925
738506.41529593,-0.8402,0.2731,-0.5961,1.7094
738506.41529808,-0.8512,0.2676,-0.6072,1.726
738506.415300137,-0.8593,0.2649,-0.6048,1.729
738506.415302196,-0.8665,0.2622,-0.591,1.7197
738506.415304268,-0.8743,0.2595,-0.5857,1.7195
738506.415306363,-0.8824,0.2563,-0.611,1.7497
738506.415308433,-0.8891,0.2513,-0.6645,1.8049
738506.415310495,-0.8963,0.248,-0.7169,1.8612
738506.415312463,-0.9019,0.2453,-0.7454,1.8926
738506.415314449,-0.9082,0.242,-0.7406,1.8908
738506.415316432,-0.9128,0.2387,-0.7114,1.8629
738506.415318453,-0.9156,0.2359,-0.6732,1.8247
738506.415320436,-0.9174,0.2355,-0.643,1.7959
738506.415322485,-0.918,0.2299,-0.6136,1.7615
738506.415324432,-0.9162,0.2299,-0.5588,1.7049
738506.415326398,-0.9114,0.2266,-0.4722,1.6102
738506.415328412,-0.9041,0.2233,-0.373,1.5004
738506.415330504,-0.8946,0.2205,-0.2946,1.4097
738506.415332569,-0.883,0.2177,-0.2618,1.3625
738506.415334658,-0.8696,0.2149,-0.2715,1.356
738506.415336739,-0.8531,0.2126,-0.3118,1.3775
738506.415338804,-0.8365,0.2098,-0.3447,1.391
738506.415340837,-0.8201,0.2064,-0.3516,1.3781
738506.415342854,-0.8025,0.2036,-0.3238,1.3299
738506.415344935,-0.7849,0.2002,-0.2682,1.2533
738506.41534704,-0.7652,0.1973,-0.2047,1.1672
738506.415349213,-0.7443,0.1945,-0.1619,1.1007
738506.415351308,-0.7236,0.1916,-0.162,1.0772
738506.415353386,-0.7043,0.1882,-0.2006,1.0931
738506.415355338,-0.6851,0.1848,-0.2588,1.1287
738506.415357301,-0.6653,0.1814,-0.3118,1.1585
738506.415359274,-0.6463,0.1774,-0.3436,1.1673
738506.415361213,-0.6274,0.1739,-0.3658,1.1671
738506.415363237,-0.6107,0.1699,-0.4032,1.1838
738506.415365255,-0.5926,0.167,-0.4674,1.227
738506.415367268,-0.5766,0.163,-0.5364,1.276
738506.415369237,-0.5601,0.1595,-0.5845,1.3041
738506.415371194,-0.5455,0.1555,-0.5956,1.2966
738506.41537322,-0.5298,0.152,-0.5851,1.2669
738506.415375208,-0.5144,0.148,-0.5752,1.2376
738506.415377239,-0.4977,0.1444,-0.5727,1.2148
738506.415379376,-0.4807,0.1415,-0.5622,1.1844
738506.415381348,-0.466,0.1374,-0.5261,1.1295
738506.41538324,-0.4511,0.1333,-0.4617,1.0461
738506.415385263,-0.4345,0.1327,-0.3774,0.9446
738506.41538724,-0.4182,0.1286,-0.3031,0.8499
738506.415389323,-0.401,0.1251,-0.2652,0.7913
738506.415391242,-0.3859,0.121,-0.2759,0.7828
738506.415393182,-0.3695,0.1203,-0.3125,0.8023
738506.415395147,-0.3527,0.1162,-0.3475,0.8164
738506.415397043,-0.3383,0.1145,-0.3798,0.8326
738506.415399023,-0.3223,0.1109,-0.4234,0.8566
738506.415400993,-0.3069,0.1097,-0.4722,0.8888
738506.415402957,-0.2923,0.1056,-0.5143,0.9122
738506.415404874,-0.2785,0.1044,-0.542,0.9249
738506.415406817,-0.2651,0.1002,-0.5549,0.9202
738506.415408756,-0.2526,0.099,-0.5502,0.9018
738506.415410722,-0.2408,0.0978,-0.5297,0.8683
738506.415412646,-0.2294,0.0966,-0.5009,0.8269
738506.415414788,-0.2165,0.0935,-0.4778,0.7878
738506.415416916,-0.2059,0.0929,-0.4895,0.7883
738506.415419127,-0.1973,0.0928,-0.5432,0.8333
738506.415421308,-0.1896,0.0927,-0.6156,0.8979
738506.415423583,-0.183,0.0926,-0.6867,0.9623
738506.415425742,-0.1774,0.0925,-0.7408,1.0107
738506.415427727,-0.1729,0.0918,-0.7784,1.0431
738506.415429734,-0.17,0.0936,-0.7983,1.0619
738506.415431727,-0.167,0.096,-0.8061,1.0691
738506.415433759,-0.1656,0.0947,-0.8135,1.0738
738506.415435822,-0.1646,0.0971,-0.83,1.0917
738506.415437883,-0.1646,0.1001,-0.8521,1.1168
738506.415439914,-0.1673,0.1024,-0.8639,1.1336
738506.415441845,-0.1708,0.1043,-0.8726,1.1477
738506.415443876,-0.1741,0.1067,-0.8878,1.1686
738506.415445859,-0.1788,0.1091,-0.908,1.1959
738506.41544786,-0.1853,0.1109,-0.9167,1.2129
738506.415449899,-0.1907,0.1139,-0.897,1.2016
738506.415451797,-0.1954,0.1157,-0.8526,1.1637
738506.415453719,-0.2,0.1176,-0.7912,1.1088
738506.415455668,-0.2056,0.1194,-0.7328,1.0578
738506.415457638,-0.2108,0.1219,-0.7022,1.0349
738506.415459785,-0.2176,0.1243,-0.7044,1.0463
738506.415461873,-0.224,0.1273,-0.7199,1.0712
738506.415464,-0.2311,0.1334,-0.7147,1.0792
738506.41546609,-0.2391,0.1365,-0.6951,1.0707
738506.415468211,-0.2467,0.1395,-0.6907,1.0769
738506.415470206,-0.2548,0.142,-0.7111,1.1079
738506.415472198,-0.2645,0.1476,-0.7403,1.1524
738506.41547418,-0.2755,0.1501,-0.756,1.1816
738506.415476174,-0.2866,0.1526,-0.7414,1.1806
738506.415478172,-0.2976,0.1582,-0.6934,1.1492
738506.415480135,-0.3085,0.1601,-0.6262,1.0948
738506.415482159,-0.3179,0.1632,-0.5535,1.0346
738506.415484244,-0.3293,0.1657,-0.4849,0.9799
738506.41548632,-0.3381,0.172,-0.4243,0.9344
738506.415488315,-0.3468,0.1745,-0.3673,0.8886
738506.415490269,-0.3531,0.1771,-0.3167,0.8469
738506.415492334,-0.3598,0.1802,-0.2692,0.8092
738506.415494302,-0.3667,0.1828,-0.2427,0.7922
738506.415496347,-0.3739,0.1854,-0.2458,0.8051
738506.41549834,-0.3811,0.1879,-0.2777,0.8467
738506.415500329,-0.388,0.1905,-0.3294,0.9079
738506.415502329,-0.3951,0.1905,-0.3902,0.9758
738506.415504317,-0.4039,0.1931,-0.4433,1.0403
738506.415506309,-0.413,0.1957,-0.4724,1.0811
738506.415508313,-0.4209,0.1983,-0.4757,1.0949
738506.4155103,-0.4276,0.2016,-0.4726,1.1018
738506.415512319,-0.438,0.2042,-0.4798,1.122
738506.415514363,-0.4467,0.2042,-0.4775,1.1284
738506.415516362,-0.4547,0.2069,-0.4384,1.1
738506.415518384,-0.4618,0.2101,-0.3709,1.0428
738506.415520455,-0.4681,0.2101,-0.3009,0.9791
738506.415522693,-0.4736,0.2102,-0.235,0.9188
738506.415524773,-0.4769,0.2135,-0.1902,0.8806
738506.415526924,-0.4783,0.2141,-0.1714,0.8638
738506.415528938,-0.4794,0.2174,-0.1712,0.868
738506.415531007,-0.4805,0.2207,-0.1709,0.8721
738506.415532978,-0.4804,0.2201,-0.1568,0.8573
738506.415534899,-0.4778,0.2228,-0.1358,0.8364
738506.415536871,-0.4735,0.2255,-0.1247,0.8237
738506.415538907,-0.4688,0.225,-0.1266,0.8204
738506.415540877,-0.461,0.2283,-0.131,0.8203
738506.4155429,-0.4514,0.231,-0.1331,0.8155
738506.415544929,-0.4404,0.2337,-0.1441,0.8182
738506.415546867,-0.4281,0.2338,-0.1812,0.8431
738506.415548897,-0.4165,0.2365,-0.2489,0.9019
738506.415550908,-0.403,0.2399,-0.3259,0.9688
738506.415552865,-0.3913,0.242,-0.3763,1.0096
738506.415554843,-0.3776,0.2454,-0.3888,1.0118
738506.415556899,-0.3627,0.2488,-0.3697,0.9812
738506.415558846,-0.347,0.2515,-0.3441,0.9426
738506.415560901,-0.331,0.2543,-0.3205,0.9058
738506.415562914,-0.314,0.2577,-0.2919,0.8636
738506.415564846,-0.2967,0.2605,-0.2479,0.8051
738506.415566907,-0.2774,0.2633,-0.1861,0.7268
738506.415568981,-0.2552,0.2667,-0.1289,0.6508
738506.41557107,-0.2326,0.2728,-0.0968,0.6022
738506.415573083,-0.2086,0.2763,-0.1031,0.588
738506.415575181,-0.1848,0.2797,-0.1532,0.6177
738506.415577166,-0.1627,0.2826,-0.2334,0.6787
738506.415579215,-0.1406,0.2854,-0.3202,0.7462
738506.415581221,-0.119,0.2916,-0.38,0.7906
738506.415583307,-0.097,0.2951,-0.3985,0.7906
738506.415585344,-0.0756,0.3013,-0.3982,0.7751
738506.41558738,-0.0526,0.3048,-0.4081,0.7655
738506.415589464,-0.0319,0.311,-0.4227,0.7656
738506.415591512,-0.01,0.3146,-0.4184,0.743
738506.415593483,0.0104,0.3202,-0.3976,0.7282
738506.415595595,0.0337,0.3238,-0.382,0.7395
738506.415597879,0.0545,0.3301,-0.3959,0.7805
738506.415599821,0.0748,0.3337,-0.4409,0.8494
738506.415601832,0.0949,0.3406,-0.4888,0.9243
738506.415603987,0.1142,0.347,-0.5216,0.9828
738506.415606121,0.1343,0.354,-0.5316,1.0199
738506.41560828,0.1534,0.3576,-0.5305,1.0415
738506.415610304,0.1705,0.364,-0.5413,1.0758
738506.415612352,0.1873,0.3704,-0.5777,1.1354
738506.415614407,0.2033,0.3768,-0.6372,1.2173
738506.415616522,0.2187,0.3839,-0.7005,1.3031
738506.415618578,0.2311,0.387,-0.7388,1.3569
738506.415620619,0.2419,0.3934,-0.7413,1.3766
738506.415622704,0.2516,0.3965,-0.71,1.3581
738506.415624814,0.261,0.3996,-0.6639,1.3245
738506.415626825,0.2702,0.4027,-0.6274,1.3003
738506.415628856,0.2776,0.4058,-0.6145,1.2979
738506.415630855,0.2826,0.4083,-0.6276,1.3185
738506.415632904,0.2879,0.4114,-0.6577,1.357
738506.415634919,0.2923,0.4111,-0.6959,1.3993
738506.415636969,0.2948,0.4135,-0.7318,1.4401
738506.415639005,0.2969,0.4132,-0.7604,1.4705
738506.415641069,0.2955,0.4122,-0.7841,1.4918
738506.415643127,0.2943,0.4119,-0.8053,1.5115
738506.415645245,0.2929,0.4088,-0.8186,1.5203
738506.415647331,0.2884,0.4079,-0.8223,1.5186
738506.415649422,0.2833,0.4041,-0.8232,1.5106
738506.415651537,0.2762,0.4003,-0.8298,1.5063
738506.415653705,0.2678,0.3965,-0.8514,1.5157
738506.415655887,0.2593,0.3933,-0.8906,1.5432
738506.415658115,0.248,0.386,-0.9388,1.5728
738506.415660353,0.2341,0.3829,-0.9843,1.6013
738506.415662609,0.2181,0.3762,-1.0143,1.6086
738506.415664877,0.2014,0.3702,-1.0076,1.5792
738506.415667144,0.1835,0.36,-0.9546,1.4981
738506.415669632,0.1631,0.3504,-0.8813,1.3948
738506.415672026,0.1413,0.3408,-0.8357,1.3178
738506.415674048,0.121,0.3326,-0.8272,1.2808
738506.415676321,0.0994,0.323,-0.8507,1.2731
738506.415678537,0.0771,0.3126,-0.8933,1.283
738506.415680644,0.0538,0.3015,-0.9239,1.2792
738506.415682721,0.0324,0.294,-0.9233,1.2497
738506.415684944,0.0105,0.2828,-0.8963,1.1896
738506.415687106,-0.0082,0.2723,-0.8695,1.15
738506.415689286,-0.0272,0.2611,-0.8698,1.1581
738506.4156914,-0.0449,0.2506,-0.9062,1.2017
738506.415693549,-0.0647,0.2429,-0.9666,1.2742
738506.415695771,-0.0843,0.2323,-1.0271,1.3437
738506.415698062,-0.102,0.2223,-1.0625,1.3868
738506.41570027,-0.1158,0.2116,-1.0657,1.3931
738506.415702412,-0.1276,0.2003,-1.0532,1.3811
738506.41570453,-0.1365,0.1931,-1.0393,1.3689
738506.415706691,-0.144,0.1823,-1.0261,1.3524
738506.415708791,-0.1488,0.1745,-1.0018,1.3251
738506.415710862,-0.1508,0.1666,-0.9539,1.2713
738506.415712919,-0.1504,0.155,-0.8944,1.1998
738506.415714974,-0.1481,0.1471,-0.844,1.1392
738506.415717066,-0.1426,0.1398,-0.8141,1.0965
738506.415719107,-0.1344,0.1355,-0.8067,1.0766
738506.41572123,-0.1244,0.1275,-0.8093,1.0612
738506.41572333,-0.1128,0.1201,-0.8051,1.038
738506.415725344,-0.1015,0.1157,-0.7827,0.9999
738506.415727444,-0.0885,0.112,-0.7392,0.9397
738506.415729604,-0.0762,0.1076,-0.6903,0.8741
738506.415731839,-0.0624,0.1045,-0.6627,0.8296
738506.415734024,-0.0519,0.1044,-0.6782,0.8345
738506.415736252,-0.041,0.1013,-0.7348,0.8771
738506.415738445,-0.0322,0.1012,-0.8099,0.9433
738506.415740586,-0.0234,0.1018,-0.871,0.9962
738506.415742667,-0.0186,0.1011,-0.9124,1.0321
738506.415744744,-0.0134,0.101,-0.9537,1.0681
738506.415746825,-0.0108,0.1002,-1.0025,1.1135
738506.415748914,-0.0073,0.1001,-1.0516,1.159
738506.415751013,-0.0045,0.1,-1.0856,1.1901
738506.415753045,-0.0029,0.0992,-1.0856,1.1877
738506.415755118,-0.0024,0.0984,-1.0408,1.1416
738506.41575715,0.0013,0.0983,-0.9554,1.055
738506.415759359,0.0059,0.0982,-0.8575,0.9616
738506.415761413,0.0106,0.0981,-0.7994,0.9081
738506.415763501,0.0125,0.0974,-0.7892,0.8991
738506.415765557,0.0163,0.0973,-0.807,0.9206
738506.415767575,0.0173,0.0965,-0.8322,0.946
738506.415769674,0.0181,0.0964,-0.8547,0.9692
738506.415771737,0.0172,0.0956,-0.8702,0.983
738506.41577382,0.0166,0.0955,-0.8808,0.9929
738506.415775883,0.0126,0.0947,-0.8925,0.9998
738506.415778029,0.0089,0.0953,-0.9132,1.0174
738506.415780074,0.0049,0.0945,-0.9317,1.0311
738506.415782201,0.0022,0.0944,-0.926,1.0226
738506.415784238,-0.0005,0.0943,-0.8904,0.9852
738506.415786301,-0.0032,0.0896,-0.8487,0.9415
738506.415788427,-0.0039,0.0895,-0.8285,0.9219
738506.415790457,-0.0056,0.0894,-0.8394,0.9344
738506.415792456,-0.0095,0.0886,-0.866,0.9641
738506.415794372,-0.0145,0.087,-0.8943,0.9958
738506.415796436,-0.0202,0.0869,-0.9201,1.0272
738506.415798511,-0.0277,0.083,-0.9349,1.0456
738506.415800601,-0.0372,0.0821,-0.933,1.0523
738506.415802677,-0.0451,0.082,-0.9113,1.0384
738506.415804824,-0.0522,0.0826,-0.875,1.0098
738506.415807016,-0.0621,0.0825,-0.8432,0.9878
738506.415809201,-0.0725,0.0831,-0.837,0.9926
738506.415811326,-0.0834,0.0869,-0.8606,1.0309
738506.415813516,-0.096,0.0875,-0.9,1.0835
738506.415815638,-0.1085,0.0881,-0.9249,1.1215
738506.415817761,-0.1243,0.0919,-0.9221,1.1383
738506.415819766,-0.1385,0.0957,-0.8977,1.1319
738506.415821816,-0.1528,0.0995,-0.8692,1.1215
738506.415823972,-0.1685,0.0994,-0.8553,1.1232
738506.415826012,-0.1841,0.104,-0.8636,1.1517
738506.415828217,-0.2014,0.1086,-0.8825,1.1925
738506.415830375,-0.2189,0.1093,-0.8877,1.2159
738506.415832575,-0.2347,0.1139,-0.8651,1.2137
738506.415834742,-0.2468,0.1193,-0.8191,1.1852
738506.415836993,-0.2583,0.12,-0.7706,1.1489
738506.415839215,-0.2686,0.1254,-0.7425,1.1365
738506.415841405,-0.2802,0.1301,-0.7498,1.1601
738506.415843578,-0.289,0.1315,-0.782,1.2025
738506.415845811,-0.2971,0.1362,-0.799,1.2323
738506.41584803,-0.3047,0.1377,-0.7711,1.2135
738506.415850162,-0.3088,0.1384,-0.7058,1.153
738506.415852259,-0.3076,0.1432,-0.6292,1.08
738506.4158544,-0.3021,0.1439,-0.5646,1.0106
738506.415856509,-0.293,0.1487,-0.5308,0.9725
738506.415858566,-0.2833,0.1487,-0.5235,0.9555
738506.415860601,-0.2699,0.1535,-0.5291,0.9525
738506.415862872,-0.2517,0.1558,-0.5361,0.9436
738506.415864961,-0.2373,0.1558,-0.5553,0.9484
738506.415866979,-0.2205,0.1606,-0.5944,0.9755
738506.415869002,-0.2027,0.1607,-0.6363,0.9997
738506.415871105,-0.1847,0.1607,-0.6603,1.0057
738506.415873184,-0.1648,0.1656,-0.6617,0.9921
738506.415875227,-0.1449,0.1656,-0.644,0.9545
738506.415877275,-0.1221,0.1705,-0.6108,0.9034
738506.415879325,-0.0987,0.1705,-0.5667,0.8359
738506.415881466,-0.0719,0.1713,-0.5129,0.7561
738506.415883597,-0.044,0.1763,-0.4561,0.6764
738506.415885661,-0.0159,0.1763,-0.394,0.5862
738506.415887752,0.0137,0.1805,-0.3295,0.5237
738506.415889811,0.0475,0.1813,-0.2629,0.4917
738506.415891924,0.0838,0.1822,-0.2103,0.4763
738506.415894028,0.1193,0.1822,-0.1917,0.4932
738506.415896195,0.156,0.1872,-0.2246,0.5678
738506.415898357,0.1904,0.1873,-0.322,0.6997
738506.415900397,0.2243,0.1874,-0.4584,0.8701
738506.41590244,0.2575,0.1874,-0.5918,1.0367
738506.4159045,0.2892,0.1875,-0.6852,1.1619
738506.415906687,0.321,0.1883,-0.7283,1.2376
738506.41590878,0.353,0.1892,-0.7448,1.287
738506.41591082,0.3823,0.1927,-0.7794,1.3544
738506.415912967,0.4102,0.1936,-0.8096,1.4134
738506.415915015,0.4318,0.1937,-0.8051,1.4306
738506.415917063,0.4543,0.1937,-0.7838,1.4318
738506.415919107,0.4748,0.1938,-0.7773,1.4459
738506.415921201,0.493,0.1939,-0.7996,1.4865
738506.41592328,0.5104,0.194,-0.8281,1.5325
738506.415925322,0.5285,0.194,-0.8345,1.557
738506.415927419,0.5448,0.1941,-0.8196,1.5585
738506.415929457,0.5597,0.1942,-0.8024,1.5563
738506.415931662,0.5759,0.1951,-0.7917,1.5627
738506.415933885,0.5926,0.196,-0.7807,1.5693
738506.415936098,0.6082,0.1969,-0.7562,1.5613
738506.415938253,0.6227,0.1978,-0.7152,1.5357
738506.415940479,0.6361,0.1987,-0.6685,1.5033
738506.415942681,0.6495,0.1996,-0.6373,1.4864
738506.415944879,0.6614,0.1997,-0.6353,1.4964
738506.415946998,0.6724,0.2006,-0.6545,1.5275
738506.415949102,0.6827,0.2015,-0.667,1.5512
738506.415951222,0.6922,0.2016,-0.6453,1.5391
738506.415953324,0.7033,0.2017,-0.5919,1.4969
738506.415955475,0.7144,0.2026,-0.5375,1.4545
738506.415957597,0.7218,0.2027,-0.5266,1.4511
738506.415959773,0.7285,0.2037,-0.582,1.5142
738506.415961865,0.7328,0.2038,-0.6774,1.614
738506.415963986,0.7358,0.2047,-0.7698,1.7103
738506.415966135,0.7341,0.2048,-0.8214,1.7603
738506.41596824,0.7314,0.2057,-0.8336,1.7707
738506.415970305,0.7276,0.2058,-0.8249,1.7583
738506.415972407,0.7226,0.206,-0.8078,1.7364
738506.415974483,0.7176,0.2114,-0.7821,1.7111
738506.4159766,0.7085,0.2115,-0.7346,1.6546
738506.415978725,0.7023,0.2125,-0.6498,1.5646
738506.415980932,0.695,0.2134,-0.5303,1.4387
738506.415983161,0.6912,0.2153,-0.3997,1.3062
738506.41598539,0.686,0.2163,-0.2771,1.1794
738506.415987562,0.6822,0.2218,-0.1891,1.0931
738506.415989729,0.6784,0.2236,-0.1428,1.0448
738506.415991842,0.6692,0.2238,-0.1424,1.0354
738506.415994036,0.6585,0.2294,-0.1846,1.0725
738506.41599623,0.6476,0.2312,-0.2556,1.1344
738506.415998416,0.6322,0.2323,-0.3314,1.1959
738506.416000596,0.6168,0.2342,-0.3987,1.2497
738506.416002867,0.5951,0.2398,-0.4583,1.2932
738506.416005141,0.5737,0.2426,-0.5072,1.3235
738506.416007334,0.5495,0.2446,-0.5346,1.3287
738506.416009463,0.5219,0.2503,-0.5374,1.3096
738506.416011611,0.4916,0.2513,-0.5193,1.2622
738506.416013762,0.4597,0.2571,-0.4907,1.2075
738506.416015819,0.4289,0.2628,-0.4703,1.162
738506.416017864,0.3927,0.2631,-0.4703,1.1261
738506.41602008,0.3534,0.2698,-0.4855,1.1087
738506.416022148,0.3152,0.2709,-0.4873,1.0734
738506.416024298,0.2791,0.2776,-0.4527,1.0094
738506.416026395,0.2408,0.2779,-0.388,0.9067
738506.416028479,0.2065,0.2838,-0.3189,0.8092
738506.416030624,0.1745,0.2858,-0.2632,0.7235
738506.416032747,0.1417,0.2918,-0.22,0.6535
738506.416034861,0.1103,0.293,-0.1744,0.5777
738506.416036981,0.0814,0.2998,-0.1222,0.5034
738506.416039098,0.0534,0.3011,-0.0746,0.4291
738506.416041212,0.0287,0.308,-0.0409,0.3776
738506.416043277,0.0046,0.3092,-0.0324,0.3462
738506.41604535,-0.0184,0.3153,-0.0529,0.3866
738506.416047522,-0.0438,0.3175,-0.0997,0.461
738506.416049628,-0.0704,0.3187,-0.1576,0.5467
738506.416051789,-0.0944,0.3258,-0.2104,0.6306
738506.41605397,-0.1126,0.328,-0.2252,0.6658
738506.416056055,-0.132,0.3293,-0.2,0.6613
738506.416058239,-0.1483,0.3364,-0.159,0.6437
738506.416060454,-0.1597,0.3396,-0.127,0.6263
738506.416062638,-0.1693,0.3419,-0.0953,0.6065
738506.416064805,-0.1761,0.3442,-0.0455,0.5658
738506.416067033,-0.1793,0.3465,0.022,0.5478
738506.416069197,-0.1762,0.3488,0.0837,0.6087
738506.416071338,-0.1665,0.3561,0.1126,0.6352
738506.416073627,-0.153,0.3594,0.0928,0.6052
738506.416075941,-0.1372,0.3627,0.0424,0.5423
738506.416078269,-0.1178,0.366,0.0152,0.499
738506.416080607,-0.0925,0.3694,0.0324,0.4943
738506.416082914,-0.064,0.3687,0.0636,0.4963
738506.416085313,-0.0347,0.3721,0.0637,0.4705
738506.416087382,-0.004,0.3786,0.0359,0.4185
738506.416089465,0.0304,0.381,-0.0011,0.4125
738506.416091407,0.061,0.3815,-0.0307,0.4732
738506.416093642,0.0981,0.384,-0.0612,0.5433
738506.416095893,0.1403,0.3925,-0.0988,0.6316
738506.41609809,0.1796,0.395,-0.1461,0.7207
738506.416100209,0.2164,0.3965,-0.1969,0.8098
738506.416102497,0.2567,0.4,-0.2502,0.9069
738506.416104706,0.295,0.4026,-0.2866,0.9842
738506.416106867,0.3349,0.4051,-0.2986,1.0386
738506.416109032,0.3777,0.4077,-0.2908,1.0762
738506.416111298,0.42,0.4103,-0.2855,1.1158
738506.416113551,0.4633,0.4139,-0.3074,1.1846
738506.416115688,0.5039,0.4206,-0.3362,1.2607
738506.416117784,0.5455,0.4222,-0.3391,1.3068
738506.416119884,0.5857,0.4239,-0.304,1.3136
738506.41612194,0.6247,0.4255,-0.2711,1.3213
738506.416124119,0.6642,0.4271,-0.2852,1.3765
738506.416126253,0.7027,0.4288,-0.3504,1.4819
738506.416128356,0.7377,0.4304,-0.4157,1.5838
738506.416130528,0.7726,0.4331,-0.4357,1.6414
738506.416132617,0.8062,0.4295,-0.4011,1.6368
738506.416134735,0.8401,0.4312,-0.3515,1.6228
738506.416136923,0.8689,0.4276,-0.3348,1.6313
738506.416139144,0.8953,0.4303,-0.361,1.6866
738506.416141262,0.9188,0.4266,-0.3986,1.744
738506.416143443,0.9404,0.423,-0.4229,1.7863
738506.41614566,0.9621,0.4203,-0.4271,1.8095
738506.416147807,0.9791,0.4166,-0.4091,1.8048
738506.416150117,0.997,0.415,-0.3708,1.7828
738506.416152344,1.0072,0.4113,-0.3233,1.7418
738506.41615454,1.0187,0.4032,-0.2739,1.6958
738506.41615672,1.0259,0.3994,-0.2316,1.6569
738506.416158926,1.0271,0.3967,-0.1983,1.6221
738506.416161033,1.0237,0.3874,-0.1797,1.5908
738506.416163158,1.0165,0.3836,-0.1732,1.5733
738506.416165294,1.0072,0.3743,-0.1774,1.5589
738506.416167463,0.9947,0.3714,-0.1854,1.5515
738506.416169578,0.9759,0.361,-0.182,1.5189
738506.416171654,0.9576,0.357,-0.1573,1.4719
738506.416173891,0.9413,0.3486,-0.1017,1.3916
738506.416176105,0.9216,0.3391,-0.0183,1.279
738506.416178421,0.9016,0.3261,0.0728,1.3005
738506.416180791,0.8805,0.3186,0.1237,1.3228
738506.416182784,0.8597,0.3078,0.1272,1.2947
738506.416185003,0.8354,0.2991,0.1187,1.2532
738506.416187191,0.8064,0.2904,0.1322,1.229
738506.416189396,0.78,0.2806,0.1727,1.2333
738506.416191641,0.7568,0.2729,0.2279,1.2576
738506.416193774,0.7349,0.2629,0.273,1.2708
738506.416195962,0.7122,0.254,0.3028,1.269
738506.416198253,0.6859,0.2451,0.318,1.249
738506.416200502,0.66,0.2372,0.3326,1.2298
738506.416202724,0.6325,0.2281,0.3571,1.2177
738506.416204936,0.6082,0.219,0.3855,1.2127
738506.416207181,0.5836,0.211,0.4046,1.1992
738506.416209361,0.5612,0.2018,0.409,1.172
738506.416211654,0.5404,0.1925,0.414,1.1469
738506.416213855,0.5313,0.1843,0.4384,1.154
738506.416216219,0.5218,0.1761,0.479,1.1769
738506.416218407,0.5182,0.1725,0.487,1.1777
738506.416220608,0.5191,0.1631,0.4347,1.1169
738506.41622278,0.5188,0.1536,0.343,1.0154
738506.416224943,0.5186,0.15,0.2575,0.9261
738506.416227063,0.5215,0.1404,0.1975,0.8594
738506.416229293,0.5261,0.1356,0.1585,0.8202
738506.416231784,0.5312,0.1293,0.1151,0.7756
738506.416234093,0.5327,0.1196,0.0744,0.7267
738506.416236616,0.5407,0.1154,0.0433,0.6994
738506.416238763,0.5451,0.1056,0.0518,0.7025
738506.41624103,0.5505,0.1017,0.0885,0.7407
738506.416243151,0.5603,0.099,0.137,0.7963
738506.416245479,0.5685,0.0939,0.1731,0.8355
738506.416247646,0.5798,0.0862,0.2043,0.8703
738506.416249919,0.5853,0.0811,0.2434,0.9098
738506.416252497,0.5939,0.0744,0.3058,0.9741
738506.416254566,0.604,0.0716,0.345,1.0206
738506.416256728,0.6044,0.0725,0.3461,1.023
738506.41625882,0.6044,0.0685,0.3143,0.9872
738506.416260993,0.6008,0.0633,0.2793,0.9434
738506.416263099,0.5969,0.0603,0.28,0.9372
738506.416265385,0.5845,0.0625,0.3155,0.9625
738506.416267466,0.5684,0.0583,0.3539,0.9806
738506.416269747,0.5554,0.0604,0.3908,1.0066
