time_dn,aircraft_velocity_e_mps,aircraft_velocity_u_mps,aircraft_velocity_n_mps,aircraft_elevation_trim,aircraft_aileron_trim,aircraft_latitude_deg,aircraft_longitude_deg,aircraft_elevation_m,aircraft_agl_altitude_m,aircraft_pitch_deg,aircraft_roll_deg,aircraft_indicated_airspeed_kias,aircraft_groundspeed_mps,aircraft_climb_rate_mps,aircraft_yaw_deg,aircraft_ils_deflection_gs,aircraft_ils_deflection_h,aircraft_landing_gear
738505.47005984233692288399,72.2026901245117,-5.09238958358765,8.87320899963379,-0.12941175699234,-0.00392156839370728,42.4973373413086,-71.5872116088867,1312.64697265625,1202.39892578125,1.24627327919006,-0.00671662436798215,117.330139160156,72.9308319091797,-5.96114635467529,5.47115516662598,-0.245098024606705,-0.127450972795486,70
738505.47006194700952619314,72.2026901245117,-5.09238958358765,8.87320899963379,-0.12941175699234,-0.00392156839370728,42.4973373413086,-71.5872116088867,1312.64697265625,1202.39892578125,1.24627327919006,-0.00671662436798215,117.330139160156,72.9308319091797,-5.96114635467529,5.47115516662598,-0.245098024606705,-0.127450972795486,70
738505.47006406739819794893,72.2026901245117,-5.09238958358765,8.87320899963379,-0.12941175699234,-0.00392156839370728,42.4973373413086,-71.5872116088867,1312.64697265625,1202.39892578125,1.24627327919006,-0.00671662436798215,117.330139160156,72.9308319091797,-5.96114635467529,5.47115516662598,-0.245098024606705,-0.127450972795486,70
738505.47006613027770072222,72.2026901245117,-5.09238958358765,8.87320899963379,-0.12941175699234,-0.00392156839370728,42.4973373413086,-71.5872116088867,1312.64697265625,1202.39892578125,1.24627327919006,-0.00671662436798215,117.330139160156,72.9308319091797,-5.96114635467529,5.47115516662598,-0.245098024606705,-0.127450972795486,70
738505.47006819827947765589,72.2026901245117,-5.09238958358765,8.87320899963379,-0.12941175699234,-0.00392156839370728,42.4973373413086,-71.5872116088867,1312.64697265625,1202.39892578125,1.24627327919006,-0.00671662436798215,117.330139160156,72.9308319091797,-5.96114635467529,5.47115516662598,-0.245098024606705,-0.127450972795486,70
738505.47007029666565358639,72.2026901245117,-5.09238958358765,8.87320899963379,-0.12941175699234,-0.00392156839370728,42.4973373413086,-71.5872116088867,1312.64697265625,1202.39892578125,1.24627327919006,-0.00671662436798215,117.330139160156,72.9308319091797,-5.96114635467529,5.47115516662598,-0.245098024606705,-0.127450972795486,70
738505.47007237561047077179,72.2026901245117,-5.09238958358765,8.87320899963379,-0.12941175699234,-0.00392156839370728,42.4973373413086,-71.5872116088867,1312.64697265625,1202.39892578125,1.24627327919006,-0.00671662436798215,117.330139160156,72.9308319091797,-5.96114635467529,5.47115516662598,-0.245098024606705,-0.127450972795486,70
738505.47007460833992809057,72.1021575927734,-5.04520034790039,8.94048690795898,-0.12941175699234,-0.00392156839370728,42.4973220825195,-71.587043762207,1311.57189941406,1201.00183105469,-4.71015214920044,-0.249937146902084,93.8439331054688,72.8292999267578,-4.34305095672607,1.7097555398941,-0.253273159265518,-0.103285759687424,70
738505.47007695550564676523,72.1405944824219,-4.64510059356689,9.09218978881836,-0.12941175699234,-0.00392156839370728,42.4973068237305,-71.5868682861328,1310.49084472656,1199.09973144531,-6.6749153137207,-0.0997528061270714,85.2800064086914,72.8595275878906,-3.70552492141724,-3.34650468826294,-0.258557766675949,-0.0971242487430573,70
738505.47007895435672253370,72.1158828735352,-5.0793628692627,9.03381538391113,-0.12941175699234,-0.00392156839370728,42.4972915649414,-71.5867156982422,1309.56970214844,1197.50537109375,-7.54089975357056,-0.0618710666894913,84.8725814819336,72.8567810058594,-3.59970021247864,-1.76125073432922,-0.261609584093094,-0.0982734858989716,70
738505.47008129325695335865,72.0215454101562,-5.2476978302002,8.9258861541748,-0.12941175699234,-0.00392156839370728,42.4972763061523,-71.586540222168,1308.40661621094,1195.64685058594,-5.2849063873291,-0.168477639555931,88.4194564819336,72.7620315551758,-3.75739145278931,0.763171434402466,-0.264778196811676,-0.102247342467308,70
738505.47008321131579577923,71.8295440673828,-5.14318466186523,8.96436309814453,-0.12941175699234,-0.00392156839370728,42.4972648620605,-71.5863876342773,1307.43664550781,1194.21545410156,-5.9590163230896,-0.146877467632294,92.8146057128906,72.5692443847656,-4.00401973724365,-1.79664826393127,-0.267403990030289,-0.106172658503056,70
738505.47008526267018169165,71.604850769043,-5.4878568649292,9.05434703826904,-0.12941175699234,-0.00392156839370728,42.4972534179688,-71.5862426757812,1306.427734375,1192.73596191406,-7.13902187347412,-0.0463818199932575,97.3243560791016,72.3833694458008,-4.28084707260132,-5.17966747283936,-0.270043939352036,-0.110066086053848,70
738505.47008738212753087282,71.356086730957,-5.80251026153564,9.07293701171875,-0.12941175699234,-0.00392156839370728,42.4972381591797,-71.5860824584961,1305.30847167969,1191.130859375,-6.22919702529907,-0.0801538303494453,101.393081665039,72.1642456054688,-4.58338594436646,-5.54949855804443,-0.273010700941086,-0.113712310791016,70
738505.47008943196851760149,71.0752944946289,-6.07106447219849,8.96764469146729,-0.12941175699234,-0.00392156839370728,42.4972229003906,-71.5859298706055,1304.15698242188,1189.50256347656,-5.18324851989746,-0.398712158203125,104.733840942383,71.8955764770508,-4.89119052886963,-3.11506295204163,-0.276315331459045,-0.11683289706707,70
738505.47009148856159299612,70.7833862304688,-6.25759792327881,8.78420066833496,-0.12941175699234,-0.00392156839370728,42.4972114562988,-71.5857772827148,1302.97265625,1187.84533691406,-4.93752670288086,-0.903194606304169,107.524208068848,71.6003341674805,-5.19713926315308,-0.116904154419899,-0.279993683099747,-0.119487270712852,70
738505.47009377344511449337,70.5046539306641,-6.39742231369019,8.58254146575928,-0.12941175699234,-0.00392156839370728,42.4971961975098,-71.5856094360352,1301.6728515625,1186.03771972656,-6.22282314300537,-1.48673152923584,110.066932678223,71.3126449584961,-5.51319265365601,1.8400171995163,-0.284325987100601,-0.121896833181381,70
738505.47009594156406819820,70.2766418457031,-6.59437894821167,8.5009126663208,-0.12941175699234,-0.00392156839370728,42.4971809387207,-71.5854415893555,1300.27697753906,1184.109375,-7.90862703323364,-1.9180064201355,112.274002075195,71.0954132080078,-5.8191442489624,0.108821824193001,-0.289221972227097,-0.123982235789299,70
738505.47009824274573475122,70.0727386474609,-7.06475830078125,8.4957914352417,-0.12941175699234,-0.00392156839370728,42.4971694946289,-71.5852737426758,1298.80017089844,1182.09704589844,-7.94672393798828,-2.11094641685486,113.738304138184,70.9385528564453,-6.10593366622925,-2.16008472442627,-0.294560223817825,-0.12567201256752,70
738505.47010031994432210922,69.8755569458008,-7.61787843704224,8.47617530822754,-0.12941175699234,-0.00392156839370728,42.4971542358398,-71.5851211547852,1297.42126464844,1180.25378417969,-6.68024158477783,-2.14355540275574,114.15047454834,70.7988052368164,-6.36531591415405,-2.549809217453,-0.299726665019989,-0.126879155635834,70
738505.47010273300111293793,69.6502227783203,-8.17929077148438,8.34003067016602,-0.12941175699234,-0.00392156839370728,42.4971389770508,-71.5849456787109,1295.66088867188,1177.94177246094,-5.45556497573853,-2.26640510559082,113.685256958008,70.6230163574219,-6.71286106109619,0.099789097905159,-0.306749671697617,-0.128043428063393,70
738505.47010473872069269419,69.5570449829102,-8.53783321380615,8.14562511444092,-0.12941175699234,-0.00392156839370728,42.497127532959,-71.5847930908203,1294.06982421875,1175.87670898438,-6.08723735809326,-2.53911519050598,112.861465454102,70.5508880615234,-7.04514932632446,3.43063616752625,-0.3135606944561,-0.12884521484375,70
738505.47010677680373191833,69.4062118530273,-8.88346099853516,7.96861267089844,-0.12941175699234,-0.00392156839370728,42.4971160888672,-71.5846481323242,1292.46411132812,1173.80981445312,-7.2811484336853,-2.90914630889893,112.170364379883,70.424690246582,-7.38491249084473,5.15016651153564,-0.32080090045929,-0.129470765590668,70
738505.47010884783230721951,69.1641387939453,-9.43828201293945,7.88857126235962,-0.12941175699234,-0.00392156839370728,42.4971046447754,-71.5844955444336,1290.7373046875,1171.60925292969,-6.87208366394043,-3.25716519355774,111.911827087402,70.2494735717773,-7.74491453170776,4.1529107093811,-0.328848600387573,-0.129977196455002,70
738505.47011112235486507416,68.9164581298828,-9.64779186248779,7.84082221984863,-0.12941175699234,-0.00392156839370728,42.4970932006836,-71.5843276977539,1288.7158203125,1168.81750488281,-4.85607481002808,-3.4864399433136,112.072639465332,70.0288238525391,-8.1673059463501,2.47211623191833,-0.338668286800385,-0.130404680967331,70
738505.47011313075199723244,68.8445892333984,-9.28325843811035,7.69167423248291,-0.12941175699234,-0.00392156839370728,42.4970817565918,-71.5841827392578,1286.99145507812,1166.13073730469,-6.80521631240845,-3.71176290512085,112.189964294434,69.8921890258789,-8.52068328857422,3.05282664299011,-0.347673922777176,-0.130672097206116,70
738505.47011517419014126062,68.7877044677734,-9.62372493743896,7.58469581604004,-0.12941175699234,-0.00392156839370728,42.4970703125,-71.5840530395508,1285.4697265625,1163.75817871094,-9.54536533355713,-3.99196529388428,112.136726379395,69.8705368041992,-8.78417301177979,3.51075482368469,-0.355671763420105,-0.130836069583893,70
738505.47011726594064384699,68.6404800415039,-10.534631729126,7.6063756942749,-0.12941175699234,-0.00392156839370728,42.4970588684082,-71.5839080810547,1283.55871582031,1160.85729980469,-9.05721378326416,-4.07600831985474,112.069305419922,69.8595123291016,-9.07127857208252,0.983350396156311,-0.365335136651993,-0.130948185920715,70
738505.47011958784423768520,68.6980590820312,-10.3879747390747,7.5962700843811,-0.12941175699234,-0.00392156839370728,42.4970474243164,-71.5837326049805,1281.30993652344,1157.48364257812,-8.65060710906982,-3.97327971458435,112.347557067871,69.8930358886719,-9.4302396774292,-1.76741683483124,-0.37721660733223,-0.130987867712975,70
738505.47012164327315986156,68.8159103393555,-10.5572633743286,7.44887781143188,-0.12941175699234,-0.00392156839370728,42.4970359802246,-71.5835876464844,1279.37829589844,1154.56994628906,-11.0366535186768,-4.0660982131958,112.976715087891,70.0183639526367,-9.72108268737793,0.202388599514961,-0.387900203466415,-0.130954712629318,70
738505.47012366144917905331,68.8608474731445,-11.3579187393188,7.29107713699341,-0.12941175699234,-0.00392156839370728,42.4970245361328,-71.5834350585938,1277.33032226562,1151.56811523438,-9.90917110443115,-3.55452609062195,113.67854309082,70.1710662841797,-9.99643516540527,3.12227392196655,-0.398916184902191,-0.13087186217308,70
738505.47012580011505633593,69.0114059448242,-11.2745447158813,7.23594522476196,-0.12941175699234,-0.00392156839370728,42.497013092041,-71.5832901000977,1275.19909667969,1148.50231933594,-8.7054500579834,-2.70236301422119,114.272598266602,70.2997055053711,-10.3001461029053,2.04135656356812,-0.410719364881516,-0.130744233727455,70
738505.47012790758162736893,69.2114715576172,-11.0882625579834,7.28894329071045,-0.12941175699234,-0.00392156839370728,42.4970016479492,-71.5831298828125,1273.05578613281,1145.39599609375,-10.3242082595825,-1.78157782554626,115.011352539062,70.4720306396484,-10.5912714004517,-1.19338691234589,-0.423147261142731,-0.130556210875511,70
738505.47012997942510992289,69.4137878417969,-11.1763782501221,7.25737810134888,-0.12941175699234,-0.00392156839370728,42.4969902038574,-71.5829849243164,1270.994140625,1142.48840332031,-9.97905254364014,-0.233712121844292,116.089851379395,70.6813659667969,-10.8217172622681,-0.128261968493462,-0.435114324092865,-0.13032802939415,70
738505.47013209050055593252,69.6524429321289,-11.15696144104,7.22352123260498,-0.12941175699234,-0.00392156839370728,42.4969787597656,-71.5828247070312,1268.84216308594,1139.46362304688,-8.36493492126465,0.386023044586182,117.399620056152,70.9092407226562,-11.0197649002075,1.77236592769623,-0.447623133659363,-0.130044251680374,70
738505.47013416362460702658,69.9412994384766,-10.833517074585,7.29819393157959,-0.12941175699234,-0.00392156839370728,42.4969673156738,-71.5826797485352,1266.79309082031,1137.05590820312,-7.51188516616821,0.413245737552643,118.390396118164,71.1506423950195,-11.1690340042114,0.685032844543457,-0.459676146507263,-0.129741668701172,70
738505.47013650008011609316,70.3253631591797,-10.5166044235229,7.48964214324951,-0.12941175699234,-0.00392156839370728,42.496955871582,-71.5825042724609,1264.4921875,1134.6025390625,-7.96267938613892,0.307678878307343,118.836700439453,71.5007019042969,-11.2656984329224,-3.24098777770996,-0.473347246646881,-0.129350394010544,70
738505.47013892920222133398,70.6755218505859,-10.3290748596191,7.60332584381104,-0.12941175699234,-0.00392156839370728,42.4969444274902,-71.5823211669922,1262.2236328125,1132.17822265625,-5.95270299911499,0.106442786753178,118.673370361328,71.8298645019531,-11.2813777923584,-4.36162137985229,-0.486616194248199,-0.128924757242203,70
738505.47014097380451858044,70.9413299560547,-9.76304340362549,7.57217741012573,-0.12941175699234,-0.00392156839370728,42.4969291687012,-71.5821685791016,1260.30676269531,1130.12463378906,-3.35898923873901,-0.0825692415237427,118.410675048828,72.0092163085938,-11.2407665252686,-2.03983163833618,-0.497842818498611,-0.128534182906151,70
738505.47014302434399724007,71.2154693603516,-8.63651084899902,7.53524732589722,-0.12941175699234,-0.00392156839370728,42.4969215393066,-71.5820159912109,1258.63220214844,1128.32006835938,-2.63126540184021,-0.195376455783844,118.263488769531,72.1319046020508,-11.1283006668091,-0.764681577682495,-0.507923424243927,-0.128158465027809,70
738505.47014513995964080095,71.5281143188477,-7.52559185028076,7.62630891799927,-0.12941175699234,-0.00392156839370728,42.4969100952148,-71.5818557739258,1257.07507324219,1126.62512207031,-2.57546043395996,-0.0972366780042648,118.079170227051,72.3261108398438,-10.8784132003784,-3.38074398040771,-0.517339706420898,-0.127749174833298,70
738505.47014719352591782808,71.7733840942383,-6.70470523834229,7.70607566833496,-0.12941175699234,-0.00392156839370728,42.496898651123,-71.5817031860352,1255.71728515625,1125.13061523438,-0.788177847862244,0.446574151515961,117.618003845215,72.4965896606445,-10.4940872192383,-4.59323787689209,-0.525112569332123,-0.127334907650948,70
738505.47014922637026757002,71.8867263793945,-5.87398386001587,7.6731972694397,-0.12941175699234,-0.00392156839370728,42.4968872070312,-71.5815505981445,1254.53820800781,1123.81896972656,1.79232859611511,0.825198531150818,116.952156066895,72.5333251953125,-10.0194292068481,-1.9095231294632,-0.531323969364166,-0.126926839351654,70
738505.47015149367507547140,71.8885726928711,-4.51548957824707,7.56764602661133,-0.12941175699234,-0.00392156839370728,42.4968719482422,-71.5813827514648,1253.42431640625,1122.55590820312,2.3879668712616,1.08096361160278,116.395385742188,72.4266891479492,-9.37452507019043,2.3205292224884,-0.53678172826767,-0.126453757286072,70
738505.47015366214327514172,71.8646469116211,-3.08686327934265,7.53408288955688,-0.12941175699234,-0.00392156839370728,42.4968605041504,-71.5812149047852,1252.6171875,1121.60583496094,1.90701115131378,1.269526720047,116.57852935791,72.3243942260742,-8.6328182220459,3.32702589035034,-0.540136694908142,-0.125991970300674,70
738505.47015576832927763462,71.7981033325195,-1.77592611312866,7.6532826423645,-0.12941175699234,-0.00392156839370728,42.4968490600586,-71.5810546875,1252.09252929688,1120.94311523438,2.12434887886047,1.40537583827972,117.500823974609,72.2266845703125,-7.80462741851807,0.152749374508858,-0.541359901428223,-0.12553945183754,70
738505.47015792271122336388,71.7037887573242,-0.799573540687561,7.83485174179077,-0.12941175699234,-0.00392156839370728,42.4968376159668,-71.5808944702148,1251.77087402344,1120.47802734375,2.02069735527039,1.24749135971069,118.809684753418,72.1349945068359,-6.85599565505981,-4.09237432479858,-0.540566384792328,-0.12507101893425,70
738505.47016011772211641073,71.6533813476562,-0.376962840557098,7.95306634902954,-0.12941175699234,-0.00392156839370728,42.496826171875,-71.5807342529297,1251.57409667969,1120.13696289062,1.55599451065063,0.605940222740173,119.977127075195,72.0943832397461,-5.87046813964844,-6.40857172012329,-0.53803563117981,-0.124608725309372,70
738505.47016248735599219799,71.6648025512695,0.161482915282249,7.91229104995728,-0.12941175699234,-0.00392156839370728,42.4968109130859,-71.5805435180664,1251.4541015625,1119.85119628906,-0.890475392341614,-1.81636893749237,120.724243164062,72.1004409790039,-4.77701616287231,-5.63151979446411,-0.53363025188446,-0.124082252383232,70
738505.47016456106211990118,71.7624435424805,0.232776373624802,7.75351238250732,-0.12941175699234,-0.00392156839370728,42.4967994689941,-71.5803909301758,1251.39965820312,1119.65979003906,-2.88801908493042,-3.91026949882507,120.898933410645,72.1804656982422,-3.93479418754578,-3.89639806747437,-0.529053866863251,-0.12365560978651,70
738505.47016668098513036966,71.8716049194336,0.0751881152391434,7.55528354644775,-0.12941175699234,-0.00392156839370728,42.4967880249023,-71.5802307128906,1251.32873535156,1119.44641113281,-3.22412776947021,-4.25057983398438,120.88028717041,72.2676696777344,-3.15513205528259,-2.45867085456848,-0.523739576339722,-0.123207718133926,70
738505.47016881301533430815,71.9273376464844,-0.188168406486511,7.46038579940796,-0.12941175699234,-0.00392156839370728,42.4967765808105,-71.5800704956055,1251.21728515625,1119.2001953125,-2.08200836181641,-3.88601875305176,120.870101928711,72.3134460449219,-2.54879355430603,-3.74354672431946,-0.51856529712677,-0.122777760028839,70
738505.47017130220774561167,71.9716567993164,-0.26505920290947,7.38761568069458,-0.12941175699234,-0.00392156839370728,42.4967651367188,-71.5799026489258,1251.0634765625,1118.89916992188,-1.68860626220703,-1.87486016750336,120.925354003906,72.3503036499023,-2.04553055763245,-5.2137598991394,-0.513037502765656,-0.122293911874294,70
738505.47017349372617900372,72.0660247802734,-0.433280944824219,7.25503587722778,-0.12941175699234,-0.00392156839370728,42.4967498779297,-71.5797271728516,1250.88940429688,1118.57727050781,-2.5702440738678,-0.952584564685822,120.818069458008,72.4315872192383,-1.68193972110748,-3.20706915855408,-0.50760281085968,-0.121791295707226,70
738505.47017561737447977066,72.1693420410156,-0.900664627552032,7.06511068344116,-0.12941175699234,-0.00392156839370728,42.4967422485352,-71.5795593261719,1250.66625976562,1118.21923828125,-2.27896094322205,-0.550057649612427,120.32258605957,72.5199356079102,-1.46086013317108,0.968102514743805,-0.502803683280945,-0.121307320892811,70
738505.47017769445665180683,72.2318420410156,-1.37084901332855,6.92133903503418,-0.12941175699234,-0.00392156839370728,42.4967308044434,-71.5794067382812,1250.36584472656,1117.79309082031,-0.697190999984741,0.886963605880737,119.514511108398,72.5756378173828,-1.36052274703979,3.89428925514221,-0.498706877231598,-0.120823346078396,70
738505.47017972602043300867,72.2437896728516,-1.33982634544373,6.966139793396,-0.12941175699234,-0.00392156839370728,42.4967193603516,-71.5792541503906,1250.01330566406,1117.63098144531,-0.53028392791748,2.84838247299194,118.648818969727,72.5912322998047,-1.3596373796463,2.33719325065613,-0.495059967041016,-0.120296940207481,70
738505.47018175048287957907,72.3168334960938,-1.30385327339172,7.12982034683228,-0.12941175699234,-0.00392156839370728,42.4967079162598,-71.5790939331055,1249.70239257812,1117.65881347656,-3.18260836601257,3.60263848304749,118.126243591309,72.6791534423828,-1.40471184253693,-1.07065618038177,-0.491705000400543,-0.119754463434219,70
738505.47018381289672106504,72.4061508178711,-2.19198203086853,7.06667137145996,-0.12941175699234,-0.00392156839370728,42.4967002868652,-71.5789413452148,1249.28942871094,1117.58386230469,-2.42807912826538,3.64057779312134,117.746612548828,72.7831954956055,-1.47885727882385,1.46949172019958,-0.488559931516647,-0.119183577597141,70
738505.47018583619501441717,72.4964218139648,-1.89384770393372,7.01919364929199,-0.12941175699234,-0.00392156839370728,42.4966888427734,-71.5787811279297,1248.81604003906,1117.45178222656,-1.07369935512543,3.30554270744324,117.143264770508,72.8600463867188,-1.62005615234375,5.33917331695557,-0.486012905836105,-0.118598163127899,70
738505.47018792596645653248,72.5764541625977,-1.65671217441559,7.15343570709229,-0.12941175699234,-0.00392156839370728,42.4966773986816,-71.5786285400391,1248.4287109375,1117.40771484375,-3.88481831550598,2.97691607475281,116.555801391602,72.9469528198242,-1.76082968711853,3.03056049346924,-0.483556240797043,-0.117988042533398,70
738505.47019003389868885279,72.5961074829102,-2.48983550071716,7.14642667770386,-0.12941175699234,-0.00392156839370728,42.4966659545898,-71.5784683227539,1247.94055175781,1117.26953125,-3.34198117256165,2.64258480072021,116.394691467285,72.9894866943359,-1.88560473918915,3.80572152137756,-0.481050193309784,-0.117345497012138,70
738505.47019207256380468607,72.6146392822266,-2.40943455696106,7.11543321609497,-0.12941175699234,-0.00392156839370728,42.4966583251953,-71.5783081054688,1247.4052734375,1117.07360839844,-1.64089095592499,2.00642848014832,116.532806396484,73.002197265625,-2.04147505760193,6.16836881637573,-0.479113340377808,-0.116720005869865,70
738505.47019419155549257994,72.6436614990234,-2.42124080657959,7.17136812210083,-0.12941175699234,-0.00392156839370728,42.4966468811035,-71.5781478881836,1246.87573242188,1116.89086914062,-2.49617290496826,1.16634595394135,116.548629760742,73.0369262695312,-2.20571136474609,4.75867509841919,-0.477386236190796,-0.116072252392769,70
738505.47019628353882580996,72.6801452636719,-2.59329771995544,7.26233768463135,-0.12941175699234,-0.00392156839370728,42.4966354370117,-71.5779876708984,1246.31591796875,1115.6611328125,-3.13424181938171,0.153252854943275,116.220947265625,73.0880966186523,-2.36068439483643,1.80278611183167,-0.475748777389526,-0.115402020514011,70
738505.47019841393921524286,72.6724243164062,-2.88568234443665,7.34611511230469,-0.12941175699234,-0.00392156839370728,42.4966239929199,-71.5778274536133,1245.716796875,1113.90710449219,-2.42175602912903,-1.68448305130005,115.607276916504,73.0997543334961,-2.51024079322815,-1.26781988143921,-0.474345654249191,-0.114739812910557,70
738505.47020051022991538048,72.6194076538086,-3.03627920150757,7.32535266876221,-0.12941175699234,-0.00392156839370728,42.4966125488281,-71.5776672363281,1245.07592773438,1112.11303710938,-1.40326833724976,-3.6507396697998,114.957450866699,73.0510635375977,-2.66936612129211,-2.22726941108704,-0.473268389701843,-0.114084489643574,70
738505.47020267671905457973,72.5550079345703,-2.97012281417847,7.13214778900146,-0.12941175699234,-0.00392156839370728,42.4966011047363,-71.5774993896484,1244.40441894531,1110.24011230469,-2.0158212184906,-5.6279993057251,114.580848693848,72.9651870727539,-2.83692264556885,-0.532064139842987,-0.472420781850815,-0.113400675356388,70
738505.47020485834218561649,72.5468826293945,-2.91230797767639,6.86459302902222,-0.12941175699234,-0.00392156839370728,42.4965896606445,-71.5773315429688,1243.75817871094,1108.4140625,-3.20852446556091,-6.0003228187561,114.645133972168,72.9291076660156,-2.98063731193542,1.45014452934265,-0.471674203872681,-0.112728446722031,70
738505.47020708769559860229,72.561149597168,-3.03211736679077,6.65175008773804,-0.12941175699234,-0.00392156839370728,42.4965782165527,-71.5771636962891,1243.0869140625,1106.52624511719,-2.7607684135437,-5.12733221054077,114.96166229248,72.9284591674805,-3.09976363182068,1.92760515213013,-0.470911592245102,-0.112025633454323,70
738505.47020932938903570175,72.5241394042969,-3.24254465103149,6.5977463722229,-0.12941175699234,-0.00392156839370728,42.4965705871582,-71.5769882202148,1242.36352539062,1104.56713867188,-0.576019465923309,-1.94641852378845,115.140899658203,72.8957824707031,-3.20830893516541,-0.524193584918976,-0.470265954732895,-0.111293345689774,70
738505.47021171275991946459,72.4313735961914,-3.08020567893982,6.59426736831665,-0.12941175699234,-0.00392156839370728,42.4965591430664,-71.5768127441406,1241.61511230469,1102.54577636719,0.218690797686577,0.755893886089325,114.9736328125,72.7961273193359,-3.31875467300415,-1.44278216362,-0.469810217618942,-0.110502012073994,70
738505.47021381114609539509,72.3470993041992,-2.89556837081909,6.53730440139771,-0.12941175699234,-0.00392156839370728,42.4965476989746,-71.5766525268555,1240.96301269531,1100.71862792969,-0.67406564950943,1.030552983284,114.743354797363,72.6995391845703,-3.39520072937012,0.985669434070587,-0.469354212284088,-0.109751537442207,70
738505.47021611093077808619,72.2032470703125,-2.89289331436157,6.41793870925903,-0.12941175699234,-0.00392156839370728,42.4965362548828,-71.5764770507812,1240.28466796875,1098.80444335938,0.916366517543793,-0.183940380811691,114.9130859375,72.5456237792969,-3.43961358070374,4.27224063873291,-0.468724757432938,-0.108931683003902,70
738505.47021826659329235554,71.9751281738281,-2.3867609500885,6.44805479049683,-0.12941175699234,-0.00392156839370728,42.4965286254883,-71.5763092041016,1239.68884277344,1097.02734375,2.79365301132202,-1.58342969417572,115.731147766113,72.3027877807617,-3.45119833946228,1.47639381885529,-0.467969685792923,-0.108123153448105,70
738505.47022054682020097971,71.7612380981445,-1.61549973487854,6.56373119354248,-0.12941175699234,-0.00392156839370728,42.4965171813965,-71.5761413574219,1239.203125,1095.32397460938,1.48680508136749,-1.91521549224854,116.786811828613,72.0788955688477,-3.39265441894531,-4.42952680587769,-0.466646581888199,-0.10725736618042,70
738505.47022270329762250185,71.6992797851562,-1.18870711326599,6.61311197280884,-0.12941175699234,-0.00392156839370728,42.4965057373047,-71.5759735107422,1238.84814453125,1093.77551269531,-1.30500066280365,-2.0181872844696,117.443817138672,72.0134201049805,-3.23595237731934,-7.46774244308472,-0.464455723762512,-0.106398746371269,70
738505.47022490762174129486,71.6474685668945,-1.18539714813232,6.47263240814209,-0.10263030230999,-0.00392156839370728,42.4964942932129,-71.5758056640625,1238.52075195312,1092.23291015625,-1.41186189651489,-2.04756450653076,117.692398071289,71.9490127563477,-3.00381517410278,-5.00110387802124,-0.461442023515701,-0.105513036251068,70
738505.47022717038635164499,71.53955078125,-0.838552474975586,6.22655344009399,-0.0833335444331169,-0.00392156839370728,42.4964866638184,-71.5756378173828,1238.20495605469,1090.70349121094,0.475760579109192,-2.09850859642029,117.931632995605,71.8149032592773,-2.75833177566528,-0.813020825386047,-0.458027601242065,-0.104618787765503,70
738505.47022934653796255589,71.4744644165039,-0.356352746486664,6.105872631073,-0.0560803562402725,-0.00392156839370728,42.4964752197266,-71.5754699707031,1238.01599121094,1089.33740234375,-0.671254098415375,-2.00294375419617,118.143913269043,71.7356796264648,-2.49965119361877,-0.884088218212128,-0.454190373420715,-0.103738225996494,70
738505.47023155889473855495,71.4055862426758,-0.833158254623413,5.93992185592651,-0.0373259149491787,-0.00392156839370728,42.496467590332,-71.575309753418,1237.79943847656,1087.93664550781,1.17996656894684,-1.86328196525574,117.920387268066,71.6570663452148,-2.22405457496643,2.20844316482544,-0.449804544448853,-0.102835729718208,70
738505.47023377148434519768,71.2225799560547,-0.494546264410019,5.73177528381348,-0.0373259149491787,-0.00392156839370728,42.4964561462402,-71.5751419067383,1237.55895996094,1086.51574707031,3.8911554813385,-1.69511067867279,117.244186401367,71.4545516967773,-2.00040650367737,5.38885974884033,-0.445459067821503,-0.101908139884472,70
738505.47023610246833413839,70.9793243408203,0.127693355083466,5.69892930984497,-0.0373259149491787,-0.00392156839370728,42.4964485168457,-71.5749664306641,1237.43920898438,1085.15454101562,2.2941997051239,-1.36870515346527,116.607864379883,71.2078552246094,-1.77529633045197,2.80751776695251,-0.440547794103622,-0.100894205272198,70
738505.47023850085679441690,70.7624588012695,0.159813210368156,5.78277730941772,-0.0373259149491787,-0.00392156839370728,42.4964370727539,-71.5747909545898,1237.34899902344,1083.86193847656,3.41841602325439,-1.08905947208405,116.436653137207,70.99853515625,-1.51860451698303,-0.851509571075439,-0.434812188148499,-0.099807895720005,70
738505.47024081367999315262,70.5297622680664,0.395579099655151,5.72408008575439,-0.0373259149491787,-0.00392156839370728,42.4964294433594,-71.5746154785156,1237.30529785156,1082.66015625,4.31195688247681,-0.498173266649246,116.428726196289,70.7627639770508,-1.27476227283478,0.400521129369736,-0.428859323263168,-0.0987298265099525,70
738505.47024322894867509604,70.3147430419922,0.581382215023041,5.62516117095947,-0.0373259149491787,-0.00392156839370728,42.4964179992676,-71.5744400024414,1237.30187988281,1081.4765625,3.25561380386353,0.0293388329446316,116.141883850098,70.5417861938477,-1.02972388267517,2.76975178718567,-0.422377437353134,-0.0975969061255455,70
738505.47024560417048633099,70.1726379394531,0.582750082015991,5.62124013900757,-0.0373259149491787,-0.00392156839370728,42.496410369873,-71.5742645263672,1237.3193359375,1080.33862304688,1.35572743415833,0.210073933005333,115.509689331055,70.3998336791992,-0.800376415252686,2.12430548667908,-0.415685683488846,-0.0964613258838654,70
738505.47024777613114565611,70.029296875,0.376383692026138,5.73397302627563,-0.0373259149491787,-0.00392156839370728,42.4963989257812,-71.5740966796875,1237.31079101562,1079.22180175781,1.31759440898895,0.328160047531128,114.88037109375,70.2646636962891,-0.611132919788361,-1.40501737594604,-0.409142762422562,-0.0953549742698669,70
738505.47025011747609823942,69.8265151977539,0.353216409683228,5.86383390426636,-0.0373259149491787,-0.00392156839370728,42.4963912963867,-71.5739288330078,1237.27429199219,1078.67822265625,2.10774683952332,0.439311593770981,114.599159240723,70.0731887817383,-0.470890134572983,-4.35037040710449,-0.402523279190063,-0.0941938608884811,70
738505.47025259060319513083,69.6189498901367,0.537464022636414,5.88397407531738,-0.0373259149491787,-0.00392156839370728,42.4963798522949,-71.5737457275391,1237.26098632812,1078.244140625,0.603734970092773,0.528776228427887,114.892425537109,69.8692245483398,-0.364518761634827,-3.49596571922302,-0.395467549562454,-0.0929362177848816,70
738505.47025483753532171249,69.5341720581055,0.500109851360321,5.81108856201172,-0.0373259149491787,-0.00392156839370728,42.4963722229004,-71.5735778808594,1237.267578125,1077.87121582031,-1.28925633430481,0.540881037712097,115.409851074219,69.7783584594727,-0.28153184056282,-0.603406965732574,-0.388980329036713,-0.0918063893914223,70
738505.47025710809975862503,69.4753952026367,0.134370416402817,5.79349565505981,-0.0373259149491787,-0.00392156839370728,42.4963607788086,-71.5734100341797,1237.22766113281,1077.44470214844,-0.926882445812225,0.55977475643158,115.763427734375,69.7166595458984,-0.219190016388893,0.0935037881135941,-0.382389456033707,-0.0906517207622528,70
738505.47025932709220796824,69.360725402832,-0.137722998857498,5.891432762146,-0.0373259149491787,-0.00392156839370728,42.4963531494141,-71.5732498168945,1237.12219238281,1076.96667480469,0.483262896537781,0.884956955909729,115.79833984375,69.6106185913086,-0.210090711712837,-2.39938068389893,-0.376354724168777,-0.0895519480109215,70
738505.47026157984510064125,69.2083435058594,-0.0649889707565308,6.01148223876953,-0.0373259149491787,-0.00392156839370728,42.4963417053223,-71.5730819702148,1236.99780273438,1076.46569824219,0.0984977707266808,1.44323003292084,115.743682861328,69.4689636230469,-0.250303447246552,-4.56690454483032,-0.37061607837677,-0.0884408429265022,70
738505.47026379243470728397,69.0989456176758,0.0301172491163015,6.07845878601074,-0.0373259149491787,-0.00392156839370728,42.4963340759277,-71.5729217529297,1236.89978027344,1075.99426269531,-1.26882517337799,1.73200178146362,115.976211547852,69.3657913208008,-0.30248036980629,-4.55453014373779,-0.365036815404892,-0.0873451232910156,70
738505.47026610991451889277,69.0195693969727,-0.0457065179944038,6.01295948028564,-0.0373259149491787,-0.00392156839370728,42.4963226318359,-71.57275390625,1236.79931640625,1075.51208496094,-0.810162901878357,1.56596720218658,116.496849060059,69.2810134887695,-0.347481667995453,-1.06272864341736,-0.359309494495392,-0.0862372890114784,70
738505.47026841877959668636,68.9506988525391,-0.105240747332573,5.94583559036255,-0.0373259149491787,-0.00392156839370728,42.4963150024414,-71.5725860595703,1236.68103027344,1075.01306152344,-0.0970075130462646,1.42327892780304,116.770332336426,69.2066650390625,-0.390903621912003,1.59649097919464,-0.353640824556351,-0.0851443409919739,70
738505.47027080983389168978,68.9118194580078,-0.0573637783527374,5.9872522354126,-0.0373259149491787,-0.00392156839370728,42.4963035583496,-71.5724105834961,1236.55847167969,1074.48571777344,-1.6430184841156,1.55974221229553,116.365951538086,69.1714477539062,-0.436033219099045,0.633878350257874,-0.347681999206543,-0.0839913636445999,70
738505.47027325385715812445,68.9084243774414,-0.268903821706772,5.99493932723999,-0.0373259149491787,-0.00392156839370728,42.4962921142578,-71.5722351074219,1236.41955566406,1073.93469238281,-2.85029339790344,1.65598392486572,115.475624084473,69.1692352294922,-0.47506445646286,1.07438325881958,-0.341640651226044,-0.0828298926353455,70
738505.47027556458488106728,68.8285980224609,-0.471264779567719,5.91901636123657,-0.0373259149491787,-0.00392156839370728,42.496280670166,-71.5720672607422,1236.22424316406,1073.34936523438,-0.175359666347504,1.67314505577087,114.854316711426,69.0842437744141,-0.530771315097809,4.15788602828979,-0.336155861616135,-0.0817386507987976,70
738505.47027792432345449924,68.7538528442383,0.232359081506729,6.07490730285645,-0.0373259149491787,-0.00392156839370728,42.4962730407715,-71.571891784668,1236.10131835938,1072.83605957031,-0.6890789270401,3.79345870018005,114.581649780273,69.022102355957,-0.592867255210876,1.45320010185242,-0.330804884433746,-0.0806455239653587,70
738505.47028035845141857862,68.7589492797852,-0.0961736589670181,6.33189964294434,-0.0373259149491787,-0.00392156839370728,42.4962615966797,-71.5717239379883,1236.03442382812,1072.37854003906,-3.06546211242676,7.68870687484741,114.138305664062,69.0499496459961,-0.59360533952713,-2.5910177230835,-0.325002551078796,-0.0795594081282616,70
738505.47028288256842643023,68.6782302856445,-0.625717878341675,6.48371458053589,-0.0373259149491787,-0.00392156839370728,42.4962501525879,-71.5715408325195,1235.80822753906,1071.728515625,-0.235927760601044,10.1246614456177,113.466133117676,68.986442565918,-0.608035564422607,0.280006974935532,-0.318886816501617,-0.0783865675330162,70
738505.47028537816368043423,68.5918884277344,-0.000210082158446312,6.81408500671387,-0.0373259149491787,-0.00392156839370728,42.4962387084961,-71.5713577270508,1235.6435546875,1071.14562988281,-1.07724785804749,10.8481683731079,113.135482788086,68.9295196533203,-0.662489414215088,3.78852820396423,-0.313250511884689,-0.0772712901234627,70
738505.47028787131421267986,68.5890350341797,-0.559332191944122,7.08448648452759,-0.0373259149491787,-0.00392156839370728,42.4962272644043,-71.5711822509766,1235.48791503906,1070.5732421875,-1.30804872512817,10.6673860549927,112.847938537598,68.9562072753906,-0.680305361747742,2.79545259475708,-0.30738565325737,-0.0762035921216011,70
738505.47029019217006862164,68.5342025756836,-0.838789105415344,7.34973096847534,-0.0373259149491787,-0.00392156839370728,42.4962120056152,-71.5710144042969,1235.23022460938,1069.97326660156,1.59445762634277,10.532751083374,112.037094116211,68.9322814941406,-0.729581594467163,3.73069047927856,-0.302258610725403,-0.0752576813101768,70
738505.47029269952327013016,68.4168243408203,-0.674230396747589,7.57173681259155,-0.0373259149491787,-0.00392156839370728,42.4962005615234,-71.5708389282227,1234.97534179688,1069.57531738281,0.0501498132944107,10.3460493087769,110.770721435547,68.8378372192383,-0.81787645816803,7.75243139266968,-0.297196060419083,-0.0743101015686989,70
738505.47029512899462133646,68.2975540161133,-1.14090192317963,7.84914875030518,-0.0373259149491787,-0.00392156839370728,42.4961853027344,-71.5706558227539,1234.666015625,1068.79272460938,-0.142177358269691,10.2770299911499,109.918411254883,68.7565765380859,-0.911476075649261,6.61674737930298,-0.292249262332916,-0.0734271854162216,70
738505.47029753413517028093,68.1231079101562,-1.25788605213165,8.32755470275879,-0.0373259149491787,-0.00392156839370728,42.4961700439453,-71.5704879760742,1234.31091308594,1068.16149902344,1.17502510547638,10.0180044174194,109.844627380371,68.6417388916016,-1.03382003307343,2.32141780853271,-0.28798696398735,-0.0726672187447548,70
738505.47029998851940035820,68.0190811157227,-1.33206355571747,8.66197872161865,-0.0373259149491787,-0.00392156839370728,42.4961547851562,-71.5703125,1233.93701171875,1067.52075195312,-0.541439056396484,7.36727237701416,109.898101806641,68.5813369750977,-1.17467761039734,1.96796584129333,-0.283942848443985,-0.0719717964529991,70
738505.47030245547648519278,68.0017623901367,-1.86294138431549,8.7536449432373,-0.0373259149491787,-0.00392156839370728,42.4961395263672,-71.5701370239258,1233.4931640625,1066.80920410156,-1.33481776714325,5.34844827651978,109.547981262207,68.5881652832031,-1.32328045368195,4.38072443008423,-0.280204772949219,-0.0713734775781631,70
738505.47030494280625134706,67.8943862915039,-2.17447471618652,8.98965835571289,-0.0373259149491787,-0.00392156839370728,42.4961242675781,-71.569953918457,1232.92175292969,1065.95788574219,0.443452090024948,5.66372108459473,109.047401428223,68.5214538574219,-1.52535450458527,2.06589150428772,-0.277005523443222,-0.0708578079938889,70
738505.47030734503641724586,67.7523651123047,-2.08959102630615,9.32075309753418,-0.0373259149491787,-0.00392156839370728,42.4961090087891,-71.5697784423828,1232.37390136719,1065.14526367188,-0.602792322635651,4.5133810043335,108.875267028809,68.4224014282227,-1.74116718769073,-1.97836053371429,-0.274547576904297,-0.0704711973667145,70
738505.47030971071217209101,67.7172698974609,-2.37399005889893,9.4806547164917,-0.0373259149491787,-0.00392156839370728,42.4960899353027,-71.5696105957031,1231.83190917969,1064.44897460938,-1.7561502456665,4.07371425628662,108.985374450684,68.4189071655273,-1.93262720108032,-2.12295436859131,-0.272384077310562,-0.070197619497776,70
738505.47031200281344354153,67.6641006469727,-2.80067682266235,9.52645587921143,-0.0373259149491787,-0.00392156839370728,42.4960746765137,-71.5694427490234,1231.20288085938,1063.81506347656,0.512595534324646,4.01836681365967,109.112754821777,68.388801574707,-2.12802410125732,0.300448149442673,-0.270600467920303,-0.070012740790844,70
738505.47031437116675078869,67.5066146850586,-2.78618359565735,9.74758338928223,-0.0373259149491787,-0.00392156839370728,42.4960594177246,-71.5692825317383,1230.52807617188,1063.13586425781,1.31020474433899,4.0576696395874,109.126098632812,68.2636108398438,-2.34549975395203,-2.37144136428833,-0.26933616399765,-0.0699199810624123,70
738505.47031661029905080795,67.3609008789062,-2.80034279823303,10.0522422790527,-0.0373259149491787,-0.00392156839370728,42.4960403442383,-71.5691146850586,1229.88195800781,1062.48681640625,-0.465484201908112,4.18334484100342,109.288314819336,68.1643600463867,-2.54342317581177,-7.02407026290894,-0.268351078033447,-0.0699095577001572,70
738505.47031896316912025213,67.2492065429688,-3.00449109077454,10.2158374786377,-0.0373259149491787,-0.00392156839370728,42.4960250854492,-71.5689544677734,1229.20349121094,1061.80651855469,0.163794979453087,4.15545177459717,109.908195495605,68.087043762207,-2.71839189529419,-6.87276792526245,-0.267514705657959,-0.0699818357825279,70
738505.47032142989337444305,67.0902709960938,-2.69766640663147,10.3377857208252,-0.0373259149491787,-0.00392156839370728,42.4960060119629,-71.5687713623047,1228.46301269531,1061.06494140625,1.34231615066528,3.8109085559845,110.976669311523,67.9356384277344,-2.89259481430054,-4.73973751068115,-0.266831189393997,-0.0701587796211243,70
738505.47032392036635428667,67.0290985107422,-2.47844123840332,10.3222503662109,-0.0373259149491787,-0.00392156839370728,42.4959869384766,-71.568603515625,1227.83703613281,1060.43798828125,-0.587655961513519,2.6333794593811,111.91577911377,67.8645095825195,-2.99903607368469,-0.961668789386749,-0.266018331050873,-0.0704119950532913,70
738505.47032643272541463375,67.1439590454102,-2.43882727622986,10.2184810638428,-0.0373259149491787,-0.00392156839370728,42.4959678649902,-71.5684280395508,1227.18762207031,1059.787109375,-4.11562204360962,0.671850264072418,112.288948059082,67.9608459472656,-3.04316878318787,2.82009649276733,-0.264780044555664,-0.0707758814096451,70
738505.47032888664398342371,67.3463973999023,-2.80413603782654,10.2547264099121,-0.0373259149491787,-0.00392156839370728,42.4959487915039,-71.5682525634766,1226.52807617188,1059.1259765625,-6.27171230316162,-0.504197776317596,111.882034301758,68.1803436279297,-3.05309891700745,0.519014060497284,-0.263468593358994,-0.0711865052580833,70
738505.47033136349637061357,67.5148696899414,-3.25983881950378,10.3322515487671,-0.0373259149491787,-0.00392156839370728,42.4959297180176,-71.5680770874023,1225.77124023438,1058.36767578125,-4.89909410476685,-0.543010950088501,111.093963623047,68.3786468505859,-3.09243488311768,-2.37474298477173,-0.262487351894379,-0.0716497004032135,70
738505.47033378016203641891,67.6483459472656,-3.20533776283264,10.3000507354736,-0.0373259149491787,-0.00392156839370728,42.4959106445312,-71.5679016113281,1224.97192382812,1057.56677246094,-3.06170058250427,-0.591883838176727,110.480865478516,68.5030212402344,-3.18521404266357,-1.46645545959473,-0.262051731348038,-0.0721594840288162,70
738505.47033611731603741646,67.7316589355469,-3.07742190361023,10.2163934707642,-0.0373259149491787,-0.00392156839370728,42.4958915710449,-71.5677337646484,1224.23229980469,1056.8251953125,-2.52866411209106,-0.775463461875916,110.39705657959,68.5669250488281,-3.28248834609985,0.323291838169098,-0.261832028627396,-0.0726703479886055,70
738505.47033831931184977293,67.8124008178711,-2.83151888847351,10.1269826889038,-0.0373259149491787,-0.00392156839370728,42.4958763122559,-71.5675811767578,1223.58532714844,1056.17614746094,-2.79301142692566,-0.868425011634827,110.779273986816,68.6228408813477,-3.35107135772705,1.64297211170197,-0.261558473110199,-0.0731636434793472,70
738505.47034061036538332701,67.9305572509766,-2.52264928817749,10.0757112503052,-0.0373259149491787,-0.00392156839370728,42.4958610534668,-71.5674133300781,1222.95361328125,1055.54162597656,-3.25800490379333,-0.876850783824921,111.494956970215,68.7200469970703,-3.37778949737549,1.4526230096817,-0.260972082614899,-0.0737084746360779,70
738505.47034284542314708233,68.0410614013672,-2.3732693195343,10.1067371368408,-0.0373259149491787,-0.00392156839370728,42.4958419799805,-71.567253112793,1222.38134765625,1054.96655273438,-2.63291573524475,-0.826440572738647,112.194755554199,68.8285140991211,-3.35021734237671,-0.712653756141663,-0.259985208511353,-0.0742489248514175,70
738505.47034513356629759073,68.0899810791016,-2.37039399147034,10.1757717132568,-0.0373259149491787,-0.00392156839370728,42.4958267211914,-71.5670928955078,1221.83422851562,1054.40148925781,-0.555150806903839,-0.739513278007507,112.605453491211,68.8869400024414,-3.28959393501282,-3.21252202987671,-0.258720576763153,-0.0747781172394753,70
738505.47034742636606097221,68.0869750976562,-1.75616788864136,10.0860595703125,-0.0373259149491787,-0.00392156839370728,42.4958076477051,-71.5669250488281,1221.32543945312,1053.81945800781,-0.798064649105072,-0.735987365245819,112.785041809082,68.8523635864258,-3.20424604415894,-1.22651386260986,-0.257136225700378,-0.075325533747673,70
738505.47034991043619811535,68.1138763427734,-1.60433685779572,9.91924953460693,-0.0373259149491787,-0.00392156839370728,42.4957885742188,-71.5667419433594,1220.86462402344,1053.27685546875,-1.64774680137634,-0.746023833751678,113.275863647461,68.8510360717773,-3.04520177841187,1.98344218730927,-0.254669725894928,-0.0759301334619522,70
738505.47035236563533544540,68.0999603271484,-1.36735916137695,9.95848369598389,-0.0373259149491787,-0.00392156839370728,42.4957733154297,-71.5665664672852,1220.43688964844,1052.76953125,0.756390452384949,-0.541626572608948,113.98217010498,68.8378219604492,-2.85953187942505,-0.610062718391418,-0.251749724149704,-0.0765030011534691,70
738505.47035462944768369198,68.0806350708008,-0.945060849189758,9.97629833221436,-0.0373259149491787,-0.00392156839370728,42.4957542419434,-71.56640625,1220.11840820312,1052.37744140625,-0.0176631212234497,-0.416309088468552,114.29615020752,68.8141860961914,-2.66856479644775,-1.82176804542542,-0.248589217662811,-0.0770311206579208,70
738505.47035684087313711643,68.0741577148438,-0.994383335113525,9.85523891448975,-0.0373259149491787,-0.00392156839370728,42.4957389831543,-71.5662384033203,1219.84143066406,1052.02685546875,-0.753627717494965,0.300171107053757,114.284408569336,68.7910232543945,-2.45245671272278,1.26544225215912,-0.244899049401283,-0.0775597095489502,70
738505.47035911434795707464,67.9854431152344,-0.872564136981964,9.82977104187012,-0.0373259149491787,-0.00392156839370728,42.4957237243652,-71.5660858154297,1219.55236816406,1051.66528320312,1.8202451467514,1.13415288925171,114.533210754395,68.6979370117188,-2.25364065170288,1.7812887430191,-0.241061061620712,-0.0780726000666618,70
738505.47036140086129307747,67.8829116821289,-0.174554198980331,9.89185047149658,-0.0373259149491787,-0.00392156839370728,42.4957046508789,-71.5659103393555,1219.35754394531,1051.39392089844,0.992974638938904,1.08699488639832,115.031692504883,68.6000671386719,-2.04653358459473,0.347094237804413,-0.236652120947838,-0.078608363866806,70
738505.47036392253357917070,67.9197235107422,-0.16637909412384,9.78422737121582,-0.0373259149491787,-0.00392156839370728,42.4956855773926,-71.5657348632812,1219.228515625,1052.08972167969,-0.289017468690872,0.807586967945099,115.076370239258,68.6210403442383,-1.78820514678955,3.61275672912598,-0.231242582201958,-0.079155907034874,70
738505.47036640811711549759,67.9334259033203,-0.184185698628426,9.61914920806885,-0.0373259149491787,-0.00392156839370728,42.4956665039062,-71.5655517578125,1219.06726074219,1053.36059570312,1.12904739379883,0.382881641387939,114.331214904785,68.6113052368164,-1.53129959106445,7.46768617630005,-0.225224629044533,-0.0797117128968239,70
738505.47036870685406029224,67.8991317749023,0.139237016439438,9.64463043212891,-0.0373259149491787,-0.00392156839370728,42.4956512451172,-71.5653915405273,1218.96630859375,1054.39929199219,-0.0134329805150628,0.0558108501136303,113.459060668945,68.5808334350586,-1.33208191394806,4.91636228561401,-0.219686895608902,-0.080184206366539,70
738505.47037110722158104181,67.9188766479492,0.0877716913819313,9.78437995910645,-0.0373259149491787,-0.00392156839370728,42.4956359863281,-71.5652160644531,1218.90002441406,1055.49450683594,-1.07266974449158,-0.0586126632988453,112.760589599609,68.6200790405273,-1.13157081604004,-0.0762622132897377,-0.21361368894577,-0.0806579291820526,70
738505.47037353762425482273,67.9528350830078,-0.0664479061961174,9.77244853973389,-0.0373259149491787,-0.00392156839370728,42.4956169128418,-71.5650482177734,1218.79150390625,1056.5546875,1.11235356330872,0.256449162960052,112.043548583984,68.651969909668,-0.96177726984024,0.350921422243118,-0.207396611571312,-0.0811242163181305,70
738505.47037660598289221525,67.9654388427734,0.128060445189476,9.67693519592285,-0.0373259149491787,-0.00392156839370728,42.4955978393555,-71.5648574829102,1218.689453125,1057.76733398438,0.264288425445557,0.545676708221436,110.848175048828,68.6510009765625,-0.821207165718079,2.76521754264832,-0.200433805584908,-0.0816531404852867,70
738505.47037886874750256538,67.9825134277344,-0.115276731550694,9.82906818389893,-0.0373259149491787,-0.00392156839370728,42.4955787658691,-71.5646591186523,1218.58093261719,1058.99621582031,-0.618079543113708,0.527916491031647,109.60669708252,68.6894836425781,-0.706304788589478,-2.01424193382263,-0.193234801292419,-0.082180067896843,70
738505.47038108739070594311,67.9410552978516,-0.133332058787346,10.0380802154541,-0.0373259149491787,-0.00392156839370728,42.4955635070801,-71.5644989013672,1218.45971679688,1059.97204589844,1.23856008052826,0.600152432918549,108.994483947754,68.6787261962891,-0.651577234268188,-7.0965404510498,-0.18747416138649,-0.0826037600636482,70
738505.47038341674488037825,67.8033294677734,0.0252778567373753,10.2160758972168,-0.0373259149491787,-0.00392156839370728,42.4955444335938,-71.564338684082,1218.3486328125,1060.99072265625,3.09418368339539,0.710068583488464,108.97110748291,68.5686492919922,-0.621483087539673,-10.2155313491821,-0.18164087831974,-0.0830415561795235,70
738505.47038565308321267366,67.596809387207,0.406197100877762,10.2013092041016,-0.0373259149491787,-0.00392156839370728,42.4955291748047,-71.5641784667969,1218.29577636719,1062.05480957031,4.06913661956787,0.705061733722687,109.765655517578,68.3634414672852,-0.587330877780914,-7.63865947723389,-0.175724163651466,-0.0834924057126045,70
738505.47038793773390352726,67.3968887329102,0.885794460773468,10.0778045654297,-0.0373259149491787,-0.00392156839370728,42.4955101013184,-71.5640182495117,1218.33081054688,1063.19494628906,3.80646586418152,0.62244725227356,111.090896606445,68.1519470214844,-0.513847231864929,-3.47898483276367,-0.169413611292839,-0.0839637666940689,70
738505.47039024764671921730,67.2885894775391,1.29884803295135,9.87601184844971,-0.0373259149491787,-0.00392156839370728,42.4954948425293,-71.563850402832,1218.46020507812,1064.45910644531,2.46844172477722,0.460147589445114,112.335845947266,68.0218887329102,-0.374624341726303,1.47162175178528,-0.162215039134026,-0.0844762027263641,70
738505.47039247106295078993,67.2689819335938,1.38406527042389,9.75631046295166,-0.0373259149491787,-0.00392156839370728,42.4954795837402,-71.5636978149414,1218.63110351562,1065.71057128906,1.68422722816467,0.207255631685257,112.867248535156,67.9868850708008,-0.18995963037014,3.17275333404541,-0.154684513807297,-0.0849724337458611,70
738505.47039484069682657719,67.2241821289062,1.2979074716568,9.72336769104004,-0.0373259149491787,-0.00392156839370728,42.4954605102539,-71.5635299682617,1218.80004882812,1066.98840332031,2.89631056785583,-0.0731116533279419,112.749557495117,67.9361419677734,0.0127502949908376,2.30449414253235,-0.146564364433289,-0.0854815170168877,70
738505.47039726702496409416,67.0768661499023,1.26974606513977,9.7240629196167,-0.0373259149491787,-0.00392156839370728,42.4954414367676,-71.563346862793,1218.97338867188,1068.42004394531,5.08423614501953,-0.108032181859016,112.161285400391,67.7899398803711,0.212972402572632,0.636067569255829,-0.137228846549988,-0.0860549211502075,70
738505.47039977589156478643,66.870491027832,1.44289410114288,9.65273857116699,-0.0373259149491787,-0.00392156839370728,42.4954261779785,-71.5631790161133,1219.15625,1069.77917480469,5.32843446731567,-0.0736949816346169,111.609535217285,67.578987121582,0.364135026931763,1.41165566444397,-0.128433480858803,-0.0865781903266907,70
738505.47040209837723523378,66.7117538452148,1.58212959766388,9.50282573699951,-0.0373259149491787,-0.00392156839370728,42.4954071044922,-71.5630111694336,1219.37084960938,1071.12841796875,4.18915939331055,0.0662071108818054,111.290634155273,67.4037399291992,0.497874528169632,4.23923349380493,-0.119722932577133,-0.0870805010199547,70
738505.47040454205125570297,66.6314086914062,1.52072513103485,9.368088722229,-0.0373259149491787,-0.00392156839370728,42.4953918457031,-71.5628433227539,1219.60034179688,1072.52941894531,3.89700651168823,0.220804512500763,111.040107727051,67.3039245605469,0.628765881061554,6.32499694824219,-0.11048524081707,-0.0875944197177887,70
738505.47040698176715523005,66.5589904785156,1.48528933525085,9.46963596343994,-0.0373259149491787,-0.00392156839370728,42.4953727722168,-71.5626754760742,1219.806640625,1073.90148925781,3.45655226707458,0.399996161460876,110.243759155273,67.2456588745117,0.7329381108284,2.18567657470703,-0.10125458240509,-0.088086374104023,70
738505.47040944453328847885,66.5244216918945,1.44872975349426,9.70316123962402,-0.0373259149491787,-0.00392156839370728,42.4953575134277,-71.5624923706055,1220.03137207031,1075.33581542969,-0.660569608211517,0.591669261455536,108.811058044434,67.2439498901367,0.81385201215744,-4.50148773193359,-0.0917051956057549,-0.0885728448629379,70
738505.47041177854407578707,66.5516815185547,1.00932288169861,9.73703384399414,-0.0373259149491787,-0.00392156839370728,42.4953384399414,-71.5623321533203,1220.17858886719,1076.6123046875,-1.76741254329681,0.606369972229004,107.798751831055,67.2677841186523,0.857408106327057,-4.70525693893433,-0.0829220190644264,-0.0890252068638802,70
738505.47041414177510887384,66.5441741943359,0.82233852148056,9.58028125762939,-0.0373259149491787,-0.00392156839370728,42.4953231811523,-71.5621643066406,1220.259765625,1077.8486328125,0.241645336151123,0.342871785163879,107.688827514648,67.2352981567383,0.837629020214081,0.320469856262207,-0.0743880793452263,-0.0894978567957878,70
738505.47041663317941129208,66.5402526855469,0.816313743591309,9.58091735839844,-0.0373259149491787,-0.00392156839370728,42.495304107666,-71.5619888305664,1220.33850097656,1080.26489257812,0.0751259475946426,0.206306606531143,108.137969970703,67.2314376831055,0.769645571708679,-0.324762463569641,-0.065885417163372,-0.089987188577652,70
738505.47041910816915333271,66.6055145263672,0.618566274642944,9.66151809692383,-0.0373259149491787,-0.00392156839370728,42.495288848877,-71.5618133544922,1220.39074707031,1082.97644042969,-1.0907289981842,0.136103719472885,108.244079589844,67.3054351806641,0.686720550060272,-2.9918520450592,-0.057825043797493,-0.0904601588845253,70
738505.47042157349642366171,66.6834945678711,0.202677220106125,9.62584114074707,-0.0373259149491787,-0.00392156839370728,42.4952697753906,-71.5616455078125,1220.37268066406,1085.31115722656,-0.601069033145905,0.0275320038199425,107.802406311035,67.3749694824219,0.579977989196777,-1.67528688907623,-0.0501303486526012,-0.0909339636564255,70
738505.47042394732125103474,66.6876754760742,-0.0644168183207512,9.48346042633057,-0.0373259149491787,-0.00392156839370728,42.4952545166016,-71.5614700317383,1220.27661132812,1085.42407226562,1.33526802062988,-0.193693995475769,107.178253173828,67.3586349487305,0.425749003887177,2.19582581520081,-0.0428403206169605,-0.0914096310734749,70
738505.47042624501045793295,66.6367950439453,0.0423676818609238,9.43936157226562,-0.0373259149491787,-0.00392156839370728,42.4952354431152,-71.5613098144531,1220.17541503906,1085.51525878906,1.54156899452209,-0.319381415843964,106.892463684082,67.3020477294922,0.25770303606987,1.99203264713287,-0.0365614779293537,-0.0918490588665009,70
738505.47042843047529459000,66.6408843994141,0.265511840581894,9.52980613708496,-0.0373259149491787,-0.00392156839370728,42.4952201843262,-71.5611572265625,1220.13000488281,1085.65466308594,-0.962883651256561,-0.320132374763489,106.916450500488,67.3193511962891,0.117815814912319,-2.16888809204102,-0.0305747296661139,-0.0922691002488136,70
738505.47043076111003756523,66.6924514770508,-0.490400671958923,9.54993724822998,-0.0373259149491787,-0.00392156839370728,42.4952049255371,-71.5609970092773,1220.00903320312,1085.72961425781,-0.553787529468536,-0.104051694273949,106.888565063477,67.37451171875,7.99914851086214e-05,-3.02982950210571,-0.0242173355072737,-0.0927034839987755,70
738505.47043311479501426220,66.6828536987305,-0.336535215377808,9.37404251098633,-0.0373259149491787,-0.00392156839370728,42.495189666748,-71.5608291625977,1219.80603027344,1085.72473144531,1.68888604640961,0.222534462809563,106.696716308594,67.33935546875,-0.155792564153671,1.88278555870056,-0.0183596946299076,-0.0931338295340538,70
738505.47043530107475817204,66.6615905761719,0.160164639353752,9.27627086639404,-0.0373259149491787,-0.00392156839370728,42.495174407959,-71.560676574707,1219.71801757812,1085.81970214844,-0.601904451847076,0.53232753276825,106.756164550781,67.3041076660156,-0.283179044723511,3.54961109161377,-0.0130035122856498,-0.0935318022966385,70
738505.47043761704117059708,66.6499862670898,-0.354498684406281,9.35502815246582,-0.0373259149491787,-0.00392156839370728,42.4951553344727,-71.5605087280273,1219.60046386719,1085.90112304688,-0.252391338348389,0.887317836284637,107.359420776367,67.3042526245117,-0.362156808376312,0.457029074430466,-0.00687489006668329,-0.0939545258879662,70
738505.47043983940966427326,66.6232681274414,-0.476207971572876,9.32723808288574,-0.0373259149491787,-0.00392156839370728,42.4951400756836,-71.5603561401367,1219.41625976562,1085.90258789062,2.80350756645203,1.07421576976776,108.049423217773,67.2746887207031,-0.442861020565033,1.77249908447266,-0.00141406059265137,-0.0943334847688675,70
738505.47044210706371814013,66.5952758789062,-0.0786207988858223,9.21811294555664,-0.0373259149491787,-0.00392156839370728,42.4951248168945,-71.5601959228516,1219.27990722656,1085.95483398438,1.58731782436371,1.11654627323151,108.21118927002,67.2302780151367,-0.526151776313782,4.94423913955688,0.00398398516699672,-0.0947197824716568,70
738505.47044434631243348122,66.6226577758789,-0.765320539474487,9.31812572479248,-0.0373259149491787,-0.00392156839370728,42.4951095581055,-71.5600357055664,1219.11450195312,1085.97692871094,-0.0450420565903187,0.979021668434143,107.809013366699,67.2754974365234,-0.57968658208847,1.75401270389557,0.00947445817291737,-0.0950929597020149,70
738505.47044668125454336405,66.606803894043,-0.980999708175659,9.56205749511719,-0.0373259149491787,-0.00392156839370728,42.4950942993164,-71.5598754882812,1218.80871582031,1085.86755371094,1.97844612598419,0.876035451889038,107.325096130371,67.2968215942383,-0.680901229381561,-4.09143590927124,0.0146411480382085,-0.0954720228910446,70
738505.47044890304096043110,66.641960144043,-0.401923358440399,9.62253189086914,-0.0373259149491787,-0.00392156839370728,42.4950790405273,-71.5597152709961,1218.59704589844,1085.8466796875,-0.200604200363159,0.687984824180603,107.000732421875,67.3342819213867,-0.797997951507568,-4.61724472045898,0.0193116292357445,-0.0958387777209282,70
738505.47045115369837731123,66.7512588500977,-1.07666945457458,9.52872943878174,-0.0373259149491787,-0.00392156839370728,42.4950637817383,-71.5595626831055,1218.37414550781,1085.61560058594,-1.58543109893799,0.459862589836121,106.757720947266,67.4365386962891,-0.87227475643158,-1.73197960853577,0.0240423604846001,-0.0962015688419342,70
738505.47045334568247199059,66.7971954345703,-1.40185344219208,9.59498882293701,-0.0373259149491787,-0.00392156839370728,42.4950485229492,-71.5594024658203,1218.02062988281,1085.18811035156,0.742339789867401,0.324735522270203,106.564826965332,67.4973678588867,-0.97900378704071,-3.60694408416748,0.0283937398344278,-0.0965728163719177,70
738505.47045556723605841398,66.8022384643555,-1.00509560108185,9.71680164337158,-0.0373259149491787,-0.00392156839370728,42.4950332641602,-71.5592498779297,1217.70666503906,1084.80163574219,-0.507051110267639,0.246082842350006,106.641525268555,67.5127029418945,-1.11245310306549,-7.03209018707275,0.0322659090161324,-0.096946120262146,70
738505.47045788192190229893,66.8944931030273,-0.95781147480011,9.67615509033203,-0.0373259149491787,-0.00392156839370728,42.4950141906738,-71.5590896606445,1217.42504882812,1084.44592285156,-2.63056540489197,0.123413771390915,107.226684570312,67.5974731445312,-1.2175053358078,-5.41688871383667,0.0363462194800377,-0.0973378568887711,70
738505.47046015609521418810,67.0130157470703,-1.04363965988159,9.50995540618896,-0.0373259149491787,-0.00392156839370728,42.4949989318848,-71.5589218139648,1217.12316894531,1085.0380859375,-2.11687517166138,-0.0939840748906136,108.239189147949,67.6924896240234,-1.2929368019104,-0.802640378475189,0.040696382522583,-0.097760945558548,70
738505.47046236495953053236,67.1183319091797,-1.01881456375122,9.34862804412842,-0.0373259149491787,-0.00392156839370728,42.4949836730957,-71.5587692260742,1216.82763671875,1085.72192382812,-1.38070094585419,-0.265539854764938,109.120391845703,67.7739334106445,-1.34935855865479,2.71860933303833,0.0448535308241844,-0.0981632918119431,70
738505.47046454390510916710,67.2096099853516,-1.01796424388885,9.25068473815918,-0.0373259149491787,-0.00392156839370728,42.4949684143066,-71.5586166381836,1216.54833984375,1086.37658691406,-1.54102873802185,-0.0914558842778206,109.731376647949,67.8508911132812,-1.39066243171692,3.95061111450195,0.0488241985440254,-0.0985467359423637,70
738505.47046681819483637810,67.3182983398438,-0.952445268630981,9.23276138305664,-0.0373259149491787,-0.00392156839370728,42.4949531555176,-71.5584564208984,1216.2578125,1087.08740234375,-2.11642813682556,0.157929494976997,110.214263916016,67.9551620483398,-1.4218407869339,2.99455380439758,0.0531108789145947,-0.0989492833614349,70
738505.47046904440503567457,67.4259185791016,-0.93812769651413,9.26395130157471,-0.0373259149491787,-0.00392156839370728,42.4949378967285,-71.5582962036133,1215.99060058594,1087.76965332031,-2.23428225517273,0.481156706809998,110.600234985352,68.0658111572266,-1.43718147277832,1.44854080677032,0.0572411045432091,-0.0993049368262291,70
738505.47047128097619861364,67.5020980834961,-0.959392309188843,9.27644824981689,-0.0373259149491787,-0.00392156839370728,42.4949226379395,-71.5581359863281,1215.71081542969,1088.47741699219,-0.892388820648193,0.810833394527435,111.046119689941,68.1432723999023,-1.44339263439178,1.27258062362671,0.0615875162184238,-0.0996612682938576,70
738505.47047355154063552618,67.5083923339844,-0.85570877790451,9.24569034576416,-0.0373259149491787,-0.00392156839370728,42.4949073791504,-71.557975769043,1215.43481445312,1089.19641113281,1.15047407150269,1.07842898368835,111.603019714355,68.1439514160156,-1.44498300552368,2.70260691642761,0.0659914612770081,-0.100006505846977,70
738505.47047579474747180939,67.4782257080078,-0.512712717056274,9.28134536743164,-0.0373259149491787,-0.00392156839370728,42.4948921203613,-71.5578155517578,1215.205078125,1089.96716308594,1.29715240001678,1.32037353515625,112.207527160645,68.1154708862305,-1.43003642559052,1.93121922016144,0.0705723240971565,-0.100335255265236,70
738505.47047806135378777981,67.5251388549805,-0.359131574630737,9.41842460632324,-0.0373259149491787,-0.00392156839370728,42.4948768615723,-71.5576553344727,1215.03698730469,1090.77258300781,-0.626709282398224,1.40964388847351,112.500953674316,68.1797637939453,-1.37753808498383,-1.80029928684235,0.0754006206989288,-0.100647896528244,70
738505.47048035659827291965,67.634162902832,-0.625795304775238,9.55001258850098,-0.0373259149491787,-0.00392156839370728,42.4948577880859,-71.5574951171875,1214.84326171875,1091.59338378906,-1.17555356025696,1.3199964761734,112.185729980469,68.3079376220703,-1.29901421070099,-4.77835464477539,0.0807135924696922,-0.100971587002277,70
738505.47048253682442009449,67.7111358642578,-0.802129864692688,9.51646137237549,-0.0373259149491787,-0.00392156839370728,42.4948425292969,-71.5573348999023,1214.60852050781,1092.17407226562,-0.538967788219452,1.04361617565155,111.430519104004,68.3813171386719,-1.24536275863647,-2.52512431144714,0.0857130214571953,-0.101285435259342,70
738505.47048469318542629480,67.7673873901367,-0.777124285697937,9.38241195678711,-0.0373259149491787,-0.00392156839370728,42.4948272705078,-71.5571823120117,1214.37255859375,1092.19641113281,-1.89110577106476,0.661429643630981,110.735084533691,68.4182205200195,-1.22381234169006,1.44141888618469,0.090356670320034,-0.101592659950256,70
738505.47048688970971852541,67.9138717651367,-0.850441098213196,9.2006196975708,-0.0373259149491787,-0.00392156839370728,42.494815826416,-71.5570220947266,1214.13977050781,1092.23132324219,-4.90577268600464,0.19157649576664,110.419090270996,68.5395431518555,-1.21522855758667,5.44470024108887,0.0950841903686523,-0.101909421384335,70
738505.47048912907484918833,68.0526657104492,-1.82829463481903,9.22581768035889,-0.0373259149491787,-0.00392156839370728,42.494800567627,-71.5568695068359,1213.77563476562,1092.13940429688,-3.92977428436279,-0.154470592737198,110.25870513916,68.6995162963867,-1.24032318592072,3.72944617271423,0.0996042340993881,-0.102227054536343,70
738505.47049129661172628403,68.1902236938477,-1.81939232349396,9.18553161621094,-0.0373259149491787,-0.00392156839370728,42.4947853088379,-71.5567092895508,1213.3271484375,1091.95678710938,-2.32288384437561,-0.404770582914352,109.852531433105,68.8301620483398,-1.35351181030273,4.22110986709595,0.10317388176918,-0.102526679635048,70
738505.47049362875986844301,68.3310089111328,-1.87090682983398,9.07229518890381,-0.0373259149491787,-0.00392156839370728,42.4947700500488,-71.5565414428711,1212.88110351562,1091.79748535156,-4.75375652313232,-0.684244394302368,109.515907287598,68.9560317993164,-1.511359333992,5.85643672943115,0.106559880077839,-0.102836266160011,70
738505.47049600596074014902,68.3818664550781,-2.77247047424316,9.15520858764648,-0.0373259149491787,-0.00392156839370728,42.4947509765625,-71.5563735961914,1212.29833984375,1091.50268554688,-3.05216431617737,-0.764661729335785,109.801681518555,69.0476913452148,-1.69336652755737,2.1316967010498,0.109524354338646,-0.103122018277645,70
738505.47049833158962428570,68.4255065917969,-2.63533234596252,9.29698467254639,-0.0373259149491787,-0.00392156839370728,42.4947357177734,-71.5562057495117,1211.62854003906,1091.12805175781,-1.53515076637268,-0.604427576065063,110.534538269043,69.1044769287109,-1.94857442378998,-2.46613645553589,0.111634075641632,-0.103392966091633,70
738505.47050061298068612814,68.5309753417969,-2.74077534675598,9.29894161224365,-0.0373259149491787,-0.00392156839370728,42.4947204589844,-71.5560455322266,1211.02661132812,1090.7978515625,-2.97520279884338,-0.244223266839981,111.144088745117,69.2132720947266,-2.18325662612915,-2.17059183120728,0.113218136131763,-0.10363806784153,70
738505.47050299169495701790,68.6234817504883,-3.04201483726501,9.25000953674316,-0.0373259149491787,-0.00392156839370728,42.4947052001953,-71.5558700561523,1210.31896972656,1090.38745117188,-1.98009669780731,0.644188642501831,111.659736633301,69.3108825683594,-2.42344737052917,-0.231697425246239,0.114669479429722,-0.103899985551834,70
738505.47050535294692963362,68.6174392700195,-2.92504405975342,9.37435626983643,-0.0373259149491787,-0.00392156839370728,42.4946899414062,-71.5556945800781,1209.59399414062,1089.95703125,-0.529632568359375,1.14911603927612,112.35432434082,69.3165740966797,-2.65333318710327,-3.09100866317749,0.115728676319122,-0.104154177010059,70
738505.47050763282459229231,68.6156005859375,-2.54616808891296,9.57199096679688,-0.0373259149491787,-0.00392156839370728,42.4946708679199,-71.5555267333984,1208.9521484375,1089.60009765625,-1.70555889606476,1.43993318080902,113.416725158691,69.3268127441406,-2.8327534198761,-6.93279075622559,0.116748444736004,-0.104406282305717,70
738505.47050978406332433224,68.6763229370117,-2.4359815120697,9.62978076934814,-0.0373259149491787,-0.00392156839370728,42.4946556091309,-71.5553741455078,1208.408203125,1089.31384277344,-2.01037263870239,1.52656126022339,114.522926330566,69.3909530639648,-2.93093919754028,-6.18407201766968,0.11796310544014,-0.104640737175941,70
738505.47051205439493060112,68.7388916015625,-2.26816368103027,9.61560535430908,-0.0373259149491787,-0.00392156839370728,42.4946403503418,-71.5552139282227,1207.86193847656,1089.04174804688,-1.23567891120911,1.43938970565796,115.550857543945,69.4452285766602,-2.97694563865662,-3.48095369338989,0.119554862380028,-0.104899600148201,70
738505.47051419853232800961,68.7691497802734,-2.22896337509155,9.55882740020752,-0.0373259149491787,-0.00392156839370728,42.4946250915527,-71.5550537109375,1207.33666992188,1088.78967285156,0.154529228806496,0.841327965259552,116.198616027832,69.4660720825195,-2.97526335716248,-0.550639808177948,0.12142550945282,-0.10517019033432,70
738505.47051645861938595772,68.7617492675781,-2.19102311134338,9.50659275054932,-0.0373259149491787,-0.00392156839370728,42.4946098327637,-71.5548934936523,1206.81677246094,1088.48229980469,1.26041090488434,0.126461446285248,116.392066955566,69.4503707885742,-2.94752335548401,0.976899087429047,0.123470023274422,-0.105445183813572,70
738505.47051875025499612093,68.7362518310547,-2.06620979309082,9.51176929473877,-0.0373259149491787,-0.00392156839370728,42.4945945739746,-71.5547332763672,1206.306640625,1087.50280761719,0.892689347267151,-0.565477013587952,116.228050231934,69.422004699707,-2.90507507324219,-0.334750324487686,0.125674515962601,-0.105736166238785,70
738505.47052103641908615828,68.738166809082,-1.87371695041656,9.56616306304932,-0.0373259149491787,-0.00392156839370728,42.4945793151855,-71.5545654296875,1205.82043457031,1086.53723144531,-0.549206495285034,-1.01325762271881,115.955436706543,69.4259185791016,-2.84487342834473,-3.51664638519287,0.128129199147224,-0.106042124330997,70
738505.47052334272302687168,68.7863998413086,-1.71800434589386,9.56189346313477,-0.0373259149491787,-0.00392156839370728,42.4945602416992,-71.5543975830078,1205.36364746094,1085.59484863281,-1.39479339122772,-1.05405640602112,115.828178405762,69.4690628051758,-2.76212072372437,-4.58348655700684,0.130908772349358,-0.106358587741852,70
738505.47052556870039552450,68.8328170776367,-1.67082941532135,9.46627616882324,-0.0373259149491787,-0.00392156839370728,42.4945449829102,-71.5542373657227,1204.94799804688,1084.71813964844,-1.00362932682037,-1.18871283531189,115.85962677002,69.5007781982422,-2.66829085350037,-2.77853798866272,0.133820116519928,-0.106659278273582,70
738505.47052782250102609396,68.8663864135742,-1.65416753292084,9.26981925964355,-0.0373259149491787,-0.00392156839370728,42.4945297241211,-71.554069519043,1204.52722167969,1083.88623046875,-0.384237825870514,-1.45842337608337,115.852966308594,69.5071563720703,-2.57034397125244,1.27338898181915,0.136968180537224,-0.106971688568592,70
738505.47053012240212410688,68.9273529052734,-1.61530721187592,9.04170799255371,-0.0373259149491787,-0.00392156839370728,42.494514465332,-71.5539016723633,1204.10522460938,1086.18933105469,-1.36351037025452,-1.80598986148834,115.509895324707,69.53662109375,-2.47816181182861,4.88497734069824,0.140276893973351,-0.107288710772991,70
738505.47053230681922286749,69.0570526123047,-1.6465117931366,8.91781902313232,-0.0373259149491787,-0.00392156839370728,42.494499206543,-71.5537414550781,1203.70361328125,1088.38610839844,-3.6681694984436,-2.10165500640869,114.726409912109,69.6499481201172,-2.40090680122375,4.72643709182739,0.14349627494812,-0.107569828629494,70
738505.47053449170198291540,69.1481552124023,-2.3041844367981,8.96876621246338,-0.0373259149491787,-0.00392156839370728,42.4944839477539,-71.553581237793,1203.23901367188,1090.53564453125,-4.20189094543457,-2.2778263092041,113.74772644043,69.7654342651367,-2.34737014770508,0.598034799098969,0.146658971905708,-0.107825830578804,70
738505.47053673746995627880,69.2050552368164,-2.34465742111206,8.90346813201904,-0.0373259149491787,-0.00392156839370728,42.4944725036621,-71.5534210205078,1202.68310546875,1091.11694335938,-2.06653952598572,-2.46014785766602,113.129241943359,69.8148193359375,-2.36487483978271,-0.0279440898448229,0.14927376806736,-0.108045369386673,70
738505.47053896333090960979,69.3198852539062,-1.88069713115692,8.65060424804688,-0.0373259149491787,-0.00392156839370728,42.494457244873,-71.5532608032227,1202.18884277344,1091.46557617188,-4.10325813293457,-2.81298089027405,113.10668182373,69.8828811645508,-2.41386961936951,3.10464406013489,0.151737585663795,-0.10825103521347,70
738505.47054122027475386858,69.4613723754883,-2.30018997192383,8.57704257965088,-0.0373259149491787,-0.00392156839370728,42.494441986084,-71.553092956543,1201.69702148438,1091.79077148438,-4.50008773803711,-3.09068536758423,113.333343505859,70.0267028808594,-2.44077301025391,1.68158662319183,0.154311403632164,-0.108421444892883,70
738505.47054337349254637957,69.5691223144531,-2.41442799568176,8.57121181488037,-0.0373259149491787,-0.00392156839370728,42.4944305419922,-71.5529403686523,1201.15600585938,1092.05017089844,-3.10703086853027,-3.21273422241211,113.433486938477,70.1367111206055,-2.48642015457153,-1.48452115058899,0.156614676117897,-0.108557857573032,70
738505.47054569155443459749,69.6521224975586,-2.38718223571777,8.46365928649902,-0.0373259149491787,-0.00392156839370728,42.4944152832031,-71.5527725219727,1200.58935546875,1092.32189941406,-3.92661237716675,-3.07307434082031,113.602172851562,70.2050552368164,-2.55308485031128,-1.70342600345612,0.158794373273849,-0.108658991754055,70
738505.47054805676452815533,69.7449188232422,-2.49118137359619,8.31524562835693,-0.0373259149491787,-0.00392156839370728,42.4944000244141,-71.5525970458984,1199.978515625,1092.14221191406,-4.20480632781982,-1.36946606636047,114.376777648926,70.2830200195312,-2.62498831748962,-0.238136619329453,0.161018073558807,-0.108731783926487,70
738505.47055034793447703123,69.7875289916992,-2.62152600288391,8.31442356109619,-0.0373259149491787,-0.00392156839370728,42.494384765625,-71.5524291992188,1199.369140625,1091.87109375,-1.86798214912415,0.739621639251709,115.622917175293,70.329948425293,-2.69705867767334,-1.28747272491455,0.162984266877174,-0.108760297298431,70
738505.47055247204843908548,69.7846832275391,-2.54989457130432,8.4579610824585,-0.0373259149491787,-0.00392156839370728,42.4943733215332,-71.5522689819336,1198.79260253906,1091.61169433594,-0.265261381864548,1.60464751720428,116.716674804688,70.3415985107422,-2.76942229270935,-4.46238327026367,0.164666503667831,-0.108754068613052,70
738505.47055460757110267878,69.8107528686523,-2.33077764511108,8.58739185333252,-0.0373259149491787,-0.00392156839370728,42.4943580627441,-71.5521087646484,1198.26025390625,1091.302734375,-1.28015971183777,1.73051178455353,117.304641723633,70.3755416870117,-2.82625436782837,-6.17667245864868,0.166369616985321,-0.108713462948799,70
738505.47055683075450360775,69.8277359008789,-2.30565452575684,8.5190258026123,-0.0373259149491787,-0.00392156839370728,42.4943466186523,-71.5519485473633,1197.71704101562,1090.92761230469,-1.20562374591827,1.64212429523468,117.519302368164,70.3832550048828,-2.85590171813965,-2.48085021972656,0.168307051062584,-0.108654864132404,70
738505.47055898187682032585,69.8065490722656,-2.0556435585022,8.38619041442871,-0.0373259149491787,-0.00392156839370728,42.4943313598633,-71.5517883300781,1197.2060546875,1090.58325195312,-0.231078013777733,1.51779627799988,117.830085754395,70.3385238647461,-2.86170434951782,2.09564661979675,0.1703812032938,-0.108590833842754,70
738505.47056129493284970522,69.812385559082,-1.62575566768646,8.40700054168701,-0.0373259149491787,-0.00392156839370728,42.4943161010742,-71.5516204833984,1196.76159667969,1090.30749511719,-0.933760762214661,1.49779093265533,118.236305236816,70.3355484008789,-2.82699656486511,1.49245178699493,0.172831520438194,-0.108514495193958,70
738505.47056355758104473352,69.9069747924805,-1.60858345031738,8.47095966339111,-0.0373259149491787,-0.00392156839370728,42.4943046569824,-71.5514526367188,1196.35046386719,1090.07153320312,-1.88367176055908,1.53176188468933,118.276519775391,70.4367065429688,-2.73454165458679,-0.0778895244002342,0.17594051361084,-0.108411781489849,70
738505.47056598472408950329,69.9737014770508,-1.9014972448349,8.40541172027588,-0.0373259149491787,-0.00392156839370728,42.4942893981934,-71.5512771606445,1195.88671875,1089.78674316406,0.481188386678696,1.45134294033051,117.565422058105,70.5023803710938,-2.62588310241699,2.76963543891907,0.179364711046219,-0.108291238546371,70
738505.47056834772229194641,69.9392166137695,-1.73984026908875,8.31692409515381,-0.0373259149491787,-0.00392156839370728,42.4942741394043,-71.5511016845703,1195.39685058594,1089.47937011719,2.13256072998047,1.32359254360199,116.333251953125,70.4534759521484,-2.54633140563965,5.85291385650635,0.182741358876228,-0.108164705336094,70
738505.47057080653030425310,69.9102020263672,-1.50389635562897,8.3438663482666,-0.0373259149491787,-0.00392156839370728,42.4942588806152,-71.5509262084961,1194.95837402344,1089.22436523438,0.316356748342514,1.17768168449402,115.13289642334,70.4224243164062,-2.4725182056427,4.29045248031616,0.186251282691956,-0.108025394380093,70
738505.47057321632746607065,69.9485397338867,-1.56989872455597,8.44416999816895,-0.0373259149491787,-0.00392156839370728,42.4942436218262,-71.5507431030273,1194.5390625,1088.57580566406,-0.760177791118622,0.950625121593475,114.26815032959,70.473876953125,-2.38661479949951,0.831720948219299,0.190036565065384,-0.107863627374172,70
738505.47057566710282117128,69.9957122802734,-1.74821615219116,8.43577861785889,-0.0373259149491787,-0.00392156839370728,42.4942283630371,-71.5505599975586,1194.07360839844,1088.5458984375,-0.0324722677469254,0.585992872714996,113.560348510742,70.5238876342773,-2.31198596954346,1.29119515419006,0.193967878818512,-0.107694305479527,70
738505.47057788807433098555,70.0370025634766,-1.77145910263062,8.36933135986328,-0.0373259149491787,-0.00392156839370728,42.4942169189453,-71.5503997802734,1193.64221191406,1088.82739257812,-1.3069908618927,0.21446181833744,112.889282226562,70.5575332641602,-2.27376127243042,2.75527167320251,0.197342872619629,-0.107550047338009,70
738505.47058014397043734789,70.1257705688477,-2.00265097618103,8.4027156829834,-0.0373259149491787,-0.00392156839370728,42.4942016601562,-71.5502319335938,1193.18371582031,1089.09838867188,-3.88333463668823,-0.0687834173440933,112.297744750977,70.6557846069336,-2.25702881813049,0.461754232645035,0.200688779354095,-0.107391260564327,70
738505.47058227122761309147,70.2095794677734,-2.3478946685791,8.49935054779053,-0.0373259149491787,-0.00392156839370728,42.4941864013672,-71.5500717163086,1192.68713378906,1089.29125976562,-4.01951169967651,-0.22695592045784,112.093276977539,70.7611236572266,-2.2754909992218,-3.11896419525146,0.203574001789093,-0.107231840491295,70
738505.47058511700015515089,70.2625885009766,-2.61230635643005,8.5921802520752,-0.0373259149491787,-0.00392156839370728,42.4941749572754,-71.5498962402344,1192.0732421875,1089.44470214844,-2.76388096809387,-0.32871401309967,112.407081604004,70.8341827392578,-2.35148119926453,-5.82921695709229,0.206265643239021,-0.10705578327179,70
738505.47058740875218063593,70.3198852539062,-2.67302298545837,8.53913593292236,-0.0373259149491787,-0.00392156839370728,42.4941558837891,-71.549690246582,1191.29150390625,1089.59509277344,-2.99704933166504,-0.498365104198456,113.349891662598,70.8868713378906,-2.50085353851318,-4.11728429794312,0.20888577401638,-0.106851227581501,70
738505.47058965801261365414,70.4313201904297,-2.82000732421875,8.41891479492188,-0.0373259149491787,-0.00392156839370728,42.494140625,-71.5495223999023,1190.67858886719,1089.69458007812,-4.52759838104248,-0.62598180770874,114.078552246094,70.9887390136719,-2.62479090690613,-1.35003471374512,0.210613206028938,-0.106705412268639,70
738505.47059180808719247580,70.5548858642578,-3.21794414520264,8.35955715179443,-0.0373259149491787,-0.00392156839370728,42.4941291809082,-71.5493621826172,1190.00329589844,1089.73779296875,-4.37184619903564,-0.628098666667938,114.563720703125,71.1212310791016,-2.75888252258301,-0.772452056407928,0.212083175778389,-0.106552094221115,70
738505.47059401974547654390,70.6155624389648,-3.45376753807068,8.39142417907715,-0.0373259149491787,-0.00392156839370728,42.4941139221191,-71.549201965332,1189.28857421875,1089.71350097656,-2.79207944869995,-0.499977082014084,114.822273254395,71.1962280273438,-2.91439986228943,-2.66746425628662,0.21302929520607,-0.106398202478886,70
738505.47059637180063873529,70.6599349975586,-3.34056115150452,8.3850269317627,-0.0373259149491787,-0.00392156839370728,42.4940986633301,-71.5490264892578,1188.48986816406,1089.68237304688,-3.21844530105591,-0.37316557765007,115.222801208496,71.2340774536133,-3.10625410079956,-3.16018199920654,0.213622033596039,-0.106209062039852,70
738505.47059859032742679119,70.7531967163086,-3.33264493942261,8.24478530883789,-0.0373259149491787,-0.00392156839370728,42.4940872192383,-71.5488586425781,1187.74584960938,1089.67138671875,-4.42899608612061,-0.387634813785553,115.919807434082,71.3098678588867,-3.26843309402466,0.122549116611481,0.214078173041344,-0.10602231323719,70
738505.47060076962225139141,70.8470230102539,-3.54536867141724,8.12037754058838,-0.0373259149491787,-0.00392156839370728,42.4940719604492,-71.548698425293,1187.01574707031,1089.39807128906,-3.38396239280701,-0.394501298666,116.640754699707,71.3989562988281,-3.39840006828308,2.56645679473877,0.214455246925354,-0.105837300419807,70
738505.47060308197978883982,70.9092025756836,-3.59638214111328,8.15504264831543,-0.0373259149491787,-0.00392156839370728,42.4940605163574,-71.5485229492188,1186.19702148438,1088.27661132812,-2.04751396179199,-0.248841196298599,117.109619140625,71.467155456543,-3.53278160095215,0.175820156931877,0.214644730091095,-0.105614848434925,70
738505.47060539596714079380,70.9543991088867,-3.47649645805359,8.29395484924316,-0.0373259149491787,-0.00392156839370728,42.4940452575684,-71.5483551025391,1185.3896484375,1087.16870117188,-2.61813902854919,0.127812907099724,117.317825317383,71.5220413208008,-3.65351223945618,-4.14005088806152,0.214697033166885,-0.105371735990047,70
738505.47060760110616683960,70.9851455688477,-3.50096487998962,8.28174209594727,-0.0373259149491787,-0.00392156839370728,42.4940338134766,-71.5481872558594,1184.62316894531,1086.75317382812,-1.942134141922,0.857985079288483,117.657341003418,71.5523223876953,-3.74166345596313,-2.93917655944824,0.214786022901535,-0.105130009353161,70
738505.47060986480209976435,70.9546508789062,-3.42196846008301,8.15156078338623,-0.0373259149491787,-0.00392156839370728,42.4940185546875,-71.5480117797852,1183.84008789062,1087.60864257812,0.459152340888977,1.53034234046936,118.241752624512,71.503288269043,-3.80963325500488,1.81626069545746,0.214890941977501,-0.104871228337288,70
738505.47061205364298075438,70.9155654907227,-3.14164686203003,8.11850643157959,-0.0373259149491787,-0.00392156839370728,42.4940071105957,-71.5478515625,1183.12805175781,1088.46984863281,0.357706338167191,1.80054831504822,118.699203491211,71.447868347168,-3.84794592857361,3.29109477996826,0.215099722146988,-0.104618616402149,70
738505.47061422106344252825,70.9487609863281,-3.13439202308655,8.19165992736816,-0.0373259149491787,-0.00392156839370728,42.4939918518066,-71.5476913452148,1182.46276855469,1089.3466796875,-1.58584368228912,1.77196443080902,118.693786621094,71.4888381958008,-3.84601354598999,1.34136378765106,0.215584829449654,-0.104361407458782,70
738505.47061656194273382425,70.9794845581055,-3.46160578727722,8.23985290527344,-0.0373259149491787,-0.00392156839370728,42.4939804077148,-71.5475158691406,1181.68298339844,1089.42358398438,-1.40688836574554,1.70507729053497,118.26057434082,71.5399551391602,-3.82709550857544,0.710717082023621,0.216228574514389,-0.104062646627426,70
738505.47061873960774391890,70.9394683837891,-3.48227548599243,8.18778800964355,-0.0373259149491787,-0.00392156839370728,42.4939651489258,-71.5473480224609,1180.92297363281,1088.37341308594,-0.714301526546478,1.59603905677795,117.97779083252,71.4952774047852,-3.83107352256775,3.26069593429565,0.216610044240952,-0.103783339262009,70
738505.47062100446783006191,70.9218292236328,-3.25900673866272,8.23667907714844,-0.0373259149491787,-0.00392156839370728,42.493953704834,-71.5471878051758,1180.18859863281,1087.34680175781,-2.32116484642029,1.59374630451202,118.191543579102,71.4728622436523,-3.84387707710266,2.33496594429016,0.216902881860733,-0.103503085672855,70
738505.47062322567217051983,70.9841079711914,-3.41703152656555,8.36850070953369,-0.0373259149491787,-0.00392156839370728,42.4939384460449,-71.5470199584961,1179.45251464844,1086.31652832031,-3.3634045124054,1.66424489021301,118.673233032227,71.5573348999023,-3.84414768218994,-0.875162303447723,0.217307880520821,-0.103213056921959,70
738505.47062551626004278660,71.0413970947266,-3.70246648788452,8.43685245513916,-0.0373259149491787,-0.00392156839370728,42.4939231872559,-71.5468444824219,1178.64331054688,1085.20629882812,-2.29544949531555,1.70997285842896,118.940315246582,71.6363677978516,-3.85559606552124,-1.25351321697235,0.217609420418739,-0.102915570139885,70
738505.47062783630099147558,71.0566864013672,-3.82598400115967,8.3457727432251,-0.0373259149491787,-0.00392156839370728,42.4939117431641,-71.5466766357422,1177.78247070312,1084.04248046875,-1.85392498970032,1.56528961658478,118.833190917969,71.647346496582,-3.90177655220032,2.73926067352295,0.217557772994041,-0.102616146206856,70
738505.47063014539889991283,71.0996398925781,-4.01046943664551,8.27781009674072,-0.0373259149491787,-0.00392156839370728,42.493896484375,-71.546501159668,1176.89929199219,1082.85021972656,-3.23622393608093,1.25809597969055,118.684150695801,71.6921539306641,-3.97199010848999,4.5745530128479,0.217220440506935,-0.102323733270168,70
738505.47063251805957406759,71.13818359375,-4.31176614761353,8.40750503540039,-0.0373259149491787,-0.00392156839370728,42.4938812255859,-71.5463256835938,1175.93798828125,1081.5771484375,-2.24270272254944,0.994151175022125,118.677474975586,71.7629318237305,-4.06894779205322,0.750723421573639,0.216520190238953,-0.102029405534267,70
738505.47063492634333670139,71.2161178588867,-4.25597620010376,8.47632503509521,-0.0373259149491787,-0.00392156839370728,42.4938659667969,-71.546142578125,1174.92626953125,1080.40356445312,-3.81208372116089,0.706883907318115,118.431495666504,71.8449478149414,-4.19811296463013,-0.591691195964813,0.215350791811943,-0.101723276078701,70
738505.47063736908603459597,71.375373840332,-4.62197685241699,8.42526721954346,-0.0373259149491787,-0.00392156839370728,42.4938507080078,-71.5459594726562,1173.91040039062,1080.77062988281,-6.71951913833618,0.340780645608902,117.841255187988,72.0193862915039,-4.3246693611145,0.804473459720612,0.213992476463318,-0.101428598165512,70
738505.47063970938324928284,71.4442367553711,-5.15948963165283,8.53076076507568,-0.0373259149491787,-0.00392156839370728,42.4938354492188,-71.5457763671875,1172.77075195312,1081.02111816406,-4.97299671173096,0.170150905847549,117.501541137695,72.1364898681641,-4.48315906524658,-2.46567392349243,0.212083205580711,-0.101138666272163,70
738505.47064221685286611319,71.5156631469727,-4.83020257949829,8.656174659729,-0.0373259149491787,-0.00392156839370728,42.4938201904297,-71.5455932617188,1171.61901855469,1081.275390625,-4.94985818862915,0.266138881444931,118.040161132812,72.1993789672852,-4.68258047103882,-5.26216506958008,0.209479749202728,-0.100855983793736,70
738505.47064480499830096960,71.646369934082,-5.14100790023804,8.51109600067139,-0.0373259149491787,-0.00392156839370728,42.4938049316406,-71.5454025268555,1170.41259765625,1081.55480957031,-5.21051740646362,0.274297893047333,119.052719116211,72.3330612182617,-4.86309957504272,-0.752319872379303,0.206649646162987,-0.10057083517313,70
738505.47064709919504821301,71.7172470092773,-5.28205728530884,8.33412647247314,-0.0373259149491787,-0.00392156839370728,42.4937896728516,-71.5452194213867,1169.20300292969,1080.85815429688,-3.17239356040955,0.17680224776268,119.71688079834,72.392822265625,-5.02971315383911,3.70742273330688,0.203647956252098,-0.100312739610672,70
738505.47064954834058880806,71.7667846679688,-5.13915538787842,8.36025714874268,-0.0373259149491787,-0.00392156839370728,42.4937744140625,-71.545036315918,1168.02307128906,1080.04431152344,-4.39580726623535,0.242879509925842,120.233100891113,72.4346313476562,-5.18632459640503,1.67469525337219,0.200414061546326,-0.100059345364571,70
738505.47065185441169887781,71.8401718139648,-5.51963424682617,8.28851795196533,-0.0373259149491787,-0.00392156839370728,42.4937591552734,-71.5448608398438,1166.83459472656,1079.69934082031,-3.85076522827148,0.201167806982994,120.821090698242,72.5270690917969,-5.3143196105957,3.30678200721741,0.197178646922112,-0.0997957587242126,70
738505.47065421461593359709,71.8974227905273,-5.62690258026123,8.18273258209229,-0.0373259149491787,-0.00392156839370728,42.4937477111816,-71.544677734375,1165.57373046875,1080.29284667969,-2.06619024276733,-0.0111416252329946,121.113883972168,72.5800170898438,-5.45295763015747,5.61053800582886,0.193524658679962,-0.0995173528790474,70
738505.47065656306222081184,71.9584350585938,-5.60484170913696,8.26627445220947,-0.0373259149491787,-0.00392156839370728,42.4937324523926,-71.5445098876953,1164.37731933594,1078.28112792969,-3.86942100524902,-0.129795521497726,120.807273864746,72.6482086181641,-5.58447074890137,1.8173896074295,0.189777210354805,-0.0992387756705284,70
738505.47065882140304893255,72.0361022949219,-5.97899150848389,8.41984081268311,-0.0373259149491787,-0.00392156839370728,42.4937171936035,-71.5443344116211,1163.10668945312,1076.17236328125,-4.5973653793335,-0.205434769392014,120.250122070312,72.7725372314453,-5.70991897583008,-2.89390826225281,0.185758918523788,-0.098935104906559,70
738505.47066106635611504316,72.0866851806641,-6.05084896087646,8.40290641784668,-0.0373259149491787,-0.00392156839370728,42.4937057495117,-71.5441589355469,1161.84375,1074.10876464844,-3.45318412780762,-0.39333364367485,119.995162963867,72.8265914916992,-5.84450149536133,-1.98943018913269,0.18153278529644,-0.0986375063657761,70
738505.47066340851597487926,72.1762237548828,-6.01416826248169,8.24476909637451,-0.0373259149491787,-0.00392156839370728,42.4936904907227,-71.5439834594727,1160.50903320312,1071.92504882812,-4.24874067306519,-0.712885081768036,120.027381896973,72.8941268920898,-5.9894847869873,1.83747315406799,0.176763847470284,-0.0983156338334084,70
738505.47066590178292244673,72.3401336669922,-6.24801540374756,8.21444320678711,-0.0373259149491787,-0.00392156839370728,42.4936752319336,-71.5438003540039,1159.12939453125,1070.62158203125,-5.62842178344727,-0.9183748960495,119.875640869141,73.0726318359375,-6.1204252243042,0.96245014667511,0.171759352087975,-0.0979858487844467,70
738505.47066823940258473158,72.4557495117188,-6.60507440567017,8.28158283233643,-0.0373259149491787,-0.00392156839370728,42.4936599731445,-71.5436172485352,1157.66760253906,1069.76977539062,-4.31127595901489,-0.91241192817688,119.379135131836,73.2259979248047,-6.25769519805908,-1.96813213825226,0.166397362947464,-0.0976424738764763,70
738505.47067061648704111576,72.5312576293945,-6.51741552352905,8.20954895019531,-0.0373259149491787,-0.00392156839370728,42.4936485290527,-71.5434417724609,1156.25219726562,1068.93676757812,-4.2754077911377,-0.833571970462799,118.980895996094,73.2847595214844,-6.40758800506592,-0.574887037277222,0.160830780863762,-0.0973065495491028,70
738505.47067319881170988083,72.6724395751953,-6.46357440948486,8.11712169647217,-0.0373259149491787,-0.00392156839370728,42.4936332702637,-71.5432434082031,1154.73547363281,1068.05603027344,-6.02252817153931,0.104235216975212,119.098724365234,73.4094619750977,-6.55375576019287,0.887423396110535,0.154622331261635,-0.0969258025288582,70
738505.47067562316078692675,72.8408203125,-6.61488008499146,8.12914085388184,-0.0373259149491787,-0.00392156839370728,42.4936180114746,-71.5430603027344,1153.24096679688,1067.18249511719,-5.55308771133423,0.965696811676025,119.515365600586,73.5909271240234,-6.66802883148193,0.240782216191292,0.148550525307655,-0.0965440198779106,70
738505.47067813377361744642,72.9915924072266,-6.71812868118286,8.22586441040039,-0.0373259149491787,-0.00392156839370728,42.4936027526855,-71.5428619384766,1151.64831542969,1066.12133789062,-4.81852531433105,1.1129070520401,119.598388671875,73.7602233886719,-6.77784633636475,-1.79264235496521,0.142023637890816,-0.0961205437779427,70
738505.47068047325592488050,73.1534271240234,-6.69299459457397,8.23506546020508,-0.0373259149491787,-0.00392156839370728,42.4935874938965,-71.5426788330078,1150.18286132812,1064.84191894531,-6.28785705566406,1.04511141777039,119.266983032227,73.9191207885742,-6.87218523025513,-1.06693243980408,0.135871395468712,-0.0957260280847549,70
738505.47068278677761554718,73.3472061157227,-6.77835130691528,8.16757297515869,-0.0373259149491787,-0.00392156839370728,42.4935722351074,-71.5425033569336,1148.72314453125,1063.32653808594,-7.74460506439209,0.840251505374908,119.006629943848,74.1111907958984,-6.95244741439819,1.16339385509491,0.129702180624008,-0.0953248739242554,70
738505.47068528772797435522,73.5165252685547,-7.00913047790527,8.17408275604248,-0.0373259149491787,-0.00392156839370728,42.4935607910156,-71.5423049926758,1147.13122558594,1061.95031738281,-6.47914361953735,0.838233053684235,119.258918762207,74.300895690918,-7.03348016738892,0.704285979270935,0.122986532747746,-0.0948856920003891,70
738505.47068750776816159487,73.6601104736328,-6.88187408447266,8.26179599761963,-0.0373259149491787,-0.00392156839370728,42.4935455322266,-71.5421295166016,1145.66711425781,1061.38488769531,-5.38556003570557,1.72265493869781,119.766998291016,74.4407806396484,-7.11332082748413,-1.23364758491516,0.116625875234604,-0.0944748967885971,70
738505.47068998881150037050,73.8370819091797,-6.67135429382324,8.37060546875,-0.0373259149491787,-0.00392156839370728,42.4935302734375,-71.5419387817383,1144.11547851562,1060.80737304688,-5.7528281211853,2.61808443069458,120.258911132812,74.6089019775391,-7.18185043334961,-2.2163290977478,0.10975493490696,-0.094016008079052,70
738505.47069236787501722574,74.0298690795898,-6.51522302627563,8.40741157531738,-0.0373259149491787,-0.00392156839370728,42.4935150146484,-71.5417556762695,1142.68054199219,1060.13549804688,-5.89398050308228,2.96068596839905,120.512802124023,74.7900695800781,-7.20927715301514,-0.557183563709259,0.103461802005768,-0.0935767367482185,70
738505.47069473494775593281,74.1627044677734,-6.39840698242188,8.41112899780273,-0.0373259149491787,-0.00392156839370728,42.4934997558594,-71.5415725708008,1141.22473144531,1059.2607421875,-4.10070371627808,2.84549999237061,120.692581176758,74.9119033813477,-7.19979572296143,1.74647164344788,0.0972697660326958,-0.093124158680439,70
738505.47069698292762041092,74.2034072875977,-5.99176836013794,8.51390933990479,-0.0373259149491787,-0.00392156839370728,42.4934883117676,-71.541389465332,1139.90844726562,1058.05944824219,-2.73451328277588,2.58280992507935,121.092544555664,74.9301910400391,-7.16009092330933,0.688439607620239,0.0917482897639275,-0.0926986262202263,70
738505.47069917293265461922,74.2075042724609,-5.34166479110718,8.73834228515625,-0.0373259149491787,-0.00392156839370728,42.4934730529785,-71.5412216186523,1138.75146484375,1056.90637207031,-3.04909610748291,2.36714792251587,121.93383026123,74.9109191894531,-7.07164764404297,-3.50034713745117,0.0870026051998138,-0.092298835515976,70
738505.47070162324234843254,74.2743682861328,-4.56712245941162,8.99013233184814,-0.0373259149491787,-0.00392156839370728,42.4934577941895,-71.5410385131836,1137.62487792969,1055.78247070312,-4.14107084274292,1.33364522457123,123.392944335938,74.9557342529297,-6.87747001647949,-7.49518632888794,0.0828069671988487,-0.0918637365102768,70
738505.47070388798601925373,74.3669052124023,-4.14167928695679,9.00084686279297,-0.0373259149491787,-0.00392156839370728,42.4934425354004,-71.5408554077148,1136.66223144531,1054.82153320312,-4.09811449050903,-1.64127027988434,124.846496582031,75.0240325927734,-6.59256982803345,-6.4026255607605,0.0800666138529778,-0.0914795994758606,70
738505.47070631734095513821,74.4381332397461,-3.84430885314941,8.76530838012695,-0.0373259149491787,-0.00392156839370728,42.4934272766113,-71.5406646728516,1135.70593261719,1053.7490234375,-3.56028318405151,-4.68551301956177,125.912307739258,75.0509490966797,-6.22394180297852,-2.74367713928223,0.0782685726881027,-0.0911012887954712,70
738505.47070860082749277353,74.513671875,-3.38407969474792,8.50068664550781,-0.0373259149491787,-0.00392156839370728,42.4934120178223,-71.5404815673828,1134.89904785156,1052.64294433594,-4.31814956665039,-4.65851020812988,126.394134521484,75.0733032226562,-5.86466646194458,-1.6516979932785,0.0774232670664787,-0.0907672569155693,70
738505.47071098641026765108,74.5659866333008,-3.16886281967163,8.38320350646973,-0.0373259149491787,-0.00392156839370728,42.4933967590332,-71.5402984619141,1134.14196777344,1051.5751953125,-3.76917862892151,-2.87768030166626,126.845329284668,75.1026382446289,-5.47694206237793,-3.48566222190857,0.0773862078785896,-0.0904203355312347,70
738505.47071317094378173351,74.5608444213867,-2.77744030952454,8.17751026153564,-0.0373259149491787,-0.00392156839370728,42.4933853149414,-71.5401229858398,1133.45471191406,1050.58740234375,-1.2184511423111,-0.353555262088776,127.394111633301,75.0593414306641,-5.11092233657837,0.271318018436432,0.0779836848378181,-0.090084008872509,70
738505.47071538306772708893,74.5612335205078,-2.1944797039032,7.99553394317627,-0.0373259149491787,-0.00392156839370728,42.4933700561523,-71.5399551391602,1132.89819335938,1049.7392578125,-1.81762278079987,0.247894182801247,127.58757019043,75.0208129882812,-4.75552797317505,4.16769742965698,0.0792541801929474,-0.089748203754425,70
738505.47071769041940569878,74.5568161010742,-2.12635898590088,8.0141544342041,-0.0373259149491787,-0.00392156839370728,42.4933586120605,-71.5397720336914,1132.36999511719,1048.90380859375,-1.22307276725769,0.308500409126282,127.34122467041,75.0164413452148,-4.36614179611206,2.43559670448303,0.0814672634005547,-0.0893635302782059,70
738505.47071993141435086727,74.460205078125,-1.7035059928894,8.06063079833984,-0.0373259149491787,-0.00392156839370728,42.4933433532715,-71.5395965576172,1131.89343261719,1048.12915039062,0.811272382736206,0.353945344686508,127.105941772461,74.9146041870117,-4.00599384307861,1.23562288284302,0.0841726362705231,-0.0889483392238617,70
738505.47072229220066219568,74.3766937255859,-1.00794208049774,7.94492769241333,-0.0373259149491787,-0.00392156839370728,42.4933319091797,-71.5394134521484,1131.53393554688,1047.46325683594,-0.405364364385605,0.252235025167465,127.006950378418,74.8066253662109,-3.63450026512146,4.3571662902832,0.0877070873975754,-0.0884919017553329,70
738505.47072464018128812313,74.3968048095703,-0.94095778465271,7.88603115081787,-0.0373259149491787,-0.00392156839370728,42.4933166503906,-71.5392227172852,1131.23364257812,1046.84106445312,-0.976955413818359,0.0130583923310041,126.549697875977,74.8195114135742,-3.21847796440125,4.66005659103394,0.0924856290221214,-0.0879780352115631,70
738505.47072708292398601770,74.3630828857422,-0.827572047710419,7.99087572097778,-0.0373259149491787,-0.00392156839370728,42.4933013916016,-71.5390319824219,1130.93115234375,1046.21472167969,0.408941447734833,-0.359880805015564,125.503021240234,74.795768737793,-2.82586288452148,0.62438976764679,0.0978990644216537,-0.0874261632561684,70
738505.47072957875207066536,74.3005065917969,-0.355138659477234,8.01959037780762,-0.0373259149491787,-0.00392156839370728,42.4932899475098,-71.5388412475586,1130.70227050781,1045.65930175781,-1.0598578453064,-0.928661167621613,124.402740478516,74.7328948974609,-2.46783661842346,-1.11914443969727,0.10384501516819,-0.0868482887744904,70
738505.47073199576698243618,74.2853317260742,-0.21696500480175,7.87380743026733,-0.0373259149491787,-0.00392156839370728,42.4932746887207,-71.5386505126953,1130.54272460938,1045.17810058594,-1.4660336971283,-2.47844886779785,123.906394958496,74.7017669677734,-2.12665057182312,1.12404155731201,0.11039062589407,-0.0862730517983437,70
738505.47073443967383354902,74.2595748901367,-0.0485823936760426,7.80221271514893,-0.0373259149491787,-0.00392156839370728,42.4932594299316,-71.5384674072266,1130.39904785156,1044.71166992188,0.108599960803986,-3.30543732643127,123.810348510742,74.668342590332,-1.81217038631439,-0.70044869184494,0.117426976561546,-0.085678294301033,70
738505.47073679498862475157,74.2518920898438,0.347056984901428,7.76339244842529,-0.0373259149491787,-0.00392156839370728,42.4932479858398,-71.5382766723633,1130.34301757812,1044.3388671875,-1.94491720199585,-3.41961765289307,123.459259033203,74.6574478149414,-1.52372252941132,-4.11822843551636,0.124825820326805,-0.0850760340690613,70
738505.47073904296848922968,74.2310485839844,0.107057482004166,7.55028867721558,-0.0373259149491787,-0.00392156839370728,42.4932327270508,-71.5381011962891,1130.27819824219,1043.96520996094,-1.21840500831604,-3.05470299720764,123.140434265137,74.6141204833984,-1.25632584095001,-1.08636844158173,0.132509857416153,-0.0844698175787926,70
738505.47074132086709141731,74.1806259155273,0.481995820999146,7.36094951629639,-0.0373259149491787,-0.00392156839370728,42.493221282959,-71.5379257202148,1130.23327636719,1042.53283691406,-0.833779633045197,-2.52148365974426,123.191551208496,74.546501159668,-1.03997802734375,-0.0450318530201912,0.140100330114365,-0.0838539525866508,70
738505.47074365650769323111,74.2105712890625,0.607111155986786,7.34873580932617,-0.0373259149491787,-0.00392156839370728,42.4932098388672,-71.5377426147461,1130.25341796875,1039.84399414062,-2.38483238220215,-2.16031408309937,123.268684387207,74.5760116577148,-0.828780114650726,-3.35979580879211,0.148270532488823,-0.0831932500004768,70
738505.47074609529227018356,74.2068481445312,0.531051456928253,7.20200395584106,-0.0373259149491787,-0.00392156839370728,42.4931983947754,-71.5375518798828,1130.25476074219,1036.94421386719,-1.13434386253357,-1.53297185897827,123.089141845703,74.5574111938477,-0.622531950473785,-1.22940158843994,0.157332941889763,-0.0824387073516846,70
738505.47074827912729233503,74.1508483886719,1.07971024513245,7.00318145751953,-0.0373259149491787,-0.00392156839370728,42.4931869506836,-71.5373764038086,1130.31359863281,1034.37951660156,-1.70269048213959,-1.33987402915955,123.189186096191,74.4886474609375,-0.461726009845734,1.61453795433044,0.165706485509872,-0.0817257389426231,70
738505.47075047984253615141,74.1647033691406,1.22406613826752,6.96882963180542,-0.0373259149491787,-0.00392156839370728,42.4931755065918,-71.5372085571289,1130.44250488281,1032.01110839844,-2.09333825111389,-1.07831573486328,123.739669799805,74.5014495849609,-0.290446996688843,0.124146461486816,0.174207299947739,-0.0810093730688095,70
738505.47075284982565790415,74.1740875244141,1.30892598628998,6.90663719177246,-0.0373259149491787,-0.00392156839370728,42.4931640625,-71.5370254516602,1130.58410644531,1029.43518066406,0.0121526401489973,-0.849710941314697,124.251098632812,74.5064468383789,-0.0969092100858688,0.397918045520782,0.183898016810417,-0.0801893994212151,70
738505.47075516614131629467,74.1662292480469,1.61806929111481,6.67185926437378,-0.0373259149491787,-0.00392156839370728,42.4931526184082,-71.5368423461914,1130.79187011719,1027.3759765625,-0.947293281555176,-0.853278875350952,124.281127929688,74.4832916259766,0.102124147117138,4.79650449752808,0.194383472204208,-0.0792936235666275,70
738505.47075755428522825241,74.1686706542969,1.7035356760025,6.64558553695679,-0.0373259149491787,-0.00392156839370728,42.4931411743164,-71.5366516113281,1131.029296875,1025.88562011719,-1.22240686416626,-0.706288278102875,124.239349365234,74.4852828979492,0.30678802728653,2.81709361076355,0.20546093583107,-0.0783418416976929,70
738505.47075990086887031794,74.1184921264648,1.83948636054993,6.73879909515381,-0.0373259149491787,-0.00392156839370728,42.4931297302246,-71.5364685058594,1131.28173828125,1024.521484375,-0.462396413087845,-0.500696122646332,124.615074157715,74.4469375610352,0.491854310035706,-1.12021601200104,0.216273173689842,-0.0773944854736328,70
738505.47076235257554799318,74.0012359619141,2.00263929367065,6.87161540985107,-0.0373259149491787,-0.00392156839370728,42.4931182861328,-71.5362777709961,1131.57824707031,1023.39263916016,0.890330612659454,-0.230038598179817,125.535667419434,74.3465728759766,0.678150415420532,-4.81416368484497,0.228010430932045,-0.0763551816344261,70
738505.47076473559718579054,73.8501205444336,2.2188036441803,6.94633293151855,-0.0373259149491787,-0.00392156839370728,42.4931030273438,-71.5360870361328,1131.91394042969,1022.31341552734,1.55742812156677,0.329082638025284,126.720100402832,74.2092590332031,0.857378125190735,-5.86773729324341,0.240052357316017,-0.0753001198172569,70
738505.47076701687183231115,73.7325439453125,2.46299433708191,6.92627286911011,-0.0373259149491787,-0.00392156839370728,42.493091583252,-71.5359115600586,1132.27868652344,1021.34527587891,0.886507987976074,0.730299234390259,127.675491333008,74.0980911254883,1.0286351442337,-4.16539430618286,0.251815378665924,-0.0742881000041962,70
738505.47076923295389860868,73.6824722290039,2.51830077171326,6.84319162368774,-0.0373259149491787,-0.00392156839370728,42.4930801391602,-71.5357360839844,1132.671875,1020.42987060547,-0.0594311133027077,0.88379967212677,128.14387512207,74.0424041748047,1.20411932468414,-1.27527260780334,0.263790249824524,-0.0732876360416412,70
738505.47077150293625891209,73.6091842651367,2.36382269859314,6.8403434753418,-0.0373259149491787,-0.00392156839370728,42.4930686950684,-71.5355606079102,1133.05126953125,1019.46643066406,1.1147528886795,1.08148419857025,128.157135009766,73.9641189575195,1.37083542346954,-0.877584397792816,0.276305675506592,-0.0722451433539391,70
738505.47077376395463943481,73.477424621582,2.53713965415955,6.90214347839355,-0.0373259149491787,-0.00392156839370728,42.4930572509766,-71.5353851318359,1133.42663574219,1018.53112792969,1.33370101451874,1.30805647373199,128.0458984375,73.8444900512695,1.49986779689789,-1.62764191627502,0.288542121648788,-0.0712237954139709,70
738505.47077596257440745831,73.4110488891602,2.61473608016968,6.8480658531189,-0.0373259149491787,-0.00392156839370728,42.493049621582,-71.5352096557617,1133.83557128906,1017.63818359375,-0.26639050245285,1.47728562355042,127.905776977539,73.7761154174805,1.61508297920227,1.013552069664,0.300880610942841,-0.0701939016580582,70
738505.47077817912213504314,73.4048309326172,2.24762105941772,6.71505546569824,-0.0373259149491787,-0.00392156839370728,42.4930381774902,-71.535041809082,1134.20556640625,1016.71960449219,-0.0260556787252426,1.58585572242737,127.416664123535,73.7455902099609,1.71362054347992,5.19093036651611,0.313186675310135,-0.0691747069358826,70
738505.47078113176394253969,73.3606338500977,1.94364166259766,6.7252254486084,-0.0373259149491787,-0.00392156839370728,42.4930267333984,-71.5348510742188,1134.53344726562,1015.61627197266,1.14090538024902,1.78858113288879,126.144111633301,73.6938858032227,1.76114535331726,4.96613836288452,0.32648104429245,-0.0680225342512131,70
738505.47078329371288418770,73.2769775390625,1.62248706817627,6.86006450653076,-0.0373259149491787,-0.00392156839370728,42.4930114746094,-71.5346374511719,1134.83435058594,1014.32861328125,-0.306848883628845,2.04767274856567,124.220596313477,73.6152725219727,1.73096251487732,1.62922775745392,0.340622186660767,-0.0667276829481125,70
738505.47078555007465183735,73.2155685424805,1.19377017021179,6.88521242141724,-0.0373259149491787,-0.00392156839370728,42.4930000305176,-71.5344696044922,1135.0078125,1013.20098876953,-0.484324991703033,2.15560865402222,122.929832458496,73.5482940673828,1.64810562133789,2.06698894500732,0.351655542850494,-0.0656781122088432,70
738505.47078781842719763517,73.1046447753906,0.812798976898193,6.83432626724243,-0.0373259149491787,-0.00392156839370728,42.4929885864258,-71.534294128418,1135.0986328125,1012.4462890625,1.41827034950256,2.04074716567993,122.20556640625,73.4279098510742,1.50347137451172,4.76831245422363,0.362138271331787,-0.0646157488226891,70
738505.47079022042453289032,72.9476547241211,0.683596193790436,6.87899017333984,-0.0373259149491787,-0.00392156839370728,42.492977142334,-71.5341033935547,1135.14453125,1011.79376220703,1.77671849727631,1.84809672832489,121.860816955566,73.2744674682617,1.29731273651123,4.02743434906006,0.372433513402939,-0.0634882971644402,70
738505.47079253592528402805,72.8531265258789,0.544421255588531,7.0623607635498,-0.0373259149491787,-0.00392156839370728,42.4929656982422,-71.5339279174805,1135.17236328125,1011.14770507812,-0.808715760707855,1.71077847480774,121.525436401367,73.196662902832,1.08229410648346,-0.818284094333649,0.381938993930817,-0.0624013617634773,70
738505.47079486539587378502,72.7649459838867,-0.541756749153137,7.14237403869629,-0.0373259149491787,-0.00392156839370728,42.4929542541504,-71.5337448120117,1135.05993652344,1010.35925292969,-1.14959406852722,1.51273632049561,121.236404418945,73.1166458129883,0.848317384719849,-2.57264065742493,0.390957087278366,-0.061313409358263,70
738505.47079721337649971247,72.6480865478516,-0.344549506902695,7.10350704193115,-0.0373259149491787,-0.00392156839370728,42.4929428100586,-71.5335693359375,1134.8564453125,1010.13879394531,-1.63213264942169,1.13316833972931,121.40251159668,72.995361328125,0.542127430438995,-0.495359867811203,0.398807436227798,-0.0602419041097164,70
738505.47079953236971050501,72.6477813720703,-1.29973804950714,7.23730278015137,-0.0373259149491787,-0.00392156839370728,42.4929275512695,-71.5333938598633,1134.61108398438,1010.11956787109,-3.98840880393982,0.912575840950012,121.553329467773,73.0189590454102,0.236599132418633,-4.46493434906006,0.405907362699509,-0.0592083483934402,70
738505.47080178628675639629,72.5679092407227,-1.84305095672607,7.21022081375122,-0.0373259149491787,-0.00392156839370728,42.4929161071777,-71.5332183837891,1134.17663574219,1009.90563964844,-2.85933136940002,0.645832896232605,121.518264770508,72.9485168457031,-0.116511717438698,-2.85313606262207,0.411657333374023,-0.0582260116934776,70
738505.47080395137891173363,72.5568237304688,-1.92295229434967,7.10767650604248,-0.0373259149491787,-0.00392156839370728,42.4929046630859,-71.5330505371094,1133.74047851562,1009.68511962891,-5.28186464309692,0.258916229009628,121.794639587402,72.9294815063477,-0.501632809638977,-0.430107891559601,0.416283696889877,-0.0572824291884899,70
738505.47080620669294148684,72.5578002929688,-2.49853157997131,7.08574724197388,-0.0373259149491787,-0.00392156839370728,42.4928932189941,-71.5328826904297,1133.20837402344,1009.36846923828,-5.44686269760132,-0.00522134965285659,122.482597351074,72.9457702636719,-0.887702822685242,-0.824388206005096,0.420223772525787,-0.0563408993184566,70
738505.47080841776914894581,72.5547714233398,-2.80891799926758,7.1054539680481,-0.0373259149491787,-0.00392156839370728,42.4928817749023,-71.5327072143555,1132.58459472656,1008.9482421875,-4.15471696853638,-0.193932011723518,123.352973937988,72.9559631347656,-1.29573500156403,-2.03508687019348,0.423368543386459,-0.0553780905902386,70
738505.47081063152290880680,72.5665588378906,-2.91217589378357,7.1116795539856,-0.0373259149491787,-0.00392156839370728,42.4928703308105,-71.5325393676758,1131.95227050781,1008.43493652344,-3.47348666191101,-0.352319329977036,124.051414489746,72.9723434448242,-1.67919492721558,-2.59752440452576,0.425684481859207,-0.0544658228754997,70
738505.47081287123728543520,72.6025924682617,-2.89224863052368,7.02880859375,-0.0373259149491787,-0.00392156839370728,42.4928588867188,-71.5323715209961,1131.2861328125,1007.89288330078,-4.31316709518433,-0.533173263072968,124.46955871582,72.9993515014648,-2.04670834541321,-0.907063245773315,0.427676796913147,-0.0535180941224098,70
738505.47081509139388799667,72.665657043457,-2.94565343856812,6.8845534324646,-0.0373259149491787,-0.00392156839370728,42.492847442627,-71.5322036743164,1130.64929199219,1007.37274169922,-5.16119909286499,-0.604357540607452,124.660339355469,73.0504760742188,-2.34484696388245,1.88679265975952,0.429394900798798,-0.0526227429509163,70
738505.47081745718605816364,72.6887588500977,-3.10698437690735,6.82482719421387,-0.0373259149491787,-0.00392156839370728,42.4928359985352,-71.5320205688477,1129.92370605469,1006.77319335938,-3.83846497535706,-0.530990600585938,124.964721679688,73.0745315551758,-2.61933851242065,1.79657936096191,0.431095868349075,-0.0516268573701382,70
738505.47081973566673696041,72.6613540649414,-2.97995781898499,6.87563800811768,-0.0373259149491787,-0.00392156839370728,42.4928245544434,-71.5318450927734,1129.21484375,1006.18756103516,-2.60284209251404,-0.531582951545715,125.541732788086,73.046745300293,-2.84473085403442,-1.00201141834259,0.432555943727493,-0.0506440661847591,70
738505.47082204429898411036,72.6588973999023,-2.75620818138123,6.90666341781616,-0.0373259149491787,-0.00392156839370728,42.4928131103516,-71.5316696166992,1128.55554199219,1005.65045166016,-3.30531930923462,-0.646202802658081,126.215713500977,73.038444519043,-3.01072883605957,-2.78600764274597,0.434057146310806,-0.049665555357933,70
738505.47082438040524721146,72.709831237793,-2.79728031158447,6.81013488769531,-0.0373259149491787,-0.00392156839370728,42.4928016662598,-71.5314865112305,1127.89123535156,1005.45324707031,-3.92459058761597,-0.84514194726944,126.652084350586,73.0816116333008,-3.11617159843445,-0.93808501958847,0.435873508453369,-0.0486391000449657,70
738505.47082666598726063967,72.7157974243164,-2.95060992240906,6.68261671066284,-0.0373259149491787,-0.00392156839370728,42.492790222168,-71.5313110351562,1127.21887207031,1005.53430175781,-2.68381094932556,-1.06141400337219,126.667709350586,73.0818099975586,-3.18305468559265,1.27599036693573,0.43768522143364,-0.0476378202438354,70
738505.47082906356081366539,72.6593704223633,-2.62856531143188,6.70751237869263,-0.0373259149491787,-0.00392156839370728,42.4927787780762,-71.531135559082,1126.54113769531,1005.630859375,-2.7343487739563,-1.11539721488953,126.65274810791,73.0156402587891,-3.23880696296692,-1.6453982591629,0.439463257789612,-0.0465903654694557,70
738505.47083150222897529602,72.6631088256836,-2.50143265724182,6.74926042556763,-0.0373259149491787,-0.00392156839370728,42.4927673339844,-71.5309524536133,1125.92529296875,1005.79663085938,-3.86986041069031,-1.01364147663116,127.112976074219,73.0187454223633,-3.25010323524475,-4.04066944122314,0.441562712192535,-0.0455154664814472,70
738505.47083396220114082098,72.645149230957,-2.51655673980713,6.58479070663452,-0.0373259149491787,-0.00392156839370728,42.4927558898926,-71.53076171875,1125.25830078125,1005.79260253906,-2.05439209938049,-0.97976142168045,127.7138671875,72.9863739013672,-3.22523975372314,-0.023047786206007,0.444091588258743,-0.0443517528474331,70
738505.47083643358200788498,72.6209945678711,-2.23177218437195,6.51227998733521,-0.0373259149491787,-0.00392156839370728,42.4927444458008,-71.5305709838867,1124.65441894531,1005.32580566406,-2.97872304916382,-0.905136823654175,127.835296630859,72.9465560913086,-3.18266010284424,-0.0528696402907372,0.446732342243195,-0.0432082936167717,70
738505.47083890053909271955,72.6145324707031,-2.3842785358429,6.5381178855896,-0.0373259149491787,-0.00392156839370728,42.492733001709,-71.5303802490234,1124.0625,1004.87115478516,-3.03983426094055,-0.648368358612061,127.830688476562,72.9472503662109,-3.11320781707764,-2.01999878883362,0.449714988470078,-0.0420426875352859,70
738505.47084130218718200922,72.5540542602539,-2.43175101280212,6.38538646697998,-0.0373259149491787,-0.00392156839370728,42.4927215576172,-71.5301971435547,1123.45764160156,1004.39996337891,-0.864595353603363,-0.487745493650436,127.919456481934,72.8750839233398,-3.05467414855957,1.98938834667206,0.452627867460251,-0.0408873148262501,70
738505.47084345004986971617,72.4879684448242,-2.31244874000549,6.25662088394165,-0.0373259149491787,-0.00392156839370728,42.4927101135254,-71.530029296875,1122.91333007812,1003.97845458984,-0.770255625247955,-0.462455421686172,127.743232727051,72.7942199707031,-3.01492643356323,4.29085826873779,0.45525461435318,-0.0398155078291893,70
738505.47084567253477871418,72.4831771850586,-2.36020016670227,6.27170610427856,-0.0373259149491787,-0.00392156839370728,42.4927024841309,-71.5298614501953,1122.380859375,1003.56866455078,-2.34890747070312,-0.478377461433411,127.039001464844,72.7922821044922,-2.97609710693359,1.80843913555145,0.45795750617981,-0.038707684725523,70
738505.47084803017787635326,72.4687881469727,-2.6659574508667,6.38642644882202,-0.0373259149491787,-0.00392156839370728,42.4926910400391,-71.5296859741211,1121.78308105469,1003.07122802734,-2.37187266349792,-0.486943274736404,125.854713439941,72.7984848022461,-2.94895553588867,-2.50476789474487,0.460718631744385,-0.0375302135944366,70
738505.47085022600367665291,72.378044128418,-2.7178316116333,6.45402717590332,-0.0373259149491787,-0.00392156839370728,42.4926795959473,-71.5295104980469,1121.14733886719,1002.43145751953,-1.72915899753571,-0.548105537891388,124.72526550293,72.7160339355469,-2.95882558822632,-4.37706708908081,0.463154345750809,-0.0363426506519318,70
738505.47085266502108424902,72.3077850341797,-2.32167506217957,6.31748962402344,-0.0373259149491787,-0.00392156839370728,42.4926719665527,-71.5293350219727,1120.54443359375,1001.82446289062,-4.11879873275757,-0.82271945476532,124.07950592041,72.620361328125,-2.9827299118042,-1.42167246341705,0.465532153844833,-0.035102978348732,70
738505.47085519263055175543,72.31298828125,-2.86489534378052,6.22895860671997,-0.0373259149491787,-0.00392156839370728,42.4926605224609,-71.5291442871094,1119.86584472656,1000.34674072266,-4.54867219924927,-1.10137963294983,123.62158203125,72.6372909545898,-2.98783254623413,-0.605078935623169,0.468306481838226,-0.0337468385696411,70
738505.47085753688588738441,72.3136291503906,-2.70537757873535,6.2188024520874,-0.0373259149491787,-0.00392156839370728,42.4926490783691,-71.5289611816406,1119.1962890625,997.85302734375,-4.41168832778931,-1.2474627494812,122.97582244873,72.6309356689453,-3.02385759353638,-2.00880599021912,0.470491796731949,-0.0324991717934608,70
738505.47085998207330703735,72.3166427612305,-2.83533596992493,6.0023946762085,-0.0373259149491787,-0.00392156839370728,42.4926376342773,-71.5287780761719,1118.51354980469,995.243469238281,-6.11319160461426,-1.5657012462616,122.501884460449,72.6206893920898,-3.0649471282959,1.99155044555664,0.47272390127182,-0.0311603378504515,70
738505.47086238465271890163,72.3077850341797,-2.96699404716492,5.84920024871826,-0.0373259149491787,-0.00392156839370728,42.4926261901855,-71.5285949707031,1117.78991699219,992.626708984375,-4.36834478378296,-1.95607829093933,122.599586486816,72.6046295166016,-3.1157865524292,3.37661123275757,0.474733412265778,-0.0298121348023415,70
738505.47086470806971192360,72.3257369995117,-2.76619482040405,5.83387088775635,-0.0373259149491787,-0.00392156839370728,42.492618560791,-71.5284118652344,1117.10266113281,990.080505371094,-5.09851503372192,-2.1705584526062,122.830093383789,72.6133499145508,-3.17354702949524,0.331308662891388,0.476529806852341,-0.0284564942121506,70
738505.47086700645741075277,72.3940277099609,-2.87376642227173,5.72573137283325,-0.0373259149491787,-0.00392156839370728,42.4926071166992,-71.5282363891602,1116.45739746094,987.655151367188,-6.63706398010254,-2.32684516906738,122.842628479004,72.6769409179688,-3.2098114490509,0.926130473613739,0.478352159261703,-0.0271266438066959,70
738505.47086930833756923676,72.4154281616211,-3.14697527885437,5.52059268951416,-0.0373259149491787,-0.00392156839370728,42.4925994873047,-71.5280609130859,1115.76770019531,985.199829101562,-5.4729380607605,-2.2559278011322,122.78800201416,72.6937026977539,-3.24630117416382,4.49966812133789,0.48007071018219,-0.0257745236158371,70
738505.47087173222098499537,72.4153823852539,-3.03137350082397,5.41955900192261,-0.0373259149491787,-0.00392156839370728,42.4925880432129,-71.5278854370117,1115.02563476562,982.600280761719,-4.6496696472168,-1.34941124916077,122.977890014648,72.6811447143555,-3.30514001846313,4.1733922958374,0.481578797101974,-0.0243110153824091,70
738505.47087405051570385695,72.4778518676758,-2.88460993766785,5.48809671401978,-0.0373259149491787,-0.00392156839370728,42.4925804138184,-71.5276947021484,1114.30908203125,979.988037109375,-6.03759670257568,-0.37098103761673,123.41284942627,72.7425537109375,-3.35525512695312,0.298051416873932,0.483112007379532,-0.0227758418768644,70
738505.47087641013786196709,72.5323333740234,-3.27279162406921,5.53918790817261,-0.0373259149491787,-0.00392156839370728,42.4925689697266,-71.5275192260742,1113.58715820312,977.485717773438,-5.23403596878052,-0.138383060693741,123.652976989746,72.8171234130859,-3.38740468025208,-1.0862785577774,0.484657287597656,-0.0212610922753811,70
738505.47087874647695571184,72.5403060913086,-3.05086755752563,5.48475360870361,-0.0373259149491787,-0.00392156839370728,42.492561340332,-71.52734375,1112.85168457031,975.654907226562,-4.71068572998047,-0.152497470378876,123.634170532227,72.8113098144531,-3.43618988990784,0.458415538072586,0.485926538705826,-0.0197199415415525,70
738505.47088109690230339766,72.5679397583008,-3.01265001296997,5.60772848129272,-0.0373259149491787,-0.00392156839370728,42.4925537109375,-71.5271606445312,1112.14245605469,975.290283203125,-5.8984112739563,0.396693259477615,123.888954162598,72.8466110229492,-3.47101259231567,-3.40002465248108,0.487298220396042,-0.0181172378361225,70
738505.47088355955202132463,72.5960845947266,-3.12239027023315,5.68689203262329,-0.0373259149491787,-0.00392156839370728,42.4925422668457,-71.5269775390625,1111.37805175781,975.124389648438,-4.12404203414917,1.13762438297272,124.443618774414,72.8853988647461,-3.49412226676941,-4.22306966781616,0.488776117563248,-0.0164350681006908,70
738505.47088587435428053141,72.623176574707,-2.94165372848511,5.61861991882324,-0.0373259149491787,-0.00392156839370728,42.4925346374512,-71.5267944335938,1110.66760253906,974.988220214844,-5.03770542144775,1.76642000675201,124.602584838867,72.8995742797852,-3.51282477378845,-0.900955677032471,0.490170210599899,-0.0148115493357182,70
738505.47088822664227336645,72.7041320800781,-3.07527875900269,5.60017013549805,-0.0373259149491787,-0.00392156839370728,42.4925231933594,-71.5266189575195,1109.9677734375,974.849792480469,-6.30722332000732,2.26363372802734,124.372268676758,72.9843139648438,-3.51721382141113,0.295254707336426,0.491638958454132,-0.013221949338913,70
738505.47089049534406512976,72.7967147827148,-3.21202850341797,5.62588930130005,-0.0373259149491787,-0.00392156839370728,42.4925155639648,-71.5264434814453,1109.25610351562,974.69140625,-6.72292041778564,2.66710042953491,123.961959838867,73.0843963623047,-3.52576565742493,0.53134161233902,0.493019610643387,-0.0116432132199407,70
738505.47089272295124828815,72.8526306152344,-3.40902352333069,5.71210384368896,-0.0373259149491787,-0.00392156839370728,42.492504119873,-71.5262756347656,1108.50805664062,974.4990234375,-5.99916410446167,3.07420921325684,123.632415771484,73.1556930541992,-3.55095791816711,-0.323734730482101,0.494213819503784,-0.010051166638732,70
738505.47089506033807992935,72.8585510253906,-3.55761981010437,5.83232593536377,-0.0373259149491787,-0.00392156839370728,42.4924964904785,-71.5261001586914,1107.72937011719,974.273498535156,-4.73137998580933,3.5653555393219,123.584632873535,73.1781463623047,-3.60093903541565,-1.13042843341827,0.495103389024734,-0.0084656085819006,70
738505.47089760890230536461,72.8526611328125,-3.45217895507812,5.94741010665894,-0.0373259149491787,-0.00392156839370728,42.4924850463867,-71.5259017944336,1106.83703613281,974.007934570312,-4.62337255477905,4.06794834136963,123.889083862305,73.1764907836914,-3.68094825744629,-0.302126467227936,0.495778560638428,-0.00665644090622663,70
738505.47089995618443936110,72.9299926757812,-3.37341284751892,6.01041412353516,-0.0373259149491787,-0.00392156839370728,42.4924736022949,-71.5257186889648,1106.05114746094,974.0966796875,-6.83920240402222,4.51538372039795,124.267288208008,73.2549591064453,-3.74162030220032,1.44940388202667,0.496423840522766,-0.00499590812250972,70
738505.47090238670352846384,72.9978637695312,-3.68648529052734,6.15751266479492,-0.0373259149491787,-0.00392156839370728,42.4924659729004,-71.5255355834961,1105.21447753906,975.501281738281,-6.06931972503662,5.1001124382019,124.443290710449,73.3498001098633,-3.78844904899597,0.454808086156845,0.497101366519928,-0.00333435670472682,70
738505.47090477892197668552,73.0180816650391,-3.6279468536377,6.43895387649536,-0.0373259149491787,-0.00392156839370728,42.4924545288086,-71.5253524780273,1104.32958984375,976.911315917969,-5.06623315811157,5.92380857467651,124.534576416016,73.3911590576172,-3.85354351997375,-1.81429982185364,0.497495323419571,-0.00165923987515271,70
738505.47090708976611495018,73.0500030517578,-3.49082493782043,6.60053873062134,-0.0373259149491787,-0.00392156839370728,42.4924430847168,-71.5251693725586,1103.517578125,978.293212890625,-5.82868385314941,6.69953632354736,124.936210632324,73.4306182861328,-3.90938401222229,0.370417058467865,0.497820496559143,-9.42641781875864e-05,70
738505.47090940200723707676,73.0752868652344,-3.57529807090759,6.70491647720337,-0.0373259149491787,-0.00392156839370728,42.492431640625,-71.5249938964844,1102.71801757812,979.640869140625,-4.69033098220825,7.33872699737549,125.559295654297,73.4692916870117,-3.94525408744812,3.46386361122131,0.498228549957275,0.00139966933056712,70
738505.47091164987068623304,73.0882110595703,-3.52810430526733,6.99953746795654,-0.0373259149491787,-0.00392156839370728,42.4924201965332,-71.5248184204102,1101.93078613281,980.979858398438,-4.04905319213867,8.09085464477539,125.952583312988,73.5073318481445,-3.97249436378479,1.79458725452423,0.498632520437241,0.00283943815156817,70
738505.47091390180867165327,73.1178970336914,-3.43487596511841,7.38940715789795,-0.0373259149491787,-0.00392156839370728,42.4924087524414,-71.5246505737305,1101.17004394531,982.310363769531,-5.26884937286377,8.9655237197876,125.938056945801,73.5705718994141,-3.9880154132843,-1.27367508411407,0.499084949493408,0.00421067327260971,70
738505.47091604734305292368,73.1692352294922,-3.54494023323059,7.68766593933105,-0.0373259149491787,-0.00392156839370728,42.4923973083496,-71.5244750976562,1100.40795898438,983.647583007812,-6.25327682495117,9.54107666015625,125.804573059082,73.6573333740234,-3.99072265625,-1.25907695293427,0.499634921550751,0.00552750146016479,70
738505.47091822640504688025,73.1699371337891,-3.693852186203,7.88611841201782,-0.0373259149491787,-0.00392156839370728,42.4923858642578,-71.5243148803711,1099.66882324219,984.8642578125,-4.88544416427612,9.61132621765137,125.903030395508,73.6863327026367,-3.9974250793457,1.14810490608215,0.500085175037384,0.00668641459196806,70
738505.47092041303403675556,73.1498413085938,-3.57684063911438,8.17413997650146,-0.0373259149491787,-0.00392156839370728,42.4923706054688,-71.5241470336914,1098.86145019531,986.187255859375,-3.84507822990417,9.54499053955078,126.266410827637,73.6919937133789,-4.01812362670898,2.48437833786011,0.50041663646698,0.00787696056067944,70
738505.47092260443605482578,73.2028121948242,-3.31288838386536,8.6231107711792,-0.0373259149491787,-0.00392156839370728,42.492359161377,-71.5239715576172,1098.12292480469,984.762512207031,-5.96415519714355,9.4356517791748,126.525177001953,73.7833633422852,-4.02754306793213,-0.715782225131989,0.500832617282867,0.00895256176590919,70
738505.47092494193930178881,73.1702041625977,-4.18978357315063,8.81787490844727,-0.0373259149491787,-0.00392156839370728,42.4923439025879,-71.523796081543,1097.28430175781,981.765441894531,-5.61498117446899,9.55855560302734,126.432563781738,73.8186187744141,-4.02553129196167,-0.977309167385101,0.501374781131744,0.00997228920459747,70
738505.47092741623055189848,73.1564178466797,-3.61735320091248,9.13932228088379,-0.0373259149491787,-0.00392156839370728,42.4923286437988,-71.5236129760742,1096.34765625,978.550048828125,-4.06464242935181,9.56588935852051,126.448112487793,73.8137817382812,-4.08426237106323,2.31284713745117,0.501274943351746,0.0109342793002725,70
738505.47092975676059722900,73.1879119873047,-3.8754563331604,9.53019428253174,-0.0373259149491787,-0.00392156839370728,42.4923095703125,-71.5234298706055,1095.51208496094,975.479736328125,-5.09793663024902,9.73635768890381,126.573661804199,73.907470703125,-4.12163543701172,-0.876721620559692,0.501327574253082,0.0117544531822205,70
738505.47093203058466315269,73.1758041381836,-3.89217400550842,9.82799434661865,-0.0373259149491787,-0.00392156839370728,42.4922943115234,-71.5232543945312,1094.60852050781,972.387756347656,-3.00720810890198,9.80409908294678,126.324653625488,73.9353561401367,-4.16381359100342,0.507262885570526,0.501242697238922,0.0124350171536207,70
738505.47093439963646233082,73.16796875,-3.62521886825562,10.1234006881714,-0.0373259149491787,-0.00392156839370728,42.4922752380371,-71.523063659668,1093.74633789062,969.257507324219,-4.28184127807617,9.78600692749023,125.98307800293,73.9538879394531,-4.20199346542358,2.49938178062439,0.501130342483521,0.0130129158496857,70
738505.47093674633651971817,73.1753768920898,-3.55499291419983,10.4510459899902,-0.0373259149491787,-0.00392156839370728,42.492259979248,-71.5228881835938,1092.93798828125,966.339782714844,-4.46622610092163,9.78826904296875,125.891105651855,74.0033645629883,-4.20657968521118,2.07972097396851,0.501293361186981,0.0134361842647195,70
738505.47093897231388837099,73.1519775390625,-3.57101082801819,10.8302726745605,-0.0373259149491787,-0.00392156839370728,42.4922409057617,-71.5227127075195,1092.13952636719,964.220703125,-3.66749548912048,9.84030818939209,126.049705505371,74.0355224609375,-4.19171571731567,0.316218674182892,0.501629829406738,0.0137260556221008,70
738505.47094121621921658516,73.1099472045898,-3.55701208114624,11.2166242599487,-0.0373259149491787,-0.00392156839370728,42.4922218322754,-71.5225448608398,1091.3515625,962.141174316406,-2.95142316818237,9.92623805999756,126.254150390625,74.0508575439453,-4.17079019546509,-0.931479036808014,0.502030074596405,0.0138886878266931,70
738505.47094343265052884817,73.0927658081055,-3.49748682975769,11.5070495605469,-0.0373259149491787,-0.00392156839370728,42.4922027587891,-71.5223770141602,1090.59655761719,960.388061523438,-3.5659384727478,9.95451831817627,126.232765197754,74.0756149291992,-4.14807748794556,0.55906343460083,0.502468883991241,0.01391919888556,70
738505.47094567515887320042,73.1084823608398,-3.61672830581665,11.6666841506958,-0.0373259149491787,-0.00392156839370728,42.4921836853027,-71.5222015380859,1089.80615234375,959.189453125,-4.65472602844238,9.81628322601318,125.853981018066,74.1218032836914,-4.12090110778809,4.39843940734863,0.503005743026733,0.0138146886602044,70
738505.47094803396612405777,73.0596923828125,-3.83934903144836,11.9146547317505,-0.0373259149491787,-0.00392156839370728,42.4921646118164,-71.5220184326172,1088.94470214844,957.911010742188,-3.69451475143433,9.6117057800293,125.444679260254,74.1243438720703,-4.10943746566772,4.59964370727539,0.503431677818298,0.0135684907436371,70
738505.47095024783629924059,72.960334777832,-3.64026474952698,12.3718233108521,-0.0373259149491787,-0.00392156839370728,42.4921455383301,-71.5218505859375,1088.14758300781,956.737731933594,-3.57133102416992,9.654052734375,125.54948425293,74.0913238525391,-4.12411737442017,0.750352442264557,0.503579020500183,0.013217861764133,70
738505.47095261944923549891,72.9231948852539,-3.58023643493652,12.7804069519043,-0.0373259149491787,-0.00392156839370728,42.4921188354492,-71.5216598510742,1087.29125976562,955.466613769531,-5.50020503997803,9.86237144470215,126.289749145508,74.1211776733398,-4.13211679458618,-0.491124242544174,0.503837704658508,0.0126755889505148,70
738505.47095481236465275288,72.9068832397461,-3.90579390525818,12.9658288955688,-0.0373259149491787,-0.00392156839370728,42.4920997619629,-71.5214996337891,1086.50061035156,954.314758300781,-5.16142416000366,10.0339393615723,127.071060180664,74.1537704467773,-4.13320398330688,1.72406089305878,0.504124820232391,0.0120621537789702,70
738505.47095706569962203503,72.8308334350586,-4.03164529800415,13.2692651748657,-0.0373259149491787,-0.00392156839370728,42.4920768737793,-71.5213241577148,1085.63049316406,953.076293945312,-4.37222623825073,10.3363380432129,127.688667297363,74.1394500732422,-4.16148138046265,1.62105321884155,0.504115760326385,0.0112894754856825,70
738505.47095925535541027784,72.7776336669922,-3.88903760910034,13.7331657409668,-0.0373259149491787,-0.00392156839370728,42.4920539855957,-71.5211563110352,1084.77770996094,951.989929199219,-6.47566890716553,10.8499736785889,128.335479736328,74.1640625,-4.20698213577271,-1.13350164890289,0.503883302211761,0.0103722168132663,70
738505.47096151812002062798,72.7338180541992,-4.34680366516113,13.9306650161743,-0.0373259149491787,-0.00392156839370728,42.4920310974121,-71.5209808349609,1083.89074707031,951.273071289062,-5.77748775482178,11.1895589828491,129.211044311523,74.1833267211914,-4.25454330444336,1.25074410438538,0.503554284572601,0.0093376450240612,70
738505.47096385352779179811,72.69091796875,-4.26673078536987,14.2520542144775,-0.0373259149491787,-0.00392156839370728,42.4920082092285,-71.5208053588867,1082.91845703125,950.486694335938,-5.83162021636963,11.491753578186,129.925476074219,74.1976776123047,-4.33715009689331,3.154625415802,0.502757549285889,0.00809374079108238,70
738505.47096608090214431286,72.6965713500977,-4.50326776504517,14.65855884552,-0.0373259149491787,-0.00392156839370728,42.4919815063477,-71.520637512207,1081.98474121094,950.109924316406,-7.80772304534912,11.9920120239258,130.196243286133,74.2963256835938,-4.42101192474365,0.505548179149628,0.501805007457733,0.00675754807889462,70
738505.47096828301437199116,72.6428680419922,-4.92975568771362,14.9671287536621,-0.0373259149491787,-0.00392156839370728,42.4919586181641,-71.5204620361328,1080.9716796875,949.808654785156,-6.41353416442871,12.4539375305176,130.449905395508,74.332389831543,-4.52339220046997,0.882412493228912,0.500493109226227,0.00528764352202415,70
738505.47097062272951006889,72.5404281616211,-5.09158372879028,15.1841440200806,-0.0373259149491787,-0.00392156839370728,42.4919319152832,-71.5202865600586,1079.8662109375,949.445617675781,-5.07208251953125,12.894681930542,130.882675170898,74.2872543334961,-4.67009925842285,5.55055618286133,0.498484343290329,0.00360821280628443,70
738505.47097297909203916788,72.5239715576172,-5.31124973297119,15.4481897354126,-0.0373259149491787,-0.00392156839370728,42.4919052124023,-71.5201110839844,1078.73913574219,949.063720703125,-5.63007783889771,13.2760171890259,131.039947509766,74.3409881591797,-4.83726596832275,7.86652994155884,0.495974212884903,0.00179364264477044,70
738505.47097445023246109486,72.5009918212891,-5.66706037521362,15.6960773468018,-0.0373259149491787,-0.00392156839370728,42.491886138916,-71.5199966430664,1077.97338867188,948.7802734375,-5.49854707717896,13.4944219589233,130.778884887695,74.3967514038086,-4.95374393463135,6.03008985519409,0.494096428155899,0.000547571806237102,70
738505.47097689541988074780,72.3703155517578,-6.12457942962646,16.2546710968018,-0.0373259149491787,-0.00392156839370728,42.4918556213379,-71.5197982788086,1076.54650878906,948.200622558594,-4.83557510375977,13.8735876083374,129.79313659668,74.4257125854492,-5.19721412658691,1.53917074203491,0.490027904510498,-0.00176256150007248,70
738505.47097933315671980381,72.2774353027344,-6.21756839752197,16.7172012329102,-0.0373259149491787,-0.00392156839370728,42.491828918457,-71.5196228027344,1075.1806640625,947.632141113281,-6.40680551528931,14.1784925460815,129.023666381836,74.4456253051758,-5.45786762237549,1.88282907009125,0.485371679067612,-0.00405043549835682,70
738505.47098175797145813704,72.2434310913086,-6.66232299804688,17.1174182891846,-0.0373259149491787,-0.00392156839370728,42.4917945861816,-71.5194396972656,1073.73291015625,947.010314941406,-7.06461048126221,14.3659944534302,128.884185791016,74.5419769287109,-5.72818851470947,1.68149316310883,0.480014562606812,-0.0065767583437264,70
738505.47098421084228903055,72.1855087280273,-6.88370084762573,17.7195281982422,-0.0373259149491787,-0.00392156839370728,42.4917640686035,-71.5192489624023,1072.17895507812,946.306091308594,-6.65867757797241,14.7067317962646,128.814895629883,74.646598815918,-6.01899242401123,-1.67429542541504,0.473784506320953,-0.00932671874761581,70
738505.47098652948625385761,72.1759033203125,-7.10250568389893,18.0969123840332,-0.0373259149491787,-0.00392156839370728,42.4917297363281,-71.5190734863281,1070.66528320312,945.619873046875,-8.34354782104492,15.0240774154663,128.627426147461,74.7482757568359,-6.29721879959106,0.747318685054779,0.467192381620407,-0.0121517898514867,70
738505.47098888852633535862,72.1248550415039,-7.47126579284668,18.4517250061035,-0.0373259149491787,-0.00392156839370728,42.49169921875,-71.5188903808594,1069.08166503906,944.868225097656,-7.46804809570312,15.1315660476685,128.892929077148,74.821662902832,-6.57061529159546,1.98884642124176,0.460050374269485,-0.0151614565402269,70
738505.47099127445835620165,72.0749893188477,-7.40093469619751,19.0405197143555,-0.0373259149491787,-0.00392156839370728,42.4916648864746,-71.5187149047852,1067.47253417969,944.104553222656,-7.87962007522583,15.4982585906982,129.565811157227,74.9140853881836,-6.84466457366943,0.52314031124115,0.452272772789001,-0.0183683652430773,70
738505.47099367936607450247,72.1167755126953,-7.70725250244141,19.4217185974121,-0.0373259149491787,-0.00392156839370728,42.4916305541992,-71.5185317993164,1065.80981445312,943.318786621094,-9.06990432739258,15.9347105026245,130.120742797852,75.0828475952148,-7.09526538848877,3.14587116241455,0.444008618593216,-0.0218554269522429,70
738505.47099604760296642780,72.1085510253906,-8.17884826660156,19.722900390625,-0.0373259149491787,-0.00392156839370728,42.4915962219238,-71.5183486938477,1064.07373046875,942.460510253906,-8.04279899597168,16.202709197998,130.282363891602,75.203254699707,-7.33599519729614,6.13677597045898,0.435292840003967,-0.0255160313099623,70
738505.47099847625941038132,71.9993896484375,-8.4315071105957,20.2501831054688,-0.0373259149491787,-0.00392156839370728,42.4915580749512,-71.5181655883789,1062.19299316406,940.85888671875,-7.72222757339478,16.7289047241211,130.208572387695,75.2666778564453,-7.60600519180298,4.86094951629639,0.425416439771652,-0.029538094997406,70
738505.47100083704572170973,71.9728393554688,-8.67121315002441,20.9007720947266,-0.0373259149491787,-0.00392156839370728,42.4915199279785,-71.5179824829102,1060.34631347656,940.521362304688,-9.69849491119385,17.4262371063232,130.055816650391,75.4461517333984,-7.87179374694824,1.40983021259308,0.415233552455902,-0.0335972495377064,70
738505.47100333136040717363,72.0010528564453,-9.37425422668457,21.3921012878418,-0.0373259149491787,-0.00392156839370728,42.4914817810059,-71.5177993774414,1058.3095703125,940.166870117188,-9.48861694335938,15.8224668502808,129.548858642578,75.694450378418,-8.15899562835693,0.238552048802376,0.403863608837128,-0.0380702577531338,70
738505.47100575140211731195,72.0159912109375,-9.84495162963867,21.7457580566406,-0.0373259149491787,-0.00392156839370728,42.4914398193359,-71.5176162719727,1056.19799804688,939.686584472656,-7.35281944274902,10.8424272537231,128.447738647461,75.8689956665039,-8.48598957061768,2.00424003601074,0.391645818948746,-0.0426151566207409,70
738505.47100826434325426817,72.0504150390625,-9.84381008148193,22.1763210296631,-0.0373259149491787,-0.00392156839370728,42.491397857666,-71.5174179077148,1053.93835449219,939.160339355469,-8.77384662628174,5.08182334899902,127.128189086914,76.025993347168,-8.86108016967773,-0.691733241081238,0.377594918012619,-0.0477073490619659,70
738505.47101082699373364449,72.0931625366211,-10.1264200210571,22.414363861084,-0.0373259149491787,-0.00392156839370728,42.4913558959961,-71.5172271728516,1051.66564941406,938.598937988281,-8.03929901123047,2.23290538787842,126.515289306641,76.1733093261719,-9.20639801025391,-2.9716112613678,0.363155841827393,-0.0529601648449898,70
738505.47101347881834954023,72.2053146362305,-9.869797706604,22.4024925231934,-0.0373259149491787,-0.00392156839370728,42.4913101196289,-71.5170288085938,1049.25671386719,938.003540039062,-7.80802774429321,1.868572473526,126.649642944336,76.2423248291016,-9.53810214996338,0.693027198314667,0.347326397895813,-0.0587865076959133,70
738505.47101606789510697126,72.3532867431641,-9.84536838531494,22.3761825561523,-0.0373259149491787,-0.00392156839370728,42.491268157959,-71.5168380737305,1046.99523925781,937.485717773438,-9.41710948944092,1.36965000629425,127.137619018555,76.3716049194336,-9.77386951446533,2.47542262077332,0.332206845283508,-0.0645788237452507,70
738505.47101855953224003315,72.4133911132812,-9.80151557922363,22.4990119934082,-0.0373259149491787,-0.00392156839370728,42.4912261962891,-71.5166473388672,1044.74890136719,936.959655761719,-7.87874841690063,0.182182610034943,127.974731445312,76.4589767456055,-9.93998146057129,-0.361949026584625,0.317372977733612,-0.0704457238316536,70
738505.47102124348748475313,72.5446853637695,-9.12459659576416,22.4600868225098,-0.0373259149491787,-0.00392156839370728,42.4911804199219,-71.5164337158203,1042.42053222656,936.49462890625,-8.67499732971191,-0.510030686855316,129.505844116211,76.4882049560547,-10.0450553894043,1.04391849040985,0.301584839820862,-0.0769998505711555,70
738505.47102376830298453569,72.7499313354492,-8.84878158569336,22.3727264404297,-0.0373259149491787,-0.00392156839370728,42.4911346435547,-71.516242980957,1040.3369140625,936.174865722656,-9.64856719970703,-0.920380234718323,131.214111328125,76.6250152587891,-10.0256576538086,2.60911011695862,0.28763136267662,-0.0832788422703743,70
738505.47102626436389982700,72.8799591064453,-8.61602306365967,22.4385738372803,-0.0373259149491787,-0.00392156839370728,42.4910926818848,-71.5160446166992,1038.31787109375,935.898376464844,-8.56662273406982,-1.13170099258423,132.481628417969,76.7412109375,-9.92596340179443,-0.39036351442337,0.27465358376503,-0.0895659029483795,70
738505.47102871874812990427,73.0197219848633,-8.16195583343506,22.5000877380371,-0.0373259149491787,-0.00392156839370728,42.4910507202148,-71.5158615112305,1036.4501953125,935.718627929688,-9.451096534729,-1.02077841758728,133.353134155273,76.8423843383789,-9.77730655670166,-2.33944797515869,0.262783318758011,-0.0957074388861656,70
738505.47103114367928355932,73.1699981689453,-8.09136962890625,22.4939136505127,-0.0373259149491787,-0.00392156839370728,42.4910087585449,-71.5156707763672,1034.66943359375,935.600524902344,-9.2962703704834,-0.860687613487244,134.128128051758,76.9759368896484,-9.58185577392578,-1.7498824596405,0.251898288726807,-0.101812370121479,70
738505.47103351564146578312,73.2860870361328,-8.0538215637207,22.4813632965088,-0.0373259149491787,-0.00392156839370728,42.490966796875,-71.5154876708984,1032.8642578125,935.483276367188,-7.24160432815552,-0.814821720123291,134.503143310547,77.0787048339844,-9.37545013427734,-1.22573804855347,0.241324111819267,-0.108055785298347,70
738505.47103596210945397615,73.3907470703125,-7.78655242919922,22.4911231994629,-0.0373259149491787,-0.00392156839370728,42.4909248352051,-71.5152969360352,1031.09851074219,933.644592285156,-7.77342653274536,-0.782774388790131,134.145553588867,77.1536331176758,-9.18092060089111,-1.66689479351044,0.231045544147491,-0.114348575472832,70
738505.47103830869309604168,73.4874649047852,-7.75594472885132,22.4003295898438,-0.0373259149491787,-0.00392156839370728,42.4908866882324,-71.5151138305664,1029.40625,931.619873046875,-8.29426765441895,-0.963892459869385,133.589965820312,77.2161712646484,-8.99376583099365,0.467115700244904,0.221417099237442,-0.120507478713989,70
738505.47104071837384253740,73.5553359985352,-7.45882177352905,22.2997074127197,-0.0373259149491787,-0.00392156839370728,42.4908447265625,-71.5149307250977,1027.77307128906,929.660949707031,-7.4008526802063,-1.37428748607635,133.584609985352,77.2223968505859,-8.82399272918701,1.59552681446075,0.21225406229496,-0.126551821827888,70
738505.47104304144158959389,73.6007385253906,-7.16696310043335,22.2738342285156,-0.0373259149491787,-0.00392156839370728,42.4908065795898,-71.5147476196289,1026.18322753906,927.740051269531,-7.39073038101196,-2.51268291473389,134.199249267578,77.2305450439453,-8.6462516784668,-0.210589110851288,0.203414291143417,-0.132719367742538,70
738505.47104541538283228874,73.6889495849609,-6.82861042022705,22.2521591186523,-0.0373259149491787,-0.00392156839370728,42.4907646179199,-71.5145721435547,1024.6865234375,925.918090820312,-7.89586973190308,-4.21285057067871,134.992218017578,77.2777481079102,-8.45408535003662,-2.79722189903259,0.195329278707504,-0.138781934976578,70
738505.47104796615894883871,73.8763580322266,-6.56775426864624,22.1512908935547,-0.0373259149491787,-0.00392156839370728,42.49072265625,-71.5143661499023,1023.08251953125,923.948852539062,-8.80826568603516,-5.55849361419678,135.472259521484,77.4049835205078,-8.21065711975098,-4.16135168075562,0.187072575092316,-0.145621299743652,70
738505.47105036419816315174,74.0449981689453,-6.63707208633423,21.9383792877197,-0.0373259149491787,-0.00392156839370728,42.4906806945801,-71.5141830444336,1021.63543701172,922.167907714844,-8.28569507598877,-5.9350962638855,135.195770263672,77.5113220214844,-7.98174524307251,-2.13367557525635,0.180145442485809,-0.151787668466568,70
738505.47105269285384565592,74.1484832763672,-6.62350511550903,21.607572555542,-0.0373259149491787,-0.00392156839370728,42.4906425476074,-71.5139923095703,1020.146484375,920.340148925781,-6.63897657394409,-6.01187086105347,134.392669677734,77.5161590576172,-7.78145980834961,1.65615856647491,0.173285469412804,-0.158044934272766,70
738505.47105502209160476923,74.23388671875,-6.24341678619385,21.3784198760986,-0.0373259149491787,-0.00392156839370728,42.4906044006348,-71.5138168334961,1018.81939697266,918.697387695312,-7.5339560508728,-6.02052593231201,133.866714477539,77.5028228759766,-7.62070178985596,0.794870018959045,0.167063236236572,-0.163821086287498,70
738505.47105745039880275726,74.3020782470703,-6.30758190155029,21.2795238494873,-0.0373259149491787,-0.00392156839370728,42.4905662536621,-71.5136337280273,1017.41320800781,916.949829101562,-6.75260353088379,-5.87357091903687,133.809753417969,77.5461349487305,-7.44435596466064,-1.93564343452454,0.160797655582428,-0.170059263706207,70
738505.47105998010374605656,74.3789825439453,-6.02743434906006,20.9713554382324,-0.0373259149491787,-0.00392156839370728,42.4905242919922,-71.513427734375,1015.919921875,915.090148925781,-5.66684007644653,-5.80838060379028,133.708633422852,77.5136184692383,-7.27507352828979,0.547661244869232,0.1543308198452,-0.176697954535484,70
738505.47106241108849644661,74.437614440918,-5.833580493927,20.7169361114502,-0.0373259149491787,-0.00392156839370728,42.4904861450195,-71.5132369995117,1014.57843017578,913.985961914062,-6.6357250213623,-5.80351972579956,133.579086303711,77.4866485595703,-7.11322736740112,0.879609882831573,0.148671507835388,-0.182860285043716,70
738505.47106480028014630079,74.4265441894531,-5.60763502120972,20.6045074462891,-0.0373259149491787,-0.00392156839370728,42.4904479980469,-71.513053894043,1013.29351806641,913.053100585938,-5.16346597671509,-5.7411060333252,133.888275146484,77.4293365478516,-6.95169973373413,-2.23520350456238,0.143578350543976,-0.188787668943405,70
738505.47106723475735634565,74.3778381347656,-5.19595527648926,20.5067863464355,-0.0373259149491787,-0.00392156839370728,42.4904098510742,-71.5128631591797,1012.04827880859,912.169616699219,-4.59738206863403,-5.69971132278442,134.692886352539,77.3278045654297,-6.77303838729858,-5.59225654602051,0.138848975300789,-0.194838345050812,70
738505.47106955607887357473,74.3837738037109,-4.67096948623657,20.2959594726562,-0.0373259149491787,-0.00392156839370728,42.4903755187988,-71.5126724243164,1010.94915771484,911.416931152344,-5.59833669662476,-5.73522520065308,135.610137939453,77.2443466186523,-6.56717681884766,-5.53546380996704,0.13507929444313,-0.20056726038456,70
738505.47107198042795062065,74.4921493530273,-4.27116394042969,19.954517364502,-0.0373259149491787,-0.00392156839370728,42.4903373718262,-71.5124893188477,1009.93737792969,910.753173828125,-7.15601634979248,-5.89628791809082,136.265762329102,77.236686706543,-6.30841302871704,-2.41156983375549,0.132275924086571,-0.206303104758263,70
738505.47107432689517736435,74.5963363647461,-4.18607091903687,19.5839214324951,-0.0373259149491787,-0.00392156839370728,42.4903030395508,-71.5122985839844,1008.96612548828,910.128112792969,-6.79998064041138,-6.1234335899353,136.433441162109,77.2377243041992,-6.01473999023438,1.29362177848816,0.130389526486397,-0.211985573172569,70
738505.47107667941600084305,74.6197204589844,-4.04059982299805,19.3320598602295,-0.0373259149491787,-0.00392156839370728,42.4902687072754,-71.5121154785156,1008.03662109375,909.532470703125,-5.317458152771,-5.95763111114502,136.273681640625,77.1891021728516,-5.73674297332764,1.23741865158081,0.129074096679688,-0.217414289712906,70
738505.47107899701222777367,74.6323699951172,-3.64037394523621,19.0975456237793,-0.0373259149491787,-0.00392156839370728,42.490234375,-71.5119323730469,1007.17388916016,909.00048828125,-5.37765312194824,-5.23637247085571,136.133361816406,77.1230163574219,-5.47307300567627,0.8856520652771,0.128222361207008,-0.222734570503235,70
738505.47108134895097464323,74.6673583984375,-3.48085284233093,18.8520660400391,-0.0373259149491787,-0.00392156839370728,42.4902000427246,-71.5117568969727,1006.36822509766,908.522155761719,-5.08086109161377,-2.77414798736572,136.049209594727,77.089111328125,-5.20822143554688,3.03122019767761,0.128005355596542,-0.227933242917061,70
738505.47108390775974839926,74.6176147460938,-3.45152902603149,18.7608013153076,-0.0373259149491787,-0.00392156839370728,42.4901657104492,-71.5115509033203,1005.46124267578,907.984008789062,-2.81654238700867,0.171894207596779,135.630523681641,77.017333984375,-4.92612552642822,2.97518372535706,0.128266364336014,-0.233743920922279,70
738505.47108619182836264372,74.5046310424805,-3.14444160461426,18.8806438446045,-0.0373259149491787,-0.00392156839370728,42.4901313781738,-71.5113677978516,1004.70483398438,907.554931640625,-3.01987361907959,0.85782915353775,134.985702514648,76.9240264892578,-4.70217800140381,-0.190891921520233,0.128835216164589,-0.23873496055603,70
738505.47108862199820578098,74.3976821899414,-3.12997579574585,18.9309215545654,-0.0373259149491787,-0.00392156839370728,42.4900970458984,-71.5111770629883,1003.9638671875,907.153198242188,-2.52981162071228,0.928551495075226,134.520370483398,76.8322296142578,-4.47628164291382,-0.304805487394333,0.129921495914459,-0.243834808468819,70
738505.47109107696451246738,74.2630386352539,-2.85259985923767,18.8043479919434,-0.0373259149491787,-0.00392156839370728,42.490062713623,-71.510986328125,1003.21026611328,906.748840332031,-0.730611979961395,0.809878706932068,134.232894897461,76.6598968505859,-4.26598882675171,3.91040897369385,0.13135290145874,-0.249040350317955,70
738505.47109352867119014263,74.1551818847656,-2.58879470825195,18.8635597229004,-0.0373259149491787,-0.00392156839370728,42.4900283813477,-71.5107879638672,1002.54663085938,906.430358886719,-2.58285713195801,0.84932267665863,133.588912963867,76.5606079101562,-4.06012916564941,1.84804284572601,0.133272334933281,-0.254134595394135,70
738505.47109647304750978947,74.0409469604492,-2.73927092552185,18.9296989440918,-0.0373259149491787,-0.00392156839370728,42.4899940490723,-71.510612487793,1001.90655517578,906.142028808594,-2.0721321105957,0.904674172401428,132.723587036133,76.4715576171875,-3.86785674095154,0.485325247049332,0.135531559586525,-0.258912861347198,70
738505.47109858784824609756,73.8512649536133,-2.16380214691162,18.9091892242432,-0.0373259149491787,-0.00392156839370728,42.4899520874023,-71.510383605957,1001.17297363281,905.972900390625,-2.23658728599548,0.902395486831665,132.257171630859,76.2643356323242,-3.66140937805176,1.82711458206177,0.138556584715843,-0.264862149953842,70
738505.47110110567882657051,73.7424468994141,-2.19173192977905,19.0562133789062,-0.0373259149491787,-0.00392156839370728,42.489917755127,-71.5101928710938,1000.60821533203,905.898620605469,-2.3952465057373,0.938168466091156,132.387802124023,76.1963958740234,-3.4674060344696,-1.86590111255646,0.141894429922104,-0.269884586334229,70
738505.47110323142260313034,73.5917816162109,-2.18595004081726,19.1854419708252,-0.0373259149491787,-0.00392156839370728,42.4898834228516,-71.5100250244141,1000.10400390625,905.817993164062,-0.467469811439514,0.895680546760559,132.365432739258,76.0829162597656,-3.30942058563232,-4.26006412506104,0.145024240016937,-0.274245470762253,70
738505.47110548533964902163,73.3900527954102,-1.74902713298798,19.1478652954102,-0.0373259149491787,-0.00392156839370728,42.4898529052734,-71.5098495483398,999.631469726562,905.786499023438,-1.01948523521423,0.71471118927002,132.333023071289,75.8669815063477,-3.15917730331421,-2.25774216651917,0.148471012711525,-0.278818398714066,70
738505.47110769862774759531,73.2642440795898,-1.55922079086304,19.073335647583,-0.0373259149491787,-0.00392156839370728,42.4898223876953,-71.5096817016602,999.240417480469,905.820251464844,-2.00701189041138,0.458329081535339,132.644989013672,75.7223358154297,-2.99796342849731,-0.365120708942413,0.152314141392708,-0.283237874507904,70
738505.47110983205493539572,73.1391677856445,-1.49070250988007,19.0683174133301,-0.0373259149491787,-0.00392156839370728,42.4897880554199,-71.5095138549805,998.867126464844,905.866027832031,-0.956288754940033,0.171999201178551,133.092910766602,75.5986785888672,-2.82858920097351,-0.731675446033478,0.15655143558979,-0.287620425224304,70
738505.47111192822922021151,73.0249404907227,-1.18398058414459,19.0078010559082,-0.0373259149491787,-0.00392156839370728,42.4897575378418,-71.5093536376953,998.528747558594,905.950073242188,-1.49250614643097,-0.0555411912500858,133.165069580078,75.4674758911133,-2.65866374969482,0.392731130123138,0.161158829927444,-0.292062699794769,70
738505.47111410845536738634,72.9729232788086,-1.22605895996094,18.854772567749,-0.0373259149491787,-0.00392156839370728,42.4897270202637,-71.5091781616211,998.21728515625,906.069519042969,-3.09105610847473,-0.318770498037338,132.733047485352,75.37939453125,-2.47678470611572,3.48921632766724,0.166329026222229,-0.29662099480629,70
738505.47111625422257930040,72.8771896362305,-1.38472759723663,18.8205261230469,-0.0373259149491787,-0.00392156839370728,42.4896965026855,-71.5090179443359,997.884826660156,906.147277832031,-1.92386424541473,-0.493788182735443,132.234146118164,75.2809066772461,-2.32155466079712,2.72123742103577,0.171416267752647,-0.300960123538971,70
738505.47111835924442857504,72.7562637329102,-1.20711946487427,18.8917388916016,-0.0373259149491787,-0.00392156839370728,42.4896659851074,-71.5088577270508,997.559326171875,906.23388671875,-1.8567533493042,-0.432214111089706,131.818161010742,75.1786499023438,-2.19932794570923,-0.518287062644958,0.176475808024406,-0.305330365896225,70
738505.47112040594220161438,72.711555480957,-1.30219507217407,18.9160900115967,-0.0373259149491787,-0.00392156839370728,42.4896354675293,-71.5086975097656,997.261779785156,906.333312988281,-3.18128824234009,-0.314195990562439,131.27751159668,75.1430892944336,-2.09661555290222,-1.37723791599274,0.181456953287125,-0.309531480073929,70
738505.47112257883418351412,72.6603698730469,-1.72417426109314,18.8640003204346,-0.0373259149491787,-0.00392156839370728,42.4896049499512,-71.5085296630859,996.884704589844,906.374938964844,-2.15052318572998,-0.289042532444,130.407135009766,75.0889663696289,-2.01906967163086,0.111135579645634,0.186621144413948,-0.313993066549301,70
738505.47112466127146035433,72.5233917236328,-1.72926652431488,18.9382762908936,-0.0373259149491787,-0.00392156839370728,42.489574432373,-71.5083694458008,996.484497070312,906.379638671875,-1.37690114974976,-0.237591296434402,129.554168701172,74.9752731323242,-1.99676322937012,-2.50394821166992,0.191204860806465,-0.318292796611786,70
738505.47112677083350718021,72.3663787841797,-1.53821659088135,19.0324974060059,-0.0373259149491787,-0.00392156839370728,42.4895439147949,-71.5082092285156,996.101196289062,906.403442382812,-2.4016284942627,-1.05868351459503,129.216186523438,74.843132019043,-2.00348997116089,-5.45169830322266,0.195593744516373,-0.322625339031219,70
738505.47112901287619024515,72.2662887573242,-1.33595085144043,18.997615814209,-0.0373259149491787,-0.00392156839370728,42.4895133972168,-71.5080413818359,995.739624023438,906.472717285156,-3.28514885902405,-2.53235125541687,129.68798828125,74.7335968017578,-2.00547647476196,-5.14792633056641,0.200350701808929,-0.327232420444489,70
738505.47113105596508830786,72.1929244995117,-1.27360665798187,18.7879085540771,-0.0373259149491787,-0.00392156839370728,42.4894828796387,-71.5078811645508,995.418884277344,906.557495117188,-2.44588136672974,-4.60868549346924,130.606948852539,74.6084823608398,-1.98755741119385,-1.84258091449738,0.205095008015633,-0.331579327583313,70
738505.47113326075486838818,72.1237030029297,-1.15872359275818,18.4442310333252,-0.0373259149491787,-0.00392156839370728,42.4894523620605,-71.5077209472656,995.109069824219,906.655639648438,-1.8022768497467,-6.77959823608398,131.419708251953,74.4537506103516,-1.95396757125854,1.93300664424896,0.210103839635849,-0.335998952388763,70
738505.47113540302962064743,72.0655212402344,-0.936958134174347,18.155782699585,-0.0373259149491787,-0.00392156839370728,42.4894256591797,-71.5075531005859,994.825500488281,906.782836914062,-3.10794353485107,-8.26985549926758,131.760940551758,74.3232803344727,-1.90385258197784,1.04650485515594,0.215419933199883,-0.340474218130112,70
738505.47113755589816719294,72.0003814697266,-1.12971341609955,17.9887714385986,-0.0373259149491787,-0.00392156839370728,42.4893951416016,-71.5073928833008,994.547485351562,906.916931152344,-3.68416452407837,-9.38435649871826,131.898941040039,74.2221450805664,-1.83525311946869,-1.95583438873291,0.221071600914001,-0.344959139823914,70
738505.47113966639153659344,71.9460296630859,-0.999842584133148,17.6059398651123,-0.0373259149491787,-0.00392156839370728,42.4893646240234,-71.5072326660156,994.257019042969,906.916687011719,-2.89829254150391,-9.77951908111572,132.186279296875,74.0756378173828,-1.77651190757751,-0.227215752005577,0.226643890142441,-0.34933340549469,70
738505.47114181984215974808,71.9493865966797,-0.806975066661835,17.2136421203613,-0.0373259149491787,-0.00392156839370728,42.4893379211426,-71.5070648193359,994.014831542969,906.890869140625,-4.6018123626709,-10.0761594772339,132.414443969727,73.9842910766602,-1.7167352437973,0.441545009613037,0.232295379042625,-0.353622525930405,70
738505.47114404744934290648,71.9509506225586,-1.1574399471283,17.0316352844238,-0.0373259149491787,-0.00392156839370728,42.4893074035645,-71.5068969726562,993.737243652344,906.836669921875,-4.71924591064453,-10.2554807662964,132.281112670898,73.9483337402344,-1.64892852306366,-2.48182892799377,0.238400131464005,-0.358054220676422,70
738505.47114618204068392515,71.9110946655273,-1.19737017154694,16.7587814331055,-0.0373259149491787,-0.00392156839370728,42.4892807006836,-71.5067367553711,993.423034667969,906.737060546875,-3.6557445526123,-10.2117986679077,131.943984985352,73.8477935791016,-1.6140011548996,-3.33912014961243,0.244098976254463,-0.362260192632675,70
738505.47114830696955323219,71.8965911865234,-0.96827244758606,16.3016510009766,-0.0373259149491787,-0.00392156839370728,42.4892539978027,-71.5065765380859,993.144470214844,906.668334960938,-5.13085985183716,-10.2789087295532,131.816467285156,73.7278823852539,-1.59794569015503,-0.769238471984863,0.249665960669518,-0.366379082202911,70
738505.47115038114134222269,71.909423828125,-1.28300356864929,16.0118751525879,-0.0373259149491787,-0.00392156839370728,42.4892272949219,-71.5064163208008,992.857421875,906.582092285156,-4.97558450698853,-10.4239177703857,131.890213012695,73.6816940307617,-1.58086347579956,-0.436875641345978,0.255180954933167,-0.370312333106995,70
738505.47115250187925994396,71.8867034912109,-1.35295486450195,15.756929397583,-0.0373259149491787,-0.00392156839370728,42.4892044067383,-71.5062561035156,992.523498535156,906.448669433594,-3.71306729316711,-10.4466581344604,131.766784667969,73.6057739257812,-1.58776617050171,-2.19143104553223,0.260526746511459,-0.374197363853455,70
738505.47115451830904930830,71.866340637207,-1.23126709461212,15.4112253189087,-0.0373259149491787,-0.00392156839370728,42.4891815185547,-71.506103515625,992.218200683594,906.333190917969,-4.79248332977295,-10.455418586731,131.513153076172,73.510498046875,-1.6101598739624,-1.84239757061005,0.265498638153076,-0.377826184034348,70
738505.47115661716088652611,71.8562393188477,-1.38624608516693,15.0212059020996,-0.0373259149491787,-0.00392156839370728,42.4891548156738,-71.5059432983398,991.900634765625,906.206420898438,-4.90810441970825,-10.5528964996338,131.459167480469,73.4225997924805,-1.63213527202606,0.703376233577728,0.270597159862518,-0.381452649831772,70
738505.47115874732844531536,71.8311233520508,-1.47134006023407,14.6993980407715,-0.0373259149491787,-0.00392156839370728,42.4891319274902,-71.5057907104492,991.554504394531,906.047912597656,-3.16405034065247,-10.6062135696411,131.604675292969,73.3344955444336,-1.66349506378174,0.628107368946075,0.275563627481461,-0.384977251291275,70
738505.47116088890470564365,71.7969055175781,-1.42226982116699,14.4503555297852,-0.0373259149491787,-0.00392156839370728,42.4891090393066,-71.5056228637695,991.200561523438,905.883605957031,-2.78756403923035,-10.5440492630005,131.537750244141,73.2504730224609,-1.70436465740204,-2.17051649093628,0.280506134033203,-0.388479202985764,70
738505.47116306179668754339,71.7777862548828,-1.56312108039856,14.169638633728,-0.0373259149491787,-0.00392156839370728,42.489086151123,-71.5054626464844,990.83837890625,905.710571289062,-3.39732551574707,-10.4518518447876,131.008651733398,73.1797332763672,-1.74372136592865,-2.53790664672852,0.285458236932755,-0.39189338684082,70
738505.47116521873977035284,71.7133026123047,-1.85181725025177,13.7883672714233,-0.0373259149491787,-0.00392156839370728,42.4890632629395,-71.5052947998047,990.42236328125,905.48193359375,-2.15731477737427,-10.4554624557495,130.285980224609,73.0503005981445,-1.79440307617188,0.54109114408493,0.290242940187454,-0.395209461450577,70
738505.47116734785959124565,71.5945739746094,-1.81266701221466,13.4149942398071,-0.0373259149491787,-0.00392156839370728,42.4890403747559,-71.5051345825195,989.997802734375,905.234313964844,-0.947799801826477,-10.4924001693726,129.838180541992,72.8630981445312,-1.86611258983612,1.19283020496368,0.294496119022369,-0.398275971412659,70
738505.47116945963352918625,71.4799423217773,-1.63570725917816,13.141170501709,-0.0373259149491787,-0.00392156839370728,42.4890213012695,-71.5049743652344,989.600769042969,905.011474609375,-1.56959176063538,-10.4664621353149,129.741592407227,72.6962738037109,-1.93777966499329,-1.75728619098663,0.29863503575325,-0.401228785514832,70
738505.47117186395917087793,71.3996887207031,-1.68268704414368,12.8359727859497,-0.0373259149491787,-0.00392156839370728,42.4889945983887,-71.5047912597656,989.142395019531,904.526184082031,-1.8151741027832,-10.4104604721069,129.713562011719,72.5638275146484,-1.99771797657013,-3.32247567176819,0.303606152534485,-0.404571801424026,70
738505.47117393917869776487,71.3193817138672,-1.77059817314148,12.4996213912964,-0.0373259149491787,-0.00392156839370728,42.4889755249023,-71.5046310424805,988.742370605469,903.790771484375,-1.33355975151062,-10.3826293945312,129.513320922852,72.4281005859375,-2.03613352775574,-2.00466179847717,0.307818412780762,-0.407218158245087,70
738505.47117604326922446489,71.2112808227539,-1.79162728786469,12.1136121749878,-0.0373259149491787,-0.00392156839370728,42.488956451416,-71.5044708251953,988.336181640625,903.051940917969,-1.05602705478668,-10.3856182098389,129.192169189453,72.256462097168,-2.07254958152771,-0.0194051843136549,0.311879754066467,-0.409714609384537,70
738505.47117819637060165405,71.0927124023438,-1.6475875377655,11.735631942749,-0.0373259149491787,-0.00392156839370728,42.4889373779297,-71.5043106079102,987.928100585938,902.296447753906,-1.88332235813141,-10.3535251617432,128.956893920898,72.0736694335938,-2.10620212554932,-0.0318504758179188,0.316040992736816,-0.412180423736572,70
738505.47118027717806398869,71.0069885253906,-1.51910269260406,11.4601707458496,-0.0373259149491787,-0.00392156839370728,42.4889183044434,-71.5041580200195,987.565856933594,901.60009765625,-2.82841634750366,-10.2384119033813,129.047241210938,71.9418869018555,-2.12098908424377,-2.1002094745636,0.320139706134796,-0.414404630661011,70
738505.47118252201471477747,70.8993377685547,-1.701944231987,11.2166748046875,-0.0373259149491787,-0.00392156839370728,42.488899230957,-71.5039825439453,987.169372558594,900.83544921875,-1.83166754245758,-10.058572769165,129.5078125,71.8013000488281,-2.11492609977722,-3.32736897468567,0.324830293655396,-0.416711390018463,70
738505.47118468303233385086,70.7430725097656,-1.66291904449463,10.8602476119995,-0.0373259149491787,-0.00392156839370728,42.488883972168,-71.5038223266602,986.766723632812,900.083068847656,0.0544703342020512,-10.0202541351318,129.884460449219,71.5911483764648,-2.11273145675659,-1.70046806335449,0.329194962978363,-0.418737471103668,70
738505.47118681250140070915,70.5555572509766,-1.45570075511932,10.463399887085,-0.0373259149491787,-0.00392156839370728,42.4888648986816,-71.503662109375,986.389770507812,899.349731445312,-0.947692215442657,-10.0714988708496,129.914138793945,71.3420562744141,-2.1098153591156,-0.821049094200134,0.333606392145157,-0.420653373003006,70
738505.47118903428781777620,70.3982772827148,-1.42970514297485,10.1853609085083,-0.0373259149491787,-0.00392156839370728,42.4888496398926,-71.5035018920898,986.033813476562,898.633544921875,-2.0711464881897,-10.1291389465332,129.813812255859,71.1456451416016,-2.08897042274475,-2.70733070373535,0.338242888450623,-0.422444760799408,70
738505.47119114245288074017,70.1975708007812,-1.34516108036041,9.93878746032715,-0.0373259149491787,-0.00392156839370728,42.4888305664062,-71.5033416748047,985.690673828125,897.939758300781,-1.10028219223022,-10.1627702713013,130.059280395508,70.9104232788086,-2.05868697166443,-4.63244485855103,0.342873752117157,-0.424048990011215,70
738505.47119324468076229095,69.9645614624023,-0.909535765647888,9.5558910369873,-0.0373259149491787,-0.00392156839370728,42.4888153076172,-71.5031890869141,985.398803710938,897.730529785156,-0.894187390804291,-10.2721757888794,130.827285766602,70.619987487793,-2.01418328285217,-4.2100977897644,0.347703695297241,-0.42552325129509,70
738505.47119532315991818905,69.8152084350586,-0.583978235721588,9.1061487197876,-0.0373259149491787,-0.00392156839370728,42.4888038635254,-71.5030364990234,985.204040527344,898.036376953125,-2.36084532737732,-10.4798431396484,131.714462280273,70.4089889526367,-1.93090760707855,-1.82051336765289,0.352848678827286,-0.426801353693008,70
738505.47119753621518611908,69.6374740600586,-0.71830016374588,8.79763984680176,-0.0373259149491787,-0.00392156839370728,42.4887886047363,-71.5028762817383,984.986999511719,898.352355957031,-0.949120342731476,-10.6215543746948,132.363235473633,70.1946792602539,-1.80541503429413,-1.95313942432404,0.358907043933868,-0.428038269281387,70
738505.47119973332155495882,69.3711853027344,-0.176376849412918,8.42555046081543,-0.0373259149491787,-0.00392156839370728,42.4887733459473,-71.5027160644531,984.816223144531,898.713806152344,-0.672295093536377,-10.7180862426758,132.882598876953,69.8812026977539,-1.67296314239502,-3.53230357170105,0.365272790193558,-0.429139524698257,70
738505.47120189468841999769,69.1627044677734,0.0624343976378441,7.96035385131836,-0.0373259149491787,-0.00392156839370728,42.4887619018555,-71.502555847168,984.734436035156,899.161071777344,-1.5626847743988,-10.8984127044678,133.564315795898,69.6193237304688,-1.50351905822754,-1.13595271110535,0.372338443994522,-0.430095076560974,70
738505.47120417049154639244,68.9443435668945,0.0759147554636002,7.52872562408447,-0.0373259149491787,-0.00392156839370728,42.4887466430664,-71.5023880004883,984.656005859375,899.619873046875,0.154635235667229,-10.8440237045288,134.121017456055,69.3542404174805,-1.30677664279938,0.706214904785156,0.380172103643417,-0.430917114019394,70
738505.47120629600249230862,68.6960754394531,0.504013478755951,7.24782180786133,-0.0373259149491787,-0.00392156839370728,42.4887351989746,-71.5022354125977,984.626770019531,900.092041015625,-0.163829982280731,-8.89653015136719,134.219863891602,69.0792007446289,-1.1230206489563,-2.56710243225098,0.387882471084595,-0.431537300348282,70
738505.47120850812643766403,68.475227355957,0.527021050453186,7.02166700363159,-0.0373259149491787,-0.00392156839370728,42.4887237548828,-71.5020751953125,984.651000976562,900.641540527344,-0.976480901241302,-4.11517906188965,134.209899902344,68.8363189697266,-0.912370800971985,-2.5182638168335,0.396600902080536,-0.43203067779541,70
738505.47121076181065291166,68.2268829345703,0.799119651317596,6.83654022216797,-0.0373259149491787,-0.00392156839370728,42.488712310791,-71.5019149780273,984.684326171875,901.194519042969,0.403522968292236,0.82497251033783,134.411651611328,68.5732040405273,-0.707964301109314,0.593823790550232,0.405656725168228,-0.432360202074051,70
738505.47121297905687242746,68.0422592163086,1.18922507762909,6.92088270187378,-0.0373259149491787,-0.00392156839370728,42.4887046813965,-71.5017547607422,984.801818847656,901.82373046875,-0.854492664337158,2.30353593826294,134.501434326172,68.4036636352539,-0.500775516033173,-0.561749219894409,0.415107101202011,-0.43253356218338,70
738505.47121531818993389606,67.8634567260742,0.985990822315216,7.03917455673218,-0.0373259149491787,-0.00392156839370728,42.4886894226074,-71.501594543457,984.925109863281,902.48291015625,-0.0931760892271996,2.11340975761414,134.201156616211,68.2346725463867,-0.274027705192566,-1.47909355163574,0.425601422786713,-0.432577520608902,70
738505.47121768165379762650,67.5752410888672,1.36071050167084,6.98634719848633,-0.0373259149491787,-0.00392156839370728,42.4886779785156,-71.5014190673828,985.076965332031,903.191467285156,0.530221939086914,1.61819362640381,133.870086669922,67.9490509033203,-0.0655399337410927,2.65720272064209,0.436751216650009,-0.432507872581482,70
738505.47121986898127943277,67.3660659790039,1.67325305938721,6.93111753463745,-0.0373259149491787,-0.00392156839370728,42.4886665344238,-71.5012588500977,985.288757324219,903.916137695312,-0.634597301483154,0.906252086162567,133.735382080078,67.7423629760742,0.127104118466377,4.59157419204712,0.447545528411865,-0.432357639074326,70
738505.47122204792685806751,67.2415008544922,1.86010122299194,6.94636106491089,-0.0373259149491787,-0.00392156839370728,42.488655090332,-71.501106262207,985.544738769531,904.671569824219,-1.59068179130554,0.594897091388702,133.56037902832,67.6249313354492,0.327953308820724,3.6906042098999,0.458664506673813,-0.432140439748764,70
738505.47122427262365818024,67.1445693969727,1.79048264026642,7.01933336257935,-0.0373259149491787,-0.00392156839370728,42.4886436462402,-71.5009536743164,985.815246582031,905.640197753906,-1.3411523103714,0.397707134485245,133.007293701172,67.5342178344727,0.535182118415833,1.57794058322906,0.470499813556671,-0.431868821382523,70
738505.47122641338501125574,67.037239074707,1.57028329372406,7.06398248672485,-0.0373259149491787,-0.00392156839370728,42.4886322021484,-71.5008010864258,986.042114257812,906.958557128906,-0.567724466323853,0.265759646892548,131.926361083984,67.4266815185547,0.706327259540558,0.791302442550659,0.481932252645493,-0.431572943925858,70
738505.47122864250559359789,66.9106826782227,1.35087418556213,7.04022455215454,-0.0373259149491787,-0.00392156839370728,42.4886207580566,-71.5006408691406,986.238525390625,907.450256347656,-1.15408706665039,0.136223182082176,130.276702880859,67.2936019897461,0.833071112632751,1.8061443567276,0.493712186813354,-0.431225895881653,70
738505.47123078163713216782,66.8280639648438,0.894585847854614,7.05118322372437,-0.0373259149491787,-0.00392156839370728,42.4886131286621,-71.5004959106445,986.363952636719,907.589050292969,-2.50507950782776,0.097106397151947,128.45703125,67.2049865722656,0.893290340900421,1.26557862758636,0.504710972309113,-0.430868744850159,70
738505.47123288840521126986,66.7402572631836,0.266973048448563,7.09992074966431,-0.0373259149491787,-0.00392156839370728,42.4886016845703,-71.5003433227539,986.391540527344,907.433898925781,-3.55021357536316,0.343628466129303,126.742370605469,67.1173706054688,0.875419437885284,-0.122091315686703,0.514812588691711,-0.430500775575638,70
738505.47123500553425401449,66.5982971191406,-0.642836630344391,7.18182849884033,-0.0373259149491787,-0.00392156839370728,42.4885902404785,-71.5001907348633,986.270935058594,906.816467285156,-3.63955187797546,0.778808832168579,125.308380126953,66.9874954223633,0.757324814796448,-1.74549007415771,0.523930728435516,-0.43011400103569,70
738505.47123720671515911818,66.457145690918,-1.55135774612427,7.24322938919067,-0.0373259149491787,-0.00392156839370728,42.4885787963867,-71.5000381469727,985.973388671875,906.013427734375,-3.9221408367157,1.22756266593933,124.176124572754,66.8687057495117,0.509884178638458,-2.14711928367615,0.5315762758255,-0.429710328578949,70
738505.47123928251676261425,66.3390121459961,-2.37267065048218,7.21836376190186,-0.0373259149491787,-0.00392156839370728,42.4885673522949,-71.4998931884766,985.532775878906,905.086975097656,-5.89614486694336,1.55271697044373,123.260124206543,66.7727432250977,0.153303205966949,-0.111876115202904,0.537157893180847,-0.429327219724655,70
738505.47124139836523681879,66.2584762573242,-3.42724800109863,7.14837741851807,-0.0373259149491787,-0.00392156839370728,42.4885559082031,-71.4997482299805,984.932250976562,904.00537109375,-8.60836505889893,1.62596809864044,122.417289733887,66.7310333251953,-0.301887184381485,2.43341755867004,0.540905952453613,-0.4289610683918,70
738505.47124351665843278170,66.178825378418,-4.8836088180542,7.2037091255188,-0.0373259149491787,-0.00392156839370728,42.4885444641113,-71.4996032714844,984.075378417969,902.660095214844,-8.81734848022461,1.73049819469452,121.629653930664,66.7486343383789,-0.878318727016449,0.813597977161407,0.542527914047241,-0.428584605455399,70
738505.47124572342727333307,66.1073608398438,-5.94909000396729,7.35968255996704,-0.0373259149491787,-0.00392156839370728,42.4885330200195,-71.4994506835938,982.960083007812,901.042602539062,-9.36893844604492,2.03187870979309,121.067451477051,66.7812805175781,-1.60716223716736,-2.73752689361572,0.541438102722168,-0.428204149007797,70
738505.47124786966014653444,66.0732650756836,-7.06194257736206,7.40979766845703,-0.0373259149491787,-0.00392156839370728,42.4885215759277,-71.4992980957031,981.670776367188,899.258178710938,-12.1756649017334,2.37849140167236,120.759971618652,66.861442565918,-2.42368340492249,-2.81905484199524,0.537769734859467,-0.42784258723259,70
738505.47125007514841854572,66.0442581176758,-8.59331893920898,7.32772159576416,-0.0373259149491787,-0.00392156839370728,42.4885101318359,-71.4991455078125,980.102844238281,897.187561035156,-13.2842397689819,2.57012534141541,120.366493225098,67.0028686523438,-3.33668255805969,0.355870485305786,0.531364619731903,-0.427488803863525,70
738505.47125232627149671316,66.0279769897461,-9.96219730377197,7.33234643936157,-0.0373259149491787,-0.00392156839370728,42.4884986877441,-71.4989929199219,978.179260253906,894.741149902344,-13.0421180725098,2.54002642631531,119.663726806641,67.1766510009766,-4.3899040222168,0.783446729183197,0.521425783634186,-0.427137583494186,70
738505.47125450556632131338,66.0166854858398,-11.0101890563965,7.46932506561279,-0.0373259149491787,-0.00392156839370728,42.4884834289551,-71.4988403320312,976.133728027344,892.197509765625,-14.736400604248,2.18222045898438,119.085830688477,67.3440246582031,-5.46344709396362,-2.49395084381104,0.508906483650208,-0.42681872844696,70
738505.47125669114757329226,65.9869995117188,-12.322826385498,7.48879766464233,-0.0373259149491787,-0.00392156839370728,42.4884719848633,-71.4986877441406,973.79541015625,889.345947265625,-14.7915458679199,2.33500051498413,119.000747680664,67.5441970825195,-6.60827159881592,-1.8261798620224,0.493153661489487,-0.426497846841812,70
738505.47125887568108737469,66.0223236083984,-13.1943626403809,7.43085336685181,-0.0373259149491787,-0.00392156839370728,42.4884605407715,-71.49853515625,971.308654785156,886.359985351562,-12.8068284988403,2.3181574344635,119.176109313965,67.7366714477539,-7.74834585189819,1.35734176635742,0.475005298852921,-0.426199525594711,70
738505.47126099350862205029,66.1434555053711,-13.6149396896362,7.50182294845581,-0.0373259149491787,-0.00392156839370728,42.4884490966797,-71.4983825683594,968.734008789062,883.298889160156,-13.2457332611084,2.22868514060974,119.238700866699,67.9455718994141,-8.86197471618652,0.222025707364082,0.454693257808685,-0.425918251276016,70
738505.47126313054468482733,66.3002777099609,-14.1831045150757,7.63469362258911,-0.0373259149491787,-0.00392156839370728,42.4884376525879,-71.4982376098633,966.117736816406,881.51708984375,-13.6716451644897,2.39025211334229,119.292617797852,68.2288513183594,-9.88510894775391,-2.58843350410461,0.433143794536591,-0.42565530538559,70
738505.47126530087552964687,66.4350433349609,-14.6121454238892,7.65461874008179,-0.0373259149491787,-0.00392156839370728,42.4884262084961,-71.4980850219727,963.257141113281,879.536254882812,-11.5787525177002,2.50862097740173,119.640533447266,68.4523391723633,-10.8775987625122,-0.938878297805786,0.408969640731812,-0.425388783216476,70
738505.47126741439569741488,66.6527099609375,-14.3550205230713,7.58294153213501,-0.0373259149491787,-0.00392156839370728,42.4884147644043,-71.497932434082,960.549133300781,877.662170410156,-11.9763450622559,2.37186527252197,120.268241882324,68.6013946533203,-11.714560508728,2.83312153816223,0.38505482673645,-0.425155282020569,70
738505.47126945294439792633,66.9065704345703,-14.3689708709717,7.61006736755371,-0.0373259149491787,-0.00392156839370728,42.4884033203125,-71.4977951049805,957.942932128906,875.870849609375,-14.0211544036865,2.2267963886261,121.049758911133,68.8539733886719,-12.3918895721436,2.32481026649475,0.361495792865753,-0.424935847520828,70
738505.47127148881554603577,67.1056289672852,-14.623628616333,7.71556377410889,-0.0373259149491787,-0.00392156839370728,42.4883918762207,-71.4976501464844,955.343017578125,874.075317382812,-13.3516445159912,2.19231748580933,121.865852355957,69.1125564575195,-12.9361658096313,0.146074265241623,0.33815786242485,-0.424725890159607,70
738505.47127356776036322117,67.320198059082,-14.5062141418457,7.73751544952393,-0.0373259149491787,-0.00392156839370728,42.4883766174316,-71.4975051879883,952.640197753906,872.206970214844,-12.3458366394043,1.83397138118744,122.815551757812,69.2986907958984,-13.4041891098022,1.3244925737381,0.313711881637573,-0.424513161182404,70
738505.47127563238609582186,67.5453643798828,-14.2873020172119,7.69214725494385,-0.0373259149491787,-0.00392156839370728,42.4883651733398,-71.4973526000977,949.975158691406,870.380554199219,-12.8612813949585,1.61165916919708,124.085723876953,69.4670562744141,-13.7715311050415,3.62351202964783,0.289201468229294,-0.424306303262711,70
738505.47127808665391057730,67.7633666992188,-14.2733297348022,7.77763271331787,-0.0373259149491787,-0.00392156839370728,42.488353729248,-71.497184753418,946.919799804688,868.294494628906,-11.7253322601318,1.44116020202637,125.875267028809,69.685676574707,-14.0724124908447,1.89152073860168,0.26118528842926,-0.424081921577454,70
738505.47128048073500394821,67.9518585205078,-14.2230243682861,7.94984245300293,-0.0373259149491787,-0.00392156839370728,42.488338470459,-71.4970092773438,943.845947265625,866.200927734375,-9.75433349609375,1.4116667509079,127.511428833008,69.8781051635742,-14.27769947052,-1.39477968215942,0.233090683817863,-0.423866093158722,70
738505.47128270554821938276,68.1319351196289,-13.8454933166504,7.99272155761719,-0.0373259149491787,-0.00392156839370728,42.4883270263672,-71.4968490600586,941.044006347656,864.310729980469,-10.1223630905151,1.32014620304108,128.505844116211,69.9824371337891,-14.3958082199097,-0.572571873664856,0.207235679030418,-0.42368072271347,70
738505.47128480870742350817,68.2829818725586,-13.6588106155396,7.92494010925293,-0.0373259149491787,-0.00392156839370728,42.4883117675781,-71.496696472168,938.419677734375,862.558776855469,-10.4766817092896,0.991189956665039,129.331649780273,70.0851821899414,-14.4363136291504,2.30633163452148,0.18301023542881,-0.42351296544075,70
738505.47128702432382851839,68.3993301391602,-13.476336479187,7.90553617477417,-0.0373259149491787,-0.00392156839370728,42.4883003234863,-71.4965438842773,935.812744140625,860.829528808594,-9.28926753997803,0.611859202384949,130.307510375977,70.1610870361328,-14.4205188751221,2.99964070320129,0.159115299582481,-0.423353165388107,70
738505.47128922306001186371,68.5280380249023,-13.0736885070801,7.99028396606445,-0.0373259149491787,-0.00392156839370728,42.4882888793945,-71.4963836669922,933.199890136719,859.159790039062,-8.99204158782959,0.337461292743683,131.346496582031,70.2200698852539,-14.3564023971558,0.575490534305573,0.135100707411766,-0.4231978058815,70
738505.47129147348459810019,68.717155456543,-12.6712017059326,8.04417610168457,-0.0373259149491787,-0.00392156839370728,42.4882736206055,-71.4962158203125,930.602172851562,857.931579589844,-10.2282791137695,0.13076277077198,132.179870605469,70.337158203125,-14.2318048477173,-0.782126665115356,0.111181035637856,-0.423043012619019,70
738505.47129371727351099253,68.875358581543,-12.5731763839722,7.97554063796997,-0.0373259149491787,-0.00392156839370728,42.4882621765137,-71.4960632324219,928.120239257812,856.784729003906,-10.1826591491699,-0.17390350997448,132.657287597656,70.4663696289062,-14.0611000061035,1.17259109020233,0.0887018218636513,-0.422901719808578,70
738505.47129591740667819977,68.9815826416016,-12.3512582778931,7.90114879608154,-0.0373259149491787,-0.00392156839370728,42.4882469177246,-71.4958953857422,925.64111328125,855.652893066406,-8.92410373687744,-0.566961586475372,132.978729248047,70.5226287841797,-13.870512008667,2.47584557533264,0.0665476396679878,-0.422764152288437,70
738505.47129813709761947393,69.1081619262695,-11.7965536117554,7.92325925827026,-0.0373259149491787,-0.00392156839370728,42.4882354736328,-71.495735168457,923.24169921875,854.603271484375,-9.32841300964355,-0.88651841878891,133.463088989258,70.5540542602539,-13.6640157699585,0.322546154260635,0.0449424870312214,-0.422623813152313,70
738505.47130031709093600512,69.2764434814453,-11.4280853271484,7.95683622360229,-0.0373259149491787,-0.00392156839370728,42.488224029541,-71.4955825805664,920.996154785156,853.677490234375,-10.1056299209595,-1.08828234672546,134.147537231445,70.6621398925781,-13.4246120452881,-1.72872042655945,0.0247488096356392,-0.422484070062637,70
738505.47130244993604719639,69.4036865234375,-11.2601795196533,7.8616886138916,-0.0373259149491787,-0.00392156839370728,42.488208770752,-71.4954223632812,918.774841308594,851.686096191406,-8.89819622039795,-1.33741331100464,134.686111450195,70.7493438720703,-13.1559724807739,0.171103909611702,0.00527406157925725,-0.422338545322418,70
738505.47130473086144775152,69.5367813110352,-10.7170562744141,7.76871299743652,-0.0373259149491787,-0.00392156839370728,42.4881973266602,-71.4952545166016,916.561340332031,849.59423828125,-9.02363395690918,-1.59628653526306,134.919311523438,70.7853927612305,-12.8687715530396,0.52237331867218,-0.0140729639679193,-0.422177493572235,70
738505.47130679397378116846,69.6625289916992,-10.2325611114502,7.78729104995728,-0.0373259149491787,-0.00392156839370728,42.4881858825684,-71.4951019287109,914.567993164062,847.716125488281,-8.76930999755859,-1.65347671508789,135.24983215332,70.8393630981445,-12.5725164413452,-2.09284234046936,-0.0314441062510014,-0.422011166810989,70
738505.47130895301233977079,69.7610321044922,-9.54470062255859,7.73504447937012,-0.0373259149491787,-0.00392156839370728,42.4881744384766,-71.4949493408203,912.709533691406,845.971008300781,-6.25013113021851,-1.72079849243164,135.858215332031,70.8345489501953,-12.24937915802,-2.03815221786499,-0.0475094988942146,-0.421835005283356,70
738505.47131105256266891956,69.8642807006836,-8.28924179077148,7.54392242431641,-0.0373259149491787,-0.00392156839370728,42.4881591796875,-71.4947891235352,910.972229003906,844.351440429688,-5.14549732208252,-1.94974458217621,136.446258544922,70.7576141357422,-11.854229927063,0.491360694169998,-0.0627381205558777,-0.421632498502731,70
738505.47131317050661891699,69.9079818725586,-7.4091854095459,7.45761966705322,-0.0373259149491787,-0.00392156839370728,42.4881477355957,-71.4946365356445,909.454711914062,842.951049804688,-4.43318843841553,-1.57761108875275,136.702346801758,70.693977355957,-11.3577899932861,-0.345645904541016,-0.0757569447159767,-0.421417206525803,70
738505.47131534607615321875,69.8232192993164,-6.25050020217896,7.45920419692993,-0.0373259149491787,-0.00392156839370728,42.4881362915039,-71.4944763183594,908.1103515625,841.72314453125,-1.79598021507263,-0.812598288059235,136.940444946289,70.498161315918,-10.7731742858887,-1.99051952362061,-0.0866067185997963,-0.421178162097931,70
738505.47131752013228833675,69.7136611938477,-4.7384991645813,7.351318359375,-0.0373259149491787,-0.00392156839370728,42.4881248474121,-71.4943161010742,907.014221191406,840.745849609375,-2.55672311782837,-0.315242379903793,137.481185913086,70.2601623535156,-10.068377494812,-0.0412392541766167,-0.0951827690005302,-0.42090106010437,70
738505.47131973109208047390,69.6295013427734,-3.93445372581482,7.3197135925293,-0.0373259149491787,-0.00392156839370728,42.4881134033203,-71.4941558837891,906.117736816406,839.903747558594,-2.52588224411011,-0.0943200141191483,138.026428222656,70.1236419677734,-9.23373985290527,-0.00251433812081814,-0.100899063050747,-0.420588493347168,70
738505.47132194170262664557,69.4941558837891,-2.91213393211365,7.40595531463623,-0.0373259149491787,-0.00392156839370728,42.4881019592285,-71.4939880371094,905.368774414062,839.207275390625,-1.99590110778809,-0.126875817775726,138.318557739258,69.9483108520508,-8.32076740264893,-2.39501810073853,-0.10415543615818,-0.420240253210068,70
738505.47132410865742713213,69.3690490722656,-2.13368964195251,7.36984920501709,-0.0373259149491787,-0.00392156839370728,42.4880905151367,-71.4938354492188,904.834838867188,838.722961425781,-2.60762572288513,-0.21975103020668,138.573287963867,69.7920608520508,-7.42525386810303,-1.0872768163681,-0.104976177215576,-0.419889807701111,70
738505.47132617025636136532,69.245719909668,-1.47780764102936,7.28905057907104,-0.0373259149491787,-0.00392156839370728,42.4880790710449,-71.4936828613281,904.437866210938,838.374694824219,-2.14140725135803,-0.460466831922531,138.853622436523,69.6439819335938,-6.53812742233276,0.969182133674622,-0.103831000626087,-0.419522911310196,70
738505.47132840647827833891,69.0775680541992,-1.05646824836731,7.25113677978516,-0.0373259149491787,-0.00392156839370728,42.4880676269531,-71.493522644043,904.126525878906,838.113464355469,-0.550594806671143,-0.861761868000031,139.059417724609,69.4651412963867,-5.64785814285278,1.35725498199463,-0.10093104839325,-0.419129967689514,70
738505.47133064165245741606,68.8489761352539,-0.639247417449951,7.32549428939819,-0.0373259149491787,-0.00392156839370728,42.4880561828613,-71.4933547973633,903.876159667969,837.916076660156,0.75052535533905,-0.756147146224976,138.957138061523,69.2405471801758,-4.76189470291138,-1.28897643089294,-0.0963709354400635,-0.418703019618988,70
738505.47133282152935862541,68.6311874389648,-0.231951862573624,7.43774795532227,-0.0373259149491787,-0.00392156839370728,42.4880447387695,-71.4932022094727,903.717712402344,837.807739257812,0.310595273971558,-0.650454759597778,138.446136474609,69.0334243774414,-3.99616003036499,-4.18410730361938,-0.0908809751272202,-0.418289959430695,70
738505.47133501898497343063,68.4113311767578,-0.0391859114170074,7.45085620880127,-0.0373259149491787,-0.00392156839370728,42.4880294799805,-71.4930419921875,903.61767578125,837.758239746094,0.140075117349625,-0.632267892360687,137.743698120117,68.8158950805664,-3.29345321655273,-3.61928367614746,-0.0843060612678528,-0.417864739894867,70
738505.47133717674296349287,68.1098861694336,0.207875177264214,7.37407636642456,-0.0373259149491787,-0.00392156839370728,42.4880180358887,-71.4928817749023,903.544677734375,837.735229492188,1.84008300304413,-0.740939319133759,137.304779052734,68.5082244873047,-2.68380928039551,-0.852280974388123,-0.0771038010716438,-0.417446494102478,70
738505.47133936651516705751,67.8065414428711,0.786039352416992,7.40353155136108,-0.0373259149491787,-0.00392156839370728,42.4880065917969,-71.4927291870117,903.564880371094,837.807067871094,1.38837087154388,-0.840110421180725,137.17057800293,68.2140579223633,-2.14858603477478,-2.08566427230835,-0.0692756101489067,-0.417033612728119,70
738505.47134157491382211447,67.5735092163086,0.916257083415985,7.43034219741821,-0.0373259149491787,-0.00392156839370728,42.4879951477051,-71.4925765991211,903.654479980469,837.949157714844,1.04286909103394,-0.719599485397339,136.974975585938,67.9869766235352,-1.63973367214203,-2.71758604049683,-0.060336034744978,-0.416615605354309,70
738505.47134372219443321228,67.2686996459961,1.10959196090698,7.33077144622803,-0.0373259149491787,-0.00392156839370728,42.4879837036133,-71.4924240112305,903.757080078125,838.102172851562,2.27517414093018,-0.368544608354568,136.678680419922,67.6760635375977,-1.19823884963989,0.5527223944664,-0.0510719008743763,-0.416223764419556,70
738505.47134606866165995598,66.9028244018555,1.71773040294647,7.24306726455688,-0.0373259149491787,-0.00392156839370728,42.4879722595215,-71.4922561645508,903.958984375,838.3583984375,1.33570528030396,-0.11092334240675,136.56413269043,67.315673828125,-0.766265153884888,2.60170817375183,-0.040393702685833,-0.4158034324646,70
738505.47134833084419369698,66.6519622802734,1.80198073387146,7.34350347518921,-0.0373259149491787,-0.00392156839370728,42.4879608154297,-71.4920959472656,904.232666015625,838.685852050781,1.10284566879272,-0.0667338296771049,136.744644165039,67.0794906616211,-0.351461917161942,-0.148702368140221,-0.0287974271923304,-0.415387392044067,70
738505.47135056555271148682,66.3734664916992,2.10381412506104,7.31753587722778,-0.0373259149491787,-0.00392156839370728,42.4879455566406,-71.491943359375,904.524047851562,839.029479980469,1.67082762718201,-0.131794184446335,136.728820800781,66.8087539672852,0.0202587991952896,1.43441665172577,-0.0168535262346268,-0.414983868598938,70
738505.47135281423106789589,66.1260604858398,2.36164164543152,7.25212526321411,-0.0373259149491787,-0.00392156839370728,42.4879341125488,-71.4917831420898,904.890258789062,839.448059082031,-0.0426788330078125,-0.165343821048737,136.346282958984,66.564453125,0.371224701404572,2.9409704208374,-0.00414662528783083,-0.414584100246429,70
738505.47135496523696929216,65.9097213745117,2.32225346565247,7.31411790847778,-0.0373259149491787,-0.00392156839370728,42.487922668457,-71.4916305541992,905.245727539062,839.853332519531,0.827586770057678,-0.251735657453537,135.975875854492,66.3549575805664,0.681763350963593,1.035111784935,0.00851862318813801,-0.414213687181473,70
738505.47135716886259615421,65.659049987793,2.61985182762146,7.34477853775024,-0.0373259149491787,-0.00392156839370728,42.4879112243652,-71.4914779663086,905.636535644531,840.295043945312,1.68834817409515,-0.389461308717728,135.633209228516,66.1204986572266,0.96020770072937,0.537963092327118,0.0217975471168756,-0.413848429918289,70
738505.47135928110219538212,65.4663619995117,2.71505308151245,7.3014965057373,-0.0373259149491787,-0.00392156839370728,42.4878997802734,-71.4913330078125,906.056091308594,840.763427734375,0.875000894069672,-0.560478806495667,134.974380493164,65.9282073974609,1.2068977355957,1.53937685489655,0.0350152775645256,-0.413511097431183,70
738505.47136136260814964771,65.2961730957031,2.66603827476501,7.24557971954346,-0.0373259149491787,-0.00392156839370728,42.4878883361816,-71.4911880493164,906.47412109375,841.229797363281,0.720541417598724,-0.714643657207489,133.941482543945,65.7510223388672,1.42829036712646,2.49648141860962,0.048454824835062,-0.413184195756912,70
738505.47136358253192156553,65.094108581543,2.52807831764221,7.23708915710449,-0.0373259149491787,-0.00392156839370728,42.4878768920898,-71.4910430908203,906.873229980469,841.677185058594,1.56633853912354,-0.809948563575745,132.738784790039,65.5439529418945,1.61235630512238,2.05526947975159,0.0620117709040642,-0.412866115570068,70
738505.47136586392298340797,64.8192749023438,2.47784852981567,7.28520107269287,-0.0373259149491787,-0.00392156839370728,42.487865447998,-71.4908828735352,907.290710449219,842.147583007812,2.32470178604126,-0.845639169216156,131.589172363281,65.2744369506836,1.76006376743317,0.212501347064972,0.0767865851521492,-0.412519603967667,70
738505.47136801225133240223,64.5618743896484,2.59480810165405,7.31023406982422,-0.0373259149491787,-0.00392156839370728,42.4878540039062,-71.4907379150391,907.693664550781,842.599731445312,1.15216135978699,-0.806243062019348,130.88410949707,65.0262145996094,1.85704755783081,-0.781081974506378,0.0904886499047279,-0.412205904722214,70
738505.47137013485189527273,64.4028625488281,2.30874109268188,7.26116943359375,-0.0373259149491787,-0.00392156839370728,42.4878425598145,-71.490592956543,908.072204589844,843.026123046875,-0.602726459503174,-0.725078940391541,130.405776977539,64.8520126342773,1.92924380302429,0.376849979162216,0.103889800608158,-0.411912113428116,70
738505.47137229924555867910,64.2175674438477,1.65460014343262,7.21206521987915,-0.0373259149491787,-0.00392156839370728,42.4878311157227,-71.4904479980469,908.357116699219,843.359375,-0.67989194393158,-0.712138056755066,129.847381591797,64.6424560546875,1.95252645015717,1.50384390354156,0.117054603993893,-0.411628305912018,70
738505.47137443069368600845,63.9923400878906,1.35973274707794,7.26579618453979,-0.0373259149491787,-0.00392156839370728,42.4878196716309,-71.4903030395508,908.555358886719,843.605529785156,-1.97298109531403,-0.661704957485199,129.111511230469,64.417854309082,1.89513909816742,-0.638577103614807,0.129249945282936,-0.411354303359985,70
738505.47137671650853008032,63.8715896606445,0.858595013618469,7.24930620193481,-0.0373259149491787,-0.00392156839370728,42.4878082275391,-71.4901504516602,908.691528320312,843.790832519531,-3.84897327423096,-0.621399402618408,128.44873046875,64.2873992919922,1.76645016670227,-0.443771928548813,0.140914171934128,-0.411072224378586,70
738505.47137908416334539652,63.7206878662109,0.287786990404129,7.10137939453125,-0.0373259149491787,-0.00392156839370728,42.48779296875,-71.489990234375,908.714416503906,843.867431640625,-2.84053492546082,-0.664707541465759,127.9677734375,64.1158218383789,1.54360687732697,3.43760395050049,0.152450948953629,-0.410772621631622,70
738505.47138147533405572176,63.6259460449219,-0.00175171718001366,7.07656288146973,-0.0373259149491787,-0.00392156839370728,42.4877815246582,-71.4898223876953,908.660766601562,843.8701171875,-3.62912058830261,-0.601311087608337,127.249282836914,64.0182723999023,1.23417580127716,2.52250695228577,0.163151443004608,-0.410461783409119,70
738505.47138348931912332773,63.6016883850098,-0.372574388980865,7.1294207572937,-0.0373259149491787,-0.00392156839370728,42.4877700805664,-71.4896850585938,908.550537109375,843.804321289062,-4.14556407928467,-0.46067202091217,126.388824462891,64.0011138916016,0.96434098482132,0.180798679590225,0.170767143368721,-0.410222589969635,70
738505.47138568712398409843,63.5821723937988,-0.68282687664032,7.19532775878906,-0.0373259149491787,-0.00392156839370728,42.4877586364746,-71.4895401000977,908.376037597656,843.677490234375,-4.28552675247192,-0.237798631191254,125.34619140625,63.9916534423828,0.654071390628815,-1.89909064769745,0.178114235401154,-0.409962862730026,70
738505.47138781868852674961,63.5408554077148,-1.02521896362305,7.23171377182007,-0.0373259149491787,-0.00392156839370728,42.4877471923828,-71.4893951416016,908.140502929688,843.489013671875,-3.46865820884705,0.462749987840652,124.393356323242,63.9592742919922,0.336789667606354,-2.38355755805969,0.184583842754364,-0.409708827733994,70
738505.47138991649262607098,63.463508605957,-1.24847114086151,7.21809244155884,-0.0373259149491787,-0.00392156839370728,42.487735748291,-71.4892578125,907.858093261719,843.252685546875,-2.34923243522644,0.510163366794586,123.702812194824,63.8848686218262,0.0194185022264719,-1.03723800182343,0.190186455845833,-0.409468680620193,70
738505.47139202512335032225,63.3676948547363,-1.2970654964447,7.18343067169189,-0.0373259149491787,-0.00392156839370728,42.4877243041992,-71.4891128540039,907.547424316406,842.989013671875,-2.13201808929443,0.383413702249527,123.322723388672,63.7867431640625,-0.295986980199814,0.433038920164108,0.195280939340591,-0.409226834774017,70
738505.47139429941307753325,63.2997970581055,-1.31671690940857,7.23212242126465,-0.0373259149491787,-0.00392156839370728,42.4877128601074,-71.4889678955078,907.226440429688,842.71630859375,-2.95847797393799,0.369220048189163,123.187866210938,63.7252044677734,-0.589487552642822,-1.00789248943329,0.200148537755013,-0.408985048532486,70
738505.47139663761481642723,63.2260475158691,-1.59459388256073,7.44359922409058,-0.0373259149491787,-0.00392156839370728,42.4877014160156,-71.4888153076172,906.846252441406,842.387145996094,-2.16379833221436,1.14016568660736,123.210868835449,63.682674407959,-0.861247837543488,-5.91232538223267,0.205002307891846,-0.408736735582352,70
738505.47139897081069648266,63.1193466186523,-1.27640795707703,7.54025602340698,-0.0373259149491787,-0.00392156839370728,42.4876899719238,-71.488655090332,906.469970703125,842.062622070312,-2.92536282539368,2.52505302429199,123.396598815918,63.5809440612793,-1.10503375530243,-5.70737600326538,0.209580451250076,-0.40849643945694,70
738505.47140118665993213654,63.0777397155762,-1.35439646244049,7.55100679397583,-0.0373259149491787,-0.00392156839370728,42.4876747131348,-71.4885101318359,906.149047851562,841.790832519531,-4.32053089141846,3.80081868171692,123.87085723877,63.5425338745117,-1.27259564399719,-3.3754518032074,0.214078485965729,-0.408292382955551,70
738505.47140346188098192215,63.0491409301758,-1.59221124649048,7.7070574760437,-0.0373259149491787,-0.00392156839370728,42.487663269043,-71.4883575439453,905.773498535156,841.464904785156,-2.60022950172424,5.14658308029175,124.362190246582,63.5383987426758,-1.40425729751587,-4.238112449646,0.218598127365112,-0.40811488032341,70
738505.47140562941785901785,63.0078773498535,-1.53859841823578,7.83507871627808,-0.0373259149491787,-0.00392156839370728,42.4876518249512,-71.4882125854492,905.400817871094,841.140075683594,-2.57201814651489,6.33580732345581,124.379432678223,63.5117950439453,-1.52023935317993,-2.44435667991638,0.222688749432564,-0.407971382141113,70
738505.47140776936430484056,62.9869003295898,-1.64034986495972,7.90027236938477,-0.0373259149491787,-0.00392156839370728,42.4876365661621,-71.4880676269531,905.037109375,840.822814941406,-3.93447780609131,7.39476013183594,124.004302978516,63.5016098022461,-1.61591947078705,0.798122227191925,0.226569697260857,-0.407864093780518,70
738505.47140990488696843386,62.9689979553223,-1.87178301811218,7.99513864517212,-0.0373259149491787,-0.00392156839370728,42.4876251220703,-71.4879302978516,904.637145996094,840.469482421875,-4.07465600967407,8.38809967041016,123.561531066895,63.5021286010742,-1.70494830608368,3.06708335876465,0.230298772454262,-0.407792806625366,70
738505.47141206916421651840,62.9266242980957,-2.0207839012146,8.22691917419434,-0.0373259149491787,-0.00392156839370728,42.4876136779785,-71.4877853393555,904.193786621094,840.073303222656,-3.19794535636902,9.27175331115723,123.339630126953,63.4942970275879,-1.80409681797028,2.65225625038147,0.233710050582886,-0.407756268978119,70
738505.47141423472203314304,62.8848457336426,-1.94359087944031,8.58513164520264,-0.0373259149491787,-0.00392156839370728,42.4875984191895,-71.4876403808594,903.747985839844,839.674011230469,-3.19214153289795,9.20549583435059,123.439376831055,63.4979209899902,-1.90977656841278,0.525829970836639,0.236749142408371,-0.407765299081802,70
738505.47141633345745503902,62.9011077880859,-1.92553722858429,8.8446044921875,-0.0373259149491787,-0.00392156839370728,42.4875869750977,-71.4875030517578,903.323364257812,839.295654296875,-4.5543794631958,8.91619205474854,123.661109924316,63.5490684509277,-2.00197172164917,0.920833587646484,0.239701718091965,-0.407826900482178,70
738505.47141845920123159885,62.9164886474609,-2.21059679985046,8.97489166259766,-0.0373259149491787,-0.00392156839370728,42.4875717163086,-71.4873580932617,902.878479003906,838.896301269531,-4.67324352264404,8.58182716369629,123.690765380859,63.5918235778809,-2.07854723930359,3.26823568344116,0.242577597498894,-0.40795174241066,70
738505.47142069425899535418,62.8897819519043,-2.34217381477356,9.19558429718018,-0.0373259149491787,-0.00392156839370728,42.4875564575195,-71.4872131347656,902.360290527344,838.425842285156,-3.67568278312683,8.30622005462646,123.508590698242,63.6016464233398,-2.1700291633606,3.61662030220032,0.2452362626791,-0.408155560493469,70
738505.47142288764007389545,62.8789329528809,-2.21239137649536,9.53232288360596,-0.0373259149491787,-0.00392156839370728,42.4875411987305,-71.4870681762695,901.851440429688,837.965026855469,-4.88684606552124,8.21285247802734,123.442016601562,63.6358413696289,-2.26821541786194,1.58349704742432,0.247615560889244,-0.408447653055191,70
738505.47142509848345071077,62.9067344665527,-2.44071125984192,9.74330902099609,-0.0373259149491787,-0.00392156839370728,42.4875259399414,-71.4869232177734,901.345397949219,837.505798339844,-5.35116767883301,8.17259311676025,123.589546203613,63.7035827636719,-2.35049772262573,2.02727675437927,0.249897047877312,-0.408825278282166,70
738505.47142732841894030571,62.9103813171387,-2.72953200340271,9.86926651000977,-0.0373259149491787,-0.00392156839370728,42.4875068664551,-71.4867706298828,900.747985839844,836.957885742188,-3.68929266929626,8.06061458587646,123.583854675293,63.7382850646973,-2.44578623771667,5.19974994659424,0.251977473497391,-0.409326374530792,70
738505.47142963740043342113,62.9043426513672,-2.8031587600708,10.0643196105957,-0.0373259149491787,-0.00392156839370728,42.487491607666,-71.4866180419922,900.122314453125,836.381713867188,-3.88003015518188,8.02056503295898,123.124824523926,63.7660140991211,-2.56133198738098,6.50848627090454,0.253567427396774,-0.40993732213974,70
738505.47143184836022555828,62.9184379577637,-2.9958975315094,10.3196678161621,-0.0373259149491787,-0.00392156839370728,42.4874725341797,-71.4864730834961,899.4970703125,835.803833007812,-4.91854524612427,8.09280490875244,122.401016235352,63.8294639587402,-2.6792688369751,5.06218385696411,0.254735678434372,-0.410614788532257,70
738505.47143407422117888927,62.9109649658203,-3.28765392303467,10.651927947998,-0.0373259149491787,-0.00392156839370728,42.4874572753906,-71.486328125,898.815734863281,835.170349121094,-4.74898624420166,8.14536762237549,121.742240905762,63.8910140991211,-2.81109809875488,1.76325154304504,0.255488097667694,-0.4114009141922,70
738505.47143629484344273806,62.8598518371582,-3.4844126701355,10.9623155593872,-0.0373259149491787,-0.00392156839370728,42.4874382019043,-71.4861831665039,898.09033203125,834.492370605469,-3.32870078086853,8.08072853088379,121.484451293945,63.9036331176758,-2.9621639251709,0.193035960197449,0.255671620368958,-0.412292540073395,70
738505.47143851290456950665,62.7888412475586,-3.46762037277222,11.2084836959839,-0.0373259149491787,-0.00392156839370728,42.487419128418,-71.4860382080078,897.345642089844,833.795288085938,-2.84739565849304,7.87779188156128,121.614906311035,63.8756065368652,-3.12596297264099,1.15109348297119,0.255360692739487,-0.413303703069687,70
738505.47144102933816611767,62.7601509094238,-3.46829581260681,11.4580326080322,-0.0373259149491787,-0.00392156839370728,42.4874000549316,-71.4858703613281,896.509094238281,833.012878417969,-4.20380306243896,7.18869066238403,121.89803314209,63.8917198181152,-3.29569935798645,1.82227730751038,0.254757851362228,-0.41459596157074,70
738505.47144318453501909971,62.7445831298828,-3.75490617752075,11.6872816085815,-0.0373259149491787,-0.00392156839370728,42.4873809814453,-71.485725402832,895.76416015625,832.31396484375,-4.24539136886597,4.95574617385864,122.022201538086,63.9341430664062,-3.42208409309387,-0.115962572395802,0.254095911979675,-0.415820866823196,70
738505.47144541470333933830,62.6783065795898,-3.89174795150757,11.8643369674683,-0.0373259149491787,-0.00392156839370728,42.487361907959,-71.4855728149414,894.937561035156,831.535400390625,-2.98050332069397,2.61300086975098,122.124015808105,63.9099235534668,-3.55968379974365,-1.19634652137756,0.252981156110764,-0.417232424020767,70
738505.47144750365987420082,62.6050224304199,-3.75354862213135,11.8840732574463,-0.0373259149491787,-0.00392156839370728,42.4873428344727,-71.4854431152344,894.183776855469,830.825744628906,-3.35871171951294,1.50382256507874,122.430511474609,63.8334503173828,-3.6856701374054,0.477418035268784,0.251640856266022,-0.418636232614517,70
738505.47144980612210929394,62.585620880127,-3.72672152519226,11.8464593887329,-0.0373259149491787,-0.00392156839370728,42.4873199462891,-71.4852905273438,893.368835449219,830.059753417969,-4.47307395935059,1.19343960285187,123.045860290527,63.8058547973633,-3.79908752441406,2.33741664886475,0.250148177146912,-0.4203220307827,70
738505.47145195282064378262,62.5657119750977,-3.91911864280701,11.90735912323,-0.0373259149491787,-0.00392156839370728,42.4873008728027,-71.4851455688477,892.592956542969,829.3291015625,-3.69400382041931,0.973179817199707,123.57307434082,63.8091888427734,-3.88146018981934,0.866389036178589,0.248761191964149,-0.4219651222229,70
738505.47145418659783899784,62.5111236572266,-3.83283615112305,12.0430593490601,-0.0373259149491787,-0.00392156839370728,42.4872817993164,-71.4850006103516,891.76953125,828.552856445312,-3.18019723892212,0.811288893222809,123.829627990723,63.7759094238281,-3.96320772171021,-2.27114796638489,0.247110456228256,-0.423768371343613,70
738505.47145637741778045893,62.488712310791,-3.6824848651886,12.0555953979492,-0.0373259149491787,-0.00392156839370728,42.4872627258301,-71.4848556518555,890.983947753906,827.813842773438,-4.70902538299561,0.603362858295441,123.918182373047,63.7474479675293,-4.02610397338867,-1.71701347827911,0.245480686426163,-0.425622344017029,70
738505.47145859384909272194,62.5147895812988,-3.63763332366943,11.9468488693237,-0.0373259149491787,-0.00392156839370728,42.4872436523438,-71.4847106933594,890.21044921875,827.087463378906,-6.15129280090332,0.307666718959808,124.080917358398,63.7499694824219,-4.0600414276123,1.5303840637207,0.24402379989624,-0.42757460474968,70
738505.47146074986085295677,62.5417785644531,-3.76101589202881,11.833514213562,-0.0373259149491787,-0.00392156839370728,42.4872207641602,-71.4845657348633,889.442199707031,826.365295410156,-5.72189092636108,-0.00791056547313929,124.393539428711,63.7624588012695,-4.0737624168396,4.0895094871521,0.242719560861588,-0.429543554782867,70
738505.47146300494205206633,62.5584373474121,-3.80708837509155,11.8424501419067,-0.0373259149491787,-0.00392156839370728,42.4872016906738,-71.4844207763672,888.634643554688,825.605102539062,-5.0013427734375,-0.169510960578918,124.654228210449,63.7831916809082,-4.08805227279663,2.7924792766571,0.241292744874954,-0.431611567735672,70
738505.47146522672846913338,62.599479675293,-3.8207585811615,11.9343461990356,-0.0373259149491787,-0.00392156839370728,42.4871826171875,-71.4842758178711,887.829284667969,824.846923828125,-5.97998905181885,-0.0521331615746021,124.547554016113,63.8413772583008,-4.10508489608765,-0.441974192857742,0.239774197340012,-0.433703273534775,70
738505.47146739682648330927,62.5743179321289,-4.44824981689453,11.9132890701294,-0.0373259149491787,-0.00392156839370728,42.4871635437012,-71.484130859375,886.983337402344,824.046875,-5.08736991882324,0.159355834126472,124.153465270996,63.8534126281738,-4.13221025466919,0.346659302711487,0.238109350204468,-0.435764640569687,70
738505.47146958252415060997,62.4899024963379,-4.2404899597168,11.9542989730835,-0.0373259149491787,-0.00392156839370728,42.4871444702148,-71.4839859008789,886.069580078125,823.179321289062,-2.61051964759827,0.535357117652893,124.046478271484,63.7642135620117,-4.20981454849243,-0.419281601905823,0.235706135630608,-0.437873721122742,70
738505.47147176065482199192,62.4515762329102,-3.90507054328918,12.1129760742188,-0.0373259149491787,-0.00392156839370728,42.4871253967285,-71.4838409423828,885.240234375,822.396240234375,-4.20651054382324,0.951846599578857,124.347709655762,63.735179901123,-4.28352928161621,-3.86471843719482,0.233195245265961,-0.440035790205002,70
738505.47147399431560188532,62.3958587646484,-4.24516487121582,12.101110458374,-0.0373259149491787,-0.00392156839370728,42.4871025085449,-71.4836959838867,884.372009277344,821.573791503906,-3.17007899284363,1.02633738517761,124.623466491699,63.7000885009766,-4.3281683921814,-1.8385294675827,0.230905115604401,-0.44221904873848,70
738505.47147615428548306227,62.3199157714844,-3.89283347129822,12.0905504226685,-0.0373259149491787,-0.00392156839370728,42.4870834350586,-71.4835510253906,883.539123535156,820.785827636719,-3.72556114196777,1.00797319412231,124.863929748535,63.6011581420898,-4.37110328674316,-0.378566086292267,0.228522509336472,-0.444384872913361,70
738505.47147832275368273258,62.2594909667969,-4.02969169616699,12.1898040771484,-0.0373259149491787,-0.00392156839370728,42.4870643615723,-71.4834136962891,882.727172851562,820.018615722656,-4.07226228713989,1.07772028446198,125.379951477051,63.5694427490234,-4.38786363601685,-2.37550354003906,0.226364001631737,-0.446571379899979,70
738505.47148047259543091059,62.1894912719727,-4.16790008544922,12.2389659881592,-0.0373259149491787,-0.00392156839370728,42.4870452880859,-71.483268737793,881.898559570312,819.233825683594,-2.16831755638123,1.13379061222076,126.050727844238,63.5192604064941,-4.39931917190552,-2.14873456954956,0.224220037460327,-0.448743730783463,70
738505.47148276423104107380,62.0919990539551,-3.98326516151428,12.1780290603638,-0.0373259149491787,-0.00392156839370728,42.4870223999023,-71.4831237792969,881.02880859375,818.41064453125,-2.04427599906921,1.04922378063202,126.413238525391,63.4002151489258,-4.41619825363159,1.01252317428589,0.221810847520828,-0.451085686683655,70
738505.47148494923021644354,62.024528503418,-4.00687456130981,12.1841039657593,-0.0373259149491787,-0.00392156839370728,42.487003326416,-71.4829788208008,880.188720703125,817.616455078125,-3.23947882652283,0.879508495330811,126.380104064941,63.3367958068848,-4.41966247558594,1.10775101184845,0.219542041420937,-0.453424900770187,70
738505.47148719523102045059,61.9242324829102,-4.15201997756958,12.2926874160767,-0.0373259149491787,-0.00392156839370728,42.4869842529297,-71.4828338623047,879.33984375,816.812438964844,-2.34477877616882,0.825424551963806,126.333824157715,63.2689476013184,-4.4201774597168,-1.40826833248138,0.217314928770065,-0.455743819475174,70
738505.47148946137167513371,61.7728271484375,-4.02551984786987,12.3704490661621,-0.0373259149491787,-0.00392156839370728,42.4869613647461,-71.4826812744141,878.448303222656,815.967956542969,-1.31128835678101,0.776033341884613,126.558616638184,63.1277656555176,-4.42985725402832,-2.20848703384399,0.214824303984642,-0.458206355571747,70
738505.47149167524185031652,61.6390228271484,-3.67263841629028,12.3182182312012,-0.0373259149491787,-0.00392156839370728,42.4869422912598,-71.4825439453125,877.641174316406,815.205993652344,-2.19615197181702,0.566200256347656,127.072113037109,62.9650382995605,-4.42701959609985,0.253242611885071,0.212544664740562,-0.460596740245819,70
738505.47149388981051743031,61.5732727050781,-3.56887483596802,12.2130565643311,-0.0373259149491787,-0.00392156839370728,42.4869194030762,-71.4823989868164,876.87646484375,814.486694335938,-3.41272926330566,0.231370717287064,127.617553710938,62.8741874694824,-4.38714456558228,2.97439002990723,0.210721343755722,-0.463030815124512,70
738505.47149611182976514101,61.5043640136719,-3.6077241897583,12.1788120269775,-0.0373259149491787,-0.00392156839370728,42.4869003295898,-71.4822540283203,876.123413085938,813.778137207031,-3.37043404579163,-0.0891639068722725,127.958145141602,62.8022766113281,-4.32530069351196,3.05988574028015,0.209264695644379,-0.465436100959778,70
738505.47149829135742038488,61.4281044006348,-3.47130608558655,12.1826295852661,-0.0373259149491787,-0.00392156839370728,42.4868812561035,-71.4821090698242,875.377685546875,813.076904296875,-4.0132942199707,-0.301698565483093,128.15869140625,62.7206382751465,-4.26006078720093,1.98684167861938,0.207938939332962,-0.467862546443939,70
738505.47150048438925296068,61.4155502319336,-3.33968949317932,12.1213788986206,-0.0373259149491787,-0.00392156839370728,42.4868583679199,-71.4819717407227,874.670043945312,812.413513183594,-5.89975357055664,-0.37368705868721,128.389038085938,62.689323425293,-4.18660449981689,2.76776170730591,0.206857845187187,-0.470285445451736,70
738505.47150265413802117109,61.4460220336914,-3.41335940361023,12.0223979949951,-0.0373259149491787,-0.00392156839370728,42.4868392944336,-71.4818267822266,873.969604492188,811.7568359375,-6.54924058914185,-0.504075765609741,128.642761230469,62.7040901184082,-4.10706090927124,4.47541618347168,0.206030666828156,-0.472692906856537,70
738505.47150481841526925564,61.4750747680664,-3.61132550239563,11.9515132904053,-0.0373259149491787,-0.00392156839370728,42.4868202209473,-71.481689453125,873.241821289062,811.072814941406,-5.91612577438354,-0.554924368858337,128.701889038086,62.7300987243652,-4.04059982299805,5.19783401489258,0.205204457044601,-0.475099921226501,70
738505.47150700562633574009,61.4958267211914,-3.71373319625854,11.9731798171997,-0.0373259149491787,-0.00392156839370728,42.4868011474609,-71.4815444946289,872.462341308594,810.33837890625,-5.5571813583374,-0.544111251831055,128.330673217773,62.7605400085449,-4.00387763977051,3.27496981620789,0.204109206795692,-0.477576434612274,70
738505.47150911891367286444,61.5312957763672,-3.72662568092346,12.0468740463257,-0.0373259149491787,-0.00392156839370728,42.4867820739746,-71.4814071655273,871.71240234375,809.63134765625,-6.5841703414917,-0.49286562204361,127.597633361816,62.8101539611816,-3.99557280540466,0.4127337038517,0.202835127711296,-0.479921221733093,70
738505.47151123685762286186,61.5869407653809,-3.88267993927002,12.0693817138672,-0.0373259149491787,-0.00392156839370728,42.4867630004883,-71.4812698364258,870.943969726562,808.906005859375,-7.27022695541382,-0.329486161470413,126.778427124023,62.8784255981445,-4.00415849685669,-0.250610411167145,0.201401323080063,-0.482278764247894,70
738505.47151349263731390238,61.6118392944336,-4.08985185623169,12.0089750289917,-0.0373259149491787,-0.00392156839370728,42.486743927002,-71.4811325073242,870.124938964844,808.130676269531,-6.03519105911255,-0.114219829440117,126.17138671875,62.9043807983398,-4.03598260879517,1.64578580856323,0.199664443731308,-0.484678328037262,70
738505.47151574271265417337,61.6345481872559,-4.02474975585938,11.9904537200928,-0.0373259149491787,-0.00392156839370728,42.4867210388184,-71.4809799194336,869.247802734375,807.299743652344,-5.31683111190796,0.111109897494316,125.795043945312,62.9188957214355,-4.09564638137817,1.9813677072525,0.197451651096344,-0.487212419509888,70
738505.47151793446391820908,61.6916885375977,-4.02343130111694,12.0960559844971,-0.0373259149491787,-0.00392156839370728,42.486701965332,-71.4808349609375,868.405090332031,806.502197265625,-6.58444356918335,0.214144587516785,125.381500244141,62.9949760437012,-4.1548171043396,-1.07055652141571,0.195178627967834,-0.489678800106049,70
738505.47152011143043637276,61.7392234802246,-4.37582921981812,12.1759223937988,-0.0373259149491787,-0.00392156839370728,42.4866828918457,-71.4806976318359,867.544982910156,805.68603515625,-6.38796520233154,0.296410381793976,124.745544433594,63.0803680419922,-4.21156644821167,-2.59369444847107,0.192858338356018,-0.492076903581619,70
738505.47152234613895416260,61.7390556335449,-4.54312944412231,12.1459493637085,-0.0373259149491787,-0.00392156839370728,42.4866600036621,-71.4805526733398,866.601135253906,804.540710449219,-4.78292512893677,0.308823257684708,124.046089172363,63.086254119873,-4.29610729217529,-0.677088975906372,0.189980641007423,-0.494551867246628,70
738505.47152461623772978783,61.7490158081055,-4.2435245513916,12.1111793518066,-0.0373259149491787,-0.00392156839370728,42.4866409301758,-71.4804077148438,865.673706054688,803.00732421875,-5.61916923522949,0.360566854476929,123.673187255859,63.0684471130371,-4.39603567123413,0.688122689723969,0.186702087521553,-0.497051417827606,70
738505.47152685292530804873,61.8022880554199,-4.42986631393433,12.2010478973389,-0.0373259149491787,-0.00392156839370728,42.4866180419922,-71.4802551269531,864.760925292969,801.484741210938,-6.60288095474243,0.757108688354492,123.616050720215,63.150707244873,-4.47137928009033,-1.60876727104187,0.183517321944237,-0.499571800231934,70
738505.47152906563133001328,61.8425407409668,-4.6085033416748,12.2431211471558,-0.0373259149491787,-0.00392156839370728,42.4865989685059,-71.4801177978516,863.844055175781,799.987609863281,-5.47296380996704,1.10035359859467,123.445220947266,63.2110137939453,-4.53926610946655,-1.45801520347595,0.180339962244034,-0.501962900161743,70
738505.47153124841861426830,61.8828735351562,-4.49515724182129,12.187744140625,-0.0373259149491787,-0.00392156839370728,42.4865798950195,-71.4799728393555,862.892944335938,798.432556152344,-6.33339977264404,1.13547682762146,123.092918395996,63.231616973877,-4.61567735671997,1.48902308940887,0.176767960190773,-0.504474580287933,70
738505.47153339267242699862,61.9206733703613,-4.65523481369019,12.2168941497803,-0.0373259149491787,-0.00392156839370728,42.4865608215332,-71.4798355102539,861.97119140625,796.926208496094,-7.0092945098877,1.1150940656662,122.979248046875,63.2858047485352,-4.67906713485718,1.14628684520721,0.173265680670738,-0.506914734840393,70
738505.47153560048900544643,61.9310531616211,-4.79125881195068,12.3508787155151,-0.0373259149491787,-0.00392156839370728,42.4865379333496,-71.4796905517578,861.012817382812,795.383239746094,-5.5718207359314,1.20300340652466,123.203948974609,63.332103729248,-4.74530267715454,-1.5990948677063,0.169555708765984,-0.509361326694489,70
738505.47153785580303519964,61.9364051818848,-4.78768920898438,12.4734725952148,-0.0373259149491787,-0.00392156839370728,42.4865188598633,-71.4795455932617,859.988830566406,793.739868164062,-5.06564426422119,1.35043168067932,123.499153137207,63.3610916137695,-4.8234338760376,-3.14939737319946,0.165334522724152,-0.511970639228821,70
738505.47154013474937528372,61.9703063964844,-4.78497314453125,12.4931879043579,-0.0373259149491787,-0.00392156839370728,42.4864959716797,-71.4793930053711,858.973327636719,792.105834960938,-5.94782543182373,1.39901471138,123.64835357666,63.3979072570801,-4.89551877975464,-1.7132785320282,0.160997599363327,-0.514593124389648,70
738505.47154235024936497211,61.9811935424805,-4.95428895950317,12.4923295974731,-0.0373259149491787,-0.00392156839370728,42.4864768981934,-71.479248046875,857.957580566406,790.4833984375,-5.61611986160278,1.31972646713257,123.7578125,63.4213829040527,-4.95855188369751,-0.404493242502213,0.156656548380852,-0.517184317111969,70
738505.47154458216391503811,61.9343185424805,-4.95805597305298,12.5645112991333,-0.0373259149491787,-0.00392156839370728,42.4864540100098,-71.4791030883789,856.947448730469,788.88232421875,-4.26136016845703,1.21663463115692,124.083488464355,63.3901329040527,-5.02441501617432,-1.37790787220001,0.152192458510399,-0.519726872444153,70
738505.47154685098212212324,61.8847885131836,-4.6290020942688,12.655122756958,-0.0373259149491787,-0.00392156839370728,42.4864349365234,-71.4789581298828,855.9228515625,787.237487792969,-4.54566144943237,1.12081527709961,124.805030822754,63.3348770141602,-5.08523178100586,-2.5090479850769,0.147429540753365,-0.522420465946198,70
738505.47154910466633737087,61.8862686157227,-4.72312688827515,12.5964841842651,-0.0373259149491787,-0.00392156839370728,42.4864120483398,-71.4788055419922,854.944152832031,786.131103515625,-5.12514066696167,0.932322919368744,125.65406036377,63.3315811157227,-5.10658121109009,0.257387727499008,0.143050670623779,-0.525119781494141,70
738505.47155120829120278358,61.8392944335938,-4.78313970565796,12.555793762207,-0.0373259149491787,-0.00392156839370728,42.4863929748535,-71.4786682128906,853.999572753906,785.424194335938,-3.42332935333252,0.68587726354599,126.197082519531,63.2821044921875,-5.11480093002319,1.74581301212311,0.139038398861885,-0.527636408805847,70
738505.47155342670157551765,61.7562599182129,-4.43525552749634,12.6636934280396,-0.0373259149491787,-0.00392156839370728,42.4863700866699,-71.4785232543945,853.042541503906,784.719116210938,-4.12101459503174,0.572052001953125,126.686294555664,63.1971206665039,-5.11734247207642,-1.27538967132568,0.134794726967812,-0.530343770980835,70
738505.47155559761449694633,61.6979713439941,-4.4841251373291,12.6647911071777,-0.0373259149491787,-0.00392156839370728,42.4863510131836,-71.478385925293,852.137939453125,784.059814453125,-4.0369119644165,0.420609205961227,127.388603210449,63.1438369750977,-5.09086465835571,-0.717269241809845,0.131013780832291,-0.532988607883453,70
738505.47155788796953856945,61.6201782226562,-4.3750467300415,12.5667886734009,-0.0373259149491787,-0.00392156839370728,42.486328125,-71.4782409667969,851.196594238281,783.371948242188,-2.58380079269409,0.117565557360649,128.148483276367,63.0405540466309,-5.05232715606689,2.19332504272461,0.127256542444229,-0.535750985145569,70
738505.47156001045368611813,61.5600624084473,-4.06885576248169,12.5287857055664,-0.0373259149491787,-0.00392156839370728,42.4863090515137,-71.4780960083008,850.341430664062,782.759887695312,-3.70475935935974,-0.163824856281281,128.570419311523,62.9536933898926,-5.00134754180908,2.28646898269653,0.12388326972723,-0.538413047790527,70
738505.47156222304329276085,61.5630302429199,-3.94589447975159,12.5143814086914,-0.0373259149491787,-0.00392156839370728,42.4862861633301,-71.4779586791992,849.517333984375,782.181518554688,-5.44055366516113,-0.440270274877548,128.674819946289,62.9458999633789,-4.920578956604,1.49213635921478,0.12094970792532,-0.541130781173706,70
738505.47156446741428226233,61.569580078125,-4.02551126480103,12.5431270599365,-0.0373259149491787,-0.00392156839370728,42.4862670898438,-71.4778137207031,848.697387695312,781.606140136719,-5.54975891113281,-0.601296305656433,128.560455322266,62.9630699157715,-4.82422351837158,-0.115453206002712,0.11839696764946,-0.543834567070007,70
738505.47156661481130868196,61.5511779785156,-4.06979656219482,12.5500173568726,-0.0373259149491787,-0.00392156839370728,42.4862442016602,-71.477668762207,847.841369628906,781.000610351562,-4.70786571502686,-0.657292604446411,128.350296020508,62.9492950439453,-4.73492908477783,-0.722960233688354,0.115855172276497,-0.546612918376923,70
738505.47156883566640317440,61.5464401245117,-3.97695517539978,12.5364007949829,-0.0373259149491787,-0.00392156839370728,42.4862251281738,-71.4775314331055,847.023193359375,780.424133300781,-4.98754453659058,-0.64835000038147,128.10498046875,62.9360160827637,-4.66436290740967,-0.831912219524384,0.113396711647511,-0.549298822879791,70
738505.47157106094527989626,61.5836753845215,-3.99495887756348,12.5649452209473,-0.0373259149491787,-0.00392156839370728,42.4862022399902,-71.4773864746094,846.180480957031,779.8330078125,-5.80350160598755,-0.576136887073517,127.718132019043,62.9792556762695,-4.59871292114258,-2.09321188926697,0.110932379961014,-0.552107095718384,70
738505.47157321718987077475,61.6110343933105,-4.26488590240479,12.6317539215088,-0.0373259149491787,-0.00392156839370728,42.4861831665039,-71.4772415161133,845.317260742188,779.219421386719,-5.49916124343872,-0.444601684808731,127.052955627441,63.037052154541,-4.54854106903076,-3.89533257484436,0.108472429215908,-0.554898202419281,70
738505.47157542791683226824,61.6117362976074,-4.24774408340454,12.5840606689453,-0.0373259149491787,-0.00392156839370728,42.4861602783203,-71.4770965576172,844.437194824219,778.584716796875,-5.14375495910645,-0.384317964315414,126.219161987305,63.027042388916,-4.53280687332153,-2.10452342033386,0.105747185647488,-0.557643830776215,70
738505.47157762316055595875,61.648567199707,-4.13690328598022,12.4607210159302,-0.0373259149491787,-0.00392156839370728,42.486141204834,-71.4769592285156,843.586242675781,777.977416992188,-6.66412305831909,-0.448290467262268,125.607246398926,63.031177520752,-4.5328631401062,0.994210183620453,0.102913811802864,-0.560381889343262,70
738505.47157983144279569387,61.7059593200684,-4.36540746688843,12.4280843734741,-0.0373259149491787,-0.00392156839370728,42.4861183166504,-71.4768142700195,842.6923828125,777.144226074219,-6.65069389343262,-0.518979072570801,125.286026000977,63.0962715148926,-4.53483152389526,1.03055644035339,0.100008264183998,-0.563213527202606,70
738505.47158200573176145554,61.749340057373,-4.4889235496521,12.4842176437378,-0.0373259149491787,-0.00392156839370728,42.4860992431641,-71.4766693115234,841.780151367188,776.196105957031,-5.60822820663452,-0.479397088289261,124.918243408203,63.1584281921387,-4.55706930160522,-1.03811872005463,0.0969118103384972,-0.565964818000793,70
738505.47158422763459384441,61.8058700561523,-4.41806888580322,12.4579696655273,-0.0373259149491787,-0.00392156839370728,42.4860801696777,-71.4765319824219,840.87255859375,775.596252441406,-6.7073860168457,-0.469901621341705,124.32935333252,63.2035255432129,-4.59677171707153,-0.448581606149673,0.0935633778572083,-0.568704664707184,70
738505.47158650949131697416,61.8332595825195,-4.79633712768555,12.3134870529175,-0.0373259149491787,-0.00392156839370728,42.4860572814941,-71.4763793945312,839.880737304688,775.211120605469,-6.74362897872925,-1.83636343479156,123.846153259277,63.2295722961426,-4.64478826522827,2.96832275390625,0.0898672044277191,-0.571613669395447,70
738505.47158879146445542574,61.8432464599609,-4.83233833312988,12.2619495391846,-0.0373259149491787,-0.00392156839370728,42.4860382080078,-71.4762268066406,838.846496582031,774.523742675781,-4.91888523101807,-4.52380847930908,123.810874938965,63.2320671081543,-4.7217869758606,1.57264649868011,0.0856923535466194,-0.574488162994385,70
738505.47159109625499695539,61.8858337402344,-4.71636152267456,12.156623840332,-0.0373259149491787,-0.00392156839370728,42.4860153198242,-71.4760818481445,837.837951660156,773.506530761719,-5.69332122802734,-7.11571645736694,123.930137634277,63.2446365356445,-4.80681991577148,-0.676283359527588,0.0812454223632812,-0.577349007129669,70
738505.47159336355980485678,61.9179077148438,-5.0245304107666,11.8923215866089,-0.0373259149491787,-0.00392156839370728,42.4859962463379,-71.4759368896484,836.827026367188,772.487243652344,-5.40832757949829,-8.90085411071777,123.931098937988,63.2495079040527,-4.88010787963867,1.38911867141724,0.0768375918269157,-0.580130577087402,70
738505.47159562772139906883,61.8830413818359,-5.04851484298706,11.5728826522827,-0.0373259149491787,-0.00392156839370728,42.4859733581543,-71.4757843017578,835.725402832031,771.377197265625,-3.6670229434967,-8.98896026611328,124.012313842773,63.1579742431641,-4.97104120254517,1.95899784564972,0.0718151330947876,-0.583020448684692,70
738505.47159783972892910242,61.8430862426758,-4.73724174499512,11.38099193573,-0.0373259149491787,-0.00392156839370728,42.485954284668,-71.4756393432617,834.73193359375,770.3759765625,-4.16740322113037,-8.88031673431396,124.482643127441,63.0597801208496,-5.05201053619385,-1.917445063591,0.0669315755367279,-0.585675835609436,70
738505.47160003590397536755,61.8368530273438,-4.77407169342041,11.1337795257568,-0.0373259149491787,-0.00392156839370728,42.4859352111816,-71.4755020141602,833.763305664062,769.399841308594,-4.20399236679077,-8.88520050048828,125.216903686523,63.0122947692871,-5.09862327575684,-1.93181085586548,0.0623023733496666,-0.588269531726837,70
738505.47160221717786043882,61.8069839477539,-4.69693470001221,10.7228574752808,-0.0373259149491787,-0.00392156839370728,42.4859199523926,-71.4753570556641,832.793090820312,768.422424316406,-3.44578886032104,-9.11815166473389,125.811462402344,62.9058380126953,-5.12424325942993,1.3991003036499,0.0577994957566261,-0.590790510177612,70
738505.47160446981433779001,61.7919044494629,-4.41441535949707,10.3494853973389,-0.0373259149491787,-0.00392156839370728,42.4859008789062,-71.475212097168,831.837463378906,767.459716796875,-4.76462411880493,-9.40564155578613,126.230972290039,62.8079490661621,-5.12691020965576,1.07457888126373,0.0533556863665581,-0.593308746814728,70
738505.47160665562842041254,61.7942962646484,-4.40299701690674,10.119514465332,-0.0373259149491787,-0.00392156839370728,42.4858856201172,-71.4750671386719,830.922058105469,766.53759765625,-5.29019498825073,-9.56953620910645,126.730331420898,62.7720184326172,-5.0944709777832,-1.62879955768585,0.049377515912056,-0.595696091651917,70
738505.47160867508500814438,61.7820854187012,-4.4087085723877,9.85993766784668,-0.0373259149491787,-0.00392156839370728,42.4858703613281,-71.4749526977539,830.203186035156,765.813659667969,-4.20904207229614,-9.70159339904785,127.193428039551,62.719066619873,-5.05816030502319,-0.870710551738739,0.0464427024126053,-0.597469508647919,70
738505.47161095391493290663,61.7936668395996,-4.11383104324341,9.32957172393799,-0.0373259149491787,-0.00392156839370728,42.4858512878418,-71.4747848510742,829.154907226562,764.758239746094,-4.84400224685669,-10.0257453918457,127.696395874023,62.6292419433594,-4.99245023727417,1.58401656150818,0.0421971939504147,-0.600050568580627,70
738505.47161308676004409790,61.8193473815918,-4.1888427734375,9.06203842163086,-0.0373259149491787,-0.00392156839370728,42.48583984375,-71.4746475219727,828.337219238281,763.935119628906,-5.63454866409302,-10.2241191864014,127.771026611328,62.6202735900879,-4.9209451675415,-0.0335160084068775,0.0391676723957062,-0.60195130109787,70
738505.47161533625330775976,61.7740592956543,-4.23479843139648,8.81435298919678,-0.0373259149491787,-0.00392156839370728,42.4858245849609,-71.474494934082,827.427673339844,763.019897460938,-3.85280108451843,-10.3121538162231,127.828033447266,62.5432739257812,-4.85118913650513,-2.17039847373962,0.0359662435948849,-0.603861391544342,70
738505.47161757026333361864,61.7378005981445,-3.83035206794739,8.37570285797119,-0.0373259149491787,-0.00392156839370728,42.4858093261719,-71.4743576049805,826.586730957031,762.173767089844,-3.94456076622009,-10.4649486541748,128.14128112793,62.4209899902344,-4.79003715515137,-1.08079540729523,0.0328913256525993,-0.605584979057312,70
738505.47161976050119847059,61.7503471374512,-3.60766220092773,7.95105218887329,-0.0373259149491787,-0.00392156839370728,42.4857940673828,-71.4742126464844,825.811218261719,761.393493652344,-4.53374099731445,-10.6364459991455,128.571334838867,62.3645706176758,-4.7008638381958,-0.190961137413979,0.030357489362359,-0.607163429260254,70
738505.47162201115861535072,61.7568626403809,-3.37884855270386,7.56275272369385,-0.0373259149491787,-0.00392156839370728,42.485782623291,-71.4740676879883,825.069458007812,760.647277832031,-3.60565710067749,-10.7179288864136,128.876220703125,62.309886932373,-4.58075094223022,-0.574652016162872,0.0284114740788937,-0.608601450920105,70
738505.47162429429590702057,61.6980628967285,-3.22372627258301,7.24224138259888,-0.0373259149491787,-0.00392156839370728,42.4857711791992,-71.4739151000977,824.341369628906,759.914978027344,-1.85397708415985,-10.6961212158203,128.911499023438,62.205249786377,-4.43401718139648,-2.43735122680664,0.0270055793225765,-0.609899699687958,70
738505.47162655473221093416,61.5803260803223,-2.90874791145325,6.94155025482178,-0.0373259149491787,-0.00392156839370728,42.4857597351074,-71.4737701416016,823.663391113281,759.233032226562,-0.986834347248077,-10.5972900390625,128.734237670898,62.0385551452637,-4.27426481246948,-5.0489935874939,0.0261395499110222,-0.611004412174225,70
738505.47162875498179346323,61.4601287841797,-2.44203639030457,6.57361841201782,-0.0373259149491787,-0.00392156839370728,42.4857482910156,-71.4736251831055,823.091430664062,758.657592773438,-1.6050066947937,-10.5157518386841,128.582962036133,61.8588981628418,-4.09782743453979,-5.72924041748047,0.0259915832430124,-0.611892521381378,70
738505.47163090354297310114,61.3496398925781,-2.17268371582031,6.14066171646118,-0.0373259149491787,-0.00392156839370728,42.4857368469238,-71.4734878540039,822.60595703125,758.169067382812,-1.62296283245087,-10.4981250762939,128.61181640625,61.6944618225098,-3.8886559009552,-3.45000290870667,0.0267423167824745,-0.612596333026886,70
738505.47163316095247864723,61.2119407653809,-1.87277889251709,5.73516130447388,-0.0373259149491787,-0.00392156839370728,42.4857292175293,-71.4733428955078,822.132690429688,757.692932128906,0.0758697539567947,-10.4658002853394,128.656387329102,61.508544921875,-3.64503979682922,-2.89108753204346,0.0283461920917034,-0.613162696361542,70
738505.47163534921128302813,61.0768852233887,-1.34827351570129,5.41235685348511,-0.0373259149491787,-0.00392156839370728,42.4857177734375,-71.4731979370117,821.767028808594,757.324890136719,-1.14139866828918,-10.3503217697144,128.347503662109,61.3310470581055,-3.38365530967712,-5.49500370025635,0.0307933390140533,-0.613538444042206,70
738505.47163752175401896238,60.9356117248535,-1.27515292167664,5.01077079772949,-0.0373259149491787,-0.00392156839370728,42.485710144043,-71.4730606079102,821.449035644531,757.004699707031,-1.03131651878357,-10.3110609054565,127.878791809082,61.1545791625977,-3.09544515609741,-3.07432508468628,0.0342371240258217,-0.61372983455658,70
738505.47163966496009379625,60.7565765380859,-0.897977590560913,4.53980016708374,-0.0373259149491787,-0.00392156839370728,42.4857025146484,-71.4729232788086,821.175354003906,756.729431152344,-0.058592788875103,-10.356650352478,127.586723327637,60.9325675964355,-2.81492924690247,-0.647630274295807,0.0382471829652786,-0.61373633146286,70
738505.47164188663009554148,60.6170196533203,-0.529583215713501,4.23002815246582,-0.0373259149491787,-0.00392156839370728,42.4856948852539,-71.472785949707,820.986328125,756.5390625,-0.929550468921661,-10.3222694396973,127.354583740234,60.7667388916016,-2.52503299713135,-3.10363364219666,0.0430730432271957,-0.613563179969788,70
738505.47164407966192811728,60.4973907470703,-0.309996873140335,3.89972400665283,-0.0373259149491787,-0.00392156839370728,42.4856910705566,-71.4726409912109,820.835510253906,756.387084960938,-1.0173122882843,-10.2668485641479,126.971343994141,60.6237449645996,-2.21592593193054,-3.67560172080994,0.0489388443529606,-0.613192915916443,70
738505.47164631146006286144,60.3705368041992,-0.167866066098213,3.5659384727478,-0.0373259149491787,-0.00392156839370728,42.4856834411621,-71.4725036621094,820.722961425781,756.273742675781,-0.702726244926453,-10.2052621841431,126.422828674316,60.4759941101074,-1.9144526720047,-3.40244197845459,0.0554757453501225,-0.612630248069763,70
738505.47164856526069343090,60.2061500549316,-0.134988397359848,3.20178270339966,-0.0373259149491787,-0.00392156839370728,42.4856796264648,-71.4723587036133,820.62353515625,756.173828125,-0.0873150303959846,-10.1253967285156,125.730926513672,60.2913780212402,-1.6238317489624,-1.92339658737183,0.0627555176615715,-0.611852645874023,70
738505.47165083442814648151,60.0087966918945,-0.14149384200573,2.83189296722412,-0.0373259149491787,-0.00392156839370728,42.4856758117676,-71.4722137451172,820.524841308594,756.06201171875,0.222250208258629,-9.79120540618896,125.062126159668,60.0757446289062,-1.37453269958496,-0.205487698316574,0.0702015981078148,-0.61089289188385,70
738505.47165300452616065741,59.8185806274414,-0.103287734091282,2.52804374694824,-0.0373259149491787,-0.00392156839370728,42.4856719970703,-71.4720764160156,820.433471679688,755.605102539062,-0.316420346498489,-8.32363891601562,124.604476928711,59.8720664978027,-1.17484545707703,-0.10527241230011,0.0774968937039375,-0.609787583351135,70
738505.47165526775643229485,59.6604042053223,-0.175503209233284,2.42260909080505,-0.0373259149491787,-0.00392156839370728,42.485668182373,-71.4719390869141,820.341369628906,755.138793945312,-0.802622973918915,-3.75202369689941,124.489044189453,59.7098274230957,-1.00697815418243,-3.07115650177002,0.085055448114872,-0.608468115329742,70
738505.47165759757626801729,59.5067291259766,-0.320944488048553,2.48877573013306,-0.0373259149491787,-0.00392156839370728,42.4856643676758,-71.471794128418,820.216247558594,754.624084472656,0.787904918193817,1.88393998146057,124.712158203125,59.5596160888672,-0.87775707244873,-5.37044477462769,0.0928485542535782,-0.606894612312317,70
738505.47165992984082549810,59.3088226318359,-0.294307380914688,2.55452656745911,-0.0373259149491787,-0.00392156839370728,42.4856605529785,-71.4716415405273,820.075073242188,754.083801269531,1.32427561283112,4.41106462478638,124.798057556152,59.3645401000977,-0.795683205127716,-2.4735050201416,0.100613936781883,-0.60509580373764,70
738505.47166216967161744833,59.163215637207,-0.282854616641998,2.61676383018494,-0.0373259149491787,-0.00392156839370728,42.4856567382812,-71.4715042114258,819.956420898438,753.597412109375,-0.424676418304443,4.13976144790649,124.518165588379,59.2217330932617,-0.746314346790314,0.197479069232941,0.107721664011478,-0.603314936161041,70
738505.47166447225026786327,59.0466270446777,-0.558005452156067,2.75099515914917,-0.0373259149491787,-0.00392156839370728,42.4856491088867,-71.4713592529297,819.798095703125,753.0537109375,-0.63816773891449,3.49173998832703,124.128562927246,59.1133079528809,-0.716150939464569,-0.228623181581497,0.11509645730257,-0.601335644721985,70
738505.47166681487578898668,58.9120330810547,-0.591400861740112,2.91057729721069,-0.0373259149491787,-0.00392156839370728,42.4856452941895,-71.4712142944336,819.596252441406,752.462219238281,0.176736429333687,2.31544137001038,123.890892028809,58.9868545532227,-0.726045668125153,-1.0932879447937,0.1221544444561,-0.599245011806488,70
738505.47166914155241101980,58.8249778747559,-0.546830773353577,2.88964056968689,-0.0373259149491787,-0.00392156839370728,42.4856414794922,-71.471076965332,819.42578125,751.920715332031,-1.77518558502197,1.99997615814209,123.499244689941,58.8984489440918,-0.753039300441742,1.92357325553894,0.128688037395477,-0.597202956676483,70
738505.47167147486470639706,58.7790946960449,-1.05759263038635,2.83575034141541,-0.0373259149491787,-0.00392156839370728,42.4856376647949,-71.4709320068359,819.18701171875,751.290283203125,-2.40575003623962,1.8740668296814,122.548492431641,58.8569602966309,-0.791814625263214,4.4530086517334,0.135415852069855,-0.595007002353668,70
738505.47167373041156679392,58.7047729492188,-1.29344511032104,2.93450522422791,-0.0373259149491787,-0.00392156839370728,42.4856338500977,-71.4707870483398,818.874267578125,750.672424316406,-1.73868691921234,1.86666584014893,121.421890258789,58.7923049926758,-0.876869320869446,2.81495308876038,0.141139417886734,-0.592873692512512,70
738505.47167601226828992367,58.6546211242676,-1.3162534236908,3.0055820941925,-0.0373259149491787,-0.00392156839370728,42.4856262207031,-71.4706497192383,818.549987792969,750.124450683594,-3.48482489585876,1.85526883602142,120.570930480957,58.7463226318359,-0.997549295425415,2.33581924438477,0.146188735961914,-0.590726375579834,70
738505.47167831507977098227,58.6607208251953,-1.73234605789185,2.95294404029846,-0.0373259149491787,-0.00392156839370728,42.4856224060059,-71.4705047607422,818.177978515625,749.527954101562,-4.71653842926025,1.76512551307678,119.988830566406,58.7605400085449,-1.13235402107239,4.90466165542603,0.150814175605774,-0.588560938835144,70
738505.47168061765842139721,58.6663780212402,-2.22797203063965,2.92661213874817,-0.0373259149491787,-0.00392156839370728,42.4856185913086,-71.4703598022461,817.702453613281,748.826293945312,-3.89969849586487,1.64673936367035,119.353622436523,58.781566619873,-1.30462515354156,6.38035011291504,0.154622107744217,-0.586387574672699,70
738505.47168297145981341600,58.656909942627,-2.51015782356262,3.05002760887146,-0.0373259149491787,-0.00392156839370728,42.4856147766113,-71.4702224731445,817.15576171875,748.053894042969,-4.14462375640869,1.63666462898254,118.581237792969,58.7897644042969,-1.52431702613831,3.51005744934082,0.157332181930542,-0.584205627441406,70
738505.47168518661055713892,58.6567916870117,-2.7781240940094,3.16309428215027,-0.0373259149491787,-0.00392156839370728,42.4856071472168,-71.4700775146484,816.570678710938,747.247497558594,-5.08391761779785,1.64559400081635,118.084381103516,58.8076705932617,-1.76749897003174,1.51395046710968,0.159082874655724,-0.58206582069397,70
738505.47168748022522777319,58.6366119384766,-3.13916373252869,3.17801427841187,-0.0373259149491787,-0.00392156839370728,42.4856033325195,-71.4699401855469,815.915466308594,746.369567871094,-4.23958110809326,1.23463320732117,118.147422790527,58.8065147399902,-2.02957201004028,2.71256613731384,0.160000175237656,-0.57991898059845,70
738505.47168978583067655563,58.595344543457,-3.33469176292419,3.16456389427185,-0.0373259149491787,-0.00392156839370728,42.4855995178223,-71.4697952270508,815.193176269531,745.833862304688,-2.78293561935425,0.61938863992691,118.625099182129,58.7754096984863,-2.31160569190979,4.16174554824829,0.160009279847145,-0.577750980854034,70
738505.47169201087672263384,58.6019592285156,-3.23458766937256,3.28243780136108,-0.0373259149491787,-0.00392156839370728,42.4855918884277,-71.4696578979492,814.499755859375,745.537963867188,-4.44129848480225,0.487392067909241,118.964889526367,58.7828788757324,-2.57592153549194,0.882453203201294,0.159418746829033,-0.575668632984161,70
738505.47169432602822780609,58.6145439147949,-3.85871338844299,3.4366340637207,-0.0373259149491787,-0.00392156839370728,42.4855880737305,-71.4695205688477,813.71240234375,745.16796875,-5.07217407226562,0.646925389766693,118.939880371094,58.8418655395508,-2.82435870170593,-2.77529358863831,0.158441364765167,-0.573490023612976,70
738505.47169660846702754498,58.588191986084,-3.98865413665771,3.4209508895874,-0.0373259149491787,-0.00392156839370728,42.4855842590332,-71.4693756103516,812.85888671875,744.721374511719,-3.89972567558289,0.655341923236847,118.926780700684,58.8233680725098,-3.08085942268372,-0.69012326002121,0.156556695699692,-0.571395456790924,70
738505.47169902233872562647,58.6051597595215,-4.01890563964844,3.452712059021,-0.0373259149491787,-0.00392156839370728,42.4855766296387,-71.4692306518555,811.986328125,744.2666015625,-5.38603687286377,0.579780220985413,119.138206481934,58.844181060791,-3.33904528617859,-1.08247232437134,0.153952986001968,-0.569268882274628,70
738505.47170143015682697296,58.6413497924805,-4.54702043533325,3.59309005737305,-0.0373259149491787,-0.00392156839370728,42.4855690002441,-71.4690856933594,811.008972167969,743.716064453125,-4.9903826713562,0.614745497703552,119.300804138184,58.9270172119141,-3.58833074569702,-4.43760538101196,0.150724709033966,-0.567083656787872,70
738505.47170383832417428493,58.6262855529785,-4.7065896987915,3.58348441123962,-0.0373259149491787,-0.00392156839370728,42.4855651855469,-71.4689331054688,809.972412109375,742.851318359375,-3.95213985443115,0.546107888221741,119.21728515625,58.9239730834961,-3.84702372550964,-2.69162225723267,0.146594613790512,-0.5649773478508,70
738505.47170620516408234835,58.6084136962891,-4.83589601516724,3.47581028938293,-0.0373259149491787,-0.00392156839370728,42.4855575561523,-71.4687881469727,808.913330078125,741.965759277344,-5.29663038253784,0.305587530136108,119.242309570312,58.910213470459,-4.10480403900146,0.572343409061432,0.141700208187103,-0.562863051891327,70
738505.47170848993118852377,58.5987319946289,-5.22977066040039,3.50841212272644,-0.0373259149491787,-0.00392156839370728,42.4855537414551,-71.4686431884766,807.851623535156,741.067138671875,-4.22622680664062,0.167648032307625,119.56844329834,58.9361572265625,-4.33615350723267,-0.697150051593781,0.136532977223396,-0.56090259552002,70
738505.47171073593199253082,58.5856132507324,-5.29112958908081,3.55364012718201,-0.0373259149491787,-0.00392156839370728,42.4855461120605,-71.468505859375,806.726257324219,740.107971191406,-3.49648976325989,0.0690301731228828,119.870750427246,58.9313049316406,-4.57773733139038,-1.83801555633545,0.130496978759766,-0.558918416500092,70
738505.47171299334149807692,58.583911895752,-5.40030813217163,3.45692467689514,-0.0373259149491787,-0.00392156839370728,42.4855422973633,-71.4683685302734,805.638366699219,739.179626464844,-5.02001619338989,-0.158931940793991,119.905494689941,58.9337615966797,-4.79620790481567,0.764479100704193,0.124229148030281,-0.557030260562897,70
738505.47171528276521712542,58.5696678161621,-5.76877355575562,3.37471508979797,-0.0373259149491787,-0.00392156839370728,42.4855346679688,-71.4682235717773,804.440124511719,738.148132324219,-4.97985124588013,-0.452177911996841,119.900253295898,58.9497528076172,-5.01135540008545,2.2172110080719,0.117183186113834,-0.55504983663559,70
738505.47171751409769058228,58.5402336120605,-5.82701587677002,3.41369366645813,-0.0373259149491787,-0.00392156839370728,42.4855308532715,-71.4680862426758,803.240478515625,736.963745117188,-4.07846021652222,-0.682269930839539,120.170829772949,58.9284858703613,-5.22196674346924,-0.0174340978264809,0.109710268676281,-0.55314713716507,70
738505.47171973052900284529,58.5553207397461,-5.7052960395813,3.44347047805786,-0.0373259149491787,-0.00392156839370728,42.4855270385742,-71.4679489135742,802.078186035156,735.80712890625,-5.30887651443481,-1.22268545627594,120.660957336426,58.9332962036133,-5.41393136978149,-2.05799007415771,0.101991780102253,-0.551269829273224,70
738505.47172197303734719753,58.6097602844238,-5.9155011177063,3.33129811286926,-0.0373259149491787,-0.00392156839370728,42.4855194091797,-71.4678115844727,800.90625,734.640686035156,-6.50548267364502,-2.77017021179199,121.056488037109,59.001651763916,-5.57277870178223,-0.453484714031219,0.094182513654232,-0.549383759498596,70
738505.47172438772395253181,58.6347618103027,-6.19780683517456,3.12957763671875,-0.0373259149491787,-0.00392156839370728,42.4855155944824,-71.4676666259766,799.559204101562,733.299011230469,-5.67557764053345,-4.79400205612183,121.162696838379,59.0444107055664,-5.73517990112305,1.80266225337982,0.0852382183074951,-0.547304272651672,70
738505.47172673302702605724,58.6738357543945,-6.14677238464355,2.9473557472229,-0.0373259149491787,-0.00392156839370728,42.4855117797852,-71.4675216674805,798.25927734375,732.00341796875,-6.63223075866699,-6.54406213760376,121.144973754883,59.0685081481934,-5.88912534713745,0.508427739143372,0.0761394649744034,-0.545302152633667,70
738505.47172909544315189123,58.7222862243652,-6.26043224334717,2.74789690971375,-0.0373259149491787,-0.00392156839370728,42.4855041503906,-71.4673767089844,796.902404785156,730.650207519531,-7.31751346588135,-7.17297554016113,121.334823608398,59.1189575195312,-6.03133535385132,-0.950832843780518,0.0665354654192924,-0.543212294578552,70
738505.47173143806867301464,58.7912902832031,-6.24107265472412,2.52902555465698,-0.0373259149491787,-0.00392156839370728,42.4855003356934,-71.4672317504883,795.562561035156,729.313232421875,-7.54064035415649,-7.30495691299438,121.905082702637,59.1756935119629,-6.15824508666992,-2.12498164176941,0.0568231679499149,-0.541110932826996,70
738505.47173369687516242266,58.8576469421387,-6.26052379608154,2.29576373100281,-0.0373259149491787,-0.00392156839370728,42.4854965209961,-71.4670867919922,794.283386230469,728.035827636719,-7.16948080062866,-7.30734491348267,122.708969116211,59.2341728210449,-6.25981330871582,-2.12311220169067,0.0474309399724007,-0.539044559001923,70
738505.47173599107190966606,58.8892974853516,-6.39054822921753,2.00848698616028,-0.0373259149491787,-0.00392156839370728,42.4854927062988,-71.4669494628906,792.957275390625,726.710510253906,-5.95796823501587,-7.31127071380615,123.45329284668,59.2690696716309,-6.3470664024353,-0.237759113311768,0.0377143323421478,-0.536854863166809,70
738505.47173823195043951273,58.9040336608887,-6.36777830123901,1.68715989589691,-0.0373259149491787,-0.00392156839370728,42.4854927062988,-71.4668045043945,791.628234863281,725.431762695312,-5.61065673828125,-7.41018438339233,123.782447814941,59.2712440490723,-6.42671823501587,1.48600316047668,0.027854660525918,-0.534595787525177,70
738505.47174043313134461641,58.9497032165527,-6.31297159194946,1.45266532897949,-0.0373259149491787,-0.00392156839370728,42.4854888916016,-71.466667175293,790.352661132812,724.374084472656,-6.77697896957397,-7.52065753936768,123.735092163086,59.3045654296875,-6.49173402786255,0.217229828238487,0.0182497315108776,-0.532328963279724,70
738505.47174284281209111214,59.0302200317383,-6.32502603530884,1.27749609947205,-0.0373259149491787,-0.00392156839370728,42.4854888916016,-71.4665222167969,789.004150390625,723.257080078125,-7.8849892616272,-7.50201988220215,123.603927612305,59.3818550109863,-6.5425443649292,-2.57576847076416,0.00807422120124102,-0.529798984527588,70
738505.47174509125761687756,59.085319519043,-6.39937496185303,1.07137775421143,-0.0373259149491787,-0.00392156839370728,42.4854850769043,-71.4663848876953,787.67138671875,722.150756835938,-7.27634954452515,-7.37597560882568,123.730255126953,59.4405136108398,-6.58094882965088,-3.08688044548035,-0.00191267707850784,-0.527212798595428,70
738505.47174734470900148153,59.1208457946777,-6.25254964828491,0.747166037559509,-0.0373259149491787,-0.00392156839370728,42.4854850769043,-71.4662399291992,786.361022949219,721.063415527344,-6.75799655914307,-7.37719058990479,124.132637023926,59.4552536010742,-6.6148247718811,-1.01450407505035,-0.0118502276018262,-0.524540424346924,70
738505.47174957278184592724,59.2105560302734,-6.09968090057373,0.440038472414017,-0.0373259149491787,-0.00392156839370728,42.4854850769043,-71.4661026000977,785.09375,720.019104003906,-8.13425922393799,-7.52465867996216,124.512969970703,59.5255355834961,-6.62689304351807,-0.704557478427887,-0.0216114055365324,-0.521743953227997,70
738505.47175177244935184717,59.2804222106934,-6.28880071640015,0.288780212402344,-0.0373259149491787,-0.00392156839370728,42.4854850769043,-71.4659652709961,783.869445800781,719.008056640625,-7.79395341873169,-7.4499831199646,124.714836120605,59.6137657165527,-6.61780548095703,-2.84345269203186,-0.0307218655943871,-0.518952012062073,70
738505.47175401612184941769,59.2824287414551,-6.3001184463501,0.0895031467080116,-0.0373259149491787,-0.00392156839370728,42.4854850769043,-71.4658279418945,782.577880859375,717.9365234375,-6.08474922180176,-6.71327114105225,124.942855834961,59.6163215637207,-6.61560487747192,-3.27279543876648,-0.0402636118233204,-0.515934467315674,70
738505.47175631776917725801,59.2621688842773,-5.97903394699097,-0.228841349482536,-0.0373259149491787,-0.00392156839370728,42.4854850769043,-71.4656829833984,781.309875488281,716.890808105469,-6.40156650543213,-5.34250640869141,125.495155334473,59.5634613037109,-6.61399698257446,-0.878889381885529,-0.0499505437910557,-0.51274973154068,70
738505.47175857110414654016,59.2893943786621,-5.88934946060181,-0.493479937314987,-0.0373259149491787,-0.00392156839370728,42.4854850769043,-71.4655456542969,780.068786621094,715.875,-6.96937322616577,-3.84895348548889,126.361236572266,59.5832176208496,-6.58293581008911,1.05018603801727,-0.0593778491020203,-0.509373486042023,70
738505.47176076122559607029,59.3182106018066,-5.83428430557251,-0.584605813026428,-0.0373259149491787,-0.00392156839370728,42.4854888916016,-71.4654006958008,778.870056152344,714.893371582031,-5.76990032196045,-2.27364253997803,127.089469909668,59.6073036193848,-6.53492784500122,-0.0124442325904965,-0.0681740492582321,-0.50599479675293,70
738505.47176303621381521225,59.3445129394531,-5.67598819732666,-0.60113799571991,-0.0373259149491787,-0.00392156839370728,42.4854888916016,-71.4652633666992,777.699401855469,713.939880371094,-5.82568693161011,-0.625930905342102,127.465103149414,59.6183624267578,-6.47673320770264,-1.33048117160797,-0.0767487660050392,-0.502473890781403,70
738505.47176530049182474613,59.4032745361328,-5.45117425918579,-0.644249141216278,-0.0373259149491787,-0.00392156839370728,42.4854927062988,-71.4651184082031,776.51611328125,712.984008789062,-7.15606498718262,1.04628348350525,127.599807739258,59.6563453674316,-6.39725303649902,-0.223379984498024,-0.0853201895952225,-0.498656868934631,70
738505.47176757873967289925,59.4693450927734,-5.40410566329956,-0.70761775970459,-0.0373259149491787,-0.00392156839370728,42.4854927062988,-71.4649810791016,775.39892578125,712.086669921875,-7.55660057067871,2.57917165756226,127.754409790039,59.7185745239258,-6.3002233505249,2.59530901908875,-0.0931317061185837,-0.494865477085114,70
738505.47176989924628287554,59.5222587585449,-5.38340520858765,-0.650904178619385,-0.0373259149491787,-0.00392156839370728,42.4854965209961,-71.4648361206055,774.228515625,711.028564453125,-6.29650211334229,4.17026615142822,128.036117553711,59.7687530517578,-6.19417381286621,3.33516979217529,-0.101016826927662,-0.490772128105164,70
738505.47177224617917090654,59.6035003662109,-5.07704877853394,-0.379652768373489,-0.0373259149491787,-0.00392156839370728,42.4854965209961,-71.4646911621094,773.102783203125,709.865112304688,-6.42233324050903,5.77697134017944,128.234664916992,59.8205451965332,-6.09332942962646,0.393040031194687,-0.108588524162769,-0.48664316534996,70
738505.47177452512551099062,59.6885795593262,-5.13533926010132,-0.143347814679146,-0.0373259149491787,-0.00392156839370728,42.4854965209961,-71.4645462036133,772.025451660156,708.750122070312,-7.43145132064819,6.46306324005127,128.293655395508,59.9092559814453,-5.97802591323853,-0.626024544239044,-0.115604870021343,-0.48247754573822,70
738505.47177680779714137316,59.677547454834,-5.16243362426758,-0.0392924062907696,-0.0373259149491787,-0.00392156839370728,42.4855003356934,-71.4644012451172,770.953002929688,707.641052246094,-5.2721381187439,6.2501106262207,128.486206054688,59.9004325866699,-5.87630319595337,2.62976503372192,-0.122220613062382,-0.478426605463028,70
738505.47177905903663486242,59.6737785339355,-4.68519067764282,0.212391033768654,-0.0373259149491787,-0.00392156839370728,42.4855003356934,-71.4642639160156,769.927551269531,706.578491210938,-5.23809051513672,5.99682569503784,129.085006713867,59.8577995300293,-5.78373670578003,2.10876727104187,-0.128775641322136,-0.474314838647842,70
738505.47178137628361582756,59.7006492614746,-4.64688777923584,0.43681612610817,-0.0373259149491787,-0.00392156839370728,42.4855003356934,-71.4641189575195,768.936889648438,705.549682617188,-5.40264797210693,5.77636432647705,129.893737792969,59.8828163146973,-5.66177606582642,1.18389296531677,-0.134788796305656,-0.470108419656754,70
738505.47178358735982328653,59.6646270751953,-4.64954805374146,0.528311371803284,-0.0373259149491787,-0.00392156839370728,42.4855003356934,-71.4639739990234,767.957946777344,704.533386230469,-3.69754791259766,5.45415639877319,130.364471435547,59.8478507995605,-5.53812456130981,3.96178317070007,-0.140263572335243,-0.466045498847961,70
738505.47178580542095005512,59.6133575439453,-4.28293561935425,0.681017160415649,-0.0373259149491787,-0.00392156839370728,42.4854965209961,-71.4638366699219,767.035949707031,703.574523925781,-4.43610382080078,5.12563228607178,130.514053344727,59.7708930969238,-5.42042827606201,4.61643886566162,-0.145426824688911,-0.462063103914261,70
738505.47178803570568561554,59.5879783630371,-4.31163501739502,0.923728823661804,-0.0373259149491787,-0.00392156839370728,42.4854965209961,-71.4636993408203,766.152404785156,702.654052734375,-4.7734751701355,4.94551706314087,130.707946777344,59.750904083252,-5.28861570358276,1.64298951625824,-0.150028020143509,-0.45814523100853,70
738505.47179029812105000019,59.5586433410645,-4.22342491149902,1.1087898015976,-0.0373259149491787,-0.00392156839370728,42.4854965209961,-71.4635543823242,765.241088867188,701.704833984375,-3.66023421287537,4.79270267486572,130.8349609375,59.7184982299805,-5.1592173576355,1.51886832714081,-0.154473811388016,-0.454181700944901,70
738505.47179243993014097214,59.5548820495605,-4.01433658599854,1.2151426076889,-0.0373259149491787,-0.00392156839370728,42.4854965209961,-71.4634170532227,764.410400390625,700.837768554688,-5.00307130813599,4.59010124206543,130.530776977539,59.702392578125,-5.04082679748535,2.93253183364868,-0.158455669879913,-0.450471520423889,70
738505.47179470583796501160,59.556282043457,-4.19798278808594,1.40727365016937,-0.0373259149491787,-0.00392156839370728,42.4854927062988,-71.4632797241211,763.556884765625,699.946838378906,-5.61445188522339,4.46470308303833,129.898818969727,59.7206344604492,-4.91904258728027,0.715603053569794,-0.162200063467026,-0.446712791919708,70
738505.47179693833459168673,59.5214653015137,-4.33273983001709,1.6887389421463,-0.0373259149491787,-0.00392156839370728,42.4854888916016,-71.463134765625,762.644165039062,698.995727539062,-3.95539307594299,4.52862071990967,129.339172363281,59.7028427124023,-4.82488203048706,-2.7576642036438,-0.166111305356026,-0.442947626113892,70
738505.47179919935297220945,59.5010261535645,-4.142991065979,1.8379887342453,-0.0373259149491787,-0.00392156839370728,42.4854888916016,-71.4629974365234,761.758239746094,698.071655273438,-4.13574695587158,4.61119508743286,128.916168212891,59.6734008789062,-4.763267993927,-1.38984453678131,-0.17015714943409,-0.439298927783966,70
738505.47180157073307782412,59.486198425293,-4.44479846954346,1.87711358070374,-0.0373259149491787,-0.00392156839370728,42.4854850769043,-71.4628524780273,760.807922363281,697.080993652344,-3.78968930244446,4.59034252166748,128.247985839844,59.6815528869629,-4.71044015884399,1.56415557861328,-0.174369096755981,-0.435525059700012,70
738505.47180375189054757357,59.4104881286621,-4.52329015731812,2.05926966667175,-0.0373259149491787,-0.00392156839370728,42.485481262207,-71.4627075195312,759.867492675781,696.1025390625,-2.14015293121338,4.6165771484375,127.386222839355,59.6180076599121,-4.69655704498291,0.536913573741913,-0.178672835230827,-0.432096660137177,70
738505.47180601209402084351,59.315185546875,-4.24947690963745,2.23045086860657,-0.0373259149491787,-0.00392156839370728,42.485481262207,-71.4625701904297,758.97509765625,695.1728515625,-2.70287656784058,4.59269714355469,126.747108459473,59.5090255737305,-4.70439386367798,0.721631705760956,-0.18312081694603,-0.428810864686966,70
738505.47180829045828431845,59.2483749389648,-4.15465831756592,2.30923843383789,-0.0373259149491787,-0.00392156839370728,42.4854774475098,-71.4624328613281,758.068969726562,694.227172851562,-2.91242074966431,4.4270076751709,126.558433532715,59.4387397766113,-4.69787740707397,2.96293163299561,-0.187579214572906,-0.425406247377396,70
738505.47181044996250420809,59.1723556518555,-4.09602308273315,2.41087126731873,-0.0373259149491787,-0.00392156839370728,42.4854736328125,-71.4622955322266,757.2265625,693.347534179688,-1.64993190765381,4.20508575439453,126.596588134766,59.3629302978516,-4.67540740966797,3.73447012901306,-0.191522106528282,-0.422294437885284,70
738505.47181272623129189014,59.0661582946777,-3.89549684524536,2.62491345405579,-0.0373259149491787,-0.00392156839370728,42.4854698181152,-71.4621505737305,756.373779296875,692.455810546875,-1.24321317672729,3.98554491996765,126.514587402344,59.2526435852051,-4.63793754577637,1.46307671070099,-0.195393979549408,-0.419110804796219,70
738505.47181500517763197422,59.0360336303711,-3.10138249397278,2.98941898345947,-0.0373259149491787,-0.00392156839370728,42.485466003418,-71.4620132446289,755.6416015625,691.684753417969,-4.08757400512695,3.90128684043884,126.270774841309,59.1929740905762,-4.56339883804321,-3.30540680885315,-0.198619574308395,-0.416027754545212,70
738505.47181720496155321598,59.0047988891602,-3.32080841064453,3.11049866676331,-0.0373259149491787,-0.00392156839370728,42.4854583740234,-71.4618759155273,754.960815429688,690.965637207031,-4.74157762527466,3.79698657989502,126.194801330566,59.1799774169922,-4.42471885681152,-2.65051531791687,-0.200658470392227,-0.413095861673355,70
738505.47181950707454234362,58.9448738098145,-3.20198011398315,3.18377923965454,-0.0373259149491787,-0.00392156839370728,42.4854545593262,-71.4617309570312,754.242065429688,690.20703125,-3.36335682868958,3.61517405509949,126.450736999512,59.1175727844238,-4.27188301086426,-0.288387954235077,-0.202371403574944,-0.410137563943863,70
738505.47182168229483067989,58.8835105895996,-3.04061365127563,3.30092740058899,-0.0373259149491787,-0.00392156839370728,42.4854507446289,-71.4615936279297,753.582458496094,689.50927734375,-3.19108152389526,3.47335004806519,126.823928833008,59.0542907714844,-4.12964582443237,-0.12013403326273,-0.203709468245506,-0.40741816163063,70
738505.47182391793467104435,58.8652534484863,-2.89474487304688,3.47194170951843,-0.0373259149491787,-0.00392156839370728,42.4854431152344,-71.4614562988281,752.945373535156,688.833251953125,-3.99457788467407,3.34779477119446,127.061416625977,59.0385665893555,-3.98405289649963,-1.63440823554993,-0.204680308699608,-0.404738306999207,70
738505.47182612190954387188,58.8585433959961,-2.98048520088196,3.61310720443726,-0.0373259149491787,-0.00392156839370728,42.4854393005371,-71.4613265991211,752.332885742188,688.182983398438,-3.99726176261902,2.93526101112366,127.013702392578,59.0446090698242,-3.84577703475952,-2.46448016166687,-0.205273002386093,-0.402230143547058,70
738505.47182846022769808769,58.7881469726562,-3.1070921421051,3.66014194488525,-0.0373259149491787,-0.00392156839370728,42.4854316711426,-71.461181640625,751.641174316406,687.450317382812,-2.54146075248718,1.78699827194214,126.745895385742,58.9838714599609,-3.72238302230835,-0.602060854434967,-0.20588418841362,-0.399594932794571,70
738505.47183105885051190853,58.6552505493164,-2.93227982521057,3.63593578338623,-0.0373259149491787,-0.00392156839370728,42.4854278564453,-71.4610214233398,750.898681640625,686.66357421875,-2.10606455802917,0.520054817199707,126.537109375,58.8409423828125,-3.62806606292725,1.75337135791779,-0.206688940525055,-0.396838396787643,70
738505.47183343558572232723,58.5647430419922,-2.71199107170105,3.64139699935913,-0.0373259149491787,-0.00392156839370728,42.4854202270508,-71.4608688354492,750.234191894531,685.932312011719,-3.02053284645081,0.248141020536423,126.628471374512,58.740478515625,-3.54625725746155,1.50633716583252,-0.2072414457798,-0.394300073385239,70
738505.47183565888553857803,58.5153503417969,-2.63591599464417,3.70607852935791,-0.0373259149491787,-0.00392156839370728,42.4854125976562,-71.4607315063477,749.65087890625,685.268859863281,-3.14168977737427,0.219342038035393,126.881607055664,58.6918144226074,-3.46009993553162,-0.249705031514168,-0.207337662577629,-0.392025083303452,70
738505.47183784819208085537,58.4489898681641,-2.69034886360168,3.77307534217834,-0.0373259149491787,-0.00392156839370728,42.485408782959,-71.4605941772461,749.078979492188,684.618713378906,-2.12401270866394,0.137136563658714,127.026710510254,58.6324005126953,-3.37325048446655,-1.40980708599091,-0.207159265875816,-0.389848947525024,70
738505.47184000804554671049,58.3477973937988,-2.6641685962677,3.7657413482666,-0.0373259149491787,-0.00392156839370728,42.4854011535645,-71.4604644775391,748.504333496094,683.966125488281,-1.53778731822968,-0.11212994158268,126.892860412598,58.529857635498,-3.29798913002014,-0.389530509710312,-0.206920489668846,-0.387724220752716,70
738505.47184223344083875418,58.2484703063965,-2.52645206451416,3.69342637062073,-0.0373259149491787,-0.00392156839370728,42.4853973388672,-71.4603271484375,747.945251464844,683.328979492188,-2.43201446533203,-0.51141345500946,126.557113647461,58.4201049804688,-3.23177647590637,1.56287980079651,-0.20660512149334,-0.385629415512085,70
738505.47184434300288558006,58.158275604248,-2.67700481414795,3.67659330368042,-0.0373259149491787,-0.00392156839370728,42.4853897094727,-71.4601974487305,747.418395996094,682.7275390625,-2.82914352416992,-0.850985169410706,126.350708007812,58.3358268737793,-3.16797041893005,1.26844108104706,-0.206113070249557,-0.383655458688736,70
738505.47184658935293555260,58.0505294799805,-2.58224081993103,3.74427270889282,-0.0373259149491787,-0.00392156839370728,42.4853858947754,-71.4600601196289,746.842834472656,682.129089355469,-1.30375254154205,-0.865281581878662,126.401741027832,58.228443145752,-3.11909604072571,-1.14925611019135,-0.20568735897541,-0.38162836432457,70
738505.47184907936025410891,57.9690780639648,-2.43005061149597,3.65427041053772,-0.0373259149491787,-0.00392156839370728,42.4853782653809,-71.4599151611328,746.269470214844,681.530944824219,-2.75620794296265,-0.860018789768219,126.308441162109,58.134952545166,-3.06966590881348,0.907413005828857,-0.205111637711525,-0.379447788000107,70
738505.47185130557045340538,57.8687553405762,-2.77353596687317,3.59303140640259,-0.0373259149491787,-0.00392156839370728,42.4853706359863,-71.4597702026367,745.635314941406,680.87109375,-1.84404230117798,-0.907880783081055,125.890205383301,58.0464897155762,-3.02050018310547,1.76206314563751,-0.204386532306671,-0.377230197191238,70
738505.47185344004537910223,57.7352104187012,-2.58640456199646,3.66004705429077,-0.0373259149491787,-0.00392156839370728,42.4853668212891,-71.4596405029297,745.072631835938,680.286193847656,-1.23217380046844,-0.855401396751404,125.625663757324,57.9088935852051,-3.00574564933777,-0.977905988693237,-0.204053074121475,-0.375320851802826,70
738505.47185567824635654688,57.6654052734375,-2.67719793319702,3.68211674690247,-0.0373259149491787,-0.00392156839370728,42.4853630065918,-71.4595031738281,744.498962402344,679.689270019531,-1.84535264968872,-0.828531384468079,125.466232299805,57.8448295593262,-2.99469041824341,-1.93151760101318,-0.203697681427002,-0.373310565948486,70
738505.47185781225562095642,57.6227378845215,-2.88845920562744,3.5938572883606,-0.0373259149491787,-0.00392156839370728,42.4853553771973,-71.4593658447266,743.912048339844,679.079711914062,-2.01410222053528,-0.843389987945557,124.922592163086,57.8069114685059,-2.99362850189209,0.26434662938118,-0.203452616930008,-0.37136846780777,70
738505.47186008072458207607,57.5607566833496,-3.11868071556091,3.51701068878174,-0.0373259149491787,-0.00392156839370728,42.4853515625,-71.459228515625,743.236083984375,678.379577636719,-2.11100554466248,-0.868820786476135,123.771484375,57.752368927002,-3.02143120765686,1.45831954479218,-0.203610241413116,-0.369305104017258,70
738505.47186222020536661148,57.5101051330566,-3.14505052566528,3.53189611434937,-0.0373259149491787,-0.00392156839370728,42.4853439331055,-71.459098815918,742.598754882812,677.720153808594,-3.5811448097229,-1.00936663150787,122.602272033691,57.7042274475098,-3.07517623901367,-0.40305233001709,-0.204228356480598,-0.367434114217758,70
738505.47186454560142010450,57.500129699707,-3.25389885902405,3.53541612625122,-0.0373259149491787,-0.00392156839370728,42.4853401184082,-71.4589614868164,741.911315917969,677.009216308594,-5.13626050949097,-1.19234645366669,121.777725219727,57.7005386352539,-3.145676612854,-1.72596180438995,-0.20519258081913,-0.365435212850571,70
738505.47186689090449362993,57.4861183166504,-3.48593044281006,3.41067981719971,-0.0373259149491787,-0.00392156839370728,42.4853324890137,-71.4588165283203,741.147094726562,676.22021484375,-4.39674472808838,-1.74716818332672,121.557762145996,57.6926193237305,-3.23290491104126,0.827657163143158,-0.206584542989731,-0.363315939903259,70
738505.47186917811632156372,57.4462394714355,-3.64452862739563,3.20069694519043,-0.0373259149491787,-0.00392156839370728,42.4853286743164,-71.4586791992188,740.36083984375,675.40966796875,-3.19015502929688,-4.25793313980103,121.632583618164,57.6506462097168,-3.33805084228516,4.20054388046265,-0.208482265472412,-0.361249297857285,70
738505.47187133075203746557,57.4204940795898,-3.71623349189758,3.01765894889832,-0.0373259149491787,-0.00392156839370728,42.4853210449219,-71.4585494995117,739.606750488281,674.632690429688,-3.5233952999115,-7.37390756607056,121.593658447266,57.6196975708008,-3.44904708862305,3.67888522148132,-0.210713297128677,-0.359301328659058,70
738505.47187358140945434570,57.4176826477051,-3.91702032089233,2.86354613304138,-0.0373259149491787,-0.00392156839370728,42.4853172302246,-71.4584121704102,738.810485839844,673.812927246094,-4.24854898452759,-10.0321979522705,121.325141906738,57.6223335266113,-3.56645679473877,0.279138624668121,-0.213353097438812,-0.357272624969482,70
738505.47187582775950431824,57.3863906860352,-4.21965980529785,2.63327050209045,-0.0373259149491787,-0.00392156839370728,42.4853134155273,-71.4582748413086,737.941284179688,672.919616699219,-3.40129709243774,-10.9124155044556,120.999206542969,57.6015396118164,-3.6985559463501,-1.39644169807434,-0.216576352715492,-0.355153769254684,70
738505.47187806270085275173,57.3059768676758,-4.29430818557739,2.24364352226257,-0.0373259149491787,-0.00392156839370728,42.4853096008301,-71.4581451416016,737.053955078125,672.008483886719,-2.4515323638916,-11.0870695114136,120.875953674316,57.5104370117188,-3.84713101387024,0.113880842924118,-0.220399647951126,-0.353026151657104,70
738505.47188032034318894148,57.2394866943359,-4.24919557571411,1.80725610256195,-0.0373259149491787,-0.00392156839370728,42.4853057861328,-71.4580078125,736.149353027344,671.079345703125,-3.07335233688354,-11.3152389526367,121.01473236084,57.4254341125488,-4.00003528594971,1.09918606281281,-0.224748954176903,-0.350771486759186,70
738505.47188253724016249180,57.2320289611816,-4.28942728042603,1.47381949424744,-0.0373259149491787,-0.00392156839370728,42.4853057861328,-71.457878112793,735.289428710938,670.195617675781,-4.28978776931763,-11.4799070358276,121.241889953613,57.4114646911621,-4.12636232376099,-0.448521167039871,-0.229054152965546,-0.348509937524796,70
738505.47188483865465968847,57.2208099365234,-4.53896808624268,1.20218122005463,-0.0373259149491787,-0.00392156839370728,42.4853019714355,-71.4577331542969,734.340270996094,669.221130371094,-3.61124539375305,-11.4393758773804,121.342712402344,57.413143157959,-4.24387121200562,-2.54744458198547,-0.233790144324303,-0.345993399620056,70
738505.47188697254750877619,57.1604499816895,-4.64214611053467,0.877251923084259,-0.0373259149491787,-0.00392156839370728,42.4853019714355,-71.4576034545898,733.421997070312,668.279174804688,-2.75948810577393,-11.3850593566895,121.28539276123,57.3553504943848,-4.35719347000122,-2.66659832000732,-0.238632887601852,-0.343548059463501,70
738505.47188916220329701900,57.0887222290039,-4.53935146331787,0.439318478107452,-0.0373259149491787,-0.00392156839370728,42.4853019714355,-71.4574737548828,732.496948242188,667.329956054688,-3.57074856758118,-11.407036781311,121.296607971191,57.2705955505371,-4.47144317626953,-1.20813822746277,-0.243871599435806,-0.340936690568924,70
738505.47189134464133530855,57.0612831115723,-4.48630714416504,0.0198486410081387,-0.0373259149491787,-0.00392156839370728,42.4853019714355,-71.4573440551758,731.590026855469,666.3984375,-5.03213500976562,-11.3336763381958,121.642646789551,57.237377166748,-4.56428480148315,-0.740055620670319,-0.249172508716583,-0.338153392076492,70
738505.47189362277276813984,57.0351142883301,-4.63334131240845,-0.281424075365067,-0.0373259149491787,-0.00392156839370728,42.4853019714355,-71.4571990966797,730.556884765625,665.337768554688,-3.88892245292664,-10.8010740280151,122.353332519531,57.2236938476562,-4.64378643035889,-3.04260587692261,-0.255066752433777,-0.334856808185577,70
738505.47189575317315757275,57.0007514953613,-4.52057647705078,-0.549393117427826,-0.0373259149491787,-0.00392156839370728,42.4853019714355,-71.4570770263672,729.667663574219,664.424682617188,-3.82761549949646,-9.85386943817139,122.846237182617,57.1823654174805,-4.70473051071167,-5.00480842590332,-0.260303139686584,-0.331881016492844,70
738505.47189803246874362230,56.9800071716309,-4.5058069229126,-0.909559726715088,-0.0373259149491787,-0.00392156839370728,42.4853057861328,-71.4569396972656,728.71826171875,663.449157714844,-5.28449964523315,-7.72421169281006,123.168907165527,57.1651191711426,-4.75158262252808,-3.30559587478638,-0.265946805477142,-0.328434258699417,70
738505.47190025274176150560,56.9374465942383,-4.67356061935425,-1.21677255630493,-0.0373259149491787,-0.00392156839370728,42.4853096008301,-71.4568099975586,727.789611816406,662.495300292969,-4.47741651535034,-5.80492973327637,123.520713806152,57.1418914794922,-4.7839937210083,-0.511439681053162,-0.271332651376724,-0.32498624920845,70
738505.47190262493677437305,56.8791542053223,-4.4314227104187,-1.40193486213684,-0.0373259149491787,-0.00392156839370728,42.4853096008301,-71.4566650390625,726.774108886719,661.452087402344,-3.31906509399414,-3.81496262550354,124.107894897461,57.0687408447266,-4.82135486602783,-1.43841552734375,-0.277442455291748,-0.320973515510559,70
738505.47190494928508996964,56.8857841491699,-4.16137027740479,-1.51053273677826,-0.0373259149491787,-0.00392156839370728,42.4853134155273,-71.4565277099609,725.86669921875,660.517883300781,-4.74040699005127,-1.90327608585358,124.588157653809,57.057788848877,-4.82833194732666,-2.24227023124695,-0.283014088869095,-0.316945374011993,70
738505.47190729738213121891,56.8778610229492,-4.34594583511353,-1.68439733982086,-0.0373259149491787,-0.00392156839370728,42.4853172302246,-71.4563903808594,724.942443847656,659.566345214844,-4.30693387985229,-0.0925866588950157,124.679916381836,57.0685157775879,-4.79944467544556,1.34711515903473,-0.288201063871384,-0.312668561935425,70
738505.47190967632923275232,56.8341789245605,-4.16730976104736,-1.73516392707825,-0.0373259149491787,-0.00392156839370728,42.4853210449219,-71.4562377929688,723.965515136719,658.560791015625,-3.47021317481995,1.82440292835236,124.550895690918,57.0131645202637,-4.76799631118774,2.46223950386047,-0.293621957302094,-0.307992160320282,70
738505.47191204619593918324,56.8381690979004,-3.83736348152161,-1.59139633178711,-0.0373259149491787,-0.00392156839370728,42.4853248596191,-71.4561004638672,723.10009765625,657.668029785156,-4.84395503997803,3.75114727020264,124.634841918945,56.9897804260254,-4.72021007537842,0.00348999304696918,-0.298471301794052,-0.303389012813568,70
738505.47191452630795538425,56.8749809265137,-3.87944960594177,-1.47585892677307,-0.0373259149491787,-0.00392156839370728,42.4853286743164,-71.4559555053711,722.227722167969,656.767272949219,-4.59274959564209,5.74472045898438,124.855407714844,57.026237487793,-4.63675165176392,0.713218688964844,-0.302869141101837,-0.298468858003616,70
738505.47191684506833553314,56.8895645141602,-3.87226819992065,-1.38499760627747,-0.0373259149491787,-0.00392156839370728,42.4853324890137,-71.4558181762695,721.360534667969,655.872375488281,-3.72305822372437,7.58905839920044,124.726249694824,57.0380172729492,-4.55159568786621,3.98847723007202,-0.306936889886856,-0.293550372123718,70
738505.47191919665783643723,56.9153175354004,-3.72227573394775,-1.13495874404907,-0.0373259149491787,-0.00392156839370728,42.4853363037109,-71.4556732177734,720.519958496094,655.004211425781,-5.06966304779053,9.45193481445312,124.238395690918,57.0481948852539,-4.47221040725708,4.23370456695557,-0.310840785503387,-0.288571923971176,70
738505.47192153730429708958,56.9552459716797,-3.78550481796265,-0.739835858345032,-0.0373259149491787,-0.00392156839370728,42.4853363037109,-71.4555358886719,719.6884765625,654.145385742188,-5.69723701477051,11.4374704360962,123.874542236328,57.0857048034668,-4.39148092269897,1.66342031955719,-0.314480602741241,-0.283544421195984,70
738505.47192396887112408876,56.9786071777344,-3.8271164894104,-0.30332413315773,-0.0373259149491787,-0.00392156839370728,42.4853401184082,-71.4553909301758,718.827392578125,653.256713867188,-4.43961906433105,13.4651336669922,123.88062286377,57.107795715332,-4.32462453842163,1.24300456047058,-0.318141013383865,-0.278441518545151,70
738505.47192627191543579102,57.0077667236328,-3.65761876106262,0.153376579284668,-0.0373259149491787,-0.00392156839370728,42.4853401184082,-71.4552459716797,718.002685546875,652.405151367188,-4.71024036407471,15.1150283813477,123.995597839355,57.125186920166,-4.27357196807861,3.11929607391357,-0.321729063987732,-0.273478716611862,70
738505.47192867938429117203,57.0666999816895,-3.71785855293274,0.684067845344543,-0.0373259149491787,-0.00392156839370728,42.4853401184082,-71.4551010131836,717.172668457031,651.547973632812,-5.44656467437744,16.3341064453125,123.922714233398,57.1917724609375,-4.21908521652222,2.5382821559906,-0.325162172317505,-0.268467962741852,70
738505.47193109523504972458,57.084789276123,-3.95523953437805,1.3213632106781,-0.0373259149491787,-0.00392156839370728,42.4853363037109,-71.4549560546875,716.299743652344,650.648010253906,-4.17437648773193,16.1441020965576,123.591094970703,57.2369041442871,-4.17932653427124,-0.95463502407074,-0.32864186167717,-0.263562470674515,70
738505.47193328046705573797,57.0572204589844,-3.94269132614136,1.92690289020538,-0.0373259149491787,-0.00392156839370728,42.4853363037109,-71.4548263549805,715.4599609375,649.783325195312,-2.87604784965515,15.7411127090454,123.247222900391,57.2257308959961,-4.17330169677734,-1.95674455165863,-0.332235813140869,-0.259134978055954,70
738505.47193555801641196012,57.0336570739746,-3.77705025672913,2.40950655937195,-0.0373259149491787,-0.00392156839370728,42.4853324890137,-71.4546890258789,714.637756347656,648.936218261719,-3.29494094848633,15.3139524459839,123.013107299805,57.2093505859375,-4.17925596237183,0.992839634418488,-0.335975289344788,-0.254823625087738,70
738505.47193767642602324486,57.0371780395508,-3.82024312019348,2.78098392486572,-0.0373259149491787,-0.00392156839370728,42.4853286743164,-71.4545593261719,713.871337890625,647.801208496094,-3.59367084503174,14.8613214492798,122.776023864746,57.2325782775879,-4.17632102966309,3.39445877075195,-0.339357435703278,-0.250936627388,70
738505.47193974815309047699,57.0253601074219,-3.98116540908813,3.21489000320435,-0.0373259149491787,-0.00392156839370728,42.4853248596191,-71.4544296264648,713.113098144531,645.526489257812,-2.81753706932068,14.4811353683472,122.370468139648,57.2544898986816,-4.17444610595703,2.13827347755432,-0.34259906411171,-0.247396990656853,70
738505.47194198495708405972,56.9851303100586,-3.9878101348877,3.74665069580078,-0.0373259149491787,-0.00392156839370728,42.4853172302246,-71.4542999267578,712.288696289062,643.094055175781,-2.59181690216064,14.1762094497681,121.720993041992,57.2472267150879,-4.18701553344727,0.155237391591072,-0.346267521381378,-0.243817210197449,70
738505.47194412408862262964,56.9556274414062,-3.88435220718384,4.1803879737854,-0.0373259149491787,-0.00392156839370728,42.4853134155273,-71.4541778564453,711.507202148438,640.764221191406,-3.65141129493713,13.9986238479614,121.120246887207,57.2407836914062,-4.20440149307251,1.21873557567596,-0.349907040596008,-0.240579828619957,70
738505.47194631036836653948,56.9362754821777,-3.92126321792603,4.50613403320312,-0.0373259149491787,-0.00392156839370728,42.4853057861328,-71.4540405273438,710.713745117188,638.389221191406,-3.92993307113647,13.7358131408691,120.822273254395,57.2487640380859,-4.21489191055298,4.10123252868652,-0.353557258844376,-0.237480103969574,70
738505.47194847057107836008,56.8991966247559,-4.03664064407349,4.87864589691162,-0.0373259149491787,-0.00392156839370728,42.4852981567383,-71.4539108276367,709.889526367188,635.966735839844,-2.89333486557007,13.4581174850464,120.845458984375,57.2504501342773,-4.22543621063232,4.72122383117676,-0.357288718223572,-0.234579011797905,70
738505.47195085592102259398,56.8524627685547,-4.01078414916992,5.37899446487427,-0.0373259149491787,-0.00392156839370728,42.4852905273438,-71.4537734985352,709.014343261719,633.404663085938,-3.35967111587524,13.2918291091919,120.875732421875,57.2470321655273,-4.24413108825684,3.2304379940033,-0.361400067806244,-0.231753557920456,70
738505.47195302159525454044,56.8380470275879,-4.13108444213867,5.82085990905762,-0.0373259149491787,-0.00392156839370728,42.485279083252,-71.4536361694336,708.171630859375,630.959838867188,-4.73570251464844,13.2174854278564,120.737075805664,57.284481048584,-4.2636890411377,2.05485677719116,-0.365394443273544,-0.229320704936981,70
738505.47195530391763895750,56.8051071166992,-4.45878791809082,6.17014169692993,-0.0373259149491787,-0.00392156839370728,42.4852676391602,-71.4535064697266,707.270080566406,628.973876953125,-4.42737102508545,13.0973405838013,120.600982666016,57.3129272460938,-4.29781770706177,2.50780725479126,-0.369721382856369,-0.227098435163498,70
738505.47195750300306826830,56.7086486816406,-4.64190578460693,6.53565645217896,-0.0373259149491787,-0.00392156839370728,42.4852600097656,-71.453369140625,706.329711914062,627.547180175781,-2.90088796615601,12.9544515609741,120.764602661133,57.2724456787109,-4.36494207382202,3.02717709541321,-0.374598026275635,-0.225159227848053,70
738505.47195977019146084785,56.5859107971191,-4.58304309844971,7.00766563415527,-0.0373259149491787,-0.00392156839370728,42.4852485656738,-71.453239440918,705.368530273438,626.100524902344,-2.87642765045166,12.9050235748291,121.322120666504,57.2020721435547,-4.45836782455444,1.94889342784882,-0.38010373711586,-0.223434865474701,70
738505.47196190594695508480,56.5183715820312,-4.62169027328491,7.49274635314941,-0.0373259149491787,-0.00392156839370728,42.485237121582,-71.4531097412109,704.440673828125,624.709777832031,-3.89309191703796,12.9335708618164,121.986549377441,57.199893951416,-4.54767417907715,-0.23559108376503,-0.385656267404556,-0.222000539302826,70
738505.47196418698877096176,56.4736595153809,-4.89255475997925,7.9316143989563,-0.0373259149491787,-0.00392156839370728,42.485221862793,-71.4529724121094,703.421081542969,623.206237792969,-3.72308850288391,12.9242429733276,122.462646484375,57.2374153137207,-4.638831615448,-1.30234146118164,-0.391773879528046,-0.220734059810638,70
738505.47196631447877734900,56.3953857421875,-5.13285207748413,8.24113941192627,-0.0373259149491787,-0.00392156839370728,42.4852104187012,-71.4528427124023,702.440673828125,621.791320800781,-2.45314741134644,12.8096809387207,122.554718017578,57.2250137329102,-4.73577928543091,0.313382625579834,-0.397828966379166,-0.219827026128769,70
738505.47196845535654574633,56.2821998596191,-5.15643978118896,8.53570175170898,-0.0373259149491787,-0.00392156839370728,42.4851951599121,-71.4527206420898,701.430236816406,620.348266601562,-2.29841542243958,12.6324825286865,122.466720581055,57.1588401794434,-4.85165166854858,2.99725770950317,-0.404491513967514,-0.219139859080315,70
738505.47197062848135828972,56.1966361999512,-5.12886667251587,8.87990570068359,-0.0373259149491787,-0.00392156839370728,42.4851837158203,-71.4525909423828,700.404235839844,619.043334960938,-3.63196730613708,12.4462966918945,122.442428588867,57.1245994567871,-4.9697961807251,3.92631530761719,-0.411620140075684,-0.218667671084404,70
738505.47197286761365830898,56.1405258178711,-5.47547817230225,9.23709774017334,-0.0373259149491787,-0.00392156839370728,42.4851684570312,-71.4524612426758,699.333862304688,617.905639648438,-3.64486956596375,12.2536725997925,122.521644592285,57.1582336425781,-5.07973670959473,2.37484884262085,-0.419058114290237,-0.21842148900032,70
738505.47197512269485741854,56.0881881713867,-5.44730472564697,9.54311943054199,-0.0373259149491787,-0.00392156839370728,42.4851493835449,-71.4523239135742,698.173400878906,616.871337890625,-3.35736894607544,11.9892177581787,122.303802490234,57.1544303894043,-5.20738744735718,5.15156650543213,-0.427385061979294,-0.2184087485075,70
738505.47197725786827504635,56.0711517333984,-5.54895830154419,9.7394437789917,-0.0373259149491787,-0.00392156839370728,42.4851341247559,-71.4521942138672,697.112365722656,616.19189453125,-5.70961713790894,12.0949907302856,121.815422058105,57.180606842041,-5.31991672515869,8.35523891448975,-0.43536502122879,-0.218613967299461,70
738505.47197938908357173204,56.0181694030762,-5.85961246490479,10.0953121185303,-0.0373259149491787,-0.00392156839370728,42.4851188659668,-71.4520721435547,695.981689453125,615.450744628906,-5.8431658744812,12.6255731582642,121.508636474609,57.2213745117188,-5.43258666992188,6.36395835876465,-0.443773359060287,-0.219032391905785,70
738505.47198149748146533966,55.9683151245117,-5.78728246688843,10.619909286499,-0.0373259149491787,-0.00392156839370728,42.4851036071777,-71.4519500732422,694.865356445312,614.719543457031,-6.52377080917358,13.3670206069946,121.557167053223,57.2601737976074,-5.55363273620605,3.13045454025269,-0.45248356461525,-0.219632625579834,70
738505.47198380273766815662,55.9864730834961,-6.05272722244263,10.983757019043,-0.0373259149491787,-0.00392156839370728,42.4850845336914,-71.4518127441406,693.656677246094,613.932373046875,-8.01798915863037,13.8975353240967,121.798797607422,57.3738899230957,-5.67534065246582,4.18912744522095,-0.462122470140457,-0.220503285527229,70
738505.47198608680628240108,55.959545135498,-6.4947338104248,11.4093284606934,-0.0373259149491787,-0.00392156839370728,42.4850654602051,-71.4516754150391,692.334289550781,613.044677734375,-6.70686340332031,13.6903686523438,121.943069458008,57.4789123535156,-5.81184244155884,2.48443198204041,-0.472556233406067,-0.221629545092583,70
738505.47198823315557092428,55.8652954101562,-6.67782926559448,11.9318161010742,-0.0373259149491787,-0.00392156839370728,42.4850463867188,-71.4515533447266,691.045532226562,612.166625976562,-5.74500465393066,12.9673671722412,121.974884033203,57.5142822265625,-5.97138261795044,-1.03353548049927,-0.483188331127167,-0.222897112369537,70
738505.47199044248554855585,55.7980995178223,-6.68150758743286,12.4081182479858,-0.0373259149491787,-0.00392156839370728,42.4850273132324,-71.4514236450195,689.712951660156,611.261291503906,-6.51211929321289,10.4147310256958,122.174369812012,57.5502548217773,-6.15152215957642,-2.33591270446777,-0.494796484708786,-0.224429935216904,70
738505.47199267812538892031,55.8002700805664,-6.81137323379517,12.6485586166382,-0.0373259149491787,-0.00392156839370728,42.4850044250488,-71.4512939453125,688.378173828125,610.35546875,-6.68057537078857,7.38632345199585,122.674583435059,57.6198844909668,-6.32317066192627,-0.0151488166302443,-0.506723642349243,-0.226193159818649,70
738505.47199478466063737869,55.8088035583496,-6.95207023620605,12.7458353042603,-0.0373259149491787,-0.00392156839370728,42.4849853515625,-71.4511642456055,687.027038574219,609.430908203125,-5.42431163787842,4.19921255111694,123.253395080566,57.6663703918457,-6.48469400405884,2.95804286003113,-0.518913924694061,-0.228174299001694,70
738505.47199701564386487007,55.8071937561035,-6.80550575256348,12.884183883667,-0.0373259149491787,-0.00392156839370728,42.4849624633789,-71.4510345458984,685.648620605469,608.488830566406,-5.52708053588867,1.05727684497833,123.62255859375,57.6780738830566,-6.6397008895874,1.77435183525085,-0.531708419322968,-0.230425581336021,70
738505.47199932765215635300,55.8300399780273,-6.85010004043579,12.9858102798462,-0.0373259149491787,-0.00392156839370728,42.4849395751953,-71.4508972167969,684.216735839844,607.519592285156,-6.71937942504883,-0.911762237548828,123.864402770996,57.7282295227051,-6.76886320114136,-0.714286923408508,-0.545209407806396,-0.233031526207924,70
738505.47200161858927458525,55.8630065917969,-6.88279724121094,12.8688049316406,-0.0373259149491787,-0.00392156839370728,42.4849166870117,-71.4507675170898,682.804992675781,606.556274414062,-5.12697219848633,-1.51165187358856,124.298110961914,57.7378082275391,-6.86888456344604,2.03051829338074,-0.558371961116791,-0.235754027962685,70
738505.47200391395017504692,55.9300575256348,-6.45379018783569,12.753155708313,-0.0373259149491787,-0.00392156839370728,42.4848937988281,-71.4506301879883,681.434875488281,605.943664550781,-5.03639030456543,-1.85642445087433,124.807525634766,57.7275123596191,-6.94386148452759,3.11037540435791,-0.571573793888092,-0.238654494285583,70
738505.47200620605144649744,56.0093307495117,-6.26039934158325,12.7729187011719,-0.0373259149491787,-0.00392156839370728,42.4848709106445,-71.4504928588867,680.109436035156,605.439270019531,-5.97371053695679,-2.03528666496277,125.002334594727,57.7874145507812,-6.9587459564209,0.127421274781227,-0.584376394748688,-0.241759330034256,70
738505.47200839978177100420,56.0738067626953,-6.15426874160767,12.7591133117676,-0.0373259149491787,-0.00392156839370728,42.4848518371582,-71.4503631591797,678.845581054688,604.968322753906,-4.39929962158203,-2.06165170669556,124.803092956543,57.8354721069336,-6.92500972747803,-1.09043169021606,-0.596126437187195,-0.244853794574738,70
738505.47201067034620791674,56.0734634399414,-5.83040523529053,12.7546358108521,-0.0373259149491787,-0.00392156839370728,42.4848289489746,-71.4502334594727,677.607543945312,604.53466796875,-2.51147675514221,-1.61429107189178,124.332473754883,57.8005867004395,-6.85827541351318,-2.82138442993164,-0.60754930973053,-0.248079717159271,70
738505.47201287536881864071,56.0218505859375,-5.17319011688232,12.7152967453003,-0.0373259149491787,-0.00392156839370728,42.4848098754883,-71.4501037597656,676.502319335938,604.209594726562,-1.67665016651154,-1.18491303920746,124.008186340332,57.6791839599609,-6.74919605255127,-3.29147243499756,-0.617836058139801,-0.251264631748199,70
738505.47201509471051394939,55.986457824707,-4.20074033737183,12.642560005188,-0.0373259149491787,-0.00392156839370728,42.4847869873047,-71.4499740600586,675.566772460938,604.044311523438,-1.72265601158142,-1.13773119449615,124.133934020996,57.5496635437012,-6.56372022628784,-2.64056706428528,-0.626554071903229,-0.254464209079742,70
738505.47201729414518922567,55.9382705688477,-3.38110065460205,12.5958824157715,-0.0373259149491787,-0.00392156839370728,42.4847679138184,-71.4498443603516,674.795959472656,604.049377441406,-0.954991221427917,-1.08157503604889,124.562202453613,57.4384727478027,-6.26525974273682,-2.7590959072113,-0.63316547870636,-0.257744699716568,70
738505.47201952699106186628,55.8153114318848,-2.71538829803467,12.5344333648682,-0.0373259149491787,-0.00392156839370728,42.4847450256348,-71.44970703125,674.149291992188,604.2041015625,1.43820476531982,-0.979203939437866,125.02970123291,57.2698364257812,-5.84358024597168,-2.34169554710388,-0.637510418891907,-0.261178731918335,70
738505.47202174202539026737,55.6048431396484,-1.80098497867584,12.3732194900513,-0.0373259149491787,-0.00392156839370728,42.4847221374512,-71.449577331543,673.65673828125,604.494567871094,3.36228513717651,-0.860727667808533,125.222526550293,56.9933204650879,-5.34916973114014,0.336594939231873,-0.639460742473602,-0.26455619931221,70
738505.47202394518535584211,55.364200592041,-0.855634689331055,12.2139644622803,-0.0373259149491787,-0.00392156839370728,42.4847030639648,-71.4494476318359,673.357543945312,604.960021972656,3.37148904800415,-0.704544305801392,125.205596923828,56.7019233703613,-4.78753185272217,2.05014204978943,-0.638916432857513,-0.267882823944092,70
738505.47202620212920010090,55.086498260498,-0.114331945776939,12.1689901351929,-0.0373259149491787,-0.00392156839370728,42.4846839904785,-71.4493179321289,673.212463378906,605.600646972656,4.40262651443481,-0.600565075874329,125.132614135742,56.4147109985352,-4.13180160522461,0.371482372283936,-0.635612010955811,-0.271326243877411,70
738505.47202847455628216267,54.7563285827637,0.550844490528107,12.2002429962158,-0.0373259149491787,-0.00392156839370728,42.4846611022949,-71.4491882324219,673.200317382812,606.380798339844,5.53645944595337,-0.578668177127838,124.845596313477,56.1017379760742,-3.42259573936462,-2.89479279518127,-0.629688143730164,-0.274799853563309,70
738505.47203070647083222866,54.4750175476074,1.08392679691315,12.1720838546753,-0.0373259149491787,-0.00392156839370728,42.4846420288086,-71.4490585327148,673.308776855469,607.263244628906,4.0892539024353,-0.63649570941925,124.067054748535,55.8288650512695,-2.71248602867126,-3.78211116790771,-0.621630668640137,-0.278194606304169,70
738505.47203295479994267225,54.2972106933594,1.17396879196167,12.0959949493408,-0.0373259149491787,-0.00392156839370728,42.484619140625,-71.4489288330078,673.466064453125,608.174499511719,2.33198857307434,-0.822839081287384,122.872131347656,55.6406173706055,-2.03715515136719,-3.02617001533508,-0.612019896507263,-0.281508415937424,70
738505.47203516587615013123,54.129825592041,1.12463712692261,11.990891456604,-0.0373259149491787,-0.00392156839370728,42.4846000671387,-71.4488067626953,673.629089355469,609.101318359375,1.77754962444305,-1.13140833377838,121.632759094238,55.4534454345703,-1.41844975948334,-1.83431267738342,-0.60126918554306,-0.284877628087997,70
738505.47203741152770817280,53.9312438964844,1.11299443244934,11.9111013412476,-0.0373259149491787,-0.00392156839370728,42.4845809936523,-71.4486770629883,673.782104492188,609.732788085938,1.95949602127075,-1.41693150997162,120.826118469238,55.2421226501465,-0.902185261249542,-1.89594984054565,-0.590183079242706,-0.288226813077927,70
738505.47203965298831462860,53.7245788574219,1.27830147743225,11.8452310562134,-0.0373259149491787,-0.00392156839370728,42.4845581054688,-71.4485473632812,673.954833984375,609.497375488281,1.10884261131287,-1.58938980102539,120.639434814453,55.0297546386719,-0.478663176298141,-2.60953521728516,-0.578740239143372,-0.291619479656219,70
738505.47204189607873558998,53.591609954834,1.43265151977539,11.7294750213623,-0.0373259149491787,-0.00392156839370728,42.4845390319824,-71.4484252929688,674.158447265625,609.302917480469,-0.51889830827713,-1.71151781082153,120.92325592041,54.8788986206055,-0.137033611536026,-1.54785394668579,-0.567202568054199,-0.294916868209839,70
738505.47204415604937821627,53.508544921875,1.30747282505035,11.5272016525269,-0.0373259149491787,-0.00392156839370728,42.4845199584961,-71.4482955932617,674.372985839844,609.1083984375,-1.07273161411285,-1.91345202922821,121.386131286621,54.7517127990723,0.157039269804955,1.99507427215576,-0.554943859577179,-0.298304855823517,70
738505.47204640263225883245,53.3948822021484,1.27418792247772,11.3465747833252,-0.0373259149491787,-0.00392156839370728,42.4845008850098,-71.4481658935547,674.55859375,608.891906738281,-0.53492134809494,-2.07701587677002,121.838401794434,54.6020317077637,0.3789903819561,3.99355673789978,-0.542858183383942,-0.301609218120575,70
738505.47204869671259075403,53.2622413635254,1.43469941616058,11.2914352416992,-0.0373259149491787,-0.00392156839370728,42.4844818115234,-71.4480438232422,674.766052246094,608.723937988281,-1.4544323682785,-1.88104271888733,122.383888244629,54.4648628234863,0.546337723731995,1.89783346652985,-0.53071928024292,-0.30489781498909,70
738505.47205103677697479725,53.1662063598633,1.34085810184479,11.2609920501709,-0.0373259149491787,-0.00392156839370728,42.4844589233398,-71.4479064941406,674.99072265625,608.611694335938,-1.69045269489288,-1.01376676559448,123.115097045898,54.3622436523438,0.687305569648743,0.669059455394745,-0.5179243683815,-0.308272778987885,70
738505.47205336019396781921,53.0609550476074,1.12541306018829,11.1331920623779,-0.0373259149491787,-0.00392156839370728,42.4844398498535,-71.4477844238281,675.171020507812,608.462768554688,0.220504432916641,-0.627116799354553,123.739761352539,54.2280311584473,0.784624218940735,3.34821033477783,-0.50547468662262,-0.311530351638794,70
738505.47205560468137264252,52.9202156066895,1.16988909244537,11.0450010299683,-0.0373259149491787,-0.00392156839370728,42.4844207763672,-71.4476547241211,675.334167480469,608.302429199219,0.777299702167511,-0.522125363349915,123.89852142334,54.0731887817383,0.834013104438782,4.22659540176392,-0.493543088436127,-0.314692348241806,70
738505.47205779491923749447,52.7901878356934,0.978691458702087,11.1160182952881,-0.0373259149491787,-0.00392156839370728,42.4844017028809,-71.4475326538086,675.489990234375,608.159301757812,-0.164618715643883,-0.362052261829376,123.501029968262,53.9567184448242,0.857223749160767,0.690108120441437,-0.481959491968155,-0.317759931087494,70
738505.47206007386557757854,52.632152557373,0.629931390285492,11.2022867202759,-0.0373259149491787,-0.00392156839370728,42.4843864440918,-71.4474029541016,675.579711914062,608.048034667969,1.21609282493591,-0.305891335010529,122.821899414062,53.8147888183594,0.844616115093231,-2.23850464820862,-0.470725476741791,-0.32081538438797,70
738505.47206236573401838541,52.4460487365723,0.687527894973755,11.1191883087158,-0.0373259149491787,-0.00392156839370728,42.4843635559082,-71.4472808837891,675.64697265625,607.909240722656,1.80423879623413,-0.468818664550781,122.132957458496,53.6161994934082,0.785386621952057,-0.280935406684875,-0.459892809391022,-0.323936611413956,70
738505.47206459299195557833,52.3416519165039,0.625621974468231,11.0156784057617,-0.0373259149491787,-0.00392156839370728,42.4843482971191,-71.4471588134766,675.721740722656,607.787902832031,0.17453907430172,-0.69300377368927,121.399871826172,53.4919166564941,0.717117786407471,1.44937920570374,-0.449808359146118,-0.326898217201233,70
738505.47206675657071173191,52.2618827819824,0.0502710230648518,11.0225448608398,-0.0373259149491787,-0.00392156839370728,42.4843292236328,-71.4470367431641,675.729858398438,607.601684570312,0.441941976547241,-0.953114867210388,120.395195007324,53.4116401672363,0.638936221599579,-0.158693596720695,-0.440112322568893,-0.329832345247269,70
738505.47206894657574594021,52.1061973571777,-0.169330388307571,11.0225620269775,-0.0373259149491787,-0.00392156839370728,42.4843101501465,-71.4469146728516,675.652038574219,607.330627441406,1.77715921401978,-1.18932592868805,119.196983337402,53.2595634460449,0.514387547969818,-1.73903667926788,-0.431430876255035,-0.332738041877747,70
738505.47207120223902165890,51.9463043212891,-0.121592819690704,10.9060459136963,-0.0373259149491787,-0.00392156839370728,42.4842910766602,-71.4467926025391,675.567504882812,607.049255371094,0.0981830507516861,-1.47157394886017,118.228797912598,53.0789527893066,0.355257153511047,-0.534801304340363,-0.42338752746582,-0.335693269968033,70
738505.47207334532868117094,51.8716888427734,-0.315314888954163,10.7857494354248,-0.0373259149491787,-0.00392156839370728,42.4842720031738,-71.4466705322266,675.472961425781,606.761413574219,-1.58677530288696,-1.80964910984039,117.836990356445,52.9821090698242,0.200078964233398,0.541841149330139,-0.415826767683029,-0.338591575622559,70
738505.47207550692837685347,51.8041381835938,-0.565078973770142,10.7558088302612,-0.0373259149491787,-0.00392156839370728,42.4842567443848,-71.4465560913086,675.329528808594,606.427490234375,-1.32309758663177,-2.10981512069702,117.845108032227,52.9119606018066,0.0446236245334148,-1.09372997283936,-0.40883794426918,-0.341435819864273,70
738505.47207781323231756687,51.7285270690918,-0.621825754642487,10.7422018051147,-0.0373259149491787,-0.00392156839370728,42.4842376708984,-71.4464340209961,675.154968261719,606.055053710938,-1.95057988166809,-2.29729676246643,117.934730529785,52.8358039855957,-0.12459347397089,-3.3031632900238,-0.402183622121811,-0.344380676746368,70
738505.47208005003631114960,51.6919021606445,-0.855795323848724,10.6129589080811,-0.0373259149491787,-0.00392156839370728,42.4842185974121,-71.4463119506836,674.959228515625,605.662536621094,-3.12298083305359,-2.38139891624451,118.079132080078,52.7770805358887,-0.287675261497498,-1.63238990306854,-0.395978152751923,-0.347295939922333,70
738505.47208235540892928839,51.6328201293945,-1.34223353862762,10.4654989242554,-0.0373259149491787,-0.00392156839370728,42.4841995239258,-71.4461822509766,674.676696777344,605.181945800781,-1.28160238265991,-2.13369131088257,118.461479187012,52.6998672485352,-0.462108343839645,0.632161676883698,-0.390390604734421,-0.350225687026978,70
738505.47208464739378541708,51.5423583984375,-1.29858613014221,10.4528112411499,-0.0373259149491787,-0.00392156839370728,42.4841842651367,-71.4460601806641,674.361267089844,604.671020507812,-0.490876019001007,-1.49660658836365,118.808769226074,52.6076240539551,-0.660297393798828,-1.39741277694702,-0.385832786560059,-0.353091895580292,70
738505.47208695882000029087,51.5093574523926,-1.65615391731262,10.4501180648804,-0.0373259149491787,-0.00392156839370728,42.4841651916504,-71.4459381103516,674.011291503906,604.119995117188,-1.71865391731262,-1.07521986961365,118.593101501465,52.5848045349121,-0.861091256141663,-2.37847566604614,-0.381708890199661,-0.356012284755707,70
738505.47208927897736430168,51.4626083374023,-2.21179723739624,10.2935838699341,-0.0373259149491787,-0.00392156839370728,42.4841461181641,-71.4458084106445,673.553649902344,603.462036132812,-0.656302869319916,-1.14311945438385,117.805137634277,52.528564453125,-1.07890641689301,1.39391672611237,-0.378530561923981,-0.358893811702728,70
738505.47209152311552315950,51.3503074645996,-2.39527821540833,10.1477565765381,-0.0373259149491787,-0.00392156839370728,42.484130859375,-71.445686340332,673.025634765625,602.738098144531,0.223561242222786,-1.3192298412323,116.966041564941,52.3981704711914,-1.33318853378296,3.42535185813904,-0.376747101545334,-0.361694127321243,70
738505.47209369449410587549,51.2527770996094,-2.39639663696289,10.1630172729492,-0.0373259149491787,-0.00392156839370728,42.4841117858887,-71.4455718994141,672.529479980469,602.057983398438,-1.75095129013062,-1.46336114406586,116.480003356934,52.3056106567383,-1.5796777009964,0.147382229566574,-0.375894337892532,-0.364295244216919,70
738505.47209586983080953360,51.21728515625,-2.72400069236755,10.2049551010132,-0.0373259149491787,-0.00392156839370728,42.4840965270996,-71.4454498291016,671.997741699219,601.341918945312,-2.90463829040527,-1.64781320095062,116.270988464355,52.2950439453125,-1.81032145023346,-2.79531645774841,-0.375498354434967,-0.366868436336517,70
738505.47209811396896839142,51.1910018920898,-2.95454168319702,10.1350746154785,-0.0373259149491787,-0.00392156839370728,42.4840774536133,-71.4453277587891,671.359558105469,600.504943847656,-2.86190009117126,-1.91599988937378,116.198959350586,52.2682266235352,-2.05830311775208,-2.27976846694946,-0.375858157873154,-0.369634628295898,70
738505.47210028045810759068,51.1793632507324,-2.92309379577637,10.0639705657959,-0.0373259149491787,-0.00392156839370728,42.4840621948242,-71.4452056884766,670.746154785156,599.704772949219,-4.4412579536438,-2.08916354179382,116.336547851562,52.2413139343262,-2.28597784042358,-2.43979167938232,-0.376880496740341,-0.372202843427658,70
738505.47210253390949219465,51.2081565856934,-3.05902099609375,10.0412998199463,-0.0373259149491787,-0.00392156839370728,42.4840431213379,-71.4450912475586,670.123291015625,598.894836425781,-6.0023341178894,-2.02085638046265,116.852249145508,52.2729454040527,-2.48932766914368,-3.67327427864075,-0.378222584724426,-0.374754905700684,70
738505.47210530028678476810,51.2532272338867,-3.20870184898376,10.0175352096558,-0.0373259149491787,-0.00392156839370728,42.4840278625488,-71.4449691772461,669.456298828125,598.036437988281,-6.03671550750732,-1.45522427558899,117.735153198242,52.3215065002441,-2.67653584480286,-4.20288038253784,-0.379957139492035,-0.377338081598282,70
738505.47210758517030626535,51.2905464172363,-3.40290093421936,9.94401741027832,-0.0373259149491787,-0.00392156839370728,42.4840049743652,-71.4448165893555,668.55908203125,596.833984375,-5.06118631362915,-0.184807285666466,119.030517578125,52.356315612793,-2.89934277534485,-2.56639170646667,-0.382818430662155,-0.380641967058182,70
738505.47210986318532377481,51.3333702087402,-3.46491765975952,9.82772350311279,-0.0373259149491787,-0.00392156839370728,42.4839897155762,-71.4446868896484,667.818481445312,595.820373535156,-5.20637512207031,0.733070135116577,119.793128967285,52.3803863525391,-3.0649950504303,1.00501108169556,-0.385639041662216,-0.383191138505936,70
738505.47211201814934611320,51.4121894836426,-3.54382586479187,9.73167419433594,-0.0373259149491787,-0.00392156839370728,42.4839744567871,-71.4445724487305,667.108764648438,594.853210449219,-6.23199224472046,0.721270501613617,120.112075805664,52.4449920654297,-3.207515001297,3.82946705818176,-0.388602614402771,-0.385573089122772,70
738505.47211432573385536671,51.4690399169922,-3.94403553009033,9.71410465240479,-0.0373259149491787,-0.00392156839370728,42.4839553833008,-71.444450378418,666.310363769531,593.781127929688,-6.0391206741333,0.56464010477066,120.096809387207,52.5260047912598,-3.34937739372253,3.94770789146423,-0.39210432767868,-0.388089418411255,70
738505.47211664600763469934,51.4629554748535,-4.19346284866333,9.74888134002686,-0.0373259149491787,-0.00392156839370728,42.4839401245117,-71.4443283081055,665.452880859375,592.656555175781,-3.87424921989441,0.46058002114296,119.944351196289,52.5458068847656,-3.50720620155334,2.92414045333862,-0.396335244178772,-0.39050966501236,70
738505.47211883717682212591,51.4596099853516,-4.10711574554443,9.73414993286133,-0.0373259149491787,-0.00392156839370728,42.4839210510254,-71.4441986083984,664.568603515625,591.498352050781,-3.99177742004395,0.385288268327713,119.832809448242,52.5329780578613,-3.68461847305298,3.44659042358398,-0.401448518037796,-0.392962634563446,70
738505.47212108015082776546,51.4944190979004,-4.26394605636597,9.71132659912109,-0.0373259149491787,-0.00392156839370728,42.4839057922363,-71.4440765380859,663.709167480469,590.373291015625,-4.80052137374878,0.174985438585281,119.734512329102,52.5753402709961,-3.84080624580383,3.77557730674744,-0.406682193279266,-0.39532008767128,70
738505.47212338016834110022,51.4905815124512,-4.54058027267456,9.79904460906982,0.00718982983380556,-0.00392156839370728,42.4838905334473,-71.4439544677734,662.775268554688,589.167358398438,-3.77725958824158,-0.0704215466976166,119.50740814209,52.6110076904297,-3.99440932273865,0.679868400096893,-0.412469625473022,-0.397710084915161,70
738505.47212560987100005150,51.4593086242676,-4.46219158172607,9.92140102386475,0.0250204280018806,-0.00392156839370728,42.4838714599609,-71.4438323974609,661.849975585938,587.9765625,-3.62396621704102,-0.225505784153938,119.244758605957,52.5966339111328,-4.14768934249878,-2.97355890274048,-0.418684631586075,-0.400011241436005,70
738505.47212786076124757528,51.4679107666016,-4.21890020370483,9.95485210418701,0.0250204280018806,-0.00392156839370728,42.4838562011719,-71.4437103271484,660.960571289062,586.821411132812,-4.86967468261719,-0.36779111623764,119.226409912109,52.5912933349609,-4.27862119674683,-3.60447978973389,-0.425020545721054,-0.402304381132126,70
738505.47213002317585051060,51.5201072692871,-4.04729986190796,9.8729944229126,0.0250204280018806,-0.00392156839370728,42.4838409423828,-71.4435958862305,660.142028808594,585.745849609375,-5.65771341323853,-0.576534748077393,119.625099182129,52.6134796142578,-4.35999155044556,-1.16334354877472,-0.43082994222641,-0.404529690742493,70
738505.47213217674288898706,51.5778770446777,-4.01500940322876,9.71933174133301,0.0250204280018806,-0.00392156839370728,42.4838218688965,-71.443473815918,659.31884765625,584.659545898438,-4.99984216690063,-0.880819737911224,120.347686767578,52.638988494873,-4.39729738235474,2.50763249397278,-0.436367571353912,-0.406823635101318,70
738505.47213440295308828354,51.6282081604004,-3.95682525634766,9.60819339752197,0.0250204280018806,-0.016778502613306,42.4838066101074,-71.443359375,658.501953125,583.580017089844,-4.33754920959473,-1.25930345058441,121.005966186523,52.6635131835938,-4.40458106994629,4.06198310852051,-0.44163390994072,-0.409120470285416,70
738505.47213665081653743982,51.6830902099609,-3.85780644416809,9.588454246521,0.0250204280018806,-0.016778502613306,42.4837913513184,-71.4432373046875,657.697814941406,582.512023925781,-5.06113481521606,-1.68383097648621,121.267059326172,52.7063827514648,-4.39070987701416,2.53392958641052,-0.446694552898407,-0.41140952706337,70
738505.47213883581571280956,51.7337303161621,-4.0219898223877,9.58229827880859,0.0250204280018806,-0.016778502613306,42.4837760925293,-71.443115234375,656.893127441406,581.444763183594,-5.14763307571411,-2.01150846481323,121.124053955078,52.7671852111816,-4.36292457580566,1.0843471288681,-0.451522648334503,-0.413667798042297,70
738505.47214112232904881239,51.7431945800781,-4.08271360397339,9.49328231811523,0.0250204280018806,-0.016778502613306,42.4837608337402,-71.4429931640625,656.048156738281,580.33447265625,-2.53195643424988,-2.53929376602173,120.828109741211,52.7650337219238,-4.34556198120117,1.94231271743774,-0.456555604934692,-0.415932089090347,70
738505.47214328334666788578,51.6921997070312,-3.7095742225647,9.35902309417725,0.0250204280018806,-0.016778502613306,42.4837417602539,-71.44287109375,655.241455078125,579.264404296875,-0.0305054374039173,-3.20394563674927,120.62149810791,52.6634216308594,-4.33600807189941,2.49288821220398,-0.461653292179108,-0.418152421712875,70
738505.47214546613395214081,51.6093559265137,-3.12633275985718,9.2772159576416,0.0250204280018806,-0.016778502613306,42.4837265014648,-71.442756652832,654.538940429688,578.300231933594,0.0387094579637051,-3.6021101474762,120.484992980957,52.529670715332,-4.29101896286011,0.128784701228142,-0.466110527515411,-0.420344591140747,70
738505.47214765171520411968,51.5561218261719,-2.91780400276184,9.24871635437012,0.0250204280018806,-0.016778502613306,42.4837112426758,-71.4426345825195,653.927856445312,577.433349609375,-0.735857367515564,-4.58385562896729,120.196434020996,52.4603309631348,-4.18298721313477,-3.14674139022827,-0.469315856695175,-0.422463923692703,70
738505.47214981878641992807,51.5003395080566,-3.09914898872375,9.11841297149658,0.0250204280018806,-0.016778502613306,42.4836959838867,-71.4425201416016,653.308959960938,576.559631347656,0.252029865980148,-7.19186449050903,119.637603759766,52.3930816650391,-4.03891277313232,-3.38276696205139,-0.47169703245163,-0.424546629190445,70
738505.47215194348245859146,51.4153137207031,-2.75079965591431,8.73361396789551,0.0250204280018806,-0.016778502613306,42.4836845397949,-71.4424057006836,652.720642089844,575.723999023438,0.3804711997509,-9.86913776397705,119.053665161133,52.2243003845215,-3.90240907669067,-1.07195913791656,-0.47377946972847,-0.426546603441238,70
738505.47215420403517782688,51.3675384521484,-2.44768857955933,8.3393726348877,0.0250204280018806,-0.016778502613306,42.4836692810059,-71.4422836303711,652.166259765625,574.91015625,-1.311678647995,-11.1108283996582,118.838165283203,52.0976028442383,-3.74352169036865,-1.98141086101532,-0.475360751152039,-0.428624719381332,70
738505.47215650195721536875,51.3537940979004,-2.3813042640686,7.99757480621338,0.0250204280018806,-0.016778502613306,42.4836540222168,-71.4421615600586,651.634460449219,574.115417480469,-1.37258982658386,-11.8108377456665,119.04362487793,52.0273399353027,-3.56174969673157,-3.91644597053528,-0.476169526576996,-0.430663168430328,70
738505.47215874702669680119,51.3417549133301,-2.24946165084839,7.54569625854492,0.0250204280018806,-0.00942676886916161,42.483642578125,-71.4420394897461,651.122314453125,573.345520019531,-0.661314427852631,-12.5537033081055,119.269859313965,51.9420204162598,-3.38333654403687,-3.36706328392029,-0.47645378112793,-0.432575523853302,70
738505.47216098941862583160,51.3477325439453,-2.00109052658081,6.98032522201538,0.0250204280018806,-0.00406796857714653,42.4836311340332,-71.4419174194336,650.661254882812,572.632934570312,-2.04855608940125,-13.0294609069824,119.292846679688,51.858642578125,-3.21047449111938,-1.47425866127014,-0.476241022348404,-0.434339195489883,70
738505.47216324356850236654,51.3990097045898,-1.88627290725708,6.4365816116333,0.0250204280018806,-0.00406796857714653,42.4836196899414,-71.4417953491211,650.223815917969,572.280029296875,-3.48474431037903,-13.4320669174194,119.273094177246,51.8347930908203,-3.03174805641174,-0.477386236190796,-0.475407004356384,-0.435975849628448,70
738505.47216536768246442080,51.4501762390137,-1.83994567394257,5.96926784515381,0.0250204280018806,-0.00406796857714653,42.4836082458496,-71.4416732788086,649.827941894531,572.055297851562,-3.54414129257202,-13.7256803512573,119.424179077148,51.8279685974121,-2.86879324913025,-0.699113607406616,-0.474169790744781,-0.437332928180695,70
738505.47216752334497869015,51.4735069274902,-1.80278789997101,5.54306840896606,0.0250204280018806,-0.00406796857714653,42.4836006164551,-71.4415588378906,649.437194824219,571.835815429688,-2.57470083236694,-13.7155227661133,119.770050048828,51.8024864196777,-2.71897196769714,-1.90715944766998,-0.472644329071045,-0.438508808612823,70
738505.47216969716828316450,51.4859771728516,-1.67745959758759,5.10546398162842,0.0250204280018806,-0.00406796857714653,42.4835929870605,-71.4414443969727,649.049072265625,571.62353515625,-2.00697255134583,-13.4135932922363,120.148086547852,51.7656784057617,-2.58206391334534,-3.26891088485718,-0.470857858657837,-0.439506590366364,70
738505.47217190801165997982,51.5332984924316,-1.44284927845001,4.62301254272461,0.0250204280018806,-0.00406796857714653,42.483585357666,-71.4413223266602,648.706604003906,571.453247070312,-2.64567756652832,-13.1435680389404,120.272216796875,51.7603607177734,-2.45565795898438,-3.25272059440613,-0.468770444393158,-0.440258473157883,70
738505.47217406355775892735,51.6141815185547,-1.45926606655121,4.19474458694458,0.0250204280018806,-0.00406796857714653,42.4835777282715,-71.4412078857422,648.389465332031,571.306701660156,-3.19692301750183,-13.0065498352051,119.959838867188,51.8049125671387,-2.32689571380615,-2.79372024536133,-0.466214209794998,-0.440776795148849,70
738505.47217625926714390516,51.6742477416992,-1.698845744133,3.81535506248474,0.0250204280018806,-0.00406796857714653,42.483570098877,-71.4410858154297,648.029602050781,571.124084472656,-2.03001713752747,-12.881986618042,119.052047729492,51.8427505493164,-2.20801901817322,-2.48673224449158,-0.463373094797134,-0.441062033176422,70
738505.47217851679306477308,51.6595153808594,-1.94720005989075,3.47078061103821,0.0250204280018806,-0.00406796857714653,42.4835662841797,-71.4409637451172,647.614990234375,570.888244628906,0.115043938159943,-12.7367296218872,117.683837890625,51.8125801086426,-2.13214778900146,-3.14990448951721,-0.460832208395004,-0.441085964441299,70
738505.47218078712467104197,51.5623359680176,-2.05247807502747,3.14706134796143,0.0250204280018806,-0.00406796857714653,42.4835586547852,-71.4408416748047,647.159423828125,570.61328125,1.33471095561981,-12.6023473739624,116.245613098145,51.6990432739258,-2.1094069480896,-5.31399345397949,-0.458848357200623,-0.440838634967804,70
738505.47218296921346336603,51.4479103088379,-1.99609410762787,2.81495237350464,0.0250204280018806,-0.00406796857714653,42.4835548400879,-71.4407272338867,646.728271484375,570.352294921875,0.744370222091675,-12.1753959655762,115.192649841309,51.5635147094727,-2.12194204330444,-7.12768983840942,-0.457383424043655,-0.440367847681046,70
738505.47218517272267490625,51.3676414489746,-2.02948212623596,2.40973281860352,0.0250204280018806,-0.00406796857714653,42.4835510253906,-71.4406051635742,646.286987304688,570.0869140625,-0.488535612821579,-11.2865209579468,114.541206359863,51.4641647338867,-2.14578986167908,-5.93376588821411,-0.455997943878174,-0.439633190631866,70
738505.47218736342620104551,51.3115158081055,-2.31823587417603,2.00373077392578,0.0250204280018806,-0.00406796857714653,42.4835472106934,-71.4404830932617,645.822448730469,569.792907714844,-0.359488427639008,-9.78015327453613,114.142784118652,51.4029235839844,-2.17833876609802,-2.38585805892944,-0.454839944839478,-0.438682228326797,70
738505.47218959790188819170,51.2391357421875,-2.48403286933899,1.62112200260162,0.0250204280018806,-0.00406796857714653,42.4835433959961,-71.4403610229492,645.291687011719,569.439025878906,0.0617380887269974,-8.59675693511963,113.673355102539,51.3249206542969,-2.24028468132019,0.0173576716333628,-0.454199850559235,-0.437442272901535,70
738505.47219180304091423750,51.1702613830566,-2.50778412818909,1.3920089006424,0.0250204280018806,-0.00406796857714653,42.4835433959961,-71.4402465820312,644.769287109375,569.085876464844,-1.19950032234192,-8.3197603225708,113.165428161621,51.2505874633789,-2.32110404968262,-1.93563008308411,-0.454107373952866,-0.436021685600281,70
738505.47219394915737211704,51.1294860839844,-2.66941976547241,1.18999230861664,0.0250204280018806,-0.00406796857714653,42.4835395812988,-71.4401321411133,644.2265625,568.713745117188,-2.38159155845642,-7.77513408660889,112.844856262207,51.212947845459,-2.40931677818298,-3.28652834892273,-0.454344660043716,-0.434355646371841,70
738505.47219619795214384794,51.0796928405762,-2.94569683074951,0.912697553634644,0.0250204280018806,-0.00406796857714653,42.4835395812988,-71.4400100708008,643.631652832031,568.291076660156,-1.77028965950012,-6.50154304504395,112.902137756348,51.1726989746094,-2.51012945175171,-1.03570342063904,-0.455048799514771,-0.432438552379608,70
738505.47219840565230697393,51.0348968505859,-2.98180818557739,0.606185615062714,0.0250204280018806,-0.00406796857714653,42.4835395812988,-71.4398880004883,642.989685058594,567.822082519531,-1.19860661029816,-3.52048563957214,113.157409667969,51.1255264282227,-2.63414239883423,2.45523142814636,-0.456463009119034,-0.430296510457993,70
738505.47220066143199801445,51.0360908508301,-3.15058350563049,0.561380743980408,0.0250204280018806,-0.00406796857714653,42.4835395812988,-71.4397659301758,642.351623535156,567.358947753906,-3.33297562599182,-0.159981548786163,113.163772583008,51.1363296508789,-2.75985550880432,0.654412746429443,-0.458277642726898,-0.427908211946487,70
738505.47220297146122902632,50.9870071411133,-3.8744056224823,0.599144399166107,0.0250204280018806,-0.00406796857714653,42.4835357666016,-71.4396514892578,641.593139648438,566.774780273438,-1.92539715766907,1.5575909614563,113.010261535645,51.137508392334,-2.90140390396118,-0.164070636034012,-0.460776537656784,-0.425322443246841,70
738505.47220527566969394684,50.9260101318359,-3.57228016853333,0.536935031414032,0.0250204280018806,-0.00406796857714653,42.4835357666016,-71.4395217895508,640.771301269531,566.134765625,-1.75671052932739,1.41194438934326,113.077323913574,51.0539703369141,-3.09974265098572,3.24220395088196,-0.464736878871918,-0.422424703836441,70
738505.47220760828349739313,50.9306716918945,-3.92588996887207,0.591444134712219,0.0250204280018806,-0.00406796857714653,42.4835357666016,-71.4393920898438,639.958679199219,565.5048828125,-3.07215666770935,1.29465067386627,113.269676208496,51.0851821899414,-3.2838294506073,1.73980891704559,-0.469072729349136,-0.419349759817123,70
738505.47220987093169242144,50.9248733520508,-4.18810892105103,0.700160026550293,0.0250204280018806,-0.00406796857714653,42.4835357666016,-71.4392776489258,639.119567871094,564.836242675781,-1.73516845703125,1.24119806289673,113.237922668457,51.1015968322754,-3.45900893211365,-0.549485802650452,-0.473766535520554,-0.416378319263458,70
738505.47221213229931890965,50.8910484313965,-4.36125421524048,0.755419075489044,0.0250204280018806,-0.00406796857714653,42.4835357666016,-71.4391555786133,638.223205566406,564.114807128906,-1.38327836990356,1.14637076854706,113.008628845215,51.0831680297852,-3.65225577354431,-0.925033688545227,-0.479409158229828,-0.413219749927521,70
738505.47221435548271983862,50.8531837463379,-4.38815784454346,0.741769134998322,0.0365865491330624,-0.00406796857714653,42.4835357666016,-71.4390335083008,637.319030761719,563.383483886719,-2.15919804573059,0.973181307315826,112.791198730469,51.047550201416,-3.84419322013855,0.46469983458519,-0.485633254051208,-0.410022109746933,70
738505.47221655072644352913,50.8403854370117,-4.4502010345459,0.681035399436951,0.053818192332983,-0.00406796857714653,42.4835319519043,-71.4389190673828,636.423889160156,562.658508300781,-2.9901704788208,0.743607640266418,112.812698364258,51.0393257141113,-4.01777172088623,2.53585481643677,-0.492124795913696,-0.406814604997635,70
738505.47221881966106593609,50.8305282592773,-4.51197004318237,0.671836912631989,0.053818192332983,-0.00406796857714653,42.4835319519043,-71.4387969970703,635.506896972656,561.9130859375,-2.46743202209473,0.517509758472443,113.133239746094,51.0348129272461,-4.1733021736145,2.62473034858704,-0.498946130275726,-0.403528690338135,70
738505.47222114203032106161,50.7936172485352,-4.51931953430176,0.728842914104462,0.053818192332983,-0.00406796857714653,42.4835319519043,-71.4386749267578,634.520446777344,561.108642578125,-1.27810049057007,0.276560574769974,113.64013671875,50.9994812011719,-4.31913995742798,0.768786549568176,-0.506471872329712,-0.399988234043121,70
738505.47222342796158045530,50.7687606811523,-4.27910566329956,0.700981676578522,0.053818192332983,-0.00406796857714653,42.4835319519043,-71.4385528564453,633.610534667969,560.371948242188,-1.96004366874695,-0.010849273763597,114.058334350586,50.9535980224609,-4.43082809448242,1.33083295822144,-0.513715326786041,-0.396588951349258,70
738505.47222570946905761957,50.7958488464355,-4.15455102920532,0.581896305084229,0.053818192332983,-0.00406796857714653,42.4835319519043,-71.4384307861328,632.713500976562,559.65380859375,-3.54596662521362,-0.388712614774704,114.301803588867,50.9687843322754,-4.49665069580078,3.82862257957458,-0.520804882049561,-0.393045097589493,70
738505.47222799318842589855,50.8178863525391,-4.23312950134277,0.497688472270966,0.053818192332983,-0.00406796857714653,42.483528137207,-71.4383087158203,631.838623046875,558.952758789062,-3.22914671897888,-0.710712254047394,114.441650390625,50.9963226318359,-4.52119922637939,4.7521276473999,-0.527351319789886,-0.389576703310013,70
738505.47223027527797967196,50.8032302856445,-4.19531297683716,0.53390246629715,0.053818192332983,-0.00406796857714653,42.483528137207,-71.4381866455078,630.937866210938,558.229675292969,-2.16650629043579,-0.803901612758636,114.625419616699,50.9789581298828,-4.53142738342285,2.05360150337219,-0.533991754055023,-0.386000066995621,70
738505.47223257902078330517,50.8058319091797,-3.97508502006531,0.626845002174377,0.053818192332983,-0.00406796857714653,42.483528137207,-71.4380645751953,630.0634765625,557.533569335938,-2.96011805534363,-0.702495455741882,114.812156677246,50.9649543762207,-4.52753925323486,-1.64459598064423,-0.540531575679779,-0.382368564605713,70
738505.47223486425355076790,50.8569755554199,-4.24640798568726,0.595626473426819,0.053818192332983,-0.00406796857714653,42.483528137207,-71.4379425048828,629.213928222656,556.857543945312,-3.6373074054718,-0.653174161911011,114.74479675293,51.0374221801758,-4.50317144393921,-0.835090696811676,-0.546580195426941,-0.37881663441658,70
738505.47223708254750818014,50.8748016357422,-4.41938495635986,0.466305762529373,0.053818192332983,-0.00406796857714653,42.483528137207,-71.4378204345703,628.3017578125,556.119384765625,-2.13354516029358,-0.73160457611084,114.280807495117,51.0685234069824,-4.49615287780762,2.56834125518799,-0.552932500839233,-0.375234812498093,70
738505.47223936265800148249,50.8705558776855,-4.23064279556274,0.469145327806473,0.053818192332983,-0.00406796857714653,42.483528137207,-71.4376983642578,627.419494628906,555.407958984375,-2.95368385314941,-0.710908651351929,113.735061645508,51.0483322143555,-4.51093578338623,1.13829672336578,-0.559539258480072,-0.371697634458542,70
738505.47224160633049905300,50.9018516540527,-4.33906507492065,0.550890624523163,0.053818192332983,-0.00406796857714653,42.483528137207,-71.4375839233398,626.539245605469,554.700561523438,-3.96749305725098,-0.584760129451752,113.420600891113,51.0894241333008,-4.52114105224609,-1.93560552597046,-0.566152989864349,-0.368100106716156,70
738505.47224389982875436544,50.9357872009277,-4.59237909317017,0.503488659858704,0.053818192332983,-0.00406796857714653,42.483528137207,-71.4374618530273,625.595520019531,553.933654785156,-2.50453662872314,-0.535891950130463,113.229774475098,51.1448669433594,-4.53974533081055,-0.328351974487305,-0.57309502363205,-0.364396125078201,70
738505.47224614303559064865,50.9315719604492,-4.45370578765869,0.375717610120773,0.053818192332983,-0.00406796857714653,42.483528137207,-71.4373397827148,624.6513671875,553.163879394531,-1.90887641906738,-0.57523101568222,112.967010498047,51.1273078918457,-4.57996463775635,2.92502546310425,-0.580383002758026,-0.360721796751022,70
738505.47224843373987823725,50.9479370117188,-4.32569742202759,0.372239381074905,0.053818192332983,-0.00406796857714653,42.4835243225098,-71.4372177124023,623.746765136719,552.432861328125,-3.83125567436218,-0.543410360813141,112.74584197998,51.1325988769531,-4.61430978775024,1.63066267967224,-0.58764261007309,-0.357037425041199,70
738505.47225072456058114767,50.9824523925781,-4.43197870254517,0.475777864456177,0.053818192332983,-0.00406796857714653,42.4835243225098,-71.4370880126953,622.809387207031,551.675048828125,-4.55012226104736,-0.404871672391891,112.760612487793,51.1769409179688,-4.63240766525269,-2.11009359359741,-0.594962894916534,-0.353202193975449,70
738505.47225283191073685884,51.0188140869141,-4.45071268081665,0.535559952259064,0.053818192332983,-0.00406796857714653,42.4835243225098,-71.4369735717773,621.932556152344,550.963256835938,-3.56224012374878,-0.255435258150101,113.040863037109,51.2153816223145,-4.64807558059692,-3.48505568504333,-0.601757943630219,-0.34967452287674,70
738505.47225510480348020792,51.0841484069824,-4.28180551528931,0.500001609325409,0.053818192332983,-0.00406796857714653,42.4835243225098,-71.4368591308594,621.026916503906,550.231994628906,-3.51975131034851,-0.174206376075745,113.427177429199,51.2657203674316,-4.66210794448853,-1.91829311847687,-0.608956813812256,-0.34591343998909,70
738505.47225730854552239180,51.1758346557617,-4.27516031265259,0.464305371046066,0.053818192332983,-0.00406796857714653,42.4835243225098,-71.4367370605469,620.140686035156,549.519226074219,-3.93683338165283,-0.167614355683327,113.645660400391,51.3561935424805,-4.66115808486938,-0.884654223918915,-0.61590451002121,-0.342173963785172,70
738505.47225954837631434202,51.2512321472168,-4.34936475753784,0.423304796218872,0.053818192332983,-0.00406796857714653,42.4835243225098,-71.4366149902344,619.279052734375,548.825622558594,-3.3208110332489,-0.230180084705353,113.700416564941,51.4371948242188,-4.65225315093994,-0.01620570756495,-0.622504889965057,-0.338558733463287,70
738505.47226172755472362041,51.2713088989258,-4.25213050842285,0.409733057022095,0.053818192332983,-0.00406796857714653,42.4835243225098,-71.4365005493164,618.405944824219,548.122436523438,-1.65017020702362,-0.252870351076126,113.778427124023,51.4489593505859,-4.64500951766968,-0.174497559666634,-0.629205048084259,-0.334887951612473,70
738505.47226396144833415747,51.2468032836914,-3.81588363647461,0.382068544626236,0.0594849102199078,-0.00406796857714653,42.4835243225098,-71.4363784790039,617.564880371094,547.455932617188,-1.26436138153076,-0.316011428833008,114.136405944824,51.3900947570801,-4.62507200241089,-0.190801233053207,-0.635856866836548,-0.331099182367325,70
738505.47226626146584749222,51.2549705505371,-3.28468203544617,0.30388817191124,0.0888534188270569,-0.00406796857714653,42.4835243225098,-71.4362564086914,616.818664550781,546.478515625,-2.38434791564941,-0.472217112779617,114.894790649414,51.361011505127,-4.55477619171143,0.788409829139709,-0.641637563705444,-0.327267229557037,70
738505.47226845403201878071,51.3037338256836,-2.88370871543884,0.225950971245766,0.0888534188270569,-0.00406796857714653,42.4835243225098,-71.4361343383789,616.180480957031,545.324096679688,-2.5717670917511,-0.62348198890686,115.827789306641,51.3852081298828,-4.42062711715698,1.42702281475067,-0.645923733711243,-0.323539525270462,70
738505.47227073844987899065,51.3559646606445,-2.47293138504028,0.174492016434669,0.0888534188270569,-0.00406796857714653,42.4835243225098,-71.4360122680664,615.590515136719,544.185363769531,-2.20659422874451,-0.714175879955292,116.709663391113,51.4157676696777,-4.21273994445801,1.01497185230255,-0.648993074893951,-0.319537669420242,70
738505.47227300785016268492,51.384651184082,-2.25527477264404,0.15293250977993,0.0888534188270569,-0.00406796857714653,42.4835243225098,-71.4358901977539,615.08349609375,543.153625488281,-1.48405504226685,-0.709875404834747,117.206642150879,51.4343452453613,-3.96817684173584,0.00818095821887255,-0.650572001934052,-0.315700232982635,70
738505.47227532940451055765,51.3947639465332,-2.09057068824768,0.168900951743126,0.0888534188270569,-0.00406796857714653,42.4835243225098,-71.4357681274414,614.590637207031,542.112609863281,-1.01522874832153,-0.322184085845947,117.22607421875,51.4375457763672,-3.69340968132019,-1.73227274417877,-0.651154756546021,-0.311639100313187,70
738505.47227749624289572239,51.405403137207,-1.92470705509186,0.190092131495476,0.0888534188270569,-0.00406796857714653,42.4835243225098,-71.4356460571289,614.156005859375,541.160766601562,-1.4668904542923,-0.0627884268760681,116.812370300293,51.4417724609375,-3.43759894371033,-2.9246187210083,-0.65094929933548,-0.307800769805908,70
738505.47227966005448251963,51.4366455078125,-1.76039636135101,0.164923310279846,0.0888534188270569,-0.00406796857714653,42.4835243225098,-71.4355316162109,613.759094238281,540.255432128906,-2.59897255897522,0.221045508980751,116.19514465332,51.4670219421387,-3.19704031944275,-2.38887763023376,-0.650136828422546,-0.304001778364182,70
738505.47228189860470592976,51.444938659668,-1.88212847709656,0.0380492024123669,0.0888534188270569,-0.00406796857714653,42.4835243225098,-71.4354095458984,613.353942871094,539.326232910156,-2.15523052215576,0.401219874620438,115.714065551758,51.4793701171875,-2.96782779693604,1.12250280380249,-0.648795485496521,-0.300064086914062,70
738505.47228407196234911680,51.4326400756836,-1.67089128494263,-0.00373891554772854,0.0888534188270569,-0.00406796857714653,42.4835243225098,-71.4352874755859,612.954162597656,538.408569335938,-0.550320148468018,0.222550049424171,115.567527770996,51.459774017334,-2.77839112281799,1.80548572540283,-0.647331297397614,-0.296156793832779,70
738505.47228631004691123962,51.4443511962891,-1.3010185956955,0.0728105381131172,0.0888534188270569,-0.00406796857714653,42.4835243225098,-71.435173034668,612.632873535156,537.568725585938,-1.94607889652252,0.0574306361377239,115.452812194824,51.4608497619629,-2.60067343711853,-1.30575203895569,-0.645361363887787,-0.292213410139084,70
738505.47228841355536133051,51.4777603149414,-1.44275343418121,0.0464475229382515,0.0888534188270569,-0.00406796857714653,42.4835243225098,-71.43505859375,612.331115722656,536.767944335938,-2.18399429321289,-0.0799730345606804,115.147445678711,51.4979934692383,-2.42552042007446,-0.849238753318787,-0.642763316631317,-0.288402020931244,70
738505.47229074838105589151,51.4616813659668,-1.41839468479156,-0.0866264477372169,0.0888534188270569,-0.00406796857714653,42.483528137207,-71.434928894043,611.978759765625,535.867492675781,-0.667439877986908,-0.162925571203232,114.767127990723,51.4813003540039,-2.26114630699158,2.47869372367859,-0.639739573001862,-0.284161329269409,70
738505.47229295934084802866,51.4360466003418,-1.04812455177307,-0.116888403892517,0.0888534188270569,-0.00406796857714653,42.483528137207,-71.4348068237305,611.68994140625,535.049255371094,-1.23112726211548,-0.106861114501953,114.621406555176,51.4468574523926,-2.12422752380371,1.90854108333588,-0.636591076850891,-0.28005638718605,70
738505.47229527332819998264,51.4691619873047,-0.891989588737488,-0.0076039731502533,0.0888534188270569,-0.00406796857714653,42.483528137207,-71.434684753418,611.438293457031,534.234008789062,-2.42718386650085,0.157154113054276,114.620239257812,51.4768905639648,-1.9676628112793,-2.23801422119141,-0.632467091083527,-0.275633066892624,70
738505.47229752282146364450,51.5179901123047,-1.03599750995636,0.0841557383537292,0.0888534188270569,-0.00406796857714653,42.483528137207,-71.4345626831055,611.196350097656,533.461547851562,-1.5783383846283,0.765857934951782,114.426719665527,51.5284729003906,-1.81977760791779,-4.34464931488037,-0.628020048141479,-0.271471321582794,70
738505.47229968220926821232,51.5273017883301,-1.09397315979004,0.0684842243790627,0.0888534188270569,-0.00406796857714653,42.483528137207,-71.434440612793,610.941101074219,532.697326660156,-0.0523861683905125,1.37641298770905,113.8623046875,51.5389595031738,-1.70378994941711,-2.38258695602417,-0.623721122741699,-0.267466932535172,70
738505.47230191598646342754,51.4967613220215,-0.97275573015213,0.0455234721302986,0.0888534188270569,-0.00406796857714653,42.483528137207,-71.434326171875,610.689331054688,531.924194335938,-0.242876797914505,1.77273964881897,113.051231384277,51.5059661865234,-1.61336266994476,-0.212376654148102,-0.619376480579376,-0.263345301151276,70
738505.47230420005507767200,51.4796905517578,-1.09247803688049,0.0798160508275032,0.0888534188270569,-0.00406796857714653,42.483528137207,-71.434196472168,610.430419921875,531.117431640625,-0.821141600608826,2.85631084442139,112.340637207031,51.4913444519043,-1.53346300125122,0.144798517227173,-0.614670097827911,-0.258990705013275,70
738505.47230641834903508425,51.4297485351562,-1.16794610023499,0.212000176310539,0.0888534188270569,-0.00406796857714653,42.483528137207,-71.43408203125,610.161376953125,530.333923339844,0.414931833744049,4.62044525146484,112.026809692383,51.4434432983398,-1.48243772983551,-1.02051424980164,-0.610359489917755,-0.254915654659271,70
738505.47230865049641579390,51.3193206787109,-1.1576874256134,0.419778019189835,0.0888534188270569,-0.00406796857714653,42.483528137207,-71.4339599609375,609.879699707031,529.527465820312,2.13651537895203,6.174400806427,112.12971496582,51.3340950012207,-1.45530140399933,-2.07009983062744,-0.606154680252075,-0.250741511583328,70
738505.47231085330713540316,51.1737022399902,-0.966070592403412,0.632336020469666,0.0888534188270569,-0.00406796857714653,42.483528137207,-71.433837890625,609.62060546875,528.748291015625,2.67603397369385,7.25320529937744,112.501022338867,51.1867256164551,-1.4392865896225,-1.16976416110992,-0.602006852626801,-0.246601045131683,70
738505.47231313399970531464,51.0538673400879,-0.761509835720062,0.812668740749359,0.0888534188270569,-0.00406796857714653,42.483528137207,-71.4337158203125,609.401794433594,528.006164550781,1.57161200046539,8.20801162719727,112.864616394043,51.0660133361816,-1.41029930114746,1.42815124988556,-0.597487986087799,-0.242443934082985,70
738505.47231535590253770351,50.9775695800781,-0.835529327392578,0.994930565357208,0.0888534188270569,-0.00406796857714653,42.483528137207,-71.4336013793945,609.199890136719,527.290222167969,0.976265668869019,8.87090682983398,113.060157775879,50.9941253662109,-1.36126363277435,3.02635145187378,-0.592572867870331,-0.238405734300613,70
738505.47231764846947044134,50.8498115539551,-0.884043276309967,1.35749363899231,0.0888534188270569,-0.00406796857714653,42.4835243225098,-71.4334716796875,608.966369628906,526.516845703125,2.33403015136719,9.39956665039062,113.205383300781,50.8756103515625,-1.31095349788666,0.631512761116028,-0.587276935577393,-0.234206363558769,70
738505.47231980226933956146,50.6740760803223,-0.674493670463562,1.77136373519897,0.0888534188270569,-0.00406796857714653,42.4835243225098,-71.4333572387695,608.765258789062,525.813903808594,3.13816356658936,9.51421356201172,113.48030090332,50.7095108032227,-1.27156913280487,-1.57541286945343,-0.582317650318146,-0.230384111404419,70
738505.47232221020385622978,50.5061721801758,-0.347381711006165,2.12314367294312,0.0888534188270569,-0.00406796857714653,42.4835205078125,-71.433235168457,608.612548828125,525.133972167969,2.45922374725342,9.4310188293457,113.92350769043,50.5519714355469,-1.21413254737854,-0.634083390235901,-0.576648712158203,-0.226429983973503,70
738505.47232461918611079454,50.3888511657715,-0.301388293504715,2.35157203674316,0.0888534188270569,-0.00406796857714653,42.4835166931152,-71.43310546875,608.490661621094,524.450317382812,2.10309481620789,8.40488529205322,114.287269592285,50.4445915222168,-1.11750543117523,2.31264853477478,-0.569751501083374,-0.222345724701881,70
738505.47232703317422419786,50.2503051757812,-0.406071901321411,2.56100034713745,0.0888534188270569,-0.00406796857714653,42.483512878418,-71.4329833984375,608.35595703125,523.776977539062,3.36217641830444,6.71314859390259,114.295448303223,50.3171615600586,-1.01694738864899,3.13276672363281,-0.562697887420654,-0.218601062893867,70
738505.47232939547393471003,50.0256652832031,-0.0729039311408997,2.78491902351379,0.0888534188270569,-0.00406796857714653,42.4835090637207,-71.4328536987305,608.248779296875,523.120178222656,2.90073585510254,4.74085092544556,114.222328186035,50.1031761169434,-0.924651861190796,2.71518874168396,-0.555323123931885,-0.214929699897766,70
738505.47233181830961257219,49.8718566894531,0.229216113686562,3.00584149360657,0.0888534188270569,-0.00406796857714653,42.4835014343262,-71.4327239990234,608.21435546875,522.553100585938,0.611489713191986,2.56649136543274,114.421714782715,49.9628829956055,-0.815883219242096,-0.325743645429611,-0.547469139099121,-0.211531639099121,70
738505.47233425546437501907,49.8076667785645,0.279790699481964,3.12949872016907,0.0888534188270569,-0.00406796857714653,42.4834976196289,-71.4325942993164,608.214965820312,522.256774902344,-0.2747642993927,0.407038480043411,114.88200378418,49.9066696166992,-0.67436408996582,-2.35757207870483,-0.53841358423233,-0.208173260092735,70
738505.47233667294494807720,49.7595558166504,0.212680622935295,3.12716245651245,0.0888534188270569,-0.00406796857714653,42.4834899902344,-71.4324722290039,608.20703125,522.190734863281,0.76670891046524,0.161363482475281,115.21802520752,49.8581771850586,-0.53591114282608,-1.85106778144836,-0.529108285903931,-0.205075174570084,70
738505.47233904316090047359,49.7035522460938,0.394339054822922,3.15665102005005,0.0888534188270569,-0.00406796857714653,42.4834861755371,-71.4323501586914,608.204772949219,522.363220214844,0.579094111919403,0.146315708756447,115.048721313477,49.8052520751953,-0.420434802770615,-2.70571279525757,-0.519876658916473,-0.202189728617668,70
738505.47234149987343698740,49.6838684082031,0.151551797986031,3.25968742370605,0.0888534188270569,-0.00406796857714653,42.4834823608398,-71.4322204589844,608.221374511719,522.66748046875,-1.64136290550232,0.217405647039413,114.333656311035,49.7909164428711,-0.307178616523743,-5.67257308959961,-0.509862422943115,-0.199288487434387,70
738505.47234391770325601101,49.6269798278809,-0.199871256947517,3.16464686393738,0.0888534188270569,-0.00406796857714653,42.4834747314453,-71.4320907592773,608.133422851562,523.012451171875,0.265012472867966,0.173312082886696,113.69255065918,49.7281837463379,-0.244941547513008,-2.20490884780884,-0.500454485416412,-0.196560978889465,70
738505.47234634472988545895,49.5865364074707,0.121595047414303,3.0885112285614,0.0888534188270569,-0.00406796857714653,42.483470916748,-71.4319686889648,608.080017089844,523.389709472656,-0.767101109027863,0.0937072411179543,113.29655456543,49.6827774047852,-0.2357247620821,-0.456481575965881,-0.491714715957642,-0.1939457654953,70
738505.47234869690146297216,49.6174125671387,-0.242720425128937,3.16523957252502,0.0888534188270569,-0.00406796857714653,42.4834632873535,-71.4318389892578,608.014038085938,523.747924804688,-1.38955736160278,0.14814330637455,112.759162902832,49.718864440918,-0.230681121349335,-3.35321950912476,-0.483007341623306,-0.191438570618629,70
738505.47235109459143131971,49.5924606323242,-0.481320679187775,3.13513565063477,0.0888534188270569,-0.00406796857714653,42.4834594726562,-71.4317169189453,607.867370605469,524.031372070312,0.385789513587952,0.180435001850128,111.966270446777,49.693790435791,-0.265104562044144,-2.11260676383972,-0.47480845451355,-0.188952848315239,70
738505.47235351765993982553,49.5313949584961,-0.368987947702408,3.01028776168823,0.0888534188270569,-0.00406796857714653,42.4834518432617,-71.4315948486328,607.728515625,524.3173828125,-0.124231837689877,0.466895163059235,111.317565917969,49.6241569519043,-0.333032339811325,1.47079622745514,-0.467352122068405,-0.186545893549919,70
738505.47235585469752550125,49.5189094543457,-0.410765737295151,2.92886757850647,0.0888534188270569,-0.00406796857714653,42.4834480285645,-71.4314651489258,607.593994140625,524.610595703125,-1.20840489864349,0.696216106414795,110.976226806641,49.6071510314941,-0.40001705288887,3.17577648162842,-0.459962517023087,-0.184143483638763,70
738505.47235814144369214773,49.525318145752,-0.606559872627258,2.94610023498535,0.0888534188270569,-0.00406796857714653,42.4834442138672,-71.4313507080078,607.4423828125,524.856994628906,-0.735227525234222,0.682469427585602,110.869140625,49.6165733337402,-0.460612654685974,2.19962072372437,-0.453246533870697,-0.181933641433716,70
738505.47236064239405095577,49.5081024169922,-0.795993387699127,2.98861241340637,0.0888534188270569,-0.00406796857714653,42.4834403991699,-71.4312210083008,607.229431152344,525.082641601562,0.676193833351135,0.662837386131287,110.693969726562,49.6046142578125,-0.543022036552429,1.07087004184723,-0.446347296237946,-0.179485738277435,70
738505.47236304788384586573,49.4772300720215,-0.844491124153137,2.92393159866333,0.0888534188270569,-0.00406796857714653,42.4834327697754,-71.4310989379883,607.001037597656,525.284912109375,0.175969108939171,0.53904002904892,110.252571105957,49.570743560791,-0.640168786048889,3.1149685382843,-0.44014498591423,-0.177085921168327,70
738505.47236544056795537472,49.4573936462402,-1.13322103023529,2.74784731864929,0.0888534188270569,-0.00406796857714653,42.4834289550781,-71.4309692382812,606.743591308594,525.44970703125,-0.511373698711395,0.263357788324356,109.684455871582,49.546630859375,-0.741423726081848,7.42094612121582,-0.434486567974091,-0.174734443426132,70
738505.47236787492875009775,49.3793487548828,-1.399209856987,2.7152464389801,0.0888534188270569,-0.00406796857714653,42.4834251403809,-71.4308471679688,606.408996582031,525.55126953125,1.28309440612793,0.0091953668743372,109.49284362793,49.4737358093262,-0.87023788690567,6.59919881820679,-0.429452121257782,-0.172287598252296,70
738505.47237028903327882290,49.2314872741699,-1.27408611774445,2.79997897148132,0.0888534188270569,-0.00406796857714653,42.4834213256836,-71.4307174682617,606.065612792969,525.640502929688,2.09598731994629,-0.149057671427727,109.911102294922,49.3275032043457,-1.01854526996613,2.48954153060913,-0.425265282392502,-0.169840812683105,70
738505.47237272839993238449,49.1424789428711,-1.13237547874451,2.82360148429871,0.0888534188270569,-0.00406796857714653,42.4834136962891,-71.4305953979492,605.765747070312,525.766540527344,0.371003836393356,-0.337984800338745,110.558059692383,49.2365531921387,-1.14225852489471,0.635833561420441,-0.421233177185059,-0.167411640286446,70
738505.47237516310997307301,49.1263465881348,-1.28970348834991,2.77541279792786,0.0888534188270569,-0.00406796857714653,42.4834098815918,-71.4304656982422,605.448303222656,525.884582519531,-0.502571880817413,-0.596899211406708,111.057540893555,49.2215805053711,-1.23267793655396,0.90201061964035,-0.416951686143875,-0.164907112717628,70
738505.47237760131247341633,49.1211891174316,-1.49442219734192,2.753986120224,0.0888534188270569,-0.00406796857714653,42.4834060668945,-71.4303436279297,605.100219726562,525.966186523438,-0.537322461605072,-0.74918669462204,111.217994689941,49.2210235595703,-1.31191337108612,0.218548879027367,-0.4129618704319,-0.162427768111229,70
738505.47238011297304183245,49.1052780151367,-1.74946820735931,2.73486089706421,0.0888534188270569,-0.00406796857714653,42.4833984375,-71.4302139282227,604.695251464844,525.994140625,-0.392203509807587,-0.775857925415039,111.075080871582,49.2124824523926,-1.40410375595093,-0.513458430767059,-0.409526735544205,-0.159913957118988,70
738505.47238255373667925596,49.0922508239746,-1.90730226039886,2.73410797119141,0.0888534188270569,-0.00406796857714653,42.4833946228027,-71.4300842285156,604.245727539062,525.978271484375,-1.06923985481262,-0.686412811279297,110.807434082031,49.2053070068359,-1.52016615867615,-1.6698431968689,-0.406882286071777,-0.157387912273407,70
738505.47238548577297478914,49.126594543457,-2.05262517929077,2.71245884895325,0.0888534188270569,-0.00406796857714653,42.4833908081055,-71.4299545288086,603.753234863281,525.933166503906,-2.36115622520447,-0.528087913990021,110.564804077148,49.2442207336426,-1.65570020675659,-1.79526853561401,-0.404876172542572,-0.154763981699944,70
738505.47238803748041391373,49.2077484130859,-2.47803139686584,2.61178255081177,0.0888534188270569,-0.00406796857714653,42.4833869934082,-71.429801940918,603.119201660156,525.813293457031,-2.09337997436523,-0.397278338670731,110.261741638184,49.3392791748047,-1.82659041881561,0.729282379150391,-0.403455197811127,-0.151718124747276,70
738505.47239052504301071167,49.2623901367188,-2.64776206016541,2.5181565284729,0.0888534188270569,-0.00406796857714653,42.4833793640137,-71.4296722412109,602.483764648438,525.630432128906,-1.46263265609741,-0.254583239555359,109.68180847168,49.3977241516113,-2.00845694541931,2.63164567947388,-0.403433591127396,-0.14905609190464,70
738505.47239303309470415115,49.3162155151367,-2.76558876037598,2.60259222984314,0.0888534188270569,-0.00406796857714653,42.4833755493164,-71.4295425415039,601.834655761719,525.431640625,-3.33720302581787,0.246416002511978,108.940628051758,49.4622192382812,-2.20122456550598,-1.00976097583771,-0.404284805059433,-0.146376460790634,70
738505.47239552566315978765,49.3799057006836,-3.11263370513916,2.68400025367737,0.0888534188270569,-0.00406796857714653,42.4833717346191,-71.4294128417969,601.143432617188,525.587219238281,-3.2225558757782,1.51533544063568,108.51554107666,49.5506553649902,-2.38995838165283,-2.8453164100647,-0.405824095010757,-0.143735438585281,70
738505.47239797527436167002,49.4235954284668,-3.34114575386047,2.63671875,0.0888534188270569,-0.00406796857714653,42.4833679199219,-71.4292831420898,600.401184082031,525.727172851562,-1.59010112285614,2.54653453826904,108.487930297852,49.6065292358398,-2.59139084815979,0.638634741306305,-0.408332765102386,-0.141105607151985,70
738505.47240049892570823431,49.4599761962891,-3.33358597755432,2.57533955574036,0.0888534188270569,-0.00406796857714653,42.4833641052246,-71.4291534423828,599.617797851562,525.854064941406,-1.7466903924942,3.26322269439697,108.549514770508,49.6390419006348,-2.80354928970337,4.82870006561279,-0.411784470081329,-0.138368621468544,70
738505.47240310849156230688,49.4413871765137,-3.7439432144165,2.75142359733582,0.0888534188270569,-0.00406796857714653,42.4833564758301,-71.4290237426758,598.774536132812,525.926879882812,-0.878106594085693,5.18318653106689,108.617088317871,49.6592178344727,-3.00535702705383,1.99859821796417,-0.415884256362915,-0.135604351758957,70
738505.47240564518142491579,49.3168563842773,-3.60881114006042,3.0596706867218,0.0888534188270569,-0.00406796857714653,42.4833526611328,-71.4288864135742,597.879577636719,525.964965820312,0.464765310287476,7.38334369659424,109.149940490723,49.5432891845703,-3.21888303756714,-0.308345556259155,-0.421075880527496,-0.132775411009789,70
738505.47240807174239307642,49.2276382446289,-3.28329467773438,3.32733249664307,0.0888534188270569,-0.00406796857714653,42.4833450317383,-71.4287567138672,597.097290039062,526.068664550781,-1.10258138179779,8.72903060913086,110.279541015625,49.4490776062012,-3.38123679161072,0.916253387928009,-0.426088273525238,-0.130113452672958,70
738505.47241054731421172619,49.2100257873535,-3.40531945228577,3.6383068561554,0.0888534188270569,-0.00406796857714653,42.483341217041,-71.4286346435547,596.331176757812,526.189270019531,-1.45878970623016,8.74849033355713,111.526596069336,49.4617042541504,-3.47574758529663,-0.225893929600716,-0.430558651685715,-0.127497300505638,70
738505.47241300495807081461,49.1752624511719,-3.37939667701721,4.03057527542114,0.0888534188270569,-0.00406796857714653,42.4833335876465,-71.4285049438477,595.540405273438,526.289978027344,-0.978322625160217,8.57774829864502,112.286102294922,49.4557647705078,-3.53958773612976,-2.58151125907898,-0.435006350278854,-0.124951511621475,70
738505.47241543419659137726,49.163703918457,-3.24032187461853,4.26251077651978,0.0888534188270569,-0.00406796857714653,42.483325958252,-71.4283752441406,594.795471191406,526.418823242188,-2.65254783630371,8.3268518447876,112.617485046387,49.4544067382812,-3.57686257362366,-0.120688632130623,-0.439257740974426,-0.122571468353271,70
738505.47241775610018521547,49.1781120300293,-3.4895191192627,4.36457490921021,0.0888534188270569,-0.00406796857714653,42.4833183288574,-71.4282531738281,594.06494140625,526.534057617188,-2.74625086784363,7.97361612319946,112.954475402832,49.4945755004883,-3.5885374546051,3.32398056983948,-0.443142652511597,-0.120396815240383,70
738505.47242011164780706167,49.1815032958984,-3.453129529953,4.65259313583374,0.0888534188270569,-0.00406796857714653,42.4833106994629,-71.4281311035156,593.302124023438,526.619079589844,-1.59685218334198,7.68118143081665,113.306289672852,49.5216217041016,-3.60805916786194,2.07769179344177,-0.44731006026268,-0.11834529787302,70
738505.47242268954869359732,49.201416015625,-3.40004658699036,5.00359344482422,0.0888534188270569,-0.00406796857714653,42.4833030700684,-71.4280090332031,592.51318359375,526.727355957031,-2.85909509658813,7.47894811630249,113.289367675781,49.5719223022461,-3.62956738471985,-0.524425446987152,-0.451835989952087,-0.11631178855896,70
738505.47242523508612066507,49.275260925293,-3.5697021484375,5.21106386184692,0.0888534188270569,-0.00406796857714653,42.4832916259766,-71.4278717041016,591.665100097656,526.828735351562,-4.07286500930786,7.18137407302856,112.881683349609,49.6784591674805,-3.64697861671448,0.76182746887207,-0.456617951393127,-0.114337354898453,70
738505.47242765594273805618,49.3181266784668,-3.75076985359192,5.35860300064087,0.0888534188270569,-0.00406796857714653,42.483283996582,-71.4277496337891,590.854064941406,526.878540039062,-3.20621824264526,6.81651926040649,112.551536560059,49.7499809265137,-3.67800974845886,2.37006783485413,-0.461308568716049,-0.112729124724865,70
738505.47243009670637547970,49.334789276123,-3.66972708702087,5.61008024215698,0.0888534188270569,-0.00406796857714653,42.4832725524902,-71.427619934082,589.998046875,526.921142578125,-2.77255535125732,6.4963903427124,112.520111083984,49.7881622314453,-3.73178148269653,1.39512705802917,-0.466702938079834,-0.111206084489822,70
738505.47243248380254954100,49.3957862854004,-3.52225303649902,5.91335439682007,0.0888534188270569,-0.00406796857714653,42.4832611083984,-71.4274978637695,589.209838867188,526.995056152344,-4.241614818573,6.4015908241272,112.668334960938,49.8730163574219,-3.77647590637207,-1.13783550262451,-0.471896171569824,-0.109904408454895,70
738505.47243503900244832039,49.5442428588867,-3.64753460884094,6.15265655517578,0.0888534188270569,-0.00406796857714653,42.4832496643066,-71.427360534668,588.369384765625,527.08544921875,-5.62116432189941,6.70806217193604,112.617881774902,50.0578842163086,-3.79966139793396,-1.35740721225739,-0.477189749479294,-0.108670644462109,70
738505.47243741538841277361,49.6567535400391,-4.03563547134399,6.19322299957275,0.0888534188270569,-0.00406796857714653,42.4832382202148,-71.4272384643555,587.511535644531,527.106018066406,-4.06004285812378,7.18959522247314,112.15274810791,50.2039413452148,-3.82774496078491,3.44798731803894,-0.482402682304382,-0.107686266303062,70
738505.47243993624579161406,49.6757926940918,-4.22518491744995,6.35576343536377,0.0888534188270569,-0.00406796857714653,42.483226776123,-71.4271011352539,586.515319824219,527.05908203125,-1.78011572360992,8.59727668762207,111.502410888672,50.2586555480957,-3.90548992156982,5.72585916519165,-0.489035248756409,-0.106788255274296,70
738505.47244234394747763872,49.5968856811523,-4.07332611083984,6.75750780105591,0.0888534188270569,-0.00406796857714653,42.4832153320312,-71.4269790649414,585.601867675781,527.020751953125,-1.63278043270111,9.61263084411621,111.337951660156,50.2205810546875,-4.00321626663208,2.51859664916992,-0.49587082862854,-0.106119118630886,70
738505.47244474734179675579,49.5181694030762,-3.92152118682861,7.26605987548828,0.0888534188270569,-0.00406796857714653,42.4832038879395,-71.4268493652344,584.715759277344,527.018432617188,-2.0408411026001,10.2096967697144,111.844116210938,50.2018241882324,-4.08482599258423,-1.88173282146454,-0.502765297889709,-0.105591729283333,70
738505.47244714281987398863,49.4801864624023,-3.76764583587646,7.67895793914795,0.0888534188270569,-0.00406796857714653,42.4831886291504,-71.4267272949219,583.872497558594,527.049194335938,-1.85083043575287,10.2004776000977,112.722282409668,50.2140426635742,-4.12926244735718,-2.2540225982666,-0.509216904640198,-0.105244420468807,70
738505.47244956414215266705,49.466983795166,-3.69192552566528,7.93351650238037,0.0888534188270569,-0.00406796857714653,42.4831771850586,-71.4265975952148,583.037475585938,527.100524902344,-1.53761863708496,10.0129222869873,113.453491210938,50.2349815368652,-4.13732290267944,1.40523648262024,-0.51530784368515,-0.105091065168381,70
738505.47245200234465301037,49.4932441711426,-3.61625838279724,8.1046667098999,0.0888534188270569,-0.00406796857714653,42.4831619262695,-71.4264755249023,582.216735839844,527.169738769531,-2.58259272575378,9.82001686096191,113.627914428711,50.282642364502,-4.11855125427246,6.24080038070679,-0.521039605140686,-0.105153702199459,70
738505.47245444008149206638,49.5806655883789,-3.6673698425293,8.29456043243408,0.0888534188270569,-0.00406796857714653,42.4831466674805,-71.4263458251953,581.39013671875,527.245849609375,-4.76973342895508,9.52245140075684,113.228057861328,50.4032936096191,-4.082679271698,9.01810455322266,-0.526540338993073,-0.105437338352203,70
738505.47245681111235171556,49.6464614868164,-3.92395830154419,8.61750888824463,0.0888534188270569,-0.00406796857714653,42.4831314086914,-71.4262237548828,580.561462402344,527.272521972656,-5.55886697769165,9.2704439163208,112.636329650879,50.5413703918457,-4.05414438247681,6.41110324859619,-0.531859517097473,-0.10591147840023,70
738505.47245912125799804926,49.6647186279297,-4.11837339401245,9.01885318756104,0.0888534188270569,-0.00406796857714653,42.4831161499023,-71.4261016845703,579.674743652344,527.229064941406,-4.50034046173096,9.10818386077881,112.187728881836,50.6446914672852,-4.06005716323853,2.74597358703613,-0.537764370441437,-0.106580525636673,70
738505.47246139484923332930,49.7005500793457,-4.05594778060913,9.33707904815674,0.0888534188270569,-0.00406796857714653,42.4831008911133,-71.4259796142578,578.836547851562,527.183044433594,-4.57591533660889,9.00228595733643,112.00855255127,50.7324028015137,-4.09563207626343,2.80548334121704,-0.543847739696503,-0.107386723160744,70
738505.47246367903426289558,49.7985229492188,-4.07925176620483,9.5563383102417,0.0888534188270569,-0.00406796857714653,42.483081817627,-71.4258575439453,577.969360351562,527.431640625,-5.87655401229858,8.70756053924561,111.938583374023,50.870979309082,-4.13821887969971,5.57850170135498,-0.550372064113617,-0.108433410525322,70
738505.47246594238094985485,49.8916969299316,-4.35457515716553,9.79138946533203,0.0888534188270569,-0.00406796857714653,42.4830665588379,-71.4257431030273,577.095703125,527.280395507812,-5.90327215194702,7.28478384017944,111.80770111084,51.0295524597168,-4.18316745758057,5.44906997680664,-0.556860387325287,-0.10963773727417,70
738505.47246830502990633249,49.9289512634277,-4.55613803863525,10.1196727752686,0.0888534188270569,-0.00406796857714653,42.4830474853516,-71.4256210327148,576.157409667969,526.543518066406,-4.75126552581787,5.64910173416138,111.549705505371,51.1474952697754,-4.25329780578613,1.80283308029175,-0.564049303531647,-0.111055105924606,70
738505.47247063473332673311,49.9351005554199,-4.50174474716187,10.4859819412231,0.0888534188270569,-0.00406796857714653,42.4830322265625,-71.4254989624023,575.174743652344,525.769836425781,-4.85678768157959,4.22783470153809,111.35237121582,51.222412109375,-4.34910249710083,-2.79678964614868,-0.572145760059357,-0.112728573381901,70
738505.47247286501806229353,49.9789810180664,-4.63410520553589,10.6495132446289,0.0888534188270569,-0.00406796857714653,42.4830131530762,-71.4253768920898,574.233581542969,525.029052734375,-4.73403787612915,2.85286402702332,111.607162475586,51.310676574707,-4.43888425827026,-2.75876426696777,-0.580149412155151,-0.114523813128471,70
738505.47247510787565261126,50.0205574035645,-4.72220849990845,10.6962442398071,0.0888534188270569,-0.00406796857714653,42.4829940795898,-71.4252624511719,573.258056640625,524.254699707031,-2.45827221870422,1.2657071352005,112.221603393555,51.3689117431641,-4.53065395355225,-0.925798237323761,-0.588520646095276,-0.116520710289478,70
738505.47247733094263821840,50.0338592529297,-4.47711706161499,10.7603073120117,0.0888534188270569,-0.00406796857714653,42.4829750061035,-71.4251480102539,572.334167480469,523.52587890625,-2.1595630645752,0.184373140335083,112.774757385254,51.3732986450195,-4.61531496047974,-1.6463714838028,-0.596872627735138,-0.118629671633244,70
738505.47247967461589723825,50.0852584838867,-4.32389736175537,10.7494735717773,0.0888534188270569,-0.00406796857714653,42.4829559326172,-71.4250183105469,571.389709472656,522.718200683594,-3.5516254901886,-0.0968236923217773,113.225341796875,51.4079818725586,-4.66976499557495,-1.07633972167969,-0.605490326881409,-0.121078088879585,70
738505.47248194366693496704,50.1445007324219,-4.31003475189209,10.6704835891724,0.0888534188270569,-0.00406796857714653,42.4829406738281,-71.4249038696289,570.490966796875,521.91650390625,-3.15827298164368,-0.431025713682175,113.731239318848,51.4480934143066,-4.68537187576294,0.827261924743652,-0.613339304924011,-0.123569056391716,70
738505.47248415334615856409,50.164909362793,-4.26138687133789,10.5873546600342,0.0888534188270569,-0.00406796857714653,42.4829216003418,-71.4247817993164,569.617004394531,521.138122558594,-1.90204620361328,-0.758574783802032,114.39151763916,51.4467658996582,-4.67932748794556,1.97294533252716,-0.620806992053986,-0.126129075884819,70
738505.47248623007908463478,50.1575965881348,-3.96151518821716,10.5365447998047,0.0888534188270569,-0.00406796857714653,42.4829025268555,-71.424674987793,568.813110351562,520.424987792969,-1.12799525260925,-0.987236022949219,115.114036560059,51.4052200317383,-4.65974903106689,1.57274413108826,-0.627628982067108,-0.128615722060204,70
738505.47248841391410678625,50.1800727844238,-3.75263237953186,10.5368881225586,0.0888534188270569,-0.00406796857714653,42.4828872680664,-71.4245529174805,568.031921386719,519.745239257812,-2.33614540100098,-1.0975729227066,115.667915344238,51.4115562438965,-4.60713481903076,-0.36152657866478,-0.634177148342133,-0.131310775876045,70
738505.47249066608492285013,50.2361297607422,-3.75306367874146,10.5578050613403,0.0888534188270569,-0.00406796857714653,42.4828681945801,-71.4244384765625,567.26513671875,519.080383300781,-2.99732756614685,-0.723197817802429,115.792259216309,51.470588684082,-4.52353239059448,-2.05720114707947,-0.640044271945953,-0.134052753448486,70
738505.47249291592743247747,50.2904510498047,-3.74635410308838,10.5247764587402,0.0888534188270569,-0.00406796857714653,42.4828491210938,-71.42431640625,566.463562011719,518.384033203125,-2.22439312934875,-0.447245478630066,115.54035949707,51.5163612365723,-4.43170499801636,-1.65206849575043,-0.645775139331818,-0.136931270360947,70
738505.47249508684035390615,50.3651580810547,-3.36314821243286,10.4796009063721,0.0888534188270569,-0.00406796857714653,42.4828338623047,-71.424201965332,565.765258789062,517.785278320312,-2.95935678482056,-0.253267198801041,115.157348632812,51.5536804199219,-4.34155035018921,-0.878773987293243,-0.650846362113953,-0.139666020870209,70
738505.47249734250362962484,50.3889656066895,-3.36810708045959,10.5169248580933,0.100035205483437,-0.00406796857714653,42.4828147888184,-71.4240798950195,565.048217773438,517.173217773438,-2.55072093009949,-0.158104315400124,114.803520202637,51.5848617553711,-4.22590160369873,-2.32770156860352,-0.655474543571472,-0.142586022615433,70
738505.47249951527919620275,50.3723526000977,-3.27163887023926,10.5003595352173,0.127714157104492,-0.00406796857714653,42.4827995300293,-71.4239654541016,564.37646484375,516.601196289062,-0.993636965751648,-0.112737417221069,114.741371154785,51.5590476989746,-4.11520767211914,-1.89838993549347,-0.65949410200119,-0.145364373922348,70
738505.47250188153702765703,50.3086166381836,-2.94729232788086,10.4235019683838,0.160000160336494,-0.00406796857714653,42.4827766418457,-71.4238357543945,563.651489257812,515.990478515625,0.41088855266571,-0.108508102595806,115.089454650879,51.4615669250488,-3.98576045036316,-0.143664509057999,-0.663616955280304,-0.14860987663269,70
738505.47250411030836403370,50.261474609375,-2.49669742584229,10.3279209136963,0.160000160336494,-0.00406796857714653,42.4827613830566,-71.423713684082,563.07275390625,515.515380859375,0.155947223305702,-0.164227411150932,115.573272705078,51.3723182678223,-3.84689378738403,1.62170791625977,-0.666483342647552,-0.151528686285019,70
738505.47250635060481727123,50.2911796569824,-2.26374077796936,10.21107006073,0.160000160336494,-0.00406796857714653,42.4827423095703,-71.4235992431641,562.583557128906,515.128662109375,-1.24436962604523,-0.325422406196594,115.831939697266,51.3672370910645,-3.66697931289673,3.74219346046448,-0.668036162853241,-0.154420286417007,70
738505.47250855003949254751,50.259204864502,-2.36692905426025,10.2542295455933,0.160000160336494,-0.00406796857714653,42.4827270507812,-71.4234848022461,562.072998046875,514.720520019531,0.172948896884918,-0.46371191740036,115.622657775879,51.3491897583008,-3.47128820419312,1.0062712430954,-0.668712496757507,-0.157310962677002,70
738505.47251077007967978716,50.1832733154297,-1.94071292877197,10.3595685958862,0.160000160336494,-0.00406796857714653,42.4827079772949,-71.4233627319336,561.613708496094,514.363098144531,-0.407068252563477,-0.468901008367538,115.154266357422,51.2781410217285,-3.28771042823792,-3.21312618255615,-0.668964743614197,-0.160186529159546,70
738505.47251306218095123768,50.1827507019043,-1.85170257091522,10.3404035568237,0.160000160336494,-0.00406796857714653,42.4826889038086,-71.4232406616211,561.184387207031,514.040588378906,-1.20524454116821,-0.604660332202911,114.764671325684,51.2704696655273,-3.08092045783997,-2.98445868492126,-0.668270409107208,-0.16322049498558,70
738505.47251529106870293617,50.1817245483398,-1.83896958827972,10.3003406524658,0.160000160336494,-0.00406796857714653,42.4826736450195,-71.4231262207031,560.774047851562,513.731201171875,0.343060404062271,-0.855604290962219,114.455429077148,51.2609443664551,-2.89150857925415,-2.51968121528625,-0.667010426521301,-0.166076019406319,70
738505.47251757455524057150,50.1601448059082,-1.5019793510437,10.3490743637085,0.160000160336494,-0.00406796857714653,42.4826545715332,-71.4230041503906,560.399963378906,513.459838867188,-0.205414533615112,-1.02613413333893,113.87321472168,51.2386474609375,-2.71393013000488,-5.34553623199463,-0.665302932262421,-0.168987885117531,70
738505.47251985513139516115,50.1978492736816,-1.3809597492218,10.3547697067261,0.160000160336494,-0.00406796857714653,42.4826393127441,-71.4228820800781,560.067932128906,513.231079101562,-2.2531681060791,-1.14619922637939,112.980438232422,51.273307800293,-2.53152227401733,-6.27549123764038,-0.662800908088684,-0.171925872564316,70
738505.47252205724362283945,50.2467460632324,-1.41078233718872,10.2277030944824,0.160000160336494,-0.00406796857714653,42.4826202392578,-71.4227676391602,559.748046875,513.012329101562,-2.38228249549866,-1.29680812358856,112.251663208008,51.2965087890625,-2.35914707183838,-3.18506765365601,-0.659779012203217,-0.174792185425758,70
738505.47252431930974125862,50.2568550109863,-1.3101487159729,10.024658203125,0.160000160336494,-0.00406796857714653,42.4826049804688,-71.4226455688477,559.429565429688,512.795715332031,-0.706667482852936,-1.4911116361618,112.068084716797,51.2636528015137,-2.2070050239563,1.07783436775208,-0.656484067440033,-0.177686408162117,70
738505.47252661583479493856,50.2314796447754,-0.976076602935791,9.85906505584717,0.160000160336494,-0.00406796857714653,42.4825859069824,-71.4225234985352,559.149780273438,512.620849609375,0.139865532517433,-1.60133445262909,112.445182800293,51.1991729736328,-2.06309485435486,2.91451025009155,-0.652689874172211,-0.1806620657444,70
738505.47252900805324316025,50.1980133056641,-0.80733197927475,9.85210704803467,0.160000160336494,-0.00406796857714653,42.4825668334961,-71.4224014282227,558.9208984375,512.500305175781,-0.0982140004634857,-1.53972768783569,113.004745483398,51.1620597839355,-1.90169179439545,0.0508210733532906,-0.647885084152222,-0.183702170848846,70
738505.47253130411263555288,50.1314888000488,-0.965410351753235,9.86335563659668,0.160000160336494,-0.00406796857714653,42.482551574707,-71.4222793579102,558.685852050781,512.370422363281,1.98302233219147,-1.50251424312592,113.362686157227,51.1017036437988,-1.74431848526001,-2.10969376564026,-0.642576932907104,-0.186601966619492,70
738505.47253362950868904591,49.9887580871582,-0.625776648521423,9.69876384735107,0.160000160336494,-0.00406796857714653,42.4825325012207,-71.4221572875977,558.463989257812,512.254943847656,3.89968013763428,-1.63196849822998,113.665390014648,50.9247817993164,-1.60972893238068,0.24779486656189,-0.637063562870026,-0.189506188035011,70
738505.47253591846674680710,49.8808364868164,-0.134670436382294,9.53893375396729,0.160000160336494,-0.00406796857714653,42.4825172424316,-71.4220352172852,558.344848632812,512.235717773438,2.65722060203552,-1.80912208557129,114.093597412109,50.784912109375,-1.46807587146759,1.28441786766052,-0.630938351154327,-0.192286819219589,70
738505.47253819915931671858,49.884033203125,-0.0095928143709898,9.44893646240234,0.160000160336494,-0.00406796857714653,42.4825019836426,-71.4219131469727,558.284912109375,512.269165039062,1.84848880767822,-2.07920575141907,114.435585021973,50.7710456848145,-1.29005897045135,0.695621252059937,-0.623567819595337,-0.195017546415329,70
738505.47254042362328618765,49.9119911193848,0.0616372972726822,9.30845260620117,0.160000160336494,-0.00406796857714653,42.4824867248535,-71.4217987060547,558.234924316406,512.310791015625,2.36651349067688,-2.42979025840759,114.355125427246,50.7726097106934,-1.10444760322571,1.84083127975464,-0.615529835224152,-0.197636961936951,70
738505.47254270303528755903,49.9497528076172,0.192896530032158,9.12876033782959,0.160000160336494,-0.00406796857714653,42.4824676513672,-71.4216766357422,558.208801269531,512.377136230469,1.71092820167542,-2.76409769058228,113.807662963867,50.7774467468262,-0.923264801502228,3.42390513420105,-0.606879830360413,-0.200224459171295,70
738505.47254494728986173868,50.0318794250488,0.327083587646484,8.94206714630127,0.160000160336494,-0.00406796857714653,42.4824523925781,-71.4215621948242,558.208740234375,512.472290039062,-0.0146418968215585,-3.01715397834778,112.953262329102,50.8257446289062,-0.745545446872711,4.55441331863403,-0.597454071044922,-0.202820912003517,70
738505.47254717443138360977,50.1384887695312,0.385848134756088,8.83145809173584,0.160000160336494,-0.00406796857714653,42.4824409484863,-71.4214401245117,558.227111816406,512.582702636719,-1.07175588607788,-2.84952759742737,112.200019836426,50.9118041992188,-0.583558738231659,3.60691428184509,-0.587858438491821,-0.205239072442055,70
738505.47254939831327646971,50.2097702026367,0.405568540096283,8.79979133605957,0.160000160336494,-0.00406796857714653,42.4824256896973,-71.4213256835938,558.2509765625,512.69921875,-0.266822934150696,-2.52968311309814,111.778411865234,50.9766807556152,-0.43628054857254,0.913979589939117,-0.577878654003143,-0.207587376236916,70
738505.47255173139274120331,50.2414894104004,0.582105755805969,8.78709125518799,0.160000160336494,-0.00406796857714653,42.4824104309082,-71.4212036132812,558.291137695312,512.836608886719,1.30685603618622,-2.17411351203918,111.680862426758,51.0074424743652,-0.301441639661789,-1.78719079494476,-0.567124783992767,-0.209981501102448,70
738505.47255407774355262518,50.3177642822266,0.929462492465973,8.64164352416992,0.160000160336494,-0.00406796857714653,42.4823951721191,-71.4210815429688,558.398620605469,513.041870117188,0.114131949841976,-1.90166223049164,111.539894104004,51.0628967285156,-0.166776433587074,0.0124552473425865,-0.555723428726196,-0.212297037243843,70
738505.47255635168403387070,50.4378204345703,0.716508209705353,8.49485492706299,0.160000160336494,-0.00406796857714653,42.4823799133301,-71.4209518432617,558.524963378906,513.26611328125,-0.652064144611359,-1.59683334827423,111.203857421875,51.1531982421875,-0.0176744516938925,2.46891760826111,-0.543468534946442,-0.214526548981667,70
738505.47255861933808773756,50.4282073974609,0.464461624622345,8.53606414794922,0.160000160336494,-0.00406796857714653,42.482364654541,-71.4208374023438,558.561584472656,513.396545410156,2.34228777885437,-1.23075306415558,110.882614135742,51.1476745605469,0.0908611044287682,-0.315379947423935,-0.531839489936829,-0.216581299901009,70
738505.47256088699214160442,50.328987121582,0.858915686607361,8.60619449615479,0.160000160336494,-0.00406796857714653,42.482349395752,-71.4207153320312,558.643798828125,513.574523925781,2.73995780944824,-0.84928023815155,110.814018249512,51.0667343139648,0.159710898995399,-4.2825493812561,-0.520275056362152,-0.21861058473587,70
738505.47256309865042567253,50.3061103820801,1.16097342967987,8.57192420959473,0.160000160336494,-0.00406796857714653,42.4823341369629,-71.4206008911133,558.79345703125,513.818115234375,1.36032164096832,-0.678597569465637,111.009582519531,51.0443992614746,0.238256052136421,-4.04756450653076,-0.508299469947815,-0.220550209283829,70
738505.47256540216039866209,50.3520698547363,1.26649844646454,8.39856147766113,0.160000160336494,-0.00406796857714653,42.4823188781738,-71.4204788208008,558.985473632812,514.104797363281,0.879525125026703,-0.986630797386169,111.303146362305,51.0634002685547,0.345205664634705,-0.21964818239212,-0.495353102684021,-0.222460255026817,70
738505.47256768622901290655,50.4040908813477,1.36172068119049,8.20410060882568,0.160000160336494,-0.00406796857714653,42.482307434082,-71.4203567504883,559.192504882812,514.410461425781,1.71921718120575,-1.29667401313782,111.502052307129,51.0855560302734,0.468719184398651,3.28855276107788,-0.481253623962402,-0.224402368068695,70
738505.47256988170556724072,50.4103240966797,1.54181158542633,8.23223304748535,0.160000160336494,-0.00406796857714653,42.482292175293,-71.4202346801758,559.421447753906,514.732482910156,1.05749404430389,-1.24197149276733,111.425079345703,51.1013450622559,0.588720440864563,0.298742830753326,-0.467435240745544,-0.226170942187309,70
738505.47257211746182292700,50.4234466552734,1.45955955982208,8.35521507263184,0.160000160336494,-0.00406796857714653,42.4822769165039,-71.4201202392578,559.660400390625,515.064758300781,0.753204524517059,-1.05635321140289,111.159111022949,51.1318283081055,0.712926745414734,-4.21618318557739,-0.453034192323685,-0.227894619107246,70
738505.47257424646522849798,50.4280624389648,1.35467648506165,8.3154411315918,0.160000160336494,-0.00406796857714653,42.4822654724121,-71.4200057983398,559.866760253906,515.361694335938,2.62133026123047,-1.02113258838654,110.889289855957,51.127010345459,0.815675854682922,-3.37816381454468,-0.438942909240723,-0.229519873857498,70
738505.47257642063777893782,50.3838806152344,1.5187863111496,8.15700149536133,0.160000160336494,-0.00406796857714653,42.482250213623,-71.4198913574219,560.084716796875,515.669616699219,3.8936779499054,-1.2188708782196,110.689498901367,51.0624961853027,0.894114136695862,-0.079848438501358,-0.42500114440918,-0.231105089187622,70
738505.47257862705737352371,50.3147048950195,1.68338584899902,8.00300979614258,0.160000160336494,-0.00406796857714653,42.4822387695312,-71.4197769165039,560.339050292969,516.017272949219,4.07000160217285,-1.47090351581573,110.610061645508,50.9750061035156,0.969585955142975,1.77802181243896,-0.410288602113724,-0.23271806538105,70
738505.47258082067128270864,50.24853515625,1.90614342689514,7.92665243148804,0.160000160336494,-0.00406796857714653,42.4822235107422,-71.4196548461914,560.636047363281,516.408813476562,3.26171040534973,-1.68911325931549,110.641319274902,50.9056015014648,1.05348670482635,0.536548137664795,-0.394883990287781,-0.23431584239006,70
738505.47258304059505462646,50.2116546630859,2.08562421798706,7.93827486038208,0.160000160336494,-0.00406796857714653,42.4822120666504,-71.4195404052734,560.96142578125,516.8251953125,2.2198052406311,-1.8585524559021,110.687477111816,50.8780517578125,1.15080499649048,-2.9590437412262,-0.379369825124741,-0.235808864235878,70
738505.47258528787642717361,50.1940422058105,2.15717053413391,7.96778726577759,0.160000160336494,-0.00406796857714653,42.4821968078613,-71.4194183349609,561.328369140625,517.288024902344,2.06072378158569,-2.03035974502563,110.699081420898,50.8682708740234,1.26931869983673,-6.30229568481445,-0.362316370010376,-0.237337857484818,70
738505.47258748800959438086,50.1591720581055,2.17097496986389,7.9014687538147,0.160000160336494,-0.00406796857714653,42.4821853637695,-71.419303894043,561.694458007812,517.747680664062,3.07759737968445,-2.2419764995575,110.731452941895,50.8240966796875,1.38750863075256,-6.3068642616272,-0.345180213451385,-0.238792598247528,70
738505.47258959827013313770,50.057731628418,2.33872199058533,7.69340038299561,0.160000160336494,-0.00406796857714653,42.4821739196777,-71.419189453125,562.063232421875,518.207458496094,4.57736968994141,-2.5264573097229,111.000686645508,50.6994552612305,1.49524760246277,-2.93101859092712,-0.328222572803497,-0.240173295140266,70
738505.47259172960184514523,49.9159049987793,2.64666080474854,7.45467233657837,0.160000160336494,-0.00406796857714653,42.4821624755859,-71.4190826416016,562.468383789062,518.701110839844,5.08692455291748,-2.57580089569092,111.631942749023,50.5388412475586,1.60266649723053,0.0553146973252296,-0.311275064945221,-0.241479054093361,70
738505.47259396326262503862,49.7836685180664,3.03553795814514,7.2224760055542,0.160000160336494,-0.00406796857714653,42.4821472167969,-71.4189682006836,562.953125,519.276977539062,4.56815147399902,-2.42389488220215,112.528991699219,50.3963508605957,1.73533034324646,2.00504016876221,-0.292968988418579,-0.242775395512581,70
738505.47259613312780857086,49.7003974914551,3.34052968025208,7.05816745758057,0.160000160336494,-0.00406796857714653,42.4821357727051,-71.4188537597656,563.517578125,519.934692382812,3.81618189811707,-2.23069334030151,113.393203735352,50.3101005554199,1.90692007541656,2.06235456466675,-0.273035079240799,-0.244037434458733,70
738505.47259829065296798944,49.6462287902832,3.42210412025452,6.98594045639038,0.160000160336494,-0.00406796857714653,42.4821243286133,-71.4187393188477,564.105285644531,520.613708496094,3.92127752304077,-1.79703187942505,113.883148193359,50.2519874572754,2.1021580696106,0.48015159368515,-0.252391338348389,-0.245197519659996,70
738505.47260055190417915583,49.5405540466309,3.39404988288879,7.02398586273193,0.160000160336494,-0.00406796857714653,42.4821128845215,-71.4186172485352,564.70068359375,521.303405761719,5.50666284561157,-1.11614894866943,113.851501464844,50.1509971618652,2.30128693580627,-3.16571450233459,-0.230406641960144,-0.246313542127609,70
738505.47260276204906404018,49.3994979858398,3.73690271377563,6.92248058319092,0.160000160336494,-0.00406796857714653,42.4821014404297,-71.4185028076172,565.333435058594,522.028076171875,4.76077222824097,-0.517276704311371,113.485343933105,50.0219497680664,2.48169922828674,-1.94127178192139,-0.20844666659832,-0.247332140803337,70
738505.47260498080868273973,49.3179321289062,3.70866203308105,6.78349590301514,0.160000160336494,-0.00406796857714653,42.4820899963379,-71.4183883666992,566.015075683594,522.804626464844,4.62804222106934,-0.00334339309483767,113.129180908203,49.920223236084,2.67029714584351,0.864342212677002,-0.184983298182487,-0.248324811458588,70
738505.47260718012694269419,49.1994018554688,3.67400479316711,6.75368309020996,0.160000160336494,-0.00406796857714653,42.4820785522461,-71.4182739257812,566.642700195312,523.556640625,6.74371099472046,0.518787860870361,112.869926452637,49.796501159668,2.82962012290955,0.774343013763428,-0.162533104419708,-0.249191462993622,70
738505.47260948864277452230,48.991756439209,3.89924597740173,6.73179912567139,0.160000160336494,-0.00406796857714653,42.4820671081543,-71.4181518554688,567.359924316406,524.546691894531,7.50631666183472,0.984763085842133,112.46418762207,49.6055793762207,2.9783775806427,0.813184559345245,-0.137562945485115,-0.250081241130829,70
738505.47261171694844961166,48.8333282470703,4.06065225601196,6.61019802093506,0.160000160336494,-0.00406796857714653,42.4820556640625,-71.4180450439453,568.075317382812,525.515563964844,5.86242198944092,1.17657768726349,111.92830657959,49.4457054138184,3.1121666431427,3.97425031661987,-0.113744467496872,-0.250849425792694,70
738505.47261401847936213017,48.6842422485352,3.91678142547607,6.54573535919189,0.160000160336494,-0.00406796857714653,42.4820442199707,-71.4179229736328,568.818359375,526.526916503906,6.31980657577515,1.20376074314117,111.538841247559,49.2782211303711,3.24732160568237,4.76882171630859,-0.0879687666893005,-0.251604974269867,70
738505.47261618182528764009,48.4603271484375,4.19369506835938,6.64400959014893,0.160000160336494,-0.00406796857714653,42.4820365905762,-71.4178085327148,569.533020019531,527.49169921875,6.31202983856201,1.23828446865082,111.558700561523,49.0931091308594,3.35182332992554,0.877375721931458,-0.0637652799487114,-0.252263158559799,70
738505.47261840163264423609,48.3389205932617,4.26993370056152,6.76533269882202,0.160000160336494,-0.00406796857714653,42.4820251464844,-71.4177017211914,570.303771972656,528.514892578125,4.01482248306274,1.22146284580231,111.607604980469,48.9964637756348,3.46152186393738,-2.82634019851685,-0.0386885479092598,-0.252888262271881,70
738505.47262061142828315496,48.3329963684082,3.86966705322266,6.72886562347412,0.160000160336494,-0.00406796857714653,42.4820137023926,-71.4175872802734,571.019104003906,529.284484863281,3.44563698768616,1.06751847267151,111.328025817871,48.9523277282715,3.56134700775146,-1.30011534690857,-0.013639927841723,-0.253484278917313,70
738505.47262279922142624855,48.296070098877,3.65610527992249,6.71946859359741,0.160000160336494,-0.00406796857714653,42.4820022583008,-71.4174728393555,571.685119628906,529.927673339844,3.49832034111023,0.909671664237976,110.795532226562,48.8981513977051,3.61279368400574,-1.04130828380585,0.0112388599663973,-0.254085272550583,70
738505.47262499504722654819,48.2791900634766,3.31521654129028,6.743323802948,0.160000160336494,-0.00406796857714653,42.481990814209,-71.417366027832,572.293701171875,530.513793945312,2.7652690410614,0.798649907112122,110.174217224121,48.8604469299316,3.60946702957153,-1.98315978050232,0.0350574553012848,-0.254669815301895,70
738505.47262714244425296783,48.2799758911133,3.00875782966614,6.76717090606689,0.160000160336494,-0.00406796857714653,42.4819793701172,-71.4172515869141,572.8359375,531.033813476562,1.78677606582642,0.731983780860901,109.568183898926,48.8446884155273,3.55025744438171,-2.78270363807678,0.0576852485537529,-0.255242675542831,70
738505.47262934362515807152,48.3103713989258,2.69847416877747,6.79525136947632,0.160000160336494,-0.00406796857714653,42.4819679260254,-71.4171447753906,573.321655273438,531.497314453125,0.538291096687317,0.728730201721191,109.061592102051,48.8605079650879,3.43951463699341,-3.50758981704712,0.0792782828211784,-0.255817234516144,70
738505.47263152792584151030,48.373046875,2.32692670822144,6.81161785125732,0.160000160336494,-0.00406796857714653,42.4819564819336,-71.4170303344727,573.743469238281,532.022277832031,-0.312619060277939,0.767605245113373,108.70272064209,48.9056701660156,3.28429865837097,-3.60632562637329,0.0997214391827583,-0.256393045186996,70
738505.47263370268046855927,48.446662902832,1.80982792377472,6.78508472442627,0.160000160336494,-0.00406796857714653,42.4819450378418,-71.4169158935547,574.0849609375,532.863342285156,0.0141199212521315,0.805980443954468,108.465644836426,48.9529571533203,3.08425831794739,-2.26719546318054,0.11897648870945,-0.25697073340416,70
738505.47263589000795036554,48.5014305114746,1.32721722126007,6.64338064193726,0.160000160336494,-0.00406796857714653,42.4819374084473,-71.4168090820312,574.313354492188,532.998229980469,1.77456915378571,0.784721910953522,108.18465423584,48.9722862243652,2.83341026306152,2.37246417999268,0.136336386203766,-0.25754114985466,70
738505.47263807966373860836,48.5209808349609,1.31071519851685,6.5568962097168,0.160000160336494,-0.00406796857714653,42.4819259643555,-71.4166946411133,574.519287109375,533.036499023438,0.221899703145027,0.834882080554962,107.728164672852,48.9795532226562,2.53798747062683,4.65845775604248,0.152465403079987,-0.258124887943268,70
738505.47264027502387762070,48.560489654541,0.471271991729736,6.67835569381714,0.160000160336494,-0.00406796857714653,42.4819145202637,-71.4165802001953,574.645751953125,533.138000488281,-1.08433854579926,1.02481043338776,107.422698974609,49.0198287963867,2.23562359809875,0.678992986679077,0.167594388127327,-0.2586929500103,70
738505.47264244349207729101,48.5607948303223,-0.0336719043552876,6.75724983215332,0.160000160336494,-0.00406796857714653,42.4819030761719,-71.4164733886719,574.617004394531,533.080932617188,1.11831367015839,1.19554626941681,107.510803222656,49.0286903381348,1.89405715465546,-0.847538888454437,0.180358439683914,-0.259229451417923,70
738505.47264466679189354181,48.5676078796387,-0.0844807848334312,6.71824789047241,0.160000160336494,-0.00406796857714653,42.4818916320801,-71.4163589477539,574.564331054688,532.9921875,0.053414911031723,1.25683951377869,107.817390441895,49.0301361083984,1.51208567619324,1.25843393802643,0.191503643989563,-0.259775757789612,70
738505.47264685726258903742,48.6263046264648,-0.748679757118225,6.7806601524353,0.160000160336494,-0.00406796857714653,42.4818801879883,-71.4162445068359,574.432739257812,532.824584960938,-0.799124896526337,1.34260022640228,108.072692871094,49.1025009155273,1.13425242900848,-0.333208084106445,0.201415583491325,-0.260325133800507,70
738505.47264911886304616928,48.6239738464355,-1.27750825881958,6.91712093353271,0.160000160336494,-0.00406796857714653,42.4818687438965,-71.416130065918,574.17138671875,532.526550292969,0.338501870632172,1.48022413253784,108.329116821289,49.130126953125,0.724678695201874,-3.54530501365662,0.209653332829475,-0.260887891054153,70
738505.47265129745937883854,48.6045875549316,-1.46415519714355,6.9247670173645,0.160000160336494,-0.00406796857714653,42.4818572998047,-71.416015625,573.861694335938,532.181762695312,-0.624694585800171,1.55259466171265,108.818328857422,49.1172294616699,0.312890350818634,-2.36158680915833,0.215742245316505,-0.261430382728577,70
738505.47265345964115113020,48.6657295227051,-1.87585639953613,6.83173942565918,0.160000160336494,-0.00406796857714653,42.4818458557129,-71.4159088134766,573.501770019531,531.786682128906,-2.82058024406433,1.53337562084198,109.579177856445,49.1787033081055,-0.0881658792495728,1.29153025150299,0.220501899719238,-0.261987030506134,70
738505.47265558980870991945,48.7634162902832,-2.54616165161133,6.81398916244507,0.160000160336494,-0.00406796857714653,42.4818344116211,-71.4158020019531,573.0458984375,531.296264648438,-3.14553880691528,1.48285031318665,110.309158325195,49.3029823303223,-0.475687354803085,2.11900806427002,0.223677352070808,-0.262534439563751,70
738505.47265790472738444805,48.8218307495117,-3.20488929748535,6.93548822402954,0.160000160336494,-0.00406796857714653,42.4818229675293,-71.4156799316406,572.424682617188,530.638000488281,-2.75279927253723,1.51102364063263,110.770057678223,49.4160232543945,-0.920711576938629,-1.17937648296356,0.224930644035339,-0.26314315199852,70
738505.47266006760764867067,48.867259979248,-3.6489520072937,7.05725049972534,0.160000160336494,-0.00406796857714653,42.4818115234375,-71.4155731201172,571.720397949219,529.8984375,-3.63209939002991,1.58849334716797,110.96996307373,49.5088729858398,-1.38082361221313,-3.83111596107483,0.223835736513138,-0.263739854097366,70
738505.47266230906825512648,48.9628639221191,-4.2032208442688,7.06273698806763,0.160000160336494,-0.00406796857714653,42.4818000793457,-71.4154510498047,570.897338867188,529.038940429688,-5.48475313186646,1.58487236499786,111.243949890137,49.6478729248047,-1.8745356798172,-2.75843095779419,0.220554664731026,-0.26436972618103,70
738505.47266455274075269699,49.0534820556641,-4.91040945053101,6.99362134933472,0.160000160336494,-0.00406796857714653,42.4817886352539,-71.4153366088867,569.963562011719,528.068969726562,-5.95223569869995,1.43692278862,111.781143188477,49.792236328125,-2.37477540969849,0.0108718369156122,0.215131640434265,-0.265011191368103,70
738505.47266687080264091492,49.1211738586426,-5.55625438690186,6.9651780128479,0.160000160336494,-0.00406796857714653,42.4817771911621,-71.4152221679688,568.869445800781,526.731262207031,-5.90079927444458,1.23205733299255,112.473983764648,49.9226951599121,-2.9158501625061,1.00326251983643,0.206983536481857,-0.265682995319366,70
738505.47266914334613829851,49.2469329833984,-6.12502813339233,6.99842977523804,0.160000160336494,-0.00406796857714653,42.4817657470703,-71.4151000976562,567.667297363281,525.055847167969,-7.56303834915161,1.1081258058548,112.94352722168,50.1174049377441,-3.47679877281189,0.0774911120533943,0.196276396512985,-0.266363799571991,70
738505.47267142659984529018,49.460277557373,-6.80051565170288,6.96839332580566,0.160000160336494,-0.00406796857714653,42.4817543029785,-71.4149856567383,566.343139648438,523.257934570312,-9.77844715118408,0.83493447303772,112.995124816895,50.4095687866211,-4.04996585845947,1.25942432880402,0.183108106255531,-0.267053037881851,70
738505.47267355700023472309,49.6860656738281,-7.61093091964722,6.85248374938965,0.160000160336494,-0.00406796857714653,42.4817428588867,-71.4148712158203,564.917663574219,521.373596191406,-10.5730495452881,-1.45389759540558,112.73078918457,50.730541229248,-4.6268253326416,4.46189975738525,0.167860001325607,-0.267724096775055,70
738505.47267588460817933083,49.9351463317871,-8.34792423248291,6.69255256652832,0.160000160336494,-0.00406796857714653,42.4817314147949,-71.4147415161133,563.206298828125,519.161193847656,-9.6673698425293,-4.51292085647583,112.383888244629,51.0685501098633,-5.28329610824585,6.95649576187134,0.148012518882751,-0.268435925245285,70
738505.47267820511478930712,50.1986999511719,-8.6842622756958,6.57040929794312,0.160000160336494,-0.00406796857714653,42.4817199707031,-71.4146270751953,561.445495605469,516.913940429688,-9.06818866729736,-5.26769781112671,112.287330627441,51.3662948608398,-5.93671417236328,5.8771915435791,0.125845015048981,-0.269096851348877,70
738505.47268044331576675177,50.4823837280273,-8.86246204376221,6.54567861557007,0.160000160336494,-0.00406796857714653,42.4817085266113,-71.4145050048828,559.671936035156,514.661010742188,-9.50127220153809,-5.30301666259766,112.508346557617,51.6706886291504,-6.55280017852783,1.86723589897156,0.102054446935654,-0.269708693027496,70
738505.47268270130734890699,50.7725982666016,-9.07960319519043,6.53968667984009,0.160000160336494,-0.00406796857714653,42.4816970825195,-71.4143829345703,557.900085449219,512.417907714844,-9.08242321014404,-4.96210145950317,112.852989196777,51.9909934997559,-7.09997797012329,-1.31848752498627,0.0775103867053986,-0.270257771015167,70
738505.47268479620106518269,51.037727355957,-9.26051044464111,6.46511316299438,0.160000160336494,-0.00406796857714653,42.4816856384277,-71.4142684936523,556.172607421875,510.238403320312,-7.55353736877441,-4.55983924865723,113.106773376465,52.272403717041,-7.56532669067383,-1.58424782752991,0.0531229600310326,-0.270738959312439,70
738505.47268698061816394329,51.2795906066895,-9.25860404968262,6.29234218597412,0.160000160336494,-0.00406796857714653,42.4816741943359,-71.4141540527344,554.393615722656,507.998443603516,-5.98728513717651,-4.34021234512329,113.233535766602,52.4872512817383,-7.98306512832642,0.559459328651428,0.0275241415947676,-0.271183520555496,70
738505.47268918599002063274,51.5135269165039,-9.02381801605225,6.14256477355957,0.160000160336494,-0.00406796857714653,42.4816665649414,-71.4140319824219,552.551025390625,505.668823242188,-6.01223087310791,-4.32864093780518,113.453132629395,52.6574211120605,-8.3471736907959,0.754061758518219,0.000216191401705146,-0.271589159965515,70
738505.47269137308467179537,51.7229042053223,-8.78342342376709,6.08116722106934,0.160000160336494,-0.00406796857714653,42.4816551208496,-71.4139175415039,550.845336914062,503.498474121094,-6.10718584060669,-4.23855638504028,113.99666595459,52.8146553039551,-8.60108184814453,-1.46528613567352,-0.0254336446523666,-0.271903902292252,70
738505.47269363759551197290,51.9130668640137,-8.51522254943848,6.04600143432617,0.160000160336494,-0.00406796857714653,42.4816436767578,-71.4137954711914,549.0859375,501.246032714844,-4.82135725021362,-4.11843681335449,114.933280944824,52.9530906677246,-8.77138137817383,-4.0691990852356,-0.0518802255392075,-0.272163331508636,70
738505.47269579779822379351,52.072582244873,-8.14705467224121,5.93489789962769,0.160000160336494,-0.00406796857714653,42.4816360473633,-71.4136734008789,547.478820800781,499.169525146484,-3.65113496780396,-4.14277839660645,115.943870544434,53.0391464233398,-8.84465789794922,-4.2951488494873,-0.0760964676737785,-0.272336840629578,70
738505.47269798500929027796,52.2339172363281,-7.75343799591064,5.71578121185303,0.160000160336494,-0.00406796857714653,42.4816246032715,-71.4135589599609,545.959533691406,497.185363769531,-3.53633642196655,-4.34247732162476,116.768783569336,53.1146697998047,-8.83416557312012,-1.99439907073975,-0.098901778459549,-0.272434890270233,70
738505.47270020074211061001,52.4561424255371,-7.34671497344971,5.41287851333618,0.160000160336494,-0.00406796857714653,42.481616973877,-71.4134292602539,544.447631835938,495.186553955078,-4.97200441360474,-4.68036413192749,117.199981689453,53.243968963623,-8.74125003814697,1.39418768882751,-0.121334940195084,-0.272453784942627,70
738505.47270239784847944975,52.735652923584,-7.09252691268921,5.15527057647705,0.160000160336494,-0.00406796857714653,42.4816093444824,-71.4133148193359,543.056396484375,493.32666015625,-6.78815221786499,-4.99989461898804,117.170974731445,53.4596099853516,-8.58655452728271,2.99940228462219,-0.141450002789497,-0.272370994091034,70
738505.47270454128738492727,53.000904083252,-7.0661187171936,5.02542304992676,0.160000160336494,-0.00406796857714653,42.4816017150879,-71.4131927490234,541.676025390625,491.471069335938,-7.15849351882935,-4.68785715103149,116.883361816406,53.7055015563965,-8.39154148101807,1.23542475700378,-0.160603284835815,-0.272174805402756,70
738505.47270678076893091202,53.2312812805176,-6.9171462059021,5.02637815475464,0.160000160336494,-0.00406796857714653,42.4815940856934,-71.4130706787109,540.276123046875,489.585418701172,-6.07088565826416,-3.03083539009094,116.563842773438,53.9136390686035,-8.18966484069824,-3.05428957939148,-0.179436534643173,-0.271841913461685,70
738505.47270903771277517080,53.4970550537109,-6.51358985900879,5.0306658744812,0.160000160336494,-0.00406796857714653,42.4815826416016,-71.4129409790039,538.924499511719,487.739959716797,-6.84397411346436,-0.952958822250366,116.325149536133,54.1264190673828,-7.98604154586792,-4.91682004928589,-0.197764754295349,-0.271370559930801,70
738505.47271133633330464363,53.7779083251953,-6.48924875259399,4.94655418395996,0.160000160336494,-0.00406796857714653,42.481575012207,-71.4128112792969,537.576049804688,485.880676269531,-7.25849866867065,-0.230037078261375,116.108757019043,54.3934020996094,-7.76257848739624,-2.13578724861145,-0.215505197644234,-0.270765006542206,70
738505.47271352191455662251,53.991325378418,-6.47528076171875,4.93347978591919,0.160000160336494,-0.00406796857714653,42.4815673828125,-71.4126815795898,536.266723632812,484.076965332031,-5.16062355041504,-0.256511092185974,115.850547790527,54.6015701293945,-7.56026983261108,-1.5644907951355,-0.232026219367981,-0.270077437162399,70
738505.47271575767081230879,54.1477546691895,-6.06501197814941,4.98644351959229,0.160000160336494,-0.00406796857714653,42.481559753418,-71.4125595092773,535.006286621094,482.321472167969,-4.12006282806396,-0.204707726836205,115.706657409668,54.7140579223633,-7.3786187171936,-3.13492822647095,-0.248088702559471,-0.269291639328003,70
738505.47271796851418912411,54.293285369873,-5.68270206451416,4.96005392074585,0.160000160336494,-0.00406796857714653,42.4815521240234,-71.4124374389648,533.842468261719,480.669067382812,-4.26062345504761,-0.189799278974533,115.927124023438,54.8147430419922,-7.19015693664551,-2.2532639503479,-0.262920260429382,-0.268434911966324,70
738505.47272021486423909664,54.4518814086914,-5.22615003585815,4.87412595748901,0.160000160336494,-0.00406796857714653,42.4815444946289,-71.4123077392578,532.724060058594,479.044403076172,-4.13711643218994,-0.278263211250305,116.542045593262,54.9188232421875,-6.96651077270508,-0.0326866433024406,-0.276848584413528,-0.267465084791183,70
738505.47272244957275688648,54.5908279418945,-4.84687614440918,4.7461895942688,0.160000160336494,-0.00406796857714653,42.4815368652344,-71.4121780395508,531.700134277344,477.519470214844,-3.23296880722046,-0.469012856483459,117.356430053711,55.0107002258301,-6.70975685119629,2.68418455123901,-0.288971692323685,-0.266435027122498,70
738505.47272458311636000872,54.6926727294922,-4.52925634384155,4.6460919380188,0.160000160336494,-0.00406796857714653,42.4815292358398,-71.4120559692383,530.790710449219,476.134735107422,-2.0641074180603,-0.43021821975708,118.044189453125,55.0762062072754,-6.44002103805542,4.01456165313721,-0.298999190330505,-0.265396684408188,70
738505.47272685065399855375,54.7798767089844,-4.1318621635437,4.63663196563721,0.160000160336494,-0.00406796857714653,42.4815216064453,-71.4119262695312,529.90087890625,474.743072509766,-1.90551769733429,-0.214328050613403,118.420852661133,55.130802154541,-6.13542938232422,2.48070812225342,-0.308115601539612,-0.264218598604202,70
738505.47272908804006874561,54.8864555358887,-3.67717003822327,4.73346519470215,0.160000160336494,-0.00406796857714653,42.4815139770508,-71.4117965698242,529.082214355469,473.412048339844,-3.44164133071899,-0.246512860059738,118.365783691406,55.2127723693848,-5.80478382110596,-1.6308878660202,-0.315757989883423,-0.262946635484695,70
738505.47273129120003432035,54.9556083679199,-3.84986758232117,4.71252346038818,0.160000160336494,-0.00406796857714653,42.4815063476562,-71.4116668701172,528.300231933594,472.126373291016,-2.71833777427673,-0.438744843006134,118.21509552002,55.2914848327637,-5.47034168243408,-1.58892822265625,-0.321750730276108,-0.261646300554276,70
738505.47273348795715719461,55.0346870422363,-3.22206377983093,4.57531499862671,0.160000160336494,-0.00406796857714653,42.4814987182617,-71.4115371704102,527.580810546875,470.922027587891,-1.3362238407135,-0.741583585739136,118.253288269043,55.3184623718262,-5.17729091644287,1.20054221153259,-0.326880842447281,-0.260347127914429,70
738505.47273555758874863386,55.1358642578125,-2.88797497749329,4.61021709442139,0.160000160336494,-0.00406796857714653,42.4814910888672,-71.4114151000977,526.989685058594,469.852172851562,-3.08461618423462,-0.930903613567352,118.199974060059,55.4035911560059,-4.87772130966187,-1.82827973365784,-0.330525249242783,-0.259014695882797,70
738505.47273771720938384533,55.1997413635254,-3.08843994140625,4.61471223831177,0.160000160336494,-0.00406796857714653,42.4814834594727,-71.4112930297852,526.380065917969,468.764495849609,-1.71287000179291,-1.0983624458313,117.877777099609,55.4783363342285,-4.57834529876709,-2.95639133453369,-0.332961648702621,-0.257642149925232,70
738505.47273999918252229691,55.2447280883789,-2.49896836280823,4.46287488937378,0.160000160336494,-0.00406796857714653,42.4814758300781,-71.4111633300781,525.764953613281,467.627044677734,-1.4083936214447,-1.36363422870636,117.53547668457,55.4810066223145,-4.28658819198608,-0.422049254179001,-0.335062444210052,-0.256089508533478,70
738505.47274216427467763424,55.3321228027344,-2.12054324150085,4.40626049041748,0.160000160336494,-0.00406796857714653,42.4814682006836,-71.4110336303711,525.275817871094,466.640686035156,-2.82625293731689,-1.53963375091553,117.449775695801,55.5477752685547,-4.00525760650635,-1.3484411239624,-0.335728257894516,-0.254575908184052,70
738505.47274433099664747715,55.4477920532227,-1.84046709537506,4.36724662780762,0.160000160336494,-0.00406796857714653,42.4814605712891,-71.4109039306641,524.847412109375,465.712219238281,-2.99370861053467,-1.64712142944336,117.52311706543,55.6499557495117,-3.70834565162659,-2.39201998710632,-0.334900289773941,-0.253005057573318,70
738505.47274655348155647516,55.5334625244141,-1.64702272415161,4.31464529037476,0.160000160336494,-0.00406796857714653,42.4814529418945,-71.410774230957,524.468383789062,464.841796875,-1.71528100967407,-1.6576691865921,117.623275756836,55.725170135498,-3.4132227897644,-2.52969002723694,-0.332813113927841,-0.251418799161911,70
738505.47274884954094886780,55.5717391967773,-1.33685314655304,4.18549585342407,0.160000160336494,-0.00406796857714653,42.4814491271973,-71.41064453125,524.11767578125,463.974517822266,-0.392582416534424,-1.64399969577789,117.660903930664,55.7451667785645,-3.10964179039001,-0.539254903793335,-0.329486668109894,-0.249691322445869,70
738505.47275109414476901293,55.5755805969238,-0.899600207805634,3.97474455833435,0.160000160336494,-0.00406796857714653,42.4814414978027,-71.4105072021484,523.842956542969,463.182342529297,-0.404901057481766,-1.64829361438751,117.723945617676,55.7248001098633,-2.806636095047,3.05307149887085,-0.324857503175735,-0.247903347015381,70
738505.47275338741019368172,55.5871162414551,-0.410518288612366,3.83780813217163,0.160000160336494,-0.00406796857714653,42.4814338684082,-71.4103775024414,523.670043945312,462.494812011719,-1.1109756231308,-1.54485464096069,118.044296264648,55.7209548950195,-2.48847460746765,3.6981954574585,-0.318581402301788,-0.246053278446198,70
738505.47275552374776452780,55.5563735961914,-0.300280839204788,3.87249803543091,0.160000160336494,-0.00406796857714653,42.4814300537109,-71.4102478027344,523.537231445312,461.961853027344,0.528116405010223,-1.3118371963501,118.595504760742,55.6919860839844,-2.17211031913757,0.380797445774078,-0.311051994562149,-0.244221284985542,70
738505.47275777813047170639,55.5183715820312,0.23353074491024,3.87501096725464,0.160000160336494,-0.00406796857714653,42.4814224243164,-71.4101181030273,523.480590820312,462.028961181641,0.652614533901215,-1.00409245491028,119.114685058594,55.6539268493652,-1.84697067737579,-1.28486251831055,-0.30199122428894,-0.242244392633438,70
738505.47276006930042058229,55.5193367004395,0.428844124078751,3.75077390670776,0.160000160336494,-0.00406796857714653,42.4814147949219,-71.4099884033203,523.497314453125,462.170532226562,0.116758100688457,-0.734872996807098,119.291259765625,55.6475410461426,-1.50724005699158,1.29161250591278,-0.291219562292099,-0.240187481045723,70
738505.47276216663885861635,55.4676132202148,0.550313413143158,3.65352416038513,0.160000160336494,-0.00406796857714653,42.4814109802246,-71.4098587036133,523.530639648438,462.324157714844,1.72692382335663,-0.622752010822296,119.271453857422,55.5905303955078,-1.19121146202087,2.76476860046387,-0.279768973588943,-0.238171815872192,70
738505.47276441182475537062,55.3247680664062,1.1192010641098,3.65249681472778,0.160000160336494,-0.00406796857714653,42.4814033508301,-71.4097290039062,523.633911132812,462.550415039062,2.50369334220886,-0.453019261360168,119.404121398926,55.4565010070801,-0.885342299938202,1.04756832122803,-0.267106115818024,-0.236044004559517,70
738505.47276659833732992411,55.2036323547363,1.61895573139191,3.63905167579651,0.160000160336494,-0.00406796857714653,42.4813995361328,-71.4095993041992,523.84716796875,462.886077880859,1.91443836688995,-0.230081975460052,119.84578704834,55.3471298217773,-0.565199017524719,0.284797161817551,-0.2528215944767,-0.233867436647415,70
738505.47276884771417826414,55.0987243652344,1.82323169708252,3.52835464477539,0.160000160336494,-0.00406796857714653,42.4813919067383,-71.4094696044922,524.13037109375,463.293548583984,2.92954063415527,0.110152117908001,120.47241973877,55.2416763305664,-0.217412039637566,2.79318571090698,-0.2364891320467,-0.231605812907219,70
738505.47277116670738905668,54.9070625305176,2.06846213340759,3.41508626937866,0.160000160336494,-0.00406796857714653,42.481388092041,-71.4093322753906,524.469970703125,463.766967773438,5.14264440536499,0.486781090497971,121.07447052002,55.0520362854004,0.15207901597023,4.86467552185059,-0.217520445585251,-0.229127556085587,70
738505.47277341608423739672,54.6486587524414,2.52337503433228,3.45748949050903,0.160000160336494,-0.00406796857714653,42.4813804626465,-71.4092025756836,524.859558105469,464.280975341797,5.04254198074341,0.762700080871582,121.488815307617,54.816032409668,0.485050410032272,2.16744208335876,-0.198567241430283,-0.226774469017982,70
738505.47277568315621465445,54.4281578063965,2.88054919242859,3.59879422187805,0.160000160336494,-0.00406796857714653,42.4813766479492,-71.4090728759766,525.338684082031,464.884490966797,3.97498369216919,0.75599879026413,121.797897338867,54.6230125427246,0.82824045419693,-2.53302216529846,-0.177801162004471,-0.22433514893055,70
738505.47277791379019618034,54.2680473327637,2.97263669967651,3.6632091999054,0.160000160336494,-0.00406796857714653,42.4813690185547,-71.4089508056641,525.838623046875,465.50341796875,4.49143981933594,0.580076038837433,121.963653564453,54.4727172851562,1.1610586643219,-4.05093574523926,-0.156243234872818,-0.221934080123901,70
738505.47278020181693136692,54.1072616577148,3.28405809402466,3.54766511917114,0.160000160336494,-0.00406796857714653,42.4813652038574,-71.408821105957,526.407897949219,466.402679443359,3.84386110305786,0.274321526288986,121.791046142578,54.3228034973145,1.49230647087097,-0.742103576660156,-0.132455870509148,-0.219385623931885,70
738505.47278244991321116686,54.0215721130371,3.28756380081177,3.50620174407959,0.160000160336494,-0.00406796857714653,42.4813575744629,-71.40869140625,527.003601074219,467.430267333984,2.02501535415649,0.0599567778408527,121.225616455078,54.2349700927734,1.79928660392761,-0.573427259922028,-0.108103685081005,-0.216889679431915,70
738505.47278479964006692171,53.9127655029297,3.07979679107666,3.49401831626892,0.141010463237762,-0.00406796857714653,42.4813537597656,-71.408561706543,527.568908691406,468.429779052734,2.8007709980011,-0.0561157837510109,120.682609558105,54.1135787963867,2.06619691848755,-0.985316872596741,-0.0831088051199913,-0.214361429214478,70
738505.47278713097330182791,53.7367935180664,3.12693881988525,3.38863730430603,0.123107917606831,-0.00406796857714653,42.4813461303711,-71.4084243774414,528.148315429688,469.462585449219,3.18693542480469,-0.137097045779228,120.632392883301,53.934253692627,2.27652049064636,1.11617767810822,-0.0571034625172615,-0.211701527237892,70
738505.47278940223623067141,53.6313858032227,3.07996654510498,3.33657479286194,0.123107917606831,-0.00406796857714653,42.4813423156738,-71.4082946777344,528.713562011719,470.464385986328,1.91344320774078,-0.126322761178017,120.91658782959,53.8232688903809,2.42894601821899,1.20740556716919,-0.0320001542568207,-0.209125459194183,70
738505.47279169282410293818,53.5985946655273,2.64001226425171,3.43066787719727,0.0938213616609573,-0.00406796857714653,42.4813346862793,-71.4081649780273,529.225280761719,471.410461425781,1.4651392698288,-0.0724653899669647,120.905914306641,53.773120880127,2.53161931037903,-2.54809308052063,-0.00720569351688027,-0.206540256738663,70
738505.47279391740448772907,53.5566215515137,2.21320986747742,3.547532081604,0.0938213616609573,-0.00406796857714653,42.481330871582,-71.4080429077148,529.629455566406,472.23681640625,2.20269370079041,-0.0637077614665031,120.273857116699,53.719596862793,2.55532836914062,-6.07744932174683,0.0158661920577288,-0.204011887311935,70
738505.47279615688603371382,53.4991569519043,2.09154272079468,3.51626896858215,0.0938213616609573,-0.00406796857714653,42.4813232421875,-71.4079132080078,529.982604980469,473.006439208984,1.23712837696075,-0.203059569001198,119.239570617676,53.6553688049316,2.50302696228027,-5.03064584732056,0.0373411849141121,-0.201504290103912,70
738505.47279833955690264702,53.5062828063965,1.85987889766693,3.37547850608826,0.0767922550439835,-0.00406796857714653,42.4813194274902,-71.4077911376953,530.307800292969,473.748077392578,-0.657215178012848,-0.468375831842422,118.209327697754,53.6449012756348,2.40543699264526,-1.58664929866791,0.057891096919775,-0.198995634913445,70
738505.47280061116907745600,53.541633605957,1.39361023902893,3.28402376174927,0.064492255449295,-0.00406796857714653,42.4813117980957,-71.4076690673828,530.565124511719,474.430999755859,-0.392344862222672,-0.662190914154053,117.381362915039,53.6603546142578,2.26678919792175,-0.26227405667305,0.0778339430689812,-0.19643072783947,70
738505.47280284285079687834,53.5489082336426,1.07360064983368,3.29605269432068,0.064492255449295,-0.00406796857714653,42.4813079833984,-71.4075393676758,530.744567871094,475.041687011719,0.884199440479279,-0.672440111637115,116.627479553223,53.6609916687012,2.07634425163269,-2.11926054954529,0.0965295135974884,-0.193824663758278,70
738505.47280497197061777115,53.5559692382812,0.980309069156647,3.29670071601868,0.064492255449295,-0.00406796857714653,42.4813041687012,-71.4074172973633,530.881713867188,475.586059570312,0.262374430894852,-0.392531096935272,115.78751373291,53.6662940979004,1.86501026153564,-3.28212881088257,0.112922884523869,-0.191350370645523,70
738505.47280716826207935810,53.5950355529785,0.763614177703857,3.18537640571594,0.064492255449295,-0.00406796857714653,42.4812965393066,-71.4072952270508,530.995666503906,476.115295410156,-0.869843065738678,-0.555344104766846,114.868392944336,53.6950416564941,1.64408874511719,-0.96104109287262,0.128797546029091,-0.188797101378441,70
738505.47280946339014917612,53.6171875,0.496167361736298,3.03674268722534,0.064492255449295,-0.00406796857714653,42.4812927246094,-71.4071655273438,531.0576171875,476.597595214844,-0.0711237639188766,-0.831100046634674,114.174072265625,53.7054061889648,1.41815495491028,1.90664970874786,0.143967166543007,-0.186191082000732,70
738505.47281176561955362558,53.6100845336914,0.451901853084564,2.96777701377869,0.064492255449295,-0.00406796857714653,42.4812889099121,-71.4070358276367,531.096252441406,477.090301513672,0.624759614467621,-0.1846032589674,113.862968444824,53.6940689086914,1.17261397838593,1.70428073406219,0.159320905804634,-0.183330297470093,70
738505.47281413676682859659,53.6129531860352,0.45816445350647,3.00911569595337,0.064492255449295,-0.00406796857714653,42.4812850952148,-71.4069061279297,531.129638671875,477.561889648438,0.00759591720998287,2.25877618789673,113.80835723877,53.6992874145508,0.956122398376465,-0.279793620109558,0.173579931259155,-0.180532664060593,70
738505.47281643492169678211,53.6730079650879,0.449573278427124,3.1054060459137,0.064492255449295,-0.00406796857714653,42.4812774658203,-71.4067687988281,531.167907714844,478.039520263672,-1.33355212211609,4.9987096786499,113.709777832031,53.7646484375,0.773244976997375,-0.846430420875549,0.187675610184669,-0.17769530415535,70
738505.47281871305312961340,53.7599906921387,0.219111099839211,3.17347478866577,0.064492255449295,-0.00406796857714653,42.481273651123,-71.4066390991211,531.179565429688,478.491088867188,-1.60485398769379,6.63837337493896,113.396583557129,53.8540229797363,0.621511816978455,1.41217660903931,0.201607435941696,-0.174813523888588,70
738505.47282103425823152065,53.7998962402344,-0.128208309412003,3.23359227180481,0.064492255449295,-0.00406796857714653,42.4812660217285,-71.4065093994141,531.120849609375,478.896606445312,-0.204564601182938,6.42615079879761,112.944557189941,53.8971366882324,0.472386509180069,4.19102668762207,0.214811384677887,-0.17191655933857,70
738505.47282324463594704866,53.7968978881836,-0.00614168401807547,3.37831592559814,0.064492255449295,-0.00406796857714653,42.4812622070312,-71.4063873291016,531.054565429688,479.275787353516,-0.763409316539764,6.15953683853149,112.660552978516,53.9028701782227,0.319541662931442,4.89207553863525,0.226608082652092,-0.169139876961708,70
738505.47282540437299758196,53.8275260925293,0.0526942126452923,3.57427191734314,0.064492255449295,-0.00406796857714653,42.481258392334,-71.4062652587891,531.010070800781,479.659973144531,-2.51397371292114,5.97421932220459,112.764198303223,53.9460906982422,0.190880835056305,3.36607480049133,0.237796753644943,-0.166468963027,70
738505.47282763628754764795,53.8829383850098,-0.103756844997406,3.77595114707947,0.064492255449295,-0.00406796857714653,42.4812507629395,-71.406135559082,530.9521484375,480.055023193359,-2.57031726837158,5.82024574279785,113.304870605469,54.0151786804199,0.0814592018723488,1.84035956859589,0.249639213085175,-0.16364985704422,70
738505.47282981162425130606,53.9082984924316,-0.26250633597374,3.89835429191589,0.064492255449295,-0.00406796857714653,42.4812469482422,-71.4060134887695,530.860595703125,480.40380859375,-0.906734108924866,5.65256881713867,114.02978515625,54.0497055053711,-0.016352342441678,2.89981842041016,0.260850846767426,-0.160953402519226,70
738505.47283205541316419840,53.8852272033691,-0.22756738960743,3.9964771270752,0.064492255449295,-0.00406796857714653,42.4812393188477,-71.405891418457,530.758361816406,480.743621826172,-0.119967021048069,5.47362279891968,114.770126342773,54.0337066650391,-0.114498175680637,4.67843055725098,0.271680563688278,-0.158293679356575,70
738505.47283429710660129786,53.8375244140625,-0.16138182580471,4.1805944442749,0.064492255449295,-0.00406796857714653,42.4812316894531,-71.40576171875,530.66845703125,481.109710693359,-0.539577305316925,5.13793802261353,115.589126586914,53.9998359680176,-0.201918855309486,3.40245795249939,0.282753109931946,-0.155607759952545,70
738505.47283646825235337019,53.7547492980957,-0.229830726981163,4.42385101318359,0.064492255449295,-0.00406796857714653,42.4812240600586,-71.405632019043,530.577453613281,481.458557128906,0.46128711104393,4.43346166610718,116.589042663574,53.9369659423828,-0.267026901245117,-0.0542950741946697,0.293506592512131,-0.153087109327316,70
738505.47283869958482682705,53.6298294067383,-0.139332517981529,4.63006401062012,0.064492255449295,-0.00406796857714653,42.4812164306641,-71.4055099487305,530.48388671875,481.415008544922,2.25685358047485,3.1874942779541,117.804618835449,53.8295059204102,-0.321778774261475,-2.04483413696289,0.304436057806015,-0.150589123368263,70
738505.47284095885697752237,53.5200958251953,0.155329823493958,4.66953992843628,0.064492255449295,-0.00406796857714653,42.4812088012695,-71.4053802490234,530.433044433594,480.991271972656,1.9641432762146,1.69391632080078,118.859512329102,53.7236404418945,-0.353496491909027,-0.218954816460609,0.315885663032532,-0.148124918341637,70
738505.47284313570708036423,53.5016822814941,0.220859095454216,4.64699983596802,0.064492255449295,-0.00406796857714653,42.481201171875,-71.4052581787109,530.423095703125,480.629486083984,0.633242249488831,0.240326508879662,119.272911071777,53.7035713195801,-0.344421237707138,1.0372462272644,0.327413439750671,-0.145913258194923,70
738505.47284528764430433512,53.4918251037598,0.0536344274878502,4.69706535339355,0.064492255449295,-0.00406796857714653,42.4811935424805,-71.4051361083984,530.395690917969,480.247375488281,0.921981036663055,-0.701254963874817,119.043350219727,53.6976776123047,-0.313377112150192,-1.21271407604218,0.339463710784912,-0.143771648406982,70
738505.47284752829000353813,53.4508285522461,0.0484721437096596,4.72115802764893,0.064492255449295,-0.00406796857714653,42.4811859130859,-71.4050140380859,530.347595214844,479.846710205078,1.54915189743042,-0.85493677854538,118.438461303711,53.6589469909668,-0.289343565702438,-2.91693997383118,0.351364344358444,-0.141716495156288,70
738505.47284969419706612825,53.4306411743164,0.171302676200867,4.63075828552246,0.064492255449295,-0.00406796857714653,42.4811782836914,-71.4048843383789,530.316223144531,479.460418701172,0.426542103290558,-1.02227365970612,117.724403381348,53.6312103271484,-0.270955264568329,-1.50269222259521,0.363292694091797,-0.139726772904396,70
738505.47285190341062843800,53.4761428833008,0.274334490299225,4.49670600891113,0.064492255449295,-0.00406796857714653,42.4811706542969,-71.4047622680664,530.309326171875,479.095611572266,-1.56077897548676,-1.25268745422363,117.079986572266,53.6655693054199,-0.24438764154911,0.614058911800385,0.375572592020035,-0.137781336903572,70
738505.47285404813010245562,53.5693130493164,0.17164272069931,4.3938307762146,0.064492255449295,-0.00406796857714653,42.4811668395996,-71.4046401977539,530.302307128906,478.733947753906,-2.60318875312805,-1.4773451089859,116.595344543457,53.7494812011719,-0.209289535880089,1.54179394245148,0.388016581535339,-0.135902255773544,70
738505.47285617759916931391,53.6463775634766,-0.0665293037891388,4.38413000106812,0.064492255449295,-0.00406796857714653,42.4811592102051,-71.4045181274414,530.258361816406,478.340240478516,-2.06405472755432,-1.55466449260712,116.212425231934,53.8252639770508,-0.18522222340107,-0.172317191958427,0.40016770362854,-0.13407526910305,70
738505.47285841312259435654,53.6890563964844,-0.179349273443222,4.46352529525757,0.064492255449295,-0.00406796857714653,42.4811515808105,-71.4043960571289,530.177185058594,477.901397705078,-1.63885498046875,-1.2327526807785,115.851203918457,53.8745803833008,-0.190265938639641,-4.16934251785278,0.412063360214233,-0.132211253046989,70
738505.47286064852960407734,53.7318954467773,-0.175187304615974,4.53298377990723,0.064492255449295,-0.00406796857714653,42.481143951416,-71.4042739868164,530.097229003906,477.458038330078,-2.89228582382202,-0.734766662120819,115.647033691406,53.9230499267578,-0.217822656035423,-6.97192478179932,0.423743069171906,-0.130314156413078,70
738505.47286278300452977419,53.76708984375,-0.497513771057129,4.41327905654907,0.064492255449295,-0.00406796857714653,42.4811363220215,-71.4041519165039,529.9765625,477.423461914062,-1.64555239677429,-0.576955020427704,115.905448913574,53.9502029418945,-0.259306252002716,-3.57884335517883,0.434747278690338,-0.128478974103928,70
738505.47286497079767286777,53.773868560791,-0.43234771490097,4.27789878845215,0.064492255449295,-0.00406796857714653,42.481128692627,-71.4040222167969,529.830139160156,477.405700683594,-0.114712700247765,-0.614323675632477,116.484321594238,53.9454956054688,-0.328915238380432,-0.552228033542633,0.445238918066025,-0.126608461141586,70
738505.47286715160589665174,53.798942565918,-0.438909769058228,4.25970315933228,0.064492255449295,-0.00406796857714653,42.4811248779297,-71.4039077758789,529.704650878906,477.405639648438,-0.946983993053436,-0.520045816898346,116.898361206055,53.9691009521484,-0.398641318082809,-1.41483342647552,0.455215573310852,-0.124784506857395,70
738505.47286933928262442350,53.818431854248,-0.802381694316864,4.15057945251465,0.064492255449295,-0.00406796857714653,42.4811172485352,-71.4037780761719,529.527648925781,477.35986328125,-0.237417548894882,-0.430445432662964,117.049270629883,53.9842071533203,-0.471354573965073,0.911850988864899,0.465387284755707,-0.122859448194504,70
738505.47287154442165046930,53.7644882202148,-0.862902045249939,4.01681661605835,0.064492255449295,-0.00406796857714653,42.4811096191406,-71.4036560058594,529.314025878906,477.276763916016,1.05042588710785,-0.457657605409622,117.217803955078,53.9212341308594,-0.564666926860809,3.37760639190674,0.474681496620178,-0.120929062366486,70
738505.47287368541583418846,53.6841011047363,-0.871851444244385,3.92383074760437,0.064492255449295,-0.00406796857714653,42.4811058044434,-71.4035339355469,529.100524902344,477.189910888672,1.31386661529541,-0.495998293161392,117.621536254883,53.8343696594238,-0.664079546928406,4.1261944770813,0.483152836561203,-0.119024530053139,70
738505.47287581104319542646,53.6191902160645,-0.800238907337189,3.8678343296051,0.064492255449295,-0.00406796857714653,42.4810981750488,-71.4034042358398,528.888854980469,477.108947753906,0.740426898002625,-0.518498480319977,118.253753662109,53.7644691467285,-0.760469317436218,3.58966255187988,0.491626262664795,-0.117016032338142,70
738505.47287798998877406120,53.595890045166,-0.799180448055267,3.8644905090332,0.064492255449295,-0.00406796857714653,42.4810905456543,-71.4032821655273,528.687927246094,477.037963867188,0.0289297457784414,-0.52766352891922,118.869659423828,53.7409744262695,-0.837352514266968,1.88471841812134,0.500085413455963,-0.114966094493866,70
738505.47288012749049812555,53.5949554443359,-0.975039541721344,3.86821794509888,0.064492255449295,-0.00406796857714653,42.481086730957,-71.4031677246094,528.476501464844,476.951263427734,0.239502683281898,-0.373571693897247,119.19416809082,53.7432136535645,-0.897319793701172,0.693358957767487,0.508187055587769,-0.11295847594738,70
738505.47288242692593485117,53.5700492858887,-1.2515367269516,3.82890582084656,0.064492255449295,-0.00406796857714653,42.4810791015625,-71.4030380249023,528.198608398438,476.810485839844,1.13544094562531,-0.261756032705307,119.117462158203,53.7212905883789,-0.968604385852814,1.02280020713806,0.516637980937958,-0.110692128539085,70
738505.47288465674500912428,53.5053596496582,-1.18341159820557,3.75557684898376,0.064492255449295,-0.00406796857714653,42.481071472168,-71.4029083251953,527.908874511719,476.652862548828,0.685623645782471,-0.251932919025421,118.835746765137,53.6500511169434,-1.05427956581116,2.02074694633484,0.524061262607574,-0.108481355011463,70
738505.47288696491159498692,53.4998512268066,-1.14309334754944,3.73552870750427,0.064492255449295,-0.00406796857714653,42.4810676574707,-71.4027786254883,527.626586914062,476.505950927734,-1.4389261007309,-0.228362113237381,118.654411315918,53.6422843933105,-1.13833367824554,1.19771289825439,0.531384766101837,-0.106179870665073,70
738505.47288922418374568224,53.5357856750488,-1.48415112495422,3.81292700767517,0.064492255449295,-0.00406796857714653,42.4810600280762,-71.4026489257812,527.30908203125,476.323760986328,-1.64570236206055,-0.162898898124695,118.613059997559,53.6919097900391,-1.21476817131042,-1.67426943778992,0.538530766963959,-0.103835001587868,70
738505.47289138101041316986,53.5856132507324,-1.64743256568909,3.8142683506012,0.064492255449295,-0.00406796857714653,42.4810562133789,-71.4025268554688,526.956604003906,476.101226806641,-1.3049224615097,-0.163274630904198,118.389259338379,53.7464485168457,-1.30459606647491,-1.66160047054291,0.544688582420349,-0.101546488702297,70
738505.47289363492745906115,53.6786079406738,-1.7831723690033,3.70312523841858,0.064492255449295,-0.00406796857714653,42.4810485839844,-71.4024047851562,526.573852539062,475.851196289062,-2.91008234024048,-0.262686997652054,117.759094238281,53.8357315063477,-1.41193997859955,1.35699772834778,0.550232887268066,-0.0991851165890694,70
738505.47289587010163813829,53.8110847473145,-2.10123515129089,3.62298846244812,0.064492255449295,-0.00406796857714653,42.4810409545898,-71.4022750854492,526.148193359375,475.558288574219,-4.72513771057129,-0.442357003688812,116.875495910645,53.9738273620605,-1.53197336196899,2.69629335403442,0.555024147033691,-0.0968199223279953,70
738505.47289805719628930092,53.9128684997559,-2.48691201210022,3.65600490570068,0.064492255449295,-0.00406796857714653,42.4810371398926,-71.4021530151367,525.66064453125,475.201629638672,-5.0246524810791,-0.578738331794739,116.101425170898,54.0938873291016,-1.67569088935852,0.479415208101273,0.558690428733826,-0.0944629311561584,70
738505.47290033730678260326,53.9666976928711,-2.75915884971619,3.7596697807312,0.064492255449295,-0.00406796857714653,42.481029510498,-71.4020233154297,525.072570800781,474.752868652344,-4.41959810256958,-0.575475931167603,115.692749023438,54.1678199768066,-1.86719286441803,-3.42479562759399,0.561140060424805,-0.0919021666049957,70
738505.47290252416860312223,54.0141983032227,-2.85006308555603,3.81540298461914,0.064492255449295,-0.00406796857714653,42.4810256958008,-71.4019012451172,524.513854980469,474.319305419922,-4.73371839523315,-0.46348562836647,115.7392578125,54.2237396240234,-2.06061792373657,-5.159423828125,0.562193632125854,-0.0895941555500031,70
738505.47290475189220160246,54.1255073547363,-2.98798990249634,3.74173855781555,0.064492255449295,-0.00406796857714653,42.4810180664062,-71.4017715454102,523.863830566406,473.810638427734,-5.97339057922363,-0.335336595773697,116.068710327148,54.3369026184082,-2.28028345108032,-2.74103784561157,0.562521517276764,-0.0869506001472473,70
738505.47290690452791750431,54.2234497070312,-3.56788086891174,3.54645681381226,0.064492255449295,-0.00406796857714653,42.481014251709,-71.4016494750977,523.208862304688,473.286437988281,-5.81308794021606,-0.34207871556282,116.341400146484,54.4563102722168,-2.47738695144653,2.40768241882324,0.562059044837952,-0.0845227316021919,70
738505.47290895995683968067,54.2719612121582,-3.77731037139893,3.39206981658936,0.064492255449295,-0.00406796857714653,42.4810066223145,-71.4015274047852,522.477661132812,472.682586669922,-3.22120261192322,-0.405316799879074,116.543472290039,54.5088996887207,-2.69666481018066,5.82946300506592,0.560131847858429,-0.0821605697274208,70
738505.47291105356998741627,54.2909851074219,-3.67153930664062,3.40684652328491,0.064492255449295,-0.00406796857714653,42.4810028076172,-71.4014129638672,521.775207519531,472.106506347656,-3.50087809562683,-0.37520158290863,116.913948059082,54.5215377807617,-2.92365431785583,3.74726867675781,0.557151794433594,-0.0797821506857872,70
738505.47291320411022752523,54.317985534668,-4.037184715271,3.35795950889587,0.064492255449295,-0.00406796857714653,42.4809989929199,-71.4012908935547,521.002990722656,471.465423583984,-2.2874174118042,-0.50347888469696,117.426193237305,54.5712242126465,-3.14278340339661,4.12242031097412,0.553505063056946,-0.0772620663046837,70
738505.47291533148381859064,54.3215789794922,-4.02857780456543,3.34896755218506,0.064492255449295,-0.00406796857714653,42.4809913635254,-71.4011688232422,520.206970214844,470.799407958984,-1.46467673778534,-0.6922367811203,117.728530883789,54.5736122131348,-3.35725903511047,2.90515780448914,0.54900062084198,-0.0747235640883446,70
738505.47291757538914680481,54.3384780883789,-4.09831476211548,3.43164706230164,0.064492255449295,-0.00406796857714653,42.4809875488281,-71.4010391235352,519.392456054688,470.119537353516,-3.30817437171936,-0.808966934680939,117.701583862305,54.6007537841797,-3.55745673179626,-1.02395474910736,0.543869376182556,-0.072039857506752,70
738505.47291978250723332167,54.4074058532715,-4.29994773864746,3.4777934551239,0.064492255449295,-0.00406796857714653,42.4809799194336,-71.4009094238281,518.503234863281,469.369873046875,-4.14001893997192,-0.925489962100983,117.47541809082,54.6877517700195,-3.74256229400635,-3.01621723175049,0.538070976734161,-0.0692092329263687,70
738505.47292199742514640093,54.4803428649902,-4.52032136917114,3.48186755180359,0.064492255449295,-0.00406796857714653,42.4809761047363,-71.4007873535156,517.61328125,468.613922119141,-4.19096040725708,-1.06431806087494,117.241012573242,54.7783203125,-3.91226840019226,-3.52809524536133,0.531804382801056,-0.0664760246872902,70
738505.47292431385722011328,54.5510559082031,-4.71295642852783,3.4120888710022,0.064492255449295,-0.00406796857714653,42.4809684753418,-71.4006500244141,516.627258300781,467.770111083984,-3.73808813095093,-1.28143227100372,117.107513427734,54.8604774475098,-4.09348011016846,-2.18769574165344,0.524260759353638,-0.0635475590825081,70
738505.47292639850638806820,54.6282272338867,-4.77614593505859,3.31398797035217,0.064492255449295,-0.00406796857714653,42.4809646606445,-71.4005355834961,515.733093261719,467.002410888672,-3.98903179168701,-1.45870041847229,117.081100463867,54.9366645812988,-4.25362920761108,-0.616423904895782,0.516833066940308,-0.0609642937779427,70
738505.47292855766136199236,54.7565422058105,-4.75784683227539,3.24674558639526,0.064492255449295,-0.00406796857714653,42.4809608459473,-71.4004058837891,514.788208007812,466.191741943359,-5.37594509124756,-1.66240561008453,117.026145935059,55.0586700439453,-4.41261577606201,-0.633637666702271,0.508504331111908,-0.0581919364631176,70
738505.47293080855160951614,54.8908462524414,-5.01938581466675,3.25826215744019,0.064492255449295,-0.00406796857714653,42.4809532165527,-71.400276184082,513.784606933594,465.328216552734,-5.87591886520386,-1.67925202846527,116.849655151367,55.2160797119141,-4.55858898162842,-2.83297395706177,0.499537229537964,-0.0552599504590034,70
738505.47293309064116328955,54.982421875,-5.17826414108276,3.20125460624695,0.064492255449295,-0.00406796857714653,42.4809494018555,-71.400146484375,512.702087402344,464.389343261719,-4.15861034393311,-1.63081216812134,116.69206237793,55.3184356689453,-4.70876598358154,-2.49586915969849,0.489591717720032,-0.0522105097770691,70
738505.47293527226429432631,55.0482788085938,-4.92443895339966,3.01295781135559,0.064492255449295,-0.00406796857714653,42.4809455871582,-71.400016784668,511.713073730469,463.534790039062,-4.12169742584229,-1.69139277935028,116.909698486328,55.3501663208008,-4.84448003768921,1.00808775424957,0.47977277636528,-0.049356572329998,70
738505.47293768927920609713,55.1617698669434,-4.74346351623535,2.82281970977783,0.064492255449295,-0.00406796857714653,42.4809379577637,-71.3998794555664,510.635833740234,462.613037109375,-4.8825855255127,-1.70227229595184,117.763610839844,55.4372596740723,-4.95381259918213,3.37042307853699,0.468870937824249,-0.0459979027509689,70
738505.47293985867872834206,55.2415885925293,-4.80895185470581,2.78314423561096,0.064492255449295,-0.00406796857714653,42.4809341430664,-71.3997497558594,509.693634033203,461.807922363281,-3.5718457698822,-1.44586598873138,118.660514831543,55.5203094482422,-5.00606060028076,2.17150855064392,0.459803014993668,-0.0430249534547329,70
738505.47294203157071024179,55.2964210510254,-4.7026309967041,2.78843331336975,0.064492255449295,-0.00406796857714653,42.4809303283691,-71.3996276855469,508.730407714844,460.984924316406,-2.57659077644348,-0.990046441555023,119.234367370605,55.5660362243652,-5.03840827941895,0.349211007356644,0.450659662485123,-0.0399067662656307,70
738505.47294424392748624086,55.3711547851562,-4.56464815139771,2.72878265380859,0.064492255449295,-0.00406796857714653,42.4809265136719,-71.3994979858398,507.796447753906,460.090911865234,-3.93199062347412,-0.052841491997242,119.319953918457,55.6259574890137,-5.0460467338562,1.20294570922852,0.441782683134079,-0.0366869829595089,70
738505.47294649260584264994,55.4384422302246,-4.75956106185913,2.72916197776794,0.064492255449295,-0.00406796857714653,42.4809226989746,-71.3993682861328,506.848236083984,459.101043701172,-3.56706094741821,0.792129099369049,119.192176818848,55.7092666625977,-5.03268671035767,0.981671154499054,0.433259218931198,-0.0333959236741066,70
738505.47294872091151773930,55.4897804260254,-4.73169326782227,2.87582230567932,0.064492255449295,-0.00406796857714653,42.4809188842773,-71.3992309570312,505.859161376953,458.141082763672,-2.54943919181824,1.0594220161438,118.904197692871,55.7653541564941,-5.02614498138428,-2.56722950935364,0.424352645874023,-0.0299716833978891,70
738505.47295087738893926144,55.5816040039062,-4.59742975234985,2.98285722732544,0.064492255449295,-0.00406796857714653,42.4809150695801,-71.3991088867188,504.947052001953,457.396209716797,-3.86227035522461,1.16090273857117,118.28556060791,55.8511276245117,-5.02039289474487,-4.1937313079834,0.415900051593781,-0.0266910046339035,70
738505.47295306704472750425,55.6998977661133,-4.83388090133667,2.93670916557312,0.064492255449295,-0.00406796857714653,42.4809074401855,-71.3989791870117,503.984802246094,456.116882324219,-4.5255241394043,0.98190838098526,117.310989379883,55.9863319396973,-5.00650691986084,-1.46611630916595,0.407267868518829,-0.0232185311615467,70
738505.47295519534964114428,55.7262115478516,-5.15010643005371,2.858065366745,0.064492255449295,-0.00406796857714653,42.4809036254883,-71.3988571166992,503.004791259766,454.415008544922,-1.66040134429932,0.59759521484375,116.460624694824,56.03662109375,-5.01625299453735,1.42260825634003,0.398620963096619,-0.0199411883950233,70
738505.47295739257242530584,55.706657409668,-4.52410697937012,2.94147109985352,0.064492255449295,-0.00406796857714653,42.480899810791,-71.3987274169922,502.033905029297,452.692840576172,-0.981576561927795,0.188136130571365,116.025497436523,55.967414855957,-5.05208539962769,-1.06928467750549,0.388996452093124,-0.0164937134832144,70
738505.47295955242589116096,55.7320289611816,-4.44552326202393,2.97641015052795,0.064492255449295,-0.00406796857714653,42.4808959960938,-71.3985977172852,501.158142089844,451.082672119141,-1.80697274208069,-0.159182146191597,115.937309265137,55.9882202148438,-5.04920148849487,-2.19029712677002,0.380420446395874,-0.013106538914144,70
738505.47296171542257070541,55.7525749206543,-4.41877317428589,2.86752462387085,0.064492255449295,-0.00406796857714653,42.4808921813965,-71.3984756469727,500.274993896484,449.460662841797,-0.543983161449432,-0.527871072292328,115.888656616211,56.0008735656738,-5.01610994338989,0.704052031040192,0.372466772794724,-0.0096845543012023,70
738505.47296392999123781919,55.7305564880371,-4.07605123519897,2.77715492248535,0.064492255449295,-0.00406796857714653,42.4808883666992,-71.3983459472656,499.408355712891,447.837036132812,-0.585992038249969,-0.800344467163086,115.829208374023,55.9483871459961,-4.96308565139771,1.59583961963654,0.364808052778244,-0.00615087384358048,70
738505.47296603850554674864,55.7269744873047,-3.77683448791504,2.70869565010071,0.064492255449295,-0.00406796857714653,42.480884552002,-71.3982162475586,498.64111328125,446.347869873047,-2.02140355110168,-1.08556592464447,115.977424621582,55.9204521179199,-4.87978982925415,1.37843358516693,0.358425855636597,-0.00277178757824004,70
738505.47296821419149637222,55.761890411377,-3.4751341342926,2.64156484603882,0.064492255449295,-0.00406796857714653,42.4808769226074,-71.3980941772461,497.907623291016,444.870544433594,-3.0991518497467,-1.32251739501953,116.534469604492,55.9324836730957,-4.75485467910767,1.04424262046814,0.353041619062424,0.000749241793528199,70
738505.47297047544270753860,55.803539276123,-3.27817010879517,2.6238124370575,0.064492255449295,-0.00406796857714653,42.4808731079102,-71.3979644775391,497.221435546875,443.440032958984,-2.90668606758118,-1.4043470621109,117.437339782715,55.9612846374512,-4.59478950500488,-0.32774418592453,0.348929077386856,0.00430550379678607,70
738505.47297265229281038046,55.827995300293,-3.23608565330505,2.60869169235229,0.064492255449295,-0.00406796857714653,42.4808692932129,-71.397834777832,496.54931640625,442.015960693359,-1.60675048828125,-1.37272870540619,118.36060333252,55.9825210571289,-4.41437435150146,-1.18425393104553,0.345827251672745,0.00793503876775503,70
738505.47297485580202192068,55.8393630981445,-3.21162939071655,2.53973364830017,0.064492255449295,-0.00406796857714653,42.4808654785156,-71.397705078125,495.868255615234,440.569366455078,-0.581512749195099,-1.27402329444885,118.898796081543,55.9892768859863,-4.23559474945068,-0.342420935630798,0.343288719654083,0.0116734588518739,70
738505.47297711623832583427,55.8667907714844,-2.94270896911621,2.42318081855774,0.064492255449295,-0.00406796857714653,42.4808616638184,-71.3975677490234,495.214263916016,439.153747558594,-1.6372184753418,-0.563973188400269,118.797958374023,55.9966926574707,-4.07369518280029,1.65564429759979,0.341159284114838,0.0154399843886495,70
738505.47297923592850565910,55.9042282104492,-3.23247337341309,2.45140480995178,0.064492255449295,-0.00406796857714653,42.4808578491211,-71.3974456787109,494.597930908203,437.804992675781,-3.2835521697998,0.48963189125061,118.244071960449,56.0512351989746,-3.92327785491943,-0.0494416765868664,0.339726984500885,0.0190962050110102,70
738505.47298140265047550201,55.918399810791,-3.35371851921082,2.49629282951355,0.064492255449295,-0.00406796857714653,42.4808540344238,-71.3973159790039,493.911193847656,436.379516601562,-2.0109658241272,1.58220231533051,117.673812866211,56.0744705200195,-3.8124463558197,-0.5114666223526,0.337992787361145,0.0228369198739529,70
738505.47298356192186474800,55.9668960571289,-3.07720518112183,2.44596862792969,0.064492255449295,-0.00406796857714653,42.4808502197266,-71.3971939086914,493.271301269531,435.010559082031,-3.13749694824219,2.57865166664124,117.325752258301,56.1047706604004,-3.73940181732178,2.94982004165649,0.335987657308578,0.0265578050166368,70
738505.47298567637335509062,56.0578880310059,-3.22192239761353,2.45570206642151,0.064492255449295,-0.00406796857714653,42.4808464050293,-71.3970642089844,492.642791748047,433.653198242188,-3.93599009513855,3.51547908782959,117.046356201172,56.2040748596191,-3.6715350151062,4.42002439498901,0.334319770336151,0.0303121712058783,70
738505.47298788279294967651,56.1003684997559,-3.44487285614014,2.64727210998535,0.064492255449295,-0.00406796857714653,42.480842590332,-71.3969345092773,491.954956054688,432.217803955078,-2.52984666824341,4.53890991210938,116.634483337402,56.2683448791504,-3.62468290328979,1.38211011886597,0.332457423210144,0.0341940186917782,70
738505.47299011691939085722,56.1044654846191,-3.44810748100281,2.86651730537415,0.064492255449295,-0.00406796857714653,42.4808387756348,-71.3968048095703,491.236145019531,430.738647460938,-1.86696720123291,5.31261014938354,116.08763885498,56.2833671569824,-3.61321878433228,-0.539437174797058,0.330000132322311,0.0381568446755409,70
738505.47299223043955862522,56.1157150268555,-3.2396068572998,2.94517111778259,0.064492255449295,-0.00406796857714653,42.4808349609375,-71.3966751098633,490.561279296875,429.320922851562,-2.9075870513916,5.41233062744141,115.732955932617,56.2862548828125,-3.61748504638672,2.41643834114075,0.327399998903275,0.0420027226209641,70
738505.47299447283148765564,56.1560020446777,-3.08605098724365,3.01227521896362,0.064492255449295,-0.00406796857714653,42.4808311462402,-71.3965454101562,489.907257080078,427.783874511719,-3.61281895637512,5.09891700744629,115.91015625,56.321346282959,-3.60910058021545,4.81201410293579,0.325125992298126,0.0459220446646214,70
738505.47299670835491269827,56.1835708618164,-3.0051121711731,3.2029869556427,0.064492255449295,-0.00406796857714653,42.480827331543,-71.3964157104492,489.257720947266,426.179107666016,-2.95580720901489,4.77817535400391,116.541236877441,56.3549766540527,-3.57979416847229,3.00782012939453,0.32337099313736,0.0499070435762405,70
738505.47299893177114427090,56.1992645263672,-2.87116599082947,3.49340724945068,0.064492255449295,-0.00406796857714653,42.4808197021484,-71.3962783813477,488.635375976562,424.607482910156,-2.81701254844666,4.70667600631714,117.102439880371,56.3808898925781,-3.53445029258728,-1.10766077041626,0.322143405675888,0.0538055412471294,70
738505.47300106554757803679,56.2461738586426,-2.76041293144226,3.69257020950317,0.064492255449295,-0.00406796857714653,42.4808158874512,-71.3961563110352,488.064697265625,423.129089355469,-3.76724004745483,4.72751235961914,117.278732299805,56.4348030090332,-3.47684121131897,-2.0273265838623,0.321492314338684,0.0574535951018333,70
738505.47300328407436609268,56.3184967041016,-2.71826863288879,3.80142331123352,0.064492255449295,-0.00406796857714653,42.4808082580566,-71.3960266113281,487.489288330078,421.609741210938,-4.42617464065552,4.60496091842651,117.303085327148,56.5120582580566,-3.40484523773193,-0.313772469758987,0.321348547935486,0.0611685626208782,70
738505.47300559817813336849,56.3676338195801,-2.69328832626343,3.86810874938965,0.064492255449295,-0.00406796857714653,42.4808044433594,-71.3958892822266,486.904998779297,420.058837890625,-3.53556895256042,4.29012966156006,117.494163513184,56.5643539428711,-3.32835459709167,1.98958575725555,0.321585983037949,0.0648749843239784,70
738505.47300772590097039938,56.3786125183105,-2.52528882026672,3.97091007232666,0.064492255449295,-0.00406796857714653,42.4807968139648,-71.3957595825195,486.351226806641,418.557800292969,-2.53843712806702,3.99590516090393,117.977005004883,56.5746688842773,-3.25556969642639,2.61796855926514,0.322111934423447,0.0684044733643532,70
738505.47301000787410885096,56.3908462524414,-2.20449924468994,4.16096210479736,0.064492255449295,-0.00406796857714653,42.4807891845703,-71.3956298828125,485.837890625,417.077941894531,-2.97289729118347,3.89119362831116,118.597763061523,56.5871086120605,-3.17089867591858,0.83622020483017,0.32326552271843,0.0719092562794685,70
738505.47301221161615103483,56.4478340148926,-2.17487573623657,4.39285230636597,0.064492255449295,-0.00406796857714653,42.4807815551758,-71.3954925537109,485.376098632812,415.689025878906,-3.69928574562073,3.93712139129639,118.976707458496,56.6602592468262,-3.06270909309387,-2.16453504562378,0.325413376092911,0.075245775282383,70
738505.47301447717472910881,56.5091323852539,-2.43640375137329,4.46528196334839,0.064492255449295,-0.00406796857714653,42.4807739257812,-71.3953628540039,484.869445800781,416.543884277344,-1.95582175254822,3.92515850067139,118.749565124512,56.7376136779785,-2.95202326774597,-0.300516664981842,0.32808917760849,0.0785515159368515,70
738505.47301677544601261616,56.4899787902832,-2.42569041252136,4.42887353897095,0.064492255449295,-0.00406796857714653,42.480770111084,-71.3952255249023,484.328826904297,417.380249023438,0.0587103962898254,3.71757793426514,118.089950561523,56.7152252197266,-2.87493991851807,4.11089038848877,0.330450773239136,0.0817827731370926,70
738505.47301902470644563437,56.3954963684082,-2.10229277610779,4.5285439491272,0.0764567330479622,-0.00406796857714653,42.4807624816895,-71.3950881958008,483.830505371094,418.249298095703,-0.551009714603424,3.50541639328003,117.64720916748,56.6160697937012,-2.81850528717041,3.29095602035522,0.332740128040314,0.0848913937807083,70
738505.47302130435127764940,56.3361740112305,-1.93430614471436,4.7555513381958,0.0943301692605019,-0.00406796857714653,42.4807548522949,-71.3949584960938,483.386932373047,419.184906005859,-1.94351363182068,3.33078241348267,117.730583190918,56.5696144104004,-2.74337363243103,-1.11886203289032,0.335870802402496,0.0879576131701469,70
738505.47302366851363331079,56.3162536621094,-1.81105852127075,4.9712381362915,0.0943301692605019,-0.00406796857714653,42.4807434082031,-71.3948135375977,482.948974609375,420.148193359375,-1.47329771518707,3.12842464447021,118.018051147461,56.5642433166504,-2.64691138267517,-4.02761316299438,0.339942872524261,0.0909986793994904,70
738505.47302598180249333382,56.3164596557617,-1.4758712053299,5.01914215087891,0.0943301692605019,-0.00406796857714653,42.4807357788086,-71.3946762084961,482.560363769531,421.140838623047,-1.93794739246368,2.89101910591125,118.15552520752,56.5589408874512,-2.53899383544922,-1.71438455581665,0.344728171825409,0.0938945785164833,70
738505.47302821278572082520,56.3316345214844,-1.27919220924377,5.07479286193848,0.0943301692605019,-0.00406796857714653,42.4807281494141,-71.3945465087891,482.248321533203,422.157897949219,-2.98933863639832,2.74366569519043,118.337532043457,56.5742225646973,-2.40841436386108,-0.940866529941559,0.350494414567947,0.0965666770935059,70
738505.47303049010224640369,56.3013076782227,-1.26278209686279,5.21004867553711,0.0943301692605019,-0.00406796857714653,42.4807205200195,-71.3944091796875,481.941986083984,423.1943359375,-1.0219794511795,2.69835257530212,118.812080383301,56.5559577941895,-2.25891160964966,-2.62055635452271,0.357343107461929,0.0991777777671814,70
738505.47303266427479684353,56.2441024780273,-1.00240910053253,5.25585079193115,0.0943301692605019,-0.00406796857714653,42.4807090759277,-71.3942794799805,481.673645019531,424.216156005859,0.672033548355103,2.68410849571228,119.30810546875,56.4980354309082,-2.11626315116882,-1.0544730424881,0.364549100399017,0.101594910025597,70
738505.47303488210309296846,56.2070198059082,-0.817717373371124,5.19865942001343,0.0943301692605019,-0.00406796857714653,42.4807014465332,-71.3941497802734,481.44873046875,425.322174072266,0.373579382896423,2.66963672637939,119.433540344238,56.4528465270996,-1.9592878818512,2.8622784614563,0.372917920351028,0.103998519480228,70
738505.47303710132837295532,56.1520500183105,-0.789941549301147,5.22174310684204,0.0943301692605019,-0.00406796857714653,42.4806938171387,-71.3940200805664,481.246948242188,426.407531738281,0.65753298997879,2.68198823928833,119.151542663574,56.3998527526855,-1.80131113529205,3.34940314292908,0.381883144378662,0.106236211955547,70
738505.47303941030986607075,56.0030479431152,-0.6646808385849,5.38236665725708,0.0943301692605019,-0.00406796857714653,42.4806861877441,-71.3938827514648,481.040008544922,427.566162109375,1.98905575275421,2.72066402435303,118.785568237305,56.2650260925293,-1.64346098899841,0.0278884656727314,0.391965478658676,0.108567118644714,70
738505.47304176515899598598,55.8062705993652,-0.239116013050079,5.5877628326416,0.0943301692605019,-0.00406796857714653,42.4806747436523,-71.3937454223633,480.89453125,428.770538330078,1.77134215831757,2.74118781089783,118.681518554688,56.0858268737793,-1.49020993709564,-3.52501392364502,0.4027239382267,0.110813647508621,70
738505.47304410161450505257,55.6869812011719,0.138619139790535,5.66955184936523,0.0943301692605019,-0.00406796857714653,42.4806671142578,-71.3936080932617,480.836212158203,430.057098388672,0.554758727550507,2.61014556884766,118.896957397461,55.9750213623047,-1.3099273443222,-2.93895888328552,0.414984792470932,0.112977720797062,70
738505.47304649138823151588,55.6128883361816,0.308042019605637,5.64779996871948,0.0943301692605019,-0.00406796857714653,42.480655670166,-71.3934707641602,480.827301025391,430.342681884766,0.874627768993378,2.30145311355591,119.228790283203,55.899787902832,-1.09452950954437,-0.158273726701736,0.429170310497284,0.115093253552914,70
738505.47304884192999452353,55.4824562072754,0.339857041835785,5.68380117416382,0.0943301692605019,-0.00406796857714653,42.4806442260742,-71.3933334350586,480.827667236328,430.304351806641,2.74716067314148,1.97079265117645,119.425704956055,55.7738647460938,-0.869268357753754,-0.240856632590294,0.444883495569229,0.117169186472893,70
738505.47305117931682616472,55.3042831420898,0.700751483440399,5.7597861289978,0.0943301692605019,-0.00406796857714653,42.4806365966797,-71.393196105957,480.878387451172,430.318664550781,2.52741456031799,1.72545075416565,119.406440734863,55.6078224182129,-0.666793167591095,-1.73543787002563,0.460546046495438,0.119039200246334,70
738505.47305349865928292274,55.184684753418,0.898356795310974,5.7388858795166,0.0943301692605019,-0.00406796857714653,42.4806251525879,-71.3930587768555,480.991241455078,430.394165039062,1.46226167678833,1.59848296642303,119.289428710938,55.489559173584,-0.449440568685532,-0.386504232883453,0.477961331605911,0.120892517268658,70
738505.47305585211142897606,55.1025161743164,0.943751573562622,5.61831426620483,0.0943301692605019,-0.00406796857714653,42.4806175231934,-71.3929214477539,481.119171142578,430.485687255859,1.65808141231537,2.47581243515015,119.186904907227,55.396240234375,-0.237242341041565,3.7193386554718,0.496030449867249,0.122626222670078,70
738505.47305824933573603630,55.0324516296387,1.03532540798187,5.55486869812012,0.0943301692605019,-0.00406796857714653,42.4806060791016,-71.3927841186523,481.268768310547,430.597686767578,0.969183743000031,3.49751615524292,118.95263671875,55.32177734375,-0.0347175598144531,6.50018072128296,0.515364050865173,0.124361537396908,70
738505.47306060639675706625,54.9788932800293,0.828006386756897,5.65823984146118,0.0943301692605019,-0.00406796857714653,42.4805946350098,-71.3926467895508,481.399078369141,430.689849853516,-0.121527723968029,4.63660907745361,118.418380737305,55.2754898071289,0.14150732755661,4.91914224624634,0.535383403301239,0.126086443662643,70
738505.47306295263115316629,54.9515495300293,0.6772740483284,5.81781482696533,0.0943301692605019,-0.00406796857714653,42.4805870056152,-71.3925170898438,481.493286132812,430.747985839844,-1.61706709861755,5.58074283599854,117.714935302734,55.2628135681152,0.26004159450531,3.33940672874451,0.554131090641022,0.127693355083466,70
738505.47306542226579040289,54.9701118469238,0.285455107688904,6.01734304428101,0.0943301692605019,-0.00406796857714653,42.4805755615234,-71.3923721313477,481.538330078125,430.584442138672,-3.57171082496643,6.55654430389404,116.821395874023,55.2992134094238,0.327286183834076,1.80793535709381,0.57368928194046,0.129401728510857,70
738505.47306779283098876476,55.0051422119141,-0.345037668943405,6.19597673416138,0.0943301692605019,-0.00406796857714653,42.4805641174316,-71.3922348022461,481.473480224609,430.247497558594,-4.73947334289551,7.48231220245361,115.957138061523,55.3540878295898,0.31090784072876,1.2046023607254,0.591177821159363,0.130989789962769,70
738505.47307025792542845011,54.9995536804199,-1.17555832862854,6.32364273071289,0.0943301692605019,-0.00406796857714653,42.4805526733398,-71.39208984375,481.249572753906,429.690032958984,-4.98234462738037,8.36726188659668,115.277732849121,55.3743743896484,0.18202668428421,2.0140483379364,0.60633248090744,0.132528096437454,70
738505.47307263722177594900,54.9574317932129,-1.713751912117,6.45158624649048,0.0943301692605019,-0.00406796857714653,42.480541229248,-71.3919525146484,480.880157470703,428.989990234375,-6.2303318977356,9.23651599884033,115.047470092773,55.3613510131836,-0.0702279806137085,4.05475473403931,0.61781907081604,0.133961170911789,70
738505.47307495202403515577,54.9588851928711,-2.65574717521667,6.69754314422607,0.0943301692605019,-0.00406796857714653,42.4805297851562,-71.3918151855469,480.38623046875,428.17626953125,-8.12483978271484,10.1742897033691,115.187202453613,55.4291381835938,-0.406799584627151,0.958319008350372,0.625713586807251,0.13525003194809,70
738505.47307718824595212936,54.9149475097656,-3.71004223823547,6.97739171981812,0.0943301692605019,-0.00406796857714653,42.4805183410645,-71.3916854858398,479.692535400391,427.171936035156,-7.09699487686157,11.1094083786011,115.194282531738,55.4806251525879,-0.837164700031281,-2.73439788818359,0.629449069499969,0.136405855417252,70
738505.47307945345528423786,54.8572425842285,-4.41156673431396,7.20114660263062,0.0943301692605019,-0.00406796857714653,42.4805068969727,-71.3915557861328,478.834045410156,426.003601074219,-7.02453231811523,11.9986009597778,115.074813842773,55.5034713745117,-1.37415075302124,-1.92649662494659,0.628651559352875,0.137444168329239,70
738505.47308159864041954279,54.8119430541992,-5.18036651611328,7.40231037139893,0.0943301692605019,-0.00406796857714653,42.4804954528809,-71.3914337158203,477.872894287109,424.743713378906,-7.9356427192688,12.6964778900146,115.24617767334,55.5515937805176,-1.95832979679108,-1.31782782077789,0.623985052108765,0.138316988945007,70
738505.47308383276686072350,54.735969543457,-5.9216251373291,7.71118974685669,0.0943301692605019,-0.00406796857714653,42.4804801940918,-71.3912963867188,476.713043212891,423.273742675781,-7.15945100784302,13.0891618728638,115.86742401123,55.5927543640137,-2.61866784095764,-2.83625602722168,0.615109205245972,0.139080688357353,70
738505.47308590868487954140,54.6995697021484,-6.39296531677246,7.93778705596924,0.0943301692605019,-0.00406796857714653,42.48046875,-71.3911743164062,475.527862548828,421.799621582031,-6.75781917572021,13.2609910964966,116.724540710449,55.6410064697266,-3.25955629348755,-0.565038919448853,0.603317856788635,0.139644503593445,70
738505.47308798483572900295,54.7278099060059,-6.76291751861572,8.19004535675049,0.0943301692605019,-0.00406796857714653,42.4804573059082,-71.3910598754883,474.315887451172,420.309967041016,-7.60246610641479,13.3884153366089,117.48388671875,55.7489624023438,-3.87125110626221,1.08223247528076,0.589353322982788,0.140041127800941,70
738505.47309020289685577154,54.841609954834,-7.20424461364746,8.46067810058594,0.0943301692605019,-0.00406796857714653,42.4804420471191,-71.3909378051758,472.956329345703,418.654754638672,-9.65525531768799,13.4783372879028,117.916305541992,55.956111907959,-4.49646329879761,2.53734016418457,0.572177648544312,0.140296310186386,70
738505.47309244482312351465,54.9621849060059,-7.86496782302856,8.75062465667725,0.0943301692605019,-0.00406796857714653,42.4804267883301,-71.3908081054688,471.432312011719,416.823608398438,-10.2859001159668,13.2353296279907,117.982917785645,56.2074089050293,-5.11612939834595,2.37003421783447,0.551853477954865,0.140371322631836,70
738505.47309466090518981218,55.0344085693359,-8.46431159973145,9.05726432800293,0.0943301692605019,-0.00406796857714653,42.4804153442383,-71.3906707763672,469.779846191406,414.863464355469,-8.64766407012939,11.844087600708,117.977691650391,56.4133377075195,-5.72529935836792,1.94952845573425,0.528544068336487,0.140240982174873,70
738505.47309679968748241663,55.1074180603027,-8.53985977172852,9.43334770202637,0.0943301692605019,-0.00406796857714653,42.4804000854492,-71.3905487060547,468.166412353516,412.960235595703,-7.95221471786499,8.00940704345703,118.163131713867,56.5574493408203,-6.28588199615479,0.63268780708313,0.503982961177826,0.139924108982086,70
738505.47309915197547525167,55.2971000671387,-8.58953666687012,9.61228370666504,0.0943301692605019,-0.00406796857714653,42.4803810119629,-71.3904190063477,466.430847167969,410.912719726562,-9.12017822265625,2.56252813339233,118.480033874512,56.7797966003418,-6.83323192596436,2.3498067855835,0.475995659828186,0.139358073472977,70
738505.47310145699884742498,55.509593963623,-8.9302864074707,9.57626056671143,0.0943301692605019,-0.00406796857714653,42.4803657531738,-71.3902816772461,464.578948974609,408.735046386719,-8.31960105895996,-0.116592362523079,118.767265319824,57.0330581665039,-7.32388782501221,5.32231044769287,0.445772558450699,0.138519808650017,70
738505.47310380614362657070,55.6800155639648,-8.84054851531982,9.60774230957031,0.0943301692605019,-0.00406796857714653,42.4803466796875,-71.3901443481445,462.734222412109,406.569915771484,-7.06983280181885,-0.33260253071785,119.094795227051,57.1902809143066,-7.74385690689087,4.12087678909302,0.414892733097076,0.137472182512283,70
738505.47310615493915975094,55.8390235900879,-8.55903625488281,9.7528133392334,0.0943301692605019,-0.00406796857714653,42.4803314208984,-71.390007019043,460.931854248047,404.444702148438,-7.89423990249634,-0.45957949757576,119.712020874023,57.3268775939941,-8.08137893676758,-0.0696721971035004,0.383560121059418,0.13622635602951,70
738505.47310844156891107559,56.0471038818359,-8.31527137756348,9.85275459289551,0.0943301692605019,-0.00406796857714653,42.4803123474121,-71.3898696899414,459.1640625,402.350738525391,-7.92183589935303,-0.474524646997452,120.573226928711,57.5108528137207,-8.31510543823242,-1.81835269927979,0.352655827999115,0.134795799851418,70
738505.47311069851275533438,56.2513313293457,-8.12771606445312,9.87614917755127,0.0943301692605019,-0.00406796857714653,42.480297088623,-71.3897399902344,457.53271484375,400.409118652344,-7.16847085952759,-0.648989617824554,121.361099243164,57.6871757507324,-8.443284034729,-1.43377315998077,0.324268877506256,0.133300006389618,70
738505.47311287547927349806,56.4424781799316,-7.96989870071411,9.84087181091309,0.0943301692605019,-0.00406796857714653,42.480281829834,-71.3896102905273,455.957305908203,398.527221679688,-6.26648235321045,-0.876323938369751,121.871887207031,57.8456192016602,-8.49656963348389,-0.0570529475808144,0.297222673892975,0.131706520915031,70
738505.47311510657891631126,56.6394500732422,-7.74371004104614,9.8181676864624,0.0943301692605019,-0.00406796857714653,42.4802627563477,-71.3894729614258,454.380981445312,396.635711669922,-6.31570482254028,-0.945204436779022,121.967445373535,58.0033531188965,-8.49314403533936,0.246296361088753,0.270389705896378,0.129970818758011,70
738505.47311735700350254774,56.8509330749512,-7.4257698059082,9.88344669342041,0.0943301692605019,-0.00406796857714653,42.4802474975586,-71.3893432617188,452.840454101562,394.775726318359,-6.80028295516968,-0.649468123912811,121.661476135254,58.1794929504395,-8.43833637237549,-1.89095997810364,0.24433945119381,0.128137573599815,70
738505.47311950591392815113,57.0697021484375,-7.05493831634521,9.9532585144043,0.0943301692605019,-0.00406796857714653,42.4802322387695,-71.3892059326172,451.436279296875,393.064544677734,-6.75432157516479,-0.476298093795776,121.187522888184,58.3591499328613,-8.33633708953857,-3.17142486572266,0.220726534724236,0.126314967870712,70
738505.47312176506966352463,57.2456703186035,-6.6714301109314,9.91900444030762,0.0943301692605019,-0.00406796857714653,42.4802131652832,-71.3890762329102,450.080078125,391.39599609375,-4.92576599121094,-0.17575791478157,120.817031860352,58.4804344177246,-8.18288040161133,-1.19290220737457,0.198390737175941,0.124402478337288,70
738505.47312394913751631975,57.3281669616699,-6.08964347839355,9.87105369567871,0.0943301692605019,-0.00406796857714653,42.4801979064941,-71.3889465332031,448.819976806641,389.824401855469,-2.26965403556824,0.378478735685349,120.856094360352,58.4896583557129,-7.9819712638855,0.641783237457275,0.177991583943367,0.122458927333355,70
738505.47312618559226393700,57.343376159668,-4.96303653717041,9.88144397735596,0.0943301692605019,-0.00406796857714653,42.4801826477051,-71.3888092041016,447.690979003906,388.374481201172,-0.392734080553055,0.845804035663605,121.331253051758,58.3998069763184,-7.70467376708984,0.735434889793396,0.159670397639275,0.120424591004848,70
738505.47312845801934599876,57.3504447937012,-3.59739899635315,9.95699882507324,0.0943301692605019,-0.00406796857714653,42.4801635742188,-71.3886642456055,446.784210205078,387.133026123047,-0.726711332798004,1.08622992038727,121.925010681152,58.3194351196289,-7.28258514404297,-0.638180553913116,0.145322233438492,0.118261761963367,70
738505.47313071636017411947,57.3542137145996,-2.96024441719055,10.0459003448486,0.0943301692605019,-0.00406796857714653,42.4801483154297,-71.3885345458984,446.124969482422,386.160247802734,-0.957324624061584,0.959233343601227,122.190467834473,58.302562713623,-6.74723672866821,-2.51374936103821,0.137319847941399,0.116223461925983,70
738505.47313295712228864431,57.3169212341309,-2.378169298172,10.0701599121094,0.0943301692605019,-0.00406796857714653,42.4801292419434,-71.3883972167969,445.546844482422,385.259643554688,-0.388200700283051,0.734675407409668,122.122894287109,58.2433967590332,-6.11639261245728,-2.49224925041199,0.133475422859192,0.114092960953712,70
738505.47313529264647513628,57.323413848877,-1.66948556900024,9.94616603851318,0.0943301692605019,-0.00406796857714653,42.4801139831543,-71.3882598876953,445.099151611328,384.484100341797,-1.96320986747742,0.441192150115967,122.054191589355,58.2038421630859,-5.43974781036377,1.12893176078796,0.13341112434864,0.11188368499279,70
738505.47313756786752492189,57.3940048217773,-1.38645076751709,9.82263565063477,0.0943301692605019,-0.00406796857714653,42.480094909668,-71.3881149291992,444.745086669922,383.798675537109,-2.48502683639526,0.070346899330616,122.125564575195,58.2449836730957,-4.74531126022339,3.76092600822449,0.137027129530907,0.109629943966866,70
738505.47313978953752666712,57.4142112731934,-1.17418134212494,9.83055782318115,0.0943301692605019,-0.00406796857714653,42.4800796508789,-71.3879852294922,444.446899414062,383.187347412109,-1.31924641132355,-0.174358263611794,122.056915283203,58.2615661621094,-4.12640047073364,2.25916433334351,0.142790019512177,0.107496730983257,70
738505.47314189455937594175,57.3963012695312,-0.76371818780899,9.8608865737915,0.0943301692605019,-0.00406796857714653,42.4800643920898,-71.3878555297852,444.213195800781,382.643035888672,-1.62906432151794,-0.227287948131561,121.746238708496,58.2422180175781,-3.5667610168457,0.318574577569962,0.150199830532074,0.10537763684988,70
738505.47314400249160826206,57.3907089233398,-0.577435076236725,9.79365348815918,0.0943301692605019,-0.00406796857714653,42.4800453186035,-71.3877258300781,444.048858642578,382.183685302734,-2.02752184867859,-0.273156195878983,121.569755554199,58.2232131958008,-3.07718920707703,1.5321010351181,0.158901333808899,0.10336834192276,70
738505.47314622835256159306,57.3307228088379,-0.41514265537262,9.73299980163574,0.0943301692605019,-0.00406796857714653,42.4800300598145,-71.3875961303711,443.897705078125,381.716064453125,0.149163991212845,-0.361000329256058,121.867721557617,58.1525192260742,-2.60270762443542,2.0312488079071,0.169651806354523,0.101205214858055,70
738505.47314869880210608244,57.1825485229492,0.0369919762015343,9.76278686523438,0.0943301692605019,-0.00406796857714653,42.4800109863281,-71.3874435424805,443.797088623047,381.511779785156,1.58353817462921,-0.313252627849579,122.486663818359,58.0099754333496,-2.13041210174561,-0.560017049312592,0.183314308524132,0.0987914875149727,70
738505.47315098601393401623,57.0800895690918,0.258545100688934,9.74857521057129,0.0943301692605019,-0.00406796857714653,42.4799957275391,-71.3873138427734,443.780090332031,382.1767578125,1.3696745634079,-0.260030120611191,122.740661621094,57.907154083252,-1.74374842643738,-1.01202166080475,0.19707053899765,0.096668653190136,70
738505.47315347648691385984,56.9420051574707,0.345422118902206,9.5951976776123,0.0943301692605019,-0.00406796857714653,42.4799766540527,-71.3871536254883,443.779541015625,382.967498779297,3.01206755638123,-0.379314243793488,122.64803314209,57.7458152770996,-1.33308923244476,1.98118650913239,0.214680910110474,0.0941843688488007,70
738505.47315567417535930872,56.7363319396973,0.642357528209686,9.48863124847412,0.0943301692605019,-0.00406796857714653,42.4799613952637,-71.3870239257812,443.822479248047,383.703857421875,3.67163038253784,-0.442707777023315,122.555305480957,57.527889251709,-1.01855003833771,2.31702041625977,0.231180086731911,0.0920507311820984,70
738505.47315788792911916971,56.5416145324707,0.907541334629059,9.46011924743652,0.0943301692605019,-0.00406796857714653,42.4799461364746,-71.3868942260742,443.919616699219,384.469329833984,2.76220107078552,-0.396000802516937,122.608215332031,57.3347358703613,-0.735853433609009,0.540900409221649,0.248317316174507,0.0900020748376846,70
738505.47316013276576995850,56.4225883483887,0.97541081905365,9.44998264312744,0.0943301692605019,-0.00406796857714653,42.4799308776855,-71.3867568969727,444.056854248047,385.304809570312,1.39844751358032,-0.394899219274521,122.572067260742,57.2168006896973,-0.453426241874695,-0.874115705490112,0.267575532197952,0.0878786966204643,70
738505.47316234337631613016,56.3719100952148,0.783031702041626,9.3792896270752,0.0943301692605019,-0.00406796857714653,42.4799118041992,-71.3866271972656,444.172790527344,386.094390869141,1.06476736068726,-0.510715007781982,122.199363708496,57.1522216796875,-0.211456894874573,0.13812680542469,0.286899328231812,0.0858520790934563,70
738505.47316448553465306759,56.3296394348145,0.533470273017883,9.2457218170166,0.0943301692605019,-0.00406796857714653,42.4799003601074,-71.3864974975586,444.238861083984,386.803497314453,1.04305696487427,-0.658808588981628,121.505867004395,57.0858688354492,-0.0349998250603676,2.61187171936035,0.305177688598633,0.0839351341128349,70
738505.47316669404972344637,56.2988166809082,0.410730630159378,9.06912326812744,0.0943301692605019,-0.00406796857714653,42.4798812866211,-71.3863677978516,444.270690917969,387.513977050781,-0.327107846736908,-0.807559788227081,120.600677490234,57.0260848999023,0.0810445100069046,5.55511665344238,0.323734790086746,0.0819325745105743,70
738505.47316887765191495419,56.2607688903809,0.0135604366660118,9.12043476104736,0.0943301692605019,-0.00406796857714653,42.4798698425293,-71.3862380981445,444.263916015625,388.17138671875,-2.09861302375793,-0.799762070178986,119.832000732422,56.9952354431152,0.13426148891449,2.37557435035706,0.341134816408157,0.0800158455967903,70
738505.47317107743583619595,56.1871223449707,-0.448671817779541,9.26847076416016,0.0943301692605019,-0.00406796857714653,42.4798545837402,-71.3861083984375,444.159973144531,388.730895996094,-1.25666105747223,-0.642515301704407,119.34317779541,56.9482116699219,0.114591181278229,-2.44072270393372,0.357109010219574,0.0781420692801476,70
738505.47317335929255932570,56.1457328796387,-0.58432149887085,9.22424030303955,0.0943301692605019,-0.00406796857714653,42.4798355102539,-71.3859710693359,444.0029296875,389.259765625,-1.74751794338226,-0.44337123632431,119.121681213379,56.9014205932617,0.0172722842544317,-1.32844936847687,0.371766209602356,0.0762328952550888,70
738505.47317564219702035189,56.149341583252,-0.946184277534485,9.12925910949707,0.0943301692605019,-0.00406796857714653,42.4798202514648,-71.3858413696289,443.800567626953,389.746765136719,-2.80356645584106,-0.180787786841393,119.201530456543,56.8945274353027,-0.126310020685196,0.88553124666214,0.385085582733154,0.0743350610136986,70
738505.47317784372717142105,56.1047058105469,-1.29505789279938,9.15892314910889,0.0943301692605019,-0.00406796857714653,42.4798049926758,-71.3857040405273,443.517517089844,390.144744873047,-1.84916818141937,0.0769397914409637,119.565795898438,56.8621253967285,-0.311426043510437,-0.764934241771698,0.396582663059235,0.0724790766835213,70
738505.47318020323291420937,56.0424880981445,-1.51674675941467,9.23577499389648,0.0943301692605019,-0.00406796857714653,42.4797897338867,-71.3855743408203,443.182525634766,390.502166748047,-1.8028347492218,0.333301514387131,120.028610229492,56.8186645507812,-0.536056637763977,-3.36067295074463,0.406524032354355,0.0706056952476501,70
738505.47318250883836299181,56.0283050537109,-1.62268495559692,9.27355289459229,0.0943301692605019,-0.00406796857714653,42.4797744750977,-71.3854370117188,442.805938720703,390.834411621094,-3.15459823608398,0.607751965522766,120.364799499512,56.8137550354004,-0.78051221370697,-3.93458151817322,0.415261387825012,0.0687017068266869,70
738505.47318487032316625118,56.1107902526855,-1.78348505496979,9.20718955993652,0.0943301692605019,-0.00406796857714653,42.4797554016113,-71.3852920532227,442.390228271484,391.159332275391,-5.17189073562622,0.746209323406219,120.526466369629,56.8891372680664,-1.02716183662415,-0.992319524288177,0.423334032297134,0.0667040944099426,70
738505.47318705322686582804,56.2029190063477,-2.12114119529724,9.13053798675537,0.0943301692605019,-0.00406796857714653,42.4797401428223,-71.3851623535156,441.964477539062,391.40234375,-5.56501293182373,0.722160518169403,120.607383728027,56.9792404174805,-1.23890697956085,1.65934669971466,0.429702758789062,0.0649225562810898,70
738505.47318929340690374374,56.2403182983398,-2.46876406669617,9.15757942199707,0.0943301692605019,-0.00406796857714653,42.4797248840332,-71.3850250244141,441.469085693359,391.575164794922,-4.75840663909912,0.813383519649506,120.726997375488,57.0344581604004,-1.45862233638763,0.837332189083099,0.434730738401413,0.063146285712719,70
738505.47319197782780975103,56.2619552612305,-2.47358584403992,9.25832653045654,0.0943301692605019,-0.00406796857714653,42.4797096252441,-71.384880065918,440.878662109375,391.746154785156,-6.00350904464722,1.167320728302,121.048919677734,57.0722618103027,-1.72031044960022,-1.33333718776703,0.438819497823715,0.06111129373312,70
738505.47319403430446982384,56.3361320495605,-2.87667083740234,9.20143413543701,0.0943301692605019,-0.00406796857714653,42.4796943664551,-71.3847427368164,440.2880859375,391.860198974609,-6.35593223571777,1.36582338809967,121.7431640625,57.1550636291504,-1.94863951206207,1.50713384151459,0.441596865653992,0.0592519231140614,70
738505.47319614642765372992,56.374454498291,-3.15973949432373,9.18784236907959,0.0943301692605019,-0.00406796857714653,42.479679107666,-71.3846206665039,439.677215576172,391.895050048828,-5.09195280075073,1.50143563747406,122.519287109375,57.2055892944336,-2.16517210006714,2.61929488182068,0.442796140909195,0.0575577057898045,70
738505.47319826530292630196,56.3992729187012,-3.25865960121155,9.30667686462402,0.0943301692605019,-0.00406796857714653,42.479663848877,-71.3844909667969,439.043640136719,391.621673583984,-5.45613813400269,1.99483501911163,123.055274963379,57.2547912597656,-2.38824725151062,0.20056788623333,0.442687481641769,0.0558718405663967,70
738505.47320040129125118256,56.4260101318359,-3.61307883262634,9.43185615539551,0.0943301692605019,-0.00406796857714653,42.4796485900879,-71.3843688964844,438.360076904297,391.173706054688,-5.71567821502686,2.54484891891479,123.314437866211,57.3228492736816,-2.61168313026428,-1.68217444419861,0.441560298204422,0.0541446506977081,70
738505.47320257988758385181,56.4312591552734,-3.98568511009216,9.53003597259521,0.0943301692605019,-0.00406796857714653,42.4796333312988,-71.3842315673828,437.580596923828,390.635162353516,-3.05962038040161,2.89479923248291,123.406517028809,57.3689308166504,-2.85090208053589,-2.09728598594666,0.438922882080078,0.0523642152547836,70
738505.47320479573681950569,56.4042053222656,-3.99201416969299,9.61875343322754,0.0943301692605019,-0.00406796857714653,42.4796180725098,-71.3841018676758,436.771331787109,390.066375732422,-1.24835324287415,3.14102911949158,123.224952697754,57.3575706481934,-3.10317492485046,-1.83298206329346,0.434667706489563,0.0505619049072266,70
738505.47320697642862796783,56.4047775268555,-3.90387225151062,9.73959064483643,0.0943301692605019,-0.00406796857714653,42.4795989990234,-71.3839721679688,435.96728515625,389.506164550781,-2.58325958251953,3.34765958786011,122.570739746094,57.3724555969238,-3.34042501449585,-2.35636281967163,0.429555505514145,0.0486981682479382,70
738505.47320907737594097853,56.4680023193359,-4.09044790267944,9.83211326599121,0.0943301692605019,-0.00406796857714653,42.4795837402344,-71.3838500976562,435.189453125,388.962097167969,-4.35364961624146,3.24053978919983,121.478324890137,57.4633560180664,-3.53136396408081,-2.24095773696899,0.424446105957031,0.0468729473650455,70
738505.47321126877795904875,56.5330009460449,-4.36103630065918,9.83629608154297,0.0943301692605019,-0.00406796857714653,42.4795684814453,-71.3837203979492,434.355010986328,388.363525390625,-4.47120237350464,2.24915051460266,120.251586914062,57.5478172302246,-3.70617532730103,0.0406313687562943,0.418694853782654,0.0449738427996635,70
738505.47321342630311846733,56.5950241088867,-4.5064868927002,9.82491493225098,0.0943301692605019,-0.00406796857714653,42.4795532226562,-71.3835906982422,433.466430664062,387.716064453125,-4.58481454849243,-0.457532584667206,119.36784362793,57.6180038452148,-3.88359713554382,1.14676332473755,0.411814570426941,0.0429739616811275,70
738505.47321559290867298841,56.6684036254883,-4.63755226135254,9.78735828399658,0.0943301692605019,-0.00406796857714653,42.4795379638672,-71.3834609985352,432.557556152344,387.046844482422,-5.33931398391724,-1.0844521522522,119.003791809082,57.6940841674805,-4.0570650100708,1.11879479885101,0.404069304466248,0.0409368015825748,70
738505.47321778931654989719,56.7637481689453,-4.73521327972412,9.76329040527344,0.0943301692605019,-0.00406796857714653,42.4795188903809,-71.3833312988281,431.608489990234,386.343017578125,-6.40024614334106,-0.684874355792999,119.185882568359,57.7915840148926,-4.22807121276855,0.576654076576233,0.395351231098175,0.0388027131557465,70
738505.47322002914734184742,56.8740119934082,-4.8156533241272,9.81103324890137,0.0943301692605019,-0.00406796857714653,42.4795036315918,-71.3831939697266,430.634185791016,385.616027832031,-7.0434103012085,1.08695948123932,119.839447021484,57.9145927429199,-4.38990020751953,-0.760530591011047,0.385900050401688,0.0366205163300037,70
738505.47322228178381919861,56.9689674377441,-5.01596403121948,9.9276180267334,0.0943301692605019,-0.00406796857714653,42.4794883728027,-71.3830642700195,429.626159667969,384.858612060547,-6.86537837982178,2.01104187965393,120.700378417969,58.0446434020996,-4.54140520095825,-2.41103529930115,0.375749409198761,0.0343870148062706,70
738505.47322441497817635536,57.0481338500977,-5.27938890457153,10.0209312438965,0.0943301692605019,-0.00406796857714653,42.4794692993164,-71.3829345703125,428.596862792969,384.071319580078,-5.74790906906128,2.67492032051086,121.29012298584,58.1616744995117,-4.68965816497803,-2.42382955551147,0.365050315856934,0.0322155617177486,70
738505.47322654549498111010,57.1402168273926,-5.19358825683594,10.0390758514404,0.0943301692605019,-0.00406796857714653,42.4794540405273,-71.3828048706055,427.599212646484,383.308685302734,-6.99356603622437,2.80476117134094,121.593360900879,58.2474098205566,-4.83743524551392,0.253999143838882,0.353784143924713,0.0300761573016644,70
738505.47322867112234234810,57.1896934509277,-5.54717254638672,10.149712562561,0.0943301692605019,-0.00406796857714653,42.4794387817383,-71.3826751708984,426.536865234375,382.489624023438,-6.85442972183228,2.78783583641052,122.077178955078,58.34765625,-4.97911024093628,-0.96941465139389,0.341653078794479,0.0278131403028965,70
738505.47323079046327620745,57.2411766052246,-5.561851978302,10.2901039123535,0.0943301692605019,-0.00406796857714653,42.4794235229492,-71.3825454711914,425.472839355469,381.660247802734,-5.34886407852173,1.99368619918823,122.712219238281,58.4240760803223,-5.12299728393555,-2.1328182220459,0.328995257616043,0.0255989860743284,70
738505.47323293506633490324,57.3571434020996,-5.45061159133911,10.2757797241211,0.0943301692605019,-0.00406796857714653,42.4794044494629,-71.3824234008789,424.419219970703,380.844818115234,-6.27006721496582,1.77200186252594,123.16641998291,58.5247192382812,-5.25988721847534,0.821893155574799,0.315659940242767,0.0233059246093035,70
738505.47323507338296622038,57.4762573242188,-5.74771356582642,10.1734313964844,0.0943301692605019,-0.00406796857714653,42.4793891906738,-71.3822937011719,423.318939208984,379.988037109375,-6.16165971755981,1.49325740337372,123.320816040039,58.651985168457,-5.37754154205322,4.77957725524902,0.301910102367401,0.0209090001881123,70
738505.47323729214258491993,57.5585594177246,-5.65693521499634,10.1614274978638,0.0943301692605019,-0.00406796857714653,42.4793701171875,-71.3821563720703,422.177337646484,379.094421386719,-5.50633668899536,1.07616817951202,123.396240234375,58.7217445373535,-5.49517822265625,5.40901374816895,0.287252575159073,0.0184247829020023,70
738505.47323937586043030024,57.5861396789551,-5.58073711395264,10.271671295166,0.0943301692605019,-0.00406796857714653,42.4793548583984,-71.3820266723633,421.101898193359,378.256713867188,-6.04644632339478,0.782016396522522,123.667701721191,58.7606620788574,-5.5916166305542,2.22502160072327,0.273023784160614,0.0160267781466246,70
738505.47324155655223876238,57.6252326965332,-5.47261142730713,10.4458074569702,0.0943301692605019,-0.00406796857714653,42.4793395996094,-71.3818969726562,420.0283203125,377.424438476562,-6.61788606643677,0.116957701742649,124.27481842041,58.8194847106934,-5.66387987136841,-1.72616970539093,0.258737117052078,0.0135598909109831,70
738505.47324382723309099674,57.746654510498,-5.31143856048584,10.501802444458,0.0943301692605019,-0.00406796857714653,42.479320526123,-71.3817596435547,418.919250488281,376.572052001953,-6.985915184021,0.0746209919452667,125.160209655762,58.933650970459,-5.70674705505371,-1.42277944087982,0.244008585810661,0.0109030269086361,70
738505.47324596659746021032,57.8915939331055,-5.29444265365601,10.4278364181519,0.0943301692605019,-0.00406796857714653,42.479305267334,-71.3816299438477,417.876220703125,375.5498046875,-6.52003622055054,0.0954558849334717,125.941970825195,59.0610504150391,-5.71457958221436,2.03570318222046,0.230528593063354,0.00833425205200911,70
738505.47324824379757046700,58.0052833557129,-5.40242528915405,10.3277225494385,0.0943301692605019,-0.00406796857714653,42.4792861938477,-71.3814926147461,416.795440673828,374.400421142578,-5.13788843154907,-0.0639165416359901,126.376754760742,59.1646919250488,-5.70524263381958,5.12812328338623,0.216999799013138,0.00564791588112712,70
738505.47325047082267701626,58.0597610473633,-5.18281698226929,10.3707427978516,0.0943301692605019,-0.00406796857714653,42.4792671203613,-71.3813552856445,415.709289550781,373.244903564453,-5.07654571533203,-0.0986533984541893,126.377304077148,59.2059936523438,-5.69393301010132,3.28319597244263,0.20329087972641,0.00290497462265193,70
738505.47325279715005308390,58.0972023010254,-5.25987768173218,10.512375831604,0.0943301692605019,-0.00406796857714653,42.4792518615723,-71.381217956543,414.620880126953,372.084899902344,-6.12462949752808,0.050259318202734,126.246894836426,59.2744560241699,-5.66581869125366,-0.651262164115906,0.189681425690651,6.01564242970198e-05,70
738505.47325498994905501604,58.1509704589844,-5.35794734954834,10.5052328109741,0.0943301692605019,-0.00406796857714653,42.4792327880859,-71.3810806274414,413.544342041016,370.939483642578,-4.70635080337524,0.116343565285206,126.256149291992,59.3346672058105,-5.64130449295044,0.555807292461395,0.176627963781357,-0.0026786404196173,70
738505.47325734968762844801,58.224308013916,-5.11614561080933,10.5357980728149,0.0943301692605019,-0.00406796857714653,42.4792137145996,-71.3809280395508,412.392608642578,369.712310791016,-5.36481904983521,0.16850420832634,126.228149414062,59.3906402587891,-5.62355518341064,0.220295146107674,0.162173226475716,-0.00573375821113586,70
738505.47325957845896482468,58.2858428955078,-5.19545793533325,10.692985534668,0.0943301692605019,-0.00406796857714653,42.4791946411133,-71.3807983398438,411.348388671875,368.640991210938,-6.46212577819824,0.284088462591171,125.993698120117,59.485897064209,-5.59595203399658,-3.66179060935974,0.149316400289536,-0.00854762177914381,70
738505.47326186345890164375,58.3461647033691,-5.19562149047852,10.7926073074341,0.0943301692605019,-0.00406796857714653,42.479175567627,-71.3806610107422,410.286102294922,367.843139648438,-5.98493385314941,0.326995223760605,125.799392700195,59.56298828125,-5.56987762451172,-5.03395843505859,0.136421680450439,-0.0114233000203967,70
738505.47326413542032241821,58.4023170471191,-4.98175954818726,10.7830924987793,0.0943301692605019,-0.00406796857714653,42.4791603088379,-71.3805160522461,409.224273681641,367.050903320312,-5.28957843780518,0.292540788650513,125.985618591309,59.598014831543,-5.54488563537598,-3.3687596321106,0.123358070850372,-0.0144023867323995,70
738505.47326637082733213902,58.4934463500977,-4.58522796630859,10.6978406906128,0.0943301692605019,-0.00406796857714653,42.4791412353516,-71.3803787231445,408.252777099609,366.342559814453,-5.59280776977539,0.23423470556736,126.628890991211,59.6401824951172,-5.50031852722168,-0.243046954274178,0.111346751451492,-0.0173488724976778,70
738505.47326864534988999367,58.6304016113281,-4.24629974365234,10.6361141204834,0.0943301692605019,-0.00406796857714653,42.4791221618652,-71.380241394043,407.326568603516,365.689331054688,-5.99599933624268,0.316043496131897,127.503021240234,59.7384452819824,-5.40698480606079,1.70204591751099,0.100503869354725,-0.0204475782811642,70
738505.47327099158428609371,58.7280235290527,-4.18411111831665,10.6704635620117,0.0943301692605019,-0.00406796857714653,42.4791030883789,-71.3800964355469,406.434814453125,364.957916259766,-4.69551992416382,1.2712150812149,128.075958251953,59.835994720459,-5.26944351196289,1.10986995697021,0.091351106762886,-0.02357517182827,70
738505.47327317926101386547,58.7534523010254,-4.04857635498047,10.7704153060913,0.0943301692605019,-0.00406796857714653,42.4790840148926,-71.3799591064453,405.584228515625,364.050476074219,-3.07926821708679,2.2469174861908,128.022567749023,59.8695335388184,-5.12056636810303,-0.214697226881981,0.0834828540682793,-0.026626767590642,70
738505.47327535063959658146,58.7336730957031,-3.74088096618652,10.8797550201416,0.0943301692605019,-0.00406796857714653,42.4790687561035,-71.3798217773438,404.796722412109,363.207763671875,-2.8795473575592,2.37715148925781,127.573547363281,59.8498764038086,-4.97025632858276,-0.987931549549103,0.0766936093568802,-0.0296135172247887,70
738505.47327752411365509033,58.7236175537109,-3.31379055976868,10.9316864013672,0.0943301692605019,-0.00406796857714653,42.4790496826172,-71.3796844482422,404.072326660156,362.427307128906,-3.2469630241394,2.2150137424469,127.211265563965,59.8242950439453,-4.79797315597534,-0.0670277923345566,0.0711464211344719,-0.0326802358031273,70
738505.47327969735488295555,58.7073211669922,-2.92872905731201,10.9546670913696,0.0943301692605019,-0.00406796857714653,42.4790306091309,-71.3795547485352,403.445220947266,361.745849609375,-2.63020181655884,1.61436676979065,127.264221191406,59.7924041748047,-4.59820556640625,0.770980358123779,0.0675806552171707,-0.0356876663863659,70
738505.47328192659188061953,58.6707916259766,-2.47763228416443,10.9919996261597,0.0943301692605019,-0.00406796857714653,42.4790115356445,-71.3794174194336,402.878936767578,361.123779296875,-1.93610811233521,1.14666223526001,127.604598999023,59.7429847717285,-4.35723400115967,0.405583798885345,0.0659828707575798,-0.0388193465769291,70
738505.47328410390764474869,58.652214050293,-1.95006287097931,11.0184993743896,0.0943301692605019,-0.00406796857714653,42.4789924621582,-71.379280090332,402.408050537109,360.596862792969,-2.45731639862061,0.92090505361557,127.897491455078,59.7100677490234,-4.07445621490479,0.178569883108139,0.0667834356427193,-0.0420124046504498,70
738505.47328628110699355602,58.6597518920898,-1.54206919670105,10.9747705459595,0.0943301692605019,-0.00406796857714653,42.4789772033691,-71.379150390625,402.03857421875,360.173095703125,-2.71093010902405,0.691460013389587,128.047653198242,59.6974868774414,-3.761314868927,1.64633238315582,0.0701123923063278,-0.0451383702456951,70
738505.47328849334735423326,58.6237373352051,-1.16931736469269,10.919867515564,0.0943301692605019,-0.00406796857714653,42.4789581298828,-71.3790130615234,401.727325439453,359.805725097656,-1.38546514511108,0.390481203794479,128.279067993164,59.6435508728027,-3.40858888626099,2.50650429725647,0.0760373175144196,-0.0484202578663826,70
738505.47329060512129217386,58.5139236450195,-0.764573812484741,10.9188928604126,0.0943301692605019,-0.00406796857714653,42.4789390563965,-71.3788833618164,401.496459960938,359.521087646484,0.550377786159515,0.1751908659935,128.671051025391,59.528865814209,-3.05622935295105,1.20619034767151,0.0839021503925323,-0.0515833422541618,70
738505.47329279873520135880,58.3830032348633,0.0668984055519104,10.9455671310425,0.0943301692605019,-0.00406796857714653,42.4789237976074,-71.3787460327148,401.394714355469,359.364318847656,0.286359906196594,0.0866156816482544,129.000701904297,59.4002075195312,-2.67214035987854,-0.793925046920776,0.0945267528295517,-0.0548590011894703,70
738505.47329500177875161171,58.3209037780762,0.443458557128906,10.9209766387939,0.0943301692605019,-0.00406796857714653,42.4789047241211,-71.3786087036133,401.398406982422,359.312896728516,-0.172429576516151,0.00254384987056255,128.943618774414,59.3362655639648,-2.24295282363892,-0.68276309967041,0.108582235872746,-0.0581546723842621,70
738505.47329729772172868252,58.2265129089355,0.647564709186554,10.843710899353,0.0943301692605019,-0.00406796857714653,42.4788856506348,-71.3784713745117,401.448699951172,359.304260253906,1.24426782131195,-0.099090114235878,128.423385620117,59.2311782836914,-1.76855206489563,0.493311941623688,0.126566112041473,-0.0617190487682819,70
738505.47329947177786380053,58.0605926513672,1.12679612636566,10.8571844100952,0.0943301692605019,-0.00406796857714653,42.4788665771484,-71.3783340454102,401.563385009766,359.364807128906,1.57254385948181,-0.0235351864248514,127.819786071777,59.077751159668,-1.34764885902405,-1.53713274002075,0.145142138004303,-0.0649894922971725,70
738505.47330170741770416498,57.9103317260742,1.50971555709839,10.9398994445801,0.0943301692605019,-0.00406796857714653,42.4788475036621,-71.3782043457031,401.769439697266,359.515869140625,0.869865953922272,0.140667453408241,127.270439147949,58.9539413452148,-0.92148369550705,-4.67507553100586,0.166414752602577,-0.0683495551347733,70
738505.47330386831890791655,57.7993392944336,1.63421559333801,10.9197578430176,0.0943301692605019,-0.00406796857714653,42.478832244873,-71.3780670166016,402.018371582031,359.709808349609,1.89852678775787,0.143154978752136,126.732360839844,58.8445014953613,-0.503099501132965,-3.92853808403015,0.189958602190018,-0.0717396959662437,70
738505.47330611082725226879,57.6549224853516,1.90019869804382,10.7694005966187,0.0943301692605019,-0.00406796857714653,42.4788131713867,-71.3779373168945,402.298980712891,359.935577392578,3.37981009483337,-0.0121599966660142,126.106506347656,58.6828842163086,-0.116638518869877,-0.336212188005447,0.214964583516121,-0.0751451253890991,70
738505.47330842318478971720,57.4642105102539,2.34776473045349,10.6037263870239,0.0943301692605019,-0.00406796857714653,42.4787940979004,-71.3777923583984,402.679748535156,360.257904052734,2.82433581352234,-0.188512250781059,125.449829101562,58.4815063476562,0.269738465547562,1.88701343536377,0.243415579199791,-0.0787985920906067,70
738505.47331062913872301579,57.2965240478516,2.73033785820007,10.5733289718628,0.0943301692605019,-0.00406796857714653,42.4787750244141,-71.3776626586914,403.113525390625,360.637084960938,1.98812687397003,-0.313419282436371,125.07071685791,58.327880859375,0.624054253101349,-0.0920519903302193,0.272174477577209,-0.0822039470076561,70
738505.47331287851557135582,57.1429595947266,2.98916745185852,10.6286935806274,0.0943301692605019,-0.00406796857714653,42.478759765625,-71.3775253295898,403.628082275391,361.095092773438,1.96249163150787,-0.400413334369659,124.812400817871,58.1998481750488,0.990622460842133,-3.69299507141113,0.304246366024017,-0.0857303515076637,70
738505.47331519622821360826,57.0052528381348,3.0770788192749,10.5990352630615,0.0943301692605019,-0.00406796857714653,42.4787406921387,-71.3773880004883,404.173431396484,361.584106445312,3.0649151802063,-0.501840114593506,124.455268859863,58.0638198852539,1.34270012378693,-3.8306941986084,0.338134825229645,-0.0892440006136894,70
738505.47331735340412706137,56.8681106567383,3.10687160491943,10.4286108016968,0.0943301692605019,-0.00406796857714653,42.4787216186523,-71.3772583007812,404.707244873047,362.063873291016,3.87850999832153,-0.521938025951385,123.944183349609,57.899829864502,1.64837288856506,-0.150326535105705,0.371822476387024,-0.0926109626889229,70
738505.47331952024251222610,56.7413063049316,3.23721194267273,10.1961708068848,0.0943301692605019,-0.00406796857714653,42.4787063598633,-71.3771209716797,405.252380371094,362.554992675781,3.21242594718933,-0.463693201541901,123.30850982666,57.7409515380859,1.91193830966949,4.31911468505859,0.406112134456635,-0.0959649384021759,70
738505.47332167020067572594,56.6713218688965,2.93363213539124,10.0932664871216,0.0943301692605019,-0.00406796857714653,42.478687286377,-71.3769912719727,405.792633056641,363.041076660156,2.10136008262634,-0.32733815908432,122.48900604248,57.637825012207,2.13702487945557,4.83819007873535,0.4410540163517,-0.0992966741323471,70
738505.47332388628274202347,56.5256958007812,2.56366729736328,10.1202325820923,0.0943301692605019,-0.00406796857714653,42.4786720275879,-71.3768615722656,406.251007080078,363.445465087891,2.95744490623474,-0.124199941754341,121.583267211914,57.4817008972168,2.29169797897339,1.81182289123535,0.475348442792892,-0.102577902376652,70
738505.47332608548458665609,56.3529853820801,2.43899941444397,10.0919103622437,0.0943301692605019,-0.00406796857714653,42.4786567687988,-71.3767318725586,406.669769287109,363.810638427734,1.84460198879242,0.117050878703594,120.941459655762,57.3014335632324,2.3644163608551,0.932862401008606,0.50820118188858,-0.105784550309181,70
738505.47332816035486757755,56.2852935791016,2.00859522819519,10.006329536438,0.0943301692605019,-0.00406796857714653,42.4786376953125,-71.3766098022461,407.029602050781,364.118621826172,-0.156178891658783,0.2665795981884,120.74040222168,57.2031059265137,2.37461137771606,2.46298789978027,0.538992345333099,-0.108852617442608,70
738505.47333036141935735941,56.1791610717773,1.23035287857056,9.99812126159668,0.0943301692605019,-0.00406796857714653,42.4786224365234,-71.3764724731445,407.286560058594,364.319946289062,-0.126599818468094,0.355725407600403,120.788963317871,57.0751647949219,2.30376076698303,1.3239563703537,0.569981634616852,-0.112115904688835,70
738505.47333251347299665213,55.97998046875,0.803636610507965,10.1080417633057,0.0943301692605019,-0.00406796857714653,42.4786071777344,-71.376350402832,407.410308837891,364.250885009766,-0.534721791744232,0.540236711502075,120.790809631348,56.8909187316895,2.13817000389099,-3.10565853118896,0.59614759683609,-0.11513826996088,70
738505.47333467064891010523,55.8792610168457,0.308117926120758,10.1580953598022,0.0943301692605019,-0.00406796857714653,42.478588104248,-71.376220703125,407.468017578125,363.449584960938,-3.53156352043152,0.756293177604675,120.775901794434,56.7958946228027,1.90215229988098,-4.73339223861694,0.619420766830444,-0.118109978735447,70
738505.47333694482222199440,55.8243827819824,-0.607390522956848,10.0206546783447,0.0943301692605019,-0.00406796857714653,42.478572845459,-71.376091003418,407.375579833984,362.439147949219,-4.27509880065918,0.784786224365234,121.014419555664,56.7198753356934,1.57733941078186,-0.949386715888977,0.641124606132507,-0.121297240257263,70
738505.47333916719071567059,55.790641784668,-1.21548068523407,9.91574573516846,0.0943301692605019,-0.00406796857714653,42.4785537719727,-71.3759613037109,407.136596679688,361.288146972656,-4.93057918548584,0.838627636432648,121.313446044922,56.6779937744141,1.16605973243713,1.43117892742157,0.658486187458038,-0.124461323022842,70
738505.47334149305243045092,55.7912712097168,-2.0140106678009,9.92497634887695,0.0943301692605019,-0.00406796857714653,42.4785385131836,-71.3758239746094,406.767974853516,359.998413085938,-7.41251087188721,1.11011445522308,121.215194702148,56.7029724121094,0.68418675661087,0.504383742809296,0.67192530632019,-0.127644300460815,70
738505.47334367944858968258,55.7827758789062,-2.99853491783142,9.9605884552002,0.0943301692605019,-0.00406796857714653,42.4785194396973,-71.3756942749023,406.211273193359,359.170745849609,-8.22248077392578,1.45552337169647,120.757934570312,56.7443618774414,0.136365979909897,-0.717647314071655,0.680761516094208,-0.130805402994156,70
738505.47334574756678193808,55.7519302368164,-3.83965015411377,10.0241756439209,0.0943301692605019,-0.00406796857714653,42.4785041809082,-71.3755722045898,405.551422119141,358.326843261719,-8.01814460754395,1.86159586906433,120.354011535645,56.7759170532227,-0.419464945793152,-2.27864384651184,0.684154689311981,-0.133623629808426,70
738505.47334779426455497742,55.7003021240234,-4.6409707069397,10.0527353286743,0.0943301692605019,-0.00406796857714653,42.4784889221191,-71.3754501342773,404.739166259766,357.329071044922,-6.95807027816772,2.41028904914856,120.19832611084,56.7901382446289,-1.03574299812317,-2.41703844070435,0.683042407035828,-0.136456117033958,70
738505.47334983153268694878,55.6460151672363,-5.08939695358276,10.0410871505737,0.0943301692605019,-0.00406796857714653,42.4784736633301,-71.3753280639648,403.832824707031,356.240539550781,-5.6469464302063,2.81468653678894,120.440399169922,56.7732696533203,-1.68054747581482,-0.844307780265808,0.677676200866699,-0.139238953590393,70
738505.47335207834839820862,55.6573524475098,-5.18161725997925,10.0454578399658,0.0943301692605019,-0.00406796857714653,42.478458404541,-71.3751983642578,402.784515380859,354.991485595703,-5.19655084609985,2.79763793945312,121.166259765625,56.7934951782227,-2.39165353775024,1.04999208450317,0.668023228645325,-0.142330676317215,70
738505.47335421817842870951,55.7251930236816,-5.07707834243774,10.1106157302856,0.0943301692605019,-0.00406796857714653,42.478443145752,-71.3750762939453,401.783905029297,353.796813964844,-5.71418523788452,2.68851828575134,122.105941772461,56.8620986938477,-3.01421117782593,1.2703001499176,0.65669983625412,-0.145311266183853,70
738505.47335639968514442444,55.8133316040039,-5.03168964385986,10.2268714904785,0.0943301692605019,-0.00406796857714653,42.4784240722656,-71.3749465942383,400.790191650391,352.60693359375,-5.56990146636963,2.57483100891113,122.956787109375,56.9652061462402,-3.54002475738525,0.165896117687225,0.644666433334351,-0.14832504093647,70
738505.47335851506795734167,55.8770294189453,-5.19863128662109,10.2752656936646,0.0943301692605019,-0.00406796857714653,42.4784088134766,-71.3748245239258,399.7890625,351.411743164062,-3.92550873756409,2.39159727096558,123.395492553711,57.0512886047363,-3.96223568916321,0.835622608661652,0.632453501224518,-0.151310920715332,70
738505.47336066642310470343,55.9192543029785,-5.16494989395142,10.2647476196289,0.0943301692605019,-0.00406796857714653,42.4783897399902,-71.3746948242188,398.765319824219,350.190032958984,-2.88677430152893,2.15342950820923,123.37767791748,57.0876922607422,-4.31459951400757,2.86232686042786,0.619501233100891,-0.154392182826996,70
738505.47336293000262230635,55.9518203735352,-4.93493509292603,10.2695941925049,0.0943301692605019,-0.00406796857714653,42.4783744812012,-71.3745651245117,397.735717773438,348.956024169922,-3.31628751754761,1.946417927742,123.133499145508,57.1001243591309,-4.59637069702148,3.78744006156921,0.606070816516876,-0.157610550522804,70
738505.47336525819264352322,55.9957962036133,-4.68485498428345,10.3634662628174,0.0943301692605019,-0.00406796857714653,42.4783554077148,-71.3744277954102,396.747680664062,347.760955810547,-4.20069265365601,1.78682065010071,122.941444396973,57.1391143798828,-4.78791189193726,1.97365605831146,0.593225717544556,-0.160892248153687,70
738505.47336756810545921326,56.0262908935547,-4.70891809463501,10.5528221130371,0.0943301692605019,-0.00406796857714653,42.4783363342285,-71.3742904663086,395.735717773438,347.415802001953,-3.65022444725037,1.6600569486618,122.796714782715,57.2056045532227,-4.89574813842773,-2.03703546524048,0.580887377262115,-0.164388209581375,70
738505.47336989280302077532,56.1056251525879,-4.42115879058838,10.6047210693359,0.0943301692605019,-0.00406796857714653,42.4783210754395,-71.374153137207,394.800476074219,347.382965087891,-4.0453052520752,1.39399492740631,122.360565185547,57.2699546813965,-4.94260740280151,-1.00378060340881,0.569869518280029,-0.167710766196251,70
738505.47337210329715162516,56.176815032959,-4.5980052947998,10.6500244140625,0.0943301692605019,-0.00406796857714653,42.4783020019531,-71.3740234375,393.884307861328,347.371185302734,-4.97473955154419,1.06542146205902,121.683387756348,57.3619995117188,-4.94116258621216,-1.09114480018616,0.559720277786255,-0.171095132827759,70
738505.47337424056604504585,56.1664619445801,-4.67833662033081,10.7965526580811,0.0943301692605019,-0.00406796857714653,42.4782829284668,-71.373893737793,392.942321777344,347.316375732422,-2.90858507156372,1.00290679931641,121.220672607422,57.3857421875,-4.93260622024536,-4.19379043579102,0.549706041812897,-0.17447204887867,70
738505.47337636933661997318,56.1757850646973,-4.3251690864563,10.8123435974121,0.0943301692605019,-0.00406796857714653,42.4782638549805,-71.3737640380859,392.06494140625,347.301513671875,-2.73190021514893,0.566004812717438,121.152755737305,57.3701362609863,-4.92500495910645,-2.97539734840393,0.539835453033447,-0.177816241979599,70
738505.47337851894553750753,56.233097076416,-4.19563627243042,10.6942100524902,0.0943301692605019,-0.00406796857714653,42.4782485961914,-71.3736419677734,391.240692138672,347.339050292969,-3.18702220916748,-0.041814312338829,121.355857849121,57.3945159912109,-4.88872909545898,0.827905416488647,0.530845880508423,-0.181224942207336,70
738505.47338062024209648371,56.2590560913086,-4.15891695022583,10.5825071334839,0.0943301692605019,-0.00406796857714653,42.4782295227051,-71.3735122680664,390.420318603516,347.375274658203,-1.59994971752167,-0.845873951911926,121.645889282227,57.3965797424316,-4.83097696304321,2.94547510147095,0.522676050662994,-0.184671521186829,70
738505.47338273026980459690,56.2216873168945,-3.69306707382202,10.6133861541748,0.0943301692605019,-0.00406796857714653,42.478214263916,-71.3733901977539,389.661651611328,347.462707519531,-1.78666031360626,-1.64214015007019,121.943008422852,57.3337669372559,-4.75949430465698,-0.324454456567764,0.515263259410858,-0.188112914562225,70
738505.47338485671207308769,56.248477935791,-3.3789541721344,10.6305236816406,0.0943301692605019,-0.00406796857714653,42.478199005127,-71.3732681274414,388.966491699219,347.634338378906,-3.39595794677734,-2.14620542526245,122.269874572754,57.3438453674316,-4.64471292495728,-2.91004323959351,0.509314239025116,-0.191669583320618,70
738505.47338698245584964752,56.3303871154785,-3.34620666503906,10.5175733566284,0.0943301692605019,-0.00406796857714653,42.4781799316406,-71.3731384277344,388.305511474609,347.681274414062,-3.09845995903015,-2.50108695030212,122.493179321289,57.4014701843262,-4.49654150009155,-1.27051985263824,0.50510185956955,-0.195176988840103,70
738505.47338911949191242456,56.4135055541992,-3.14297819137573,10.4208488464355,0.0943301692605019,-0.00406796857714653,42.4781646728516,-71.3730163574219,387.660766601562,347.067138671875,-3.00110340118408,-2.7565770149231,122.389282226562,57.4539489746094,-4.33746814727783,-1.04032623767853,0.501873672008514,-0.19872185587883,70
738505.47339121531695127487,56.5046691894531,-2.97833061218262,10.3666658401489,0.0943301692605019,-0.00406796857714653,42.4781455993652,-71.3728866577148,387.056213378906,346.492980957031,-4.10916709899902,-2.67179226875305,121.969635009766,57.5249137878418,-4.17167568206787,-2.10507392883301,0.49971541762352,-0.202253863215446,70
738505.47339341614861041307,56.6320457458496,-2.87280607223511,10.291748046875,0.0943301692605019,-0.00406796857714653,42.4781303405762,-71.3727569580078,386.460906982422,345.928588867188,-4.63169765472412,-2.34196257591248,121.403717041016,57.6312561035156,-3.99922919273376,-1.86329579353333,0.498554676771164,-0.205842941999435,70
738505.47339560987893491983,56.7572860717773,-2.80038475990295,10.1866512298584,0.0943301692605019,-0.00406796857714653,42.4781112670898,-71.3726272583008,385.872863769531,345.371826171875,-4.12844085693359,-2.02914834022522,120.81623840332,57.7321319580078,-3.8297061920166,-0.383777260780334,0.49823921918869,-0.209465265274048,70
738505.47339779126923531294,56.8330688476562,-2.75728678703308,10.039589881897,0.0943301692605019,-0.00406796857714653,42.4780960083008,-71.3724975585938,385.303802490234,344.833282470703,-2.58618927001953,-2.01870083808899,120.384162902832,57.7788352966309,-3.67579913139343,2.09620046615601,0.498559027910233,-0.212986513972282,70
738505.47339999291580170393,56.8452224731445,-2.63970589637756,9.85119247436523,0.0943301692605019,-0.00406796857714653,42.4780807495117,-71.3723678588867,384.734100341797,344.294586181641,-0.734036028385162,-2.17817282676697,120.262390136719,57.7528648376465,-3.53434062004089,4.73291063308716,0.499378621578217,-0.216552212834358,70
738505.47340211819391697645,56.7986259460449,-2.42524600028992,9.70530986785889,0.0943301692605019,-0.00406796857714653,42.4780654907227,-71.3722381591797,384.213348388672,343.803558349609,0.396233379840851,-2.2337965965271,120.51057434082,57.6728630065918,-3.40631151199341,5.14592456817627,0.500799715518951,-0.219933748245239,70
738505.47340438980609178543,56.7401580810547,-2.07288360595703,9.70916175842285,0.0943301692605019,-0.00406796857714653,42.4780464172363,-71.3721008300781,383.728790283203,343.350036621094,0.0764966383576393,-2.17932415008545,120.874900817871,57.6021728515625,-3.2643129825592,1.05048906803131,0.503422260284424,-0.223407879471779,70
738505.47340668947435915470,56.747428894043,-2.01394653320312,9.68531703948975,0.0943301692605019,-0.00406796857714653,42.4780311584473,-71.3719635009766,383.279174804688,342.931793212891,-0.448885917663574,-2.2741584777832,120.713150024414,57.6032295227051,-3.10051250457764,-0.809043169021606,0.507660150527954,-0.226825758814812,70
738505.47340886050369590521,56.75634765625,-1.97886538505554,9.51302051544189,0.0943301692605019,-0.00406796857714653,42.4780158996582,-71.3718338012695,382.845794677734,342.528472900391,-0.0926408767700195,-2.39911127090454,120.059989929199,57.5820846557617,-2.94307470321655,1.71987640857697,0.512685835361481,-0.23003201186657,70
738505.47341105295345187187,56.7209129333496,-1.70145356655121,9.35642719268799,0.0943301692605019,-0.00406796857714653,42.4779968261719,-71.3717041015625,382.437683105469,342.150543212891,-0.504761278629303,-2.42703771591187,119.507141113281,57.5126037597656,-2.79276371002197,2.45240902900696,0.518464207649231,-0.233220160007477,70
738505.47341322852298617363,56.6878662109375,-1.43037855625153,9.31515026092529,0.0943301692605019,-0.00406796857714653,42.4779853820801,-71.3715744018555,382.105316162109,341.846618652344,-1.45287001132965,-2.1698522567749,119.494812011719,57.4659194946289,-2.64374971389771,0.196536689996719,0.525072276592255,-0.236155062913895,70
738505.47341539687477052212,56.6689491271973,-1.51591110229492,9.34609985351562,0.0943301692605019,-0.00406796857714653,42.477970123291,-71.3714447021484,381.786743164062,341.556793212891,-1.23486566543579,-1.65477907657623,119.80834197998,57.4544830322266,-2.48260807991028,-2.70091819763184,0.533007144927979,-0.23904050886631,70
738505.47341762809082865715,56.6333656311035,-1.63368570804596,9.35433959960938,0.0943301692605019,-0.00406796857714653,42.4779510498047,-71.3713073730469,381.421752929688,341.218780517578,-0.0548935420811176,-1.10876548290253,119.995597839355,57.423957824707,-2.33094263076782,-3.9542121887207,0.54181170463562,-0.242012277245522,70
738505.47341976419556885958,56.6049652099609,-1.60354888439178,9.25166797637939,0.0943301692605019,-0.00406796857714653,42.4779357910156,-71.3711853027344,381.071197509766,340.893585205078,-0.533254563808441,-0.691752552986145,119.878868103027,57.3784523010254,-2.21989250183105,-1.67911612987518,0.550040662288666,-0.244757860898972,70
738505.47342192102223634720,56.6058883666992,-1.64412868022919,9.11401462554932,0.0943301692605019,-0.00406796857714653,42.4779243469238,-71.3710556030273,380.723785400391,340.571075439453,-1.34504199028015,-0.616656482219696,119.703628540039,57.3584785461426,-2.13443398475647,1.28603565692902,0.558188021183014,-0.247422382235527,70
738505.47342402802314609289,56.5886688232422,-1.72934257984161,9.03459072113037,0.0943301692605019,-0.00406796857714653,42.4779090881348,-71.3709259033203,380.361236572266,340.233245849609,-0.548207819461823,-0.774627268314362,119.692504882812,57.3314208984375,-2.07312440872192,1.97731959819794,0.566209435462952,-0.250036120414734,70
738505.47342623292934149504,56.5223655700684,-1.76197946071625,9.04187679290771,0.0943301692605019,-0.00406796857714653,42.4778938293457,-71.3708038330078,379.985046386719,339.662445068359,0.897971868515015,-0.867994487285614,119.790832519531,57.268123626709,-2.03699612617493,0.108372174203396,0.573950231075287,-0.252603054046631,70
738505.47342841629870235920,56.4575729370117,-1.65087127685547,8.99185466766357,0.0943301692605019,-0.00406796857714653,42.4778785705566,-71.3706665039062,379.608154296875,338.850311279297,1.06016039848328,-1.12616896629333,119.730674743652,57.1929740905762,-2.01739001274109,-0.120548725128174,0.581706702709198,-0.255169719457626,70
738505.47343070013448596001,56.429874420166,-1.5370055437088,8.88466358184814,0.0943301692605019,-0.00406796857714653,42.4778633117676,-71.3705368041992,379.250427246094,338.049957275391,0.0668695867061615,-1.36625778675079,119.39875793457,57.145694732666,-1.99667036533356,0.96557879447937,0.589881300926208,-0.257717788219452,70
738505.47343291260767728090,56.4165725708008,-1.53548395633698,8.76453495025635,0.0943301692605019,-0.00406796857714653,42.4778480529785,-71.3703994750977,378.899475097656,337.253051757812,-0.290676683187485,-1.61151540279388,118.964637756348,57.1139602661133,-1.96728873252869,1.86676418781281,0.598596930503845,-0.260217607021332,70
738505.47343502985313534737,56.3705177307129,-1.51020574569702,8.70241165161133,0.0943301692605019,-0.00406796857714653,42.4778327941895,-71.3702774047852,378.571044921875,336.506134033203,-0.151792094111443,-1.85846793651581,118.719215393066,57.0582847595215,-1.93784868717194,0.605585753917694,0.607027053833008,-0.262489348649979,70
738505.47343719191849231720,56.3082809448242,-1.3054860830307,8.70237064361572,0.0943301692605019,-0.00406796857714653,42.4778213500977,-71.3701477050781,378.258209228516,335.76806640625,-0.993881344795227,-2.03081655502319,118.764297485352,56.9917373657227,-1.9053213596344,-2.65205359458923,0.615875959396362,-0.264742434024811,70
738505.47343948972411453724,56.2995719909668,-1.10216689109802,8.74919128417969,0.0943301692605019,-0.00406796857714653,42.4778060913086,-71.3700103759766,377.971862792969,335.031066894531,-2.94620752334595,-2.10144138336182,119.068542480469,56.9860076904297,-1.85196948051453,-6.43249988555908,0.626116752624512,-0.267071336507797,70
738505.47344196203630417585,56.3656578063965,-1.09728586673737,8.71895980834961,0.0943301692605019,-0.00406796857714653,42.4777870178223,-71.3698654174805,377.680511474609,334.244812011719,-3.71970248222351,-2.12498021125793,119.551048278809,57.046573638916,-1.76744759082794,-6.72685575485229,0.638588964939117,-0.269578874111176,70
738505.47344425914343446493,56.4273338317871,-1.21977198123932,8.54522037506104,0.0943301692605019,-0.00406796857714653,42.4777717590332,-71.3697280883789,377.395568847656,333.504943847656,-2.5694043636322,-2.22134757041931,119.983253479004,57.0837326049805,-1.68988287448883,-2.97464919090271,0.650535821914673,-0.271795719861984,70
738505.47344653448089957237,56.4584159851074,-1.22261166572571,8.32787895202637,0.0943301692605019,-0.00406796857714653,42.4777603149414,-71.3695907592773,377.099639892578,332.755615234375,-1.67067992687225,-2.24430751800537,120.310012817383,57.082405090332,-1.63215732574463,0.750155091285706,0.662277162075043,-0.273959785699844,70
738505.47344873950351029634,56.4618453979492,-1.04772770404816,8.23811817169189,0.0943301692605019,-0.00406796857714653,42.4777450561523,-71.3694610595703,376.829040527344,332.044311523438,-2.27579021453857,-1.71840846538544,120.551605224609,57.0692939758301,-1.58989191055298,0.10259522497654,0.673659384250641,-0.275990128517151,70
738505.47345092624891549349,56.4457969665527,-1.38006794452667,8.19133853912354,0.0943301692605019,-0.00406796857714653,42.4777297973633,-71.3693313598633,376.551055908203,331.331115722656,-1.59999883174896,-1.1327623128891,120.885246276855,57.0537528991699,-1.54999840259552,-0.454126060009003,0.685209214687347,-0.277912557125092,70
738505.47345323674380779266,56.430793762207,-1.28281986713409,7.9887752532959,0.0943301692605019,-0.00406796857714653,42.4777183532715,-71.3691940307617,376.234405517578,330.566680908203,-0.105707287788391,-0.699462175369263,121.188690185547,57.0079002380371,-1.53633987903595,3.71818923950195,0.696484982967377,-0.279807507991791,70
738505.47345533932093530893,56.4174499511719,-1.29275476932526,7.94718885421753,0.0943301692605019,-0.00406796857714653,42.4777030944824,-71.3690643310547,375.954620361328,329.859619140625,-1.27719056606293,-0.238245144486427,121.102432250977,56.9891014099121,-1.53213906288147,2.88800382614136,0.70714408159256,-0.281518369913101,70
738505.47345745773054659367,56.3572654724121,-1.62924659252167,8.0411491394043,0.0943301692605019,-0.00406796857714653,42.4776916503906,-71.3689422607422,375.630950927734,329.110687255859,-0.665815830230713,0.23138515651226,120.662803649902,56.9513473510742,-1.53760290145874,-0.973166167736053,0.71755576133728,-0.283133625984192,70
738505.47345964261330664158,56.248851776123,-1.56594741344452,8.07255935668945,0.0943301692605019,-0.00406796857714653,42.4776802062988,-71.3688125610352,375.272735595703,328.320465087891,0.109291598200798,0.626835107803345,120.188423156738,56.8467407226562,-1.5735160112381,-2.0762414932251,0.727173209190369,-0.28470116853714,70
738505.47346178104635328054,56.1696891784668,-1.38646411895752,8.05060291290283,0.0943301692605019,-0.00406796857714653,42.4776649475098,-71.3686828613281,374.954803466797,327.578094482422,-1.34414267539978,0.682101607322693,119.91764831543,56.7606239318848,-1.61398911476135,-1.45855724811554,0.736368775367737,-0.286183297634125,70
738505.47346392506733536720,56.1626358032227,-1.26115930080414,8.02640628814697,0.0943301692605019,-0.00406796857714653,42.477653503418,-71.3685607910156,374.665283203125,326.866760253906,-2.80322885513306,0.513674139976501,119.808883666992,56.7472953796387,-1.63560926914215,-0.768509387969971,0.745976388454437,-0.287613213062286,70
738505.47346608375664800406,56.1859321594238,-1.30228567123413,8.03413581848145,0.0943301692605019,-0.00406796857714653,42.4776382446289,-71.3684310913086,374.379577636719,326.261932373047,-3.19105362892151,0.319142639636993,119.689697265625,56.7723731994629,-1.63622272014618,-1.11590254306793,0.756284832954407,-0.28902542591095,70
738505.47346828738227486610,56.1917114257812,-1.40182518959045,8.05373954772949,0.0943301692605019,-0.00406796857714653,42.4776268005371,-71.3683013916016,374.076721191406,325.684417724609,-2.45748996734619,0.0329288505017757,119.425033569336,56.7832412719727,-1.63064563274384,-1.81411945819855,0.76675283908844,-0.290401965379715,70
738505.47347043035551905632,56.1784210205078,-1.37019693851471,8.02262401580811,0.0943301692605019,-0.00406796857714653,42.4776153564453,-71.3681716918945,373.7587890625,325.084533691406,-2.13559103012085,-0.248776733875275,119.066040039062,56.7649078369141,-1.6307784318924,-1.21097850799561,0.777310490608215,-0.291791439056396,70
738505.47347254375927150249,56.1788368225098,-1.23054122924805,7.88616561889648,0.0943301692605019,-0.00406796857714653,42.4776000976562,-71.368049621582,373.475341796875,324.529998779297,-2.77100205421448,-0.426606774330139,118.894317626953,56.7429962158203,-1.62896394729614,2.00711822509766,0.787543714046478,-0.293099284172058,70
738505.47347491607069969177,56.2008247375488,-1.25032699108124,7.68961429595947,0.0638851001858711,-0.00406796857714653,42.4775886535645,-71.3679046630859,373.170806884766,323.921264648438,-2.33128023147583,-0.61029976606369,119.114761352539,56.738224029541,-1.61331725120544,6.12532329559326,0.799505710601807,-0.294521868228912,70
738505.47347704821731895208,56.1747283935547,-1.45452010631561,7.62556648254395,0.0638851001858711,-0.00406796857714653,42.4775733947754,-71.3677825927734,372.876007080078,323.356567382812,-0.527231991291046,-0.691353321075439,119.450790405273,56.7085952758789,-1.59925651550293,6.04552555084229,0.810185015201569,-0.295746296644211,70
738505.47347930865362286568,56.0857887268066,-1.60877203941345,7.66941499710083,0.0348561443388462,-0.00406796857714653,42.4775619506836,-71.3676528930664,372.527679443359,322.72314453125,0.795704245567322,-0.633116960525513,119.485321044922,56.6305885314941,-1.60552680492401,2.76511240005493,0.82085120677948,-0.296982258558273,70
738505.47348161484114825726,56.0040245056152,-1.78882157802582,7.73776292800903,0.0348561443388462,-0.00406796857714653,42.4775505065918,-71.3675155639648,372.14013671875,322.043029785156,-0.200805366039276,-0.540387332439423,118.892051696777,56.5643310546875,-1.63893222808838,-0.61373370885849,0.830926477909088,-0.298193544149399,70
738505.47348378319293260574,55.9698944091797,-2.16886186599731,7.69777393341064,0.0348561443388462,-0.00406796857714653,42.4775352478027,-71.3673858642578,371.710083007812,321.328460693359,-1.16412377357483,-0.602295100688934,117.940643310547,56.5383834838867,-1.70070886611938,-0.144648537039757,0.839606106281281,-0.299326092004776,70
738505.47348597738891839981,55.9119720458984,-2.37688088417053,7.60664129257202,0.017995847389102,-0.00406796857714653,42.4775238037109,-71.3672561645508,371.220611572266,320.561645507812,-0.179099097847939,-0.851900994777679,117.194374084473,56.4770698547363,-1.80419266223907,1.21255242824554,0.846303045749664,-0.300397783517838,70
738505.47348810557741671801,55.8623085021973,-2.11881065368652,7.59610223770142,-0.0131165785714984,-0.00406796857714653,42.4775123596191,-71.3671340942383,370.761077880859,319.829040527344,-1.89960372447968,-1.03720760345459,116.823913574219,56.4161987304688,-1.92906546592712,-0.531620621681213,0.851637840270996,-0.301424086093903,70
738505.47349024692084640265,55.9132537841797,-2.3625020980835,7.5419020652771,-0.0580618977546692,-0.00406796857714653,42.4774971008301,-71.3670043945312,370.300994873047,319.373077392578,-4.2549262046814,-1.22096502780914,116.566268920898,56.469051361084,-2.03788042068481,-0.053705919533968,0.856990993022919,-0.302429914474487,70
738505.47349244391079992056,55.9580688476562,-2.73870539665222,7.40824413299561,-0.0580618977546692,-0.00406796857714653,42.4774856567383,-71.3668746948242,369.769958496094,319.124114990234,-3.97005581855774,-1.47324478626251,116.382827758789,56.5127258300781,-2.15030765533447,2.59728121757507,0.861482977867126,-0.303391396999359,70
738505.47349452984053641558,55.9820137023926,-2.65700793266296,7.37368679046631,-0.0580618977546692,-0.00406796857714653,42.4774742126465,-71.3667526245117,369.234008789062,318.864776611328,-4.83537006378174,-1.55002129077911,116.53987121582,56.528018951416,-2.27945113182068,1.35996568202972,0.864549100399017,-0.304291635751724,70
738505.47349672822747379541,56.0351943969727,-2.93074417114258,7.43273162841797,-0.0580618977546692,-0.00406796857714653,42.4774627685547,-71.3666229248047,368.654022216797,318.574157714844,-5.98185777664185,-1.3873587846756,117.081123352051,56.6019248962402,-2.41274857521057,-1.6350337266922,0.867039501667023,-0.305190473794937,70
738505.47349883138667792082,56.1077003479004,-3.31820940971375,7.49296045303345,-0.0580618977546692,-0.00406796857714653,42.4774513244629,-71.3665008544922,368.031616210938,318.231842041016,-5.67326068878174,-0.950384497642517,117.555381774902,56.7029876708984,-2.55211138725281,-3.44285154342651,0.868270635604858,-0.306015163660049,70
738505.47350086737424135208,56.1842498779297,-3.81111788749695,7.46257543563843,-0.0580618977546692,-0.00406796857714653,42.4774398803711,-71.3663787841797,367.339935302734,317.814666748047,-4.30532264709473,-0.30174595117569,117.592239379883,56.8056716918945,-2.71774482727051,-1.94154286384583,0.867635488510132,-0.306786864995956,70
738505.47350300720427185297,56.2510414123535,-4.22451782226562,7.34411859512329,-0.0580618977546692,-0.00406796857714653,42.4774284362793,-71.3662567138672,366.565124511719,317.314575195312,-3.14432287216187,-0.110097609460354,117.095413208008,56.8855171203613,-2.92654848098755,1.91661524772644,0.864559590816498,-0.307537436485291,70
738505.47350511234253644943,56.3068733215332,-4.52175617218018,7.21106767654419,-0.0580618977546692,-0.00406796857714653,42.4774169921875,-71.3661270141602,365.711547851562,316.741485595703,-3.58292269706726,-0.339158594608307,116.22834777832,56.9465522766113,-3.17989253997803,5.18055248260498,0.858837962150574,-0.308275401592255,70
738505.47350728267338126898,56.359016418457,-4.80570316314697,7.19192171096802,-0.0580618977546692,-0.00406796857714653,42.4774055480957,-71.3660049438477,364.809661865234,316.119110107422,-5.01223039627075,-0.580296397209167,115.373626708984,57.0189170837402,-3.45630717277527,4.24955940246582,0.850869417190552,-0.308968782424927,70
738505.47350949700921773911,56.3896484375,-5.27660512924194,7.2817530632019,-0.0580618977546692,-0.00406796857714653,42.4773941040039,-71.3658676147461,363.778747558594,315.38525390625,-5.3190336227417,-0.784043729305267,114.800163269043,57.102180480957,-3.76640295982361,0.347275823354721,0.840064883232117,-0.309657424688339,70
738505.47351173253264278173,56.443977355957,-5.5126748085022,7.31075048446655,-0.0580618977546692,-0.00406796857714653,42.4773788452148,-71.3657379150391,362.672058105469,314.576385498047,-4.78492593765259,-0.974471151828766,114.582733154297,57.1818084716797,-4.09668445587158,-0.890663087368011,0.826516211032867,-0.310298204421997,70
738505.47351393813733011484,56.565242767334,-5.60548543930054,7.21730613708496,-0.0580618977546692,-0.00406796857714653,42.477367401123,-71.365608215332,361.587524414062,313.778076171875,-6.28930807113647,-1.22322595119476,114.548667907715,57.2986717224121,-4.4120979309082,1.50968110561371,0.811497926712036,-0.310871779918671,70
738505.47351623210124671459,56.730598449707,-5.9844856262207,7.15860366821289,-0.0580618977546692,-0.00406796857714653,42.4773559570312,-71.3654708862305,360.369384765625,312.869903564453,-7.91787767410278,-1.56596183776855,114.564010620117,57.4927864074707,-4.73277854919434,2.33104753494263,0.793702721595764,-0.311456024646759,70
738505.47351856110617518425,56.8404312133789,-6.40093564987183,7.22264242172241,-0.0580618977546692,-0.00406796857714653,42.4773445129395,-71.3653259277344,359.017364501953,311.838562011719,-7.30540752410889,-1.8530148267746,114.648338317871,57.6539077758789,-5.06064319610596,-0.888929069042206,0.772968649864197,-0.312022119760513,70
738505.47352090501226484776,56.9472198486328,-6.5816330909729,7.27700185775757,-0.0580618977546692,-0.00406796857714653,42.4773292541504,-71.3651885986328,357.663482666016,310.794311523438,-7.37862968444824,-1.92463648319244,114.923866271973,57.786319732666,-5.37957382202148,-3.37161302566528,0.750474750995636,-0.312520653009415,70
738505.47352322156075388193,57.0899047851562,-6.70175981521606,7.30032634735107,-0.0580618977546692,-0.00406796857714653,42.4773178100586,-71.3650512695312,356.287628173828,309.726409912109,-8.34046459197998,-1.66101253032684,115.446907043457,57.9436416625977,-5.6836404800415,-4.36162710189819,0.726289451122284,-0.312984526157379,70
738505.47352542937733232975,57.2887496948242,-6.82028770446777,7.29122686386108,-0.0580618977546692,-0.00406796857714653,42.4773063659668,-71.3649139404297,354.907653808594,308.6513671875,-9.53790378570557,-0.545748710632324,116.182388305664,58.1522064208984,-5.9591236114502,-3.59547829627991,0.701089262962341,-0.313415288925171,70
738505.47352747409604489803,57.4926300048828,-7.01379108428955,7.26724720001221,-0.0580618977546692,-0.00406796857714653,42.477294921875,-71.3647842407227,353.628051757812,307.649505615234,-9.80314159393311,0.492918998003006,116.890121459961,58.3730163574219,-6.18505191802979,-1.71153879165649,0.677263677120209,-0.313792943954468,70
738505.47352968901395797729,57.6855812072754,-7.31282091140747,7.26760101318359,-0.0310318414121866,-0.00406796857714653,42.4772834777832,-71.3646545410156,352.226013183594,306.542114257812,-8.81881809234619,1.00060725212097,117.417724609375,58.5996742248535,-6.41053104400635,-0.198203459382057,0.650849461555481,-0.314186632633209,70
738505.47353181184735149145,57.8510780334473,-7.60355806350708,7.30285882949829,0.0101272081956267,-0.00406796857714653,42.4772720336914,-71.3645248413086,350.804992675781,305.401092529297,-7.29376649856567,1.25367629528046,117.483039855957,58.8038558959961,-6.62978744506836,0.431771278381348,0.623493254184723,-0.314547777175903,70
738505.47353392792865633965,57.9973487854004,-7.74615526199341,7.35816287994385,0.0373669117689133,-0.00406796857714653,42.4772605895996,-71.3643951416016,349.370574951172,304.201477050781,-6.22606134414673,1.42182433605194,117.013298034668,58.9731979370117,-6.84987545013428,0.669607520103455,0.594979584217072,-0.314885437488556,70
738505.47353604040108621120,58.1159400939941,-7.77694177627563,7.440833568573,0.048911090940237,-0.00406796857714653,42.4772453308105,-71.3642654418945,347.853240966797,302.930725097656,-5.77733898162842,1.40335357189178,116.246780395508,59.1042213439941,-7.0754508972168,0.0617350488901138,0.563696146011353,-0.315227150917053,70
738505.47353815613314509392,58.1916313171387,-7.75009870529175,7.52049732208252,0.048911090940237,-0.00406796857714653,42.4772338867188,-71.3641357421875,346.402313232422,301.716003417969,-4.93053913116455,1.24678325653076,115.708160400391,59.1851997375488,-7.27027940750122,-0.810425043106079,0.532999277114868,-0.315547853708267,70
738505.47354027174878865480,58.240291595459,-7.61374235153198,7.58729314804077,0.048911090940237,-0.00406796857714653,42.477222442627,-71.3640060424805,344.971588134766,300.520843505859,-3.97012996673584,0.510137796401978,115.600471496582,59.223876953125,-7.43285036087036,-1.70216166973114,0.502149641513824,-0.315875828266144,70
738505.47354247770272195339,58.3061180114746,-7.30439710617065,7.64910221099854,0.048911090940237,-0.00406796857714653,42.4772109985352,-71.3638687133789,343.481842041016,299.284088134766,-4.34158039093018,-0.477210283279419,115.864669799805,59.2576293945312,-7.55751705169678,-3.15906596183777,0.469448208808899,-0.316244542598724,70
738505.47354468377307057381,58.4685897827148,-7.03022956848145,7.65920734405518,0.048911090940237,-0.00406796857714653,42.4771995544434,-71.3637390136719,342.077178955078,298.130310058594,-6.74000263214111,-0.892080307006836,116.146995544434,59.3857192993164,-7.6110258102417,-3.32979583740234,0.438451409339905,-0.316631436347961,70
738505.47354685666505247355,58.6091537475586,-7.45116281509399,7.51653623580933,0.048911090940237,-0.00406796857714653,42.4771842956543,-71.3636016845703,340.666137695312,296.966156005859,-6.39395570755005,-1.04223155975342,116.18278503418,59.5571250915527,-7.61227321624756,0.762883722782135,0.409133911132812,-0.317042380571365,70
738505.47354897065088152885,58.7466354370117,-7.37043237686157,7.40765190124512,0.048911090940237,-0.00406796857714653,42.4771728515625,-71.3634719848633,339.276397705078,295.814239501953,-5.21519327163696,-1.11887764930725,116.116691589355,59.6687850952148,-7.61852169036865,3.10506439208984,0.380367785692215,-0.317451536655426,70
738505.47355109697673469782,58.8674125671387,-7.29214000701904,7.47820425033569,0.048911090940237,-0.00406796857714653,42.4771614074707,-71.3633422851562,337.861755371094,294.646820068359,-6.13871335983276,-0.850363433361053,116.04443359375,59.7868804931641,-7.62312030792236,-0.0597747899591923,0.350356608629227,-0.317877948284149,70
738505.47355328127741813660,58.9736328125,-7.50406455993652,7.58418846130371,0.048911090940237,-0.00406796857714653,42.4771499633789,-71.3632049560547,336.428802490234,293.461273193359,-5.69777584075928,-0.335246622562408,115.842727661133,59.930965423584,-7.62298345565796,-3.1125123500824,0.320382088422775,-0.318286180496216,70
738505.47355549596250057220,59.0909385681152,-7.45858526229858,7.54791021347046,0.048911090940237,-0.00406796857714653,42.4771385192871,-71.3630676269531,334.949798583984,292.234344482422,-4.61055326461792,-0.398721188306808,115.500930786133,60.0361595153809,-7.63689994812012,-1.43921613693237,0.289242625236511,-0.318700522184372,70
738505.47355785337276756763,59.2228660583496,-7.19797372817993,7.466628074646,0.048911090940237,-0.00406796857714653,42.477123260498,-71.362922668457,333.404418945312,290.959655761719,-5.50567770004272,-0.628117561340332,115.236297607422,60.1241149902344,-7.65107297897339,0.5857834815979,0.255722343921661,-0.319142282009125,70
738505.47356021252926439047,59.3666000366211,-7.02580547332764,7.46581792831421,0.0543736293911934,-0.00406796857714653,42.4771118164062,-71.3627777099609,331.895355224609,289.724639892578,-6.33567953109741,-0.751389980316162,115.427131652832,60.2452812194824,-7.63421440124512,-0.378028362989426,0.222838595509529,-0.319579362869263,70
738505.47356258158106356859,59.4924812316895,-6.88627624511719,7.50201845169067,0.0850905030965805,-0.00406796857714653,42.4770965576172,-71.3626327514648,330.447509765625,288.544006347656,-5.05702638626099,-0.776725649833679,115.980194091797,60.357738494873,-7.58772802352905,-1.94325065612793,0.191900596022606,-0.319984972476959,70
738505.47356479964219033718,59.6252708435059,-6.54363632202148,7.45258378982544,0.097254678606987,-0.00406796857714653,42.4770851135254,-71.3624877929688,329.085388183594,287.442840576172,-4.58526611328125,-0.859537184238434,116.491050720215,60.4444618225098,-7.51763343811035,-0.888291895389557,0.162800401449203,-0.320352882146835,70
738505.47356698045041412115,59.7808265686035,-6.24466276168823,7.34201288223267,0.097254678606987,-0.00406796857714653,42.4770736694336,-71.3623504638672,327.827392578125,286.394256591797,-5.6772084236145,-0.847671270370483,116.820625305176,60.5528564453125,-7.41169214248657,1.38976573944092,0.136152848601341,-0.320689707994461,70
738505.47356914565898478031,59.9523887634277,-6.00890016555786,7.27138185501099,0.097254678606987,-0.00406796857714653,42.4770622253418,-71.3622131347656,326.626831054688,284.713195800781,-6.22058439254761,-0.47263902425766,117.072998046875,60.68994140625,-7.27089071273804,2.31768894195557,0.111623279750347,-0.320999026298523,70
738505.47357139200903475285,60.1048469543457,-5.8047456741333,7.24911117553711,0.097254678606987,-0.00406796857714653,42.4770469665527,-71.3620758056641,325.439788818359,283.032287597656,-5.83779001235962,0.166097790002823,117.378852844238,60.8180656433105,-7.10029363632202,2.1367359161377,0.0882501751184464,-0.321267068386078,70
738505.47357370355166494846,60.2046775817871,-5.55899572372437,7.30065536499023,0.097254678606987,-0.00406796857714653,42.4770355224609,-71.3619232177734,324.249633789062,281.328643798828,-4.41407012939453,1.06683599948883,117.813064575195,60.899959564209,-6.9062647819519,0.659874320030212,0.0656850785017014,-0.321489274501801,70
738505.47357590135652571917,60.2734565734863,-5.04299688339233,7.40311622619629,0.097254678606987,-0.00406796857714653,42.4770240783691,-71.3617858886719,323.178527832031,279.763000488281,-3.37042570114136,1.80942249298096,118.272575378418,60.9354400634766,-6.70332622528076,-0.742139339447021,0.0457868203520775,-0.321651428937912,70
738505.47357822593767195940,60.372875213623,-4.39927864074707,7.4973316192627,0.097254678606987,-0.00406796857714653,42.4770126342773,-71.3616409301758,322.19775390625,278.273376464844,-3.68181586265564,2.22785544395447,118.600357055664,60.9954719543457,-6.45229911804199,-0.460571587085724,0.0282723922282457,-0.32178995013237,70
738505.47358040255494415760,60.4774894714355,-4.10140895843506,7.5665979385376,0.097254678606987,-0.00406796857714653,42.4769973754883,-71.3615036010742,321.337341308594,276.920745849609,-3.37339496612549,2.26218605041504,118.551574707031,61.0868377685547,-6.15824842453003,0.428432077169418,0.0148996552452445,-0.321911603212357,70
738505.47358274797443300486,60.5202598571777,-3.97501420974731,7.61123514175415,0.126991242170334,-0.00406796857714653,42.4769859313965,-71.3613510131836,320.488861083984,275.563690185547,-1.37679004669189,2.143883228302,118.058372497559,61.1263732910156,-5.82834386825562,1.4573712348938,0.00400086073204875,-0.322034806013107,70
738505.47358508338220417500,60.4420967102051,-3.64445662498474,7.66063737869263,0.158250495791435,-0.00406796857714653,42.4769706726074,-71.361198425293,319.630737304688,274.166473388672,1.28524160385132,2.04572582244873,117.342391967773,61.0345344543457,-5.48498916625977,1.67186570167542,-0.00539763178676367,-0.322181463241577,70
738505.47358739667106419802,60.2666053771973,-2.97294926643372,7.72388029098511,0.158250495791435,-0.00406796857714653,42.4769592285156,-71.3610534667969,318.928680419922,272.959899902344,2.06041860580444,1.96457982063293,116.952590942383,60.8322334289551,-5.16391229629517,0.872250080108643,-0.0118575217202306,-0.32234188914299,70
738505.47358972055371850729,60.0776405334473,-2.11742925643921,7.76576852798462,0.158250495791435,-0.00406796857714653,42.4769439697266,-71.3609085083008,318.361877441406,271.870178222656,1.49562561511993,1.82013428211212,117.160743713379,60.6144676208496,-4.78778600692749,0.650807321071625,-0.0145277185365558,-0.322544127702713,70
738505.47359204839449375868,59.9284973144531,-1.46839010715485,7.75666856765747,0.158250495791435,-0.00406796857714653,42.4769325256348,-71.3607559204102,317.955993652344,270.948516845703,1.4528501033783,1.54653429985046,117.957374572754,60.446231842041,-4.34700870513916,1.40241873264313,-0.0118504539132118,-0.322791367769241,70
738505.47359441232401877642,59.8108978271484,-0.936268270015717,7.751220703125,0.158250495791435,-0.00406796857714653,42.4769172668457,-71.3606109619141,317.667877197266,270.155578613281,1.46470129489899,1.3316011428833,118.731292724609,60.3183364868164,-3.86305904388428,1.73395276069641,-0.00425229640677571,-0.323078572750092,70
738505.47359690209850668907,59.7246131896973,-0.47234234213829,7.7696099281311,0.158250495791435,-0.00406796857714653,42.4769020080566,-71.3604583740234,317.466644287109,269.402740478516,-0.103626824915409,1.27952468395233,118.94856262207,60.2297248840332,-3.29996299743652,1.43295121192932,0.00912144780158997,-0.323442935943604,70
738505.47359921131283044815,59.6373519897461,-0.324361652135849,7.79994964599609,0.158250495791435,-0.00406796857714653,42.4768905639648,-71.3603057861328,317.331512451172,268.744354248047,0.0350659266114235,1.27820730209351,118.775619506836,60.1461410522461,-2.76935124397278,0.881029605865479,0.0258336625993252,-0.323834985494614,70
738505.47360153170302510262,59.4747123718262,-0.0247235223650932,7.79038524627686,0.158250495791435,-0.00406796857714653,42.4768753051758,-71.3601531982422,317.2373046875,268.127716064453,2.05319571495056,1.20960927009583,118.809524536133,59.9827690124512,-2.280597448349,1.30656218528748,0.0450878590345383,-0.324266612529755,70
738505.47360377409495413303,59.2815208435059,0.589650630950928,7.76533555984497,0.158250495791435,-0.00406796857714653,42.476863861084,-71.3600234985352,317.243041992188,267.920471191406,2.39039373397827,1.14703571796417,119.175468444824,59.7908592224121,-1.86624455451965,1.61211752891541,0.0650174617767334,-0.324693977832794,70
738505.47360603825654834509,59.1080055236816,0.859849274158478,7.87877750396729,0.158250495791435,-0.00406796857714653,42.4768486022949,-71.3598709106445,317.348419189453,268.685546875,1.86044871807098,1.07375609874725,119.533889770508,59.6369934082031,-1.41760170459747,-2.30137181282043,0.090146541595459,-0.325191557407379,70
738505.47360809985548257828,58.9430923461914,1.01526570320129,7.9473991394043,0.158250495791435,-0.00406796857714653,42.4768371582031,-71.3597412109375,317.464233398438,269.379852294922,3.05637454986572,0.879830837249756,119.520469665527,59.4851226806641,-1.04125475883484,-4.28449726104736,0.114631399512291,-0.325666785240173,70
738505.47361024282872676849,58.7693862915039,1.48761749267578,7.8541316986084,0.158250495791435,-0.00406796857714653,42.4768257141113,-71.359619140625,317.638305664062,270.122619628906,2.96688437461853,0.0304124858230352,119.34774017334,59.3105506896973,-0.693521797657013,-1.99227690696716,0.140537947416306,-0.326178699731827,70
738505.47361238149460405111,58.6656875610352,1.94652283191681,7.67065477371216,0.158250495791435,-0.00406796857714653,42.4768104553223,-71.3594818115234,317.9189453125,271.003845214844,1.37916648387909,-1.33002269268036,119.211303710938,59.1970520019531,-0.325249224901199,1.18692433834076,0.170766979455948,-0.326764971017838,70
738505.47361456544604152441,58.6145629882812,2.18611764907837,7.53905153274536,0.158250495791435,-0.00406796857714653,42.4767990112305,-71.3593444824219,318.270263671875,271.973907470703,1.06764221191406,-2.59476256370544,119.055076599121,59.1378326416016,0.0609544590115547,1.3435240983963,0.20520955324173,-0.327400863170624,70
738505.47361677710432559252,58.5674171447754,2.30086922645569,7.42836332321167,0.158250495791435,-0.00406796857714653,42.4767875671387,-71.3592147827148,318.642181396484,272.941345214844,1.59857821464539,-3.4799337387085,118.68497467041,59.0814437866211,0.420852959156036,0.342641592025757,0.240856185555458,-0.328013747930527,70
738505.47361898003146052361,58.5130348205566,2.33178877830505,7.30503225326538,0.158250495791435,-0.00406796857714653,42.4767761230469,-71.3590774536133,319.032379150391,273.935180664062,2.02779579162598,-4.6009578704834,117.953521728516,59.013355255127,0.755612730979919,-0.793973088264465,0.278740108013153,-0.328607052564621,70
738505.47362121520563960075,58.467098236084,2.33636546134949,7.13655567169189,0.158250495791435,-0.00406796857714653,42.4767608642578,-71.3589401245117,319.432739257812,274.948913574219,1.48122096061707,-5.83385562896729,116.890289306641,58.9473533630371,1.04995715618134,-1.46378374099731,0.318343698978424,-0.329173684120178,70
738505.47362359717953950167,58.4508323669434,2.26887774467468,6.91036653518677,0.158250495791435,-0.00406796857714653,42.476749420166,-71.3587951660156,319.848175048828,276.006805419922,0.414517760276794,-7.04220151901245,115.72590637207,58.9016189575195,1.30250358581543,-1.47197425365448,0.360548615455627,-0.329706937074661,70
738505.47362602723296731710,58.4417152404785,2.18443942070007,6.6105842590332,0.158250495791435,-0.00406796857714653,42.4767379760742,-71.358642578125,320.267791748047,277.105438232422,0.433412492275238,-8.11160659790039,114.883354187012,58.8549537658691,1.50196540355682,-0.891183614730835,0.405369430780411,-0.330164849758148,70
738505.47362820594571530819,58.4146041870117,2.03761172294617,6.34636259078979,0.158250495791435,-0.00406796857714653,42.4767265319824,-71.358512878418,320.602569580078,278.013580322266,1.38556325435638,-8.91919994354248,114.668067932129,58.7936553955078,1.61713230609894,-0.886632978916168,0.443121194839478,-0.330431282520294,70
738505.47363037138711661100,58.3696479797363,2.00793790817261,6.10335445404053,0.158250495791435,-0.00406796857714653,42.4767189025879,-71.3583755493164,320.938629150391,278.947052001953,1.65407073497772,-9.62837791442871,114.68741607666,58.7222137451172,1.68958365917206,-3.03404474258423,0.482116281986237,-0.330561280250549,70
738505.47363260854035615921,58.3598022460938,1.94017314910889,5.83594512939453,0.158250495791435,-0.00406796857714653,42.4767074584961,-71.3582382202148,321.259307861328,279.769256591797,0.946958303451538,-9.90554904937744,114.622787475586,58.6829528808594,1.72675263881683,-4.0333194732666,0.519831299781799,-0.330513954162598,70
738505.47363479109480977058,58.3661231994629,1.74881279468536,5.49337482452393,0.158250495791435,-0.00406796857714653,42.4766998291016,-71.3581008911133,321.563781738281,279.532104492188,1.04342401027679,-9.94185161590576,114.385627746582,58.650146484375,1.73671674728394,-2.52124810218811,0.558270871639252,-0.330262184143066,70
738505.47363703115843236446,58.322135925293,1.61176562309265,5.12562131881714,0.158250495791435,-0.00406796857714653,42.4766883850098,-71.3579635620117,321.829772949219,279.250152587891,2.53713512420654,-10.0336771011353,114.172218322754,58.5691146850586,1.71407246589661,-1.12895822525024,0.595431387424469,-0.329784452915192,70
738505.47363907517865300179,58.2159996032715,1.77459001541138,4.83440542221069,0.158250495791435,-0.00406796857714653,42.4766807556152,-71.3578338623047,322.087371826172,278.990600585938,3.24725937843323,-10.0508737564087,114.168106079102,58.4433326721191,1.67132663726807,-3.60619330406189,0.630124509334564,-0.329098016023636,70
738505.47364131337963044643,58.1245307922363,1.88346266746521,4.57133340835571,0.158250495791435,-0.00406796857714653,42.4766731262207,-71.3577041625977,322.387512207031,278.759216308594,2.74276614189148,-10.0529918670654,114.302238464355,58.3344268798828,1.6351330280304,-6.35683584213257,0.666339576244354,-0.328115046024323,70
738505.47364348871633410454,58.0620384216309,1.73795533180237,4.18698120117188,0.158250495791435,-0.00406796857714653,42.4766654968262,-71.3575668334961,322.681976318359,278.518707275391,3.59683680534363,-10.2557992935181,114.360366821289,58.2387466430664,1.61338198184967,-4.06505966186523,0.703602492809296,-0.326822489500046,70
738505.47364559816196560860,57.9624366760254,1.724036693573,3.69174981117249,0.158250495791435,-0.00406796857714653,42.4766616821289,-71.3574371337891,322.944000244141,278.279113769531,4.69016551971436,-10.5710382461548,114.242744445801,58.10546875,1.59080541133881,-0.0112011982128024,0.738796889781952,-0.325309455394745,70
738505.47364778653718531132,57.8324851989746,1.8623298406601,3.19840359687805,0.158250495791435,-0.00406796857714653,42.4766540527344,-71.357307434082,323.230133056641,278.055847167969,3.77228689193726,-10.8226928710938,114.069625854492,57.9507942199707,1.56870889663696,1.40380799770355,0.775010824203491,-0.323427200317383,70
738505.47365000424906611443,57.7511558532715,1.87912607192993,2.82583951950073,0.13539020717144,-0.00406796857714653,42.4766502380371,-71.357177734375,323.543731689453,277.854675292969,1.76036024093628,-11.0259046554565,114.025833129883,57.8507766723633,1.56176698207855,-0.431959301233292,0.812595427036285,-0.321125596761703,70
738505.47365222568623721600,57.7107734680176,1.55723428726196,2.5223970413208,0.106794692575932,-0.00406796857714653,42.4766464233398,-71.3570404052734,323.826568603516,277.616149902344,1.34151613712311,-11.2267503738403,114.084442138672,57.7868576049805,1.55966484546661,-1.73649632930756,0.851183116436005,-0.318350911140442,70
738505.47365430847276002169,57.6736793518066,1.26224601268768,2.187992811203,0.085170216858387,-0.00406796857714653,42.4766426086426,-71.3569107055664,324.031066894531,277.338317871094,1.46778833866119,-11.372504234314,114.130813598633,57.7289695739746,1.53162920475006,-1.15719962120056,0.886150062084198,-0.315385013818741,70
738505.47365653421729803085,57.6469879150391,0.960022926330566,1.84545457363129,0.085170216858387,-0.00406796857714653,42.4766387939453,-71.3567810058594,324.188568115234,277.002197265625,0.413298726081848,-11.4480476379395,114.077354431152,57.6845092773438,1.46256160736084,-0.874758899211884,0.92061573266983,-0.311905026435852,70
738505.47365869546774774790,57.635009765625,0.470879733562469,1.59196603298187,0.085170216858387,-0.00406796857714653,42.4766387939453,-71.3566436767578,324.273162841797,276.611022949219,-0.516714632511139,-11.4889154434204,113.949058532715,57.6589164733887,1.34770786762238,-2.17192554473877,0.953258156776428,-0.307984620332718,70
738505.47366088198032230139,57.582218170166,-0.0382579639554024,1.34921634197235,0.085170216858387,-0.00406796857714653,42.476634979248,-71.3565139770508,324.25537109375,276.418060302734,0.568718194961548,-11.6154947280884,113.940544128418,57.5980339050293,1.17292356491089,-3.40704965591431,0.983044624328613,-0.303630918264389,70
738505.47366304544266313314,57.4867858886719,-0.247026115655899,1.00882256031036,0.085170216858387,-0.00406796857714653,42.476634979248,-71.3563842773438,324.172607421875,276.1689453125,1.63264238834381,-11.7747163772583,114.230735778809,57.496166229248,0.947846651077271,-3.21755361557007,1.00877213478088,-0.299023389816284,70
738505.47366526827681809664,57.4063491821289,-0.289966136217117,0.525776386260986,0.085170216858387,-0.00406796857714653,42.476634979248,-71.3562469482422,324.070129394531,275.897094726562,0.794783711433411,-11.8948945999146,114.866638183594,57.4094886779785,0.686340510845184,-0.922978699207306,1.03344905376434,-0.293751955032349,70
738505.47366733720991760492,57.3865089416504,-0.506260275840759,0.112197563052177,0.085170216858387,-0.00406796857714653,42.476634979248,-71.3561172485352,323.95263671875,275.627380371094,0.265621870756149,-11.9485712051392,115.522789001465,57.3888549804688,0.450422435998917,0.808562219142914,1.05514168739319,-0.288484454154968,70
738505.47366943955421447754,57.3433952331543,-0.810388922691345,-0.208808094263077,0.085170216858387,-0.00406796857714653,42.476634979248,-71.3559951782227,323.783111572266,275.310913085938,1.5257785320282,-12.0040721893311,115.985450744629,57.3495025634766,0.221128344535828,0.317117840051651,1.07526922225952,-0.282866090536118,70
738505.47367162746377289295,57.2357978820801,-0.871619045734406,-0.555978000164032,0.085170216858387,-0.00406796857714653,42.476634979248,-71.3558654785156,323.569946289062,274.947479248047,2.47381258010864,-12.0418767929077,116.233909606934,57.2451324462891,-0.0213162563741207,-1.51234686374664,1.09462666511536,-0.276516526937485,70
738505.47367380489595234394,57.1224708557129,-0.830032646656036,-0.953228890895844,0.085170216858387,-0.00406796857714653,42.476634979248,-71.3557357788086,323.359405517578,274.590942382812,1.6376211643219,-12.0805330276489,116.445953369141,57.1364517211914,-0.247311964631081,-2.4645619392395,1.11293244361877,-0.269701212644577,70
738505.47367590339854359627,57.0495986938477,-0.776523888111115,-1.39691281318665,0.085170216858387,-0.00406796857714653,42.4766387939453,-71.3556060791016,323.165100097656,274.259826660156,0.594792068004608,-12.1919679641724,116.792129516602,57.0719833374023,-0.432835787534714,-1.79965269565582,1.13042962551117,-0.262653023004532,70
738505.47367817035410553217,56.9972343444824,-0.834536671638489,-1.88304698467255,0.085170216858387,-0.00406796857714653,42.4766426086426,-71.35546875,322.957061767578,273.911987304688,0.566292941570282,-12.4001188278198,117.32787322998,57.0344390869141,-0.589562654495239,-0.343481838703156,1.14912915229797,-0.254608064889908,70
738505.47368023823946714401,56.9441108703613,-0.931283712387085,-2.29376530647278,0.085170216858387,-0.00406796857714653,42.4766464233398,-71.355339050293,322.747161865234,273.577453613281,1.24236476421356,-12.6171970367432,117.792167663574,56.9978981018066,-0.707522094249725,-0.303587049245834,1.16630864143372,-0.246715903282166,70
738505.47368240798823535442,56.8848648071289,-0.979840695858002,-2.64581251144409,0.085170216858387,-0.00406796857714653,42.4766502380371,-71.3552169799805,322.521606445312,273.231018066406,1.16024577617645,-12.7871923446655,117.974555969238,56.9547920227051,-0.811237931251526,-2.51896095275879,1.1831681728363,-0.238278672099113,70
738505.47368464083410799503,56.8574867248535,-1.03060495853424,-3.00773453712463,0.085170216858387,-0.00406796857714653,42.4766578674316,-71.3550796508789,322.281677246094,272.869445800781,-0.414577722549438,-12.9359703063965,117.709045410156,56.9463119506836,-0.905625283718109,-4.69913625717163,1.20035135746002,-0.228949770331383,70
738505.47368721489328891039,56.8683586120605,-1.21888959407806,-3.3862624168396,0.085170216858387,-0.00406796857714653,42.4766616821289,-71.3549499511719,322.022033691406,272.749847412109,-1.85204470157623,-13.1014699935913,117.081161499023,56.9821243286133,-0.989006102085114,-4.92732763290405,1.21663916110992,-0.219380080699921,70
738505.47368944936897605658,56.8786506652832,-1.57043921947479,-3.92386412620544,0.085170216858387,-0.00406796857714653,42.4766693115234,-71.3547897338867,321.624938964844,273.288360595703,-2.3244104385376,-13.35120677948,116.116653442383,57.0354614257812,-1.10839009284973,-3.1014518737793,1.23583006858826,-0.206310302019119,70
738505.47369165671989321709,56.8762474060059,-1.8160674571991,-4.36596965789795,0.085170216858387,-0.00406796857714653,42.476676940918,-71.3546524047852,321.241577148438,273.6689453125,-2.26437735557556,-13.5486268997192,115.458236694336,57.0724754333496,-1.23141729831696,-2.34865546226501,1.24947082996368,-0.195289686322212,70
738505.47369395638816058636,56.8930778503418,-1.98504829406738,-4.75696039199829,0.085170216858387,-0.00406796857714653,42.4766883850098,-71.3545150756836,320.809631347656,274.021301269531,-3.07803702354431,-13.415867805481,114.921813964844,57.1260986328125,-1.3820561170578,-4.15641689300537,1.26153290271759,-0.183345124125481,70
738505.47369609016459435225,56.9601783752441,-2.18682503700256,-5.0133204460144,0.085170216858387,-0.00406796857714653,42.4766960144043,-71.3543853759766,320.379089355469,274.322814941406,-4.4784197807312,-12.2349634170532,114.399276733398,57.2221755981445,-1.53389739990234,-7.86409854888916,1.27128779888153,-0.171736031770706,70
738505.47369833989068865776,57.0128173828125,-2.74875426292419,-5.28760814666748,0.085170216858387,-0.00406796857714653,42.4767036437988,-71.354248046875,319.830169677734,274.552368164062,-3.89975190162659,-9.54621410369873,113.574882507324,57.3234329223633,-1.71537125110626,-7.65640354156494,1.27964448928833,-0.158804535865784,70
738505.47370064607821404934,57.0463790893555,-2.80477118492126,-5.6829080581665,0.085170216858387,-0.00406796857714653,42.4767150878906,-71.354118347168,319.242584228516,274.726470947266,-4.35474681854248,-6.05021619796753,112.740188598633,57.3973121643066,-1.92890334129333,-4.21490001678467,1.2849372625351,-0.145671769976616,70
738505.47370293491985648870,57.1152458190918,-3.04865384101868,-5.82868671417236,0.085170216858387,-0.00406796857714653,42.4767265319824,-71.3539733886719,318.598327636719,274.891937255859,-5.55837345123291,-2.42542672157288,112.227424621582,57.4927749633789,-2.16202878952026,-5.30908393859863,1.28862738609314,-0.131141245365143,70
738505.47370517998933792114,57.1797180175781,-3.42790508270264,-5.89853286743164,0.085170216858387,-0.00406796857714653,42.4767379760742,-71.3538436889648,317.923156738281,274.978179931641,-4.23076057434082,0.123437814414501,111.998756408691,57.5852699279785,-2.38553595542908,-4.70541000366211,1.29016160964966,-0.117055013775826,70
738505.47370735194999724627,57.2335929870605,-3.48861956596375,-6.04306602478027,0.085170216858387,-0.00406796857714653,42.4767456054688,-71.3537139892578,317.211975097656,274.645965576172,-3.72966504096985,-0.255181610584259,111.695373535156,57.6573753356934,-2.61994576454163,-0.698580324649811,1.28938436508179,-0.102682814002037,70
738505.47370950120966881514,57.2974662780762,-3.54590344429016,-6.17816877365112,0.085170216858387,-0.00406796857714653,42.4767570495605,-71.3535842895508,316.507690429688,273.902038574219,-5.23095321655273,-0.517379939556122,111.327156066895,57.7385749816895,-2.84252858161926,1.74543845653534,1.28723096847534,-0.0880760550498962,70
738505.47371165070217102766,57.3606796264648,-3.7475163936615,-6.22546768188477,0.085170216858387,-0.00406796857714653,42.4767684936523,-71.3534469604492,315.772064208984,273.126342773438,-5.47239398956299,-0.635786473751068,111.176467895508,57.8190956115723,-3.04680347442627,1.25628125667572,1.2841192483902,-0.073013074696064,70
738505.47371372370980679989,57.3951110839844,-3.86842775344849,-6.21490955352783,0.085170216858387,-0.00406796857714653,42.4767799377441,-71.3533248901367,315.055877685547,272.372711181641,-4.11140489578247,-0.65058034658432,111.415161132812,57.8600769042969,-3.22674918174744,-0.261235445737839,1.28009855747223,-0.0587163753807545,70
738505.47371593827847391367,57.4212684631348,-3.77314352989197,-6.24535608291626,0.085170216858387,-0.00406796857714653,42.4767913818359,-71.3531951904297,314.268615722656,271.544311523438,-3.32976531982422,-0.664732038974762,112.016624450684,57.8830108642578,-3.41048002243042,-0.299469262361526,1.27466595172882,-0.0425988547503948,70
738505.47371801733970642090,57.4646835327148,-3.66118359565735,-6.35581636428833,0.085170216858387,-0.00406796857714653,42.4767990112305,-71.3530654907227,313.549285888672,270.785919189453,-4.1340126991272,-0.702541887760162,112.63459777832,57.9309120178223,-3.55174136161804,1.82809293270111,1.26942503452301,-0.0271861460059881,70
738505.47372016496956348419,57.5160980224609,-3.7926299571991,-6.47113466262817,0.085170216858387,-0.00406796857714653,42.4768104553223,-71.3529357910156,312.819671630859,270.016754150391,-4.27437353134155,-0.22870060801506,113.096145629883,58.0031127929688,-3.65835666656494,3.91956281661987,1.26439714431763,-0.0114407883957028,70
738505.47372225858271121979,57.5504684448242,-3.88049864768982,-6.53571891784668,0.085170216858387,-0.00406796857714653,42.4768218994141,-71.3528060913086,312.064056396484,269.220977783203,-3.32955002784729,0.740193903446198,113.403930664062,58.0502395629883,-3.74811482429504,4.88623809814453,1.25901091098785,0.00468163006007671,70
738505.47372439107857644558,57.541748046875,-3.95181107521057,-6.49720335006714,0.085170216858387,-0.00406796857714653,42.4768333435059,-71.3526840209961,311.292816162109,268.409606933594,-2.08730483055115,1.7734659910202,113.625228881836,58.0420799255371,-3.82975363731384,3.75157594680786,1.25306940078735,0.0210049636662006,70
738505.47372657945379614830,57.5032424926758,-3.8853919506073,-6.37195920944214,0.085170216858387,-0.00406796857714653,42.4768447875977,-71.3525466918945,310.507171630859,267.583221435547,-1.6583639383316,2.85963320732117,113.86710357666,57.985523223877,-3.90620613098145,1.4784289598465,1.24649381637573,0.0378606468439102,70
738505.47372878668829798698,57.4838256835938,-3.71737766265869,-6.22510623931885,0.085170216858387,-0.00406796857714653,42.4768562316895,-71.3524169921875,309.736968994141,266.772094726562,-2.50877642631531,3.92843437194824,114.189979553223,57.9392852783203,-3.96498560905457,0.117599964141846,1.23989605903625,0.0551011897623539,70
738505.47373090719338506460,57.5149154663086,-3.66226983070374,-6.13653659820557,0.085170216858387,-0.00406796857714653,42.4768676757812,-71.3522872924805,309.015808105469,266.011596679688,-3.55288887023926,4.87361335754395,114.512420654297,57.9571800231934,-3.99310207366943,1.14787781238556,1.23417735099792,0.0718590766191483,70
738505.47373310930561274290,57.537670135498,-4.03372383117676,-6.12930870056152,0.085170216858387,-0.00406796857714653,42.476879119873,-71.3521575927734,308.221893310547,264.778411865234,-2.2552216053009,5.73223066329956,114.575538635254,58.0036468505859,-4.0083270072937,4.3686785697937,1.22840905189514,0.0894247591495514,70
738505.47373525565490126610,57.5377426147461,-3.72719192504883,-5.86770915985107,0.085170216858387,-0.00406796857714653,42.4768867492676,-71.3520278930664,307.453277587891,263.576232910156,-2.26659035682678,6.68901300430298,114.231468200684,57.9561347961426,-4.03695726394653,2.39104342460632,1.22193491458893,0.106431677937508,70
738505.47373744787182658911,57.5379371643066,-3.89646029472351,-5.65799283981323,0.085170216858387,-0.00406796857714653,42.4768981933594,-71.3518905639648,306.690399169922,262.364959716797,-3.76547408103943,7.68864631652832,113.855659484863,57.9466094970703,-4.05031633377075,1.68466413021088,1.21570956707001,0.124059781432152,70
738505.47373959328979253769,57.5139579772949,-4.21651697158813,-5.55980682373047,0.085170216858387,-0.00406796857714653,42.4769058227539,-71.3517608642578,305.882141113281,261.123992919922,-1.7498265504837,8.18144607543945,113.757118225098,57.9357032775879,-4.07142543792725,4.44501972198486,1.20914340019226,0.141033291816711,70
738505.47374172986019402742,57.4878768920898,-3.97712087631226,-5.29198312759399,0.085170216858387,-0.00406796857714653,42.4769172668457,-71.3516311645508,305.072845458984,259.875610351562,-1.76850140094757,7.99235057830811,113.729888916016,57.8677673339844,-4.11625146865845,4.15360021591187,1.20124101638794,0.158242240548134,70
738505.47374387062154710293,57.4958877563477,-4.11668395996094,-5.03390741348267,0.085170216858387,-0.00406796857714653,42.4769248962402,-71.3515014648438,304.277923583984,258.645111083984,-2.98292303085327,7.79232406616211,113.532699584961,57.8624610900879,-4.15441274642944,2.35769057273865,1.1933856010437,0.175223454833031,70
738505.47374600882176309824,57.5311698913574,-4.19603204727173,-4.75184774398804,0.085170216858387,-0.00406796857714653,42.476936340332,-71.3513717651367,303.449737548828,257.372528076172,-3.70899796485901,7.57917356491089,113.152694702148,57.8793754577637,-4.1948094367981,0.442558705806732,1.18499219417572,0.192443668842316,70
738505.47374812618363648653,57.5730171203613,-4.33504199981689,-4.49362134933472,0.085170216858387,-0.00406796857714653,42.4769439697266,-71.3512496948242,302.628692626953,256.120635986328,-3.92461967468262,7.37290716171265,112.690902709961,57.9105987548828,-4.23968458175659,-1.05213642120361,1.17628633975983,0.208949506282806,70
738505.47375020571053028107,57.5984191894531,-4.49600791931152,-4.27108526229858,0.085170216858387,-0.00406796857714653,42.4769515991211,-71.3511199951172,301.768310546875,254.822845458984,-3.43856644630432,7.14666748046875,112.243316650391,57.9312896728516,-4.29710340499878,-1.43383455276489,1.16657257080078,0.225541964173317,70
738505.47375251352787017822,57.5988655090332,-4.5977954864502,-4.08461236953735,0.085170216858387,-0.00406796857714653,42.4769592285156,-71.3509826660156,300.841979980469,253.438003540039,-2.83445525169373,6.88895130157471,111.946388244629,57.9262733459473,-4.37333726882935,-0.492481648921967,1.1552220582962,0.242798149585724,70
738505.47375476511660963297,57.5895805358887,-4.5426664352417,-3.92455673217773,0.085170216858387,-0.00406796857714653,42.4769668579102,-71.3508453369141,299.899017333984,252.029693603516,-3.04190182685852,6.62703084945679,111.959938049316,57.9016189575195,-4.45900583267212,1.2258106470108,1.14271986484528,0.260060846805573,70
738505.47375704068690538406,57.6179580688477,-4.46263837814331,-3.68142914772034,0.085170216858387,-0.00406796857714653,42.4769706726074,-71.3507080078125,298.951171875,250.601791381836,-4.11778497695923,6.46018314361572,112.33911895752,57.9076614379883,-4.53462028503418,0.113830782473087,1.12966573238373,0.277646958827972,70
738505.47375924815423786640,57.6532936096191,-4.63578033447266,-3.40517282485962,0.085170216858387,-0.00406796857714653,42.476978302002,-71.3505783081055,298.061614990234,249.268981933594,-3.81497764587402,6.75039005279541,112.715156555176,57.9395217895508,-4.58845376968384,-2.76879906654358,1.11769509315491,0.293569713830948,70
738505.47376147995237261057,57.6778373718262,-4.71887922286987,-3.18227291107178,0.085170216858387,-0.00406796857714653,42.4769859313965,-71.3504409790039,297.090118408203,247.825332641602,-3.29178786277771,7.83656692504883,112.875259399414,57.9579811096191,-4.64756917953491,-2.39415121078491,1.10428023338318,0.31034928560257,70
738505.47376372490543872118,57.7105293273926,-4.54679870605469,-3.00351643562317,0.085170216858387,-0.00406796857714653,42.4769897460938,-71.3503036499023,296.139556884766,246.402633666992,-4.61685800552368,9.04982471466064,112.959823608398,57.967227935791,-4.70395660400391,0.793076038360596,1.09041178226471,0.326872825622559,70
738505.47376598755363374949,57.7604560852051,-4.64448404312134,-2.74603891372681,0.085170216858387,-0.00406796857714653,42.4769973754883,-71.3501663208008,295.210052490234,245.010513305664,-5.09325790405273,10.2812185287476,113.247009277344,58.0119171142578,-4.74255847930908,0.993428885936737,1.07706332206726,0.342782229185104,70
738505.47376834624446928501,57.8137359619141,-4.71806240081787,-2.32460927963257,0.085170216858387,-0.00406796857714653,42.4770011901855,-71.3500213623047,294.207794189453,243.517227172852,-4.3100700378418,11.6172695159912,113.666549682617,58.052490234375,-4.77973556518555,-1.1919184923172,1.06262481212616,0.359399676322937,70
738505.47377062228042632341,57.8831024169922,-4.71633338928223,-1.93535184860229,0.085170216858387,-0.00406796857714653,42.4770050048828,-71.3498840332031,293.203338623047,242.021148681641,-4.68054246902466,12.3677434921265,113.829170227051,58.1071701049805,-4.81800174713135,-0.286354213953018,1.04774415493011,0.375678777694702,70
738505.47377278597559779882,57.9624404907227,-4.84803152084351,-1.69433665275574,0.085170216858387,-0.00406796857714653,42.4770088195801,-71.3497467041016,292.26220703125,240.622528076172,-5.62246465682983,12.3088655471802,113.663970947266,58.1895065307617,-4.85203647613525,3.2928900718689,1.03365218639374,0.390427619218826,70
738505.47377496166154742241,58.0119132995605,-5.11234378814697,-1.44000864028931,0.085170216858387,-0.00406796857714653,42.4770126342773,-71.3496170043945,291.269714355469,239.166748046875,-4.94464540481567,12.1501617431641,113.41471862793,58.2545433044434,-4.896897315979,5.13246726989746,1.01860415935516,0.405081987380981,70
738505.47377716784831136465,58.0104827880859,-5.23254346847534,-1.06768345832825,0.085170216858387,-0.00406796857714653,42.4770126342773,-71.3494873046875,290.254211425781,237.693542480469,-3.53091716766357,12.1185436248779,113.347648620605,58.2557754516602,-4.96510887145996,4.12739992141724,1.0022805929184,0.419243216514587,70
738505.47377947554923593998,57.984790802002,-5.26510190963745,-0.626460254192352,0.085170216858387,-0.00406796857714653,42.4770164489746,-71.3493423461914,289.157653808594,236.106994628906,-3.13322114944458,13.550799369812,113.537315368652,58.2267074584961,-5.05607843399048,2.97328329086304,0.983444511890411,0.434111356735229,70
738505.47378163354005664587,57.9877433776855,-5.22808599472046,-0.0976920947432518,0.085170216858387,-0.00406796857714653,42.4770164489746,-71.3492050170898,288.0849609375,234.901885986328,-4.09435796737671,16.083309173584,113.763145446777,58.2230262756348,-5.14585208892822,1.58697748184204,0.964170217514038,0.448301792144775,70
738505.47378380189184099436,58.0397071838379,-5.34977769851685,0.401581525802612,0.085170216858387,-0.00406796857714653,42.4770164489746,-71.3490753173828,287.069915771484,234.134750366211,-5.34374141693115,18.3440685272217,113.739326477051,58.2871284484863,-5.22055387496948,1.38021469116211,0.945756256580353,0.461255311965942,70
738505.47378598863724619150,58.1223564147949,-5.65953874588013,0.871115207672119,0.085170216858387,-0.00406796857714653,42.4770164489746,-71.3489456176758,285.982788085938,233.299560546875,-5.69579410552979,19.9264278411865,113.330207824707,58.4037437438965,-5.29912853240967,2.56561875343323,0.926014006137848,0.474208533763885,70
738505.47378811729140579700,58.1844787597656,-5.97360420227051,1.35742568969727,0.085170216858387,-0.00406796857714653,42.4770164489746,-71.3488159179688,284.847839355469,232.410781860352,-5.37244701385498,19.6723651885986,112.611457824707,58.5060691833496,-5.39950656890869,3.69494652748108,0.904714524745941,0.486575812101364,70
738505.47379030217416584492,58.1957740783691,-6.06957006454468,1.96815133094788,0.085170216858387,-0.00406796857714653,42.4770126342773,-71.3486785888672,283.669128417969,231.475570678711,-5.87135601043701,19.440221786499,111.870635986328,58.5445213317871,-5.52990579605103,3.09122395515442,0.88111823797226,0.498532205820084,70
738505.47379242093302309513,58.2084350585938,-6.19780921936035,2.57662153244019,0.085170216858387,-0.00406796857714653,42.4770088195801,-71.3485488891602,282.502990722656,230.54443359375,-7.18771839141846,19.4073791503906,111.570503234863,58.5941429138184,-5.66908740997314,1.98802351951599,0.856413781642914,0.509787201881409,70
738505.47379451524466276169,58.2138557434082,-6.52426242828369,3.04695773124695,0.085170216858387,-0.00406796857714653,42.4770050048828,-71.3484191894531,281.276458740234,229.551651000977,-5.98779582977295,19.2589893341064,111.847640991211,58.6575050354004,-5.81627464294434,3.36805438995361,0.830007553100586,0.520636558532715,70
738505.47379665775224566460,58.1872100830078,-6.61834573745728,3.53538751602173,0.085170216858387,-0.00406796857714653,42.4770011901855,-71.3482894897461,280.022827148438,228.526260375977,-4.21600341796875,19.0574111938477,112.428329467773,58.6690139770508,-5.97824859619141,6.01777648925781,0.801831841468811,0.530835032463074,70
738505.47379870479926466942,58.1216354370117,-6.5711088180542,4.12798976898193,0.085170216858387,-0.00406796857714653,42.476993560791,-71.3481674194336,278.792449951172,227.522872924805,-4.61826419830322,18.9754867553711,113.04655456543,58.6373977661133,-6.13813829421997,5.98694801330566,0.772713124752045,0.540322601795197,70
738505.47380093147512525320,58.0377540588379,-6.72598552703857,4.80698776245117,0.085170216858387,-0.00406796857714653,42.4769859313965,-71.348030090332,277.453369140625,226.531921386719,-5.28457689285278,18.2749919891357,113.724311828613,58.6236038208008,-6.29354810714722,2.70104289054871,0.740520358085632,0.549992561340332,70
738505.47380311624146997929,57.9590873718262,-6.9217381477356,5.40961503982544,0.085170216858387,-0.00406796857714653,42.476978302002,-71.3478927612305,276.127868652344,225.539596557617,-4.70299434661865,15.9075212478638,114.382041931152,58.6210746765137,-6.43420076370239,0.266104727983475,0.708355367183685,0.558624625205994,70
738505.47380530543159693480,57.9002532958984,-6.95202398300171,5.90877628326416,0.085170216858387,-0.00406796857714653,42.4769706726074,-71.3477630615234,274.744873046875,224.496383666992,-3.91087913513184,13.2900686264038,114.97900390625,58.6147041320801,-6.57747554779053,0.701721847057343,0.673874497413635,0.566800475120544,70
738505.47380745923146605492,57.8936386108398,-6.84568309783936,6.27458810806274,0.085170216858387,-0.00406796857714653,42.4769592285156,-71.3476257324219,273.396759033203,223.481033325195,-4.67041730880737,11.3733320236206,115.333648681641,58.6336669921875,-6.70536184310913,3.00086259841919,0.639091610908508,0.574131190776825,70
738505.47380971314851194620,57.9535179138184,-6.89564990997314,6.57513761520386,0.085170216858387,-0.00406796857714653,42.4769477844238,-71.3474960327148,272.066833496094,222.480712890625,-6.19099950790405,9.82882595062256,115.281669616699,58.7315330505371,-6.80544519424438,4.12317752838135,0.604484260082245,0.58072692155838,70
738505.47381198953371495008,58.0329360961914,-7.1696720123291,6.89079189300537,0.085170216858387,-0.00406796857714653,42.476936340332,-71.3473510742188,270.601776123047,221.368850708008,-6.53984212875366,8.08385467529297,114.711288452148,58.8787651062012,-6.89634370803833,2.88915681838989,0.566818118095398,0.587104797363281,70
738505.47381434321869164705,58.0737266540527,-7.39826822280884,7.18023252487183,0.085170216858387,-0.00406796857714653,42.4769248962402,-71.3472137451172,269.082855224609,220.202117919922,-5.6418342590332,6.32369518280029,113.862594604492,58.9817581176758,-6.99842500686646,1.26267230510712,0.527455508708954,0.592767059803009,70
738505.47381656023208051920,58.1010322570801,-7.38958024978638,7.38461637496948,0.085170216858387,-0.00406796857714653,42.4769134521484,-71.3470687866211,267.567138671875,219.032928466797,-5.41732978820801,4.62553596496582,113.251693725586,59.0327758789062,-7.11437797546387,1.30716216564178,0.48674738407135,0.597690343856812,70
738505.47381890169344842434,58.1573791503906,-7.23457384109497,7.51380586624146,0.085170216858387,-0.00406796857714653,42.4768981933594,-71.3469314575195,266.077239990234,217.853576660156,-6.11738729476929,2.95976662635803,113.241920471191,59.0853385925293,-7.22217416763306,2.10093569755554,0.445327818393707,0.602008879184723,70
738505.47382122161798179150,58.2445449829102,-7.10857677459717,7.61909818649292,0.085170216858387,-0.00406796857714653,42.4768867492676,-71.346794128418,264.610961914062,216.525146484375,-6.37076377868652,1.31928741931915,113.885284423828,59.1693305969238,-7.29927682876587,1.84526455402374,0.404025971889496,0.605810046195984,70
738505.47382339951582252979,58.3155708312988,-7.0831298828125,7.74448776245117,0.085170216858387,-0.00406796857714653,42.4768714904785,-71.3466567993164,263.184356689453,215.233734130859,-5.35611867904663,0.212947443127632,114.821235656738,59.2524566650391,-7.3407506942749,-0.422780066728592,0.364090502262115,0.609079658985138,70
738505.47382558137178421021,58.3723373413086,-7.01982879638672,7.84028434753418,0.085170216858387,-0.00406796857714653,42.4768600463867,-71.3465194702148,261.796966552734,213.977554321289,-4.29534292221069,0.234480321407318,115.540832519531,59.3133888244629,-7.35953092575073,-2.07435059547424,0.325510650873184,0.611868441104889,70
738505.47382776055019348860,58.4576148986816,-6.84707450866699,7.86950540542603,0.085170216858387,-0.00406796857714653,42.4768486022949,-71.3463821411133,260.437286376953,212.749359130859,-5.41704702377319,0.336718767881393,115.822593688965,59.3810081481934,-7.35787916183472,-1.48018932342529,0.287324786186218,0.614315092563629,70
738505.47382995905354619026,58.5579261779785,-6.87579154968262,7.82834339141846,0.085170216858387,-0.00406796857714653,42.4768333435059,-71.3462524414062,259.116577148438,211.558441162109,-6.70661592483521,0.339721351861954,115.911094665527,59.4776458740234,-7.33122253417969,0.838798701763153,0.250629633665085,0.616431415081024,70
738505.47383230517152696848,58.6632118225098,-6.93856859207153,7.81149768829346,0.085170216858387,-0.00406796857714653,42.4768218994141,-71.3461074829102,257.68212890625,210.26335144043,-5.78784370422363,0.251780450344086,116.121604919434,59.5863723754883,-7.29630374908447,2.13932299613953,0.211550533771515,0.618431389331818,70
738505.47383454791270196438,58.7535972595215,-6.875892162323,7.87920427322388,0.085170216858387,-0.00406796857714653,42.476806640625,-71.3459701538086,256.283721923828,209.001037597656,-5.23750019073486,0.274296045303345,116.311935424805,59.677001953125,-7.26910495758057,0.854564726352692,0.173124209046364,0.620163261890411,70
738505.47383676632307469845,58.8675918579102,-6.96577930450439,7.94631814956665,0.085170216858387,-0.00406796857714653,42.4767951965332,-71.3458251953125,254.868988037109,207.724349975586,-5.69181632995605,0.33938005566597,116.151748657227,59.808521270752,-7.2426929473877,0.0507201291620731,0.134142354130745,0.621741890907288,70
738505.47383888601325452328,59.0139198303223,-7.03189897537231,7.90289258956909,0.085170216858387,-0.00406796857714653,42.4767799377441,-71.3456954956055,253.501907348633,206.489181518555,-5.85499048233032,0.164777740836143,115.535423278809,59.954532623291,-7.22766923904419,2.55906009674072,0.0965750142931938,0.623088240623474,70
738505.47384104423690587282,59.1116333007812,-7.15997362136841,7.89093685150146,0.085170216858387,-0.00406796857714653,42.4767684936523,-71.3455581665039,252.144638061523,205.406845092773,-5.42777967453003,-0.158143863081932,114.749931335449,60.0642776489258,-7.22826099395752,2.97521877288818,0.0591196231544018,0.624295115470886,70
738505.47384323820006102324,59.1481018066406,-7.10569047927856,7.9570426940918,0.085170216858387,-0.00406796857714653,42.4767532348633,-71.3454208374023,250.750473022461,204.541625976562,-4.36140108108521,-0.415275037288666,114.194984436035,60.1024398803711,-7.24666833877563,0.452601939439774,0.0199520867317915,0.625435769557953,70
738505.47384535113815218210,59.1661529541016,-6.80267238616943,8.04138278961182,0.085170216858387,-0.00406796857714653,42.4767417907715,-71.3452911376953,249.41943359375,203.730270385742,-4.04944849014282,-0.483849287033081,114.176422119141,60.0963706970215,-7.26368951797485,-2.30828738212585,-0.0186637751758099,0.626474738121033,70
738505.47384759609121829271,59.2253646850586,-6.40808057785034,8.10290241241455,0.085170216858387,-0.00406796857714653,42.4767303466797,-71.3451538085938,248.124755859375,202.968368530273,-4.63968420028687,-0.410333245992661,114.671974182129,60.1195831298828,-7.24835681915283,-3.59245443344116,-0.0568534135818481,0.627467691898346,70
738505.47384979447815567255,59.3051261901855,-6.46944189071655,8.07921981811523,0.085170216858387,-0.00406796857714653,42.4767150878906,-71.3450164794922,246.852783203125,202.235305786133,-4.12734699249268,-0.370011180639267,115.318572998047,60.2015380859375,-7.18555545806885,-2.02968096733093,-0.0931796580553055,0.62839412689209,70
738505.47385200392454862595,59.3797416687012,-6.33500242233276,7.92912149429321,0.085170216858387,-0.00406796857714653,42.4767036437988,-71.3448791503906,245.564697265625,201.490341186523,-2.47772645950317,-0.482768416404724,115.631217956543,60.2408218383789,-7.10634660720825,2.39442133903503,-0.128812596201897,0.62925785779953,70
738505.47385430836584419012,59.429515838623,-6.07023048400879,7.85350561141968,0.085170216858387,-0.00406796857714653,42.4766883850098,-71.3447341918945,244.293304443359,200.777862548828,-3.63904643058777,-0.575174629688263,115.603630065918,60.2527389526367,-7.01006603240967,3.3518238067627,-0.164334610104561,0.630109012126923,70
738505.47385655553080141544,59.4402465820312,-6.11682081222534,7.96568202972412,0.085170216858387,-0.00406796857714653,42.4766731262207,-71.3445892333984,243.021575927734,200.072128295898,-3.87628960609436,-0.653210461139679,115.525482177734,60.2827529907227,-6.89378643035889,-0.81685346364975,-0.198675438761711,0.630953073501587,70
738505.47385878581553697586,59.4547157287598,-5.99190950393677,8.05058765411377,0.085170216858387,-0.00406796857714653,42.4766616821289,-71.3444595336914,241.861541748047,199.430648803711,-3.13378000259399,-0.781724750995636,115.476150512695,60.2957572937012,-6.79130125045776,-3.34756708145142,-0.229569032788277,0.631715953350067,70
738505.47386101249139755964,59.5074424743652,-5.85182428359985,7.9894323348999,0.085170216858387,-0.00406796857714653,42.4766464233398,-71.3443145751953,240.642471313477,198.769775390625,-3.42992520332336,-1.01922047138214,115.390716552734,60.325870513916,-6.68268966674805,-1.62323939800262,-0.262057214975357,0.632520377635956,70
738505.47386326489504426718,59.5977363586426,-5.70748615264893,7.90556383132935,0.085170216858387,-0.00406796857714653,42.476634979248,-71.3441772460938,239.482620239258,198.154510498047,-4.5194673538208,-1.27849745750427,115.243522644043,60.3900947570801,-6.57331705093384,0.0655918642878532,-0.292675852775574,0.633285284042358,70
738505.47386552265379577875,59.7126502990723,-5.63361978530884,7.85478591918945,0.085170216858387,-0.00406796857714653,42.476619720459,-71.3440322875977,238.312957763672,197.544998168945,-5.36916017532349,-1.55781781673431,115.077407836914,60.4899673461914,-6.45644521713257,0.227898240089417,-0.322948008775711,0.634071290493011,70
738505.47386772173922508955,59.8023834228516,-5.60054540634155,7.84973049163818,0.085170216858387,-0.00406796857714653,42.4766082763672,-71.3438949584961,237.201293945312,196.671035766602,-4.99514293670654,-1.81490218639374,115.016754150391,60.5748252868652,-6.34756660461426,-1.12568938732147,-0.351098716259003,0.634841024875641,70
738505.47386998764704912901,59.8730926513672,-5.45780372619629,7.84343242645264,0.085170216858387,-0.00406796857714653,42.4765968322754,-71.34375,236.082412719727,195.708343505859,-4.10446929931641,-2.02961301803589,115.173385620117,60.630802154541,-6.24404382705688,-2.49530577659607,-0.37926197052002,0.635648787021637,70
738505.47387217567302286625,59.9506416320801,-5.19702768325806,7.76829385757446,0.085170216858387,-0.00406796857714653,42.4765815734863,-71.3436126708984,235.014312744141,194.794387817383,-3.71139144897461,-2.19385981559753,115.629684448242,60.6748275756836,-6.14151477813721,-1.88632225990295,-0.406123399734497,0.636476635932922,70
738505.47387437149882316589,60.0977516174316,-4.89245939254761,7.58923625946045,0.085170216858387,-0.00406796857714653,42.4765701293945,-71.3434753417969,234.003051757812,193.938110351562,-4.47523260116577,-2.42827701568604,116.310699462891,60.7723007202148,-6.01947069168091,1.36584341526031,-0.431322634220123,0.637347400188446,70
738505.47387660469394177198,60.2610778808594,-4.87224340438843,7.44746494293213,0.085170216858387,-0.00406796857714653,42.4765548706055,-71.3433303833008,233.004898071289,193.095977783203,-4.12131404876709,-2.71897220611572,116.838005065918,60.9147033691406,-5.87314891815186,3.03597974777222,-0.454516410827637,0.638285636901855,70
738505.47387878084555268288,60.381103515625,-4.7526421546936,7.42319536209106,0.085170216858387,-0.00406796857714653,42.4765434265137,-71.3431930541992,232.048187255859,192.290130615234,-3.56239151954651,-2.85330247879028,116.908424377441,61.021053314209,-5.73125028610229,0.831849038600922,-0.47574383020401,0.639273464679718,70
738505.47388101380784064531,60.5030822753906,-4.55383157730103,7.42464303970337,0.085170216858387,-0.00406796857714653,42.4765319824219,-71.3430480957031,231.110092163086,191.505905151367,-4.66272640228271,-2.7872838973999,116.632545471191,61.1268005371094,-5.58798217773438,-1.76897633075714,-0.496133863925934,0.640378475189209,70
738505.47388316830620169640,60.6438674926758,-4.60649156570435,7.34810543060303,0.085170216858387,-0.00406796857714653,42.4765205383301,-71.3429183959961,230.216827392578,190.761779785156,-4.94837379455566,-2.46421551704407,116.36109161377,61.2608604431152,-5.44778537750244,-0.964889347553253,-0.514505624771118,0.641543209552765,70
738505.47388547111768275499,60.7706565856934,-4.59677505493164,7.2314624786377,0.085170216858387,-0.00406796857714653,42.4765090942383,-71.3427734375,229.25505065918,189.956604003906,-1.77539122104645,-1.93172001838684,116.157005310059,61.3717956542969,-5.31983232498169,0.96335756778717,-0.533488810062408,0.642881333827972,70
738505.47388770338147878647,60.8460311889648,-4.06703186035156,7.2798376083374,0.085170216858387,-0.00406796857714653,42.4764938354492,-71.3426208496094,228.346115112305,189.206909179688,-0.685763895511627,-0.933157980442047,115.637191772461,61.4147911071777,-5.20254516601562,-2.26934361457825,-0.552081048488617,0.644361734390259,70
738505.47388988209422677755,60.8984909057617,-3.72003436088562,7.36592435836792,0.085170216858387,-0.00406796857714653,42.4764823913574,-71.3424835205078,227.579330444336,188.589950561523,-1.1050910949707,-0.570705413818359,114.746078491211,61.4550361633301,-5.06294679641724,-5.27421617507935,-0.566728532314301,0.645847737789154,70
738505.47389208851382136345,60.9151802062988,-3.31444883346558,7.29124593734741,0.085170216858387,-0.00406796857714653,42.4764709472656,-71.3423461914062,226.859191894531,188.022415161133,0.512626826763153,-0.265217632055283,113.902778625488,61.4394607543945,-4.88435173034668,-3.32716155052185,-0.57843017578125,0.647445499897003,70
738505.47389433381613343954,60.8893547058105,-2.34730935096741,7.12665224075317,0.085170216858387,-0.00406796857714653,42.4764595031738,-71.3422012329102,226.255798339844,187.576019287109,1.3246157169342,-0.484689712524414,113.597717285156,61.3499183654785,-4.64877462387085,0.0353848859667778,-0.586182236671448,0.649183094501495,70
738505.47389654372818768024,60.8865585327148,-1.50119090080261,7.01709747314453,0.085170216858387,-0.00406796857714653,42.476448059082,-71.3420639038086,225.856460571289,187.325881958008,0.57481586933136,-0.792175233364105,113.81649017334,61.3079643249512,-4.3345046043396,0.887923538684845,-0.58677875995636,0.650915801525116,70
738505.47389882372226566076,60.9064674377441,-0.780133783817291,6.98665428161621,0.085170216858387,-0.00406796857714653,42.4764366149902,-71.341911315918,225.588973999023,187.216735839844,0.176981866359711,-0.798968136310577,114.195053100586,61.3108444213867,-3.89559054374695,-0.593636691570282,-0.578970968723297,0.652864694595337,70
738505.47390108543913811445,60.899959564209,-0.321966379880905,6.99597597122192,0.085170216858387,-0.00406796857714653,42.4764251708984,-71.3417663574219,225.435501098633,187.331787109375,1.34360420703888,-0.593872964382172,114.362342834473,61.301326751709,-3.38624238967896,-2.35148930549622,-0.563262820243835,0.654897272586823,70
738505.47390336554963141680,60.8358955383301,0.0774958431720734,6.95407247543335,0.085170216858387,-0.00406796857714653,42.4764137268066,-71.3416213989258,225.362670898438,187.537658691406,3.05408000946045,-0.0548343397676945,114.162628173828,61.2321090698242,-2.85282516479492,-1.97397768497467,-0.541380941867828,0.657018542289734,70
738505.47390556917525827885,60.7168006896973,0.594581723213196,6.85964488983154,0.085170216858387,-0.00406796857714653,42.4763984680176,-71.3414764404297,225.379287719727,187.831237792969,3.50070929527283,0.548066437244415,113.754821777344,61.10595703125,-2.32174158096313,0.0941432639956474,-0.514294147491455,0.659224271774292,70
738505.47390768805053085089,60.607593536377,0.991491377353668,6.80335855484009,0.085170216858387,-0.00406796857714653,42.476390838623,-71.3413467407227,225.48193359375,188.189575195312,2.9217836856842,0.973192274570465,113.438529968262,60.9963035583496,-1.83418047428131,1.13934898376465,-0.484409928321838,0.661334156990051,70
738505.47390985838137567043,60.4994926452637,1.24183583259583,6.81133413314819,0.085170216858387,-0.00406796857714653,42.4763793945312,-71.3412094116211,225.643798828125,188.611679077148,3.04978847503662,1.14368307590485,113.272125244141,60.8943786621094,-1.34761893749237,0.542580306529999,-0.449539422988892,0.663569808006287,70
738505.47391205036547034979,60.3718223571777,1.33255088329315,6.83052062988281,0.085170216858387,-0.00406796857714653,42.4763679504395,-71.341064453125,225.842391967773,189.079696655273,4.04190826416016,1.05370891094208,113.155746459961,60.7716102600098,-0.87402331829071,-0.197241604328156,-0.409747272729874,0.665967345237732,70
738505.47391428879927843809,60.2200965881348,1.42548906803131,6.78912544250488,0.085170216858387,-0.00406796857714653,42.4763565063477,-71.3409194946289,226.060165405273,189.572708129883,4.73723602294922,0.849633514881134,112.935035705566,60.6183471679688,-0.444254696369171,0.7200767993927,-0.366550534963608,0.668489992618561,70
738505.47391646867617964745,60.0807685852051,1.55828189849854,6.69401884078979,0.085170216858387,-0.00406796857714653,42.4763450622559,-71.3407821655273,226.293518066406,190.070068359375,3.73648166656494,0.599933683872223,112.607849121094,60.4726104736328,-0.0886195302009583,2.60836815834045,-0.323260486125946,0.670959711074829,70
738505.47391870850697159767,59.9766502380371,1.71913886070251,6.6204309463501,0.085170216858387,-0.00406796857714653,42.4763336181641,-71.3406448364258,226.55632019043,190.601577758789,1.8542252779007,0.319892734289169,112.327209472656,60.365421295166,0.223615825176239,3.16085028648376,-0.277451932430267,0.673541009426117,70
738505.47392100794240832329,59.868968963623,1.61094903945923,6.63325834274292,0.085170216858387,-0.00406796857714653,42.4763221740723,-71.3404998779297,226.832473754883,191.153182983398,1.50990641117096,0.0602482557296753,112.416465759277,60.2568550109863,0.497945189476013,0.814367115497589,-0.228828653693199,0.676263272762299,70
738505.47392331610899418592,59.699535369873,1.78270995616913,6.66898822784424,0.085170216858387,-0.00406796857714653,42.4763107299805,-71.3403549194336,227.125045776367,191.73210144043,2.74042105674744,-0.179728925228119,113.146621704102,60.0973205566406,0.726429224014282,-1.93042075634003,-0.177443206310272,0.679172694683075,70
738505.47392548993229866028,59.5707511901855,1.99891555309296,6.61251163482666,0.085170216858387,-0.00406796857714653,42.4762992858887,-71.3402099609375,227.441604614258,192.31559753418,2.14337420463562,-0.369926154613495,114.12141418457,59.9699516296387,0.908328294754028,-1.54510676860809,-0.128071442246437,0.681914508342743,70
738505.47392771055456250906,59.5314865112305,1.9397304058075,6.48482704162598,0.085170216858387,-0.00406796857714653,42.4762878417969,-71.3400802612305,227.767791748047,192.835678100586,0.730056822299957,-0.543066918849945,114.865737915039,59.9150505065918,1.07299220561981,1.01054632663727,-0.0781290680170059,0.684628784656525,70
738505.47393023362383246422,59.507740020752,1.47097969055176,6.39096546173096,0.085170216858387,-0.00406796857714653,42.4762763977051,-71.3399276733398,228.06575012207,193.206268310547,0.377151072025299,-0.671214818954468,115.13941192627,59.8680152893066,1.21632361412048,2.11850953102112,-0.0230749025940895,0.687672555446625,70
738505.47393256984651088715,59.4010276794434,0.985582888126373,6.35901498794556,0.085170216858387,-0.00406796857714653,42.4762649536133,-71.3397674560547,228.267684936523,193.485794067383,1.05558443069458,-0.621183574199677,114.953262329102,59.7485618591309,1.27523100376129,0.925705194473267,0.0329715274274349,0.690997064113617,70
738505.47393493494018912315,59.2776641845703,0.646629095077515,6.32780647277832,0.085170216858387,-0.00406796857714653,42.4762535095215,-71.3396224975586,228.376770019531,193.665313720703,0.228933811187744,-0.456995725631714,114.690399169922,59.6179580688477,1.2339460849762,0.0796812400221825,0.080066941678524,0.694071292877197,70
738505.47393724403809756041,59.1980438232422,0.155353397130966,6.24368762969971,0.085170216858387,-0.00406796857714653,42.4762420654297,-71.3394775390625,228.403549194336,193.763381958008,-0.765607416629791,-0.337132930755615,114.51203918457,59.5265998840332,1.11404180526733,1.31824159622192,0.123971074819565,0.697274565696716,70
738505.47393953287973999977,59.1314353942871,-0.514811992645264,6.13293790817261,0.085170216858387,-0.00406796857714653,42.4762344360352,-71.3393325805664,228.310119628906,193.74153137207,-0.54579359292984,-0.365117013454437,114.419166564941,59.4508590698242,0.913986682891846,3.25195956230164,0.163245409727097,0.700586378574371,70
738505.47394185420125722885,59.0190048217773,-1.10555577278137,6.08222484588623,0.085170216858387,-0.00406796857714653,42.4762229919434,-71.3391952514648,228.096145629883,193.595321655273,-0.291850209236145,-0.423039048910141,114.323745727539,59.3418769836426,0.644035995006561,2.81101989746094,0.194619178771973,0.703801214694977,70
738505.47394415084272623062,58.908317565918,-1.61247682571411,6.1282787322998,0.085170216858387,-0.00406796857714653,42.4762115478516,-71.3390502929688,227.767318725586,193.310836791992,-1.93407654762268,-0.38199657201767,114.122344970703,59.2481727600098,0.290794491767883,-0.509982168674469,0.220820710062981,0.707244515419006,70
738505.47394663549493998289,58.8406181335449,-2.38852667808533,6.20932006835938,0.085170216858387,-0.00406796857714653,42.4762001037598,-71.3388977050781,227.282745361328,192.825576782227,-3.37343907356262,-0.323250591754913,113.920028686523,59.2155303955078,-0.141141936182976,-3.76173663139343,0.24150387942791,0.710955321788788,70
738505.47394877532497048378,58.7796173095703,-3.03702259063721,6.16585063934326,0.085170216858387,-0.00406796857714653,42.476188659668,-71.3387603759766,226.711929321289,192.254486083984,-2.80056738853455,-0.424796640872955,113.959663391113,59.180103302002,-0.580565750598907,-2.72044563293457,0.252843528985977,0.714323222637177,70
738505.47395090793725103140,58.7392807006836,-3.45062851905823,6.07664966583252,0.085170216858387,-0.00406796857714653,42.4761810302734,-71.3386306762695,226.062759399414,191.605270385742,-2.99039244651794,-0.604929327964783,114.168045043945,59.153491973877,-1.04781007766724,-0.780562877655029,0.257354527711868,0.717622041702271,70
738505.47395312401931732893,58.7592468261719,-3.84392428398132,6.06135416030884,0.085170216858387,-0.00406796857714653,42.4761695861816,-71.338493347168,225.313842773438,190.856460571289,-4.98663711547852,-0.765697360038757,114.314918518066,59.195987701416,-1.55051684379578,-1.38741266727448,0.256327331066132,0.721112668514252,70
738505.47395534918177872896,58.8241386413574,-4.47999572753906,6.06876134872437,0.085170216858387,-0.00406796857714653,42.4761619567871,-71.3383560180664,224.469787597656,190.012771606445,-7.08954954147339,-0.884567201137543,114.190856933594,59.3058128356934,-2.05255818367004,-2.24835610389709,0.250053822994232,0.724651515483856,70
738505.47395750496070832014,58.8806800842285,-5.28786706924438,5.96054363250732,0.085170216858387,-0.00406796857714653,42.4761505126953,-71.3382186889648,223.490982055664,189.012878417969,-7.07442617416382,-1.0052855014801,113.833679199219,59.4173736572266,-2.56119632720947,0.603814363479614,0.23760136961937,0.728176712989807,70
738505.47395978507120162249,58.8752479553223,-5.95496845245361,5.89190149307251,0.085170216858387,-0.00406796857714653,42.4761428833008,-71.3380813598633,222.364013671875,187.731567382812,-7.08445692062378,-0.956722676753998,113.498481750488,59.4682350158691,-3.10864663124084,1.42063307762146,0.217336609959602,0.731785297393799,70
738505.47396203048992902040,58.9019660949707,-6.55798149108887,5.92345094680786,0.085170216858387,-0.00406796857714653,42.476131439209,-71.3379364013672,221.065979003906,186.350570678711,-8.01695156097412,0.00531718740239739,113.475242614746,59.5611953735352,-3.71030211448669,-0.484343409538269,0.187997490167618,0.735620677471161,70
738505.47396423760801553726,58.9769706726074,-7.19963645935059,5.98850393295288,0.085170216858387,-0.00406796857714653,42.4761199951172,-71.3377990722656,219.710494995117,184.946701049805,-8.4640998840332,1.13450562953949,113.711181640625,59.7158241271973,-4.29958295822144,-2.01446294784546,0.152521923184395,0.739358484745026,70
738505.47396654693875461817,59.0187225341797,-7.88753509521484,6.05060434341431,0.085170216858387,-0.00406796857714653,42.4761123657227,-71.3376617431641,218.154190063477,183.607864379883,-6.81697034835815,1.4817590713501,113.901435852051,59.8500862121582,-4.92646408081055,-2.6461021900177,0.10776199400425,0.743314564228058,70
738505.47396873030811548233,59.1028709411621,-8.02132034301758,6.03932952880859,0.085170216858387,-0.00406796857714653,42.4761009216309,-71.3375244140625,216.595153808594,182.138748168945,-6.34508562088013,1.46566188335419,113.986480712891,59.9496803283691,-5.52876329421997,-0.477236449718475,0.0576948039233685,0.747115433216095,70
738505.47397102706599980593,59.235782623291,-8.11594200134277,5.98836612701416,0.085170216858387,-0.00406796857714653,42.4760894775391,-71.3373870849609,214.991348266602,180.534896850586,-7.56912136077881,1.15754640102386,114.131553649902,60.0883255004883,-6.09946918487549,2.16195511817932,0.00209267577156425,0.751030385494232,70
738505.47397333837579935789,59.3915596008301,-8.30191612243652,6.0141716003418,0.085170216858387,-0.00406796857714653,42.4760818481445,-71.3372344970703,213.259918212891,178.803421020508,-7.36326026916504,0.549188792705536,114.3955078125,60.2698059082031,-6.62992286682129,1.92907524108887,-0.0600149407982826,0.755229473114014,70
738505.47397549322340637445,59.5419502258301,-8.31969356536865,6.14031219482422,0.085170216858387,-0.00406796857714653,42.4760704040527,-71.3371047973633,211.642562866211,177.186004638672,-6.66600894927979,-0.0528034381568432,114.446067810059,60.4331398010254,-7.05016708374023,-1.2297774553299,-0.119798853993416,0.759116351604462,70
738505.47397769649978727102,59.740306854248,-8.27681827545166,6.24154567718506,0.085170216858387,-0.00406796857714653,42.4760589599609,-71.3369598388672,210.009521484375,175.552993774414,-7.2582573890686,-0.36560195684433,114.011001586914,60.6330490112305,-7.40372562408447,-3.25365424156189,-0.181791037321091,0.763099193572998,70
738505.47397996624931693077,59.9850311279297,-8.26863574981689,6.20051002502441,0.085170216858387,-0.00406796857714653,42.4760513305664,-71.3368225097656,208.3466796875,173.890151977539,-7.8951416015625,-0.531472265720367,113.21501159668,60.8688812255859,-7.68834495544434,-1.08130979537964,-0.245666742324829,0.767183542251587,70
738505.47398230561520904303,60.1993713378906,-8.23694705963135,6.11998271942139,0.085170216858387,-0.00406796857714653,42.4760398864746,-71.336669921875,206.607086181641,172.15055847168,-6.4287371635437,-0.708931922912598,112.410766601562,61.0677146911621,-7.91610860824585,1.35957527160645,-0.312880873680115,0.771459460258484,70
738505.47398454998619854450,60.3534889221191,-7.88153123855591,6.10375356674194,0.085170216858387,-0.00406796857714653,42.4760284423828,-71.3365249633789,204.991271972656,170.534713745117,-4.20708274841309,-0.82407683134079,111.950508117676,61.1712188720703,-8.07091808319092,1.09874606132507,-0.376701414585114,0.775526940822601,70
738505.47398684907238930464,60.4770469665527,-7.22452449798584,6.17119312286377,0.085170216858387,-0.00406796857714653,42.476016998291,-71.3363800048828,203.442764282227,168.986190795898,-3.53648924827576,-0.147863015532494,111.813903808594,61.2188758850098,-8.14273357391357,-1.45019602775574,-0.439658790826797,0.77973461151123,70
738505.47398914990480989218,60.6282958984375,-6.61789608001709,6.25103902816772,0.085170216858387,-0.00406796857714653,42.4760093688965,-71.3362350463867,202.018096923828,167.561553955078,-3.95587110519409,0.113295331597328,111.800262451172,61.3079299926758,-8.09683132171631,-2.87568354606628,-0.497667193412781,0.784002661705017,70
738505.47399135085288435221,60.7373008728027,-6.43149995803833,6.22029733657837,0.085170216858387,-0.00406796857714653,42.4759979248047,-71.3360900878906,200.724487304688,166.267959594727,-2.35995936393738,0.167946770787239,111.647895812988,61.3928031921387,-7.9522852897644,-0.824147999286652,-0.547587811946869,0.788097858428955,70
738505.47399358847178518772,60.7665252685547,-5.92429542541504,6.16838884353638,0.085170216858387,-0.00406796857714653,42.4759864807129,-71.3359451293945,199.459564208984,165.003021240234,-0.229067698121071,0.0945316180586815,111.351249694824,61.3654365539551,-7.74257802963257,1.0117826461792,-0.594730794429779,0.79235315322876,70
738505.47399593691807240248,60.714485168457,-5.21366357803345,6.22213268280029,0.085170216858387,-0.00406796857714653,42.4759750366211,-71.3358001708984,198.312194824219,163.855621337891,-0.402588397264481,-0.0144107192754745,111.246635437012,61.2547645568848,-7.46880388259888,-1.18542146682739,-0.636994481086731,0.796683132648468,70
738505.47399823402520269156,60.6572647094727,-4.67536497116089,6.27682256698608,0.085170216858387,-0.00406796857714653,42.4759635925293,-71.3356552124023,197.282012939453,162.825378417969,-0.118954196572304,0.285921037197113,111.587516784668,61.1601295471191,-7.11978483200073,-2.78683161735535,-0.672628104686737,0.801078021526337,70
738505.47400047350674867630,60.5776863098145,-4.21871042251587,6.1912989616394,0.085170216858387,-0.00406796857714653,42.4759559631348,-71.3355102539062,196.372497558594,161.915832519531,1.41006112098694,0.20317730307579,112.220321655273,61.0392150878906,-6.73038387298584,-0.0509702786803246,-0.700769484043121,0.805346786975861,70
738505.47400265280157327652,60.4822006225586,-3.83199667930603,6.07354640960693,0.085170216858387,-0.00406796857714653,42.475944519043,-71.3353729248047,195.568786621094,161.112045288086,1.53099822998047,0.0406509935855865,112.823348999023,60.9070510864258,-6.32011413574219,2.50794148445129,-0.722666263580322,0.8095383644104,70
738505.47400487691629678011,60.4090461730957,-3.56316661834717,5.96159219741821,0.085170216858387,-0.00406796857714653,42.4759330749512,-71.3352279663086,194.81787109375,160.361038208008,0.618151783943176,-0.102767370641232,113.198364257812,60.8069839477539,-5.89798307418823,4.17093658447266,-0.739793598651886,0.81378972530365,70
738505.47400719672441482544,60.3760223388672,-3.33216333389282,5.89810800552368,0.085170216858387,-0.00406796857714653,42.4759254455566,-71.3350830078125,194.071899414062,159.614974975586,-1.0188262462616,-0.15559321641922,113.317901611328,60.7548751831055,-5.46220302581787,4.02844619750977,-0.75370728969574,0.81837797164917,70
738505.47400949348229914904,60.3709030151367,-3.21712207794189,5.91444492340088,0.085170216858387,-0.00406796857714653,42.4759140014648,-71.3349380493164,193.379821777344,158.922760009766,-2.14407920837402,-0.152432799339294,113.282524108887,60.7451782226562,-5.06769800186157,1.91496527194977,-0.763906896114349,0.822897374629974,70
738505.47401184600312262774,60.3574714660645,-3.20095038414001,5.9829363822937,0.085170216858387,-0.00406796857714653,42.475902557373,-71.3347930908203,192.682968139648,158.225769042969,-2.19463992118835,0.866719007492065,113.248481750488,60.7376823425293,-4.70968389511108,-0.763883352279663,-0.772100210189819,0.827606022357941,70
738505.47401425323914736509,60.3361358642578,-3.07564163208008,6.08190298080444,0.085170216858387,-0.00406796857714653,42.4758949279785,-71.3346405029297,191.980651855469,157.523254394531,-2.22472858428955,3.69619297981262,113.291702270508,60.7198333740234,-4.40314531326294,-1.89150023460388,-0.779252827167511,0.832483232021332,70
738505.47401649586390703917,60.3695487976074,-2.92081713676453,6.16410446166992,0.085170216858387,-0.00406796857714653,42.4758834838867,-71.3344955444336,191.342056274414,156.884475708008,-3.97656202316284,7.18956518173218,113.341888427734,60.7536811828613,-4.15176200866699,0.950720012187958,-0.784712016582489,0.837208807468414,70
738505.47401886619627475739,60.4077911376953,-3.15987753868103,6.34443664550781,0.085170216858387,-0.00406796857714653,42.4758720397949,-71.334342956543,190.674407958984,156.216613769531,-4.07568883895874,9.36143398284912,113.238777160645,60.8221855163574,-3.93264651298523,2.27427959442139,-0.788985431194305,0.842063426971436,70
738505.47402116260491311550,60.3479461669922,-3.24331188201904,6.68885660171509,0.085170216858387,-0.00406796857714653,42.4758605957031,-71.3341979980469,189.985458374023,155.527740478516,-1.97761368751526,9.75335788726807,112.991226196289,60.8040657043457,-3.78090715408325,0.597235441207886,-0.793968617916107,0.846748769283295,70
738505.47402343049179762602,60.2139625549316,-2.91789221763611,7.04072666168213,0.085170216858387,-0.00406796857714653,42.4758491516113,-71.3340530395508,189.317886352539,154.860214233398,-0.856439411640167,9.7981538772583,112.929397583008,60.6943740844727,-3.67588043212891,1.18466818332672,-0.799675405025482,0.851423621177673,70
738505.47402564866933971643,60.066650390625,-2.45147633552551,7.31571388244629,0.085170216858387,-0.00406796857714653,42.4758377075195,-71.3339080810547,188.754058837891,154.296401977539,-0.434549748897552,9.86969184875488,113.411277770996,60.5601501464844,-3.57293939590454,3.84282517433167,-0.80332738161087,0.855789721012115,70
738505.47402786905877292156,59.8832893371582,-2.09370684623718,7.61355209350586,0.085170216858387,-0.00406796857714653,42.4758262634277,-71.3337707519531,188.277221679688,153.819580078125,1.07969391345978,9.93640232086182,114.366836547852,60.4016380310059,-3.43537139892578,4.35363006591797,-0.803121626377106,0.859897494316101,70
738505.47403021797072142363,59.6083106994629,-1.67777192592621,8.05007171630859,0.085170216858387,-0.00406796857714653,42.4758110046387,-71.333625793457,187.8564453125,153.398834228516,2.49763131141663,10.0887594223022,115.359504699707,60.1728286743164,-3.24946856498718,1.12270045280457,-0.798440635204315,0.863894581794739,70
738505.47403256152756512165,59.3215980529785,-1.16970789432526,8.51694488525391,0.085170216858387,-0.00406796857714653,42.4757957458496,-71.3334808349609,187.522735595703,153.065216064453,1.48105478286743,10.1738014221191,115.908760070801,59.941291809082,-3.00195717811584,-1.41189575195312,-0.787873208522797,0.867729961872101,70
738505.47403477295301854610,59.1167144775391,-0.934551954269409,8.83763122558594,0.085170216858387,-0.00406796857714653,42.4757804870605,-71.3333435058594,187.281723022461,152.824264526367,1.14194524288177,10.1161861419678,116.065101623535,59.7809562683105,-2.73501825332642,-1.32266342639923,-0.772913932800293,0.870811700820923,70
738505.47403705504257231951,58.893238067627,-0.704204976558685,9.12948226928711,0.085170216858387,-0.00406796857714653,42.4757652282715,-71.3331985473633,187.070541381836,152.613128662109,1.90250039100647,9.93355751037598,116.131759643555,59.6008110046387,-2.43231272697449,-0.300411492586136,-0.752613365650177,0.873639404773712,70
738505.47403934225440025330,58.6661682128906,-0.514956295490265,9.3907527923584,0.085170216858387,-0.00406796857714653,42.4757499694824,-71.3330535888672,186.902572631836,152.445190429688,2.40136647224426,9.75746154785156,116.09349822998,59.4152374267578,-2.13594484329224,0.763124406337738,-0.729056298732758,0.875901937484741,70
738505.47404140816070139408,58.4741439819336,-0.348578572273254,9.63739109039307,0.085170216858387,-0.00406796857714653,42.4757347106934,-71.3329238891602,186.78108215332,152.323699951172,1.81978893280029,9.66641616821289,115.838981628418,59.2640419006348,-1.87238121032715,1.42394244670868,-0.704503655433655,0.877526342868805,70
738505.47404363949317485094,58.3295555114746,-0.322425425052643,9.88983631134033,0.085170216858387,-0.00406796857714653,42.4757194519043,-71.3327941894531,186.676300048828,152.218887329102,0.715803205966949,9.62734127044678,115.257667541504,59.1629104614258,-1.6196117401123,1.63952124118805,-0.677164793014526,0.87873101234436,70
738505.47404586453922092915,58.2040672302246,-0.507066905498505,10.135947227478,0.085170216858387,-0.00406796857714653,42.475700378418,-71.3326568603516,186.547927856445,152.090469360352,0.678796231746674,9.60846328735352,114.361145019531,59.0822143554688,-1.38885962963104,1.65921115875244,-0.647214770317078,0.879498958587646,70
738505.47404811275191605091,58.0119972229004,-0.689056575298309,10.3848667144775,0.085170216858387,-0.00406796857714653,42.4756851196289,-71.33251953125,186.380661010742,151.923126220703,2.04293537139893,9.60542964935303,113.44539642334,58.9382057189941,-1.21846413612366,1.18359208106995,-0.618029236793518,0.879752814769745,70
738505.47405036387499421835,57.7374076843262,-0.743041336536407,10.6880388259888,0.085170216858387,-0.00406796857714653,42.4756660461426,-71.3323822021484,186.194686889648,151.737060546875,3.37367463111877,9.65648651123047,112.841674804688,58.723030090332,-1.1125819683075,-0.869873046875,-0.590858638286591,0.879518985748291,70
738505.47405264002736657858,57.4513740539551,-0.629474341869354,10.9431667327881,0.085170216858387,-0.00406796857714653,42.4756469726562,-71.3322448730469,186.01155090332,151.553817749023,3.4081859588623,9.63240051269531,112.581893920898,58.4876861572266,-1.04732096195221,-0.307850331068039,-0.563658356666565,0.878772556781769,70
738505.47405494644772261381,57.2352600097656,-0.520005166530609,11.1245613098145,0.085170216858387,-0.00406796857714653,42.4756278991699,-71.3321075439453,185.849807739258,151.391937255859,1.9957047700882,8.66494560241699,112.465614318848,58.3086738586426,-0.996273159980774,2.30209732055664,-0.535118699073792,0.877440929412842,70
738505.47405724320560693741,57.1136741638184,-0.615178227424622,11.2992172241211,0.085170216858387,-0.00406796857714653,42.4756088256836,-71.3319625854492,185.691650390625,151.23371887207,0.652935802936554,5.65505170822144,112.221656799316,58.2238998413086,-0.949720561504364,2.51589679718018,-0.506197512149811,0.875598430633545,70
738505.47405948990490287542,57.0317115783691,-0.859976291656494,11.4690065383911,0.085170216858387,-0.00406796857714653,42.4755897521973,-71.3318252563477,185.491592407227,151.033676147461,0.675190567970276,2.65340828895569,111.677764892578,58.1798400878906,-0.920819699764252,0.360124170780182,-0.476988226175308,0.873179852962494,70
738505.47406181669794023037,56.9616508483887,-1.09234535694122,11.5478229522705,0.085170216858387,-0.00406796857714653,42.4755668640137,-71.3316879272461,185.252044677734,150.794097900391,0.979144930839539,1.68529796600342,110.935348510742,58.130672454834,-0.929093360900879,-0.758453071117401,-0.45070669054985,0.870377480983734,70
738505.47406411613337695599,56.8810195922852,-1.25805044174194,11.5673847198486,0.085170216858387,-0.00406796857714653,42.4755477905273,-71.3315505981445,184.967300415039,150.509414672852,0.703083336353302,1.88809657096863,110.163398742676,58.0589141845703,-0.978109359741211,-0.524848639965057,-0.426372081041336,0.867056548595428,70
738505.47406640171539038420,56.7935600280762,-1.38453829288483,11.5830688476562,0.085170216858387,-0.00406796857714653,42.475528717041,-71.331413269043,184.66374206543,150.20588684082,-0.0384933985769749,1.8844553232193,109.613105773926,57.979248046875,-1.05584812164307,-0.256104499101639,-0.404970049858093,0.8634352684021,70
738505.47406864468939602375,56.7090835571289,-1.53604853153229,11.6135110855103,0.085170216858387,-0.00406796857714653,42.4755096435547,-71.3312759399414,184.327224731445,149.869369506836,-0.279277741909027,1.91008365154266,109.408912658691,57.9064178466797,-1.15472495555878,-0.408314049243927,-0.385131895542145,0.859389364719391,70
738505.47407096228562295437,56.6115989685059,-1.71399188041687,11.6462144851685,0.085170216858387,-0.00406796857714653,42.4754867553711,-71.3311386108398,183.957702636719,149.49983215332,0.669079065322876,1.88659679889679,109.561508178711,57.8225326538086,-1.268434882164,-0.608376264572144,-0.367331236600876,0.855030179023743,70
738505.47407316218595951796,56.4934349060059,-1.84459543228149,11.6508884429932,0.085170216858387,-0.00406796857714653,42.4754676818848,-71.3310089111328,183.561889648438,149.103988647461,2.0462634563446,1.79871141910553,109.878997802734,57.7118186950684,-1.39300549030304,-0.106680177152157,-0.352076947689056,0.850502848625183,70
738505.47407542669679969549,56.399055480957,-1.78180122375488,11.5892581939697,0.085170216858387,-0.00406796857714653,42.4754486083984,-71.3308715820312,183.164916992188,148.706954956055,1.47706508636475,1.66264617443085,110.095245361328,57.6050300598145,-1.52090883255005,2.27106428146362,-0.338525891304016,0.845728695392609,70
738505.47407772974111139774,56.393627166748,-1.89665734767914,11.5467128753662,0.085170216858387,-0.00406796857714653,42.4754257202148,-71.3307342529297,182.755081176758,148.297027587891,-0.603935241699219,1.4588817358017,109.971900939941,57.5948371887207,-1.63662600517273,3.77854061126709,-0.325130075216293,0.84060126543045,70
738505.47408002056181430817,56.3801383972168,-2.21667695045471,11.626805305481,0.085170216858387,-0.00406796857714653,42.4754066467285,-71.3306045532227,182.304458618164,147.846313476562,-1.26725327968597,1.21672999858856,109.556198120117,57.6091690063477,-1.74501037597656,1.1225733757019,-0.313258022069931,0.835425913333893,70
738505.47408215154428035021,56.3081741333008,-2.36843585968018,11.762393951416,0.085170216858387,-0.00406796857714653,42.4753875732422,-71.3304748535156,181.821716308594,147.36360168457,-0.948500633239746,0.966549932956696,109.11498260498,57.572338104248,-1.86555683612823,-2.95023250579834,-0.304375499486923,0.830293357372284,70
738505.47408444131724536419,56.2308158874512,-2.30703806877136,11.8476228713989,0.085170216858387,-0.00406796857714653,42.4753684997559,-71.3303451538086,181.323638916016,146.865524291992,-1.65485167503357,0.706473648548126,108.903030395508,57.5116806030273,-1.9978985786438,-4.90086030960083,-0.29755887389183,0.824911653995514,70
738505.47408682224340736866,56.2326698303223,-2.28259706497192,11.7695627212524,0.085170216858387,-0.00406796857714653,42.4753456115723,-71.3302001953125,180.810455322266,146.352325439453,-2.89886331558228,0.59796941280365,109.20824432373,57.4964866638184,-2.1222722530365,-1.5829701423645,-0.291066110134125,0.819032192230225,70
738505.47408923052717000246,56.2859687805176,-2.51617217063904,11.6326160430908,0.085170216858387,-0.00406796857714653,42.4753265380859,-71.3300552368164,180.26025390625,145.802108764648,-2.73297095298767,0.467744022607803,109.932762145996,57.5305061340332,-2.22836256027222,2.76039624214172,-0.284706622362137,0.812813878059387,70
738505.47409158421214669943,56.301326751709,-2.88714909553528,11.6263265609741,0.085170216858387,-0.00406796857714653,42.4753036499023,-71.3299179077148,179.665679931641,145.207626342773,-1.61733102798462,0.33208042383194,110.434043884277,57.5616760253906,-2.33594012260437,2.36330986022949,-0.280754148960114,0.806788206100464,70
738505.47409391310065984726,56.2946548461914,-3.14909934997559,11.7353534698486,0.085170216858387,-0.00406796857714653,42.475284576416,-71.3297805786133,178.992294311523,144.351989746094,-2.03659915924072,0.250981986522675,110.367118835449,57.5909996032715,-2.4771580696106,-1.45576012134552,-0.280669867992401,0.800548017024994,70
738505.47409627283923327923,56.3173713684082,-3.45895981788635,11.8008832931519,0.085170216858387,-0.00406796857714653,42.4752616882324,-71.3296432495117,178.27783203125,143.453796386719,-3.92746067047119,0.135484129190445,109.926795959473,57.6443519592285,-2.64429378509521,-3.37204766273499,-0.284518092870712,0.794300615787506,70
738505.47409868158865720034,56.3585205078125,-4.05934619903564,11.6933422088623,0.085170216858387,-0.00406796857714653,42.4752426147461,-71.3294982910156,177.447494506836,142.436157226562,-3.15959763526917,-0.19288857281208,109.604621887207,57.7017784118652,-2.84885239601135,-0.0474999994039536,-0.293308317661285,0.787839531898499,70
738505.47410103864967823029,56.4210357666016,-4.14834260940552,11.5521621704102,0.085170216858387,-0.00406796857714653,42.4752197265625,-71.3293609619141,176.571578979492,141.379272460938,-2.34098315238953,-0.614309072494507,109.47322845459,57.7407531738281,-3.09430456161499,3.3911874294281,-0.30812206864357,0.781527638435364,70
738505.47410340094938874245,56.5062294006348,-4.31376886367798,11.539270401001,0.085170216858387,-0.00406796857714653,42.4752006530762,-71.329216003418,175.646850585938,140.293914794922,-4.20672559738159,-0.923332154750824,109.239044189453,57.8335304260254,-3.35952210426331,2.16974997520447,-0.327717274427414,0.774924516677856,70
738505.47410577617119997740,56.5765647888184,-4.72664308547974,11.523980140686,0.085170216858387,-0.00406796857714653,42.4751777648926,-71.3290786743164,174.670883178711,139.245819091797,-4.44533586502075,-1.19217240810394,108.955718994141,57.9314308166504,-3.61676621437073,1.30819380283356,-0.350592166185379,0.768422603607178,70
738505.47410820820368826389,56.6345329284668,-4.86838150024414,11.4431810379028,0.085170216858387,-0.00406796857714653,42.4751586914062,-71.3289337158203,173.596939086914,138.170364379883,-3.49216747283936,-1.46160888671875,108.976608276367,57.983772277832,-3.89421153068542,2.07450103759766,-0.37935608625412,0.761665105819702,70
738505.47411057970020920038,56.6592102050781,-5.06342792510986,11.4012889862061,0.085170216858387,-0.00406796857714653,42.4751358032227,-71.3287887573242,172.533889770508,137.105743408203,-2.93027663230896,-1.54874014854431,109.372177124023,58.0163230895996,-4.15328025817871,1.3968802690506,-0.410755544900894,0.755211412906647,70
738505.47411293338518589735,56.6830673217773,-5.20907068252563,11.3674726486206,0.085170216858387,-0.00406796857714653,42.4751167297363,-71.3286514282227,171.450408935547,136.020645141602,-2.43645024299622,-1.48864221572876,109.914619445801,58.0458793640137,-4.39632940292358,0.734588146209717,-0.444966375827789,0.748876869678497,70
738505.47411546146031469107,56.7406272888184,-5.27203607559204,11.3217849731445,0.085170216858387,-0.00406796857714653,42.4750938415527,-71.3285064697266,170.279769897461,134.848236083984,-2.4666645526886,-1.29250156879425,110.358619689941,58.0988464355469,-4.63532781600952,0.763552248477936,-0.484249889850616,0.742168426513672,70
738505.47411794948857277632,56.849536895752,-5.36155271530151,11.2756509780884,0.085170216858387,-0.00406796857714653,42.4750747680664,-71.3283538818359,169.074478149414,133.641036987305,-2.83648419380188,-1.14624166488647,110.429092407227,58.2044372558594,-4.84860897064209,1.28046500682831,-0.526438236236572,0.735398232936859,70
738505.47412046999670565128,56.9770927429199,-5.54777956008911,11.235782623291,0.085170216858387,-0.00406796857714653,42.4750518798828,-71.3282012939453,167.843017578125,132.27522277832,-2.53717064857483,-0.988257884979248,110.059783935547,58.338752746582,-5.03468227386475,1.7500901222229,-0.570560932159424,0.728732824325562,70
738505.47412307665217667818,57.0419387817383,-5.47961902618408,11.2807703018188,0.085170216858387,-0.00406796857714653,42.4750289916992,-71.3280487060547,166.528060913086,130.693771362305,-1.64658987522125,-0.767480313777924,109.525833129883,58.4043197631836,-5.21406888961792,-0.896835684776306,-0.619749784469604,0.721762597560883,70
738505.47412547387648373842,57.081672668457,-5.13656282424927,11.3368721008301,0.085170216858387,-0.00406796857714653,42.4750099182129,-71.3278961181641,165.368408203125,129.288482666016,-1.80599474906921,-0.809916734695435,109.279731750488,58.4228248596191,-5.33995771408081,-3.30422282218933,-0.665395379066467,0.715445816516876,70
738505.47412782441824674606,57.1781272888184,-4.64198780059814,11.29931640625,0.085170216858387,-0.00406796857714653,42.4749870300293,-71.3277587890625,164.313171386719,128.006759643555,-2.66158676147461,-0.818739295005798,109.468032836914,58.4684600830078,-5.39148998260498,-2.25411248207092,-0.707518100738525,0.709213972091675,70
738505.47413013328332453966,57.301700592041,-4.3505163192749,11.196436882019,0.085170216858387,-0.00406796857714653,42.474967956543,-71.3276138305664,163.374588012695,126.86759185791,-2.54683113098145,-0.835029065608978,110.048210144043,58.547176361084,-5.35461187362671,0.603757202625275,-0.743118286132812,0.703201532363892,70
738505.47413240571040660143,57.3545036315918,-4.37637186050415,11.1380529403687,0.085170216858387,-0.00406796857714653,42.4749488830566,-71.3274765014648,162.457077026367,125.751853942871,0.697641432285309,-0.759622991085052,110.666511535645,58.589656829834,-5.2593412399292,1.48901200294495,-0.774269878864288,0.697273671627045,70
738505.47413470305036753416,57.3598327636719,-3.83955812454224,11.064995765686,0.085170216858387,-0.00406796857714653,42.4749298095703,-71.3273468017578,161.619583129883,124.721145629883,2.09788656234741,-0.499019891023636,110.740409851074,58.5433731079102,-5.14021635055542,2.38137245178223,-0.802193701267242,0.691530108451843,70
738505.47413695685099810362,57.3657341003418,-3.47879481315613,10.9872179031372,0.085170216858387,-0.00406796857714653,42.474910736084,-71.3272018432617,160.84992980957,123.751594543457,0.790842652320862,-0.301813095808029,110.238563537598,58.5119514465332,-4.96489524841309,3.03493928909302,-0.82588803768158,0.685610175132751,70
738505.47413926722947508097,57.2993202209473,-3.24703407287598,11.0304708480835,0.085170216858387,-0.00406796857714653,42.4748916625977,-71.3270645141602,160.144821166992,122.851211547852,1.194993019104,-0.292347997426987,109.749717712402,58.4416542053223,-4.75184726715088,-0.313436418771744,-0.843796789646149,0.679894626140594,70
738505.47414153965655714273,57.1805267333984,-2.70242428779602,11.1529636383057,0.085170216858387,-0.00406796857714653,42.4748725891113,-71.3269271850586,159.502349853516,122.008117675781,1.10545265674591,-0.343010663986206,109.641571044922,58.3207015991211,-4.50547456741333,-5.41148328781128,-0.857272028923035,0.674082934856415,70
738505.47414376214146614075,57.1517524719238,-2.26872563362122,11.2267789840698,0.085170216858387,-0.00406796857714653,42.474853515625,-71.326789855957,158.984893798828,121.297912597656,-0.41197070479393,-0.401169955730438,109.813125610352,58.2881660461426,-4.23114156723022,-7.70185661315918,-0.863913893699646,0.668559908866882,70
738505.47414606751408427954,57.2060623168945,-2.14032745361328,11.1252689361572,0.085170216858387,-0.00406796857714653,42.4748344421387,-71.3266525268555,158.510650634766,120.626976013184,-0.447925865650177,-0.606549024581909,109.99486541748,58.3171195983887,-3.9191210269928,-4.60518455505371,-0.864303290843964,0.662896633148193,70
738505.47414829686749726534,57.2127342224121,-1.88851952552795,10.9881162643433,0.085170216858387,-0.00406796857714653,42.4748153686523,-71.3265228271484,158.066558837891,119.987648010254,1.22169661521912,-0.867527782917023,110.131744384766,58.2889518737793,-3.6099271774292,-1.90892553329468,-0.86032772064209,0.657240033149719,70
738505.47415056929457932711,57.1401138305664,-1.36643815040588,10.9618091583252,0.085170216858387,-0.00406796857714653,42.474796295166,-71.3263854980469,157.705047607422,119.430793762207,1.08795118331909,-0.963638365268707,110.375900268555,58.1981201171875,-3.30315375328064,-3.8039493560791,-0.851831138134003,0.651564419269562,70
738505.47415285848546773195,57.1009101867676,-0.971219599246979,10.9443159103394,0.085170216858387,-0.00406796857714653,42.4747772216797,-71.3262481689453,157.436309814453,118.96556854248,0.221014738082886,-1.03612720966339,110.82543182373,58.1483917236328,-2.9756293296814,-5.25353527069092,-0.836745202541351,0.645872414112091,70
738505.47415509878192096949,57.098258972168,-0.682150602340698,10.8039464950562,0.085170216858387,-0.00406796857714653,42.4747581481934,-71.3261108398438,157.234375,118.573486328125,0.70523077249527,-1.23350238800049,111.361824035645,58.1154174804688,-2.64410519599915,-2.67125105857849,-0.815884470939636,0.640385627746582,70
738505.47415731195360422134,57.1036796569824,-0.408417642116547,10.5598955154419,0.085170216858387,-0.00406796857714653,42.474739074707,-71.3259811401367,157.084808349609,118.235374450684,1.37183368206024,-1.43493723869324,111.812294006348,58.0733032226562,-2.31192970275879,2.02881073951721,-0.789735615253448,0.634949684143066,70
738505.47415959369391202927,57.1229248046875,-0.0711470395326614,10.3449125289917,0.085170216858387,-0.00406796857714653,42.4747200012207,-71.3258438110352,156.996566772461,117.952239990234,0.441036462783813,-1.43328940868378,111.985977172852,58.0521392822266,-1.96885716915131,4.89107656478882,-0.75704288482666,0.629349708557129,70
738505.47416188637726008892,57.1150245666504,-0.121801346540451,10.3320407867432,0.085170216858387,-0.00406796857714653,42.4747047424316,-71.3257064819336,156.938125610352,117.703918457031,-0.177395328879356,-1.07927942276001,111.871528625488,58.0421562194824,-1.64214539527893,2.30810284614563,-0.720000684261322,0.624021947383881,70
738505.47416419186629354954,57.0528335571289,-0.285991251468658,10.3606691360474,0.085170216858387,-0.00406796857714653,42.4746856689453,-71.3255615234375,156.844528198242,117.412796020508,1.37716805934906,-0.635750770568848,111.646911621094,57.986644744873,-1.34850764274597,-0.451814413070679,-0.679361581802368,0.61861664056778,70
738505.47416654590051621199,56.9788551330566,-0.202065780758858,10.2742872238159,0.085170216858387,-0.00406796857714653,42.474666595459,-71.3254241943359,156.749420166016,117.12092590332,2.05398845672607,-0.602853298187256,111.468849182129,57.8981132507324,-1.12231123447418,0.625712275505066,-0.638761043548584,0.613369584083557,70
738505.47416881762910634279,56.9355201721191,-0.259670615196228,10.173547744751,0.085170216858387,-0.00406796857714653,42.4746513366699,-71.3252868652344,156.658157348633,116.838851928711,1.71929240226746,-0.697187066078186,111.262748718262,57.8378944396973,-0.950970470905304,1.92789447307587,-0.598665416240692,0.608400642871857,70
738505.47417107329238206148,56.9043502807617,-0.446227103471756,10.1224269866943,0.085170216858387,-0.00406796857714653,42.4746322631836,-71.3251495361328,156.542938232422,116.532470703125,1.59688997268677,-0.859889209270477,110.858665466309,57.7993774414062,-0.826064765453339,1.5097336769104,-0.558549821376801,0.603522002696991,70
738505.47417338762897998095,56.8476219177246,-0.694995284080505,10.0890254974365,0.085170216858387,-0.00406796857714653,42.4746131896973,-71.3250122070312,156.377868652344,116.173065185547,2.29929256439209,-1.11635637283325,110.233955383301,57.7401351928711,-0.755816221237183,0.320896744728088,-0.519410133361816,0.59866851568222,70
738505.47417576354928314686,56.7718200683594,-0.78898298740387,10.0082426071167,0.085170216858387,-0.00406796857714653,42.4745979309082,-71.3248901367188,156.199493408203,115.821792602539,2.60963296890259,-1.38905000686646,109.679756164551,57.6526412963867,-0.743543386459351,0.407902330160141,-0.486855387687683,0.594402551651001,70
738505.47417817881796509027,56.7027473449707,-0.660594999790192,9.78821563720703,0.085170216858387,-0.00406796857714653,42.4745788574219,-71.3247222900391,155.969970703125,115.364234924316,0.800028145313263,-1.68770551681519,109.331924438477,57.5451736450195,-0.771240770816803,3.15082287788391,-0.445903956890106,0.588898539543152,70
738505.47418048267718404531,56.7329330444336,-0.738152205944061,9.68892002105713,0.085170216858387,-0.00406796857714653,42.4745597839355,-71.3245849609375,155.786773681641,114.989624023438,-1.20129549503326,-1.72043752670288,109.424766540527,57.5590629577637,-0.798524260520935,3.14434838294983,-0.411165207624435,0.584443211555481,70
738505.47418280155397951603,56.7763252258301,-1.02857756614685,9.70816516876221,0.085170216858387,-0.00406796857714653,42.4745445251465,-71.3244476318359,155.562576293945,114.573539733887,-1.31517899036407,-1.41146421432495,109.47998046875,57.6095237731934,-0.833474397659302,0.553846836090088,-0.376879900693893,0.5801020860672,70
738505.47418511577416211367,56.7945899963379,-1.33538115024567,9.70935153961182,0.085170216858387,-0.00406796857714653,42.4745254516602,-71.3243103027344,155.27766418457,114.099510192871,0.118560634553432,-0.359574794769287,109.251419067383,57.6340179443359,-0.898589015007019,-0.59335196018219,-0.345939964056015,0.575963735580444,70
738505.47418756061233580112,56.7580299377441,-1.431077003479,9.68598079681396,0.085170216858387,-0.00406796857714653,42.4745101928711,-71.3241653442383,154.935974121094,113.559715270996,1.04420328140259,0.369449973106384,108.8515625,57.5963554382324,-1.00712525844574,-0.641135156154633,-0.317596405744553,0.571735739707947,70
738505.47418983909301459789,56.7085418701172,-1.34258937835693,9.67671203613281,0.085170216858387,-0.00406796857714653,42.4744911193848,-71.3240280151367,154.604125976562,113.032516479492,0.044276487082243,0.485168427228928,108.604515075684,57.5438957214355,-1.12834918498993,-0.888160943984985,-0.292100191116333,0.56768012046814,70
738505.47419217182323336601,56.7006454467773,-1.35465347766876,9.61625480651855,0.085170216858387,-0.00406796857714653,42.4744758605957,-71.3238906860352,154.29362487793,112.532760620117,-0.796277940273285,0.267792224884033,108.726402282715,57.5262603759766,-1.2309582233429,0.426683992147446,-0.267606377601624,0.563836336135864,70
738505.47419446520507335663,56.6711883544922,-1.29457437992096,9.57952690124512,0.085170216858387,-0.00406796857714653,42.4744567871094,-71.3237533569336,153.978424072266,112.027267456055,0.310477644205093,-0.161181226372719,109.352005004883,57.4897117614746,-1.31589841842651,0.372979164123535,-0.242874637246132,0.560037612915039,70
738505.47419679816812276840,56.6193351745605,-1.03756320476532,9.61918163299561,0.085170216858387,-0.00406796857714653,42.4744415283203,-71.3236083984375,153.700485229492,111.558364868164,0.141770005226135,-0.538641571998596,110.173530578613,57.4400024414062,-1.37350118160248,-2.40410256385803,-0.217004165053368,0.556300461292267,70
738505.47419909294694662094,56.6416015625,-0.971350014209747,9.65682697296143,0.085170216858387,-0.00406796857714653,42.4744262695312,-71.3234710693359,153.460815429688,111.128761291504,-1.82602179050446,-0.699311196804047,110.669296264648,57.467113494873,-1.38752400875092,-4.37395715713501,-0.188464283943176,0.552651941776276,70
738505.47420140251051634550,56.7253341674805,-1.14004135131836,9.62412452697754,0.085170216858387,-0.00406796857714653,42.4744071960449,-71.3233413696289,153.204010009766,110.684440612793,-2.73024845123291,-0.876422345638275,110.704803466797,57.5472602844238,-1.37706995010376,-3.66948556900024,-0.158543333411217,0.549088299274445,70
738505.47420372534543275833,56.8208198547363,-1.35570800304413,9.58432292938232,0.085170216858387,-0.00406796857714653,42.4743919372559,-71.3231964111328,152.907821655273,110.196617126465,-3.00679397583008,-1.00822472572327,110.423362731934,57.6394195556641,-1.37366318702698,-2.9510018825531,-0.128554999828339,0.545473337173462,70
738505.47420603560749441385,56.9060935974121,-1.68222737312317,9.49784183502197,0.085170216858387,-0.00406796857714653,42.4743728637695,-71.3230590820312,152.556533813477,109.655944824219,-2.55486583709717,-0.766237378120422,109.990493774414,57.7177810668945,-1.39939534664154,-1.00645697116852,-0.101295575499535,0.541927456855774,70
738505.47420841734856367111,56.9686584472656,-1.957688331604,9.39676570892334,0.085170216858387,-0.00406796857714653,42.4743576049805,-71.3229217529297,152.131286621094,109.035545349121,-1.96529102325439,-0.602270662784576,109.603240966797,57.7716178894043,-1.4727988243103,1.05859923362732,-0.0774466693401337,0.53830224275589,70
738505.47421080956701189280,57.0050926208496,-2.11830258369446,9.34125900268555,0.085170216858387,-0.00406796857714653,42.4743385314941,-71.3227767944336,151.655548095703,108.362358093262,-1.95548582077026,-0.54894095659256,109.484260559082,57.8042106628418,-1.59088242053986,1.40821576118469,-0.0579676367342472,0.534700155258179,70
738505.47421312541700899601,57.0353469848633,-2.21362590789795,9.34720039367676,0.085170216858387,-0.00406796857714653,42.4743232727051,-71.3226318359375,151.16796875,107.682090759277,-2.37850189208984,-0.539407551288605,109.697883605957,57.8385772705078,-1.72904396057129,0.0794286206364632,-0.042510986328125,0.531271934509277,70
738505.47421537130139768124,57.0620460510254,-2.28781723976135,9.41507339477539,0.085170216858387,-0.00406796857714653,42.474308013916,-71.3225021362305,150.685317993164,107.015342712402,-2.51102542877197,-0.550108432769775,110.117881774902,57.8787956237793,-1.86586546897888,-2.75296568870544,-0.0300916489213705,0.528079926967621,70
738505.47421777376439422369,57.1226501464844,-2.45359659194946,9.45898818969727,0.085170216858387,-0.00406796857714653,42.4742889404297,-71.3223571777344,150.154571533203,106.289581298828,-2.54138541221619,-0.354471951723099,110.513732910156,57.9524765014648,-2.00684857368469,-4.20028781890869,-0.0188907384872437,0.524753510951996,70
738505.47422002418898046017,57.2114410400391,-2.7942910194397,9.37572002410889,0.085170216858387,-0.00406796857714653,42.4742736816406,-71.3222198486328,149.587265014648,105.527549743652,-2.45552134513855,1.57224929332733,110.513412475586,58.0418891906738,-2.14638471603394,-1.09333646297455,-0.0107350489124656,0.521588325500488,70
738505.47422237868886440992,57.3146171569824,-3.16962003707886,9.27274036407471,0.085170216858387,-0.00406796857714653,42.4742584228516,-71.3220748901367,148.92692565918,104.550231933594,-2.58248543739319,4.57159423828125,110.015937805176,58.1463279724121,-2.31430578231812,3.78890204429626,-0.00714848283678293,0.518350839614868,70
738505.47422464902047067881,57.385799407959,-3.46852827072144,9.31575584411621,0.085170216858387,-0.00406796857714653,42.4742431640625,-71.3219375610352,148.229339599609,103.549507141113,-3.3239438533783,7.04932451248169,109.295677185059,58.2403984069824,-2.50586485862732,6.00652074813843,-0.0095233665779233,0.51531857252121,70
738505.47422699478920549154,57.4006805419922,-3.81891345977783,9.56938552856445,0.085170216858387,-0.00406796857714653,42.4742240905762,-71.3218002319336,147.440979003906,102.445320129395,-4.28783082962036,7.27581787109375,108.688491821289,58.3180541992188,-2.73339343070984,3.24419379234314,-0.0180944167077541,0.512216448783875,70
738505.47422931483015418053,57.3840026855469,-4.17577075958252,9.90279865264893,0.085170216858387,-0.00406796857714653,42.4742088317871,-71.321662902832,146.600051879883,101.295166015625,-3.7852988243103,7.33155632019043,108.469596862793,58.3817291259766,-2.98084902763367,-0.898014843463898,-0.032886803150177,0.509205102920532,70
738505.47423161473125219345,57.3472785949707,-4.4715256690979,10.2310829162598,0.085170216858387,-0.00406796857714653,42.4741897583008,-71.3215179443359,145.670150756836,100.059745788574,-2.38707995414734,7.38836622238159,108.604194641113,58.4241409301758,-3.25787496566772,-3.63698506355286,-0.0550080537796021,0.506043076515198,70
738505.47423379833344370127,57.3419494628906,-4.62905406951904,10.3885078430176,0.085170216858387,-0.00406796857714653,42.4741744995117,-71.3213882446289,144.772048950195,98.8859252929688,-1.8057519197464,7.30790233612061,108.867942810059,58.4589462280273,-3.52265477180481,-1.28324723243713,-0.081142470240593,0.502993166446686,70
738505.47423607134260237217,57.3697166442871,-4.71899271011353,10.484733581543,0.085170216858387,-0.00406796857714653,42.4741554260254,-71.3212509155273,143.795486450195,97.6147994995117,-2.87395429611206,6.97798585891724,109.05583190918,58.5105361938477,-3.79766154289246,2.70892000198364,-0.113578796386719,0.499483704566956,70
738505.47423837182577699423,57.4103851318359,-4.88387537002563,10.6421594619751,0.085170216858387,-0.00406796857714653,42.4741363525391,-71.3211135864258,142.804916381836,96.3315048217773,-4.13281917572021,6.11493539810181,109.175514221191,58.5923233032227,-4.04684686660767,3.43442225456238,-0.149045273661613,0.495736628770828,70
738505.47424072783906012774,57.4091606140137,-5.04554271697998,10.8916187286377,0.085170216858387,-0.00406796857714653,42.4741172790527,-71.3209686279297,141.763595581055,94.9950561523438,-3.81352663040161,4.34687614440918,109.475540161133,58.6506309509277,-4.27897930145264,0.367061018943787,-0.188378512859344,0.491688102483749,70
738505.47424320329446345568,57.4827537536621,-4.8683500289917,11.0037450790405,0.085170216858387,-0.00406796857714653,42.4740982055664,-71.3208236694336,140.654678344727,93.5678024291992,-4.64708709716797,2.39842247962952,110.151321411133,58.7286186218262,-4.50428438186646,1.50848865509033,-0.234083980321884,0.486968964338303,70
738505.47424562636297196150,57.6562271118164,-4.89820337295532,10.9653520584106,0.085170216858387,-0.00406796857714653,42.4740753173828,-71.3206787109375,139.608459472656,92.2641372680664,-5.85543012619019,1.17287290096283,110.946571350098,58.8937339782715,-4.66904830932617,4.92870712280273,-0.27820947766304,0.482093155384064,70
738505.47424801101442426443,57.8125305175781,-5.1635890007019,10.9962320327759,0.085170216858387,-0.00406796857714653,42.4740562438965,-71.3205261230469,138.493957519531,90.8972320556641,-4.65729904174805,0.599367380142212,111.475570678711,59.0751075744629,-4.80203819274902,4.79104804992676,-0.324436783790588,0.476749986410141,70
738505.47425027447752654552,57.8956832885742,-5.04753828048706,11.1493148803711,0.085170216858387,-0.00406796857714653,42.4740371704102,-71.3203887939453,137.444702148438,89.6122894287109,-3.67895221710205,0.249009549617767,111.501495361328,59.175121307373,-4.91700649261475,0.907651424407959,-0.370142608880997,0.471539735794067,70
738505.47425264492630958557,57.9575996398926,-4.88282203674316,11.3282089233398,0.085170216858387,-0.00406796857714653,42.4740180969238,-71.3202438354492,136.376846313477,88.2975997924805,-3.75141000747681,0.163211107254028,111.310928344727,59.2558326721191,-5.01093530654907,-3.17176270484924,-0.418385058641434,0.46582618355751,70
738505.47425494412891566753,58.0471534729004,-4.61317777633667,11.4228582382202,0.085170216858387,-0.00406796857714653,42.4739990234375,-71.3201065063477,135.39794921875,87.0806732177734,-4.13710880279541,0.316158026456833,111.285758972168,59.3399963378906,-5.0597448348999,-3.88305449485779,-0.463158249855042,0.460101097822189,70
738505.47425723401829600334,58.1393699645996,-4.35351610183716,11.406590461731,0.085170216858387,-0.00406796857714653,42.4739761352539,-71.3199615478516,134.455108642578,85.8957672119141,-3.21534419059753,0.410746276378632,111.718696594238,59.4074897766113,-5.056480884552,-1.41088318824768,-0.505114436149597,0.454023659229279,70
738505.47425955976359546185,58.1899375915527,-3.8862898349762,11.3161067962646,0.085170216858387,-0.00406796857714653,42.4739570617676,-71.31982421875,133.59001159668,84.7896499633789,-0.728736639022827,0.341311484575272,112.630142211914,59.4072914123535,-4.99747753143311,2.06351208686829,-0.542105138301849,0.447738260030746,70
738505.47426180925685912371,58.1625366210938,-3.1221284866333,11.2597103118896,0.085170216858387,-0.00406796857714653,42.4739379882812,-71.3196868896484,132.845245361328,83.8048629760742,1.82766699790955,0.312331855297089,113.699989318848,59.3246116638184,-4.86775016784668,3.08618402481079,-0.571470320224762,0.441279053688049,70
738505.47426401218399405479,58.0913314819336,-2.17593479156494,11.3207130432129,0.085170216858387,-0.00406796857714653,42.4739189147949,-71.3195495605469,132.315948486328,83.0471343994141,1.53251874446869,0.405750274658203,114.366134643555,59.2241172790527,-4.64666414260864,0.358263790607452,-0.587796270847321,0.434999614953995,70
738505.47426640731282532215,58.0070915222168,-1.61709225177765,11.295223236084,0.085170216858387,-0.00406796857714653,42.4738998413086,-71.3194046020508,131.887832641602,82.3718872070312,2.09777641296387,0.286290138959885,114.653953552246,59.1186904907227,-4.28334999084473,0.337110489606857,-0.5891153216362,0.42803430557251,70
738505.47426874458324164152,57.871898651123,-0.863827884197235,11.1815366744995,0.085170216858387,-0.00406796857714653,42.473876953125,-71.3192672729492,131.597763061523,81.8422393798828,3.04013276100159,0.111336022615433,114.935089111328,58.9485359191895,-3.8479790687561,1.96421313285828,-0.575757920742035,0.421176582574844,70
738505.47427098697517067194,57.7601585388184,-0.182964608073235,11.1695003509521,0.085170216858387,-0.00406796857714653,42.4738578796387,-71.3191223144531,131.461532592773,81.4678039550781,1.51633059978485,0.152383178472519,115.226707458496,58.830493927002,-3.34481596946716,0.295029997825623,-0.547223567962646,0.414250403642654,70
738505.47427334729582071304,57.724292755127,0.0282506458461285,11.2198276519775,0.085170216858387,-0.00406796857714653,42.4738388061523,-71.3189849853516,131.40461730957,81.1684494018555,0.510259509086609,0.345592319965363,115.101837158203,58.8045845031738,-2.78829669952393,-1.93677413463593,-0.503515899181366,0.407121241092682,70
738505.47427563264500349760,57.7066993713379,0.148319944739342,11.217360496521,0.085170216858387,-0.00406796857714653,42.473819732666,-71.3188400268555,131.379852294922,80.9059677124023,0.856883823871613,0.373771905899048,114.501724243164,58.7870254516602,-2.25871133804321,-1.97083854675293,-0.451099067926407,0.400083363056183,70
738505.47427798260468989611,57.6646499633789,0.273632943630219,11.1815071105957,0.085170216858387,-0.00406796857714653,42.4738006591797,-71.3186950683594,131.375396728516,80.6543731689453,1.82234215736389,0.68440455198288,113.572227478027,58.7393646240234,-1.76284992694855,-1.11416637897491,-0.390225678682327,0.392667293548584,70
738505.47428029903676360846,57.5911064147949,0.497052729129791,11.1126880645752,0.085170216858387,-0.00406796857714653,42.4737815856934,-71.3185577392578,131.406341552734,80.4479141235352,2.29552340507507,0.646979212760925,112.638031005859,58.6555595397949,-1.3492534160614,0.442017555236816,-0.326893985271454,0.385502129793167,70
738505.47428262792527675629,57.5049095153809,0.814331233501434,11.038782119751,0.085170216858387,-0.00406796857714653,42.4737586975098,-71.3184204101562,131.493759155273,80.2967071533203,1.89615857601166,0.501074254512787,111.934707641602,58.5605049133301,-0.980741798877716,1.62421905994415,-0.257706671953201,0.37823212146759,70
738505.47428498230874538422,57.4221725463867,1.04913723468781,10.9871997833252,0.085170216858387,-0.00406796857714653,42.4737396240234,-71.3182754516602,131.643600463867,80.2052612304688,1.3899701833725,0.418495178222656,111.659118652344,58.4732856750488,-0.635913670063019,1.86085271835327,-0.180735290050507,0.370834589004517,70
738505.47428736055735498667,57.3071899414062,1.035569190979,10.9734945297241,0.085170216858387,-0.00406796857714653,42.4737205505371,-71.3181381225586,131.81071472168,80.1289367675781,2.91472220420837,0.360835909843445,111.863922119141,58.357551574707,-0.317152947187424,0.871646225452423,-0.0967350378632545,0.363347262144089,70
738505.47428963612765073776,57.1502304077148,1.03712153434753,10.9951906204224,0.085170216858387,-0.00406796857714653,42.4737014770508,-71.318000793457,131.969116210938,80.2457427978516,4.70337295532227,0.320407778024673,112.128547668457,58.2075500488281,-0.0567048713564873,-1.09711790084839,-0.0125496238470078,0.356144905090332,70
738505.47429199633188545704,57.0072593688965,1.06007719039917,10.9562673568726,0.085170216858387,-0.00406796857714653,42.4736824035645,-71.3178558349609,132.13883972168,80.3858871459961,4.19619274139404,0.23250088095665,111.912010192871,58.0602378845215,0.163581445813179,-1.15186834335327,0.0773036107420921,0.348589599132538,70
738505.47429436747916042805,56.9522705078125,0.907707273960114,10.8622522354126,0.085170216858387,-0.00406796857714653,42.4736633300781,-71.3177108764648,132.297256469727,80.5143661499023,2.12087798118591,0.0455329604446888,111.083427429199,57.9859771728516,0.335090100765228,0.496903121471405,0.168629065155983,0.341028422117233,70
738505.47429677110631018877,56.9133682250977,0.557836174964905,10.8162298202515,0.085170216858387,-0.00406796857714653,42.4736442565918,-71.3175659179688,132.400238037109,80.586555480957,1.20113706588745,-0.0329431630671024,110.050399780273,57.9347343444824,0.446591556072235,0.324053585529327,0.26014432311058,0.333352625370026,70
738505.47429906786419451237,56.8486518859863,0.225377380847931,10.8291101455688,0.085170216858387,-0.00406796857714653,42.4736251831055,-71.3174285888672,132.430023193359,80.5868453979492,1.07708585262299,-0.0345069877803326,109.276733398438,57.8713188171387,0.478206127882004,-1.4990861415863,0.343699336051941,0.326024353504181,70
738505.47430139651987701654,56.8111877441406,-0.0207069013267756,10.8206949234009,0.085170216858387,-0.00406796857714653,42.4736061096191,-71.3172912597656,132.401824951172,80.5297622680664,-0.236294016242027,0.0485680848360062,108.785224914551,57.8325080871582,0.438362210988998,-2.08721542358398,0.420428901910782,0.318815588951111,70
738505.47430372866801917553,56.8670845031738,-0.513902187347412,10.7350645065308,0.085170216858387,-0.00406796857714653,42.4735870361328,-71.3171539306641,132.303085327148,80.4011154174805,-2.72865414619446,0.225440353155136,108.406036376953,57.8737525939941,0.337591797113419,0.369956940412521,0.49303212761879,0.311444640159607,70
738505.47430597094353288412,56.9421157836914,-1.23293876647949,10.6739444732666,0.085170216858387,-0.00406796857714653,42.4735679626465,-71.3170166015625,132.08561706543,80.154182434082,-3.67929625511169,0.411899536848068,108.116302490234,57.9470252990723,0.172003358602524,2.07651495933533,0.554714202880859,0.304353684186935,70
738505.47430826770141720772,56.9552192687988,-2.09199905395508,10.7218198776245,0.085170216858387,-0.00406796857714653,42.4735488891602,-71.3168792724609,131.695266723633,79.7326354980469,-2.63615918159485,0.780633807182312,107.938003540039,57.9933700561523,-0.0991029441356659,0.221649706363678,0.606204867362976,0.296885937452316,70
738505.47431062220130115747,56.8825531005859,-2.63101601600647,10.8787517547607,0.085170216858387,-0.00406796857714653,42.4735298156738,-71.3167343139648,131.154541015625,79.1616516113281,-1.08305704593658,1.28578662872314,107.907035827637,57.9732208251953,-0.474455863237381,-4.15110492706299,0.640483260154724,0.289479851722717,70
738505.47431294585112482309,56.8643646240234,-2.94111347198486,10.9305715560913,0.085170216858387,-0.00406796857714653,42.4735107421875,-71.3165969848633,130.552093505859,78.5303497314453,-1.95099306106567,1.38595998287201,107.895774841309,57.9800262451172,-0.904771447181702,-4.46303367614746,0.65980988740921,0.282216995954514,70
738505.47431525995489209890,56.9312553405762,-3.32677221298218,10.8247661590576,0.085170216858387,-0.00406796857714653,42.4734916687012,-71.3164596557617,129.876113891602,77.8249435424805,-2.82475996017456,1.09958124160767,107.836929321289,58.0466232299805,-1.35447859764099,-0.259630471467972,0.668528199195862,0.274842113256454,70
738505.47431755904108285904,56.9881439208984,-3.68014812469482,10.7841510772705,0.085170216858387,-0.00406796857714653,42.4734725952148,-71.3163223266602,129.117370605469,77.0358810424805,-2.69808912277222,0.719195246696472,107.741249084473,58.1161727905273,-1.8065060377121,1.01630771160126,0.667247295379639,0.267360985279083,70
738505.47431993240024894476,57.0081901550293,-3.85148310661316,10.8585691452026,0.085170216858387,-0.00406796857714653,42.4734535217285,-71.3161849975586,128.320175170898,76.2089233398438,-3.33202481269836,0.552864015102386,107.646530151367,58.1607780456543,-2.23779034614563,-1.50614845752716,0.657068133354187,0.259969800710678,70
738505.47432224662043154240,57.0357475280762,-4.06341886520386,10.9686269760132,0.085170216858387,-0.00406796857714653,42.4734344482422,-71.3160400390625,127.46263885498,75.3211441040039,-4.98122453689575,0.59443861246109,107.627914428711,58.2228355407715,-2.64868330955505,-4.55270910263062,0.639743268489838,0.25225642323494,70
738505.47432460542768239975,57.0607490539551,-4.50389814376831,10.9535818099976,0.085170216858387,-0.00406796857714653,42.4734115600586,-71.3158950805664,126.535308837891,74.3640670776367,-4.2774395942688,0.627639532089233,107.872871398926,58.2768859863281,-3.0226411819458,-3.22348690032959,0.615695536136627,0.244525402784348,70
738505.47432694851886481047,57.0870590209961,-4.69487333297729,10.8083152770996,0.085170216858387,-0.00406796857714653,42.4733924865723,-71.3157577514648,125.570419311523,73.3696060180664,-2.44406080245972,0.513872385025024,108.403991699219,58.2905960083008,-3.37282133102417,1.62211918830872,0.58376532793045,0.236966207623482,70
738505.47432929649949073792,57.1421356201172,-4.74397754669189,10.6620445251465,0.085170216858387,-0.00406796857714653,42.4733734130859,-71.3156204223633,124.575057983398,72.3562393188477,-2.57645440101624,0.381506860256195,108.964805603027,58.3215942382812,-3.70412731170654,5.58412218093872,0.544591546058655,0.229244977235794,70
738505.47433164610993117094,57.2253570556641,-4.94482946395874,10.6803693771362,0.085170216858387,-0.00406796857714653,42.4733543395996,-71.3154830932617,123.558486938477,71.4776840209961,-3.37336134910583,0.291847735643387,109.177185058594,58.4231376647949,-3.9954788684845,4.3016357421875,0.501095473766327,0.221561118960381,70
738505.47433407371863722801,57.2900848388672,-5.09508275985718,10.7398586273193,0.085170216858387,-0.00406796857714653,42.4733352661133,-71.3153305053711,122.436859130859,70.5035858154297,-3.30782437324524,0.177379861474037,109.047691345215,58.510326385498,-4.27369499206543,2.05909466743469,0.449402958154678,0.213373422622681,70
738505.47433635988272726536,57.3312034606934,-5.07836627960205,10.7636919021606,0.085170216858387,-0.00406796857714653,42.473316192627,-71.3151931762695,121.377700805664,69.5823287963867,-2.40806818008423,0.0226890090852976,108.941032409668,58.5535125732422,-4.50370502471924,1.14622974395752,0.396688401699066,0.205784127116203,70
738505.47433861833997070789,57.3750953674316,-4.87542104721069,10.7495212554932,0.085170216858387,-0.00406796857714653,42.4732971191406,-71.315055847168,120.347602844238,68.6894836425781,-1.84374952316284,-0.109580367803574,109.054443359375,58.5766487121582,-4.69154787063599,1.33735132217407,0.342386305332184,0.198226138949394,70
738505.47434087307192385197,57.434871673584,-4.53099679946899,10.7294654846191,0.085170216858387,-0.00406796857714653,42.4732780456543,-71.3149185180664,119.38639831543,67.8637084960938,-2.26662850379944,0.464533895254135,109.471893310547,58.603889465332,-4.81604957580566,1.74149692058563,0.290576875209808,0.190750643610954,70
738505.47434331988915801048,57.5295486450195,-4.04133892059326,10.7638263702393,0.085170216858387,-0.00406796857714653,42.473258972168,-71.3147735595703,118.453155517578,67.0737152099609,-2.98247981071472,0.439275711774826,110.181190490723,58.6672096252441,-4.86296939849854,1.12085580825806,0.241741299629211,0.182811960577965,70
738505.47434567415621131659,57.6119003295898,-3.7158043384552,10.8898725509644,0.085170216858387,-0.00406796857714653,42.4732398986816,-71.3146286010742,117.618659973145,66.3823318481445,-3.20025610923767,0.230539172887802,110.935050964355,58.7497024536133,-4.81310224533081,-2.13459539413452,0.202802300453186,0.174923852086067,70
738505.47434792690910398960,57.6871147155762,-3.44756579399109,10.9456424713135,0.085170216858387,-0.00406796857714653,42.4732208251953,-71.3144912719727,116.866813659668,65.7691879272461,-2.48890733718872,0.185974299907684,111.506164550781,58.8174819946289,-4.69352531433105,-2.8457772731781,0.174069508910179,0.167299941182137,70
738505.47435009665787220001,57.7628135681152,-3.09577870368958,10.8905897140503,0.085170216858387,-0.00406796857714653,42.4732055664062,-71.3143615722656,116.214050292969,65.2474746704102,-2.34122896194458,0.169927686452866,111.930999755859,58.8619689941406,-4.53571605682373,-0.362796813249588,0.154162660241127,0.160042226314545,70
738505.47435234673321247101,57.8505210876465,-2.6278121471405,10.7983627319336,0.085170216858387,-0.00406796857714653,42.4731864929199,-71.3142242431641,115.621627807617,64.790153503418,-2.34525179862976,0.309698969125748,112.469245910645,58.9083442687988,-4.32857942581177,2.70798707008362,0.142263248562813,0.152428388595581,70
738505.47435466106981039047,57.8902015686035,-2.22336554527283,10.7725982666016,0.085170216858387,-0.00406796857714653,42.4731674194336,-71.314079284668,115.095893859863,64.4037780761719,-0.919639647006989,0.880800604820251,113.249633789062,58.9259490966797,-4.06586742401123,3.33208560943604,0.141174212098122,0.144488587975502,70
738505.47435695584863424301,57.8219108581543,-1.80933344364166,10.874321937561,0.085170216858387,-0.00406796857714653,42.4731483459473,-71.3139419555664,114.64794921875,64.0937271118164,1.66952526569366,0.996449947357178,113.990280151367,58.8633842468262,-3.77150678634644,0.31774377822876,0.151123195886612,0.136637896299362,70
738505.47435925237368792295,57.7396202087402,-1.21491050720215,10.9920043945312,0.085170216858387,-0.00406796857714653,42.4731292724609,-71.3138046264648,114.317092895508,63.9002113342285,1.26100897789001,0.970506310462952,114.155639648438,58.7891502380371,-3.44685578346252,-2.51848840713501,0.172952324151993,0.128845974802971,70
738505.47436154191382229328,57.7350273132324,-1.03586781024933,10.948522567749,0.085170216858387,-0.00406796857714653,42.4731101989746,-71.3136672973633,114.056503295898,63.780086517334,-0.00226668897084892,0.497054189443588,113.667022705078,58.7730941772461,-3.07704758644104,-0.582402169704437,0.209338158369064,0.120805278420448,70
738505.47436393226962536573,57.6970176696777,-0.8891721367836,10.8509912490845,0.085170216858387,-0.00406796857714653,42.4730911254883,-71.3135223388672,113.807952880859,63.6748580932617,0.66994971036911,0.0711795389652252,113.125984191895,58.7152481079102,-2.70035982131958,1.39243233203888,0.256777882575989,0.112456910312176,70
738505.47436625126283615828,57.6116027832031,-0.456888258457184,10.8376703262329,0.085170216858387,-0.00406796857714653,42.473072052002,-71.3133773803711,113.629051208496,63.6373519897461,0.227375492453575,-0.221457585692406,113.101791381836,58.6238899230957,-2.34975910186768,-0.190667182207108,0.311826676130295,0.104134954512119,70
738505.47436847095377743244,57.5806007385254,-0.221936985850334,10.8466625213623,0.085170216858387,-0.00406796857714653,42.4730529785156,-71.3132400512695,113.516212463379,63.6603546142578,-0.43401312828064,-0.386309802532196,113.438446044922,58.5937309265137,-2.02127456665039,-1.64600694179535,0.374189049005508,0.0961060151457787,70
738505.47437082370743155479,57.5880355834961,-0.17847628891468,10.847996711731,0.085170216858387,-0.00406796857714653,42.473030090332,-71.3130950927734,113.429588317871,63.7187385559082,-0.374323219060898,-0.518882632255554,113.703857421875,58.601131439209,-1.68559873104095,-2.31938099861145,0.449940830469131,0.0874374806880951,70
738505.47437316551804542542,57.5946655273438,-0.302654355764389,10.8236865997314,0.085170216858387,-0.00406796857714653,42.4730110168457,-71.3129501342773,113.337074279785,63.7663688659668,0.675890147686005,-0.619778335094452,113.516899108887,58.6036605834961,-1.39998650550842,-2.10272765159607,0.528780162334442,0.0790336802601814,70
738505.47437545610591769218,57.5725135803223,-0.490900248289108,10.7616968154907,0.085170216858387,-0.00406796857714653,42.4729919433594,-71.3128128051758,113.209983825684,63.7892265319824,2.04356670379639,-0.70276552438736,112.80940246582,58.5717468261719,-1.17864286899567,-1.12772369384766,0.608179748058319,0.0706388652324677,70
738505.47437786171212792397,57.5129737854004,-0.610895931720734,10.6925964355469,0.085170216858387,-0.00406796857714653,42.472972869873,-71.3126754760742,113.050712585449,63.9870262145996,2.40834784507751,-0.701097786426544,111.752296447754,58.5016822814941,-1.02903664112091,-0.591884791851044,0.686112403869629,0.0621644221246243,70
738505.47438026324380189180,57.4427719116211,-0.716384768486023,10.6672868728638,0.085170216858387,-0.00406796857714653,42.4729537963867,-71.3125228881836,112.86385345459,64.1712646484375,1.49447453022003,-0.651058554649353,110.625877380371,58.4292411804199,-0.939881563186646,-1.65537047386169,0.764820218086243,0.0533158518373966,70
738505.47438257443718612194,57.3965721130371,-0.945779025554657,10.6550273895264,0.085170216858387,-0.00406796857714653,42.4729347229004,-71.312385559082,112.647834777832,64.3168182373047,1.10411441326141,-0.69547975063324,109.758102416992,58.3848495483398,-0.905647814273834,-2.60540676116943,0.839101374149323,0.0446984954178333,70
738505.47438504686579108238,57.3547401428223,-1.17187988758087,10.5436248779297,0.085170216858387,-0.00406796857714653,42.4729156494141,-71.3122406005859,112.376495361328,64.4134140014648,2.15062475204468,-0.939289152622223,109.189147949219,58.3275871276855,-0.924384415149689,-0.586322963237762,0.91026759147644,0.035903736948967,70
738505.47438737808261066675,57.3047943115234,-1.23632442951202,10.3562326431274,0.085170216858387,-0.00406796857714653,42.4728965759277,-71.3120956420898,112.084915161133,64.4793930053711,2.18952250480652,-1.18872320652008,108.870246887207,58.2461967468262,-0.98600959777832,2.69898509979248,0.974618375301361,0.0273836236447096,70
738505.47438965470064431429,57.2745933532715,-1.33485424518585,10.238224029541,0.085170216858387,-0.00406796857714653,42.4728813171387,-71.3119583129883,111.783470153809,64.534049987793,-0.0672509595751762,-1.12397706508636,108.681297302246,58.1977844238281,-1.06756317615509,3.14706230163574,1.03593397140503,0.0189326442778111,70
738505.47439196857158094645,57.2594375610352,-1.65847158432007,10.2938928604126,0.085170216858387,-0.00406796857714653,42.4728622436523,-71.3118133544922,111.442504882812,64.5431442260742,-2.56225728988647,-0.708114445209503,108.591018676758,58.2010116577148,-1.16139590740204,-0.916709542274475,1.09332668781281,0.0107063855975866,70
738505.47439444286283105612,57.2705001831055,-2.27079558372498,10.3896408081055,0.085170216858387,-0.00406796857714653,42.472843170166,-71.3116683959961,110.974174499512,64.448371887207,-3.2092547416687,-0.0998423770070076,108.524124145508,58.2495613098145,-1.30072283744812,-4.40343379974365,1.14668345451355,0.00199550855904818,70
738505.47439690120518207550,57.302303314209,-2.82156682014465,10.3312673568726,0.085170216858387,-0.00406796857714653,42.4728240966797,-71.3115158081055,110.36833190918,64.2221527099609,-1.78944563865662,-0.0130120385438204,108.388381958008,58.2945137023926,-1.51548671722412,-2.08383512496948,1.18585610389709,-0.0067734862677753,70
738505.47439925046637654305,57.3049774169922,-3.09590601921082,10.2030506134033,0.085170216858387,-0.00406796857714653,42.4728050231934,-71.3113784790039,109.711364746094,63.9260635375977,-0.932272851467133,-0.0688974112272263,108.264778137207,58.2884826660156,-1.78327178955078,1.60506582260132,1.20766186714172,-0.0150477942079306,70
738505.47440164152067154646,57.2956352233887,-3.24153137207031,10.1237907409668,0.085170216858387,-0.00406796857714653,42.472785949707,-71.3112335205078,109.020408630371,63.5939292907715,-1.5742392539978,-0.13289387524128,108.253746032715,58.2733955383301,-2.0769522190094,2.88797068595886,1.21790993213654,-0.0232501681894064,70
738505.47440396517049521208,57.3345756530762,-3.7715015411377,10.0588512420654,0.085170216858387,-0.00406796857714653,42.4727668762207,-71.3110961914062,108.275909423828,63.2065773010254,-1.51696801185608,-0.315704315900803,108.235656738281,58.3323097229004,-2.36843252182007,3.9441249370575,1.21968019008636,-0.0313394702970982,70
738505.47440625808667391539,57.2657470703125,-3.97167301177979,10.1420984268188,0.085170216858387,-0.00406796857714653,42.4727516174316,-71.3109512329102,107.428260803223,62.7145080566406,0.670903861522675,-0.394129872322083,107.985885620117,58.2923851013184,-2.68073892593384,0.260613203048706,1.20837068557739,-0.0393131151795387,70
738505.47440856392495334148,57.1655426025391,-3.63215208053589,10.1308603286743,0.085170216858387,-0.00406796857714653,42.4727325439453,-71.3108139038086,106.660148620605,62.2883758544922,-1.22623026371002,-0.661189913749695,107.899017333984,58.1698036193848,-2.97068190574646,-0.992686927318573,1.1894428730011,-0.0469225496053696,70
738505.47441084089223295450,57.1379928588867,-4.08280611038208,10.0297222137451,0.085170216858387,-0.00406796857714653,42.4727172851562,-71.310676574707,105.849113464355,61.8268661499023,-1.7974179983139,-2.37345314025879,108.29305267334,58.1550903320312,-3.21177506446838,0.357580184936523,1.169353723526,-0.0546898245811462,70
738505.47441306861583143473,57.1159858703613,-4.00541734695435,9.98250007629395,0.085170216858387,-0.00406796857714653,42.4726982116699,-71.310546875,105.013290405273,61.3327255249023,-1.29359340667725,-4.1688756942749,108.844573974609,58.1199607849121,-3.42963433265686,-1.93557393550873,1.14345419406891,-0.0622499845921993,70
738505.47441533568780869246,57.1565170288086,-4.07803106307983,9.86588478088379,0.085170216858387,-0.00406796857714653,42.4726829528809,-71.3104095458984,104.189979553223,60.8493843078613,-2.86394143104553,-6.05016899108887,109.234336853027,58.1449356079102,-3.61621642112732,-2.96404933929443,1.11442422866821,-0.0697339475154877,70
738505.47441761696245521307,57.2981872558594,-4.22642374038696,9.59781932830811,0.085170216858387,-0.00406796857714653,42.4726638793945,-71.3102722167969,103.317497253418,60.3284034729004,-4.25998401641846,-7.22459983825684,109.466232299805,58.2500038146973,-3.77972984313965,-0.331911534070969,1.08158457279205,-0.0774153545498848,70
738505.47441986273042857647,57.4586906433105,-4.44174194335938,9.35248851776123,0.085170216858387,-0.00406796857714653,42.4726486206055,-71.3101348876953,102.443099975586,59.791675567627,-4.4702262878418,-7.45881366729736,109.524879455566,58.3840675354004,-3.92294692993164,1.2432427406311,1.04571759700775,-0.0846443995833397,70
738505.47442208661232143641,57.565673828125,-4.66302871704102,9.16048717498779,0.085170216858387,-0.00406796857714653,42.4726333618164,-71.3099975585938,101.495132446289,59.1919212341309,-2.84159088134766,-7.46484756469727,109.48363494873,58.4761962890625,-4.07323837280273,0.586796879768372,1.00202918052673,-0.0919093266129494,70
738505.47442448139190673828,57.5999336242676,-4.59040498733521,8.90342903137207,0.085170216858387,-0.00406796857714653,42.4726142883301,-71.3098449707031,100.447494506836,58.5239562988281,-0.220035076141357,-7.595130443573,109.541435241699,58.4644775390625,-4.24196863174438,-0.379745066165924,0.946474850177765,-0.0995751768350601,70
738505.47442677838262170553,57.5804405212402,-4.24073648452759,8.60040855407715,0.085170216858387,-0.00406796857714653,42.472599029541,-71.3097076416016,99.5351943969727,57.9584007263184,1.10715627670288,-7.77103853225708,109.881980895996,58.3734359741211,-4.36912870407104,-1.06771576404572,0.893767058849335,-0.106172449886799,70
738505.47442906233482062817,57.5998039245605,-3.82868242263794,8.34826564788818,0.085170216858387,-0.00406796857714653,42.4725875854492,-71.3095703125,98.726448059082,57.4916114807129,-0.0609850622713566,-8.07701206207275,110.274703979492,58.3274345397949,-4.42967748641968,-3.44369411468506,0.847897946834564,-0.112317577004433,70
738505.47443131066393107176,57.6607246398926,-3.8892388343811,7.99481058120728,0.085170216858387,-0.00406796857714653,42.4725723266602,-71.3094329833984,97.9208145141602,57.0323371887207,0.259265869855881,-8.80398750305176,110.391494750977,58.3421173095703,-4.4213719367981,-1.14056098461151,0.810020625591278,-0.118114791810513,70
738505.47443353908602148294,57.7365570068359,-3.55443382263184,7.52023363113403,0.085170216858387,-0.00406796857714653,42.4725570678711,-71.3093032836914,97.1565628051758,56.5672912597656,-0.249290704727173,-9.18454360961914,110.458427429199,58.332649230957,-4.37967443466187,1.6957665681839,0.776912808418274,-0.12331935018301,70
738505.47443586378358304501,57.8509902954102,-3.38825535774231,7.25565576553345,0.085170216858387,-0.00406796857714653,42.4725456237793,-71.3091583251953,96.4327392578125,55.7598190307617,-2.26613163948059,-9.36733150482178,110.716331481934,58.4025840759277,-4.29303646087646,-1.24734485149384,0.750691592693329,-0.128093510866165,70
738505.47443812817800790071,57.9892921447754,-3.63407015800476,7.05138683319092,0.085170216858387,-0.00406796857714653,42.4725341796875,-71.3090209960938,95.6943054199219,54.9383010864258,-1.82756114006042,-9.49968528747559,110.860282897949,58.5293655395508,-4.1841835975647,-2.78456497192383,0.730542302131653,-0.132151246070862,70
738505.47444044763687998056,58.1491317749023,-3.61290383338928,6.64317989349365,0.085170216858387,-0.00406796857714653,42.4725227355957,-71.3088760375977,94.9184722900391,54.0783805847168,-1.22163891792297,-9.77174377441406,110.654510498047,58.6387786865234,-4.0964822769165,0.180804029107094,0.708690166473389,-0.13554547727108,70
738505.47444271866697818041,58.3055953979492,-3.51327300071716,6.28890609741211,0.085170216858387,-0.00406796857714653,42.4725112915039,-71.3087387084961,94.1792144775391,53.2760353088379,-2.80563354492188,-9.97562789916992,110.349044799805,58.7489204406738,-4.02914714813232,0.260856151580811,0.686704576015472,-0.138136684894562,70
738505.47444510471541434526,58.4554557800293,-3.56933736801147,6.06467151641846,0.085170216858387,-0.00406796857714653,42.4724998474121,-71.30859375,93.4123611450195,52.4852142333984,-3.37827038764954,-10.0936603546143,110.308776855469,58.8775062561035,-3.96707320213318,-3.08904528617859,0.665144860744476,-0.140014588832855,70
738505.47444737737532705069,58.5960235595703,-3.58454847335815,5.8459005355835,0.085170216858387,-0.00406796857714653,42.4724884033203,-71.3084564208984,92.6522903442383,51.7019119262695,-2.03975749015808,-10.3476371765137,110.613723754883,58.9959106445312,-3.92167949676514,-5.78099775314331,0.643572390079498,-0.141008049249649,70
738505.47444968100171536207,58.7707176208496,-3.3642430305481,5.49495983123779,0.085170216858387,-0.00406796857714653,42.4724807739258,-71.3083114624023,91.9218673706055,50.9386863708496,-1.39048290252686,-10.7280950546265,111.006301879883,59.1228370666504,-3.88509440422058,-5.59454298019409,0.62235563993454,-0.141186878085136,70
738505.47445194039028137922,58.9570350646973,-3.17629933357239,5.07373857498169,0.085170216858387,-0.00406796857714653,42.472469329834,-71.3081665039062,91.2273178100586,50.1536903381348,-1.09175264835358,-10.8460874557495,111.252540588379,59.2601356506348,-3.83618021011353,-3.81368803977966,0.605499804019928,-0.140545830130577,70
738505.47445414680987596512,59.143856048584,-2.92757749557495,4.62731647491455,0.085170216858387,-0.00406796857714653,42.4724617004395,-71.3080368041992,90.6055755615234,49.4453163146973,-0.826497733592987,-10.8590288162231,111.296760559082,59.3967895507812,-3.7685112953186,-1.85144138336182,0.595559060573578,-0.139115646481514,70
738505.47445634403266012669,59.3004112243652,-2.69217991828918,4.207444190979,0.085170216858387,-0.00406796857714653,42.4724578857422,-71.3078994750977,90.0354232788086,48.7894287109375,-0.0396057069301605,-9.49001502990723,111.20629119873,59.5104141235352,-3.67395353317261,-0.622275173664093,0.593974649906158,-0.136847198009491,70
738505.47445861017331480980,59.3744964599609,-2.50109887123108,3.88472485542297,0.085170216858387,-0.00406796857714653,42.4724502563477,-71.3077545166016,89.4817810058594,48.1468467712402,1.62644863128662,-4.99732875823975,111.106826782227,59.5539894104004,-3.54806351661682,-0.463856011629105,0.601807832717896,-0.133513391017914,70
738505.47446094441693276167,59.3285675048828,-2.11452174186707,3.75340223312378,0.085170216858387,-0.00406796857714653,42.4724426269531,-71.3076171875,88.9841461181641,47.5601463317871,3.11263084411621,1.00915157794952,111.181900024414,59.4847717285156,-3.39793133735657,-1.35800135135651,0.619788825511932,-0.129141196608543,70
738505.47446333849802613258,59.1878776550293,-1.43445110321045,3.84502840042114,0.085170216858387,-0.00406796857714653,42.4724349975586,-71.3074645996094,88.5740966796875,47.056468963623,2.41091918945312,7.16359996795654,111.652687072754,59.3299827575684,-3.19642853736877,-1.04548144340515,0.654874563217163,-0.123431108891964,70
738505.47446565865539014339,59.108829498291,-0.926853477954865,4.0653223991394,0.085170216858387,-0.00406796857714653,42.4724311828613,-71.3073196411133,88.2991256713867,46.6904258728027,0.298719227313995,8.19726276397705,112.520919799805,59.2557144165039,-2.93367123603821,0.58504194021225,0.712523579597473,-0.116947337985039,70
738505.47446799243334680796,59.1258277893066,-0.760895490646362,4.27280521392822,0.085170216858387,-0.00406796857714653,42.4724235534668,-71.3071746826172,88.0909423828125,46.3904647827148,-0.809016466140747,6.600510597229,113.396461486816,59.2848968505859,-2.61509537696838,1.56457126140594,0.794143974781036,-0.109667606651783,70
738505.47447022492997348309,59.1772346496582,-0.805983185768127,4.44501399993896,0.085170216858387,-0.00406796857714653,42.4724159240723,-71.3070297241211,87.8919372558594,46.1016082763672,-0.588264107704163,3.44264936447144,113.759246826172,59.3494110107422,-2.29880738258362,0.811900913715363,0.889280498027802,-0.102044619619846,70
738505.47447249747347086668,59.2280807495117,-0.856879472732544,4.60486841201782,0.085170216858387,-0.00406796857714653,42.4724082946777,-71.3068923950195,87.6807174682617,45.8016052246094,-0.501214742660522,2.91675472259521,113.425598144531,59.4129981994629,-2.02390217781067,-1.47990429401398,0.989987671375275,-0.0941832289099693,70
738505.47447462205309420824,59.289737701416,-0.822893023490906,4.73723030090332,0.085170216858387,-0.00406796857714653,42.4724006652832,-71.306755065918,87.4817047119141,45.5156745910645,-1.73269510269165,3.03893995285034,112.642761230469,59.4843826293945,-1.80237877368927,-2.7456419467926,1.09227657318115,-0.0863058343529701,70
738505.47447678772732615471,59.3582572937012,-1.01009356975555,4.7448935508728,0.085170216858387,-0.00406796857714653,42.4723930358887,-71.3066253662109,87.2763137817383,45.228515625,-1.65749979019165,3.42752647399902,111.923049926758,59.5561637878418,-1.6356543302536,-0.327241033315659,1.19124972820282,-0.0788194462656975,70
738505.47447907249443233013,59.3931198120117,-1.14084053039551,4.69725036621094,0.085170216858387,-0.00406796857714653,42.4723854064941,-71.3064804077148,87.0074234008789,44.8672714233398,0.4259432554245,4.13620376586914,111.467544555664,59.5895004272461,-1.50713920593262,4.16141653060913,1.30180549621582,-0.0702248737215996,70
738505.47448137216269969940,59.3659324645996,-1.05948448181152,4.77277374267578,0.085170216858387,-0.00406796857714653,42.4723777770996,-71.3063354492188,86.7470703125,44.5179901123047,1.24820363521576,5.25914096832275,111.344566345215,59.5669021606445,-1.43547487258911,5.14638137817383,1.40655982494354,-0.0619429536163807,70
738505.47448368952609598637,59.3177604675293,-1.08137226104736,5.01764869689941,0.085170216858387,-0.00406796857714653,42.4723663330078,-71.3061904907227,86.4855880737305,44.1626167297363,0.228895828127861,5.72173404693604,111.258094787598,59.539421081543,-1.38592159748077,1.76806640625,1.51968467235565,-0.0531398355960846,70
738505.47448603133670985699,59.2737236022949,-1.25576508045197,5.25880813598633,0.085170216858387,-0.00406796857714653,42.4723587036133,-71.3060455322266,86.2048492431641,43.7897605895996,-0.113938726484776,5.48003339767456,111.087509155273,59.5197982788086,-1.3582991361618,-1.05647087097168,1.63231885433197,-0.0445719920098782,70
738505.47448830644134432077,59.1941032409668,-1.39463043212891,5.39837169647217,0.085170216858387,-0.00406796857714653,42.4723510742188,-71.3059005737305,85.8885269165039,43.3814430236816,0.638536095619202,4.16136598587036,111.008758544922,59.456111907959,-1.36202371120453,-1.03871607780457,1.74229609966278,-0.0361445732414722,70
738505.47449046990368515253,59.0859031677246,-1.33023977279663,5.46161413192749,0.085170216858387,-0.00406796857714653,42.472339630127,-71.3057632446289,85.5866928100586,42.9929008483887,0.650478899478912,3.3232798576355,111.190155029297,59.3526992797852,-1.38933193683624,-0.0620532110333443,1.84357309341431,-0.0283934790641069,70
738505.47449291148222982883,59.0040283203125,-1.19868314266205,5.51660537719727,0.085170216858387,-0.00406796857714653,42.4723320007324,-71.3056182861328,85.2845840454102,42.6239585876465,-0.890189528465271,2.94394183158875,111.633911132812,59.2734756469727,-1.41995561122894,0.453141242265701,1.95567762851715,-0.0201598796993494,70
738505.47449523641262203455,58.9979133605957,-1.30644333362579,5.61325931549072,0.085170216858387,-0.00406796857714653,42.4723205566406,-71.3054733276367,84.9875564575195,42.3151473999023,-2.45048499107361,2.66779279708862,112.029579162598,59.2787437438965,-1.43653786182404,-0.755216777324677,2.07330536842346,-0.0122229997068644,70
738505.47449766530189663172,59.0067443847656,-1.8928804397583,5.68130159378052,0.085170216858387,-0.00406796857714653,42.4723129272461,-71.3053283691406,84.6122360229492,41.9276657104492,-1.6488755941391,2.38953042030334,112.010620117188,59.3098297119141,-1.46344566345215,-1.38054573535919,2.19233012199402,-0.00440502306446433,70
738505.47450000676326453686,58.9769592285156,-2.17445063591003,5.65987777709961,0.085170216858387,-0.00406796857714653,42.4723014831543,-71.30517578125,84.1297073364258,41.4326972961426,-0.0850961804389954,2.00145053863525,111.479095458984,59.2878074645996,-1.55280649662018,0.893288850784302,2.2984094619751,0.00329787540249527,70
738505.47450232203118503094,58.9208755493164,-2.28257727622986,5.59019994735718,0.085170216858387,-0.00406796857714653,42.4722900390625,-71.3050308227539,83.6432723999023,40.9346160888672,-1.2985692024231,1.79573833942413,110.915260314941,59.2294692993164,-1.68435561656952,3.45331621170044,2.38505911827087,0.0103483833372593,70
738505.47450477431993931532,58.8847198486328,-2.67137360572815,5.60519123077393,0.085170216858387,-0.00406796857714653,42.472282409668,-71.3048858642578,83.0895843505859,40.368968963623,-2.2233407497406,1.73562288284302,110.761993408203,59.2111854553223,-1.84550452232361,2.73326754570007,2.45041513442993,0.0174976587295532,70
738505.47450724337249994278,58.8283386230469,-3.07921099662781,5.69912624359131,0.085170216858387,-0.00406796857714653,42.4722709655762,-71.3047332763672,82.4188842773438,39.6955261230469,-1.68132877349854,1.54845201969147,110.98828125,59.1839065551758,-2.05191135406494,0.0709667578339577,2.47974491119385,0.0248789470642805,70
738505.47450960916467010975,58.8179588317871,-3.34706878662109,5.72739744186401,0.085170216858387,-0.00406796857714653,42.4722595214844,-71.3045806884766,81.6838455200195,38.9478874206543,-2.45499515533447,1.05339062213898,111.106391906738,59.190860748291,-2.29468274116516,-0.019230930134654,2.4916877746582,0.0321011915802956,70
738505.47451194864697754383,58.8955879211426,-3.68760514259338,5.64406824111938,0.085170216858387,-0.00406796857714653,42.4722518920898,-71.3044357299805,80.9482345581055,38.1823768615723,-4.50422620773315,0.714109539985657,110.80738067627,59.280216217041,-2.53739452362061,2.94988131523132,2.49633431434631,0.0386498607695103,70
738505.47451432922389358282,58.9606628417969,-4.27383136749268,5.56126308441162,0.085170216858387,-0.00406796857714653,42.472240447998,-71.3042907714844,80.0673522949219,37.293830871582,-5.08727550506592,0.541722416877747,110.294830322266,59.3763694763184,-2.81967949867249,4.99308109283447,2.49846267700195,0.0455470718443394,70
738505.47451669105794280767,58.9438209533691,-4.72214651107788,5.5902042388916,0.085170216858387,-0.00406796857714653,42.4722328186035,-71.3041381835938,79.0811538696289,36.4181632995605,-4.13207960128784,0.751496493816376,109.990501403809,59.3963203430176,-3.14279651641846,3.26418733596802,2.49935150146484,0.0523787587881088,70
738505.47451901249587535858,58.9148368835449,-4.92091846466064,5.67710494995117,0.085170216858387,-0.00406796857714653,42.4722213745117,-71.3040008544922,78.0617446899414,35.5307540893555,-4.23967790603638,0.882429003715515,110.005500793457,59.3919410705566,-3.48568296432495,0.675826668739319,2.49201250076294,0.0590282306075096,70
738505.47452134755440056324,58.9532318115234,-5.12240648269653,5.7221508026123,0.085170216858387,-0.00406796857714653,42.4722099304199,-71.3038558959961,77.0236282348633,34.6422500610352,-5.26809597015381,0.834273755550385,110.166007995605,59.4513702392578,-3.82129144668579,0.266046822071075,2.44302558898926,0.0656107068061829,70
738505.47452350321691483259,58.9889602661133,-5.54214382171631,5.699462890625,0.085170216858387,-0.00406796857714653,42.4722023010254,-71.3037185668945,75.9751129150391,33.7338562011719,-4.24783706665039,0.731795966625214,110.27938079834,59.5222358703613,-4.12751245498657,1.60639774799347,2.36595988273621,0.0718043223023415,70
738505.47452575701754540205,58.9542388916016,-5.65074729919434,5.76457452774048,0.085170216858387,-0.00406796857714653,42.4721908569336,-71.303581237793,74.8303527832031,32.7459526062012,-2.88185691833496,0.689644992351532,110.38053894043,59.5043144226074,-4.44731998443604,-0.258687078952789,2.25629353523254,0.0782771334052086,70
738505.47452815284486860037,58.8830757141113,-5.53199291229248,5.91624021530151,0.085170216858387,-0.00406796857714653,42.4721832275391,-71.3034362792969,73.6675796508789,31.7350254058838,-3.79712510108948,0.784934818744659,110.639671325684,59.4375419616699,-4.75036764144897,-4.52042484283447,2.12313604354858,0.0849041193723679,70
738505.47453057405073195696,58.8856811523438,-5.64599990844727,5.97136211395264,0.085170216858387,-0.00406796857714653,42.4721717834473,-71.3032836914062,72.418701171875,30.6528911590576,-4.36844778060913,0.762517929077148,111.122047424316,59.4563522338867,-5.01769733428955,-4.90722322463989,1.9687671661377,0.0919910818338394,70
738505.47453289316035807133,58.9442176818848,-5.82937335968018,5.88230514526367,0.085170216858387,-0.00406796857714653,42.4721603393555,-71.3031387329102,71.2313461303711,29.61692237854,-3.37212419509888,0.538361966609955,111.487030029297,59.5231399536133,-5.2226767539978,-1.54532742500305,1.8136682510376,0.0984152927994728,70
738505.47453521809075027704,59.0350303649902,-5.79376554489136,5.76186323165894,0.085170216858387,-0.00406796857714653,42.4721527099609,-71.3029937744141,70.0189819335938,28.5217037200928,-3.62978720664978,1.1192272901535,111.468399047852,59.5978317260742,-5.40480136871338,1.92402601242065,1.64251458644867,0.104816526174545,70
738505.47453767259139567614,59.1055564880371,-5.95581197738647,5.80340099334717,0.085170216858387,-0.00406796857714653,42.4721412658691,-71.3028411865234,68.7230606079102,27.3182773590088,-5.27955293655396,1.97297728061676,111.111022949219,59.6876678466797,-5.56623315811157,0.424400568008423,1.44761168956757,0.111654721200466,70
738505.47454009391367435455,59.102840423584,-6.19782972335815,5.87658357620239,0.085170216858387,-0.00406796857714653,42.4721298217773,-71.3026885986328,67.4012985229492,26.1108531951904,-4.09729290008545,1.84770119190216,110.845352172852,59.7167739868164,-5.71078586578369,-1.15050661563873,1.23867964744568,0.118345893919468,70
738505.47454257367644459009,59.0935897827148,-5.97770357131958,5.86521768569946,0.085170216858387,-0.00406796857714653,42.4721183776855,-71.3025436401367,66.0634994506836,24.8845977783203,-2.72612380981445,1.7158477306366,110.895248413086,59.6840515136719,-5.85534572601318,0.44061741232872,1.00490713119507,0.12514166533947,70
738505.47454496368300169706,59.0891304016113,-5.72463846206665,5.91956377029419,0.085170216858387,-0.00406796857714653,42.4721069335938,-71.3023910522461,64.7951354980469,23.71604347229,-3.18213748931885,1.83047091960907,111.149444580078,59.6601905822754,-5.95554113388062,-0.357266843318939,0.764942049980164,0.131952971220016,70
738505.47454731166362762451,59.043571472168,-5.45776987075806,6.05351161956787,0.085170216858387,-0.00406796857714653,42.4720993041992,-71.30224609375,63.6152648925781,22.641471862793,-2.24210357666016,2.51506018638611,111.52458190918,59.6034889221191,-5.99285221099854,-2.70477366447449,0.537041842937469,0.138503819704056,70
738505.47454954811837524176,58.984489440918,-5.06203699111938,6.12092685699463,0.085170216858387,-0.00406796857714653,42.4720878601074,-71.3021011352539,62.5568237304688,21.6869144439697,-0.651433706283569,3.06005716323853,111.986808776855,59.5168876647949,-5.97225046157837,-2.04969310760498,0.327135235071182,0.144705772399902,70
738505.47455180028919130564,58.8884963989258,-4.58082103729248,6.18240213394165,0.085170216858387,-0.00406796857714653,42.4720764160156,-71.3019638061523,61.5870819091797,20.8030567169189,1.0115841627121,4.07733297348022,112.421546936035,59.3890647888184,-5.88655471801758,-0.787715971469879,0.133457437157631,0.150856271386147,70
738505.47455407876987010241,58.7322959899902,-4.01012516021729,6.32798767089844,0.085170216858387,-0.00406796857714653,42.4720649719238,-71.3018264770508,60.6934967041016,20.0152111053467,1.98193895816803,6.07934761047363,112.725105285645,59.2081680297852,-5.72301197052002,-0.693886160850525,-0.0399160347878933,0.157112672924995,70
738505.47455641184933483601,58.5635986328125,-3.35399889945984,6.57831764221191,0.085170216858387,-0.00406796857714653,42.472053527832,-71.3016815185547,59.9172859191895,19.3354740142822,1.37591576576233,9.2014799118042,112.905090332031,59.0272674560547,-5.47899293899536,-0.366617798805237,-0.178187727928162,0.163257896900177,70
738505.47455872478894889355,58.4739646911621,-2.64659094810486,6.88645124435425,0.085170216858387,-0.00406796857714653,42.4720420837402,-71.3015365600586,59.2866325378418,18.822322845459,-0.844369113445282,10.1249885559082,113.17098236084,58.9375267028809,-5.14242744445801,1.69544863700867,-0.268958181142807,0.16928642988205,70
738505.47456103074364364147,58.4300346374512,-2.47041416168213,7.2693018913269,0.085170216858387,-0.00406796857714653,42.4720306396484,-71.301399230957,58.7386779785156,18.3644924163818,-0.601145803928375,9.87515354156494,113.468322753906,58.9322891235352,-4.74866628646851,-0.322771221399307,-0.307007879018784,0.174821391701698,70
738505.47456324019003659487,58.3804664611816,-2.08265423774719,7.67702054977417,0.085170216858387,-0.00406796857714653,42.4720191955566,-71.3012542724609,58.2540473937988,17.9616317749023,-0.456792503595352,9.61804103851318,113.527610778809,58.9198837280273,-4.34982347488403,-1.56303083896637,-0.310886740684509,0.179818868637085,70
738505.47456553357187658548,58.3547401428223,-1.6807256937027,7.92623329162598,0.085170216858387,-0.00406796857714653,42.4720039367676,-71.3011169433594,57.8417320251465,17.6563701629639,-1.00053811073303,9.41128158569336,113.535873413086,58.9145622253418,-3.9350414276123,1.9209406375885,-0.277843415737152,0.184391483664513,70
738505.47456773987505584955,58.287410736084,-1.3790637254715,8.11719608306885,0.085170216858387,-0.00406796857714653,42.4719924926758,-71.3009796142578,57.5087623596191,17.4344654083252,0.668127596378326,9.24754238128662,113.90145111084,58.8660621643066,-3.54173493385315,5.05722379684448,-0.208614319562912,0.188087984919548,70
738505.47457003593444824219,58.1112327575684,-0.708066344261169,8.47766971588135,0.085170216858387,-0.00406796857714653,42.4719772338867,-71.3008422851562,57.2682075500488,17.303897857666,2.24926686286926,9.22043800354004,114.676971435547,58.7306365966797,-3.13686585426331,4.28627061843872,-0.0948764458298683,0.191207945346832,70
738505.47457223164383322001,57.8964538574219,-0.167304039001465,8.84333229064941,0.085170216858387,-0.00406796857714653,42.4719619750977,-71.3007049560547,57.1487236022949,17.2697982788086,2.73878574371338,8.82509231567383,115.55184173584,58.5681800842285,-2.72373557090759,2.59181332588196,0.0727424174547195,0.193484589457512,70
738505.47457442688755691051,57.7155494689941,0.22995413839817,9.12334537506104,0.085170216858387,-0.00406796857714653,42.4719467163086,-71.3005752563477,57.1194229125977,17.3088645935059,2.26482367515564,6.17207717895508,116.251487731934,58.4326362609863,-2.29106259346008,1.74275636672974,0.301517874002457,0.194940507411957,70
738505.47457675565965473652,57.6093559265137,0.512336134910583,9.27679538726807,0.085170216858387,-0.00406796857714653,42.4719314575195,-71.3004302978516,57.1543579101562,17.4116268157959,1.46365308761597,2.25625276565552,116.599700927734,58.3537406921387,-1.83792734146118,1.30212986469269,0.600317060947418,0.195533379912376,70
738505.47457904589828103781,57.5696182250977,0.577377915382385,9.26601696014404,0.085170216858387,-0.00406796857714653,42.4719161987305,-71.30029296875,57.223316192627,17.567403793335,1.35256493091583,-1.2289252281189,116.510650634766,58.3134078979492,-1.39539730548859,1.61528122425079,0.962405323982239,0.195171937346458,70
738505.47458133602049201727,57.5263786315918,0.517692565917969,9.1633186340332,0.085170216858387,-0.00406796857714653,42.4719009399414,-71.3001556396484,57.283260345459,17.6949768066406,2.46270322799683,-1.71065056324005,116.0908203125,58.2539138793945,-1.01230382919312,1.86550748348236,1.35940384864807,0.193942159414291,70
738505.47458358795847743750,57.4375152587891,0.751103818416595,9.11224842071533,0.085170216858387,-0.00406796857714653,42.4718818664551,-71.3000183105469,57.3659896850586,17.8967056274414,2.07772874832153,-1.83587241172791,115.470748901367,58.1606864929199,-0.693569898605347,-0.706127524375916,1.78918409347534,0.191972061991692,70
738505.47458584967534989119,57.4123306274414,0.74729710817337,9.06919384002686,0.085170216858387,-0.00406796857714653,42.471866607666,-71.2998809814453,57.4778327941895,18.0798492431641,0.397399395704269,-2.06658840179443,114.729858398438,58.1290321350098,-0.417663544416428,-2.78364419937134,2.17680525779724,0.189392253756523,70
738505.47458806238137185574,57.4268379211426,0.482436656951904,8.89527225494385,0.085170216858387,-0.00406796857714653,42.471851348877,-71.2997512817383,57.5510673522949,18.2379760742188,0.793675005435944,-2.38874888420105,113.951721191406,58.1136856079102,-0.201011478900909,-0.26604825258255,2.35337924957275,0.186437755823135,70
738505.47459034668281674385,57.3865127563477,0.393298000097275,8.63642978668213,0.085170216858387,-0.00406796857714653,42.4718360900879,-71.2996063232422,57.5890998840332,18.3603954315186,1.93734610080719,-2.62051916122437,113.223472595215,58.0340805053711,-0.0478775054216385,3.18972992897034,2.43565487861633,0.18300387263298,70
738505.47459264681674540043,57.2677459716797,0.535107314586639,8.48356533050537,0.085170216858387,-0.00406796857714653,42.4718246459961,-71.2994689941406,57.6378593444824,18.4805641174316,1.17505383491516,-2.45554256439209,112.803634643555,57.8951797485352,0.0471743941307068,1.89760982990265,2.47153973579407,0.179411843419075,70
738505.47459496720694005489,57.1315078735352,0.291593015193939,8.48084831237793,0.085170216858387,-0.00406796857714653,42.471809387207,-71.2993316650391,57.6808700561523,18.6099796295166,0.726716756820679,-2.10423827171326,112.710548400879,57.7582817077637,0.115057744085789,-2.52548146247864,2.48757076263428,0.175703033804893,70
738505.47459731460548937321,56.9911193847656,0.0303421095013618,8.43881511688232,0.085170216858387,-0.00406796857714653,42.471794128418,-71.299186706543,57.6613464355469,18.6837692260742,2.34918165206909,-1.84057235717773,112.669502258301,57.6125183105469,0.138408794999123,-4.50617361068726,2.49478483200073,0.171833470463753,70
738505.47459957876708358526,56.9259796142578,-0.0147360805422068,8.23175144195557,0.085170216858387,-0.00406796857714653,42.4717788696289,-71.2990570068359,57.6202850341797,18.7377872467041,1.76507222652435,-1.7519234418869,112.296974182129,57.5180778503418,0.113881818950176,-1.29317212104797,2.49769067764282,0.168249174952507,70
738505.47460194013547152281,56.9342842102051,-0.387691587209702,8.01469898223877,0.085170216858387,-0.00406796857714653,42.4717636108398,-71.2989120483398,57.5394744873047,18.7376518249512,0.176356881856918,-1.67618632316589,111.451049804688,57.4969444274902,0.0583854392170906,1.92695248126984,2.49900984764099,0.164612025022507,70
738505.47460422920994460583,56.8672523498535,-0.84524804353714,7.93288326263428,0.085170216858387,-0.00406796857714653,42.471752166748,-71.2987747192383,57.367546081543,18.6561088562012,0.555156707763672,-1.2459819316864,110.474166870117,57.4241180419922,-0.0438116677105427,0.631019055843353,2.49956917762756,0.161218568682671,70
738505.47460656776092946529,56.6900825500488,-1.06107449531555,7.89176368713379,0.085170216858387,-0.00406796857714653,42.471736907959,-71.2986373901367,57.1282043457031,18.4907836914062,0.831257581710815,-0.757474064826965,109.82258605957,57.2465858459473,-0.201956063508987,-1.98657488822937,1.39560306072235,0.158083617687225,70
738505.47460894030518829823,56.500415802002,-1.12120163440704,7.82045555114746,0.085170216858387,-0.00406796857714653,42.4717216491699,-71.2984924316406,56.8518981933594,18.3104343414307,-0.983869671821594,-0.16449385881424,109.772201538086,57.0500946044922,-0.403762072324753,-3.06750702857971,0.575610458850861,0.15500482916832,70
738505.47461138537619262934,56.4053153991699,-1.38329172134399,7.74429702758789,0.085170216858387,-0.00406796857714653,42.4717063903809,-71.2983474731445,56.5500793457031,18.0543746948242,-2.5831446647644,0.483357906341553,110.203369140625,56.9512710571289,-0.603200376033783,-2.58024120330811,0.24152909219265,0.152250453829765,70
738505.47461375151760876179,56.3394317626953,-1.83782243728638,7.72432851791382,0.085170216858387,-0.00406796857714653,42.4716949462891,-71.298210144043,56.1706161499023,17.7007999420166,-2.10945773124695,1.18398344516754,110.676177978516,56.8961753845215,-0.810435473918915,-2.81886601448059,0.102242507040501,0.149772077798843,70
738505.47461604129057377577,56.2600402832031,-2.27519369125366,7.73253965377808,0.085170216858387,-0.00406796857714653,42.4716796875,-71.2980728149414,55.7161827087402,17.235933303833,-1.26782882213593,1.94709169864655,110.873931884766,56.8345031738281,-1.04025447368622,-3.06178498268127,0.0445283018052578,0.147591754794121,70
738505.47461839695461094379,56.1691131591797,-2.57169151306152,7.69287395477295,0.085170216858387,-0.00406796857714653,42.4716682434082,-71.2979278564453,55.172664642334,16.7187843322754,-1.42467498779297,2.76609802246094,110.790641784668,56.751766204834,-1.31154263019562,-1.06587958335876,0.0189278535544872,0.145530045032501,70
738505.47462074563372880220,56.0947761535645,-2.98103046417236,7.59962272644043,0.085170216858387,-0.00406796857714653,42.4716529846191,-71.2977905273438,54.579216003418,16.1312446594238,-1.92014765739441,3.44249296188354,110.61695098877,56.6856651306152,-1.59519398212433,2.51179480552673,0.00828074477612972,0.143689170479774,70
738505.47462304029613733292,56.0118751525879,-3.41844367980957,7.56128883361816,0.085170216858387,-0.00406796857714653,42.4716415405273,-71.2976608276367,53.9019165039062,15.4394226074219,-1.35684096813202,3.9484748840332,110.459701538086,56.623218536377,-1.89899384975433,4.27585363388062,0.00365379964932799,0.142017170786858,70
738505.47462528932373970747,55.8931312561035,-3.67180514335632,7.67681264877319,0.085170216858387,-0.00406796857714653,42.4716262817383,-71.2975234985352,53.1605529785156,14.6889162063599,-1.76281774044037,4.44743061065674,110.278015136719,56.537223815918,-2.22429919242859,1.83422839641571,0.00161290273535997,0.140495836734772,70
738505.47462757653556764126,55.800838470459,-3.94756960868835,7.85316610336304,0.085170216858387,-0.00406796857714653,42.4716148376465,-71.2973937988281,52.3623809814453,13.9131441116333,-3.8833281993866,4.72648620605469,110.001121520996,56.4888381958008,-2.55727529525757,-1.43720018863678,0.000701483630109578,0.139053225517273,70
738505.47462978924158960581,55.7688064575195,-4.41320562362671,7.92095422744751,0.085170216858387,-0.00406796857714653,42.4715995788574,-71.2972564697266,51.4974670410156,13.0366325378418,-4.42119026184082,4.41880702972412,109.675170898438,56.5011291503906,-2.8813841342926,-1.03374600410461,0.000313216907670721,0.137673079967499,70
738505.47463204630184918642,55.7509880065918,-4.66993093490601,8.00335502624512,0.085170216858387,-0.00406796857714653,42.4715881347656,-71.2971267700195,50.5644569396973,12.1036939620972,-4.7066478729248,4.14914226531982,109.350631713867,56.5157928466797,-3.21886992454529,-0.746224164962769,0.000138654228067026,0.136210724711418,70
738505.47463432326912879944,55.7381477355957,-4.81928586959839,8.08183097839355,0.085170216858387,-0.00406796857714653,42.4715728759766,-71.2969970703125,49.6117706298828,11.156964302063,-4.54430246353149,3.82820010185242,109.093627929688,56.5268325805664,-3.54425525665283,-0.436737447977066,6.2387109210249e-05,0.134658291935921,70
738505.47463657718617469072,55.7120056152344,-4.86023759841919,8.1443510055542,0.085170216858387,-0.00406796857714653,42.4715576171875,-71.2968597412109,48.6199836730957,10.1703205108643,-3.44557571411133,3.42274403572083,108.945373535156,56.5135383605957,-3.85449600219727,0.178760901093483,2.76147184194997e-05,0.132908061146736,70
738505.47463878523558378220,55.6494331359863,-4.67155075073242,8.18033123016357,0.085170216858387,-0.00406796857714653,42.4715461730957,-71.2967300415039,47.6492919921875,9.19782543182373,-1.33774030208588,2.93606853485107,108.948173522949,56.4411239624023,-4.12179613113403,1.19758081436157,1.22976480270154e-05,0.130982145667076,70
738505.47464095673058182001,55.576847076416,-4.1210036277771,8.21304702758789,0.085170216858387,-0.00406796857714653,42.4715309143066,-71.2966079711914,46.8161392211914,8.37269401550293,0.0111546590924263,2.4825484752655,109.067672729492,56.3313636779785,-4.30634069442749,1.90272128582001,5.76471165913972e-06,0.128991544246674,70
738505.47464325709734112024,55.4828758239746,-3.46601533889771,8.23170185089111,0.085170216858387,-0.00406796857714653,42.4715194702148,-71.2964706420898,46.0224342346191,7.56898021697998,0.876818299293518,1.7235255241394,109.196098327637,56.1971855163574,-4.39447546005249,2.24289894104004,2.50683433478116e-06,0.126578375697136,70
738505.47464564302936196327,55.3938980102539,-2.82654285430908,8.21317100524902,0.085170216858387,-0.00406796857714653,42.4715042114258,-71.2963333129883,45.3358459472656,6.87229776382446,1.08267664909363,-0.833866477012634,109.224273681641,56.0707511901855,-4.34416055679321,1.8314950466156,1.0562522447799e-06,0.123845830559731,70
738505.47464800626039505005,55.3371315002441,-2.34144186973572,8.09835815429688,0.085170216858387,-0.00406796857714653,42.4714889526367,-71.2961959838867,44.7868385314941,6.34252166748047,1.17628610134125,-5.20493459701538,109.086448669434,55.9755668640137,-4.17225694656372,0.713833034038544,4.59692557797098e-07,0.121020391583443,70
738505.47465034690685570240,55.2991333007812,-1.9566193819046,7.84450531005859,0.085170216858387,-0.00406796857714653,42.4714736938477,-71.2960586547852,44.3012084960938,5.82233476638794,2.29525423049927,-8.16956233978271,108.745170593262,55.887020111084,-3.90005874633789,-0.667877614498138,1.92969778822771e-07,0.117904990911484,70
738505.47465251851826906204,55.256275177002,-1.56946969032288,7.44868469238281,0.085170216858387,-0.00406796857714653,42.4714622497559,-71.2959289550781,43.9329490661621,5.46143198013306,3.80353331565857,-8.10363864898682,108.296806335449,55.778148651123,-3.6072199344635,0.618764579296112,8.84634729914069e-08,0.11507311463356,70
738505.47465486149303615093,55.1606674194336,-0.971284031867981,7.0227313041687,0.085170216858387,-0.00406796857714653,42.4714469909668,-71.2957992553711,43.6456565856934,5.18588876724243,4.06670331954956,-6.12123680114746,107.770202636719,55.6143989562988,-3.25742173194885,1.41245555877686,3.84956777566003e-08,0.112187378108501,70
738505.47465726046357303858,55.0144462585449,-0.614549219608307,6.81724882125854,0.085170216858387,-0.00406796857714653,42.471435546875,-71.2956619262695,43.4496421813965,4.98543930053711,3.5310001373291,-1.95969617366791,107.291564941406,55.4386329650879,-2.8554949760437,-0.833193063735962,1.63008131437437e-08,0.109599016606808,70
738505.47465974756050854921,54.8357238769531,-0.498163014650345,6.73569202423096,0.085170216858387,-0.00406796857714653,42.4714241027832,-71.2955169677734,43.2871437072754,4.83142423629761,3.71744084358215,-0.878697574138641,106.800094604492,55.2501068115234,-2.4267725944519,-2.47860813140869,6.65174493263976e-09,0.107516206800938,70
738505.47466221742797642946,54.6732940673828,-0.338421434164047,6.59167289733887,0.085170216858387,-0.00406796857714653,42.4714126586914,-71.2953720092773,43.1572303771973,4.68849039077759,2.71982264518738,-1.41498112678528,106.248222351074,55.0702629089355,-2.03202128410339,-1.36661064624786,2.7334936536505e-09,0.106117740273476,70
738505.47466458077542483807,54.5565032958984,-0.417651504278183,6.43268823623657,0.085170216858387,-0.00406796857714653,42.4714012145996,-71.2952346801758,43.0398292541504,4.5815258026123,1.26285433769226,-1.68672060966492,105.766052246094,54.9360160827637,-1.69629347324371,-0.153218194842339,1.16065457245185e-09,0.10538337379694,70
738505.47466688684653490782,54.4358291625977,-0.660299062728882,6.31539344787598,0.085170216858387,-0.00406796857714653,42.4713897705078,-71.2951049804688,42.8871002197266,4.43433856964111,1.15763354301453,-1.8519651889801,105.467750549316,54.8049240112305,-1.42921662330627,-0.377064645290375,4.9448412031694e-10,0.105251021683216,70
738505.47466949035879224539,54.2881050109863,-0.698500216007233,6.21889019012451,0.085170216858387,-0.00406796857714653,42.471378326416,-71.2949752807617,42.7098007202148,4.24751758575439,2.13346362113953,-1.85034275054932,105.392364501953,54.6476020812988,-1.25167632102966,-1.34558749198914,2.18154952436045e-10,0.105683654546738,70
738505.47467182378750294447,54.0094985961914,-0.580310165882111,6.059006690979,0.085170216858387,-0.00406796857714653,42.4713668823242,-71.2948150634766,42.5136337280273,4.06738090515137,2.43951106071472,-1.77026450634003,105.444618225098,54.3513946533203,-1.11403036117554,-1.63445472717285,8.2135388768112e-11,0.106891818344593,70
738505.47467398771550506353,53.738037109375,-0.514688968658447,5.89123201370239,0.085170216858387,-0.00406796857714653,42.4713554382324,-71.2946929931641,42.3759803771973,3.9199800491333,1.89100348949432,-1.01302182674408,105.426559448242,54.0624465942383,-1.03102934360504,-0.63038170337677,3.76453208883465e-11,0.108371146023273,70
738505.47467624605633318424,53.4239540100098,-0.656697928905487,5.73131132125854,0.085170216858387,-0.00406796857714653,42.4713439941406,-71.294563293457,42.2239112854004,3.76325082778931,1.72473740577698,0.330155223608017,105.232727050781,53.7345123291016,-0.958958864212036,0.637806236743927,1.65146594316434e-11,0.110455185174942,70
738505.47467852488625794649,53.0583305358887,-0.815878450870514,5.70203161239624,0.085170216858387,-0.00406796857714653,42.4713363647461,-71.2944412231445,42.0347290039062,3.56064248085022,2.58438515663147,1.90562033653259,104.841346740723,53.3700790405273,-0.917384028434753,-0.814423441886902,7.2965973541006e-12,0.113038517534733,70
738505.47468078869860619307,52.6767120361328,-0.760386407375336,5.73837423324585,0.085170216858387,-0.00406796857714653,42.4713249206543,-71.2943115234375,41.842212677002,3.37244582176208,2.32379531860352,2.35979557037354,104.325180053711,52.9938011169434,-0.907246470451355,-2.41550922393799,3.24672645539426e-12,0.116079606115818,70
738505.47468290780670940876,52.3473510742188,-0.807237386703491,5.70983409881592,0.085170216858387,-0.00406796857714653,42.4713172912598,-71.2941970825195,41.662166595459,3.21568083763123,1.39408433437347,2.47018623352051,103.797622680664,52.6640205383301,-0.908424556255341,-1.60205948352814,1.48534645954407e-12,0.11940186470747,70
738505.47468502447009086609,52.0519065856934,-1.07657539844513,5.62573766708374,0.085170216858387,-0.00406796857714653,42.471305847168,-71.294075012207,41.4512939453125,2.98390316963196,1.4510509967804,2.38889026641846,103.280334472656,52.3661041259766,-0.921468019485474,0.509189426898956,-1.03930687904358,0.122937716543674,70
738505.47468722844496369362,51.7480964660645,-1.30529046058655,5.56860589981079,0.085170216858387,-0.00406796857714653,42.4712982177734,-71.2939605712891,41.1876258850098,2.72307729721069,1.77853083610535,2.47087359428406,102.697952270508,52.0632171630859,-0.964160740375519,1.45659530162811,-1.8315681219101,0.126817941665649,70
738505.47468952578492462635,51.4306869506836,-1.48774814605713,5.57106399536133,0.085170216858387,-0.00406796857714653,42.4712905883789,-71.2938385009766,40.8765602111816,2.4094705581665,1.08770263195038,2.79149985313416,101.99129486084,51.7529296875,-1.04211735725403,0.657776594161987,-2.20346236228943,0.131096616387367,70
738505.47469170496333390474,51.1351547241211,-1.76420712471008,5.5978832244873,0.085170216858387,-0.00406796857714653,42.4712791442871,-71.2937164306641,40.5245628356934,2.06830024719238,0.243241563439369,2.91132521629333,101.268241882324,51.470890045166,-1.14734280109406,-0.447769939899445,-2.36730575561523,0.135532990098,70
738505.47469387436285614967,50.8581809997559,-2.05786633491516,5.61195230484009,0.085170216858387,-0.00406796857714653,42.4712715148926,-71.2936019897461,40.1292114257812,1.65911972522736,0.404151499271393,2.7729275226593,100.667068481445,51.2082366943359,-1.27783310413361,-0.748525142669678,-2.43895578384399,0.139966130256653,70
738505.47469611244741827250,50.5812873840332,-2.21541237831116,5.60933542251587,0.085170216858387,-0.00406796857714653,42.4712600708008,-71.2934799194336,39.6819915771484,1.23359191417694,1.13242101669312,2.76959919929504,100.192581176758,50.9395637512207,-1.43926405906677,-0.24249766767025,-2.47227144241333,0.144574984908104,70
738505.47469839418772608042,50.3154563903809,-2.26543211936951,5.63935565948486,0.085170216858387,-0.00406796857714653,42.4712524414062,-71.2933578491211,39.2058029174805,0.746138989925385,0.81263256072998,3.52469658851624,99.7616958618164,50.6811561584473,-1.61887943744659,-0.282488495111465,-2.48778557777405,0.149420216679573,70
738505.47470065578818321228,50.1180038452148,-2.39350461959839,5.73965978622437,0.085170216858387,-0.00406796857714653,42.4712409973145,-71.2932434082031,38.7108345031738,0.267939209938049,0.199037656188011,4.22677564620972,99.1865234375,50.5023422241211,-1.7915780544281,-1.4403440952301,-2.49460816383362,0.154264226555824,70
738505.47470297664403915405,49.6932373046875,-0.0724537074565887,6.20334005355835,0.085170216858387,-0.00406796857714653,42.4712333679199,-71.2931213378906,38.3749809265137,-0.0760310590267181,0.977422833442688,2.91125965118408,98.3136444091797,50.0789833068848,-1.93087613582611,-2.92388272285461,-2.49766755104065,0.159181579947472,70
738505.47470505465753376484,49.2992095947266,1.08526360988617,6.4322943687439,0.085170216858387,-0.00406796857714653,42.4712219238281,-71.2930068969727,38.4754409790039,0.00741097424179316,4.38127183914185,1.23069071769714,97.3777084350586,49.7289085388184,-1.83886921405792,-1.71417081356049,-2.4989001750946,0.163392499089241,70
738505.47470722708385437727,48.9628067016602,1.19585418701172,6.3683934211731,0.085170216858387,-0.00406796857714653,42.4712104797363,-71.2929000854492,38.6503219604492,0.185524374246597,6.43414640426636,1.86843824386597,96.4610366821289,49.389705657959,-1.53127598762512,0.302474737167358,-2.49949193000793,0.167350471019745,70
738505.47470949927810579538,48.5963821411133,1.23137104511261,6.30303764343262,0.085170216858387,-0.00406796857714653,42.4711990356445,-71.2927780151367,38.8686714172363,0.414302617311478,4.76038312911987,3.68038201332092,95.6998443603516,49.0189056396484,-1.10147726535797,1.99417078495026,-2.49977850914001,0.17110587656498,70
738505.47471179184503853321,48.3112106323242,0.750786423683167,6.27433919906616,0.085170216858387,-0.00406796857714653,42.47119140625,-71.2926635742188,39.0188331604004,0.563726902008057,3.89115047454834,5.68810415267944,95.1829833984375,48.722728729248,-0.693426907062531,3.30639386177063,-2.49990057945251,0.174246892333031,70
738505.47471405670512467623,48.0069465637207,0.306576669216156,6.34472036361694,0.085170216858387,-0.00406796857714653,42.4711799621582,-71.2925491333008,39.0843200683594,0.630941271781921,3.93438172340393,7.44070863723755,94.7351150512695,48.4253692626953,-0.367317110300064,3.07160997390747,-2.4999566078186,0.177074253559113,70
738505.47471623960882425308,47.6994934082031,-0.0811572074890137,6.4714298248291,0.085170216858387,-0.00406796857714653,42.4711685180664,-71.2924423217773,39.0668678283691,0.598208904266357,3.87479901313782,7.8460865020752,94.313606262207,48.1365509033203,-0.175983846187592,2.12576699256897,-2.49998021125793,0.179391071200371,70
738505.47471842484083026648,47.4000129699707,-0.421933829784393,6.60460424423218,0.085170216858387,-0.00406796857714653,42.4711570739746,-71.2923278808594,38.9843330383301,0.529779672622681,2.85748410224915,7.04192304611206,93.9045944213867,47.8597946166992,-0.0989653617143631,1.34036362171173,-2.49999070167542,0.181288659572601,70
738505.47472063649911433458,47.1241912841797,-0.78594183921814,6.71309852600098,0.085170216858387,-0.00406796857714653,42.4711456298828,-71.2922210693359,38.8297538757324,0.369738191366196,0.971380472183228,5.81918001174927,93.538932800293,47.6064376831055,-0.117522984743118,0.970223307609558,-2.499995470047,0.182833448052406,70
738505.47472286236006766558,46.8919792175293,-1.16186738014221,6.81087732315063,0.085170216858387,-0.00406796857714653,42.471134185791,-71.292106628418,38.6008453369141,0.132803708314896,-0.710005462169647,5.19775819778442,93.307975769043,47.398265838623,-0.217877298593521,0.692868292331696,-2.49999761581421,0.183861926198006,70
738505.47472510871011763811,46.5272102355957,-0.00837883353233337,7.06022930145264,0.085170216858387,-0.00406796857714653,42.4711227416992,-71.2919998168945,38.4689674377441,0.00892861280590296,0.0941195115447044,3.32424378395081,93.201789855957,47.0598373413086,-0.353536754846573,0.274131536483765,-2.49999856948853,0.184377208352089,70
738505.47472730756271630526,46.2139358520508,0.435620993375778,7.22375631332397,0.085170216858387,-0.00406796857714653,42.4711112976074,-71.2918930053711,38.5024108886719,0.0425234884023666,1.12328600883484,1.96739339828491,93.1412582397461,46.7771339416504,-0.396860808134079,0.127757981419563,-2.49999904632568,0.184307456016541,70
738505.47472955659031867981,45.9669303894043,0.195532649755478,7.27298784255981,0.085170216858387,-0.00406796857714653,42.4710998535156,-71.2917785644531,38.5318298339844,0.0744847357273102,1.19894623756409,1.5427542924881,93.0152282714844,46.5391578674316,-0.350645959377289,-0.17195151746273,-2.49999952316284,0.183529019355774,70
738505.47473175369668751955,45.7134208679199,0.0659774094820023,7.32499122619629,0.085170216858387,-0.00406796857714653,42.4710845947266,-71.2916793823242,38.5182304382324,0.0565669909119606,0.849585056304932,1.12346732616425,92.7389984130859,46.2966156005859,-0.29236313700676,-0.22269469499588,-2.5,0.182122677564621,70
738505.47473400842864066362,45.473388671875,0.11836763471365,7.36375570297241,0.085170216858387,-0.00406796857714653,42.4710731506348,-71.2915725708008,38.5068664550781,0.0670643374323845,0.377933710813522,0.723945677280426,92.226318359375,46.0659065246582,-0.241978839039803,0.282100141048431,-2.50000023841858,0.179978236556053,70
738505.47473621042445302010,45.2664604187012,0.146540805697441,7.34081363677979,0.085170216858387,-0.00406796857714653,42.471061706543,-71.2914657592773,38.4969100952148,0.0473660081624985,-0.0509837381541729,0.463009059429169,91.5063171386719,45.8580589294434,-0.199637696146965,1.55391526222229,-2.5,0.177204847335815,70
738505.47473845223430544138,45.0071258544922,0.155501574277878,7.35750150680542,0.085170216858387,-0.00406796857714653,42.4710502624512,-71.2913589477539,38.4936447143555,0.0407257080078125,0.398162335157394,0.192912757396698,90.6849060058594,45.6048049926758,-0.162308812141418,2.130051612854,-2.49999952316284,0.173826321959496,70
738505.47474070044700056314,44.6927947998047,0.101984731853008,7.41501760482788,0.085170216858387,-0.00406796857714653,42.4710350036621,-71.2912521362305,38.483829498291,0.0362318195402622,1.26586186885834,-0.0520279593765736,89.9086380004883,45.3038482666016,-0.131029263138771,1.44776380062103,-2.49999952316284,0.16989067196846,70
738505.47474289522506296635,44.2720718383789,0.210845589637756,7.51859951019287,0.085170216858387,-0.00406796857714653,42.4710235595703,-71.291145324707,38.4834747314453,0.0238078124821186,1.96129727363586,-0.269374310970306,89.2835083007812,44.9064598083496,-0.107635244727135,-0.387512624263763,-2.49999952316284,0.165534123778343,70
738505.47474508732557296753,43.9163131713867,0.239071875810623,7.61835813522339,0.085170216858387,-0.00406796857714653,42.4710121154785,-71.2910461425781,38.4979515075684,0.0371253862977028,1.92400848865509,-0.448993623256683,88.7817459106445,44.5728530883789,-0.0811485201120377,-1.96229386329651,-2.49999952316284,0.160692110657692,70
738505.47474735695868730545,43.6254081726074,0.103853449225426,7.63870334625244,0.085170216858387,-0.00406796857714653,42.4709968566895,-71.2909393310547,38.4970054626465,0.050519835203886,1.46505486965179,-0.613162159919739,88.3115158081055,44.2892379760742,-0.0547116957604885,-2.01424908638,-2.49999952316284,0.155094265937805,70
738505.47474966314621269703,43.2941398620605,0.171362236142159,7.64468145370483,0.085170216858387,-0.00406796857714653,42.4709854125977,-71.2908401489258,38.4918212890625,0.0355957224965096,1.21175372600555,-0.730180203914642,87.8221054077148,43.964225769043,-0.0406589955091476,-2.29043865203857,-2.49999952316284,0.148880198597908,70
738505.47475197212770581245,43.0108795166016,0.105587013065815,7.62619161605835,0.085170216858387,-0.00406796857714653,42.4709701538086,-71.2907333374023,38.4881973266602,0.0439056046307087,0.977343142032623,-0.801928877830505,87.2595520019531,43.6818695068359,-0.0306227076798677,-2.1252133846283,-2.49999952316284,0.141985669732094,70
738505.47475424211006611586,42.7161865234375,0.0987082868814468,7.58402156829834,0.085170216858387,-0.00406796857714653,42.4709587097168,-71.2906265258789,38.4761734008789,0.0356377586722374,1.01629793643951,-0.893398284912109,86.6206207275391,43.3843269348145,-0.0279998723417521,-1.85335958003998,-2.49999952316284,0.134672284126282,70
738505.47475661686621606350,42.3796653747559,0.147198647260666,7.52850484848022,0.085170216858387,-0.00406796857714653,42.4709434509277,-71.2905197143555,38.4701042175293,0.0230109598487616,1.39524531364441,-1.02826261520386,85.8611373901367,43.0434188842773,-0.0292340982705355,-1.02922487258911,-2.49999952316284,0.126550525426865,70
738505.47475899488199502230,42.0394630432129,0.319908559322357,7.47546672821045,0.085170216858387,-0.00406796857714653,42.4709320068359,-71.2904205322266,38.4896087646484,0.0179511625319719,1.2766170501709,-1.15684342384338,85.0157470703125,42.7001304626465,-0.0238623768091202,-0.710640251636505,-2.49999904632568,0.118030175566673,70
738505.47476129885762929916,41.8218421936035,0.129351392388344,7.37660026550293,0.085170216858387,-0.00406796857714653,42.4709167480469,-71.2903137207031,38.5049095153809,0.0457700118422508,0.483335256576538,-1.20457351207733,84.1103210449219,42.4676055908203,-0.00466463714838028,0.388938724994659,-2.49999952316284,0.109156541526318,70
738505.47476335952524095774,41.5940628051758,0.14475616812706,7.27947998046875,0.085170216858387,-0.00406796857714653,42.4709053039551,-71.2902221679688,38.4988861083984,0.0264690034091473,0.150860577821732,-1.17461097240448,83.3048324584961,42.226505279541,0.0035612063948065,1.15348613262177,-2.49999952316284,0.101144060492516,70
738505.47476554091554135084,41.3575973510742,0.191297098994255,7.22377252578735,0.085170216858387,-0.00406796857714653,42.4708938598633,-71.2901306152344,38.503963470459,0.0283342953771353,0.114795491099358,-1.10833084583282,82.4990692138672,41.9841690063477,0.00707086687907577,1.21914553642273,-2.49999952316284,0.0926606506109238,70
738505.47476771695073693991,41.1161231994629,0.168856099247932,7.19334363937378,0.085170216858387,-0.00406796857714653,42.4708824157715,-71.2900314331055,38.5126419067383,0.0403098054230213,0.0397178716957569,-1.04938423633575,81.7373199462891,41.740966796875,0.0123838456347585,0.467672407627106,-2.50000023841858,0.0837470516562462,70
738505.47476987773552536964,40.9018783569336,0.0375700928270817,7.17324590682983,0.085170216858387,-0.00406796857714653,42.4708709716797,-71.2899398803711,38.501636505127,0.0473935939371586,-0.0783330574631691,-0.944127082824707,81.1161270141602,41.5261421203613,0.0136238560080528,-0.759431481361389,-2.5,0.0750332623720169,70
738505.47477209370117634535,40.6470565795898,0.0581221096217632,7.17098236083984,0.085170216858387,-0.00406796857714653,42.4708595275879,-71.2898483276367,38.4806632995605,0.0428093783557415,0.13081106543541,-0.911331713199615,80.6271667480469,41.2748069763184,0.00259834481403232,-1.82139575481415,-2.5,0.0660425424575806,70
738505.47477414703462272882,40.3436698913574,0.217491999268532,7.13583087921143,0.085170216858387,-0.00406796857714653,42.4708480834961,-71.2897567749023,38.4796905517578,0.0177167728543282,0.399555921554565,-0.903071582317352,80.2990036010742,40.9704666137695,-0.0094500370323658,-2.4031240940094,-2.5,0.0573412589728832,70
738505.47477626265026628971,40.0987701416016,0.193570896983147,7.0716986656189,0.085170216858387,-0.00406796857714653,42.4708366394043,-71.289665222168,38.4924774169922,0.0361284650862217,0.4924595952034,-0.947944641113281,80.0879974365234,40.7180290222168,-0.00927374791353941,-1.94621002674103,-2.5,0.0486887991428375,70
738505.47477848583366721869,39.8468551635742,0.0867314711213112,6.99049615859985,0.085170216858387,-0.00406796857714653,42.4708251953125,-71.2895736694336,38.4907608032227,0.0340822748839855,0.585461735725403,-0.98609721660614,79.9392166137695,40.4554862976074,-0.00453289458528161,-1.35548257827759,-2.5,0.0393123663961887,70
738505.47478067770134657621,39.5544776916504,0.073478952050209,6.86669826507568,0.085170216858387,-0.00406796857714653,42.4708099365234,-71.2894821166992,38.4802169799805,0.0387385226786137,0.741105675697327,-1.03159821033478,79.8119277954102,40.1461524963379,-0.00618443172425032,-0.352878928184509,-2.50000023841858,0.02986054494977,70
738505.47478290344588458538,39.2590408325195,0.161830767989159,6.7304162979126,0.085170216858387,-0.00406796857714653,42.4708023071289,-71.2893905639648,38.4719696044922,0.00900026876479387,0.931937515735626,-1.09251439571381,79.5687255859375,39.8321113586426,-0.012598673813045,1.76465463638306,-2.50000047683716,0.0204393118619919,70
738505.47478507657069712877,38.9819526672363,0.179141089320183,6.6250467300415,0.085170216858387,-0.00406796857714653,42.4707908630371,-71.2892990112305,38.4819068908691,0.0273088999092579,0.925361752510071,-1.16890263557434,79.0605697631836,39.5413208007812,-0.0126197058707476,3.15314674377441,-2.50000023841858,0.0111089507117867,70
738505.47478730208240449429,38.7765693664551,0.115173384547234,6.57864189147949,0.085170216858387,-0.00406796857714653,42.4707794189453,-71.2892074584961,38.4816398620605,0.0263735894113779,0.379917472600937,-1.21112167835236,78.3032913208008,39.3308296203613,-0.00814106594771147,3.05378818511963,-2.5,0.00178053940180689,70
738505.47478945332113653421,38.5293998718262,0.119833797216415,6.57730722427368,0.085170216858387,-0.00406796857714653,42.4707679748535,-71.2891235351562,38.4768180847168,0.0263990182429552,0.0431981198489666,-1.17131006717682,77.4668655395508,39.0869560241699,-0.00727769313380122,1.34144556522369,-2.49999976158142,-0.00718541815876961,70
738505.47479157510679215193,38.2713737487793,0.147095516324043,6.61166524887085,0.085170216858387,-0.00406796857714653,42.4707565307617,-71.2890319824219,38.4762992858887,0.0208472330123186,0.190872639417648,-1.14476561546326,76.670051574707,38.8385581970215,-0.00773479184135795,-0.596640050411224,-2.49999976158142,-0.0159855466336012,70
738505.47479378001298755407,37.9509696960449,0.155023723840714,6.62627220153809,0.085170216858387,-0.00406796857714653,42.4707450866699,-71.288948059082,38.4816055297852,0.0249151755124331,0.694630444049835,-1.09714651107788,75.9616241455078,38.5254173278809,-0.00549185555428267,-1.93070781230927,-2.5,-0.0252083167433739,70
738505.47479603753890842199,37.6947250366211,0.12462504953146,6.56175899505615,0.085170216858387,-0.00406796857714653,42.4707336425781,-71.2888565063477,38.4812660217285,0.0347411446273327,0.394566863775253,-1.06617283821106,75.4327621459961,38.2617874145508,-0.00244891527108848,-1.07805252075195,-2.5,-0.0344623252749443,70
738505.47479824523907154799,37.4711990356445,0.189105704426765,6.46428966522217,0.085170216858387,-0.00406796857714653,42.4707221984863,-71.2887649536133,38.4857177734375,0.0221121963113546,-0.383401989936829,-1.03706657886505,75.0450973510742,38.0251693725586,-0.000520520261488855,0.281330317258835,-2.49999976158142,-0.0437596254050732,70
738505.47480039962101727724,37.2620162963867,0.151742577552795,6.39797449111938,0.085170216858387,-0.00406796857714653,42.4707107543945,-71.2886810302734,38.4938201904297,0.0246470049023628,-0.301769495010376,-1.06282842159271,74.6935577392578,37.8076057434082,0.00477058719843626,0.644996643066406,-2.50000023841858,-0.0526156648993492,70
738505.47480264690238982439,37.0320472717285,0.0948158949613571,6.39136552810669,0.085170216858387,-0.00406796857714653,42.470703125,-71.2885971069336,38.4906539916992,0.0243830978870392,0.330137997865677,-1.06652343273163,74.2444534301758,37.5796661376953,0.00812062434852123,-0.0852086544036865,-2.50000047683716,-0.0617632493376732,70
738505.47480482736136764288,36.7355194091797,0.101404398679733,6.3796329498291,0.085170216858387,-0.00406796857714653,42.4706916809082,-71.2885131835938,38.4831352233887,0.0202968437224627,0.632384181022644,-1.0341762304306,73.6850280761719,37.2854995727539,0.00533028086647391,-1.15075063705444,-2.5,-0.0708812549710274,70
738505.47480706137139350176,36.4649047851562,0.0970334485173225,6.37068557739258,0.085170216858387,-0.00406796857714653,42.4706802368164,-71.2884216308594,38.4772415161133,0.0211368426680565,0.523553669452667,-0.947636604309082,73.0359497070312,37.0173530578613,-2.85024161712499e-05,-1.8806871175766,-2.49999952316284,-0.0803742483258247,70
738505.47480917465873062611,36.1593856811523,0.158135414123535,6.32624673843384,0.085170216858387,-0.00406796857714653,42.4706687927246,-71.2883453369141,38.4770278930664,0.0140866925939918,0.314592838287354,-0.839276492595673,72.4211654663086,36.7089576721191,-0.00458435900509357,-2.37924695014954,-2.49999952316284,-0.089297816157341,70
738505.47481135441921651363,35.9062995910645,0.123506836593151,6.28095769882202,0.085170216858387,-0.00406796857714653,42.4706611633301,-71.2882614135742,38.4809417724609,0.0294978301972151,0.0483443215489388,-0.767312347888947,71.8510055541992,36.4517211914062,-0.00428992742672563,-2.42354941368103,-2.49999952316284,-0.098249189555645,70
738505.47481351706665009260,35.6631317138672,0.11990725249052,6.18799734115601,0.085170216858387,-0.00406796857714653,42.4706497192383,-71.2881774902344,38.4776306152344,0.022866316139698,-0.160087466239929,-0.671357750892639,71.3551864624023,36.1961975097656,-0.00409130239859223,-1.99094307422638,-2.5,-0.107515059411526,70
738505.47481573105324059725,35.405101776123,0.135730773210526,6.04872798919678,0.085170216858387,-0.00406796857714653,42.4706382751465,-71.2881011962891,38.4764251708984,0.017795205116272,-0.0813442915678024,-0.611004829406738,70.9852676391602,35.9183349609375,-0.00479396898299456,-1.46135950088501,-2.5,-0.116608746349812,70
738505.47481795342173427343,35.0903968811035,0.12627786397934,5.86593341827393,0.085170216858387,-0.00406796857714653,42.470630645752,-71.2880172729492,38.4759140014648,0.0070098196156323,0.609702467918396,-0.576211214065552,70.7219467163086,35.5775375366211,-0.00482148583978415,-0.0308832731097937,-2.50000023841858,-0.126418635249138,70
738505.47482017148286104202,34.7110328674316,0.100067444145679,5.68583536148071,0.085170216858387,-0.00406796857714653,42.4706192016602,-71.2879333496094,38.4737358093262,0.00805062893778086,1.49300074577332,-0.599069893360138,70.5907669067383,35.1737785339355,-0.00490560801699758,1.43576240539551,-2.5,-0.13577064871788,70
738505.47482244367711246014,34.2500076293945,0.110383577644825,5.54945755004883,0.085170216858387,-0.00406796857714653,42.4706115722656,-71.2878494262695,38.4694404602051,0.00506978109478951,1.93401443958282,-0.624368190765381,70.4750900268555,34.6968536376953,-0.00664123706519604,1.62670266628265,-2.5,-0.145066499710083,70
738505.47482466418296098709,33.9024238586426,0.138911500573158,5.47280693054199,0.085170216858387,-0.00406796857714653,42.4706001281738,-71.2877731323242,38.4686241149902,0.00193773698993027,1.98905026912689,-0.694515943527222,70.2329635620117,34.3415985107422,-0.00826909951865673,0.280137270689011,-2.5,-0.154057964682579,70
738505.47482689598109573126,33.6070404052734,0.133379399776459,5.4345064163208,0.085170216858387,-0.00406796857714653,42.4705924987793,-71.2876892089844,38.4715309143066,0.00570835266262293,1.54690146446228,-0.739522159099579,69.7599716186523,34.0438652038574,-0.00707104289904237,-1.41392552852631,-2.49999952316284,-0.162805661559105,70
738505.47482907737139612436,33.4046440124512,0.182709455490112,5.44428205490112,0.085170216858387,-0.00406796857714653,42.4705810546875,-71.2876129150391,38.4781951904297,0.0102498885244131,0.784999251365662,-0.765431642532349,69.0595397949219,33.8458824157715,-0.00383684108965099,-2.99040532112122,-2.50000047683716,-0.171012625098228,70
738505.47483129228930920362,33.2530174255371,0.0951904132962227,5.38155651092529,0.085170216858387,-0.00406796857714653,42.470573425293,-71.2875366210938,38.4838676452637,0.0320479497313499,-0.312279403209686,-0.705946683883667,68.1929092407227,33.6858024597168,0.00289109162986279,-4.0045313835144,-2.50000047683716,-0.179183006286621,70
738505.47483337472658604383,33.1086082458496,0.0272688828408718,5.28735017776489,0.085170216858387,-0.00406796857714653,42.4705657958984,-71.287467956543,38.4702835083008,0.0213909279555082,-0.801915645599365,-0.626607179641724,67.2699432373047,33.528148651123,0.00302338041365147,-4.41777372360229,-2.5,-0.186719372868538,70
738505.47483557148370891809,32.9677772521973,0.0687100738286972,5.1381688117981,0.085170216858387,-0.00406796857714653,42.4705543518066,-71.2873916625977,38.4554328918457,0.00725336885079741,-0.375702828168869,-0.541190922260284,66.1721343994141,33.3658485412598,-0.00595982279628515,-4.04561233520508,-2.5,-0.194670349359512,70
738505.47483778349123895168,32.8364944458008,0.130308091640472,4.94837808609009,0.085170216858387,-0.00406796857714653,42.4705467224121,-71.2873153686523,38.4557647705078,0.00936159491539001,0.395210772752762,-0.416944324970245,65.0648727416992,33.2075119018555,-0.0132641652598977,-3.1814169883728,-2.49999952316284,-0.202172487974167,70
738505.47484000481199473143,32.6952857971191,0.101684272289276,4.74069547653198,0.085170216858387,-0.00406796857714653,42.4705390930176,-71.287239074707,38.4512901306152,0.00742248818278313,0.815584003925323,-0.252889513969421,63.9956741333008,33.0373458862305,-0.0157769992947578,-2.24374198913574,-2.49999976158142,-0.209573298692703,70
738505.47484219307079911232,32.5291595458984,0.103281982243061,4.51088619232178,0.085170216858387,-0.00406796857714653,42.470531463623,-71.2871627807617,38.4504356384277,-0.000694520829711109,1.15569293498993,-0.159904092550278,63.084342956543,32.8405990600586,-0.0168260149657726,-1.19693851470947,-2.49999976158142,-0.216624364256859,70
738505.47484434535726904869,32.3374328613281,0.126459091901779,4.27751064300537,0.085170216858387,-0.00406796857714653,42.4705238342285,-71.2870864868164,38.4495124816895,-0.00569388503208756,1.85002386569977,-0.101638950407505,62.4583206176758,32.6193618774414,-0.0163931641727686,-0.224555790424347,-2.5,-0.222978353500366,70
738505.47484655410517007113,32.1264572143555,0.182822480797768,4.08334827423096,0.085170216858387,-0.00406796857714653,42.470516204834,-71.2870101928711,38.4571685791016,-0.00370715651661158,1.88861978054047,-0.0890153869986534,62.1329689025879,32.3854331970215,-0.0128717860206962,-0.198590412735939,-2.5,-0.228829771280289,70
738505.47484865027945488691,31.9336357116699,0.210385277867317,3.95610523223877,0.085170216858387,-0.00406796857714653,42.4705123901367,-71.2869415283203,38.4726028442383,0.0107428068295121,1.06514692306519,-0.0898166969418526,62.0489082336426,32.1784439086914,-0.00375398970209062,-1.17975163459778,-2.50000023841858,-0.233763828873634,70
738505.47485082538332790136,31.7586803436279,0.145902290940285,3.84433960914612,0.085170216858387,-0.00406796857714653,42.4705047607422,-71.286865234375,38.4832229614258,0.0117095382884145,0.321794241666794,-0.0885432213544846,62.0599784851074,31.9908428192139,0.00898544490337372,-2.33686375617981,-2.49999976158142,-0.238225355744362,70
738505.47485291445627808571,31.6105442047119,0.0963126197457314,3.70932650566101,0.085170216858387,-0.00406796857714653,42.4704971313477,-71.2867965698242,38.4828224182129,0.0144802266731858,0.217397645115852,-0.112514607608318,62.0112953186035,31.827579498291,0.0162860956043005,-2.64052104949951,-2.50000023841858,-0.241808742284775,70
738505.47485509212128818035,31.4612598419189,0.117007523775101,3.54620337486267,0.085170216858387,-0.00406796857714653,42.4704933166504,-71.2867279052734,38.4803276062012,0.0103929024189711,0.205998241901398,-0.138805195689201,61.8240814208984,31.660701751709,0.016878105700016,-2.68909478187561,-2.5,-0.244892254471779,70
738505.47485729982145130634,31.3291397094727,0.0164183992892504,3.37575602531433,0.085170216858387,-0.00406796857714653,42.4704856872559,-71.2866516113281,38.4753379821777,0.0202323161065578,0.0802337899804115,-0.13650082051754,61.4874839782715,31.5104904174805,0.0146385580301285,-2.59574294090271,-2.49999952316284,-0.247223794460297,70
738505.47485940007027238607,31.2138786315918,-0.198188573122025,3.20996069908142,0.085170216858387,-0.00406796857714653,42.4704818725586,-71.2865829467773,38.428165435791,0.0158932954072952,-0.315496116876602,-0.18436373770237,61.0004501342773,31.3791236877441,-0.00160187517758459,-2.34949207305908,-2.50000023841858,-0.248863384127617,70
738505.47486158472020179033,31.0949230194092,-0.159552916884422,3.00905609130859,0.085170216858387,-0.00406796857714653,42.4704780578613,-71.2865142822266,38.3749351501465,0.00414115423336625,-0.203813001513481,-0.197345092892647,60.4280967712402,31.2405853271484,-0.0370415076613426,-1.81876420974731,-2.50000047683716,-0.24972015619278,70
738505.47486375784501433372,30.9610614776611,-0.12203798443079,2.78072738647461,0.085170216858387,-0.00406796857714653,42.4704704284668,-71.2864379882812,38.3271217346191,-0.00749149173498154,0.273464888334274,-0.197298124432564,59.7439346313477,31.0859241485596,-0.078794814646244,-1.1587883234024,-2.50000023841858,-0.249813079833984,70
738505.47486605180893093348,30.8182640075684,-0.11703921854496,2.55724406242371,0.085170216858387,-0.00406796857714653,42.4704666137695,-71.2863693237305,38.2835655212402,-0.00962707959115505,0.991785764694214,-0.153835192322731,59.0502395629883,30.9244003295898,-0.113696373999119,-0.707943916320801,-2.5,-0.249015137553215,70
738505.47486837510950863361,30.6599235534668,-0.144326195120811,2.33605217933655,0.085170216858387,-0.00406796857714653,42.4704627990723,-71.2862930297852,38.2349662780762,-0.00284729897975922,1.36066341400146,-0.159609735012054,58.3550682067871,30.7491283416748,-0.143543064594269,-0.357732176780701,-2.5,-0.247128397226334,70
738505.47487062762957066298,30.5267028808594,-0.147342100739479,2.13850140571594,0.085170216858387,-0.00406796857714653,42.470458984375,-71.2862167358398,38.1847152709961,0.00411602109670639,1.31173300743103,-0.165400743484497,57.7779579162598,30.6018714904785,-0.16824010014534,0.256264001131058,-2.5,-0.244220152497292,70
738505.47487283183727413416,30.4247226715088,-0.120112776756287,1.9760993719101,0.085170216858387,-0.00406796857714653,42.4704551696777,-71.2861480712891,38.1360511779785,-0.00296150334179401,1.01543235778809,-0.17151503264904,57.3513984680176,30.4890651702881,-0.188518345355988,1.13517832756042,-2.49999976158142,-0.240387886762619,70
738505.47487522265873849392,30.3110027313232,-0.105667993426323,1.83472883701324,0.085170216858387,-0.00406796857714653,42.4704513549805,-71.2860717773438,38.0949058532715,0.0129088880494237,0.531019687652588,-0.250747799873352,57.049991607666,30.366662979126,-0.202294945716858,1.94769597053528,-2.49999976158142,-0.234874829649925,70
738505.47487756353802978992,30.2067947387695,-0.108749151229858,1.73956692218781,0.085170216858387,-0.00406796857714653,42.4704513549805,-71.2859954833984,38.0466423034668,0.00385516602545977,0.238709568977356,-0.343684047460556,56.9008178710938,30.2570381164551,-0.209911003708839,2.57746911048889,-2.49999976158142,-0.228375941514969,70
738505.47487976099364459515,30.10764503479,-0.0685053765773773,1.69017028808594,0.085170216858387,-0.00406796857714653,42.4704475402832,-71.2859268188477,38.0100631713867,0.00393826980143785,0.163876667618752,-0.455681532621384,56.8331184387207,30.1551265716553,-0.213676199316978,2.85848665237427,-2.5,-0.22119514644146,70
738505.47488203586544841528,30.0066833496094,-0.0472800061106682,1.67914354801178,0.085170216858387,-0.00406796857714653,42.4704437255859,-71.2858581542969,37.9771614074707,-0.00362698524259031,0.140283733606339,-0.576800107955933,56.8200149536133,30.0536651611328,-0.211662799119949,2.81510233879089,-2.5,-0.213034316897392,70
738505.47488433483522385359,29.8983821868896,-0.0768085718154907,1.70275664329529,0.085170216858387,-0.00406796857714653,42.4704399108887,-71.2857818603516,37.9460945129395,0.00544256996363401,0.311403661966324,-0.628369748592377,56.8587799072266,29.946928024292,-0.204786822199821,2.56145596504211,-2.49999976158142,-0.203720331192017,70
738505.47488675056956708431,29.7783317565918,-0.176697418093681,1.75377476215363,0.085170216858387,-0.00406796857714653,42.4704399108887,-71.2857055664062,37.8931274414062,0.00735055329278111,0.552896916866302,-0.672528266906738,56.946891784668,29.8304538726807,-0.201330617070198,2.27265429496765,-2.49999976158142,-0.193061724305153,70
738505.47488906106445938349,29.635181427002,-0.167439237236977,1.83566832542419,0.085170216858387,-0.00406796857714653,42.4704360961914,-71.2856369018555,37.8364562988281,-0.00349090085364878,1.35164403915405,-0.732734858989716,57.0945854187012,29.6924514770508,-0.208699434995651,2.27780652046204,-2.49999976158142,-0.182418152689934,70
738505.47489127248991280794,29.4856109619141,-0.098052091896534,1.93051469326019,0.085170216858387,-0.00406796857714653,42.4704322814941,-71.2855682373047,37.7913703918457,-0.00440382724627852,1.89609479904175,-0.775711596012115,57.3094444274902,29.5489044189453,-0.217847362160683,2.58682632446289,-2.50000023841858,-0.17170974612236,70
738505.47489347076043486595,29.3416233062744,-0.0817598253488541,2.03274178504944,0.085170216858387,-0.00406796857714653,42.4704284667969,-71.2854995727539,37.7540550231934,-0.00235579861328006,1.68633639812469,-0.805110275745392,57.5409507751465,29.4120655059814,-0.221051707863808,2.79702591896057,-2.5,-0.160705223679543,70
738505.47489571233745664358,29.202169418335,-0.034384660422802,2.15775275230408,0.085170216858387,-0.00406796857714653,42.4704246520996,-71.2854309082031,37.7219734191895,0.00238576554693282,1.28296256065369,-0.823197364807129,57.7141342163086,29.2817993164062,-0.218316465616226,2.62331581115723,-2.50000047683716,-0.149503320455551,70
738505.47489802236668765545,29.0542373657227,0.0527093186974525,2.31349325180054,0.085170216858387,-0.00406796857714653,42.4704208374023,-71.2853622436523,37.7038497924805,-0.0039040872361511,1.31043148040771,-0.745628952980042,57.7710800170898,29.1462478637695,-0.207854717969894,2.10087633132935,-2.49999976158142,-0.13829530775547,70
738505.47490021982230246067,28.9088382720947,0.0986762791872025,2.47775411605835,0.085170216858387,-0.00406796857714653,42.4704170227051,-71.2852935791016,37.7010040283203,-0.000796166947111487,1.47921168804169,-0.754369854927063,57.7007942199707,29.0149955749512,-0.186294406652451,1.51041686534882,-2.49999976158142,-0.127344503998756,70
738505.47490245860535651445,28.7761707305908,0.0765249878168106,2.6221387386322,0.085170216858387,-0.00406796857714653,42.4704132080078,-71.2852249145508,37.697193145752,0.00209375447593629,1.35599195957184,-0.791508197784424,57.5299797058105,28.8954925537109,-0.158739104866982,0.978747487068176,-2.5,-0.116972133517265,70
738505.47490474791266024113,28.6332397460938,0.139918982982635,2.77540159225464,0.085170216858387,-0.00406796857714653,42.4704093933105,-71.28515625,37.6973533630371,-0.0102580152451992,1.29597735404968,-0.766387581825256,57.2543258666992,28.7677745819092,-0.129873618483543,0.520416140556335,-2.5,-0.106358349323273,70
738505.47490694758016616106,28.5105037689209,0.0516565442085266,2.89317297935486,0.085170216858387,-0.00406796857714653,42.4704055786133,-71.2850875854492,37.6971626281738,0.0070405132137239,1.13601326942444,-0.702120304107666,56.9082565307617,28.6569690704346,-0.101212047040462,0.32876393198967,-2.5,-0.0965510234236717,70
738505.47490903188008815050,28.3946933746338,0.104949861764908,2.99537229537964,0.085170216858387,-0.00406796857714653,42.4703979492188,-71.285026550293,37.6916275024414,-0.00419908110052347,0.991596758365631,-0.677297234535217,56.5486793518066,28.5524406433105,-0.0823725536465645,0.241615667939186,-2.5,-0.0882357284426689,70
738505.47491129522677510977,28.2859420776367,0.0644356235861778,3.0843346118927,0.085170216858387,-0.00406796857714653,42.4703941345215,-71.2849578857422,37.6897125244141,0.00303164217621088,0.738775253295898,-0.708796799182892,56.1389961242676,28.4536781311035,-0.0653998404741287,0.273965269327164,-2.50000047683716,-0.0799016803503036,70
738505.47491355601232498884,28.1917037963867,0.0398572757840157,3.12526369094849,0.085170216858387,-0.00406796857714653,42.4703903198242,-71.2848892211914,37.6809005737305,0.0132208792492747,-0.214205324649811,-0.70836877822876,55.7427291870117,28.3644313812256,-0.0536645725369453,0.964879751205444,-2.50000095367432,-0.0719972401857376,70
738505.47491576056927442551,28.1135730743408,-0.0407409369945526,3.15143132209778,0.085170216858387,-0.00406796857714653,42.4703826904297,-71.2848281860352,37.660026550293,0.0177463609725237,-1.03268039226532,-0.745855450630188,55.4472274780273,28.2896823883057,-0.0505530908703804,1.65907466411591,-2.50000047683716,-0.0650775134563446,70
738505.47491792670916765928,28.0307769775391,-0.0751281306147575,3.20238137245178,0.085170216858387,-0.00406796857714653,42.4703788757324,-71.2847595214844,37.6281967163086,0.0133169274777174,-0.89261257648468,-0.726995050907135,55.2569465637207,28.2132129669189,-0.0586935393512249,2.10120844841003,-2.50000023841858,-0.0588530339300632,70
738505.47492011846043169498,27.9298343658447,-0.101795867085457,3.29617357254028,0.085170216858387,-0.00406796857714653,42.4703750610352,-71.2846984863281,37.590087890625,-0.00166227563749999,-0.00916899461299181,-0.679036617279053,55.1095008850098,28.1238460540771,-0.0754741206765175,2.22829484939575,-2.50000023841858,-0.0531335584819317,70
738505.47492236190009862185,27.7962131500244,0.0196716114878654,3.45778918266296,0.085170216858387,-0.00406796857714653,42.4703674316406,-71.2846298217773,37.5644493103027,-0.0202316381037235,1.37693047523499,-0.720244288444519,54.947151184082,28.0104637145996,-0.0939400345087051,1.93610262870789,-2.49999976158142,-0.0479769185185432,70
738505.47492467518895864487,27.6549835205078,0.00426224619150162,3.63084840774536,0.085170216858387,-0.00406796857714653,42.4703598022461,-71.2845611572266,37.5549011230469,0.00931610446423292,1.92003738880157,-0.686371624469757,54.7265701293945,27.89231300354,-0.100763387978077,1.5152702331543,-2.5,-0.0430511459708214,70
738505.47492696065455675125,27.5282592773438,-0.0921448990702629,3.7581090927124,0.085170216858387,-0.00406796857714653,42.4703559875488,-71.2845001220703,37.5180435180664,-0.00496202474460006,1.62510740756989,-0.662582874298096,54.4792366027832,27.7837524414062,-0.105365850031376,1.64050126075745,-2.49999976158142,-0.0389655940234661,70
738505.47492919303476810455,27.3947772979736,-0.0211693923920393,3.89794254302979,0.085170216858387,-0.00406796857714653,42.4703483581543,-71.2844314575195,37.4915504455566,-0.00111390987876803,1.55395102500916,-0.623788177967072,54.1987495422363,27.6707096099854,-0.114531137049198,2.0235767364502,-2.50000047683716,-0.0357508659362793,70
738505.47493143263272941113,27.2730159759521,0.00232206843793392,4.02284908294678,0.085170216858387,-0.00406796857714653,42.4703407287598,-71.2843704223633,37.4697914123535,-0.00803717877715826,1.29030525684357,-0.607233762741089,53.8800621032715,27.5681095123291,-0.119475208222866,2.40188241004944,-2.50000023841858,-0.0333827622234821,70
738505.47493372403550893068,27.1483478546143,0.0434200502932072,4.1544771194458,0.085170216858387,-0.00406796857714653,42.4703330993652,-71.2843017578125,37.4547538757324,0.00154335435945541,0.87684565782547,-0.629067778587341,53.5182228088379,27.4644203186035,-0.11908170580864,2.4114248752594,-2.5,-0.0318027026951313,70
738505.47493599564768373966,27.0180568695068,0.0653388276696205,4.29425096511841,0.085170216858387,-0.00406796857714653,42.470329284668,-71.2842407226562,37.448486328125,-0.00815414357930422,0.905512094497681,-0.854832887649536,53.1472511291504,27.357271194458,-0.111671634018421,2.25128602981567,-2.49999976158142,-0.0311466939747334,70
738505.47493820206727832556,26.8634071350098,0.10337195545435,4.47857332229614,0.085170216858387,-0.00406796857714653,42.4703216552734,-71.2841720581055,37.443531036377,-0.0137490397319198,1.82417476177216,-1.02595806121826,52.7717895507812,27.2343711853027,-0.0996790304780006,1.6506484746933,-2.5,-0.0314212664961815,70
738505.47494045086205005646,26.6890125274658,0.243677765130997,4.67246055603027,0.085170216858387,-0.00406796857714653,42.4703140258789,-71.2841110229492,37.4622421264648,-0.0140051851049066,2.15684533119202,-1.04164254665375,52.4822120666504,27.0960273742676,-0.080418162047863,0.599754452705383,-2.49999952316284,-0.0326770357787609,70
738505.47494264657143503428,26.5529518127441,0.0794577747583389,4.78601980209351,0.085170216858387,-0.00406796857714653,42.4703025817871,-71.284049987793,37.4759559631348,0.0170325543731451,1.3696197271347,-1.01186323165894,52.3383560180664,26.9809474945068,-0.0518012866377831,-0.316286891698837,-2.5,-0.0349267311394215,70
738505.47494489490054547787,26.4288959503174,0.0305141564458609,4.86711025238037,0.085170216858387,-0.00406796857714653,42.4702949523926,-71.2839889526367,37.464916229248,0.0130240079015493,0.360323786735535,-1.03052008152008,52.3194541931152,26.8733367919922,-0.0339088402688503,-1.12407314777374,-2.49999952316284,-0.0382587797939777,70
738505.47494721622206270695,26.3104381561279,0.00831220019608736,4.92163228988647,0.085170216858387,-0.00406796857714653,42.470287322998,-71.2839202880859,37.4528770446777,0.012373698875308,-0.0538832060992718,-1.0531325340271,52.3756866455078,26.7668018341064,-0.0282874200493097,-1.46157455444336,-2.50000047683716,-0.042901698499918,70
738505.47494939807802438736,26.1875076293945,0.0309686809778214,4.95754146575928,0.085170216858387,-0.00406796857714653,42.4702796936035,-71.2838668823242,37.4350814819336,-0.00550125632435083,0.778161585330963,-1.02361285686493,52.47509765625,26.6526508331299,-0.0316268615424633,-1.27881753444672,-2.5,-0.0482512973248959,70
738505.47495148796588182449,26.0559749603271,0.149350419640541,4.98222923278809,0.085170216858387,-0.00406796857714653,42.470272064209,-71.283805847168,37.4356536865234,-0.0185439884662628,1.94712352752686,-0.930137872695923,52.5887260437012,26.5284519195557,-0.0351470708847046,-0.788407921791077,-2.50000023841858,-0.054478082805872,70
738505.47495373932179063559,25.9401988983154,0.113180160522461,4.9837703704834,0.085170216858387,-0.00406796857714653,42.4702644348145,-71.2837448120117,37.4447364807129,-0.00709837628528476,2.48236131668091,-0.861437380313873,52.6729202270508,26.4148578643799,-0.0292488858103752,-0.0716726183891296,-2.50000023841858,-0.0614347644150257,70
738505.47495595563668757677,25.8146743774414,0.18646077811718,4.98669004440308,0.085170216858387,-0.00406796857714653,42.4702529907227,-71.2836837768555,37.4539489746094,-0.0188668351620436,2.42794919013977,-0.792874276638031,52.6888847351074,26.2925701141357,-0.0192783027887344,0.523370444774628,-2.5,-0.069861575961113,70
738505.47495806799270212650,25.7125663757324,0.169197738170624,4.99457406997681,0.085170216858387,-0.00406796857714653,42.4702453613281,-71.2836227416992,37.4715728759766,-0.00600347341969609,2.00564193725586,-0.683699011802673,52.6052703857422,26.1937103271484,-0.00500886701047421,0.797261714935303,-2.5,-0.0781911015510559,70
738505.47496026987209916115,25.6143093109131,0.0459166057407856,5.00972509384155,0.085170216858387,-0.00406796857714653,42.4702377319336,-71.2835693359375,37.4728012084961,0.0113739389926195,1.19729924201965,-0.687165439128876,52.4586563110352,26.0996608734131,0.00818376149982214,0.453410387039185,-2.5,-0.0873250663280487,70
738505.47496254101861268282,25.5106239318848,0.0540586821734905,5.0268874168396,0.085170216858387,-0.00406796857714653,42.4702301025391,-71.2835083007812,37.4630813598633,0.00747068598866463,0.445252329111099,-0.680407643318176,52.313663482666,26.0012397766113,0.00988979823887348,-0.0742489323019981,-2.5,-0.0973819941282272,70
738505.47496474522631615400,25.4122371673584,0.133767977356911,5.04196882247925,0.085170216858387,-0.00406796857714653,42.4702186584473,-71.283447265625,37.4651908874512,0.0018241424113512,-0.0479449704289436,-0.64594554901123,52.1908416748047,25.9079360961914,0.0069769904948771,-0.636499404907227,-2.49999976158142,-0.108028337359428,70
738505.47496691916603595018,25.3330554962158,0.159779101610184,5.04963684082031,0.085170216858387,-0.00406796857714653,42.4702110290527,-71.2833862304688,37.4771461486816,0.00280149327591062,-0.37259715795517,-0.601523399353027,52.0779495239258,25.8319187164307,0.00930778030306101,-1.16383993625641,-2.5,-0.118558168411255,70
738505.47496917250100523233,25.268159866333,0.0653732642531395,5.04722929000854,0.085170216858387,-0.00406796857714653,42.4702033996582,-71.2833251953125,37.4823722839355,0.0167915485799313,-0.675516843795776,-0.609318494796753,51.9361724853516,25.7673969268799,0.0153949735686183,-1.64805138111115,-2.5,-0.130169928073883,70
738505.47497142909560352564,25.196195602417,-0.028844716027379,5.04856109619141,0.085170216858387,-0.00406796857714653,42.4701957702637,-71.2832717895508,37.467399597168,0.012479386292398,-0.502242207527161,-0.495436280965805,51.7669410705566,25.6970252990723,0.0135944522917271,-2.49952864646912,-2.5,-0.142044723033905,70
738505.47497368277981877327,25.119909286499,0.0243846364319324,5.0057897567749,0.085170216858387,-0.00406796857714653,42.4701843261719,-71.2832107543945,37.4474678039551,-0.00368536519818008,0.489928066730499,-0.376060098409653,51.568416595459,25.6138305664062,-6.45429026917554e-05,-2.4888117313385,-2.49999952316284,-0.1546461135149,70
738505.47497583006042987108,25.0637474060059,0.0989233180880547,4.90713882446289,0.085170216858387,-0.00406796857714653,42.4701766967773,-71.2831497192383,37.4440155029297,-0.00505117513239384,1.06741046905518,-0.362002730369568,51.2913017272949,25.5397968292236,-0.011967159807682,-1.24185359477997,-2.49999952316284,-0.166677355766296,70
738505.47497827187180519104,25.0008506774902,0.151806518435478,4.82108736038208,0.085170216858387,-0.00406796857714653,42.4701690673828,-71.283088684082,37.4516067504883,-0.00827235355973244,0.953150629997253,-0.350715160369873,50.8192977905273,25.4619026184082,-0.0152374375611544,-0.928808689117432,-2.5,-0.180640429258347,70
738505.47498041752260178328,24.9400024414062,0.121722780168056,4.77498579025269,0.085170216858387,-0.00406796857714653,42.4701614379883,-71.2830276489258,37.4613151550293,-0.000715234666131437,0.547498464584351,-0.262613624334335,50.3084564208984,25.3932876586914,-0.00932989828288555,-1.66843008995056,-2.50000047683716,-0.193277657032013,70
738505.47498269623611122370,24.8752613067627,0.0523457266390324,4.70784378051758,0.085170216858387,-0.00406796857714653,42.4701538085938,-71.2829742431641,37.4627876281738,0.00599659187719226,0.37062606215477,-0.206883311271667,49.7952423095703,25.31689453125,-0.00211807223968208,-2.03216767311096,-2.50000047683716,-0.206382870674133,70
738505.47498493408784270287,24.8059749603271,0.0810676738619804,4.59466791152954,0.085170216858387,-0.00406796857714653,42.4701461791992,-71.2829132080078,37.454647064209,-0.0134926475584507,0.606060087680817,-0.156404301524162,49.3597564697266,25.2280387878418,-0.00170322298072278,-1.307333111763,-2.50000047683716,-0.219521343708038,70
738505.47498714260291308165,24.7354507446289,0.119545757770538,4.47277450561523,0.085170216858387,-0.00406796857714653,42.4701385498047,-71.2828521728516,37.4612236022949,0.00203465600498021,0.641897261142731,-0.161480292677879,49.0715522766113,25.1368770599365,-0.00140828266739845,-0.366906017065048,-2.50000023841858,-0.232098489999771,70
738505.47498939710203558207,24.672779083252,0.0705685019493103,4.37419557571411,0.085170216858387,-0.00406796857714653,42.4701309204102,-71.2827987670898,37.4638824462891,0.0102513590827584,0.143278673291206,-0.19120255112648,48.9328804016113,25.0576267242432,0.00207016919739544,0.156733468174934,-2.50000023841858,-0.244862869381905,70
738505.47499163669999688864,24.6059856414795,0.00518305599689484,4.28964900970459,0.085170216858387,-0.00406796857714653,42.4701232910156,-71.2827377319336,37.4513931274414,0.00396247347816825,0.144878834486008,-0.198232650756836,48.9115753173828,24.9771022796631,0.000657680444419384,0.504116356372833,-2.50000023841858,-0.257401406764984,70
738505.47499385219998657703,24.528247833252,0.0574221424758434,4.21981954574585,0.085170216858387,-0.00406796857714653,42.4701156616211,-71.2826843261719,37.4394302368164,-0.00848107878118753,0.871954798698425,-0.187367901206017,48.9344520568848,24.8886547088623,-0.00771262682974339,0.713829278945923,-2.49999976158142,-0.269344955682755,70
738505.47499610588420182467,24.4407348632812,0.139153108000755,4.17446899414062,0.085170216858387,-0.00406796857714653,42.4701080322266,-71.2826232910156,37.4414443969727,-0.0221302788704634,1.58258533477783,-0.184725567698479,48.9126930236816,24.7950630187988,-0.0136617254465818,0.511931002140045,-2.50000023841858,-0.281350493431091,70
738505.47499834443442523479,24.3573436737061,0.1477430164814,4.13460922241211,0.085170216858387,-0.00406796857714653,42.470100402832,-71.2825622558594,37.4553642272949,-0.0170330293476582,1.98030841350555,-0.188137546181679,48.7803993225098,24.7062149047852,-0.00954456999897957,0.567993700504303,-2.49999976158142,-0.292886763811111,70
738505.47500049264635890722,24.2849235534668,0.0798450261354446,4.09950065612793,0.085170216858387,-0.00406796857714653,42.4700927734375,-71.2825088500977,37.4592437744141,-0.00715011404827237,1.80552792549133,-0.205562889575958,48.5475234985352,24.6286373138428,-0.00159303518012166,0.848758518695831,-2.49999952316284,-0.303505331277847,70
