time_dn,aircraft_velocity_e_mps,aircraft_velocity_u_mps,aircraft_velocity_n_mps,aircraft_elevation_trim,aircraft_aileron_trim,aircraft_latitude_deg,aircraft_longitude_deg,aircraft_elevation_m,aircraft_agl_altitude_m,aircraft_pitch_deg,aircraft_roll_deg,aircraft_indicated_airspeed_kias,aircraft_groundspeed_mps,aircraft_climb_rate_mps,aircraft_yaw_deg,aircraft_ils_deflection_gs,aircraft_ils_deflection_h,aircraft_landing_gear
738505.48669560591224581003,61.487476348877,-3.10777735710144,9.00020027160645,0.0666667222976685,-0.00392156839370728,42.4976272583008,-71.5849838256836,1316.908203125,1196.29541015625,0.777457773685455,-0.0605577863752842,110.921997070312,62.2505836486816,-2.65930104255676,-0.0146087761968374,-0.127450972795486,-0.0294117629528046,70
738505.48669773933943361044,61.487476348877,-3.10777735710144,9.00020027160645,0.0666667222976685,-0.00392156839370728,42.4976272583008,-71.5849838256836,1316.908203125,1196.29541015625,0.777457773685455,-0.0605577863752842,110.921997070312,62.2505836486816,-2.65930104255676,-0.0146087761968374,-0.127450972795486,-0.0294117629528046,70
738505.48669990850612521172,61.487476348877,-3.10777735710144,9.00020027160645,0.0666667222976685,-0.00392156839370728,42.4976272583008,-71.5849838256836,1316.908203125,1196.29541015625,0.777457773685455,-0.0605577863752842,110.921997070312,62.2505836486816,-2.65930104255676,-0.0146087761968374,-0.127450972795486,-0.0294117629528046,70
738505.48670202726498246193,61.487476348877,-3.10777735710144,9.00020027160645,0.0666667222976685,-0.00392156839370728,42.4976272583008,-71.5849838256836,1316.908203125,1196.29541015625,0.777457773685455,-0.0605577863752842,110.921997070312,62.2505836486816,-2.65930104255676,-0.0146087761968374,-0.127450972795486,-0.0294117629528046,70
738505.48670415382366627455,61.487476348877,-3.10777735710144,9.00020027160645,0.0666667222976685,-0.00392156839370728,42.4976272583008,-71.5849838256836,1316.908203125,1196.29541015625,0.777457773685455,-0.0605577863752842,110.921997070312,62.2505836486816,-2.65930104255676,-0.0146087761968374,-0.127450972795486,-0.0294117629528046,70
738505.48670626629609614611,61.487476348877,-3.10777735710144,9.00020027160645,0.0666667222976685,-0.00392156839370728,42.4976272583008,-71.5849838256836,1316.908203125,1196.29541015625,0.777457773685455,-0.0605577863752842,110.921997070312,62.2505836486816,-2.65930104255676,-0.0146087761968374,-0.127450972795486,-0.0294117629528046,70
738505.48670850147027522326,61.487476348877,-3.10777735710144,9.00020027160645,0.0666667222976685,-0.00392156839370728,42.4976272583008,-71.5849838256836,1316.908203125,1196.29541015625,0.777457773685455,-0.0605577863752842,110.921997070312,62.2505836486816,-2.65930104255676,-0.0146087761968374,-0.127450972795486,-0.0294117629528046,70
738505.48671071813441812992,61.487476348877,-3.10777735710144,9.00020027160645,0.0666667222976685,-0.00392156839370728,42.4976272583008,-71.5849838256836,1316.908203125,1196.29541015625,0.777457773685455,-0.0605577863752842,110.921997070312,62.2505836486816,-2.65930104255676,-0.0146087761968374,-0.127450972795486,-0.0294117629528046,70
738505.48671280196867883205,61.3549003601074,-2.93593645095825,9.07857608795166,0.0666667222976685,-0.00392156839370728,42.4976119995117,-71.5848541259766,1316.287109375,1196.05444335938,-2.38683438301086,-0.0375299789011478,87.9839324951172,62.0923843383789,-2.0193145275116,-4.12603330612183,-0.133372440934181,-0.0560500025749207,70
738505.48671491479035466909,61.3140335083008,-2.85591125488281,9.03654670715332,0.0666667222976685,-0.00392156839370728,42.4975967407227,-71.584716796875,1315.68054199219,1195.03796386719,-2.36322617530823,0.0238870270550251,78.9499816894531,62.0421333312988,-1.83878612518311,-3.63442325592041,-0.136190459132195,-0.0649873241782188,70
738505.48671712866052985191,61.2377891540527,-2.79972743988037,8.95296955108643,0.0666667222976685,-0.00392156839370728,42.4975852966309,-71.5845794677734,1315.06689453125,1194.00122070312,-2.3352952003479,0.0417277365922928,77.6751174926758,61.9520874023438,-1.89723026752472,-2.06042218208313,-0.137442916631699,-0.0659474954009056,70
738505.48671922215726226568,61.1263122558594,-2.77044248580933,8.87694835662842,0.0666667222976685,-0.00392156839370728,42.4975700378418,-71.5844421386719,1314.4677734375,1192.98376464844,-2.32502794265747,0.0483841262757778,80.3082275390625,61.8296165466309,-2.05907297134399,-1.00107097625732,-0.137867406010628,-0.0636618062853813,70
738505.48672144080046564341,60.8819465637207,-2.77693104743958,8.79268550872803,0.0666667222976685,-0.00392156839370728,42.4975547790527,-71.5842971801758,1313.85900878906,1191.94885253906,-2.33436846733093,0.0464602559804916,84.5707550048828,61.576244354248,-2.2548406124115,-0.303694307804108,-0.137898489832878,-0.0603065304458141,70
738505.48672368295956403017,60.5585289001465,-2.82616543769836,8.70767498016357,0.0666667222976685,-0.00392156839370728,42.4975395202637,-71.5841522216797,1313.22583007812,1190.87866210938,-2.38417887687683,0.034627441316843,89.2317504882812,61.2466011047363,-2.45161747932434,0.105759426951408,-0.137757107615471,-0.0568040274083614,70
738505.48672587540931999683,60.2637786865234,-2.90374684333801,8.63261604309082,0.0666667222976685,-0.00392156839370728,42.4975280761719,-71.5840148925781,1312.59887695312,1189.82861328125,-2.46421074867249,0.0170255843549967,93.3445739746094,60.9481468200684,-2.62531304359436,0.406835973262787,-0.137601733207703,-0.0537553802132607,70
738505.48672807880211621523,59.9738731384277,-3.00821948051453,8.56274700164795,0.0666667222976685,-0.00392156839370728,42.4975128173828,-71.5838775634766,1311.94787597656,1188.75183105469,-2.57121872901917,-0.00373464426957071,96.8287887573242,60.6567001342773,-2.78285527229309,0.631987750530243,-0.13752070069313,-0.0511215850710869,70
738505.48673026345204561949,59.7154769897461,-3.13215923309326,8.50183010101318,0.0666667222976685,-0.00392156839370728,42.4974975585938,-71.583740234375,1311.28588867188,1187.67260742188,-2.70158672332764,-0.0263279471546412,99.546760559082,60.3989181518555,-2.92408633232117,0.770204186439514,-0.137579500675201,-0.0489747412502766,70
738505.48673250176943838596,59.4576263427734,-3.27957129478455,8.44471645355225,0.0666667222976685,-0.00392156839370728,42.497486114502,-71.5836029052734,1310.57983398438,1186.53955078125,-2.85632824897766,-0.0498402342200279,101.667358398438,60.1438102722168,-3.06088519096375,0.846605479717255,-0.137831136584282,-0.0471784844994545,70
738505.48673460842110216618,59.2224006652832,-3.43558430671692,8.39541053771973,0.0666667222976685,-0.00392156839370728,42.4974708557129,-71.5834655761719,1309.88110351562,1185.43640136719,-3.01590776443481,-0.072031706571579,103.14030456543,59.9130935668945,-3.18790245056152,0.870854794979095,-0.138287737965584,-0.0458084121346474,70
738505.48673689831048250198,58.9931449890137,-3.61830115318298,8.34885883331299,0.0666667222976685,-0.00392156839370728,42.4974594116211,-71.5833282470703,1309.099609375,1184.15869140625,-3.19976496696472,-0.09525016695261,104.244338989258,59.6907577514648,-3.32602620124817,0.8555628657341,-0.139043092727661,-0.0446300357580185,70
738505.48673903779126703739,58.8444557189941,-3.7966616153717,8.31551170349121,0.0666667222976685,-0.00392156839370728,42.497444152832,-71.5831909179688,1308.31994628906,1182.51708984375,-3.37963128089905,-0.115305513143539,104.938491821289,59.5502510070801,-3.46257257461548,0.797889590263367,-0.140048772096634,-0.0437536612153053,70
738505.48674120497889816761,58.7802124023438,-3.97255611419678,8.29477787017822,0.0666667222976685,-0.00392156839370728,42.4974327087402,-71.5830612182617,1307.51379394531,1181.4990234375,-3.55096650123596,-0.134304478764534,105.375099182129,59.4953575134277,-3.60440254211426,0.705717384815216,-0.141332656145096,-0.0430796779692173,70
738505.48674332955852150917,58.7413482666016,-4.14840507507324,8.279052734375,0.0666667222976685,-0.00392156839370728,42.4974174499512,-71.5829238891602,1306.68347167969,1180.52795410156,-3.66169929504395,-0.152736008167267,105.638763427734,59.4667778015137,-3.75098252296448,0.604425549507141,-0.142886355519295,-0.0425713434815407,70
738505.48674548801500350237,58.722339630127,-4.30915832519531,8.2671012878418,0.0666667222976685,-0.00392156839370728,42.4974060058594,-71.5827941894531,1305.81848144531,1179.52160644531,-3.78219389915466,-0.171011552214622,105.794303894043,59.4577751159668,-3.90387034416199,0.489702671766281,-0.144729852676392,-0.0421923473477364,70
738505.48674766870681196451,58.7342147827148,-4.46638488769531,8.25988578796387,0.0666667222976685,-0.00392156839370728,42.4973907470703,-71.5826568603516,1304.90368652344,1178.46240234375,-3.91223192214966,-0.189425647258759,105.88370513916,59.4800987243652,-4.06378030776978,0.360127031803131,-0.146894320845604,-0.041910570114851,70
738505.48674995347391813993,58.7721061706543,-4.61626863479614,8.25639629364014,0.0666667222976685,-0.00392156839370728,42.4973793029785,-71.58251953125,1303.9501953125,1177.36303710938,-4.04336929321289,-0.205118671059608,105.936546325684,59.5284652709961,-4.22664356231689,0.222464561462402,-0.149353310465813,-0.0417225658893585,70
738505.48675225651822984219,58.8233299255371,-4.76313734054565,8.25386238098145,0.0666667222976685,-0.00392156839370728,42.4973640441895,-71.5823745727539,1302.91491699219,1176.17395019531,-4.17564153671265,-0.215989679098129,105.978149414062,59.5902481079102,-4.39769220352173,0.0867984890937805,-0.152225941419601,-0.0416063070297241,70
738505.48675459681544452906,58.8710327148438,-4.89789772033691,8.24998092651367,0.0666667222976685,-0.00392156839370728,42.4973487854004,-71.5822372436523,1301.86059570312,1174.96704101562,-4.29862785339355,-0.220411360263824,106.02099609375,59.6477203369141,-4.56397342681885,-0.0212666429579258,-0.155338555574417,-0.0415629968047142,70
738505.48675696435384452343,58.9067802429199,-5.02761697769165,8.24287605285645,0.0666667222976685,-0.00392156839370728,42.4973373413086,-71.5820846557617,1300.7490234375,1173.69873046875,-4.41763496398926,-0.218998000025749,106.073196411133,59.6928024291992,-4.72995090484619,-0.0943832397460938,-0.158795148134232,-0.0415752455592155,70
738505.48675922479014843702,58.9251403808594,-5.16208648681641,8.23166751861572,0.0666667222976685,-0.00392156839370728,42.4973220825195,-71.5819396972656,1299.64379882812,1172.44128417969,-4.44811677932739,-0.283803403377533,106.130638122559,59.7208480834961,-4.88486480712891,-0.104147329926491,-0.162385985255241,-0.0416390858590603,70
738505.48676147032529115677,58.9402351379395,-5.23532342910767,8.21708011627197,0.0666667222976685,-0.00392156839370728,42.4973068237305,-71.5818023681641,1298.54370117188,1171.19287109375,-4.25353717803955,-0.398915231227875,106.18904876709,59.7401084899902,-5.03047370910645,-0.0910638049244881,-0.166107878088951,-0.0417284891009331,70
738505.48676378640811890364,58.9482650756836,-5.25509548187256,8.19660949707031,0.0666667222976685,-0.00392156839370728,42.4972953796387,-71.581657409668,1297.38952636719,1169.88427734375,-4.13549613952637,-0.517648220062256,106.24779510498,59.7469520568848,-5.17118549346924,-0.0939916595816612,-0.170158475637436,-0.0418497920036316,70
738505.48676602251362055540,58.9486808776855,-5.26980543136597,8.17255783081055,0.0666667222976685,-0.00392156839370728,42.4972801208496,-71.5815200805664,1296.29858398438,1168.64782714844,-4.20491027832031,-0.627195119857788,106.297424316406,59.7453651428223,-5.28646230697632,-0.112587541341782,-0.174072086811066,-0.0419926829636097,70
738505.48676817002706229687,58.9448585510254,-5.31137418746948,8.1447868347168,0.0666667222976685,-0.00392156839370728,42.4972686767578,-71.5813827514648,1295.21179199219,1167.41735839844,-4.29839944839478,-0.731378078460693,106.339462280273,59.7414817810059,-5.38316059112549,-0.118333727121353,-0.17800697684288,-0.042151790112257,70
738505.48677038087043911219,58.939769744873,-5.35919952392578,8.11491870880127,0.0666667222976685,-0.00392156839370728,42.4972534179688,-71.5812530517578,1294.13403320312,1166.19860839844,-4.35638761520386,-0.780003190040588,106.373458862305,59.7366676330566,-5.46479225158691,-0.120035767555237,-0.181941956281662,-0.0423175953328609,70
738505.48677265353035181761,58.9330253601074,-5.4209942817688,8.08630847930908,0.0666667222976685,-0.00392156839370728,42.497241973877,-71.5811080932617,1292.97546386719,1164.89038085938,-4.35607004165649,-0.478223413228989,106.401954650879,59.7317085266113,-5.54151153564453,-0.167134955525398,-0.186213821172714,-0.042495533823967,70
738505.48677492258138954639,58.924747467041,-5.4627833366394,8.06715774536133,0.0666667222976685,-0.00392156839370728,42.4972267150879,-71.5809707641602,1291.83984375,1163.60961914062,-4.30704355239868,0.0349396802484989,106.422523498535,59.7247619628906,-5.60930252075195,-0.0601541325449944,-0.190455913543701,-0.0426698848605156,70
738505.48677703179419040680,58.91259765625,-5.48311710357666,8.05995082855225,0.0666667222976685,-0.00392156839370728,42.4972152709961,-71.5808334350586,1290.73449707031,1162.36376953125,-4.21698141098022,0.205505803227425,106.436225891113,59.7136611938477,-5.66932487487793,0.0491108968853951,-0.194641306996346,-0.0428388938307762,70
738505.48677926370874047279,58.8963584899902,-5.48549032211304,8.05603694915771,0.0666667222976685,-0.00392156839370728,42.497200012207,-71.580696105957,1289.61511230469,1161.1025390625,-4.08278226852417,0.119434706866741,106.443733215332,59.6973304748535,-5.72347831726074,0.127920418977737,-0.198927372694016,-0.043012659996748,70
738505.48678141843993216753,58.8779640197754,-5.4615306854248,8.05144309997559,0.0666667222976685,-0.00392156839370728,42.4971885681152,-71.5805587768555,1288.47912597656,1159.82202148438,-4.05071210861206,0.0474068224430084,106.444458007812,59.6763687133789,-5.76954793930054,0.135363385081291,-0.203318372368813,-0.0431888997554779,70
738505.48678357840981334448,58.8590698242188,-5.45315027236938,8.04582500457764,0.0666667222976685,-0.00392156839370728,42.4971771240234,-71.5804290771484,1287.40197753906,1158.60778808594,-4.12171840667725,0.012854365631938,106.43904876709,59.6562004089355,-5.80288934707642,0.120272770524025,-0.207490757107735,-0.0433576814830303,70
738505.48678580368869006634,58.8386383056641,-5.4679102897644,8.03929805755615,0.0666667222976685,-0.00392156839370728,42.4971618652344,-71.5802917480469,1286.26696777344,1157.32849121094,-4.20522260665894,0.000132264103740454,106.428146362305,59.6365127563477,-5.82875442504883,0.111330009996891,-0.211879581212997,-0.043535552918911,70
738505.48678795585874468088,58.818920135498,-5.49121713638306,8.03300380706787,0.0666667222976685,-0.00392156839370728,42.4971504211426,-71.5801544189453,1285.15222167969,1156.07238769531,-4.26898860931396,-0.0103431344032288,106.413604736328,59.618350982666,-5.84859848022461,0.106978677213192,-0.216190680861473,-0.0437091886997223,70
738505.48679014726076275110,58.7996864318848,-5.5207142829895,8.02695274353027,0.0666667222976685,-0.00392156839370728,42.4971351623535,-71.5800247192383,1284.03576660156,1154.81518554688,-4.32316923141479,-0.017292870208621,106.396301269531,59.6012840270996,-5.86625099182129,0.102398186922073,-0.220519125461578,-0.043883491307497,70
738505.48679234960582107306,58.7831497192383,-5.55058145523071,8.02195930480957,0.0666667222976685,-0.00392156839370728,42.4971237182617,-71.5799026489258,1283.04284667969,1153.69775390625,-4.36661529541016,-0.0126174055039883,106.379272460938,59.5870742797852,-5.88205289840698,0.0963495969772339,-0.224384605884552,-0.0440386086702347,70
738505.48679449933115392923,58.7650604248047,-5.58704233169556,8.01689052581787,0.0666667222976685,-0.00392156839370728,42.4971122741699,-71.5797729492188,1281.91381835938,1152.42797851562,-4.41283655166626,-0.00212922017090023,106.359016418457,59.5719566345215,-5.9013466835022,0.0913496613502502,-0.22880607843399,-0.0442117005586624,70
738505.48679676710162311792,58.7473526000977,-5.62677240371704,8.01247406005859,0.0666667222976685,-0.00392156839370728,42.4971008300781,-71.5796279907227,1280.74792480469,1151.11767578125,-4.45859098434448,0.00921085104346275,106.337623596191,59.5576362609863,-5.92373466491699,0.0860806107521057,-0.233404949307442,-0.0443890430033207,70
738505.48679896024987101555,58.7305603027344,-5.66815614700317,8.0088415145874,0.0666667222976685,-0.00392156839370728,42.4970855712891,-71.5794906616211,1279.57653808594,1149.80224609375,-4.50362491607666,0.0211832858622074,106.316200256348,59.544506072998,-5.94905948638916,0.0809269919991493,-0.2380630671978,-0.0445654392242432,70
738505.48680107144173234701,58.715389251709,-5.7093186378479,8.00606918334961,0.0666667222976685,-0.00392156839370728,42.4970741271973,-71.5793609619141,1278.44470214844,1148.744140625,-4.55500078201294,0.0316999927163124,106.296096801758,59.5331039428711,-5.97615814208984,0.0754743441939354,-0.242600932717323,-0.0447354950010777,70
738505.48680325923487544060,58.7002296447754,-5.76063442230225,8.00380706787109,0.094751350581646,-0.00392156839370728,42.4970588684082,-71.579231262207,1277.29235839844,1147.8505859375,-4.55499315261841,0.0423914231359959,106.276550292969,59.5227928161621,-6.00643444061279,0.07473374158144,-0.247257351875305,-0.0449096150696278,70
738505.48680542479269206524,58.6857795715332,-5.78963422775269,8.00231170654297,0.106190897524357,-0.00392156839370728,42.4970474243164,-71.5790939331055,1276.11804199219,1146.93811035156,-4.43880891799927,0.0565710440278053,106.257545471191,59.5111541748047,-6.04027271270752,0.0815890207886696,-0.252050697803497,-0.0450838319957256,70
738505.48680763563606888056,58.670825958252,-5.79620790481567,8.00165176391602,0.128753438591957,-0.00392156839370728,42.4970359802246,-71.5789566040039,1274.931640625,1146.015625,-4.3134970664978,0.0754200220108032,106.238494873047,59.4969596862793,-6.07516288757324,0.0797495618462563,-0.256948292255402,-0.045259565114975,70
738505.48680985113605856895,58.6551094055176,-5.77579402923584,8.00198078155518,0.134762838482857,-0.00392156839370728,42.4970207214355,-71.5788192749023,1273.75769042969,1145.10302734375,-4.14810180664062,0.112938344478607,106.218803405762,59.4795227050781,-6.10694885253906,0.0770995691418648,-0.261834919452667,-0.045434046536684,70
738505.48681204009335488081,58.637565612793,-5.73510694503784,8.00355625152588,0.134762838482857,-0.00392156839370728,42.4970092773438,-71.5786819458008,1272.57312011719,1144.18347167969,-4.01655244827271,0.157086998224258,106.197021484375,59.4584922790527,-6.13237476348877,0.0692711398005486,-0.266793727874756,-0.0456092096865177,70
738505.48681427689734846354,58.618465423584,-5.6809253692627,8.0064172744751,0.134762838482857,-0.00392156839370728,42.4969940185547,-71.5785522460938,1271.39880371094,1143.27355957031,-3.92382526397705,0.204487711191177,106.172813415527,59.4348411560059,-6.14767551422119,0.0638445913791656,-0.271714240312576,-0.0457847453653812,70
738505.48681642615702003241,58.5982437133789,-5.63123750686646,8.00899505615234,0.134762838482857,-0.00392156839370728,42.4969825744629,-71.5784149169922,1270.25378417969,1142.388671875,-3.94346070289612,0.139252260327339,106.146514892578,59.410514831543,-6.15122222900391,0.0672383010387421,-0.276496261358261,-0.0459560118615627,70
738505.48681866214610636234,58.576488494873,-5.60452938079834,8.00928688049316,0.134762838482857,-0.00392156839370728,42.4969711303711,-71.5782775878906,1269.09289550781,1141.00268554688,-3.99604415893555,0.0223202556371689,106.117706298828,59.3865661621094,-6.14407873153687,0.0474467054009438,-0.281306177377701,-0.0461322478950024,70
738505.48682090372312813997,58.5547332763672,-5.58786153793335,8.00587940216064,0.134762838482857,-0.00392156839370728,42.496955871582,-71.5781402587891,1267.91589355469,1138.82055664062,-4.02757883071899,-0.0964459329843521,106.087066650391,59.3630752563477,-6.12954044342041,0.0300440266728401,-0.286146998405457,-0.0463104508817196,70
738505.48682306346017867327,58.534252166748,-5.57827281951904,7.99912595748901,0.134762838482857,-0.00392156839370728,42.4969444274902,-71.5780029296875,1266.78381347656,1136.72058105469,-4.04718065261841,-0.210523247718811,106.056716918945,59.341064453125,-6.11217260360718,0.0124448202550411,-0.290778160095215,-0.0464813895523548,70
738505.48682527069468051195,58.5145301818848,-5.57306289672852,7.98913431167603,0.134762838482857,-0.00392156839370728,42.4969291687012,-71.5778732299805,1265.66540527344,1134.64477539062,-4.06052398681641,-0.322954207658768,106.026176452637,59.3197746276855,-6.09425735473633,-0.00682021537795663,-0.295339107513428,-0.0466530509293079,70
738505.48682741494849324226,58.4953422546387,-5.57090377807617,7.97575855255127,0.134762838482857,-0.00392156839370728,42.4969177246094,-71.5777359008789,1264.54028320312,1132.55603027344,-4.07055282592773,-0.435759723186493,105.995094299316,59.2988433837891,-6.07714176177979,-0.0277656838297844,-0.29992014169693,-0.0468262434005737,70
738505.48682964034378528595,58.4823913574219,-5.57149744033813,7.95941877365112,0.134762838482857,-0.00392156839370728,42.4969062805176,-71.5775985717773,1263.39599609375,1130.43200683594,-4.07908344268799,-0.550547301769257,105.963455200195,59.2839279174805,-6.06171131134033,-0.0520693957805634,-0.304575949907303,-0.0470031909644604,70
738505.48683179740328341722,58.4755363464355,-5.57374715805054,7.94035339355469,0.134762838482857,-0.00392156839370728,42.4968910217285,-71.5774688720703,1262.25500488281,1128.314453125,-4.08586072921753,-0.665715098381042,105.933113098145,59.2748222351074,-6.04887962341309,-0.0789674147963524,-0.309219390153885,-0.0471762269735336,70
738505.48683401371818035841,58.4755821228027,-5.57640218734741,7.91901159286499,0.134762838482857,-0.00392156839370728,42.4968795776367,-71.5773315429688,1261.13171386719,1126.23034667969,-4.09115266799927,-0.780142962932587,105.905876159668,59.2722587585449,-6.03890466690063,-0.108789995312691,-0.313794821500778,-0.0473482981324196,70
738505.48683620698284357786,58.4857025146484,-5.57873392105103,7.89490652084351,0.134762838482857,-0.00392156839370728,42.4968681335449,-71.5771942138672,1259.982421875,1124.09838867188,-4.09514999389648,-0.898567676544189,105.882377624512,59.2792472839355,-6.03125619888306,-0.145035728812218,-0.318481296300888,-0.0475248247385025,70
738505.48683842865284532309,58.509220123291,-5.58038854598999,7.86844921112061,0.134762838482857,-0.00392156839370728,42.4968528747559,-71.5770568847656,1258.81530761719,1121.93359375,-4.08995485305786,-1.01271450519562,105.865257263184,59.2990913391113,-6.02575922012329,-0.190192922949791,-0.323247224092484,-0.0477021560072899,70
738505.48684062715619802475,58.5533180236816,-5.57861328125,7.84342193603516,0.134762838482857,-0.00392156839370728,42.4968414306641,-71.5769271850586,1257.69189453125,1119.849609375,-4.0431752204895,-1.03138172626495,105.857856750488,59.3391189575195,-6.02224063873291,-0.248680472373962,-0.327839851379395,-0.047873392701149,70
738505.48684285080526024103,58.6218566894531,-5.55870389938354,7.81959199905396,0.134762838482857,-0.00392156839370728,42.4968299865723,-71.576789855957,1256.54504394531,1117.71887207031,-3.98658776283264,-1.02712643146515,105.863433837891,59.4017448425293,-6.01936721801758,-0.303809732198715,-0.332538038492203,-0.0480470396578312,70
738505.48684498877264559269,58.7038726806641,-5.53937387466431,7.79745721817017,0.134762838482857,-0.00392156839370728,42.4968147277832,-71.5766525268555,1255.41381835938,1115.61315917969,-3.81218481063843,-1.02681732177734,105.886260986328,59.4779777526855,-6.01536417007446,-0.360774040222168,-0.337169259786606,-0.0482085160911083,70
738505.48684726271312683821,58.7949981689453,-5.46363210678101,7.78458309173584,0.134762838482857,-0.00392156839370728,42.4968032836914,-71.5765151977539,1254.25451660156,1113.44677734375,-3.45276522636414,-0.197409898042679,105.929862976074,59.5592384338379,-6.008376121521,-0.522158801555634,-0.341916441917419,-0.0483541078865528,70
738505.48684950219467282295,58.8808975219727,-5.311598777771,7.79722309112549,0.134762838482857,-0.00392156839370728,42.4967918395996,-71.5763778686523,1253.134765625,1111.33227539062,-3.14006638526917,1.09536242485046,105.991050720215,59.6319541931152,-5.99234676361084,-0.417371958494186,-0.346503525972366,-0.0484840571880341,70
738505.48685159510932862759,58.9542770385742,-5.12746238708496,7.83777618408203,0.134762838482857,-0.00392156839370728,42.4967765808105,-71.5762405395508,1252.0888671875,1109.32824707031,-2.86495327949524,1.50829613208771,106.06371307373,59.6936187744141,-5.95980978012085,-0.193754151463509,-0.350743532180786,-0.0486005023121834,70
738505.48685374530032277107,59.0186958312988,-4.92640924453735,7.89129114151001,0.134762838482857,-0.00392156839370728,42.4967651367188,-71.5761108398438,1251.09228515625,1107.38415527344,-2.65695571899414,1.72126471996307,106.145156860352,59.747371673584,-5.90501308441162,-0.119755871593952,-0.35469263792038,-0.0487124137580395,70
738505.48685582517646253109,59.0750274658203,-4.7227931022644,7.95067119598389,0.134762838482857,-0.00392156839370728,42.496753692627,-71.5759811401367,1250.14050292969,1105.49182128906,-2.44505167007446,1.96069133281708,106.232055664062,59.7944526672363,-5.82619333267212,-0.0751650035381317,-0.358328133821487,-0.0488216429948807,70
738505.48685798421502113342,59.1250610351562,-4.52646350860596,8.02293014526367,0.134762838482857,-0.00392156839370728,42.4967422485352,-71.5758438110352,1249.19421386719,1103.57177734375,-2.27112650871277,2.74329924583435,106.325141906738,59.8383598327637,-5.71993017196655,0.0201336964964867,-0.361768513917923,-0.0489343628287315,70
738505.48686019110027700663,59.1655311584473,-4.30456495285034,8.1099271774292,0.134762838482857,-0.00392156839370728,42.4967269897461,-71.5757141113281,1248.28393554688,1101.68420410156,-2.03093338012695,2.62819528579712,106.418731689453,59.8737030029297,-5.59211015701294,0.162675023078918,-0.364885807037354,-0.0490552559494972,70
738505.48686239169910550117,59.1997108459473,-4.07886409759521,8.18930912017822,0.134762838482857,-0.00392156839370728,42.4967155456543,-71.5755767822266,1247.41137695312,1099.82800292969,-1.82854676246643,2.08988881111145,106.510124206543,59.9024848937988,-5.44439458847046,0.231360450387001,-0.367668390274048,-0.0491977781057358,70
738505.48686474142596125603,59.2292442321777,-3.85051155090332,8.25449562072754,0.134762838482857,-0.00392156839370728,42.4967002868652,-71.5754318237305,1246.52099609375,1097.88122558594,-1.51807034015656,1.42518031597137,106.60285949707,59.9255065917969,-5.26682090759277,0.109160825610161,-0.370248705148697,-0.0493656918406487,70
738505.48686703306157141924,59.2497406005859,-3.54767346382141,8.29924392700195,0.134762838482857,-0.00392156839370728,42.4966850280762,-71.5752868652344,1245.70092773438,1096.02490234375,-1.11017715930939,1.19778597354889,106.684730529785,59.9332542419434,-5.0776309967041,0.0585812143981457,-0.372359246015549,-0.0495365783572197,70
738505.48686921491753309965,59.2584762573242,-3.25788044929504,8.3335657119751,0.134762838482857,-0.00392156839370728,42.4966735839844,-71.5751495361328,1244.97277832031,1094.30480957031,-0.812355279922485,1.07466065883636,106.751708984375,59.9301986694336,-4.87959718704224,-0.039309848099947,-0.373938947916031,-0.0497053973376751,70
738505.48687140329275280237,59.2571105957031,-2.96727442741394,8.36314678192139,0.134762838482857,-0.00392156839370728,42.4966583251953,-71.5750122070312,1244.30493164062,1092.65173339844,-0.526191353797913,1.23298358917236,106.805755615234,59.9178771972656,-4.66571998596191,-0.0573284141719341,-0.375047594308853,-0.0498852245509624,70
738505.48687365406658500433,59.2438774108887,-2.66632437705994,8.39236450195312,0.134762838482857,-0.00392156839370728,42.4966468811035,-71.5748748779297,1243.68078613281,1091.04064941406,-0.165270462632179,1.1244809627533,106.846923828125,59.8947257995605,-4.43150091171265,-0.0288939625024796,-0.375692486763,-0.0500906743109226,70
738505.48687581834383308887,59.2197952270508,-2.37615585327148,8.40657806396484,0.134762838482857,-0.00392156839370728,42.4966316223145,-71.5747375488281,1243.1181640625,1089.54992675781,0.336885333061218,0.419842749834061,106.872200012207,59.8606796264648,-4.18508005142212,0.12402131408453,-0.375838130712509,-0.0503131747245789,70
738505.48687809507828205824,59.1838684082031,-1.99570953845978,8.3955020904541,0.134762838482857,-0.00392156839370728,42.4966163635254,-71.5746002197266,1242.62451171875,1088.13671875,0.88944274187088,-0.751640856266022,106.879348754883,59.8096771240234,-3.92800712585449,-0.100860916078091,-0.375481247901917,-0.0505440384149551,70
738505.48688027390744537115,59.1344337463379,-1.56202268600464,8.3503885269165,0.134762838482857,-0.00392156839370728,42.4966049194336,-71.574462890625,1242.20007324219,1086.77429199219,1.26994705200195,-0.813971877098083,106.865997314453,59.741527557373,-3.64644050598145,-0.298859685659409,-0.374525427818298,-0.0507857985794544,70
738505.48688256565947085619,59.0723114013672,-1.17698562145233,8.3054838180542,0.134762838482857,-0.00392156839370728,42.4965896606445,-71.5743179321289,1241.84912109375,1085.46789550781,1.42254722118378,-0.244889691472054,106.831436157227,59.6649322509766,-3.33476448059082,-0.459067702293396,-0.372866243124008,-0.0510395392775536,70
738505.48688474798109382391,59.0025482177734,-0.874091744422913,8.28168773651123,0.134762838482857,-0.00392156839370728,42.4965782165527,-71.5741806030273,1241.57373046875,1084.267578125,1.51855456829071,0.767505407333374,106.78050994873,59.5873413085938,-3.01557040214539,-0.356087237596512,-0.370614260435104,-0.0512807928025723,70
738505.48688694601878523827,58.9228782653809,-0.607641100883484,8.28364753723145,0.134762838482857,-0.00392156839370728,42.4965629577637,-71.5740432739258,1241.35314941406,1083.24975585938,1.69150030612946,1.23575937747955,106.714622497559,59.5054092407227,-2.69213438034058,-0.13896843791008,-0.367816805839539,-0.0515247955918312,70
738505.48688923241570591927,58.832820892334,-0.351117819547653,8.29659652709961,0.134762838482857,-0.00392156839370728,42.4965476989746,-71.5739059448242,1241.17736816406,1082.74401855469,1.86099576950073,1.14760637283325,106.631530761719,59.4159698486328,-2.36194133758545,-0.00494650192558765,-0.364419251680374,-0.0517788380384445,70
738505.48689141962677240372,58.7404747009277,-0.114998176693916,8.30708694458008,0.134762838482857,-0.00392156839370728,42.4965362548828,-71.5737686157227,1241.05383300781,1082.30212402344,1.9762681722641,1.0319995880127,106.537551879883,59.3250732421875,-2.052086353302,0.0274072904139757,-0.360677301883698,-0.0520347729325294,70
738505.48689362069126218557,58.6457786560059,0.075714997947216,8.31372547149658,0.134762838482857,-0.00392156839370728,42.4965209960938,-71.5736312866211,1240.97009277344,1081.89672851562,1.99256503582001,0.964715421199799,106.429946899414,59.232177734375,-1.75072371959686,0.0224506948143244,-0.35647240281105,-0.0522999279201031,70
738505.48689584736712276936,58.5523452758789,0.224734008312225,8.31857872009277,0.134762838482857,-0.00392156839370728,42.496509552002,-71.5734939575195,1240.91906738281,1081.52844238281,1.95127475261688,1.01786482334137,106.313385009766,59.1407356262207,-1.4698680639267,0.0218016132712364,-0.351957678794861,-0.0525667443871498,70
738505.48689798021223396063,58.4602012634277,0.322708427906036,8.32224273681641,0.134762838482857,-0.00392156839370728,42.4964942932129,-71.5733642578125,1240.890625,1081.18029785156,1.88856935501099,0.906983852386475,106.1875,59.050479888916,-1.20841979980469,0.0330965779721737,-0.34710693359375,-0.0528366975486279,70
738505.48690017906483262777,58.3722305297852,0.391974955797195,8.3228178024292,0.134762838482857,-0.00392156839370728,42.4964828491211,-71.5732269287109,1240.8779296875,1080.85595703125,1.85373115539551,0.798290252685547,106.058532714844,58.9638900756836,-0.979384779930115,0.0229907017201185,-0.342154532670975,-0.053100723773241,70
738505.48690239118877798319,58.2828712463379,0.441147863864899,8.32143497467041,0.134762838482857,-0.00392156839370728,42.496467590332,-71.5730895996094,1240.87658691406,1080.529296875,1.76358604431152,0.810944855213165,105.918403625488,58.8755798339844,-0.769378781318665,-0.00324886082671583,-0.336805641651154,-0.0533904805779457,70
738505.48690467851702123880,58.1979064941406,0.46110612154007,8.31974506378174,0.134762838482857,-0.00392156839370728,42.4964561462402,-71.5729522705078,1240.88134765625,1080.21374511719,1.68366742134094,0.824140965938568,105.776985168457,58.7913856506348,-0.593059062957764,0.000474889355245978,-0.331414252519608,-0.0536855310201645,70
738505.48690694069955497980,58.1133041381836,0.467903703451157,8.31843185424805,0.117583878338337,-0.00392156839370728,42.4964408874512,-71.5728149414062,1240.88830566406,1079.89208984375,1.61266386508942,0.823969662189484,105.629615783691,58.7075080871582,-0.443378418684006,0.00400995835661888,-0.325803935527802,-0.0539897158741951,70
738505.48690904304385185242,58.0369148254395,0.446768164634705,8.31718826293945,0.106517165899277,-0.00392156839370728,42.4964256286621,-71.5726852416992,1240.89477539062,1079.58752441406,1.4588588476181,0.81472259759903,105.489616394043,58.6315498352051,-0.32941347360611,-0.00447762850672007,-0.320451468229294,-0.0542798675596714,70
738505.48691125272307544947,57.9642906188965,0.405824661254883,8.314866065979,0.106517165899277,-0.00392156839370728,42.4964141845703,-71.5725479125977,1240.89404296875,1079.27648925781,1.39784526824951,0.746122777462006,105.35033416748,58.5590362548828,-0.241692006587982,0.0145385041832924,-0.315110355615616,-0.0545769259333611,70
738505.48691350372973829508,57.8901786804199,0.361828446388245,8.31033992767334,0.106517165899277,-0.00392156839370728,42.4963989257812,-71.5724105834961,1240.88537597656,1078.9404296875,1.33825623989105,0.618701040744781,105.204528808594,58.4847450256348,-0.175977230072021,0.00872055906802416,-0.309512823820114,-0.0548889972269535,70
738505.48691575264092534781,57.8209686279297,0.313001036643982,8.30245304107666,0.106517165899277,-0.00392156839370728,42.4963874816895,-71.5722732543945,1240.86804199219,1078.60412597656,1.2798455953598,0.494398415088654,105.064544677734,58.4148368835449,-0.135470524430275,-0.00620820885524154,-0.30411222577095,-0.0551918558776379,70
738505.48691795661579817533,57.7543296813965,0.258825838565826,8.29097747802734,0.106517165899277,-0.00392156839370728,42.4963722229004,-71.5721435546875,1240.84057617188,1078.25561523438,1.21955871582031,0.369078040122986,104.92610168457,58.3469772338867,-0.114835470914841,-0.0261955875903368,-0.298743903636932,-0.0554953925311565,70
738505.48692029376979917288,57.6890869140625,0.198520928621292,8.27544116973877,0.106517165899277,-0.00392156839370728,42.4963569641113,-71.5719985961914,1240.80114746094,1077.88598632812,1.15534245967865,0.240076974034309,104.786735534668,58.2799530029297,-0.111476577818394,-0.0493563152849674,-0.293310731649399,-0.0558145716786385,70
738505.48692254838533699512,57.6282386779785,0.13508652150631,8.25642967224121,0.106517165899277,-0.00392156839370728,42.4963455200195,-71.5718612670898,1240.75024414062,1077.5107421875,1.0895733833313,0.112980209290981,104.653335571289,58.2168426513672,-0.122905358672142,-0.0731988251209259,-0.28806146979332,-0.0561345107853413,70
738505.48692486144136637449,57.5696716308594,0.0666485130786896,8.23325157165527,0.106517165899277,-0.00392156839370728,42.4963302612305,-71.5717239379883,1240.68518066406,1077.11535644531,1.01969957351685,-0.0167255662381649,104.521286010742,58.1554641723633,-0.147110804915428,-0.0977044031023979,-0.282819151878357,-0.0564602948725224,70
738505.48692714341450482607,57.5157127380371,-0.00382612692192197,8.2068042755127,0.106517165899277,-0.00392156839370728,42.4963150024414,-71.5715866088867,1240.60791015625,1076.71447753906,0.948425531387329,-0.143635526299477,104.396179199219,58.0982666015625,-0.181031167507172,-0.121651574969292,-0.277793377637863,-0.0567850172519684,70
738505.48692943505011498928,57.4638786315918,-0.0794469341635704,8.17582893371582,0.106517165899277,-0.00392156839370728,42.4963035583496,-71.5714416503906,1240.51391601562,1076.28845214844,0.872337222099304,-0.272764921188354,104.272178649902,58.0426406860352,-0.224752321839333,-0.145668283104897,-0.272754043340683,-0.0571211464703083,70
738505.48693176079541444778,57.4164581298828,-0.156901821494102,8.14159393310547,0.106517165899277,-0.00392156839370728,42.4962882995605,-71.5713043212891,1240.40625,1075.85412597656,0.794544339179993,-0.399686336517334,104.154945373535,57.9910316467285,-0.27514511346817,-0.16870841383934,-0.267919808626175,-0.05745018273592,70
738505.48693406337406486273,57.3715591430664,-0.23927728831768,8.10262393951416,0.106517165899277,-0.00392156839370728,42.4962730407715,-71.5711669921875,1240.27954101562,1075.39245605469,0.711855471134186,-0.53004789352417,104.039710998535,57.9413986206055,-0.333347886800766,-0.191707193851471,-0.263096541166306,-0.0577883794903755,70
738505.48693628492765128613,57.3326644897461,-0.319626271724701,8.06221771240234,0.106517165899277,-0.00392156839370728,42.4962615966797,-71.5710296630859,1240.14416503906,1075.02404785156,0.631184935569763,-0.653262078762054,103.93595123291,57.897632598877,-0.393434852361679,-0.213219627737999,-0.258670300245285,-0.0580981373786926,70
738505.48693851090501993895,57.2976570129395,-0.401146173477173,8.01892375946045,0.106517165899277,-0.00392156839370728,42.4962501525879,-71.5708999633789,1239.99523925781,1074.76049804688,0.549273133277893,-0.774934470653534,103.838417053223,57.8574600219727,-0.457082569599152,-0.234140604734421,-0.25443097949028,-0.0584007017314434,70
738505.48694073036313056946,57.2653274536133,-0.487110465764999,7.97120428085327,0.106517165899277,-0.00392156839370728,42.4962348937988,-71.5707626342773,1239.82629394531,1074.47448730469,0.463399589061737,-0.894190847873688,103.743553161621,57.8195037841797,-0.526317179203033,-0.257910668849945,-0.250226616859436,-0.0587096102535725,70
738505.48694297077599912882,57.2373847961426,-0.588341176509857,7.92733383178711,0.106517165899277,-0.00392156839370728,42.496223449707,-71.5706253051758,1239.642578125,1073.78015136719,0.381591022014618,-0.600617825984955,103.655586242676,57.786735534668,-0.598009288311005,-0.37554407119751,-0.246237397193909,-0.059002086520195,70
738505.48694521770812571049,57.2102165222168,-0.688666522502899,7.89688348770142,0.106517165899277,-0.00392156839370728,42.496208190918,-71.5704879760742,1239.43530273438,1073.36401367188,0.309246867895126,0.50327455997467,103.57152557373,57.7567672729492,-0.675771296024323,-0.325569003820419,-0.242338448762894,-0.0592950955033302,70
738505.48694754694588482380,57.1803436279297,-0.785895347595215,7.8966212272644,0.106517165899277,-0.00392156839370728,42.4961967468262,-71.5703506469727,1239.20068359375,1072.91296386719,0.239890962839127,1.58567869663239,103.490272521973,57.7283821105957,-0.761211395263672,-0.141302555799484,-0.238476097583771,-0.0595830976963043,70
738505.48694983101449906826,57.1503868103027,-0.878394901752472,7.92176485061646,0.106517165899277,-0.00392156839370728,42.4961814880371,-71.5702133178711,1238.95397949219,1072.45568847656,0.172414407134056,2.05350494384766,103.4169921875,57.7034873962402,-0.8475581407547,0.105724170804024,-0.234888210892677,-0.0598518028855324,70
738505.48695203533861786127,57.1224632263184,-0.964613556861877,7.95844697952271,0.106517165899277,-0.00392156839370728,42.4961700439453,-71.5700836181641,1238.69970703125,1071.99853515625,0.103514656424522,2.10664701461792,103.351852416992,57.682258605957,-0.932515501976013,0.22761070728302,-0.231590390205383,-0.0601050890982151,70
738505.48695428576320409775,57.0958137512207,-1.05131244659424,7.99935245513916,0.106517165899277,-0.00392156839370728,42.4961547851562,-71.5699462890625,1238.41821289062,1071.505859375,0.0300034191459417,2.04665422439575,103.289482116699,57.6630439758301,-1.02206611633301,0.282212287187576,-0.228316158056259,-0.060360349714756,70
738505.48695647006388753653,57.072681427002,-1.13522446155548,8.03881168365479,0.106517165899277,-0.00392156839370728,42.4961433410645,-71.5698089599609,1238.12780761719,1071.00988769531,-0.0467071868479252,1.98238563537598,103.234375,57.6472244262695,-1.10928869247437,0.295642793178558,-0.225279375910759,-0.060603141784668,70
738505.48695866856724023819,57.0524635314941,-1.21828615665436,8.07706737518311,0.106517165899277,-0.00392156839370728,42.4961280822754,-71.5696792602539,1237.82348632812,1070.50122070312,-0.125560745596886,1.91897523403168,103.185066223145,57.6342506408691,-1.19567847251892,0.290944457054138,-0.222405180335045,-0.06084855645895,70
738505.48696090932935476303,57.0351867675781,-1.30034875869751,8.11376476287842,0.106517165899277,-0.00392156839370728,42.4961166381836,-71.5695495605469,1237.50671386719,1070.04382324219,-0.204407289624214,1.85679221153259,103.141555786133,57.624095916748,-1.2806510925293,0.277153253555298,-0.219701319932938,-0.0610957704484463,70
738505.48696311144158244133,57.0203170776367,-1.38391172885895,8.14999294281006,0.106517165899277,-0.00392156839370728,42.4961013793945,-71.5694122314453,1237.16662597656,1069.70031738281,-0.285937637090683,1.79356491565704,103.102478027344,57.6164398193359,-1.36708664894104,0.258948057889938,-0.217078149318695,-0.0613628849387169,70
738505.48696530133020132780,57.0083274841309,-1.46631944179535,8.18438053131104,0.106517165899277,-0.00392156839370728,42.4960899353027,-71.5692825317383,1236.81469726562,1069.34509277344,-0.367320030927658,1.73122024536133,103.069145202637,57.6114883422852,-1.45193541049957,0.239725351333618,-0.214626118540764,-0.0616295970976353,70
738505.48696750099770724773,56.9979133605957,-1.54734301567078,8.21664333343506,0.106517165899277,-0.00392156839370728,42.4960784912109,-71.5691528320312,1236.45251464844,1068.97973632812,-0.447855651378632,1.67010366916656,103.041435241699,57.6078948974609,-1.53498589992523,0.222069412469864,-0.212347567081451,-0.06190250441432,70
738505.48696973151527345181,56.988208770752,-1.63012182712555,8.24785709381104,0.106517165899277,-0.00392156839370728,42.4960632324219,-71.5690155029297,1236.06665039062,1068.59094238281,-0.530041515827179,1.60788083076477,103.017997741699,57.605037689209,-1.61943924427032,0.205929309129715,-0.210160240530968,-0.0621954090893269,70
738505.48697190172970294952,56.9828681945801,-1.71162343025208,8.27725410461426,0.106517165899277,-0.00392156839370728,42.4960479736328,-71.5688858032227,1235.67126464844,1068.19274902344,-0.611057102680206,1.54621648788452,102.99925994873,57.6063346862793,-1.70214033126831,0.19175674021244,-0.208145707845688,-0.0624926090240479,70
738505.48697412316687405109,56.9889297485352,-1.79323053359985,8.30667591094971,0.106517165899277,-0.00392156839370728,42.496036529541,-71.5687561035156,1235.25646972656,1067.77514648438,-0.691683948040009,1.48282873630524,102.984962463379,57.6190452575684,-1.78535449504852,0.170820504426956,-0.206251040101051,-0.0628018379211426,70
738505.48697636404540389776,57.0153503417969,-1.87443578243256,8.33735847473145,0.106517165899277,-0.00392156839370728,42.496021270752,-71.5686187744141,1234.8154296875,1067.33129882812,-0.763219356536865,1.40111184120178,102.97713470459,57.6521911621094,-1.87031376361847,0.141764998435974,-0.204454019665718,-0.0631208643317223,70
738505.48697864706628024578,57.064136505127,-1.94453299045563,8.36775016784668,0.106517165899277,-0.00392156839370728,42.4960098266602,-71.5684814453125,1234.36828613281,1066.88159179688,-0.809848845005035,1.28670954704285,102.979988098145,57.707160949707,-1.95294559001923,0.101647891104221,-0.202829420566559,-0.0634466707706451,70
738505.48698097025044262409,57.132625579834,-2.00500535964966,8.39798450469971,0.106517165899277,-0.00392156839370728,42.4959945678711,-71.5683441162109,1233.88415527344,1066.39465332031,-0.846111714839935,1.14577996730804,102.999374389648,57.7813377380371,-2.0382981300354,0.0505411215126514,-0.201251834630966,-0.0638062581419945,70
738505.48698327376041561365,57.2071571350098,-2.05969262123108,8.42338562011719,0.106517165899277,-0.00392156839370728,42.495979309082,-71.5682067871094,1233.39562988281,1065.90356445312,-0.78500372171402,0.988169491291046,103.03832244873,57.8606491088867,-2.11885356903076,0.0145677551627159,-0.1998141258955,-0.064166784286499,70
738505.48698547505773603916,57.2791786193848,-2.05638551712036,8.44391250610352,0.106517165899277,-0.00392156839370728,42.495964050293,-71.5680694580078,1232.91857910156,1065.42407226562,-0.678509831428528,0.858554542064667,103.094627380371,57.9347267150879,-2.19158720970154,-0.0190781261771917,-0.198512047529221,-0.0645253285765648,70
738505.48698771349154412746,57.3511924743652,-2.03460001945496,8.45996189117432,0.106517165899277,-0.00392156839370728,42.4959526062012,-71.5679321289062,1232.43859863281,1064.94165039062,-0.728411555290222,0.736051201820374,103.168144226074,58.0074996948242,-2.25503611564636,-0.0624400712549686,-0.197227329015732,-0.0648985803127289,70
738505.48698993504513055086,57.4226493835449,-2.0434627532959,8.47067928314209,0.106517165899277,-0.00392156839370728,42.4959373474121,-71.5678024291992,1231.97131347656,1064.47180175781,-0.858198940753937,0.603920996189117,103.253631591797,58.080020904541,-2.30429244041443,-0.105403937399387,-0.195969238877296,-0.0652624219655991,70
738505.48699213715735822916,57.4961624145508,-2.06037378311157,8.47652244567871,0.106517165899277,-0.00392156839370728,42.495922088623,-71.5676651000977,1231.4970703125,1063.99499511719,-0.950003147125244,0.470195740461349,103.351661682129,58.1541481018066,-2.34378385543823,-0.125928491353989,-0.194700807332993,-0.0656389370560646,70
738505.48699427139945328236,57.567569732666,-2.07907891273499,8.47759437561035,0.106517165899277,-0.00392156839370728,42.4959106445312,-71.5675354003906,1231.03491210938,1063.53039550781,-1.01369285583496,0.340692102909088,103.455513000488,58.2255706787109,-2.37525534629822,-0.135932624340057,-0.193485826253891,-0.0660076811909676,70
738505.48699645989108830690,57.6402816772461,-2.09712362289429,8.47424602508545,0.106517165899277,-0.00392156839370728,42.4958953857422,-71.5674057006836,1230.56127929688,1063.05419921875,-1.06026911735535,0.208923250436783,103.568344116211,58.2976226806641,-2.40285634994507,-0.143024399876595,-0.192269489169121,-0.0663892924785614,70
738505.48699870018754154444,57.7146835327148,-2.11331248283386,8.46626853942871,0.106517165899277,-0.00392156839370728,42.4958839416504,-71.567268371582,1230.07312011719,1062.56323242188,-1.09604573249817,0.0740190893411636,103.689430236816,58.3706130981445,-2.42800307273865,-0.150623425841331,-0.19104640185833,-0.0667892843484879,70
738505.48700088891200721264,57.7874031066895,-2.12625908851624,8.45400714874268,0.106517165899277,-0.00392156839370728,42.4958686828613,-71.567138671875,1229.59155273438,1062.0771484375,-1.12236511707306,-0.058226864784956,103.811805725098,58.4412117004395,-2.45033884048462,-0.159845590591431,-0.189868107438087,-0.0671836584806442,70
738505.48700318217743188143,57.8617248535156,-2.1361083984375,8.43691921234131,0.106517165899277,-0.00392156839370728,42.4958534240723,-71.5670013427734,1229.095703125,1061.51965332031,-1.14202749729156,-0.193779468536377,103.939865112305,58.5125961303711,-2.47118163108826,-0.171850010752678,-0.188678592443466,-0.0675909072160721,70
738505.48700539022684097290,57.9347152709961,-2.14220690727234,8.41557788848877,0.106517165899277,-0.00392156839370728,42.4958419799805,-71.5668640136719,1228.60534667969,1060.96838378906,-1.1552072763443,-0.32732829451561,104.067329406738,58.5819282531738,-2.48965120315552,-0.185071632266045,-0.187520012259483,-0.0679926499724388,70
738505.48700754472520202398,58.0072937011719,-2.14459657669067,8.38982200622559,0.106517165899277,-0.00392156839370728,42.4958267211914,-71.5667266845703,1228.11511230469,1060.4169921875,-1.16321766376495,-0.460584163665771,104.195083618164,58.6501045227051,-2.50588274002075,-0.199685633182526,-0.186371043324471,-0.0683902725577354,70
738505.48700975766405463219,58.0785484313965,-2.14331793785095,8.36001396179199,0.106517165899277,-0.00392156839370728,42.4958152770996,-71.5665969848633,1227.63110351562,1059.87231445312,-1.16661083698273,-0.592100501060486,104.32105255127,58.7162780761719,-2.51951575279236,-0.215172484517097,-0.185238510370255,-0.068777784705162,70
738505.48701189656276255846,58.1488037109375,-2.13853859901428,8.32609939575195,0.106517165899277,-0.00392156839370728,42.4958000183105,-71.5664596557617,1227.15112304688,1059.33190917969,-1.16592288017273,-0.722528636455536,104.445579528809,58.7807846069336,-2.5304811000824,-0.231464102864265,-0.184110328555107,-0.0691565871238708,70
738505.48701408086344599724,58.2172050476074,-2.13062191009521,8.28853893280029,0.106517165899277,-0.00392156839370728,42.4957885742188,-71.5663299560547,1226.68005371094,1058.80102539062,-1.16126620769501,-0.847244203090668,104.567192077637,58.8428611755371,-2.53858184814453,-0.248682022094727,-0.182990968227386,-0.0695241242647171,70
738505.48701634828466922045,58.2904891967773,-2.11956191062927,8.24358463287354,0.106517165899277,-0.00392156839370728,42.4957733154297,-71.5661926269531,1226.17150878906,1058.22741699219,-1.15151417255402,-0.960534036159515,104.697883605957,58.9086608886719,-2.54419612884521,-0.273108273744583,-0.181760713458061,-0.0699144601821899,70
738505.48701854527462273836,58.3583869934082,-2.1200578212738,8.20342350006104,0.106517165899277,-0.00392156839370728,42.4957580566406,-71.5660552978516,1225.69177246094,1057.68591308594,-1.07591772079468,-0.604593396186829,104.819320678711,58.9702644348145,-2.54685091972351,-0.343693226575851,-0.180581837892532,-0.0702740773558617,70
738505.48702083330135792494,58.4240188598633,-2.08565449714661,8.17195510864258,0.106517165899277,-0.00392156839370728,42.4957466125488,-71.56591796875,1225.19946289062,1057.12939453125,-0.963031351566315,-0.0139488968998194,104.942886352539,59.0296249389648,-2.54736089706421,-0.273060500621796,-0.179343566298485,-0.0706418007612228,70
738505.48702301119919866323,58.4827690124512,-2.03814363479614,8.15662002563477,0.106517165899277,-0.00392156839370728,42.4957313537598,-71.5657806396484,1224.72375488281,1056.70336914062,-0.86459344625473,0.416660279035568,105.06111907959,59.0839996337891,-2.54332947731018,-0.170013010501862,-0.178082853555679,-0.0709872543811798,70
738505.48702530667651444674,58.5370101928711,-1.98327744007111,8.15508365631104,0.106517165899277,-0.00392156839370728,42.495719909668,-71.5656433105469,1224.25500488281,1057.501953125,-0.774448454380035,0.825587213039398,105.17643737793,59.1356086730957,-2.5326406955719,-0.0855614095926285,-0.176745176315308,-0.0713161528110504,70
738505.48702753277029842138,58.5874252319336,-1.92111837863922,8.16687107086182,0.106517165899277,-0.00392156839370728,42.4957046508789,-71.5655059814453,1223.7890625,1058.00720214844,-0.686965882778168,1.23577690124512,105.289688110352,59.1850891113281,-2.51383066177368,-0.000399331765947863,-0.175291299819946,-0.071640357375145,70
738505.48702978785149753094,58.6320762634277,-1.8554801940918,8.19147109985352,0.106517165899277,-0.00392156839370728,42.4956932067871,-71.5653686523438,1223.3447265625,1058.50366210938,-0.602957010269165,1.62811195850372,105.396141052246,59.2305946350098,-2.48737025260925,0.0804557949304581,-0.173763304948807,-0.0719505324959755,70
738505.48703201150055974722,58.6727294921875,-1.78350853919983,8.22922992706299,0.106517165899277,-0.00392156839370728,42.495677947998,-71.5652236938477,1222.90490722656,1059.02221679688,-0.518202424049377,1.9926290512085,105.500106811523,59.2738609313965,-2.45235061645508,0.169210657477379,-0.172088161110878,-0.0722594782710075,70
738505.48703421046957373619,58.7079772949219,-1.70729196071625,8.27307605743408,0.106517165899277,-0.00392156839370728,42.4956665039062,-71.5650939941406,1222.49279785156,1059.53955078125,-0.447878271341324,1.97484195232391,105.596031188965,59.3126068115234,-2.41119694709778,0.275276511907578,-0.170344084501266,-0.0725586712360382,70
738505.48703651560936123133,58.7415313720703,-1.63213694095612,8.31827449798584,0.106517165899277,-0.00392156839370728,42.4956512451172,-71.5649490356445,1222.08569335938,1060.0859375,-0.414737820625305,1.83698713779449,105.689720153809,59.3500213623047,-2.36186265945435,0.279404997825623,-0.168422788381577,-0.0728655979037285,70
738505.48703869874589145184,58.7729301452637,-1.5617071390152,8.35897064208984,0.106517165899277,-0.00392156839370728,42.4956359863281,-71.564811706543,1221.69787597656,1060.6396484375,-0.367072761058807,1.71326744556427,105.777557373047,59.3849182128906,-2.30735802650452,0.264281719923019,-0.166392728686333,-0.0731658563017845,70
738505.48704082297626882792,58.801685333252,-1.49188888072968,8.39511203765869,0.106517165899277,-0.00392156839370728,42.4956245422363,-71.5646820068359,1221.33239746094,1061.19470214844,-0.31182187795639,1.59795701503754,105.859100341797,59.4166793823242,-2.2499566078186,0.242509990930557,-0.164283469319344,-0.0734627023339272,70
738505.48704308609012514353,58.8289375305176,-1.420050740242,8.42823791503906,0.106517165899277,-0.00392156839370728,42.4956092834473,-71.5645446777344,1220.97387695312,1061.77380371094,-0.25153061747551,1.48116993904114,105.937934875488,59.4465789794922,-2.18821144104004,0.215546578168869,-0.162007063627243,-0.0737673491239548,70
738505.48704524978529661894,58.853874206543,-1.34784305095673,8.45728778839111,0.106517165899277,-0.00392156839370728,42.4955978393555,-71.5644073486328,1220.63244628906,1062.36206054688,-0.188636988401413,1.36618936061859,106.011772155762,59.4736976623535,-2.12456917762756,0.18691973388195,-0.159623488783836,-0.0740658640861511,70
738505.48704748507589101791,58.877513885498,-1.27210795879364,8.48349666595459,0.106517165899277,-0.00392156839370728,42.4955825805664,-71.5642700195312,1220.29333496094,1062.986328125,-0.120856493711472,1.25495636463165,106.083770751953,59.499153137207,-2.0564444065094,0.153727248311043,-0.157019317150116,-0.0743810161948204,70
738505.48704963061027228832,58.8977127075195,-1.19930601119995,8.50468349456787,0.106517165899277,-0.00392156839370728,42.4955673217773,-71.5641326904297,1219.98742675781,1063.5888671875,-0.057387251406908,1.16054534912109,106.147178649902,59.5206565856934,-1.99072885513306,0.124715268611908,-0.154436558485031,-0.0746802091598511,70
738505.48705177614465355873,58.9159202575684,-1.12707769870758,8.52266979217529,0.106517165899277,-0.00392156839370728,42.4955558776855,-71.5640029907227,1219.69604492188,1064.203125,-0.00133834348525852,1.08006501197815,106.206176757812,59.5398330688477,-1.92381775379181,0.0988089442253113,-0.151738077402115,-0.0749889314174652,70
738505.48705401772167533636,58.9330406188965,-1.05216419696808,8.53881359100342,0.106517165899277,-0.00392156839370728,42.4955406188965,-71.5638656616211,1219.40759277344,1064.85522460938,0.0412462316453457,1.02953767776489,106.263107299805,59.5577163696289,-1.85297870635986,0.0675515085458755,-0.14880283176899,-0.0753193870186806,70
738505.48705626511946320534,58.9489517211914,-0.984855949878693,8.553879737854,0.106517165899277,-0.00392156839370728,42.4955291748047,-71.5637283325195,1219.12463378906,1065.54113769531,0.0545361824333668,1.05273139476776,106.317237854004,59.5744743347168,-1.77909696102142,0.0482887327671051,-0.145639911293983,-0.0756713300943375,70
738505.48705848201643675566,58.9629058837891,-0.927205681800842,8.56854152679443,0.106517165899277,-0.00392156839370728,42.4955139160156,-71.563591003418,1218.86206054688,1066.21850585938,0.0747998729348183,1.07907044887543,106.365577697754,59.5894622802734,-1.70784103870392,0.0465412437915802,-0.142444550991058,-0.0760198831558228,70
738505.48706077306997030973,58.9761123657227,-0.869743525981903,8.58467864990234,0.106517165899277,-0.00392156839370728,42.4954986572266,-71.5634460449219,1218.59436035156,1066.95056152344,0.106398336589336,1.10898172855377,106.41284942627,59.6039848327637,-1.63367319107056,0.051318883895874,-0.13892188668251,-0.0763932466506958,70
738505.48706302931532263756,58.9871520996094,-0.817176699638367,8.60099411010742,0.106517165899277,-0.00392156839370728,42.4954833984375,-71.5633010864258,1218.34765625,1067.66589355469,0.141337350010872,1.14332807064056,106.454406738281,59.6165161132812,-1.56497514247894,0.0548828467726707,-0.135420083999634,-0.076759360730648,70
738505.48706537520047277212,58.9966926574707,-0.76766300201416,8.6192741394043,0.106517165899277,-0.00392156839370728,42.4954681396484,-71.5631637573242,1218.109375,1068.39575195312,0.169244959950447,1.25899600982666,106.492584228516,59.6279411315918,-1.49875617027283,0.0546817108988762,-0.131792485713959,-0.0771380364894867,70
738505.48706768569536507130,59.0046920776367,-0.719203352928162,8.64229393005371,0.106517165899277,-0.00392156839370728,42.4954528808594,-71.5630111694336,1217.86999511719,1069.17041015625,0.197022199630737,1.42182624340057,106.529037475586,59.6385803222656,-1.43271338939667,0.0745512247085571,-0.127887740731239,-0.077537439763546,70
738505.48707002820447087288,59.010684967041,-0.672828435897827,8.66785526275635,0.106517165899277,-0.00392156839370728,42.4954414367676,-71.562873840332,1217.65014648438,1069.92297363281,0.187921822071075,1.47140610218048,106.560699462891,59.6476745605469,-1.37273919582367,0.111224755644798,-0.124048806726933,-0.0779235735535622,70
738505.48707234975881874561,59.0166816711426,-0.641484379768372,8.696608543396,0.106517165899277,-0.00392156839370728,42.4954261779785,-71.5627212524414,1217.42663574219,1070.72192382812,0.182069182395935,1.517453789711,106.591110229492,59.6574516296387,-1.31312119960785,0.119436293840408,-0.119918778538704,-0.07834093272686,70
738505.48707457003183662891,59.0213623046875,-0.61459493637085,8.72455978393555,0.106517165899277,-0.00392156839370728,42.4954109191895,-71.5625915527344,1217.2275390625,1071.45910644531,0.190002858638763,1.58790922164917,106.61661529541,59.6658782958984,-1.26286041736603,0.132383018732071,-0.116067938506603,-0.0787306651473045,70
738505.48707677412312477827,59.0251960754395,-0.588958203792572,8.75545120239258,0.106517165899277,-0.00392156839370728,42.4953956604004,-71.5624465942383,1217.0283203125,1072.22192382812,0.203459531068802,1.66120553016663,106.64086151123,59.6739387512207,-1.21559453010559,0.147031769156456,-0.112053669989109,-0.0791474580764771,70
738505.48707909695804119110,59.0280113220215,-0.564153492450714,8.78924369812012,0.106517165899277,-0.00392156839370728,42.4953804016113,-71.5623092651367,1216.83068847656,1073.0029296875,0.220614314079285,1.73580932617188,106.663673400879,59.6814498901367,-1.17194318771362,0.161306366324425,-0.107914716005325,-0.0795723497867584,70
738505.48708134528715163469,59.0296897888184,-0.540365993976593,8.82530975341797,0.106517165899277,-0.00392156839370728,42.4953651428223,-71.5621643066406,1216.63842773438,1073.78662109375,0.241158202290535,1.80975759029388,106.684646606445,59.6882095336914,-1.13249230384827,0.175010114908218,-0.103735446929932,-0.0800031274557114,70
738505.48708358407020568848,59.0301055908203,-0.518770456314087,8.86101531982422,0.106517165899277,-0.00392156839370728,42.4953498840332,-71.5620269775391,1216.45556640625,1075.25598144531,0.289091199636459,1.76516485214233,106.703475952148,59.693717956543,-1.0975376367569,0.212779596447945,-0.0996198877692223,-0.0804329439997673,70
738505.48708586452994495630,59.0286483764648,-0.482793092727661,8.8959321975708,0.106517165899277,-0.00392156839370728,42.4953384399414,-71.5618896484375,1216.275390625,1077.26635742188,0.366543620824814,1.62958717346191,106.720901489258,59.6971702575684,-1.06473779678345,0.210344478487968,-0.0953880548477173,-0.0808752328157425,70
738505.48708808387164026499,59.0256538391113,-0.439372420310974,8.92695999145508,0.106517165899277,-0.00392156839370728,42.4953231811523,-71.5617446899414,1216.10217285156,1079.29626464844,0.434076219797134,1.49363994598389,106.736389160156,59.6985054016113,-1.03268420696259,0.191484197974205,-0.091071605682373,-0.0813341587781906,70
738505.48709031927864998579,59.0215072631836,-0.394015491008759,8.95269680023193,0.106517165899277,-0.00392156839370728,42.4953079223633,-71.5616149902344,1215.94384765625,1080.80358886719,0.492183029651642,1.36442601680756,106.749053955078,59.6979446411133,-1.00109171867371,0.165708810091019,-0.0868464857339859,-0.0817917883396149,70
738505.48709252581465989351,59.0159721374512,-0.343834161758423,8.97530937194824,0.106517165899277,-0.00392156839370728,42.4952926635742,-71.5614700317383,1215.78747558594,1080.82055664062,0.543808043003082,1.23744523525238,106.759803771973,59.695556640625,-0.965994834899902,0.135674446821213,-0.0823369920253754,-0.0822825506329536,70
738505.48709475656505674124,59.0097694396973,-0.295858860015869,8.9929027557373,0.106517165899277,-0.00392156839370728,42.4952774047852,-71.5613327026367,1215.64672851562,1080.84619140625,0.580751419067383,1.12130582332611,106.767601013184,59.6918144226074,-0.929967284202576,0.106539525091648,-0.0779211670160294,-0.0827636793255806,70
738505.48709700023755431175,59.0029411315918,-0.245998278260231,9.00729942321777,0.106517165899277,-0.00392156839370728,42.4952621459961,-71.5611953735352,1215.51196289062,1080.88208007812,0.581788718700409,1.03099858760834,106.772979736328,59.6870079040527,-0.890615880489349,0.072355791926384,-0.073308177292347,-0.0832639709115028,70
738505.48709919722750782967,58.997615814209,-0.211537092924118,9.01903915405273,0.106517165899277,-0.00392156839370728,42.495246887207,-71.5610580444336,1215.38684082031,1080.92639160156,0.461469709873199,0.998567521572113,106.776000976562,59.6833839416504,-0.849446892738342,0.0350103862583637,-0.0686357244849205,-0.0837798193097115,70
738505.48710144951473921537,58.9962425231934,-0.218116402626038,9.02919006347656,0.106517165899277,-0.00392156839370728,42.495231628418,-71.5609130859375,1215.26440429688,1080.97314453125,0.279678642749786,0.985473215579987,106.777732849121,59.6835861206055,-0.808522522449493,0.013260773383081,-0.0638978704810143,-0.0843003243207932,70
738505.48710364918224513531,58.9989356994629,-0.259666562080383,9.03841400146484,0.106517165899277,-0.00392156839370728,42.4952163696289,-71.5607757568359,1215.13745117188,1081.01428222656,0.129892855882645,0.973133265972137,106.779312133789,59.6878089904785,-0.773130536079407,0.0108094662427902,-0.0591637454926968,-0.0848265066742897,70
738505.48710586258675903082,59.0049705505371,-0.320080041885376,9.04711723327637,0.106517165899277,-0.00392156839370728,42.4952049255371,-71.5606460571289,1215.001953125,1081.04504394531,0.00443311268463731,0.960787832736969,106.781791687012,59.6953887939453,-0.748446464538574,0.0158368349075317,-0.0545107051730156,-0.0853513106703758,70
738505.48710809438489377499,59.0142440795898,-0.393716722726822,9.05578231811523,0.106517165899277,-0.00392156839370728,42.495189666748,-71.5605010986328,1214.85070800781,1081.06335449219,-0.109465181827545,0.948165714740753,106.786186218262,59.7063064575195,-0.737151026725769,0.022135503590107,-0.0498337857425213,-0.0858960822224617,70
738505.48711024608928710222,59.026123046875,-0.472580164670944,9.06413650512695,0.106517165899277,-0.00392156839370728,42.495174407959,-71.5603713989258,1214.68859863281,1081.06677246094,-0.211903721094131,0.935863494873047,106.793037414551,59.7198905944824,-0.740925848484039,0.0269303172826767,-0.0453674308955669,-0.0864321514964104,70
738505.48711246380116790533,59.0409507751465,-0.556913197040558,9.07258319854736,0.106517165899277,-0.00392156839370728,42.4951591491699,-71.5602340698242,1214.5078125,1081.0546875,-0.31048521399498,0.923357546329498,106.803245544434,59.7365531921387,-0.759613335132599,0.0299872439354658,-0.0409393571317196,-0.0869817137718201,70
738505.48711461888160556555,59.0581359863281,-0.642096221446991,9.08085536956787,0.106517165899277,-0.00392156839370728,42.4951438903809,-71.5600967407227,1214.31384277344,1081.02673339844,-0.404287338256836,0.911096036434174,106.816848754883,59.7556495666504,-0.791375637054443,0.0313169918954372,-0.0367126315832138,-0.0875275656580925,70
738505.48711683892179280519,59.0781517028809,-0.726564586162567,9.08925437927246,0.106517165899277,-0.00392156839370728,42.4951286315918,-71.5599594116211,1214.10144042969,1080.98229980469,-0.512702226638794,0.899293899536133,106.834609985352,59.7776756286621,-0.835308611392975,0.0303276255726814,-0.0325766913592815,-0.0880941599607468,70
738505.48711905477102845907,59.1017036437988,-0.818339288234711,9.09763240814209,0.106517165899277,-0.00392156839370728,42.4951133728027,-71.5598220825195,1213.87536621094,1080.92236328125,-0.719032526016235,0.889311015605927,106.856414794922,59.803409576416,-0.88822728395462,0.0189519505947828,-0.0286272782832384,-0.088659480214119,70
738505.48712126410100609064,59.1313934326172,-0.951314151287079,9.10586357116699,0.106517165899277,-0.00392156839370728,42.4950981140137,-71.559684753418,1213.62329101562,1080.8212890625,-0.972499370574951,0.885072112083435,106.88353729248,59.8359718322754,-0.951172709465027,0.00966836977750063,-0.0247683376073837,-0.0892365202307701,70
738505.48712348868139088154,59.1666374206543,-1.10731709003448,9.11411285400391,0.106517165899277,-0.00392156839370728,42.4950828552246,-71.5595474243164,1213.34350585938,1080.48083496094,-1.20098102092743,0.882175505161285,106.916564941406,59.8747367858887,-1.02563512325287,0.0134004233404994,-0.021113658323884,-0.0898128375411034,70
738505.48712571314536035061,59.2073135375977,-1.2763751745224,9.12283039093018,0.106517165899277,-0.00392156839370728,42.4950675964355,-71.5594100952148,1213.03039550781,1080.10668945312,-1.41209661960602,0.879274725914001,106.956665039062,59.919620513916,-1.11453211307526,0.0200396664440632,-0.0176799390465021,-0.0904047414660454,70
738505.48712792014703154564,59.253044128418,-1.45225727558136,9.13209056854248,0.106517165899277,-0.00392156839370728,42.4950523376465,-71.5592651367188,1212.68334960938,1079.69848632812,-1.61111700534821,0.876457870006561,107.004455566406,59.9702224731445,-1.21846652030945,0.0257966630160809,-0.0145157910883427,-0.0909999012947083,70
738505.48713020223658531904,59.3042221069336,-1.63334965705872,9.14204788208008,0.106517165899277,-0.00392156839370728,42.4950370788574,-71.5591278076172,1212.29699707031,1079.25012207031,-1.80360460281372,0.873682141304016,107.061363220215,60.0269584655762,-1.33846378326416,0.0299890041351318,-0.0116130262613297,-0.0916052237153053,70
738505.48713241436053067446,59.3594627380371,-1.81295597553253,9.15247440338135,0.106517165899277,-0.00392156839370728,42.4950218200684,-71.5589828491211,1211.88049316406,1079.34216308594,-1.98702704906464,0.871001601219177,107.126327514648,60.0882720947266,-1.46996915340424,0.0326275154948235,-0.00905452575534582,-0.0922003835439682,70
738505.48713462741579860449,59.4181976318359,-1.98881387710571,9.16329574584961,0.106517165899277,-0.00392156839370728,42.4950103759766,-71.5588455200195,1211.43701171875,1079.75268554688,-2.162034034729,0.868431568145752,107.199005126953,60.1534996032715,-1.61000061035156,0.0342028997838497,-0.00684342067688704,-0.0927864536643028,70
738505.48713687050621956587,59.4819030761719,-2.16491508483887,9.17480659484863,0.106517165899277,-0.00392156839370728,42.4949951171875,-71.558708190918,1210.95458984375,1080.13488769531,-2.33423805236816,0.866026520729065,107.281600952148,60.224250793457,-1.7604945898056,0.0350352972745895,-0.00491652637720108,-0.093387633562088,70
738505.48713903839234262705,59.5490798950195,-2.33673238754272,9.18675518035889,0.106517165899277,-0.00392156839370728,42.4949798583984,-71.5585708618164,1210.44384765625,1080.48120117188,-2.50018572807312,0.864276587963104,107.37230682373,60.2988357543945,-1.91603481769562,0.0355566889047623,-0.00331575376912951,-0.0939803123474121,70
738505.48714133759494870901,59.6217384338379,-2.50902938842773,9.19951629638672,0.106517165899277,-0.00392156839370728,42.4949645996094,-71.5584335327148,1209.88903808594,1080.80224609375,-2.66503930091858,0.862540006637573,107.474166870117,60.379451751709,-2.07981872558594,0.0360449105501175,-0.00199262192472816,-0.0945866480469704,70
738505.48714353831019252539,59.6985855102539,-2.67820858955383,9.21286869049072,0.106517165899277,-0.00392156839370728,42.4949493408203,-71.5582885742188,1209.29956054688,1081.09191894531,-2.82571363449097,0.860867083072662,107.585426330566,60.4646263122559,-2.24717164039612,0.0366408191621304,-0.00097782863304019,-0.0952026173472404,70
738505.48714571224991232157,59.7757034301758,-2.84204006195068,9.22619724273682,0.106517165899277,-0.00392156839370728,42.4949340820312,-71.5581512451172,1208.70336914062,1081.33996582031,-2.96010065078735,0.863907873630524,107.700393676758,60.5502662658691,-2.40904545783997,0.0345510989427567,-0.000292727811029181,-0.0957897678017616,70
738505.48714796022977679968,59.8550338745117,-3.00185918807983,9.24057483673096,0.106517165899277,-0.00392156839370728,42.4949188232422,-71.5580139160156,1208.06579589844,1081.56079101562,-2.85428667068481,0.927190780639648,107.82544708252,60.6384735107422,-2.57475280761719,0.0574441701173782,0.000113563961349428,-0.0963887721300125,70
738505.48715021449606865644,59.9388084411621,-3.05289816856384,9.25814247131348,0.106517165899277,-0.00392156839370728,42.4949035644531,-71.5578689575195,1207.36608886719,1081.77661132812,-2.59452056884766,0.860398232936859,107.966743469238,60.7263832092285,-2.74950623512268,0.0990354344248772,0.000253323378274217,-0.0970337986946106,70
738505.48715251276735216379,60.0162086486816,-3.03918409347534,9.27432918548584,0.106517165899277,-0.00392156839370728,42.4948883056641,-71.5577239990234,1206.69519042969,1081.98217773438,-2.406733751297,0.786906898021698,108.1064453125,60.8045654296875,-2.90246677398682,0.0903230756521225,0.000214134401176125,-0.097647950053215,70
738505.48715471744071692228,60.0922889709473,-2.98537492752075,9.28873252868652,0.106517165899277,-0.00392156839370728,42.4948692321777,-71.5575866699219,1206.01599121094,1082.20068359375,-2.25468492507935,0.70858246088028,108.25171661377,60.8791923522949,-3.03422236442566,0.0690531581640244,0.000118024319817778,-0.0982811152935028,70
738505.48715696635190397501,60.163028717041,-2.91126203536987,9.29995727539062,0.106517165899277,-0.00392156839370728,42.4948539733887,-71.5574417114258,1205.36804199219,1082.42663574219,-2.13749980926514,0.624115943908691,108.392654418945,60.9471473693848,-3.13195896148682,0.0452566184103489,5.75597077840939e-05,-0.0989012718200684,70
738505.48715923842974007130,60.2323799133301,-2.82473421096802,9.30814838409424,0.106517165899277,-0.00392156839370728,42.4948387145996,-71.5572967529297,1204.71923828125,1082.34509277344,-2.04222822189331,0.531941950321198,108.535461425781,61.0127868652344,-3.19938278198242,0.020377229899168,9.20739912544377e-05,-0.0995455458760262,70
738505.48716142610646784306,60.295093536377,-2.7383074760437,9.31252002716064,0.106517165899277,-0.00392156839370728,42.4948234558105,-71.5571594238281,1204.1201171875,1081.97119140625,-1.95291090011597,0.4441257417202,108.667602539062,61.0714302062988,-3.23395204544067,0.00124226254411042,0.000250949029577896,-0.100155234336853,70
738505.48716362263076007366,60.3563842773438,-2.6449077129364,9.31358623504639,0.106517165899277,-0.00392156839370728,42.4948081970215,-71.5570220947266,1203.52209472656,1081.60485839844,-1.85992574691772,0.354052245616913,108.79948425293,61.1279945373535,-3.24300479888916,-0.0151561424136162,0.000561982160434127,-0.100778847932816,70
738505.48716582765337079763,60.4133758544922,-2.54927182197571,9.31127738952637,0.106517165899277,-0.00392156839370728,42.4947929382324,-71.556884765625,1202.95288085938,1081.26330566406,-1.76707124710083,0.265806615352631,108.924201965332,61.1798553466797,-3.2295355796814,-0.0303118750452995,0.00102692050859332,-0.10138975828886,70
738505.48716803360730409622,60.4679908752441,-2.44879841804504,9.30558395385742,0.106517165899277,-0.00392156839370728,42.4947776794434,-71.5567398071289,1202.39367675781,1080.935546875,-1.67111968994141,0.178950786590576,109.045707702637,61.2288208007812,-3.19680857658386,-0.0466048419475555,0.00167064426932484,-0.102006584405899,70
738505.48717023257631808519,60.5190582275391,-2.34565448760986,9.29665851593018,0.106517165899277,-0.00392156839370728,42.4947624206543,-71.5566024780273,1201.85583496094,1080.62866210938,-1.57395839691162,0.103380665183067,109.161186218262,61.2738647460938,-3.14843368530273,-0.0610589124262333,0.00249273981899023,-0.102626696228981,70
738505.48717249266337603331,60.569450378418,-2.23212814331055,9.2841968536377,0.106517165899277,-0.00392156839370728,42.4947471618652,-71.5564498901367,1201.30859375,1080.32604980469,-1.47471690177917,0.038798239082098,109.277191162109,61.3175086975098,-3.08309555053711,-0.0793988555669785,0.00356534752063453,-0.10328708589077,70
738505.48717483924701809883,60.6164207458496,-2.12472867965698,9.26995468139648,0.106517165899277,-0.00392156839370728,42.4947319030762,-71.5563049316406,1200.78771972656,1080.04858398438,-1.44586169719696,0.0424866937100887,109.385604858398,61.3579444885254,-3.00652194023132,-0.101678669452667,0.00484632607549429,-0.103943735361099,70
738505.48717706347815692425,60.6591720581055,-2.03140592575073,9.25512599945068,0.0891171619296074,-0.00392156839370728,42.4947166442871,-71.5561599731445,1200.30554199219,1079.80053710938,-1.43144142627716,0.0138882398605347,109.483467102051,61.3947830200195,-2.92517304420471,-0.0943786948919296,0.00627470621839166,-0.104565612971783,70
738505.48717929271515458822,60.7018852233887,-1.96179020404816,9.23855781555176,0.0603294037282467,-0.00392156839370728,42.494701385498,-71.5560150146484,1199.83532714844,1079.56713867188,-1.55564892292023,-0.0801433026790619,109.576713562012,61.4322280883789,-2.83839845657349,-0.113779149949551,0.00790051743388176,-0.105190351605415,70
738505.48718156793620437384,60.7476844787598,-1.95849204063416,9.21869850158691,0.0541361197829247,-0.00392156839370728,42.494686126709,-71.5558700561523,1199.36206054688,1079.33605957031,-1.74343180656433,-0.174967378377914,109.667488098145,61.4743957519531,-2.7501392364502,-0.136429473757744,0.00971711985766888,-0.105827525258064,70
738505.48718382988590747118,60.7940063476562,-1.98292875289917,9.19672870635986,0.0541361197829247,-0.00392156839370728,42.4946708679199,-71.5557250976562,1198.8994140625,1079.10876464844,-1.81697595119476,-0.25387242436409,109.752418518066,61.5176620483398,-2.67374777793884,-0.137287735939026,0.0115516325458884,-0.106441505253315,70
738505.48718604166060686111,60.8404350280762,-2.01193118095398,9.17236518859863,0.0541361197829247,-0.00392156839370728,42.4946556091309,-71.5555877685547,1198.43688964844,1078.87927246094,-1.8173416852951,-0.351761549711227,109.834625244141,61.5608558654785,-2.61275839805603,-0.127233579754829,0.0133751966059208,-0.107038110494614,70
738505.48718827543780207634,60.8869209289551,-2.01658892631531,9.14462852478027,0.0541361197829247,-0.00392156839370728,42.4946403503418,-71.5554428100586,1197.96899414062,1078.64587402344,-1.77480566501617,-0.48157462477684,109.916152954102,61.6028251647949,-2.56709051132202,-0.129654705524445,0.0151901161298156,-0.107630670070648,70
738505.48719053750392049551,60.9357566833496,-2.01017880439758,9.11083126068115,0.0541361197829247,-0.00392156839370728,42.4946250915527,-71.5552978515625,1197.47302246094,1078.39916992188,-1.74158215522766,-0.618902325630188,110.001762390137,61.645881652832,-2.53223824501038,-0.147585719823837,0.0171044394373894,-0.108261674642563,70
738505.48719277128111571074,60.9804763793945,-1.99672281742096,9.07534885406494,0.0541361197829247,-0.00392156839370728,42.4946098327637,-71.5551528930664,1197.01611328125,1078.17333984375,-1.71470201015472,-0.745642304420471,110.079689025879,61.6844177246094,-2.50852298736572,-0.169900551438332,0.0188812054693699,-0.108840890228748,70
738505.48719494871329516172,61.0257835388184,-1.97771120071411,9.03472137451172,0.0541361197829247,-0.00392156839370728,42.4945945739746,-71.5550155639648,1196.55114746094,1077.94555664062,-1.68882513046265,-0.875236749649048,110.158470153809,61.7226371765137,-2.48914694786072,-0.194450944662094,0.0207210220396519,-0.109426647424698,70
738505.48719726002309471369,61.0714378356934,-1.95422577857971,8.98873805999756,0.0541361197829247,-0.00392156839370728,42.4945793151855,-71.5548706054688,1196.08056640625,1077.537109375,-1.66276454925537,-1.00725853443146,110.23754119873,61.7603187561035,-2.47175455093384,-0.219499215483665,0.0226311683654785,-0.110015511512756,70
738505.48719953512772917747,61.1167793273926,-1.92729294300079,8.93774700164795,0.0541361197829247,-0.00392156839370728,42.4945640563965,-71.5547180175781,1195.61145019531,1076.64038085938,-1.63602209091187,-1.140132188797,110.315612792969,61.7969131469727,-2.45466470718384,-0.243996620178223,0.0245994180440903,-0.110593639314175,70
738505.48720178066287189722,61.1611328125,-1.89788162708282,8.88241863250732,0.0541361197829247,-0.00392156839370728,42.4945487976074,-71.554573059082,1195.15063476562,1075.7548828125,-1.60853064060211,-1.27202451229095,110.391395568848,61.8318977355957,-2.43681788444519,-0.267372518777847,0.0266058128327131,-0.111154645681381,70
738505.48720397683791816235,61.2036285400391,-1.86738383769989,8.82414627075195,0.0541361197829247,-0.00392156839370728,42.4945335388184,-71.5544281005859,1194.70715332031,1074.89758300781,-1.58048856258392,-1.39398801326752,110.463340759277,61.8646621704102,-2.41786360740662,-0.292173236608505,0.0286156591027975,-0.111681088805199,70
738505.48720624565612524748,61.2463073730469,-1.84396362304688,8.76531028747559,0.0541361197829247,-0.00392156839370728,42.4945182800293,-71.5542831420898,1194.2587890625,1074.02612304688,-1.55324101448059,-1.19312787055969,110.534942626953,61.8978271484375,-2.39662313461304,-0.389605402946472,0.0307298395782709,-0.112205661833286,70
738505.48720848571974784136,61.2853584289551,-1.81462442874908,8.71475601196289,0.0541361197829247,-0.00392156839370728,42.4945068359375,-71.5541458129883,1193.82739257812,1073.1845703125,-1.52763986587524,-0.702749848365784,110.602546691895,61.9284706115723,-2.37478518486023,-0.350772172212601,0.0328403599560261,-0.112694956362247,70
738505.48721064883284270763,61.320972442627,-1.78312945365906,8.67448329925537,0.0541361197829247,-0.00392156839370728,42.4944915771484,-71.5540008544922,1193.40991210938,1073.72265625,-1.50539267063141,-0.587845027446747,110.666862487793,61.957145690918,-2.35215592384338,-0.235864371061325,0.0349650010466576,-0.113156504929066,70
738505.48721286596264690161,61.3565254211426,-1.75118863582611,8.63514137268066,0.0541361197829247,-0.00392156839370728,42.4944763183594,-71.5538558959961,1192.98046875,1075.66906738281,-1.49042439460754,-0.686984419822693,110.731948852539,61.9859313964844,-2.32700872421265,-0.202853679656982,0.0372423008084297,-0.113618396222591,70
738505.48721509741153568029,61.3899688720703,-1.72290599346161,8.59561920166016,0.0541361197829247,-0.00392156839370728,42.4944648742676,-71.5537185668945,1192.5751953125,1077.53820800781,-1.4747565984726,-0.73146116733551,110.792091369629,62.012752532959,-2.30167078971863,-0.203796178102493,0.0394819602370262,-0.114048287272453,70
738505.48721733386628329754,61.4242973327637,-1.69364392757416,8.55157375335693,0.0541361197829247,-0.00392156839370728,42.4944496154785,-71.5535736083984,1192.15234375,1079.52282714844,-1.44597864151001,-0.816779136657715,110.853691101074,62.0398445129395,-2.27386522293091,-0.186131536960602,0.041911531239748,-0.11448410153389,70
738505.48721958498936146498,61.4570121765137,-1.65791845321655,8.50513362884521,0.0541361197829247,-0.00392156839370728,42.4944343566895,-71.5534210205078,1191.74145507812,1080.44995117188,-1.40023839473724,-0.947562992572784,110.912322998047,62.0648880004883,-2.24576997756958,-0.192602306604385,0.0443697683513165,-0.114889353513718,70
738505.48722174426075071096,61.487922668457,-1.61881339550018,8.45567989349365,0.0541361197829247,-0.00392156839370728,42.4944229125977,-71.5532836914062,1191.34716796875,1080.78759765625,-1.35772323608398,-1.07567346096039,110.96745300293,62.0877113342285,-2.21727681159973,-0.209800153970718,0.0468360930681229,-0.115271396934986,70
738505.48722396709490567446,61.5172958374023,-1.57759487628937,8.40293598175049,0.0541361197829247,-0.00392156839370728,42.4944076538086,-71.5531387329102,1190.96667480469,1081.12707519531,-1.31654191017151,-1.20147848129272,111.019538879395,62.1085815429688,-2.18770480155945,-0.231690376996994,0.0493330843746662,-0.115628741681576,70
738505.48722615279257297516,61.5460052490234,-1.5337370634079,8.34523010253906,0.0541361197829247,-0.00392156839370728,42.4943923950195,-71.5530014038086,1190.58874511719,1081.47924804688,-1.27489054203033,-1.3289076089859,111.070091247559,62.1281394958496,-2.15576362609863,-0.255943357944489,0.0519418269395828,-0.115979164838791,70
738505.48722856072708964348,61.5758476257324,-1.48449671268463,8.27793598175049,0.0541361197829247,-0.00392156839370728,42.4943809509277,-71.552848815918,1190.18920898438,1081.86926269531,-1.22955930233002,-1.46672523021698,111.122215270996,62.1475067138672,-2.11868238449097,-0.282619178295135,0.0548579134047031,-0.116332545876503,70
738505.48723077843897044659,61.6029472351074,-1.4364470243454,8.20937728881836,0.0541361197829247,-0.00392156839370728,42.4943656921387,-71.5526962280273,1189.81945800781,1081.87768554688,-1.18613958358765,-1.59734642505646,111.168754577637,62.1641387939453,-2.08127379417419,-0.307656437158585,0.0577180944383144,-0.116644524037838,70
738505.48723303643055260181,61.6289482116699,-1.38714170455933,8.13588714599609,0.0541361197829247,-0.00392156839370728,42.4943504333496,-71.5525512695312,1189.45751953125,1081.814453125,-1.14206850528717,-1.72849607467651,111.212715148926,62.179126739502,-2.04149508476257,-0.332195401191711,0.0606847181916237,-0.116939723491669,70
738505.48723519337363541126,61.6522407531738,-1.34007346630096,8.06261348724365,0.0541361197829247,-0.00392156839370728,42.4943389892578,-71.5524139404297,1189.12634277344,1081.763671875,-1.10025680065155,-1.85162389278412,111.251289367676,62.1916427612305,-2.0023775100708,-0.354511916637421,0.063559502363205,-0.117195636034012,70
738505.48723738151602447033,61.6752395629883,-1.2906266450882,7.982262134552,0.0541361197829247,-0.00392156839370728,42.494327545166,-71.5522689819336,1188.7919921875,1081.71997070312,-1.05649471282959,-1.97931551933289,111.288627624512,62.2030334472656,-1.96001434326172,-0.37696161866188,0.0666337013244629,-0.117445915937424,70
738505.48723962367512285709,61.697078704834,-1.2405731678009,7.89732027053833,0.0541361197829247,-0.00392156839370728,42.494312286377,-71.5521240234375,1188.46643066406,1081.56457519531,-1.01236546039581,-2.1072473526001,111.323181152344,62.2128295898438,-1.91601729393005,-0.398861676454544,0.0698089599609375,-0.11766941845417,70
738505.48724195675458759069,61.7187614440918,-1.18405616283417,7.80366516113281,0.0541361197829247,-0.00392156839370728,42.4943008422852,-71.5519790649414,1188.13610839844,1081.390625,-0.980591952800751,-2.23365092277527,111.356239318848,62.2214164733887,-1.86845219135284,-0.425092816352844,0.0732362866401672,-0.117876760661602,70
738505.48724418343044817448,61.73974609375,-1.1495988368988,7.71131181716919,0.0541361197829247,-0.00392156839370728,42.4942855834961,-71.5518264770508,1187.82690429688,1081.23217773438,-1.03564500808716,-2.26381516456604,111.385177612305,62.2300720214844,-1.82119941711426,-0.477295875549316,0.0766483396291733,-0.118050321936607,70
738505.48724635737016797066,61.7602767944336,-1.14026069641113,7.62415361404419,0.0541361197829247,-0.00392156839370728,42.4942741394043,-71.5516891479492,1187.52600097656,1081.0791015625,-1.02776801586151,-1.95213305950165,111.411270141602,62.2395362854004,-1.77587282657623,-0.519210278987885,0.0800771862268448,-0.118189662694931,70
738505.48724862479139119387,61.7786865234375,-1.11961507797241,7.54509592056274,0.0541361197829247,-0.00392156839370728,42.4942626953125,-71.5515441894531,1187.22692871094,1080.92846679688,-0.998321831226349,-1.55471360683441,111.435508728027,62.2477951049805,-1.73419058322906,-0.482182562351227,0.0835723727941513,-0.118301749229431,70
738505.48725093621760606766,61.7951011657715,-1.09485054016113,7.47507572174072,0.0541361197829247,-0.00392156839370728,42.4942512512207,-71.5513916015625,1186.92309570312,1080.77734375,-0.966286540031433,-1.20643889904022,111.458587646484,62.255199432373,-1.69535791873932,-0.409619003534317,0.0872238576412201,-0.118382334709167,70
738505.48725316021591424942,61.809700012207,-1.07351076602936,7.41695308685303,0.0541361197829247,0.00891603156924248,42.4942359924316,-71.5512466430664,1186.61804199219,1080.6279296875,-0.937635838985443,-0.756480634212494,111.480270385742,62.2623672485352,-1.65934991836548,-0.382796049118042,0.0910000205039978,-0.118430331349373,70
738505.48725536023266613483,61.8209075927734,-1.05337846279144,7.37661933898926,0.0541361197829247,0.011561430990696,42.4942245483398,-71.5511016845703,1186.33203125,1080.48962402344,-0.903328239917755,-0.146895542740822,111.499153137207,62.2683601379395,-1.62824606895447,-0.282469302415848,0.0946309566497803,-0.118441991508007,70
738505.48725762427784502506,61.828540802002,-1.02239143848419,7.35169982910156,0.0541361197829247,0.011561430990696,42.494213104248,-71.5509567260742,1186.05017089844,1080.35559082031,-0.831150710582733,0.185055926442146,111.516502380371,62.2724761962891,-1.59942722320557,-0.174273416399956,0.098315104842186,-0.118429161608219,70
738505.48725999263115227222,61.8335037231445,-0.979160308837891,7.33743858337402,0.0541361197829247,0.011561430990696,42.4942016601562,-71.5508041381836,1185.75415039062,1080.21911621094,-0.761211454868317,0.534455120563507,111.533241271973,62.2750244140625,-1.56911087036133,-0.0920120105147362,0.102349691092968,-0.118380606174469,70
738505.48726231942418962717,61.8351058959961,-0.932532548904419,7.33547163009644,0.0541361197829247,0.011561430990696,42.4941864013672,-71.550651550293,1185.47570800781,1080.11254882812,-0.698073029518127,0.873563349246979,111.547340393066,62.2756690979004,-1.5386255979538,-0.0234785564243793,0.106343738734722,-0.118316136300564,70
738505.48726460931356996298,61.8335990905762,-0.883562862873077,7.34507703781128,0.0541361197829247,0.011561430990696,42.4941749572754,-71.5504989624023,1185.20874023438,1080.4990234375,-0.638499617576599,1.21041548252106,111.559028625488,62.2745933532715,-1.50604975223541,0.0378667749464512,0.11039873957634,-0.118224687874317,70
738505.48726679407991468906,61.8292465209961,-0.832250893115997,7.3645076751709,0.0541361197829247,0.011561430990696,42.4941635131836,-71.5503540039062,1184.95983886719,1080.88317871094,-0.589012801647186,1.48172307014465,111.568016052246,62.271858215332,-1.47181332111359,0.112444184720516,0.114414401352406,-0.118112578988075,70
738505.48726905812509357929,61.8234519958496,-0.786608099937439,7.38869380950928,0.0541361197829247,0.011561430990696,42.4941520690918,-71.5502090454102,1184.72143554688,1081.27612304688,-0.603324830532074,1.41264462471008,111.574584960938,62.2683753967285,-1.43468511104584,0.174975633621216,0.118510365486145,-0.11798319965601,70
738505.48727137304376810789,61.8174896240234,-0.755013704299927,7.41251039505005,0.0541361197829247,0.011561430990696,42.494140625,-71.5500640869141,1184.48156738281,1081.69152832031,-0.614837408065796,1.31072628498077,111.579147338867,62.2648963928223,-1.39394187927246,0.179469600319862,0.122853234410286,-0.117846891283989,70
738505.48727396340109407902,61.8111572265625,-0.73188728094101,7.43719387054443,0.0541361197829247,0.011561430990696,42.4941253662109,-71.5498962402344,1184.22033691406,1082.16052246094,-0.615800678730011,1.30927431583405,111.581939697266,62.2612762451172,-1.34856200218201,0.148057699203491,0.12778152525425,-0.117690622806549,70
738505.48727620556019246578,61.8049201965332,-0.717575371265411,7.46195936203003,0.0541361197829247,0.00911643076688051,42.4941139221191,-71.5497436523438,1183.98852539062,1082.5869140625,-0.591485202312469,1.50989961624146,111.582763671875,62.2578811645508,-1.31045842170715,0.122422225773335,0.132284060120583,-0.117551378905773,70
738505.48727850569412112236,61.7972679138184,-0.695582270622253,7.48952674865723,0.0541361197829247,0.00113343144766986,42.4940986633301,-71.5495986938477,1183.76538085938,1083.00817871094,-0.560592174530029,1.54043936729431,111.582275390625,62.253345489502,-1.27660286426544,0.176610469818115,0.136732384562492,-0.117414385080338,70
738505.48728073108941316605,61.7885360717773,-0.670502662658691,7.51810312271118,0.0541361197829247,0.00113343144766986,42.4940872192383,-71.549446105957,1183.54614257812,1083.43615722656,-0.531396746635437,1.46635973453522,111.580474853516,62.2478485107422,-1.24543118476868,0.176862955093384,0.141243278980255,-0.11727587133646,70
738505.48728289850987493992,61.7797470092773,-0.645144104957581,7.5428638458252,0.0541361197829247,0.00113343144766986,42.4940757751465,-71.5493087768555,1183.3427734375,1083.84765625,-0.505074977874756,1.37390458583832,111.577598571777,62.2418518066406,-1.21764767169952,0.17776745557785,0.145571485161781,-0.117141477763653,70
738505.48728522099554538727,61.7704124450684,-0.621152758598328,7.56388759613037,0.0541361197829247,0.00113343144766986,42.4940643310547,-71.5491561889648,1183.13171386719,1084.29040527344,-0.477754324674606,1.10868620872498,111.573173522949,62.2348937988281,-1.18919861316681,0.196206286549568,0.150222763419151,-0.11699803173542,70
738505.48728748888242989779,61.7621917724609,-0.596869349479675,7.57098627090454,0.0541361197829247,0.00113343144766986,42.4940490722656,-71.5490112304688,1182.92346191406,1084.7412109375,-0.46029058098793,0.364676654338837,111.567398071289,62.2273597717285,-1.16160202026367,0.185062929987907,0.154964357614517,-0.116856530308723,70
738505.48728968796785920858,61.7560005187988,-0.567998945713043,7.56008863449097,0.0541361197829247,0.00113343144766986,42.4940376281738,-71.5488662719727,1182.73132324219,1085.17456054688,-0.470497757196426,-0.153936356306076,111.560821533203,62.2196197509766,-1.13604950904846,0.0329177901148796,0.159513920545578,-0.116725489497185,70
738505.48729190044105052948,61.7515144348145,-0.554229855537415,7.53683567047119,0.0541361197829247,0.00113343144766986,42.494026184082,-71.5487213134766,1182.53759765625,1085.6240234375,-0.505880773067474,-0.215573623776436,111.553047180176,62.2122230529785,-1.10994696617126,-0.0995967537164688,0.164247274398804,-0.116594329476357,70
738505.48729414760600775480,61.7474555969238,-0.546914458274841,7.51142263412476,0.0541361197829247,0.00113343144766986,42.4940147399902,-71.5485763549805,1182.35095214844,1085.31689453125,-0.514412045478821,-0.188939347863197,111.544647216797,62.2050552368164,-1.08587729930878,-0.147582933306694,0.168894529342651,-0.116476871073246,70
738505.48729635099880397320,61.7433547973633,-0.539757013320923,7.48554611206055,0.0541361197829247,0.00113343144766986,42.4939994812012,-71.5484313964844,1182.15979003906,1084.87939453125,-0.530741930007935,-0.139849156141281,111.53524017334,62.1978034973145,-1.06343019008636,-0.168025940656662,0.173716068267822,-0.116357445716858,70
738505.48729860945604741573,61.7400550842285,-0.540796637535095,7.46154642105103,0.0541361197829247,0.00113343144766986,42.4939880371094,-71.5482864379883,1181.97619628906,1084.45788574219,-0.579992532730103,-0.0948486626148224,111.52564239502,62.191650390625,-1.04452669620514,-0.170889720320702,0.178383678197861,-0.116248227655888,70
738505.48730087501462548971,61.7387809753418,-0.562274873256683,7.43728160858154,0.0541361197829247,0.00113343144766986,42.4939765930176,-71.5481414794922,1181.78100585938,1085.16772460938,-0.714648604393005,-0.0673445239663124,111.51522064209,62.187671661377,-1.02811062335968,-0.168852940201759,0.183320418000221,-0.116122640669346,70
738505.48730319202877581120,61.7407150268555,-0.61677497625351,7.41414642333984,0.0541361197829247,0.00113343144766986,42.4939651489258,-71.5479888916016,1181.57739257812,1086.41247558594,-0.823240578174591,-0.030133156105876,111.505310058594,62.1873435974121,-1.01799488067627,-0.160177275538445,0.18823353946209,-0.115988321602345,70
738505.48730539996176958084,61.7447853088379,-0.681322038173676,7.39484167098999,0.0541361197829247,0.00113343144766986,42.4939498901367,-71.5478439331055,1181.36608886719,1087.61730957031,-0.880391299724579,0.164371877908707,111.496971130371,62.1897583007812,-1.01775085926056,-0.164451390504837,0.192977145314217,-0.115853980183601,70
738505.48730762442573904991,61.7495193481445,-0.738499641418457,7.38168144226074,0.0541361197829247,0.00113343144766986,42.4939384460449,-71.5476989746094,1181.14465332031,1088.80236816406,-0.927582025527954,0.423960745334625,111.490699768066,62.1935501098633,-1.02839863300323,-0.129674926400185,0.197598904371262,-0.115716271102428,70
738505.48730983783025294542,61.7548217773438,-0.794728696346283,7.37637805938721,0.0541361197829247,0.00113343144766986,42.4939270019531,-71.5475540161133,1180.91723632812,1089.00476074219,-0.975870072841644,0.673842310905457,111.486885070801,62.1988792419434,-1.04841423034668,-0.0864790752530098,0.202030137181282,-0.115579731762409,70
738505.48731209943071007729,61.7610397338867,-0.853079199790955,7.37866687774658,0.0541361197829247,0.00113343144766986,42.4939155578613,-71.5474090576172,1180.66809082031,1088.49499511719,-1.0215550661087,0.913123548030853,111.485542297363,62.2060966491699,-1.07802700996399,-0.0379587560892105,0.206561505794525,-0.115437485277653,70
738505.48731443961150944233,61.7680015563965,-0.91044145822525,7.3887825012207,0.0541361197829247,0.00113343144766986,42.4939041137695,-71.5472564697266,1180.40563964844,1087.96997070312,-1.0675733089447,1.14864242076874,111.487167358398,62.2150230407715,-1.11501085758209,0.00833150651305914,0.211017340421677,-0.115295454859734,70
738505.48731668514665216208,61.7754249572754,-0.967072248458862,7.40592479705811,0.0541361197829247,0.00113343144766986,42.4938888549805,-71.5471115112305,1180.13659667969,1087.44311523438,-1.10585689544678,1.36219155788422,111.49169921875,62.225284576416,-1.15664899349213,0.0597754493355751,0.215293318033218,-0.115157440304756,70
738505.48731884313747286797,61.7824211120605,-1.01254141330719,7.42766809463501,0.0541361197829247,0.00113343144766986,42.4938774108887,-71.5469665527344,1179.86743164062,1086.92553710938,-1.08342385292053,1.44095087051392,111.498847961426,62.2355422973633,-1.20046985149384,0.115058571100235,0.219313949346542,-0.115022167563438,70
738505.48732110450509935617,61.7892951965332,-1.04155492782593,7.45404529571533,0.0541361197829247,0.00113343144766986,42.4938659667969,-71.5468215942383,1179.57934570312,1086.3779296875,-1.06768226623535,1.50249826908112,111.50895690918,62.2459983825684,-1.24806571006775,0.139783456921577,0.223427295684814,-0.114868715405464,70
738505.48732337972614914179,61.795825958252,-1.06093072891235,7.48234415054321,0.0541361197829247,0.00113343144766986,42.4938545227051,-71.5466766357422,1179.2919921875,1085.83618164062,-1.06765651702881,1.55668675899506,111.521133422852,62.2562026977539,-1.29352259635925,0.153899043798447,0.22739876806736,-0.114720955491066,70
738505.48732571420259773731,61.8031845092773,-1.07179200649261,7.51416730880737,0.0541361197829247,0.00113343144766986,42.493839263916,-71.5465240478516,1178.98803710938,1085.26586914062,-1.14243006706238,1.59774482250214,111.535858154297,62.2675285339355,-1.33749806880951,0.159442290663719,0.231508806347847,-0.114567711949348,70
738505.48732792271766811609,61.8142852783203,-1.108482837677,7.54576015472412,0.0541361197829247,0.00113343144766986,42.4938278198242,-71.5463790893555,1178.69543457031,1084.72009277344,-1.4708936214447,1.64747405052185,111.551605224609,62.2830085754395,-1.37452220916748,0.13761904835701,0.235386118292809,-0.114427074790001,70
738505.48733018373604863882,61.834774017334,-1.24443221092224,7.57697534561157,0.0541361197829247,0.00113343144766986,42.4938163757324,-71.5462341308594,1178.38696289062,1084.15979003906,-2.05222153663635,1.7215473651886,111.56974029541,62.309700012207,-1.41048431396484,0.108065910637379,0.239188894629478,-0.114286862313747,70
738505.48733249225188046694,61.8636856079102,-1.49512851238251,7.60887098312378,0.0541361197829247,0.00113343144766986,42.4938049316406,-71.5460815429688,1178.0244140625,1084.02270507812,-2.67698264122009,1.80341017246246,111.59285736084,62.3477821350098,-1.45989120006561,0.107661932706833,0.242975488305092,-0.114143826067448,70
738505.48733480647206306458,61.9030647277832,-1.80318510532379,7.64229011535645,0.0541361197829247,0.00113343144766986,42.4937896728516,-71.5459289550781,1177.60339355469,1084.76733398438,-3.19133281707764,1.8851592540741,111.62239074707,62.3990821838379,-1.5374618768692,0.138612538576126,0.246410802006721,-0.114003166556358,70
738505.48733706632629036903,61.9508819580078,-2.1300687789917,7.6770191192627,0.0541361197829247,0.00113343144766986,42.4937782287598,-71.545783996582,1177.13488769531,1085.42517089844,-3.62564611434937,1.96365749835968,111.659713745117,62.4610710144043,-1.64876353740692,0.172680258750916,0.24925409257412,-0.113865830004215,70
738505.48733935167547315359,62.0082588195801,-2.47756719589233,7.71506595611572,0.0541361197829247,0.00113343144766986,42.4937629699707,-71.5456390380859,1176.59375,1086.02551269531,-4.02684354782104,2.04286170005798,111.709335327148,62.5354690551758,-1.80167376995087,0.202036827802658,0.251571178436279,-0.113737262785435,70
738505.48734169441740959883,62.0772399902344,-2.84969162940979,7.7581000328064,0.0541361197829247,0.00113343144766986,42.4937515258789,-71.5454788208008,1175.95434570312,1086.57934570312,-4.41906118392944,2.1253707408905,111.776779174805,62.6250190734863,-2.0037624835968,0.225369900465012,0.253327220678329,-0.113619297742844,70
738505.48734400188550353050,62.1512222290039,-3.22701168060303,7.80228328704834,0.0541361197829247,0.00113343144766986,42.4937362670898,-71.5453338623047,1175.26135253906,1087.04272460938,-4.68124437332153,2.20309400558472,111.859115600586,62.7221145629883,-2.23591279983521,0.25009098649025,0.254338830709457,-0.113520227372646,70
738505.48734631016850471497,62.229133605957,-3.55232214927673,7.85073566436768,0.0541361197829247,0.00113343144766986,42.493724822998,-71.5451812744141,1174.49072265625,1086.69860839844,-4.5120849609375,2.21471619606018,111.961051940918,62.8229103088379,-2.50185871124268,0.318134874105453,0.254647344350815,-0.113428875803947,70
738505.48734855151269584894,62.3067893981934,-3.73362612724304,7.90493869781494,0.0541361197829247,0.00113343144766986,42.4937133789062,-71.5450286865234,1173.69506835938,1086.20886230469,-4.30072593688965,2.2240149974823,112.078643798828,62.9171180725098,-2.77841114997864,0.336450934410095,0.254322856664658,-0.113348804414272,70
738505.48735083488281816244,62.3871154785156,-3.85885763168335,7.96175098419189,0.0541361197829247,0.00113343144766986,42.4936981201172,-71.5448837280273,1172.87548828125,1085.92468261719,-4.19458866119385,2.2158305644989,112.210830688477,63.0113677978516,-3.05156517028809,0.332450926303864,0.25353929400444,-0.113275535404682,70
738505.48735313827637583017,62.4748382568359,-3.9541609287262,8.01902484893799,0.0541361197829247,0.00113343144766986,42.4936866760254,-71.5447311401367,1172.00012207031,1086.92700195312,-4.14979028701782,1.93836939334869,112.361213684082,63.1113739013672,-3.31869578361511,0.329139292240143,0.252370625734329,-0.113221667706966,70
738505.48735543549992144108,62.5634689331055,-4.0211968421936,8.06880474090576,0.0541361197829247,0.00113343144766986,42.4936714172363,-71.5445785522461,1171.12744140625,1085.34606933594,-4.13444757461548,1.65437793731689,112.517723083496,63.2096786499023,-3.55340886116028,0.281846940517426,0.250974953174591,-0.113191448152065,70
738505.48735770885832607746,62.6523208618164,-4.07293319702148,8.11294651031494,0.0541361197829247,0.00113343144766986,42.4936561584473,-71.54443359375,1170.25183105469,1083.76440429688,-4.14398193359375,1.58010911941528,112.679512023926,63.3065719604492,-3.75607514381409,0.190040498971939,0.249417081475258,-0.113171890377998,70
738505.48736001621000468731,62.7459411621094,-4.11709785461426,8.15709114074707,0.0541361197829247,0.00113343144766986,42.4936447143555,-71.5442733764648,1169.32153320312,1082.09094238281,-4.16358661651611,1.60047602653503,112.855255126953,63.4077415466309,-3.93756747245789,0.155989930033684,0.247641459107399,-0.113157816231251,70
738505.48736227012705057859,62.8366661071777,-4.16254186630249,8.19746589660645,0.0541361197829247,0.00113343144766986,42.4936294555664,-71.5441207885742,1168.41015625,1080.45703125,-4.16550016403198,1.50649130344391,113.029106140137,63.5056838989258,-4.08456611633301,0.20572754740715,0.245814457535744,-0.113154895603657,70
738505.48736451531294733286,62.923999786377,-4.17941188812256,8.23004531860352,0.0541361197829247,0.00113343144766986,42.4936180114746,-71.5439758300781,1167.53308105469,1078.88916015625,-4.0989351272583,0.959454655647278,113.19702911377,63.597412109375,-4.2020788192749,0.169646248221397,0.243988513946533,-0.113179884850979,70
738505.48736672312952578068,63.0127906799316,-4.17673206329346,8.25368881225586,0.0541361197829247,0.00113343144766986,42.4936027526855,-71.543830871582,1166.64135742188,1077.91394042969,-4.05741024017334,0.929440855979919,113.368942260742,63.6881484985352,-4.30061912536621,0.0832237675786018,0.242081642150879,-0.113220006227493,70
738505.48736897145863622427,63.1008224487305,-4.1528787612915,8.27596759796143,0.0541361197829247,0.00113343144766986,42.4935874938965,-71.5436782836914,1165.74450683594,1077.50830078125,-3.9921715259552,0.954539358615875,113.542556762695,63.7765769958496,-4.37923145294189,0.0589142665266991,0.240143939852715,-0.11326739192009,70
738505.48737116239499300718,63.1838645935059,-4.11761903762817,8.29788208007812,0.0541361197829247,0.00113343144766986,42.4935760498047,-71.5435333251953,1164.88366699219,1077.12280273438,-3.93386650085449,0.978718996047974,113.709091186523,63.8592987060547,-4.43577527999878,0.049066849052906,0.238293081521988,-0.113315246999264,70
738505.48737342387903481722,63.2687301635742,-4.07609939575195,8.31848335266113,0.0541361197829247,0.00113343144766986,42.4935607910156,-71.5433807373047,1163.98718261719,1076.72595214844,-3.84051752090454,0.79990291595459,113.882270812988,63.943286895752,-4.47582960128784,0.0946592465043068,0.236401349306107,-0.113368771970272,70
738505.48737575393170118332,63.3521194458008,-4.00684213638306,8.3364372253418,0.0541361197829247,0.00113343144766986,42.4935493469238,-71.5432281494141,1163.0966796875,1076.33862304688,-3.75239825248718,0.737423717975616,114.053565979004,64.0237579345703,-4.49770259857178,0.0321429595351219,0.234576284885406,-0.113446705043316,70
738505.48737799376249313354,63.4306411743164,-3.93249106407166,8.3514986038208,0.0541361197829247,0.00113343144766986,42.4935340881348,-71.543083190918,1162.23889160156,1075.97412109375,-3.67669582366943,0.75949501991272,114.217498779297,64.0988159179688,-4.50153017044067,0.0205078143626451,0.232900038361549,-0.113544553518295,70
738505.48738033149857074022,63.5077705383301,-3.85016822814941,8.36714553833008,0.0541361197829247,0.00113343144766986,42.4935188293457,-71.5429229736328,1161.37548828125,1075.40966796875,-3.59580421447754,0.78206479549408,114.381149291992,64.1721878051758,-4.48855304718018,0.0189320035278797,0.231319859623909,-0.113655090332031,70
738505.48738259531091898680,63.5795288085938,-3.7651162147522,8.38267421722412,0.0541361197829247,0.00113343144766986,42.4935035705566,-71.5427780151367,1160.55017089844,1074.73022460938,-3.51450300216675,0.803947985172272,114.535583496094,64.2401885986328,-4.46119928359985,0.02277353964746,0.229930952191353,-0.113766767084599,70
738505.48738481942564249039,63.6478996276855,-3.6756808757782,8.39856338500977,0.0541361197829247,0.00113343144766986,42.4934921264648,-71.5426254272461,1159.74072265625,1073.74987792969,-3.43053984642029,0.825736820697784,114.685073852539,64.3047561645508,-4.42103147506714,0.0290657579898834,0.22870197892189,-0.113880932331085,70
738505.48738714295905083418,63.714054107666,-3.58022570610046,8.41516399383545,0.0541361197829247,0.00113343144766986,42.4934768676758,-71.5424728393555,1158.93249511719,1072.6103515625,-3.34226846694946,0.846903324127197,114.832191467285,64.3670272827148,-4.36855554580688,0.0369569808244705,0.22762443125248,-0.113998599350452,70
738505.48738934216089546680,63.7754745483398,-3.49079728126526,8.42718696594238,0.0541361197829247,0.00113343144766986,42.4934616088867,-71.5423202514648,1158.15771484375,1072.24426269531,-3.21772527694702,0.562418460845947,114.970428466797,64.4244842529297,-4.30778074264526,0.112453959882259,0.226749524474144,-0.114112794399261,70
738505.48739160632248967886,63.8338623046875,-3.37288761138916,8.42911624908447,0.0541361197829247,0.00113343144766986,42.4934501647949,-71.5421676635742,1157.40771484375,1072.24621582031,-3.07550358772278,0.0836721062660217,115.101890563965,64.4762649536133,-4.23959970474243,0.0812214910984039,0.226063579320908,-0.114228464663029,70
738505.48739383462816476822,63.8890571594238,-3.24532699584961,8.42025089263916,0.0541361197829247,0.00113343144766986,42.4934349060059,-71.5420227050781,1156.68994140625,1072.27270507812,-2.98647403717041,-0.0517386272549629,115.225685119629,64.5232086181641,-4.16361713409424,-0.0374208502471447,0.225592911243439,-0.114342994987965,70
738505.48739622614812105894,63.9440879821777,-3.12204837799072,8.40612506866455,0.0541361197829247,0.00113343144766986,42.4934196472168,-71.541862487793,1155.94604492188,1072.32800292969,-2.91463565826416,-0.0138527899980545,115.351470947266,64.5697860717773,-4.0720043182373,-0.0846042111515999,0.225340142846107,-0.114465638995171,70
738505.48739857145119458437,63.9937438964844,-3.00600814819336,8.39249897003174,0.0541361197829247,0.00113343144766986,42.4934043884277,-71.5417022705078,1155.24377441406,1072.40637207031,-2.8314847946167,0.0232821218669415,115.466674804688,64.6116790771484,-3.97477054595947,-0.100724637508392,0.225346460938454,-0.114583387970924,70
738505.48740094481036067009,64.0409240722656,-2.88830041885376,8.37884998321533,0.0541361197829247,0.00113343144766986,42.4933929443359,-71.5415420532227,1154.54089355469,1072.29736328125,-2.73873281478882,0.0614519342780113,115.578323364258,64.6512756347656,-3.86815643310547,-0.101866126060486,0.22560840845108,-0.114704966545105,70
738505.48740331688895821571,64.0831832885742,-2.772705078125,8.36604022979736,0.0541361197829247,0.00113343144766986,42.4933776855469,-71.5413818359375,1153.873046875,1071.62719726562,-2.64385032653809,0.0989557206630707,115.680541992188,64.6864242553711,-3.75955963134766,-0.0953668281435966,0.226115897297859,-0.114824064075947,70
738505.48740562994498759508,64.1207275390625,-2.66192626953125,8.35474109649658,0.0541361197829247,0.00113343144766986,42.4933624267578,-71.5412292480469,1153.24108886719,1070.99291992188,-2.56328058242798,0.166612893342972,115.773445129395,64.7175064086914,-3.65083360671997,-0.0978462770581245,0.226851567625999,-0.114941149950027,70
738505.48740799562074244022,64.1543273925781,-2.55753445625305,8.34798812866211,0.0541361197829247,0.00113343144766986,42.4933471679688,-71.5410690307617,1152.62524414062,1070.375,-2.45800232887268,0.442669451236725,115.860061645508,64.745719909668,-3.54022121429443,-0.0979358032345772,0.227823555469513,-0.115060187876225,70
738505.48741037619765847921,64.1833724975586,-2.44048047065735,8.34825038909912,0.0541361197829247,0.00113343144766986,42.4933319091797,-71.5409088134766,1152.02136230469,1069.76892089844,-2.35404109954834,0.630865514278412,115.941184997559,64.7700119018555,-3.42737936973572,-0.051617719233036,0.229047700762749,-0.115179099142551,70
738505.48741265584249049425,64.2069854736328,-2.32785320281982,8.3543062210083,0.0541361197829247,0.00113343144766986,42.4933204650879,-71.5407485961914,1151.45812988281,1069.20336914062,-2.25583600997925,0.786771714687347,116.012962341309,64.7900466918945,-3.31762170791626,-0.0103095732629299,0.230466544628143,-0.115296147763729,70
738505.48741496005095541477,64.226432800293,-2.21517181396484,8.36420726776123,0.0541361197829247,0.00113343144766986,42.4933052062988,-71.5405960083008,1150.91625976562,1068.65930175781,-2.16714930534363,0.846751630306244,116.078155517578,64.8066482543945,-3.2070837020874,0.0278620813041925,0.232118681073189,-0.115414150059223,70
738505.48741727194283157587,64.2422027587891,-2.10498595237732,8.37629318237305,0.0541361197829247,0.00113343144766986,42.4932899475098,-71.5404357910156,1150.39306640625,1068.1337890625,-2.0765233039856,0.900336086750031,116.137084960938,64.8201675415039,-3.09534382820129,0.0484960116446018,0.234015241265297,-0.115533359348774,70
738505.48741956439334899187,64.2539978027344,-1.99783337116241,8.38984489440918,0.0541361197829247,0.00113343144766986,42.4932746887207,-71.540283203125,1149.90100097656,1067.56774902344,-1.98550200462341,0.952994585037231,116.188491821289,64.8302154541016,-2.98574542999268,0.0624231174588203,0.236101076006889,-0.115650482475758,70
738505.48742189130280166864,64.2624359130859,-1.88741993904114,8.40560054779053,0.0541361197829247,0.00113343144766986,42.4932632446289,-71.5401229858398,1149.41369628906,1066.81433105469,-1.88998627662659,1.00768184661865,116.235221862793,64.8373184204102,-2.87233257293701,0.0726780816912651,0.238492906093597,-0.115770503878593,70
738505.48742418165784329176,64.2669219970703,-1.78113996982574,8.42245197296143,0.0541361197829247,0.00113343144766986,42.4932479858398,-71.5399703979492,1148.96447753906,1066.10803222656,-1.7969526052475,1.06058931350708,116.274032592773,64.840934753418,-2.76343297958374,0.0801644176244736,0.241026163101196,-0.115886971354485,70
738505.48742650728672742844,64.2678298950195,-1.67183947563171,8.44147205352783,0.0541361197829247,0.00113343144766986,42.4932327270508,-71.5398101806641,1148.52319335938,1065.40173339844,-1.70059657096863,1.115229845047,116.307762145996,64.8414001464844,-2.65146398544312,0.0866932570934296,0.243865564465523,-0.116007581353188,70
738505.48742880765348672867,64.2652053833008,-1.56796526908875,8.46113300323486,0.0541361197829247,0.00113343144766986,42.4932174682617,-71.5396575927734,1148.12316894531,1064.74914550781,-1.60862052440643,1.16737759113312,116.333976745605,64.8387680053711,-2.54541563987732,0.092490591108799,0.246787488460541,-0.116121523082256,70
738505.48743121803272515535,64.2586822509766,-1.45722198486328,8.48380756378174,0.0541361197829247,0.00113343144766986,42.4932022094727,-71.5394897460938,1147.71752929688,1064.07312011719,-1.51027953624725,1.22323358058929,116.355743408203,64.8326797485352,-2.4321026802063,0.0986464992165565,0.250145733356476,-0.11624401807785,70
738505.48743354936596006155,64.2486572265625,-1.34964621067047,8.50756931304932,0.0541361197829247,0.00113343144766986,42.4931907653809,-71.5393371582031,1147.34350585938,1063.43530273438,-1.41454172134399,1.27776288986206,116.370704650879,64.8235397338867,-2.32208037376404,0.10471036285162,0.253655403852463,-0.116363026201725,70
738505.48743584053590893745,64.235237121582,-1.24391269683838,8.53263282775879,0.0541361197829247,0.00113343144766986,42.4931755065918,-71.539176940918,1146.99487304688,1062.82592773438,-1.32028377056122,1.33173775672913,116.379508972168,64.811408996582,-2.21371364593506,0.111084155738354,0.257351040840149,-0.116480953991413,70
738505.48743816860951483250,64.2176818847656,-1.13506233692169,8.56027698516846,0.0541361197829247,0.00113343144766986,42.4931602478027,-71.5390167236328,1146.65551757812,1062.21569824219,-1.22310829162598,1.38779616355896,116.382354736328,64.7956619262695,-2.10152721405029,0.11793427914381,0.261420041322708,-0.116613879799843,70
738505.48744052124675363302,64.1976013183594,-1.03252458572388,8.58811473846436,0.0541361197829247,0.00113343144766986,42.4931449890137,-71.5388565063477,1146.353515625,1061.65649414062,-1.13143742084503,1.44108903408051,116.379241943359,64.7777252197266,-1.99561977386475,0.124754972755909,0.265510976314545,-0.116747923195362,70
738505.48744292301125824451,64.1732177734375,-0.926616013050079,8.61878490447998,0.0541361197829247,0.00113343144766986,42.4931297302246,-71.5386962890625,1146.05969238281,1061.09399414062,-1.03662836551666,1.4965306520462,116.369987487793,64.7560348510742,-1.88540697097778,0.132115468382835,0.270010620355606,-0.116908587515354,70
738505.48744534014258533716,64.1449127197266,-0.820395946502686,8.65161037445068,0.0541361197829247,0.00113343144766986,42.4931144714355,-71.5385284423828,1145.78344726562,1060.544921875,-0.941396057605743,1.5524514913559,116.354377746582,64.7309265136719,-1.77412796020508,0.139836728572845,0.274819612503052,-0.117084890604019,70
738505.48744779278058558702,64.1124114990234,-0.713476300239563,8.68684577941895,0.0541361197829247,0.00113343144766986,42.4930992126465,-71.5383605957031,1145.52416992188,1060.00695800781,-0.845434546470642,1.60798513889313,116.332069396973,64.7021789550781,-1.66126143932343,0.147934168577194,0.279976308345795,-0.117268532514572,70
738505.48745021980721503496,64.0778579711914,-0.612062156200409,8.7219409942627,0.0541361197829247,0.00113343144766986,42.4930839538574,-71.538200378418,1145.29638671875,1059.51159667969,-0.753177344799042,1.63721299171448,116.304801940918,64.6716232299805,-1.55400454998016,0.158242583274841,0.285162001848221,-0.117448695003986,70
738505.48745260457508265972,64.0398635864258,-0.511312305927277,8.75798416137695,0.0541361197829247,0.00113343144766986,42.4930686950684,-71.5380401611328,1145.087890625,1058.81628417969,-0.659930109977722,1.65744686126709,116.271583557129,64.6379699707031,-1.44687390327454,0.165571838617325,0.290616422891617,-0.117645502090454,70
738505.48745490855071693659,64.0002517700195,-0.415354669094086,8.78952121734619,0.0541361197829247,0.00113343144766986,42.4930534362793,-71.5378799438477,1144.90454101562,1056.24450683594,-0.534668326377869,1.42516887187958,116.233947753906,64.6023254394531,-1.34425032138824,0.204460546374321,0.296125620603561,-0.117851540446281,70
738505.48745721590239554644,63.9593467712402,-0.308684170246124,8.81280326843262,0.0541361197829247,0.00113343144766986,42.4930381774902,-71.537727355957,1144.74865722656,1053.79187011719,-0.417122572660446,1.14888286590576,116.19278717041,64.5643768310547,-1.2464884519577,0.184933260083199,0.301622360944748,-0.118071712553501,70
738505.48745951056480407715,63.9146156311035,-0.192251831293106,8.82697010040283,0.0541361197829247,0.00113343144766986,42.4930229187012,-71.5375671386719,1144.60913085938,1051.26208496094,-0.313892692327499,0.834960162639618,116.14444732666,64.5215454101562,-1.14387261867523,0.138606652617455,0.307563424110413,-0.11831222474575,70
738505.48746171558741480112,63.8713302612305,-0.0862965136766434,8.83266544342041,0.0541361197829247,0.00113343144766986,42.4930076599121,-71.5374221801758,1144.49877929688,1048.88708496094,-0.308616042137146,0.711586356163025,116.093589782715,64.4792251586914,-1.04498291015625,0.0599707663059235,0.313414573669434,-0.118551559746265,70
738505.48746391385793685913,63.8308486938477,-0.0106724742799997,8.83362579345703,0.0376525335013866,0.00113343144766986,42.492992401123,-71.5372772216797,1144.408203125,1046.58801269531,-0.450074166059494,0.631523251533508,116.039413452148,64.4391937255859,-0.947278380393982,0.00502545759081841,0.319327414035797,-0.118795096874237,70
738505.48746615787968039513,63.7964134216309,-0.0111020803451538,8.83188915252686,0.00900133699178696,0.00113343144766986,42.492977142334,-71.5371246337891,1144.32250976562,1045.10412597656,-0.83608603477478,0.591076254844666,115.979553222656,64.4048538208008,-0.848934054374695,-0.05052200704813,0.325597316026688,-0.119050323963165,70
738505.48746842634864151478,63.7678909301758,-0.11664804071188,8.82761573791504,-0.00377239426597953,0.00113343144766986,42.4929618835449,-71.5369720458984,1144.22326660156,1043.64782714844,-1.2913990020752,0.553922414779663,115.915771484375,64.3761215209961,-0.761124193668365,-0.075185589492321,0.332095801830292,-0.119317285716534,70
738505.48747079505119472742,63.7453346252441,-0.296151876449585,8.81951332092285,-0.00377239426597953,0.00113343144766986,42.4929466247559,-71.5368118286133,1144.09069824219,1042.13720703125,-1.44176411628723,0.383016407489777,115.850646972656,64.3532409667969,-0.700620591640472,-0.0127231376245618,0.338603258132935,-0.119601413607597,70
738505.48747317516244947910,63.7240524291992,-0.417419940233231,8.80489253997803,-0.00377239426597953,0.00113343144766986,42.4929313659668,-71.5366516113281,1143.92517089844,1040.56750488281,-1.38808178901672,0.0376203581690788,115.786949157715,64.3308258056641,-0.678316056728363,0.0497286953032017,0.344996809959412,-0.119903288781643,70
738505.48747542244382202625,63.7074241638184,-0.49938952922821,8.78092670440674,-0.00377239426597953,0.00113343144766986,42.4929161071777,-71.5364990234375,1143.74877929688,1039.06323242188,-1.36510074138641,-0.472600519657135,115.730987548828,64.3116683959961,-0.688805222511292,-0.0156973004341125,0.350815176963806,-0.120193615555763,70
738505.48747771175112575293,63.694881439209,-0.576253831386566,8.74848461151123,-0.00377239426597953,0.00113343144766986,42.4929046630859,-71.5363464355469,1143.55773925781,1037.56579589844,-1.44757103919983,-0.483259111642838,115.679473876953,64.2954559326172,-0.720976054668427,-0.118488073348999,0.356458306312561,-0.120488613843918,70
738505.48748000769410282373,63.6844596862793,-0.658058047294617,8.71401977539062,-0.00377239426597953,0.00113343144766986,42.4928894042969,-71.5361938476562,1143.34533691406,1036.22180175781,-1.52948999404907,-0.458219170570374,115.631317138672,64.2812423706055,-0.769218385219574,-0.165228143334389,0.362081825733185,-0.12079606205225,70
738505.48748231027275323868,63.6766242980957,-0.742140293121338,8.68025875091553,-0.00377239426597953,0.00113343144766986,42.4928741455078,-71.5360412597656,1143.11828613281,1034.87231445312,-1.61166286468506,-0.432115614414215,115.588432312012,64.2698211669922,-0.827532887458801,-0.185944318771362,0.367491394281387,-0.121100082993507,70
738505.48748463788069784641,63.6711845397949,-0.829582810401917,8.64641952514648,-0.00377239426597953,0.00113343144766986,42.4928588867188,-71.5358810424805,1142.86889648438,1033.47619628906,-1.69381320476532,-0.405769646167755,115.549476623535,64.2609405517578,-0.894855082035065,-0.191184550523758,0.372844219207764,-0.121407464146614,70
738505.48748688620980829000,63.6684341430664,-0.912603497505188,8.61538219451904,-0.00377239426597953,0.00113343144766986,42.4928436279297,-71.5357360839844,1142.61877441406,1032.14953613281,-1.77012479305267,-0.381306678056717,115.517509460449,64.2551727294922,-0.963081240653992,-0.187953993678093,0.377707153558731,-0.121685437858105,70
738505.48748910787981003523,63.6679649353027,-0.999403476715088,8.58398818969727,-0.00377239426597953,0.00113343144766986,42.4928283691406,-71.5355834960938,1142.34216308594,1030.75476074219,-1.8488792181015,-0.356111913919449,115.488929748535,64.2518005371094,-1.03808510303497,-0.180562242865562,0.382591903209686,-0.121963530778885,70
738505.48749147518537938595,63.6699142456055,-1.08701682090759,8.55333614349365,-0.00377239426597953,0.00113343144766986,42.4928131103516,-71.5354232788086,1142.04650878906,1029.333984375,-1.92772710323334,-0.330915689468384,115.464958190918,64.2510604858398,-1.11672532558441,-0.171399712562561,0.387334257364273,-0.122238427400589,70
738505.48749385285191237926,63.6744194030762,-1.17699432373047,8.52290344238281,-0.00377239426597953,0.00113343144766986,42.4928016662598,-71.535270690918,1141.72509765625,1027.85705566406,-2.00828695297241,-0.305182427167892,115.445365905762,64.2530670166016,-1.19995510578156,-0.161742091178894,0.392019987106323,-0.122504346072674,70
738505.48749613424297422171,63.6812400817871,-1.26492023468018,8.49416065216064,-0.00377239426597953,0.00113343144766986,42.4927864074707,-71.5351104736328,1141.39270019531,1026.39379882812,-2.08673644065857,-0.280102729797363,115.431205749512,64.2576904296875,-1.28312885761261,-0.152838572859764,0.396427869796753,-0.122759506106377,70
738505.48749830666929483414,63.6897888183594,-1.34706854820251,8.46816730499268,-0.00377239426597953,0.00113343144766986,42.4927711486816,-71.5349655151367,1141.06530761719,1025.00561523438,-2.15987229347229,-0.256657332181931,115.422424316406,64.264404296875,-1.36213231086731,-0.145209088921547,0.400400519371033,-0.122998274862766,70
738505.48750061530154198408,63.7009468078613,-1.43290507793427,8.44186401367188,-0.00377239426597953,0.00113343144766986,42.4927558898926,-71.5348129272461,1140.70495605469,1023.53045654297,-2.23616933822632,-0.232078745961189,115.41780090332,64.2738571166992,-1.44618201255798,-0.138080924749374,0.404406994581223,-0.123245000839233,70
738505.48750283685512840748,63.7144393920898,-1.51897537708282,8.41633892059326,-0.00377239426597953,0.00113343144766986,42.4927444458008,-71.5346603393555,1140.32397460938,1022.06488037109,-2.312579870224,-0.207270428538322,115.417991638184,64.2858581542969,-1.53167927265167,-0.131624758243561,0.408280938863754,-0.123479530215263,70
738505.48750500404275953770,63.7290496826172,-1.59871876239777,8.39343070983887,-0.00377239426597953,0.00113343144766986,42.4927291870117,-71.5345153808594,1139.95275878906,1021.19281005859,-2.38329029083252,-0.184079363942146,115.422431945801,64.2992782592773,-1.61167621612549,-0.126073151826859,0.411744832992554,-0.123680859804153,70
738505.48750719183590263128,63.7457046508789,-1.67844903469086,8.37122535705566,-0.00377239426597953,0.00113343144766986,42.4927177429199,-71.5343704223633,1139.56311035156,1020.29681396484,-2.45391917228699,-0.160688489675522,115.431129455566,64.3149261474609,-1.69257593154907,-0.120889790356159,0.415090382099152,-0.1238704174757,70
738505.48750941990874707699,63.7648086547852,-1.75963497161865,8.34931945800781,-0.00377239426597953,0.00113343144766986,42.4927024841309,-71.5342178344727,1139.14624023438,1019.35797119141,-2.52576160430908,-0.136604398488998,115.444427490234,64.3331832885742,-1.77588415145874,-0.115917578339577,0.418377786874771,-0.124058112502098,70
738505.48751171666663140059,63.7864112854004,-1.84181451797485,8.32785987854004,-0.00377239426597953,0.00113343144766986,42.4926872253418,-71.534065246582,1138.70275878906,1018.37866210938,-2.59841156005859,-0.111907385289669,115.462593078613,64.3541107177734,-1.86109602451324,-0.111062288284302,0.421585232019424,-0.124244906008244,70
738505.48751391819678246975,63.8092308044434,-1.92027020454407,8.30803966522217,-0.00377239426597953,0.00113343144766986,42.49267578125,-71.5339202880859,1138.25769042969,1017.41375732422,-2.66769886016846,-0.0879881829023361,115.484413146973,64.37646484375,-1.94309329986572,-0.106488958001137,0.424534976482391,-0.124423146247864,70
738505.48751615209039300680,63.8340644836426,-1.99808442592621,8.28902149200439,-0.00377239426597953,0.00113343144766986,42.4926605224609,-71.5337677001953,1137.79406738281,1016.42572021484,-2.73633599281311,-0.063917338848114,115.510597229004,64.400993347168,-2.02518224716187,-0.102059900760651,0.427354335784912,-0.124594144523144,70
738505.48751831019762903452,63.8597526550293,-2.07199144363403,8.27155113220215,-0.00377239426597953,0.00113343144766986,42.4926490783691,-71.5336227416992,1137.33190917969,1015.45617675781,-2.80144858360291,-0.0406610071659088,115.539772033691,64.4265441894531,-2.10372567176819,-0.0978130251169205,0.429933488368988,-0.124737620353699,70
738505.48752057354431599379,63.8878707885742,-2.14666557312012,8.25449085235596,-0.00377239426597953,0.00113343144766986,42.4926338195801,-71.5334701538086,1136.84191894531,1014.44317626953,-2.86714935302734,-0.0167014040052891,115.57373046875,64.4546737670898,-2.18385219573975,-0.093433178961277,0.432443141937256,-0.12487106025219,70
738505.48752272222191095352,63.9172592163086,-2.21891283988953,8.23856353759766,-0.00377239426597953,0.00113343144766986,42.4926223754883,-71.5333251953125,1136.34411621094,1013.67083740234,-2.93063259124756,0.00696704722940922,115.611030578613,64.4842071533203,-2.26199316978455,-0.0891850143671036,0.434778422117233,-0.124992929399014,70
738505.48752494435757398605,63.9476318359375,-2.28834509849548,8.22380542755127,-0.00377239426597953,0.00113343144766986,42.4926071166992,-71.5331802368164,1135.84204101562,1013.37261962891,-2.99154853820801,0.0302272140979767,115.651229858398,64.5148620605469,-2.33770275115967,-0.0849802568554878,0.436936378479004,-0.12510958313942,70
738505.48752707312814891338,63.9804000854492,-2.35814666748047,8.20952415466309,-0.00377239426597953,0.00113343144766986,42.4925956726074,-71.5330276489258,1135.31176757812,1013.05212402344,-3.0526967048645,0.0541435517370701,115.696228027344,64.5480346679688,-2.41456127166748,-0.0807422176003456,0.439020395278931,-0.125226512551308,70
738505.48752924916334450245,64.0137176513672,-2.42442965507507,8.19650077819824,-0.00377239426597953,0.00113343144766986,42.4925804138184,-71.5328826904297,1134.78259277344,1012.72717285156,-3.1106584072113,0.0774416849017143,115.74341583252,64.5818557739258,-2.48813414573669,-0.0766457468271255,0.440918982028961,-0.125341325998306,70
738505.48753146175295114517,64.0488052368164,-2.48975419998169,8.1841983795166,-0.00377239426597953,0.00113343144766986,42.4925689697266,-71.5327377319336,1134.234375,1012.38568115234,-3.16768264770508,0.101041227579117,115.794509887695,64.617561340332,-2.56133890151978,-0.0724365934729576,0.442712604999542,-0.125438958406448,70
738505.48753360030241310596,64.0848388671875,-2.55263257026672,8.17288398742676,-0.00377239426597953,0.00113343144766986,42.4925537109375,-71.5325927734375,1133.67932128906,1012.03533935547,-3.22246694564819,0.124437034130096,115.848297119141,64.6543045043945,-2.63242888450623,-0.0682863518595695,0.444364964962006,-0.1255112439394,70
738505.48753579752519726753,64.1232681274414,-2.6149115562439,8.16213417053223,-0.00377239426597953,0.00113343144766986,42.4925422668457,-71.5324401855469,1133.09509277344,1011.66198730469,-3.27810120582581,0.148546487092972,115.90699005127,64.6935195922852,-2.70425605773926,-0.0640101656317711,0.445942282676697,-0.125573888421059,70
738505.48753801616840064526,64.1621780395508,-2.67370319366455,8.15255737304688,-0.00377239426597953,0.00113343144766986,42.4925270080566,-71.5322952270508,1132.51330566406,1011.2861328125,-3.36142373085022,0.171963095664978,115.96720123291,64.733283996582,-2.7726149559021,-0.0626284554600716,0.447363942861557,-0.125629514455795,70
738505.48754025879316031933,64.2041473388672,-2.73613691329956,8.14364242553711,-0.00377239426597953,0.00113343144766986,42.4925155639648,-71.5321426391602,1131.90124511719,1010.88647460938,-3.53394436836243,0.195770159363747,116.032264709473,64.7763671875,-2.84142351150513,-0.0663258135318756,0.448711037635803,-0.125684708356857,70
738505.48754238511901348829,64.2480163574219,-2.83612656593323,8.13598442077637,-0.00377239426597953,0.00113343144766986,42.4925003051758,-71.5319900512695,1131.29724121094,1010.48699951172,-3.88806200027466,0.219056710600853,116.097434997559,64.8231887817383,-2.90661358833313,-0.0832415521144867,0.449888110160828,-0.125736519694328,70
738505.48754469072446227074,64.3015289306641,-3.00906252861023,8.12901306152344,-0.00377239426597953,0.00113343144766986,42.492488861084,-71.5318374633789,1130.63781738281,1010.04162597656,-4.38380432128906,0.245518371462822,116.168762207031,64.8831405639648,-2.97897148132324,-0.0952598750591278,0.450946360826492,-0.125790074467659,70
738505.48754697851836681366,64.3642959594727,-3.26510620117188,8.12308406829834,-0.00377239426597953,0.00113343144766986,42.4924736022949,-71.5316848754883,1129.9296875,1009.54919433594,-4.88900327682495,0.27397295832634,116.245025634766,64.9569702148438,-3.06558537483215,-0.0897720232605934,0.451726317405701,-0.125844642519951,70
738505.48754927411209791899,64.4354858398438,-3.56025004386902,8.11863994598389,-0.00377239426597953,0.00113343144766986,42.4924621582031,-71.5315322875977,1129.1689453125,1008.73223876953,-5.31151151657104,0.3023581802845,116.328109741211,65.0424423217773,-3.17648792266846,-0.0655243992805481,0.452086716890335,-0.125898584723473,70
738505.48755151254590600729,64.5124969482422,-3.87221598625183,8.11586952209473,-0.00377239426597953,0.00113343144766986,42.4924468994141,-71.531379699707,1128.35864257812,1008.02862548828,-5.6811375617981,0.330209791660309,116.420265197754,65.1361923217773,-3.31649780273438,-0.0410108529031277,0.451932191848755,-0.125937849283218,70
738505.48755369416903704405,64.59033203125,-4.18457174301147,8.11449432373047,-0.00377239426597953,0.00113343144766986,42.4924354553223,-71.5312271118164,1127.5146484375,1007.28796386719,-6.01063346862793,0.357189148664474,116.521446228027,65.2324066162109,-3.48279643058777,-0.0223143398761749,0.451234340667725,-0.125955492258072,70
738505.48755590966902673244,64.6741256713867,-4.50828313827515,8.1145601272583,-0.00377239426597953,0.00113343144766986,42.4924201965332,-71.5310821533203,1126.59069824219,1006.46984863281,-6.32787132263184,0.384836822748184,116.638313293457,65.3369216918945,-3.68281483650208,-0.00931449513882399,0.449923932552338,-0.125957816839218,70
738505.48755807685665786266,64.7616500854492,-4.83271646499634,8.11609268188477,-0.00377239426597953,0.00113343144766986,42.4924087524414,-71.5309295654297,1125.61572265625,1005.59954833984,-6.60599231719971,0.413031816482544,116.767539978027,65.446907043457,-3.90683817863464,-0.000239184490055777,0.448009997606277,-0.125952333211899,70
738505.48756027326453477144,64.8550872802734,-5.15290594100952,8.11924648284912,-0.00377239426597953,0.00113343144766986,42.4923934936523,-71.5307769775391,1124.5791015625,1004.66784667969,-6.74954557418823,0.443675398826599,116.910980224609,65.5641403198242,-4.15335321426392,0.0154877081513405,0.445466965436935,-0.125944435596466,70
738505.48756247316487133503,64.9579315185547,-5.41239166259766,8.12499618530273,-0.00377239426597953,0.00113343144766986,42.4923820495605,-71.530632019043,1123.4970703125,1003.68969726562,-6.60583925247192,0.47397044301033,117.067993164062,65.6874618530273,-4.41457653045654,0.0487474463880062,0.442330688238144,-0.125934198498726,70
738505.48756470438092947006,65.0668869018555,-5.57059526443481,8.13358783721924,-0.00377239426597953,0.00113343144766986,42.4923667907715,-71.5304794311523,1122.35192871094,1002.65100097656,-6.29341840744019,0.503616154193878,117.245239257812,65.8094711303711,-4.68873834609985,0.0739265158772469,0.43856218457222,-0.12592288851738,70
738505.48756691103335469961,65.1760482788086,-5.6223258972168,8.1445426940918,-0.00377239426597953,0.00113343144766986,42.4923553466797,-71.5303268432617,1121.19116210938,1001.59649658203,-6.00765609741211,0.527715504169464,117.436721801758,65.9231491088867,-4.95246171951294,0.0706726983189583,0.434383511543274,-0.125912368297577,70
738505.48756919696461409330,65.2839889526367,-5.61828994750977,8.15683460235596,-0.00377239426597953,0.00113343144766986,42.4923400878906,-71.5301742553711,1120.0224609375,1000.53460693359,-5.80402326583862,0.552522838115692,117.638816833496,66.0310363769531,-5.19033575057983,0.0482348017394543,0.429946035146713,-0.125902190804482,70
738505.48757146298885345459,65.3932189941406,-5.57764959335327,8.17026901245117,-0.00377239426597953,0.00113343144766986,42.4923286437988,-71.5300140380859,1118.84558105469,999.413818359375,-5.645911693573,0.578141510486603,117.848159790039,66.1372604370117,-5.39238405227661,0.0268852319568396,0.425356775522232,-0.125891968607903,70
738505.48757375695277005434,65.5052261352539,-5.50530624389648,8.18500709533691,-0.00377239426597953,0.00113343144766986,42.4923133850098,-71.5298538208008,1117.64147949219,998.197937011719,-5.54522609710693,0.606705665588379,118.065856933594,66.2437744140625,-5.55534887313843,0.0104608573019505,0.420623570680618,-0.125882625579834,70
738505.48757604905404150486,65.610221862793,-5.44429922103882,8.19949722290039,-0.00377239426597953,0.00113343144766986,42.492301940918,-71.5297012329102,1116.48962402344,997.034606933594,-5.52825593948364,0.639395773410797,118.274833679199,66.3443603515625,-5.66842126846313,-0.00208785873837769,0.416126668453217,-0.125874772667885,70
738505.48757829272653907537,65.713623046875,-5.38435935974121,8.21461391448975,-0.00377239426597953,0.00113343144766986,42.4922866821289,-71.529541015625,1115.32971191406,995.863037109375,-5.49269723892212,0.672685503959656,118.484329223633,66.4435958862305,-5.74396705627441,0.0022535587195307,0.411666959524155,-0.125865772366524,70
738505.48758051346521824598,65.8113327026367,-5.32405710220337,8.23000335693359,-0.00377239426597953,0.00113343144766986,42.4922714233398,-71.5293884277344,1114.21069335938,994.732543945312,-5.44733905792236,0.704863607883453,118.684341430664,66.5372848510742,-5.786057472229,0.0134894112125039,0.407439559698105,-0.125851482152939,70
738505.48758275934960693121,65.9063110351562,-5.26043367385864,8.24623680114746,-0.00377239426597953,0.00113343144766986,42.492259979248,-71.5292358398438,1113.10083007812,992.929260253906,-5.39413213729858,0.73691064119339,118.88037109375,66.6281814575195,-5.80321407318115,0.0263994317501783,0.403325587511063,-0.125831857323647,70
738505.48758498881943523884,65.9993209838867,-5.19211721420288,8.26356887817383,-0.00377239426597953,0.00113343144766986,42.492244720459,-71.5290756225586,1111.99084472656,990.185302734375,-5.33420562744141,0.769230663776398,119.073799133301,66.7169723510742,-5.80027294158936,0.0386265106499195,0.399296373128891,-0.125808462500572,70
738505.48758721782360225916,66.0856018066406,-5.12251377105713,8.28110408782959,-0.00377239426597953,0.00113343144766986,42.4922332763672,-71.528923034668,1110.9384765625,987.562316894531,-5.2719202041626,0.800232708454132,119.254257202148,66.7991256713867,-5.78217363357544,0.0486920773983002,0.395562469959259,-0.125785186886787,70
738505.48758937965612858534,66.1692733764648,-5.04854154586792,8.29962062835693,-0.00377239426597953,0.00113343144766986,42.4922180175781,-71.5287704467773,1109.89501953125,984.939208984375,-5.20528793334961,0.831375956535339,119.430603027344,66.8785781860352,-5.75176668167114,0.0570692606270313,0.391950458288193,-0.125762566924095,70
738505.48759161471389234066,66.2517471313477,-4.96860647201538,8.31950855255127,-0.00377239426597953,0.00113343144766986,42.4922065734863,-71.5286178588867,1108.84167480469,982.267028808594,-5.13324451446533,0.863273620605469,119.605979919434,66.9566650390625,-5.71014261245728,0.0644030570983887,0.388403952121735,-0.125735878944397,70
738505.48759374348446726799,66.327507019043,-4.8882794380188,8.33938026428223,-0.00377239426597953,0.00113343144766986,42.4921913146973,-71.5284652709961,1107.84948730469,979.724548339844,-5.06104850769043,0.893784284591675,119.768241882324,67.0281982421875,-5.66214179992676,0.0711301863193512,0.385165631771088,-0.125713288784027,70
738505.48759600671473890543,66.4033966064453,-4.80034303665161,8.361083984375,-0.00377239426597953,0.00113343144766986,42.4921798706055,-71.5283126831055,1106.82824707031,977.081359863281,-4.98234176635742,0.925749719142914,119.932685852051,67.0996475219727,-5.60439825057983,0.0766831263899803,0.381945341825485,-0.125688299536705,70
738505.48759826389141380787,66.4758605957031,-4.70840740203857,8.38373184204102,-0.00377239426597953,0.00113343144766986,42.4921646118164,-71.5281524658203,1105.82373046875,974.451232910156,-4.90047597885132,0.957608461380005,120.091438293457,67.1676712036133,-5.5399751663208,0.0812413617968559,0.378901034593582,-0.125669032335281,70
738505.48760049743577837944,66.5465087890625,-4.61035203933716,8.40699577331543,-0.00377239426597953,0.00113343144766986,42.4921493530273,-71.5279922485352,1104.81262207031,971.771911621094,-4.80879068374634,0.93122386932373,120.248207092285,67.2337036132812,-5.46771478652954,0.0983669236302376,0.375974237918854,-0.125648185610771,70
738505.48760275391396135092,66.6115951538086,-4.50978088378906,8.42874240875244,-0.00377239426597953,0.00113343144766986,42.4921379089355,-71.5278396606445,1103.85192871094,969.193298339844,-4.71641492843628,0.894428849220276,120.393882751465,67.2940292358398,-5.39240121841431,0.0906713306903839,0.373333960771561,-0.125633761286736,70
738505.48760494845919311047,66.6721725463867,-4.40696334838867,8.44919872283936,-0.00377239426597953,0.00113343144766986,42.4921226501465,-71.5276870727539,1102.92761230469,966.902221679688,-4.62521743774414,0.895136535167694,120.531021118164,67.3497543334961,-5.31354475021362,0.084844671189785,0.370937347412109,-0.125621780753136,70
738505.48760730098001658916,66.7332229614258,-4.29383373260498,8.46963405609131,-0.00377239426597953,0.00113343144766986,42.4921073913574,-71.5275192260742,1101.96057128906,966.491088867188,-4.52718496322632,0.823955476284027,120.671539306641,67.4054565429688,-5.22377872467041,0.0927923619747162,0.36859866976738,-0.125611335039139,70
738505.48760957410559058189,66.7898178100586,-4.17856979370117,8.48694229125977,-0.00377239426597953,0.00113343144766986,42.4920959472656,-71.5273590087891,1101.02844238281,966.108337402344,-4.42808675765991,0.718208432197571,120.803375244141,67.4564208984375,-5.13033294677734,0.0869398191571236,0.36652684211731,-0.125603839755058,70
738505.48761180276051163673,66.8420181274414,-4.06238603591919,8.50133991241455,-0.00377239426597953,0.00113343144766986,42.4920806884766,-71.5271987915039,1100.13305664062,965.741333007812,-4.33361959457397,0.682891249656677,120.926467895508,67.5028228759766,-5.03385639190674,0.0574713349342346,0.364723324775696,-0.125596642494202,70
738505.48761395330075174570,66.88720703125,-3.95454621315002,8.5130090713501,-0.00377239426597953,0.00113343144766986,42.4920654296875,-71.5270538330078,1099.31799316406,965.250305175781,-4.24630403518677,0.662340462207794,121.035003662109,67.5426406860352,-4.94033145904541,0.0593427754938602,0.363258749246597,-0.125587835907936,70
738505.48761627823114395142,66.9338684082031,-3.83658885955811,8.52035808563232,-0.00377239426597953,0.00113343144766986,42.4920501708984,-71.5268859863281,1098.44116210938,964.731201171875,-4.14400815963745,0.339139252901077,121.148277282715,67.5829772949219,-4.83327102661133,0.0892148315906525,0.361886918544769,-0.12557877600193,70
738505.48761858697980642319,66.9773178100586,-3.71434044837952,8.51676750183105,-0.00377239426597953,0.00113343144766986,42.4920387268066,-71.526725769043,1097.60144042969,964.244140625,-4.04578018188477,-0.0302545875310898,121.252685546875,67.6187286376953,-4.72500038146973,0.0560927577316761,0.360790282487869,-0.125571221113205,70
738505.48762086173519492149,67.0171585083008,-3.59461331367493,8.50509071350098,-0.00377239426597953,0.00113343144766986,42.4920234680176,-71.5265655517578,1096.80456542969,963.791870117188,-3.98370170593262,-0.120876789093018,121.347831726074,67.6502532958984,-4.61654090881348,-0.0396539531648159,0.359969049692154,-0.125563785433769,70
738505.48762321169488132000,67.0552749633789,-3.47739744186401,8.48873805999756,-0.00377239426597953,0.00113343144766986,42.4920082092285,-71.5263977050781,1095.98181152344,963.389770507812,-3.91777229309082,-0.127789348363876,121.441841125488,67.6798400878906,-4.4985556602478,-0.077561117708683,0.359367907047272,-0.125556334853172,70
738505.48762548970989882946,67.0871734619141,-3.37102293968201,8.4723653793335,-0.00377239426597953,0.00113343144766986,42.4919929504395,-71.526237487793,1095.23388671875,963.166076660156,-3.84513282775879,-0.13419696688652,121.522605895996,67.7040176391602,-4.38757419586182,-0.0937284976243973,0.359051287174225,-0.125549361109734,70
738505.48762775713112205267,67.1163177490234,-3.26387929916382,8.45468711853027,-0.00377239426597953,0.00113343144766986,42.4919815063477,-71.5260772705078,1094.48974609375,962.958374023438,-3.76502466201782,-0.140829920768738,121.59846496582,67.7254409790039,-4.27402400970459,-0.099582202732563,0.35896509885788,-0.125544384121895,70
738505.48763006890658289194,67.1424865722656,-3.15543007850647,8.43584728240967,-0.00377239426597953,0.00113343144766986,42.4919662475586,-71.5259094238281,1093.75378417969,962.7685546875,-3.68053388595581,-0.147715270519257,121.668769836426,67.7438812255859,-4.15910387039185,-0.0999810472130775,0.359117537736893,-0.125539466738701,70
738505.48763236356899142265,67.1652221679688,-3.04492473602295,8.41697692871094,-0.00377239426597953,0.00113343144766986,42.4919509887695,-71.525749206543,1093.05395507812,962.626708984375,-3.64174699783325,-0.13677690923214,121.730964660645,67.7590179443359,-4.0475001335144,-0.106214039027691,0.359501659870148,-0.125534057617188,70
738505.48763463250361382961,67.1855087280273,-2.96016883850098,8.39884471893311,-0.00377239426597953,0.00113343144766986,42.4919357299805,-71.5255966186523,1092.39050292969,963.902160644531,-3.76583409309387,-0.110498175024986,121.785293579102,67.7731170654297,-3.9394748210907,-0.119376853108406,0.360100030899048,-0.125527039170265,70
738505.48763694777153432369,67.2076263427734,-2.94057011604309,8.38072395324707,-0.00377239426597953,0.00113343144766986,42.4919242858887,-71.5254287719727,1091.70751953125,965.242797851562,-3.92151570320129,-0.0824584439396858,121.835708618164,67.7919540405273,-3.83064985275269,-0.120576709508896,0.360923230648041,-0.125520437955856,70
738505.48763929121196269989,67.2319564819336,-2.94815993309021,8.36312580108643,-0.00377239426597953,0.00113343144766986,42.4919090270996,-71.525260925293,1091.009765625,966.616455078125,-4.02169275283813,-0.0559504553675652,121.882225036621,67.8142242431641,-3.73137950897217,-0.102272406220436,0.361885607242584,-0.125513881444931,70
738505.48764160298742353916,67.2567520141602,-2.96597862243652,8.34563732147217,-0.00377239426597953,0.00113343144766986,42.4918937683105,-71.5251007080078,1090.32861328125,967.948059082031,-4.06882667541504,-0.126307472586632,121.924514770508,67.8374328613281,-3.65207695960999,-0.0651269555091858,0.362863600254059,-0.125507548451424,70
738505.48764387133996933699,67.2833557128906,-2.98679161071777,8.32561683654785,-0.00377239426597953,0.00113343144766986,42.4918785095215,-71.5249252319336,1089.62158203125,969.319152832031,-4.10800647735596,-0.226009473204613,121.967239379883,67.8622589111328,-3.58934593200684,-0.0571638830006123,0.363871842622757,-0.125495463609695,70
738505.48764611745718866587,67.308967590332,-3.01917314529419,8.30153942108154,-0.00377239426597953,0.00113343144766986,42.4918670654297,-71.524772644043,1088.96643066406,970.576904296875,-4.13229131698608,-0.46626091003418,122.006553649902,67.8861389160156,-3.54797387123108,0.0175005048513412,0.364777356386185,-0.125480011105537,70
738505.48764840676449239254,67.3385391235352,-3.04944801330566,8.2551794052124,-0.00377239426597953,0.00113343144766986,42.4918518066406,-71.5246124267578,1088.28356933594,971.866333007812,-4.12758255004883,-1.80908334255219,122.04817199707,67.9111633300781,-3.52079629898071,0.115712828934193,0.365663945674896,-0.125449806451797,70
738505.48765065986663103104,67.3740005493164,-3.06002378463745,8.17094230651855,-0.00377239426597953,0.00113343144766986,42.4918365478516,-71.5244522094727,1087.58520507812,973.175476074219,-4.15061092376709,-3.11960005760193,122.092109680176,67.9366149902344,-3.50653576850891,-0.082779236137867,0.366512626409531,-0.125399515032768,70
738505.48765292146708816290,67.4131546020508,-3.0855712890625,8.06407260894775,-0.00377239426597953,0.00113343144766986,42.4918251037598,-71.5242919921875,1086.89575195312,974.461242675781,-4.31190729141235,-3.23043584823608,122.136711120605,67.9638366699219,-3.5012538433075,-0.386192589998245,0.367312163114548,-0.125338464975357,70
738505.48765521647874265909,67.4545822143555,-3.13927507400513,7.9527063369751,-0.00377239426597953,0.00113343144766986,42.4918098449707,-71.5241241455078,1086.19396972656,975.746520996094,-4.4444522857666,-3.20469546318054,122.182632446289,67.994270324707,-3.5035502910614,-0.509835064411163,0.368069022893906,-0.12526735663414,70
738505.48765747074503451586,67.4977798461914,-3.20476722717285,7.84223365783691,-0.00377239426597953,0.00113343144766986,42.4917984008789,-71.5239639282227,1085.4853515625,974.0244140625,-4.55046796798706,-3.17852568626404,122.229690551758,68.0273590087891,-3.5148069858551,-0.567079603672028,0.368738174438477,-0.12517574429512,70
738505.48765975097194314003,67.5433044433594,-3.27774119377136,7.73088216781616,-0.00377239426597953,0.00113343144766986,42.4917869567871,-71.5238037109375,1084.75622558594,971.4921875,-4.64250898361206,-3.15213584899902,122.279411315918,68.0632705688477,-3.53624534606934,-0.585383117198944,0.369300335645676,-0.125052839517593,70
738505.48766211047768592834,67.5917892456055,-3.35584592819214,7.61716890335083,-0.00377239426597953,0.00113343144766986,42.491771697998,-71.5236358642578,1083.99438476562,969.437072753906,-4.72686004638672,-3.12543606758118,122.333389282227,68.1023712158203,-3.56878781318665,-0.581692636013031,0.369735538959503,-0.124895721673965,70
738505.48766438092570751905,67.6407775878906,-3.43343901634216,7.50671005249023,-0.00377239426597953,0.00113343144766986,42.4917602539062,-71.5234756469727,1083.23571777344,967.413269042969,-4.80195283889771,-3.09977436065674,122.389465332031,68.1426010131836,-3.61002993583679,-0.567703425884247,0.370009481906891,-0.124707080423832,70
738505.48766662948764860630,67.6903381347656,-3.51431226730347,7.39802122116089,-0.00377239426597953,0.00113343144766986,42.4917488098145,-71.5233154296875,1082.46875,965.390258789062,-4.83103847503662,-3.07443833351135,122.448722839355,68.1840438842773,-3.65904498100281,-0.547336339950562,0.370126485824585,-0.124479740858078,70
738505.48766889609396457672,67.7408294677734,-3.56743979454041,7.28726148605347,-0.00377239426597953,0.00113343144766986,42.4917335510254,-71.5231552124023,1081.67895507812,963.32568359375,-4.7661600112915,-3.04249787330627,122.512794494629,68.2249984741211,-3.71549224853516,-0.521396577358246,0.370085209608078,-0.124214373528957,70
738505.48767120495904237032,67.790153503418,-3.60071587562561,7.17661142349243,-0.00377239426597953,0.00113343144766986,42.4917221069336,-71.5229873657227,1080.88012695312,961.247253417969,-4.6785569190979,-2.98703694343567,122.580963134766,68.2639999389648,-3.77467250823975,-0.513873219490051,0.369911670684814,-0.123906165361404,70
738505.48767341056372970343,67.835823059082,-3.58949017524719,7.07033252716064,-0.00377239426597953,0.00113343144766986,42.4917106628418,-71.5228271484375,1080.10229492188,959.224853515625,-4.48950529098511,-2.79723167419434,122.650001525879,68.2976760864258,-3.83009433746338,-0.505865156650543,0.369655191898346,-0.123562440276146,70
738505.48767574189696460962,67.8798828125,-3.53549146652222,6.96224784851074,-0.00377239426597953,0.00113343144766986,42.49169921875,-71.5226669311523,1079.29833984375,957.11865234375,-4.35104322433472,-2.64684724807739,122.723854064941,68.3275299072266,-3.87922024726868,-0.483578264713287,0.369365841150284,-0.123154938220978,70
738505.48767801676876842976,67.9197311401367,-3.46943187713623,6.85977077484131,-0.00377239426597953,0.00113343144766986,42.4916877746582,-71.5224990844727,1078.51794433594,955.051330566406,-4.2490382194519,-2.50281691551208,122.795997619629,68.3533706665039,-3.91254782676697,-0.468999981880188,0.369136780500412,-0.122704572975636,70
738505.48768025799654424191,67.9558563232422,-3.39580130577087,6.76232385635376,-0.00377239426597953,0.00113343144766986,42.4916763305664,-71.5223388671875,1077.75927734375,953.436340332031,-4.16065549850464,-2.36012172698975,122.864936828613,68.375862121582,-3.9281690120697,-0.450250148773193,0.369014233350754,-0.122213542461395,70
738505.48768248478882014751,67.9882583618164,-3.31781840324402,6.67040014266968,-0.00377239426597953,0.00113343144766986,42.4916648864746,-71.5221786499023,1077.02661132812,952.252380371094,-4.07824373245239,-2.22023963928223,122.929351806641,68.3952102661133,-3.92651629447937,-0.428421854972839,0.369025200605392,-0.12168612331152,70
738505.48768478119745850563,68.0179824829102,-3.23455953598022,6.58110332489014,-0.00377239426597953,0.00113343144766986,42.4916534423828,-71.5220184326172,1076.29650878906,951.060974121094,-3.99684882164001,-2.07846689224243,122.990585327148,68.4121246337891,-3.90862059593201,-0.404402881860733,0.369191557168961,-0.121103391051292,70
738505.48768704570829868317,68.0446090698242,-3.14789986610413,6.49565744400024,-0.00377239426597953,0.00113343144766986,42.4916458129883,-71.521858215332,1075.57788085938,949.875732421875,-3.91609716415405,-1.93626356124878,123.04736328125,68.4263916015625,-3.87599635124207,-0.379662096500397,0.369531005620956,-0.120462290942669,70
738505.48768936039414256811,68.0680465698242,-3.05863261222839,6.41430330276489,-0.00377239426597953,0.00113343144766986,42.4916343688965,-71.5216903686523,1074.87219238281,948.698608398438,-3.8353636264801,-1.79369378089905,123.099304199219,68.4379806518555,-3.83055257797241,-0.35514110326767,0.370055884122849,-0.1197729408741,70
738505.48769162688404321671,68.087532043457,-2.97071027755737,6.3399977684021,-0.00377239426597953,0.00113343144766986,42.4916229248047,-71.5215301513672,1074.20593261719,947.851623535156,-3.75732350349426,-1.6561017036438,123.144454956055,68.4465713500977,-3.77660727500916,-0.332190304994583,0.370746582746506,-0.119065038859844,70
738505.48769391281530261040,68.1043853759766,-2.8788754940033,6.26796770095825,-0.00377239426597953,0.00113343144766986,42.4916114807129,-71.521369934082,1073.53637695312,947.180236816406,-3.6767909526825,-1.51457798480988,123.185806274414,68.4527816772461,-3.71242618560791,-0.309540152549744,0.371652066707611,-0.118281133472919,70
738505.48769615765195339918,68.1178436279297,-2.78626441955566,6.20105457305908,-0.00377239426597953,0.00113343144766986,42.4916038513184,-71.5212020874023,1072.89050292969,946.530822753906,-3.59799146652222,-1.38180327415466,123.221565246582,68.4562377929688,-3.64199757575989,-0.284251064062119,0.372746646404266,-0.117470666766167,70
738505.48769845429342240095,68.1280899047852,-2.69546508789062,6.13893890380859,-0.00377239426597953,0.00113343144766986,42.4915924072266,-71.5210418701172,1072.27001953125,945.905151367188,-3.5243399143219,-1.27985870838165,123.25178527832,68.4572067260742,-3.56703352928162,-0.262948393821716,0.374024003744125,-0.116628758609295,70
738505.48770077759400010109,68.1357498168945,-2.60028290748596,6.07748174667358,-0.00377239426597953,0.00113343144766986,42.4915809631348,-71.5208740234375,1071.63830566406,945.266418457031,-3.44885540008545,-1.17483139038086,123.27815246582,68.4556579589844,-3.48387956619263,-0.244826465845108,0.375574052333832,-0.115699924528599,70
738505.48770315409637987614,68.1410140991211,-2.50600147247314,6.01952409744263,-0.00377239426597953,0.00113343144766986,42.4915733337402,-71.5207061767578,1071.02856445312,944.806091308594,-3.43831038475037,-1.09891593456268,123.299026489258,68.4522705078125,-3.39756608009338,-0.230400487780571,0.37733381986618,-0.114740177989006,70
738505.48770538892131298780,68.1452560424805,-2.44226002693176,5.966477394104,-0.00377239426597953,0.00113343144766986,42.4915618896484,-71.5205383300781,1070.45239257812,944.712646484375,-3.48342442512512,-1.03121340274811,123.314208984375,68.4495391845703,-3.31210422515869,-0.225396901369095,0.37924063205719,-0.11377576738596,70
738505.48770768311806023121,68.1493911743164,-2.40394854545593,5.91643667221069,-0.00377239426597953,0.00113343144766986,42.4915504455566,-71.520378112793,1069.88830566406,944.627990722656,-3.52028727531433,-0.963595151901245,123.32494354248,68.4479522705078,-3.22873783111572,-0.215461075305939,0.381300896406174,-0.11277861148119,70
738505.48771006579045206308,68.1534118652344,-2.37972044944763,5.8681435585022,-0.00377239426597953,0.00113343144766986,42.4915428161621,-71.5202102661133,1069.31274414062,944.545654296875,-3.5269570350647,-0.858624279499054,123.332473754883,68.4469528198242,-3.14860653877258,-0.216984510421753,0.383550375699997,-0.111709512770176,70
738505.48771235172171145678,68.1562881469727,-2.3552713394165,5.82668590545654,-0.00377239426597953,0.00113343144766986,42.4915313720703,-71.5200424194336,1068.73937988281,944.466064453125,-3.48327422142029,-0.523686945438385,123.33765411377,68.4454345703125,-3.0772602558136,-0.223027750849724,0.385895639657974,-0.11060256510973,70
738505.48771466303151100874,68.1569976806641,-2.32351851463318,5.79657983779907,-0.00377239426597953,0.00113343144766986,42.4915237426758,-71.5198745727539,1068.18493652344,944.393432617188,-3.44045853614807,-0.171793729066849,123.341201782227,68.442497253418,-3.01645922660828,-0.194744780659676,0.388258397579193,-0.109490059316158,70
738505.48771687643602490425,68.1556854248047,-2.29010128974915,5.77807712554932,-0.00377239426597953,0.00113343144766986,42.491512298584,-71.5197143554688,1067.64477539062,944.32763671875,-3.4016969203949,0.176614001393318,123.343452453613,68.4384994506836,-2.96352648735046,-0.154444217681885,0.390657424926758,-0.108366727828979,70
738505.48771915945690125227,68.152458190918,-2.25598073005676,5.77083158493042,-0.00377239426597953,0.00113343144766986,42.4915046691895,-71.5195541381836,1067.11413574219,944.2685546875,-3.3651750087738,0.522329151630402,123.344467163086,68.4335403442383,-2.91603875160217,-0.106930032372475,0.393115550279617,-0.107227072119713,70
738505.48772137355990707874,68.1474380493164,-2.222092628479,5.77466106414795,-0.00377239426597953,0.00113343144766986,42.4914932250977,-71.5193939208984,1066.59802246094,944.216735839844,-3.33041739463806,0.862129986286163,123.344146728516,68.4277496337891,-2.87294340133667,-0.0560946874320507,0.395610272884369,-0.106084115803242,70
738505.48772361676674336195,68.140510559082,-2.18742561340332,5.7888126373291,-0.00377239426597953,0.00113343144766986,42.4914855957031,-71.5192337036133,1066.08251953125,944.171142578125,-3.29451131820679,1.15866255760193,123.342460632324,68.4209365844727,-2.83198213577271,0.0190308000892401,0.398208677768707,-0.104905322194099,70
738505.48772587277926504612,68.1319046020508,-2.15060615539551,5.80991268157959,-0.00377239426597953,0.00113343144766986,42.4914741516113,-71.5190734863281,1065.57800292969,944.133178710938,-3.2559928894043,1.24516797065735,123.339324951172,68.4129867553711,-2.79316878318787,0.0904206037521362,0.400862783193588,-0.103727921843529,70
738505.48772826953791081905,68.1213455200195,-2.10981297492981,5.83619976043701,-0.00377239426597953,0.00113343144766986,42.4914665222168,-71.5189056396484,1065.04833984375,944.101501464844,-3.21668839454651,1.31411445140839,123.334281921387,68.403434753418,-2.75279235839844,0.126534014940262,0.403779000043869,-0.102448701858521,70
738505.48773048620205372572,68.1100387573242,-2.07096815109253,5.86382389068604,-0.00377239426597953,0.00113343144766986,42.491455078125,-71.5187377929688,1064.55395507812,944.079711914062,-3.18109965324402,1.37962102890015,123.327850341797,68.3933563232422,-2.71500658988953,0.145055562257767,0.406630367040634,-0.101232156157494,70
738505.48773280251771211624,68.0973434448242,-2.03174734115601,5.89434576034546,-0.00377239426597953,0.00113343144766986,42.4914474487305,-71.5185775756836,1064.06079101562,944.066040039062,-3.14612650871277,1.44615995883942,123.319625854492,68.3821563720703,-2.67673659324646,0.154852136969566,0.40960705280304,-0.0999928116798401,70
738505.48773499263916164637,68.084114074707,-2.00217056274414,5.92993831634521,-0.00377239426597953,0.00113343144766986,42.4914360046387,-71.5184173583984,1063.58850097656,943.646667480469,-3.12695956230164,1.74660444259644,123.309997558594,68.3711929321289,-2.6395845413208,0.0932526960968971,0.412582516670227,-0.0987889319658279,70
738505.48773720336612313986,68.0689697265625,-1.9731137752533,5.97754240036011,-0.00377239426597953,0.00113343144766986,42.4914283752441,-71.5182571411133,1063.11413574219,942.621337890625,-3.09880447387695,2.27420735359192,123.298614501953,68.3594055175781,-2.60254716873169,0.106359384953976,0.415681153535843,-0.0975575670599937,70
738505.48773938394151628017,68.0524520874023,-1.94583523273468,6.0383358001709,-0.00377239426597953,0.00113343144766986,42.4914169311523,-71.5181045532227,1062.66674804688,942.600830078125,-3.07001543045044,2.77799201011658,123.286308288574,68.3475189208984,-2.56836438179016,0.150330513715744,0.418704122304916,-0.0963860899209976,70
738505.48774162004701793194,68.0327835083008,-1.9179060459137,6.11877536773682,-0.00377239426597953,0.00113343144766986,42.4914093017578,-71.5179443359375,1062.19897460938,942.943603515625,-3.03925848007202,3.29405832290649,123.271774291992,68.3343048095703,-2.5334095954895,0.226964429020882,0.421968996524811,-0.0951546207070351,70
738505.48774382064584642649,68.0122222900391,-1.88929295539856,6.20704317092896,-0.00377239426597953,0.00113343144766986,42.491397857666,-71.5177841186523,1061.76135253906,943.844360351562,-3.01717567443848,3.53500247001648,123.256683349609,68.3209991455078,-2.50154972076416,0.34211477637291,0.425123035907745,-0.0940082296729088,70
738505.48774608504027128220,67.9889755249023,-1.86270594596863,6.31004428863525,-0.00377239426597953,0.00113343144766986,42.4913864135742,-71.5176239013672,1061.29675292969,944.817077636719,-3.00930094718933,3.70709085464478,123.238952636719,68.3065719604492,-2.46828389167786,0.409361809492111,0.428577959537506,-0.0927872434258461,70
738505.48774835362564772367,67.9667129516602,-1.8347235918045,6.4141845703125,-0.00377239426597953,0.00113343144766986,42.4913787841797,-71.517463684082,1060.85754394531,945.753295898438,-3.08611917495728,3.82564091682434,123.220649719238,68.2933502197266,-2.43750548362732,0.456448376178741,0.43194791674614,-0.0916352421045303,70
738505.48775068216491490602,67.9493179321289,-1.85367548465729,6.52583456039429,-0.00377239426597953,0.00113343144766986,42.4913673400879,-71.5172958374023,1060.3984375,946.742065429688,-3.58284378051758,3.93973565101624,123.199714660645,68.2871322631836,-2.40605044364929,0.447054177522659,0.435560524463654,-0.0904364511370659,70
738505.48775297298561781645,67.9417343139648,-2.05010104179382,6.63010549545288,-0.00377239426597953,0.00113343144766986,42.4913558959961,-71.5171279907227,1059.91381835938,947.709289550781,-4.20607233047485,4.06465578079224,123.176818847656,68.2952499389648,-2.38349461555481,0.445479243993759,0.439159244298935,-0.0892614424228668,70
738505.48775517777539789677,67.9245529174805,-2.31738877296448,6.7257227897644,-0.00377239426597953,0.00113343144766986,42.4913444519043,-71.5169677734375,1059.40844726562,948.580017089844,-4.67365980148315,4.18178272247314,123.154830932617,68.2960510253906,-2.38833022117615,0.480701386928558,0.442336469888687,-0.0881855711340904,70
738505.48775747488252818584,67.8996810913086,-2.64027094841003,6.82224273681641,-0.00377239426597953,0.00113343144766986,42.4913330078125,-71.5168075561523,1058.83642578125,949.407470703125,-5.09139776229858,4.30000877380371,123.132850646973,68.292610168457,-2.43377614021301,0.519103646278381,0.445138484239578,-0.0871188938617706,70
738505.48775971401482820511,67.8723831176758,-2.99705624580383,6.9209041595459,-0.00377239426597953,0.00113343144766986,42.4913215637207,-71.5166473388672,1058.19152832031,950.175659179688,-5.47915887832642,4.41874361038208,123.111503601074,68.2901306152344,-2.5285325050354,0.549696087837219,0.44737508893013,-0.0860852673649788,70
738505.48776198353152722120,67.8470153808594,-3.36897826194763,7.02109813690186,-0.00377239426597953,0.00113343144766986,42.4913101196289,-71.516487121582,1057.48083496094,950.865905761719,-5.84399080276489,4.53602695465088,123.092163085938,68.29248046875,-2.67256903648376,0.570877015590668,0.44890296459198,-0.0850996747612953,70
738505.48776421661023050547,67.8258895874023,-3.74982190132141,7.12375831604004,-0.00377239426597953,0.00113343144766986,42.4912986755371,-71.5163269042969,1056.7001953125,951.479553222656,-6.19555187225342,4.65240621566772,123.076194763184,68.3019790649414,-2.86249804496765,0.585024654865265,0.449670255184174,-0.0841556191444397,70
738505.48776650673244148493,67.8101806640625,-4.13681221008301,7.22965145111084,-0.00377239426597953,0.00113343144766986,42.4912872314453,-71.5161666870117,1055.84521484375,952.01904296875,-6.539635181427,4.76842021942139,123.065521240234,68.3198547363281,-3.09393215179443,0.595260739326477,0.449644446372986,-0.0832520499825478,70
738505.48776882502716034651,67.8003387451172,-4.54896593093872,7.3451361656189,-0.00377239426597953,0.00113343144766986,42.4912757873535,-71.515998840332,1054.86059570312,952.506469726562,-6.89728021621704,4.89046192169189,123.062339782715,68.3485870361328,-3.37704730033875,0.60453850030899,0.448725998401642,-0.08233692497015,70
738505.48777105147019028664,67.7978057861328,-4.93585586547852,7.4566912651062,-0.00377239426597953,0.00113343144766986,42.4912643432617,-71.5158386230469,1053.86376953125,952.88623046875,-7.22758531570435,5.00408411026001,123.068923950195,68.3849945068359,-3.67013549804688,0.613404273986816,0.447019696235657,-0.0815242230892181,70
738505.48777333274483680725,67.80224609375,-5.33461475372314,7.57434558868408,-0.00377239426597953,0.00113343144766986,42.4912490844727,-71.5156784057617,1052.76525878906,953.198181152344,-7.49690294265747,5.11552906036377,123.087265014648,68.4322509765625,-3.99434971809387,0.63112336397171,0.444414794445038,-0.0807280614972115,70
738505.48777560237795114517,67.8205490112305,-5.71248006820679,7.70047473907471,-0.00377239426597953,0.00113343144766986,42.4912376403809,-71.515510559082,1051.56567382812,953.439025878906,-7.55355167388916,5.1568808555603,123.120811462402,68.4949417114258,-4.34454202651978,0.677223980426788,0.440856665372849,-0.0799660757184029,70
738505.48777787620201706886,67.867790222168,-5.97263383865356,7.83837985992432,-0.00377239426597953,0.00113343144766986,42.4912261962891,-71.5153503417969,1050.3310546875,952.95166015625,-7.53649425506592,5.17127275466919,123.172348022461,68.5795135498047,-4.69654273986816,0.697979629039764,0.436543852090836,-0.0792668610811234,70
738505.48778014630079269409,67.9351501464844,-6.18774843215942,7.98553609848022,-0.00377239426597953,0.00113343144766986,42.4912109375,-71.5151901245117,1049.03381347656,951.356201171875,-7.58001708984375,5.18695640563965,123.247512817383,68.6821746826172,-5.04769849777222,0.690539598464966,0.431476950645447,-0.0786051228642464,70
738505.48778240045066922903,68.0096817016602,-6.36264753341675,8.13090038299561,-0.00377239426597953,0.00113343144766986,42.4911994934082,-71.5150299072266,1047.75622558594,949.792846679688,-7.6460018157959,5.20249938964844,123.342239379883,68.7888946533203,-5.36685609817505,0.678651750087738,0.426087707281113,-0.0780206620693207,70
738505.48778465646319091320,68.09326171875,-6.52167892456055,8.28372573852539,-0.00377239426597953,0.00113343144766986,42.4911842346191,-71.5148696899414,1046.40893554688,948.151184082031,-7.72578382492065,5.21870851516724,123.462600708008,68.9046096801758,-5.67218637466431,0.669516444206238,0.420081198215485,-0.0774690583348274,70
738505.48778694553766399622,68.1825561523438,-6.66733121871948,8.44047355651855,-0.00377239426597953,0.00113343144766986,42.4911689758301,-71.5147018432617,1045.01916503906,946.463806152344,-7.81111145019531,5.23509788513184,123.605712890625,69.025764465332,-5.95362615585327,0.665375173091888,0.413611799478531,-0.0769672393798828,70
738505.48778928001411259174,68.2788238525391,-6.80716466903687,8.60513401031494,-0.00377239426597953,0.00113343144766986,42.4911575317383,-71.514533996582,1043.54870605469,944.684387207031,-7.90083694458008,5.25189542770386,123.774490356445,69.1547775268555,-6.21727514266968,0.665699779987335,0.406523674726486,-0.0765067115426064,70
738505.48779155209194868803,68.3743667602539,-6.93293714523315,8.76579475402832,-0.00377239426597953,0.00113343144766986,42.4911422729492,-71.5143737792969,1042.10437011719,942.941589355469,-7.98577308654785,5.26781797409058,123.953735351562,69.28173828125,-6.44562292098999,0.668989896774292,0.399356484413147,-0.0761208683252335,70
738505.48779378237668424845,68.4695205688477,-7.04785299301147,8.92410469055176,-0.00377239426597953,0.00113343144766986,42.4911270141602,-71.5142135620117,1040.67297363281,941.218688964844,-8.06546306610107,5.28302526473999,124.141754150391,69.4074020385742,-6.64648675918579,0.674072027206421,0.392081052064896,-0.0758040770888329,70
738505.48779608740005642176,68.5691146850586,-7.15880537033081,9.08873748779297,-0.00377239426597953,0.00113343144766986,42.4911117553711,-71.514045715332,1039.1767578125,939.421997070312,-8.14314651489258,5.2982029914856,124.347106933594,69.5383148193359,-6.83388471603394,0.680798470973969,0.384315699338913,-0.0755394622683525,70
738505.48779834993183612823,68.669807434082,-7.26380395889282,9.25478172302246,-0.00377239426597953,0.00113343144766986,42.491096496582,-71.5138778686523,1037.66027832031,937.604858398438,-8.20952701568604,5.31289672851562,124.561988830566,69.6703414916992,-7.00383901596069,0.688120126724243,0.376294553279877,-0.0753384605050087,70
738505.48780067299958318472,68.7681274414062,-7.37367868423462,9.41788196563721,-0.00377239426597953,0.00113343144766986,42.491081237793,-71.5137176513672,1036.14965820312,935.798461914062,-8.03678035736084,5.32519245147705,124.780838012695,69.8005905151367,-7.15651941299438,0.713165640830994,0.368175446987152,-0.0752038508653641,70
738505.48780296160839498043,68.8779602050781,-7.33366060256958,9.60486602783203,-0.00377239426597953,0.00113343144766986,42.4910621643066,-71.5135498046875,1034.5654296875,933.905090332031,-7.5392599105835,5.34268712997437,125.018249511719,69.9300308227539,-7.30195045471191,0.753809094429016,0.359475880861282,-0.0751334130764008,70
738505.48780521540902554989,68.9754867553711,-7.20005083084106,9.79101181030273,-0.00377239426597953,0.00113343144766986,42.4910469055176,-71.5133895874023,1033.09265136719,932.140869140625,-7.16964387893677,5.36259460449219,125.247695922852,70.0380096435547,-7.41357088088989,0.74787175655365,0.351239442825317,-0.0751288086175919,70
738505.48780755000188946724,69.0712585449219,-7.00318574905396,9.9952507019043,-0.00377239426597953,0.00113343144766986,42.4910316467285,-71.5132141113281,1031.55444335938,930.290954589844,-6.84608507156372,5.38627529144287,125.494529724121,70.1412048339844,-7.49198484420776,0.72642982006073,0.342606544494629,-0.0751927420496941,70
738505.48780979297589510679,69.1558609008789,-6.77698373794556,10.1971492767334,-0.00377239426597953,0.00113343144766986,42.4910125732422,-71.5130462646484,1030.10107421875,928.534057617188,-6.60918378829956,5.40890789031982,125.729705810547,70.2313537597656,-7.52002668380737,0.705890893936157,0.334530740976334,-0.0753276273608208,70
738505.48781203501857817173,69.2297439575195,-6.56040287017822,10.3929634094238,-0.00377239426597953,0.00113343144766986,42.4909973144531,-71.5128860473633,1028.73059082031,926.867919921875,-6.46070384979248,5.43155860900879,125.949783325195,70.3122329711914,-7.50025653839111,0.689303159713745,0.327079892158508,-0.0755347982048988,70
738505.48781434877309948206,69.2969970703125,-6.34527683258057,10.5909423828125,-0.00377239426597953,0.00113343144766986,42.4909782409668,-71.5127182006836,1027.3818359375,925.218933105469,-6.29704999923706,5.45440435409546,126.16202545166,70.3882369995117,-7.43739557266235,0.688853204250336,0.319971323013306,-0.0758149176836014,70
738505.48781657719518989325,69.3566818237305,-6.12808179855347,10.7894887924194,-0.00377239426597953,0.00113343144766986,42.4909591674805,-71.5125579833984,1026.07177734375,923.788269042969,-6.12397432327271,5.47730398178101,126.362350463867,70.4579010009766,-7.33836221694946,0.696474432945251,0.313314944505692,-0.0761710703372955,70
738505.48781889607198536396,69.4087142944336,-5.90760850906372,10.9889841079712,-0.00377239426597953,0.00113343144766986,42.4909400939941,-71.5123901367188,1024.80004882812,922.758605957031,-5.94455337524414,5.50039148330688,126.550453186035,70.521110534668,-7.20971488952637,0.706278085708618,0.307117074728012,-0.0766126066446304,70
738505.48782116465736180544,69.4529190063477,-5.68342876434326,11.1895055770874,-0.00377239426597953,0.00113343144766986,42.4909210205078,-71.5122222900391,1023.56799316406,921.771118164062,-5.76060199737549,5.52381467819214,126.725975036621,70.5777206420898,-7.05737972259521,0.715461254119873,0.301391571760178,-0.0771363750100136,70
738505.48782345140352845192,69.489501953125,-5.45321607589722,11.3930950164795,-0.00377239426597953,0.00113343144766986,42.4909019470215,-71.5120544433594,1022.36474609375,920.817626953125,-5.57128858566284,5.54793071746826,126.890396118164,70.6281204223633,-6.88421058654785,0.722954571247101,0.29609951376915,-0.0777528136968613,70
738505.48782571067567914724,69.5170516967773,-5.22705268859863,11.591046333313,-0.00377239426597953,0.00113343144766986,42.4908828735352,-71.5118865966797,1021.24090576172,919.938049316406,-5.38545703887939,5.57179594039917,127.036949157715,70.6703262329102,-6.70219373703003,0.728239774703979,0.291461318731308,-0.0784295871853828,70
738505.48782800813205540180,69.5369491577148,-4.99542808532715,11.7919569015503,-0.00377239426597953,0.00113343144766986,42.4908638000488,-71.51171875,1020.14685058594,919.093322753906,-5.19549465179443,5.59650707244873,127.172676086426,70.7063751220703,-6.50632047653198,0.732002913951874,0.287267327308655,-0.0792036429047585,70
738505.48783024237491190434,69.5486602783203,-4.76435804367065,11.9908428192139,-0.00377239426597953,0.00113343144766986,42.4908447265625,-71.5115585327148,1019.10992431641,918.304626464844,-5.00640535354614,5.62150287628174,127.294219970703,70.7353897094727,-6.30382871627808,0.734552145004272,0.283628821372986,-0.0800571441650391,70
738505.48783253284636884928,69.5524520874023,-4.53103685379028,12.1903877258301,-0.00377239426597953,0.00113343144766986,42.4908218383789,-71.5113906860352,1018.11541748047,917.560791015625,-4.81587409973145,5.64715433120728,127.403526306152,70.7578887939453,-6.09362459182739,0.736413061618805,0.280493438243866,-0.0809987336397171,70
738505.48783481412101536989,69.5485458374023,-4.28331184387207,12.3958377838135,-0.00377239426597953,0.00113343144766986,42.4908027648926,-71.5112228393555,1017.1435546875,916.847778320312,-4.65231609344482,5.67133855819702,127.502777099609,70.7743148803711,-5.87183570861816,0.736818432807922,0.277817487716675,-0.0820511057972908,70
738505.48783707525581121445,69.539192199707,-4.07445001602173,12.5934944152832,-0.00377239426597953,0.00113343144766986,42.490779876709,-71.5110549926758,1016.23931884766,916.198303222656,-4.65207242965698,5.69197750091553,127.586959838867,70.7876892089844,-5.65005493164062,0.722013652324677,0.275738000869751,-0.0831686854362488,70
738505.48783930332865566015,69.526725769043,-3.91257977485657,12.7823448181152,-0.00377239426597953,0.00113343144766986,42.4907608032227,-71.5108947753906,1015.39013671875,915.599609375,-4.62093067169189,5.71205711364746,127.657386779785,70.8001556396484,-5.43307971954346,0.723366498947144,0.274182140827179,-0.0843500196933746,70
738505.48784163629170507193,69.5099639892578,-3.76115989685059,12.9778966903687,-0.00377239426597953,0.00113343144766986,42.4907379150391,-71.5107269287109,1014.53479003906,915.00732421875,-4.55838918685913,5.73280048370361,127.720069885254,70.8110656738281,-5.21217966079712,0.732746720314026,0.272990465164185,-0.0856786221265793,70
738505.48784400755539536476,69.4888153076172,-3.61829209327698,13.1755447387695,-0.00377239426597953,0.00113343144766986,42.4907150268555,-71.5105514526367,1013.6962890625,914.4375,-4.47786998748779,5.75390386581421,127.773941040039,70.8193664550781,-4.99863862991333,0.742081582546234,0.272179037332535,-0.0871236473321915,70
738505.48784639732912182808,69.4626617431641,-3.47817254066467,13.3779144287109,-0.00377239426597953,0.00113343144766986,42.4906883239746,-71.5103759765625,1012.86553955078,913.929992675781,-4.38535737991333,5.77574872970581,127.820526123047,70.8246307373047,-4.7927680015564,0.748682200908661,0.271722793579102,-0.0887103229761124,70
738505.48784871143288910389,69.4326553344727,-3.34501838684082,13.5758447647095,-0.00377239426597953,0.00113343144766986,42.490665435791,-71.5102005004883,1012.07885742188,913.538208007812,-4.28981113433838,5.78336143493652,127.858619689941,70.8264541625977,-4.60429811477661,0.761471211910248,0.27162104845047,-0.0903635397553444,70
738505.48785107443109154701,69.4005661010742,-3.2232449054718,13.7614631652832,-0.00377239426597953,0.00113343144766986,42.4906425476074,-71.5100326538086,1011.33801269531,913.183288574219,-4.18315029144287,5.41118764877319,127.889099121094,70.8251724243164,-4.43288660049438,0.826648473739624,0.271831095218658,-0.0920654460787773,70
738505.48785347491502761841,69.3664169311523,-3.08677005767822,13.9388704299927,-0.00377239426597953,0.00113343144766986,42.4906158447266,-71.5098648071289,1010.59722900391,912.844116210938,-4.1079306602478,4.79965591430664,127.914398193359,70.8203353881836,-4.2658486366272,0.847913920879364,0.272358924150467,-0.0939336344599724,70
738505.48785583465360105038,69.3352508544922,-2.97613954544067,14.0879507064819,-0.00377239426597953,0.00113343144766986,42.490592956543,-71.5096893310547,1009.88208007812,912.531982421875,-4.11310863494873,3.84483289718628,127.933349609375,70.8145751953125,-4.1076831817627,0.803892612457275,0.273202210664749,-0.0959040299057961,70
738505.48785811115521937609,69.3100967407227,-2.88251447677612,14.1996212005615,-0.00377239426597953,0.00113343144766986,42.4905662536621,-71.509521484375,1009.21246337891,912.251953125,-4.0937876701355,2.90243649482727,127.945838928223,70.8083877563477,-3.9641432762146,0.704344689846039,0.274287343025208,-0.0978896766901016,70
738505.48786045704036951065,69.2892227172852,-2.79396176338196,14.2806282043457,-0.00377239426597953,0.00113343144766986,42.4905433654785,-71.5093460083008,1008.54736328125,911.985290527344,-4.05848217010498,1.9329639673233,127.953598022461,70.8006973266602,-3.82716488838196,0.57927793264389,0.275638669729233,-0.100011713802814,70
738505.48786273575387895107,69.2754516601562,-2.72586822509766,14.3173370361328,-0.00377239426597953,0.00113343144766986,42.4905166625977,-71.5091857910156,1007.91302490234,911.740417480469,-4.02157354354858,0.381348609924316,127.956977844238,70.7919845581055,-3.70329284667969,0.578623473644257,0.277172714471817,-0.1021673604846,70
738505.48786502506118267775,69.2719039916992,-2.65241360664368,14.2993946075439,-0.00377239426597953,0.00113343144766986,42.4904937744141,-71.5090103149414,1007.28552246094,911.507019042969,-3.98388338088989,-1.57679438591003,127.956817626953,70.7820892333984,-3.58818030357361,0.403292298316956,0.27891281247139,-0.104420728981495,70
738505.48786731832660734653,69.2799301147461,-2.58221244812012,14.2170848846436,-0.00377239426597953,0.00113343144766986,42.4904670715332,-71.5088424682617,1006.67565917969,911.288696289062,-3.93834352493286,-3.51950287818909,127.953567504883,70.7707672119141,-3.4829432964325,0.16627836227417,0.280821532011032,-0.106727726757526,70
738505.48786962009035050869,69.298957824707,-2.51778388023376,14.0721664428711,-0.00377239426597953,0.00113343144766986,42.4904441833496,-71.5086822509766,1006.0859375,911.085083007812,-3.8896861076355,-5.43491077423096,127.947555541992,70.7581176757812,-3.38681721687317,-0.104051001369953,0.282875806093216,-0.109061017632484,70
738505.48787193314637988806,69.3291320800781,-2.45951461791992,13.8610124588013,-0.00377239426597953,0.00113343144766986,42.490421295166,-71.5085144042969,1005.50134277344,910.889587402344,-3.83977341651917,-7.36800384521484,127.938743591309,70.7439422607422,-3.29667544364929,-0.394529163837433,0.285113990306854,-0.111464738845825,70
738505.48787424201145768166,69.3700790405273,-2.41014742851257,13.5835151672363,-0.00377239426597953,0.00113343144766986,42.4903945922852,-71.5083389282227,1004.92486572266,910.701782226562,-3.7920708656311,-9.30469226837158,127.927200317383,70.7285537719727,-3.21301078796387,-0.690402805805206,0.287510216236115,-0.11390271037817,70
738505.48787649429868906736,69.4198837280273,-2.36766767501831,13.2486019134521,-0.00377239426597953,0.00113343144766986,42.4903717041016,-71.5081787109375,1004.36785888672,910.523498535156,-3.75011467933655,-11.097204208374,127.91332244873,70.7124557495117,-3.13776421546936,-1.0293961763382,0.28998926281929,-0.116287246346474,70
738505.48787880397867411375,69.4765853881836,-2.32720851898193,12.8620748519897,-0.00377239426597953,0.00113343144766986,42.4903526306152,-71.5080108642578,1003.81903076172,910.185180664062,-3.7411527633667,-12.1675958633423,127.896926879883,70.695442199707,-3.06885766983032,-1.41447198390961,0.292585521936417,-0.11865209788084,70
738505.48788118478842079639,69.5391998291016,-2.30940651893616,12.4233541488647,-0.00377239426597953,0.00113343144766986,42.4903297424316,-71.5078353881836,1003.25012207031,909.803649902344,-3.74784708023071,-13.018762588501,127.877090454102,70.6779556274414,-3.00361919403076,-1.69044077396393,0.295407801866531,-0.121082857251167,70
738505.48788365744985640049,69.6044082641602,-2.29956650733948,11.9480333328247,-0.00377239426597953,0.00113343144766986,42.490306854248,-71.5076522827148,1002.66540527344,909.406982421875,-3.73896956443787,-13.1978769302368,127.854148864746,70.6598663330078,-2.94536566734314,-1.96323955059052,0.29839825630188,-0.123511761426926,70
738505.48788603476714342833,69.6664657592773,-2.27899169921875,11.4662113189697,-0.00377239426597953,0.00113343144766986,42.4902839660645,-71.5074768066406,1002.09075927734,909.012634277344,-3.71497297286987,-13.1973819732666,127.829734802246,70.6405334472656,-2.89724683761597,-2.04556655883789,0.301406770944595,-0.125801458954811,70
738505.48788847378455102444,69.723274230957,-2.25755405426025,10.9951086044312,-0.00377239426597953,0.00113343144766986,42.4902648925781,-71.5073089599609,1001.53784179688,908.629211425781,-3.70033621788025,-13.1991729736328,127.804656982422,70.6209869384766,-2.85776972770691,-2.05645751953125,0.304374068975449,-0.127897828817368,70
738505.48789076914545148611,69.7774124145508,-2.23563599586487,10.514946937561,-0.00377239426597953,0.00113343144766986,42.4902458190918,-71.5071334838867,1000.98193359375,908.239624023438,-3.68849182128906,-13.2032318115234,127.777763366699,70.6006317138672,-2.82300782203674,-2.03073239326477,0.307435035705566,-0.129874557256699,70
738505.48789312446024268866,69.827392578125,-2.21449780464172,10.0392017364502,-0.00377239426597953,0.00113343144766986,42.4902267456055,-71.5069580078125,1000.43756103516,907.85400390625,-3.67750382423401,-13.2091636657715,127.749839782715,70.5801239013672,-2.79248404502869,-1.99128329753876,0.310510784387589,-0.131660044193268,70
738505.48789574450347572565,69.8732299804688,-2.19450330734253,9.56931781768799,-0.00377239426597953,0.00113343144766986,42.4902114868164,-71.5067901611328,999.905212402344,907.472900390625,-3.6664559841156,-13.2164478302002,127.721122741699,70.5595932006836,-2.76511406898499,-1.95169746875763,0.313593655824661,-0.133249014616013,70
738505.48789804812986403704,69.9217300415039,-2.17276191711426,9.02855205535889,-0.00377239426597953,0.00113343144766986,42.4901924133301,-71.506591796875,999.29833984375,907.033203125,-3.65323233604431,-13.2260503768921,127.686508178711,70.5356903076172,-2.73600721359253,-1.91395699977875,0.317198276519775,-0.134874686598778,70
738505.48790026293136179447,69.9593658447266,-2.15542364120483,8.56924629211426,-0.00377239426597953,0.00113343144766986,42.490177154541,-71.5064239501953,998.787048339844,906.658508300781,-3.64178371429443,-13.2349119186401,127.656326293945,70.5151824951172,-2.7131712436676,-1.89023578166962,0.320307821035385,-0.136043071746826,70
738505.48790258017834275961,69.9939727783203,-2.13905072212219,8.10725402832031,-0.00377239426597953,0.00113343144766986,42.4901657104492,-71.5062561035156,998.276428222656,906.280151367188,-3.63030290603638,-13.244234085083,127.625114440918,70.4943923950195,-2.69150924682617,-1.87405049800873,0.323477298021317,-0.137034058570862,70
738505.48790492629632353783,70.0267028808594,-2.12308692932129,7.62484073638916,-0.00377239426597953,0.00113343144766986,42.4901504516602,-71.5060806274414,997.746826171875,905.883117675781,-3.61862754821777,-13.2542915344238,127.591690063477,70.4725799560547,-2.67013883590698,-1.86408674716949,0.326829105615616,-0.137861952185631,70
738505.48790728847961872816,70.0551223754883,-2.10872626304626,7.15709352493286,-0.00377239426597953,0.00113343144766986,42.4901390075684,-71.5059127807617,997.236511230469,905.49609375,-3.60784649848938,-13.264214515686,127.558685302734,70.4513397216797,-2.65061402320862,-1.85939252376556,0.330117464065552,-0.138461291790009,70
738505.48790958418976515532,70.080940246582,-2.09515047073364,6.67722368240356,-0.00377239426597953,0.00113343144766986,42.4901275634766,-71.5057373046875,996.716003417969,905.0966796875,-3.59751796722412,-13.2744979858398,127.524208068848,70.4294891357422,-2.63171815872192,-1.8579638004303,0.333527773618698,-0.138861477375031,70
738505.48791186232119798660,70.1025772094727,-2.08321261405945,6.21628046035767,-0.00377239426597953,0.00113343144766986,42.4901161193848,-71.5055694580078,996.218811035156,904.710571289062,-3.58840274810791,-13.2844409942627,127.490753173828,70.4084701538086,-2.61467385292053,-1.85863316059113,0.336835622787476,-0.139037504792213,70
738505.48791416257154196501,70.1212844848633,-2.07227849960327,5.7518310546875,-0.00377239426597953,0.00113343144766986,42.490104675293,-71.5054016113281,995.720275878906,904.318908691406,-3.58008098602295,-13.2945175170898,127.456672668457,70.3873062133789,-2.59855031967163,-1.8604633808136,0.340197145938873,-0.139004990458488,70
738505.48791657411493360996,70.1375427246094,-2.06202363967896,5.26684951782227,-0.00377239426597953,0.00113343144766986,42.4900970458984,-71.5052261352539,995.202087402344,903.906860351562,-3.57232713699341,-13.30504322052,127.420700073242,70.365234375,-2.58282256126404,-1.8629002571106,0.343734830617905,-0.138744056224823,70
738505.48791885271202772856,70.1503524780273,-2.05304670333862,4.78733730316162,-0.00377239426597953,0.00113343144766986,42.4900894165039,-71.5050506591797,994.692016601562,903.496154785156,-3.56562423706055,-13.3154602050781,127.38493347168,70.3434829711914,-2.56841921806335,-1.8654248714447,0.347257345914841,-0.138258501887321,70
738505.48792141547892242670,70.1605834960938,-2.04466819763184,4.27038240432739,-0.00377239426597953,0.00113343144766986,42.4900817871094,-71.5048675537109,994.144226074219,903.049377441406,-3.55946135520935,-13.3267316818237,127.346084594727,70.3201522827148,-2.55411005020142,-1.86812365055084,0.351078867912292,-0.137469872832298,70
738505.48792390502057969570,70.1669921875,-2.03780627250671,3.7670259475708,-0.00377239426597953,0.00113343144766986,42.4900741577148,-71.5046844482422,993.612670898438,902.610107421875,-3.55450320243835,-13.3377523422241,127.308288574219,70.2975845336914,-2.54148030281067,-1.87059557437897,0.354820847511292,-0.136451721191406,70
738505.48792632436379790306,70.169921875,-2.03222346305847,3.26558065414429,-0.00377239426597953,0.00113343144766986,42.4900665283203,-71.5045013427734,993.084655761719,902.168090820312,-3.55058836936951,-13.3487634658813,127.270645141602,70.275260925293,-2.53014206886292,-1.87295663356781,0.358565151691437,-0.135179758071899,70
738505.48792876512743532658,70.16943359375,-2.02786755561829,2.76460933685303,-0.00377239426597953,0.00113343144766986,42.490062713623,-71.5043258666992,992.558410644531,901.721740722656,-3.54765963554382,-13.3597822189331,127.233116149902,70.2531509399414,-2.52004814147949,-1.87514591217041,0.362318813800812,-0.133652850985527,70
738505.48793118691537529230,70.165641784668,-2.0247654914856,2.27028274536133,-0.00377239426597953,0.00113343144766986,42.4900588989258,-71.5041427612305,992.040100097656,901.029907226562,-3.54571771621704,-13.3706827163696,127.196212768555,70.2315521240234,-2.51129460334778,-1.87724256515503,0.366031974554062,-0.131896451115608,70
738505.48793353082146495581,70.1587982177734,-2.02287554740906,1.78728258609772,-0.00377239426597953,0.00113343144766986,42.4900550842285,-71.5039672851562,991.534301757812,900.072021484375,-3.54473233222961,-13.3813533782959,127.160385131836,70.2107009887695,-2.50389456748962,-1.87929332256317,0.369666129350662,-0.12993922829628,70
738505.48793599870987236500,70.148551940918,-2.02258014678955,1.2889564037323,-0.00377239426597953,0.00113343144766986,42.4900550842285,-71.503791809082,991.011840820312,899.078125,-3.54444408416748,-13.3467969894409,127.123519897461,70.1895446777344,-2.49743247032166,-1.8992680311203,0.373425990343094,-0.127657741308212,70
738505.48793831246439367533,70.1361541748047,-2.0331404209137,0.828426837921143,-0.00377239426597953,0.00113343144766986,42.4900512695312,-71.5036163330078,990.514099121094,898.129089355469,-3.54227590560913,-12.7625360488892,127.088920593262,70.1705093383789,-2.4928297996521,-1.98715209960938,0.376991987228394,-0.12526698410511,70
738505.48794063820969313383,70.120231628418,-2.03327131271362,0.377169460058212,-0.00377239426597953,0.00113343144766986,42.4900512695312,-71.5034408569336,990.003356933594,897.151916503906,-3.53219962120056,-11.867377281189,127.053939819336,70.1507186889648,-2.49006748199463,-2.02942681312561,0.380635052919388,-0.122562378644943,70
738505.48794288025237619877,70.1036758422852,-2.03793692588806,-8.06711614131927e-05,-0.00377239426597953,0.00113343144766986,42.4900512695312,-71.5032806396484,989.528137207031,896.240417480469,-3.56723284721375,-10.0942258834839,127.022041320801,70.1332931518555,-2.48877501487732,-2.11018133163452,0.384010702371597,-0.119850046932697,70
738505.48794519633520394564,70.0861206054688,-2.04010581970215,-0.3292555809021,-0.00377239426597953,0.00113343144766986,42.4900550842285,-71.5031127929688,989.037048339844,896.140563964844,-3.60844731330872,-7.91178750991821,126.989479064941,70.116584777832,-2.48855328559875,-1.9609911441803,0.387484043836594,-0.116824150085449,70
738505.48794756457209587097,70.0675430297852,-2.0373101234436,-0.601471722126007,-0.00377239426597953,0.00113343144766986,42.4900550842285,-71.5029373168945,988.518371582031,896.135314941406,-3.62307238578796,-5.61165761947632,126.955451965332,70.0997314453125,-2.48902153968811,-1.69452786445618,0.391146034002304,-0.113378562033176,70
738505.48794997157528996468,70.0495300292969,-2.03059363365173,-0.79416286945343,-0.00377239426597953,0.00113343144766986,42.4900588989258,-71.5027618408203,988.004211425781,896.129150390625,-3.61612439155579,-3.33330368995667,126.922248840332,70.0834579467773,-2.48935341835022,-1.36601853370667,0.39478388428688,-0.109731428325176,70
738505.48795248416718095541,70.0317153930664,-2.02091860771179,-0.911738097667694,-0.00377239426597953,0.00113343144766986,42.4900588989258,-71.5025787353516,987.472351074219,896.123046875,-3.59155058860779,-0.975166976451874,126.888526916504,70.0667953491211,-2.48869585990906,-0.995270013809204,0.398570895195007,-0.105718955397606,70
738505.48795482784043997526,70.0155868530273,-2.01129198074341,-0.944779515266418,-0.00377239426597953,0.00113343144766986,42.490062713623,-71.5023956298828,986.961975097656,896.118713378906,-3.55639410018921,1.29064619541168,126.856903076172,70.0508422851562,-2.48658156394958,-0.630904018878937,0.402239561080933,-0.101680293679237,70
738505.48795715242158621550,70.0008239746094,-1.99941051006317,-0.901375770568848,-0.00377239426597953,0.00113343144766986,42.4900665283203,-71.5022277832031,986.46337890625,896.116271972656,-3.52175188064575,3.45368885993958,126.826583862305,70.0351715087891,-2.4830117225647,-0.24955914914608,0.405860483646393,-0.0975492298603058,70
738505.48795959644485265017,69.9872131347656,-1.99335944652557,-0.78874272108078,-0.00377239426597953,0.00113343144766986,42.4900665283203,-71.5020523071289,985.961730957031,896.165405273438,-3.54532527923584,5.18637275695801,126.796371459961,70.0200347900391,-2.47763609886169,0.149409070611,0.409555315971375,-0.0932225957512856,70
738505.48796201706863939762,69.9757995605469,-2.00353598594666,-0.615775048732758,-0.00377239426597953,0.00113343144766986,42.4900703430176,-71.5018692016602,985.446228027344,896.938110351562,-3.6350793838501,6.58878087997437,126.765716552734,70.0071868896484,-2.47148561477661,0.545109987258911,0.413367241621017,-0.0886749178171158,70
738505.48796438099816441536,69.9674606323242,-2.06163144111633,-0.411256521940231,-0.00377239426597953,0.00113343144766986,42.4900703430176,-71.5016937255859,984.934814453125,897.689025878906,-3.86751747131348,7.26790046691895,126.736137390137,69.9990310668945,-2.46766781806946,0.851286947727203,0.417095273733139,-0.0841424688696861,70
738505.48796662501990795135,69.9543914794922,-2.17111110687256,-0.201894342899323,-0.00377239426597953,0.00113343144766986,42.4900741577148,-71.5015335083008,984.436462402344,898.3779296875,-4.06862354278564,7.81918478012085,126.708892822266,69.9883651733398,-2.47199273109436,1.00850069522858,0.420520126819611,-0.079847663640976,70
738505.48796890641096979380,69.9376602172852,-2.31030488014221,0.0271797515451908,-0.00377239426597953,0.00113343144766986,42.4900741577148,-71.5013656616211,983.905944824219,899.052124023438,-4.19903421401978,8.39432048797607,126.68180847168,69.9758148193359,-2.49158120155334,1.10312843322754,0.423817366361618,-0.0754504203796387,70
738505.48797131318133324385,69.9220428466797,-2.4528112411499,0.294491112232208,-0.00377239426597953,0.00113343144766986,42.4900741577148,-71.5011901855469,983.315856933594,899.732788085938,-4.20916128158569,9.23527145385742,126.654479980469,69.9656753540039,-2.53384017944336,1.14286470413208,0.427014768123627,-0.0707869604229927,70
738505.48797382507473230362,69.9137191772461,-2.56175780296326,0.602804899215698,-0.00377239426597953,0.00113343144766986,42.4900741577148,-71.5010070800781,982.689086914062,900.401672363281,-4.21040630340576,10.1473407745361,126.629867553711,69.9632339477539,-2.59813022613525,1.20447659492493,0.429950416088104,-0.0660564973950386,70
738505.48797620402183383703,69.9102401733398,-2.66197085380554,0.942231833934784,-0.00377239426597953,0.00113343144766986,42.4900741577148,-71.5008316040039,982.044494628906,901.045532226562,-4.23574829101562,11.0534496307373,126.610458374023,69.9672470092773,-2.67647814750671,1.27424740791321,0.432575613260269,-0.0614076144993305,70
738505.48797850357368588448,69.9091415405273,-2.75039172172546,1.29731357097626,-0.00377239426597953,0.00113343144766986,42.4900703430176,-71.5006561279297,981.405883789062,900.881164550781,-4.27833890914917,11.7810392379761,126.597717285156,69.9752502441406,-2.75992250442505,1.40409231185913,0.434850513935089,-0.0570060983300209,70
738505.48798087111208587885,69.9082870483398,-2.84446930885315,1.67337107658386,-0.00377239426597953,0.00113343144766986,42.4900703430176,-71.5004806518555,980.745666503906,900.223571777344,-4.36910247802734,12.1688194274902,126.59114074707,69.9861373901367,-2.84807229042053,1.52418828010559,0.436914414167404,-0.0526464842259884,70
738505.48798320197965949774,69.9064483642578,-2.9471971988678,2.05685544013977,-0.00377239426597953,0.00113343144766986,42.4900665283203,-71.5003128051758,980.073059082031,899.554260253906,-4.45971488952637,12.5248565673828,126.590538024902,69.9987716674805,-2.93771243095398,1.59781777858734,0.438733220100403,-0.0484340824186802,70
738505.48798549617640674114,69.9040145874023,-3.05082678794861,2.44899153709412,-0.00377239426597953,0.00113343144766986,42.490062713623,-71.5001449584961,979.385803222656,898.871032714844,-4.55977869033813,12.8745250701904,126.595520019531,70.0134048461914,-3.02908301353455,1.65528094768524,0.440307706594467,-0.0443647317588329,70
738505.48798785544931888580,69.9000701904297,-3.16673970222473,2.85903716087341,-0.00377239426597953,0.00113343144766986,42.4900588989258,-71.4999694824219,978.661804199219,898.152099609375,-4.73785161972046,13.1841249465942,126.605888366699,70.030158996582,-3.12510776519775,1.70488810539246,0.441672772169113,-0.0403256267309189,70
738505.48799018585123121738,69.8917465209961,-3.31257653236389,3.26693820953369,-0.00377239426597953,0.00113343144766986,42.4900550842285,-71.4998016357422,977.920104980469,897.416259765625,-5.00586080551147,13.4548206329346,126.620346069336,70.0464324951172,-3.22370362281799,1.73788630962372,0.442756682634354,-0.0364749692380428,70
738505.48799255734775215387,69.8736267089844,-3.53185367584229,3.67451953887939,-0.00377239426597953,0.00113343144766986,42.490047454834,-71.499626159668,977.12890625,896.631774902344,-5.5226936340332,13.7365207672119,126.637359619141,70.0592575073242,-3.33188319206238,1.74890065193176,0.443533778190613,-0.0326993092894554,70
738505.48799489822704344988,69.8299026489258,-3.87908291816711,4.0618371963501,-0.00377239426597953,0.00113343144766986,42.4900436401367,-71.4994506835938,976.271118164062,895.781677246094,-6.06206512451172,14.020188331604,126.652824401855,70.0554122924805,-3.45904588699341,1.77620363235474,0.443840742111206,-0.0290557984262705,70
738505.48799721233081072569,69.7766952514648,-4.26868152618408,4.42880725860596,-0.00377239426597953,0.00113343144766986,42.4900360107422,-71.4992828369141,975.369995117188,894.888732910156,-6.51556301116943,14.2894802093506,126.662155151367,70.0472946166992,-3.6131751537323,1.81865918636322,0.443474143743515,-0.0257119350135326,70
738505.48799955064896494150,69.7289810180664,-4.70362758636475,4.80425786972046,-0.00377239426597953,0.00113343144766986,42.4900283813477,-71.4991073608398,974.361511230469,893.889404296875,-6.93347024917603,14.5640439987183,126.665672302246,70.0523834228516,-3.81320810317993,1.85946917533875,0.442249298095703,-0.0224445220082998,70
738505.48800182912964373827,69.6877059936523,-5.13024234771729,5.17285871505737,-0.00377239426597953,0.00113343144766986,42.4900207519531,-71.4989395141602,973.302978515625,892.840515136719,-7.25663566589355,14.8459205627441,126.667091369629,70.067497253418,-4.0489673614502,1.89492464065552,0.440132766962051,-0.019466046243906,70
738505.48800419142935425043,69.6519165039062,-5.5574746131897,5.55749130249023,-0.00377239426597953,0.00113343144766986,42.4900093078613,-71.4987716674805,972.141967773438,891.690063476562,-7.44275617599487,15.1448631286621,126.671890258789,70.0939483642578,-4.32939195632935,1.93451070785522,0.436982542276382,-0.0166028421372175,70
738505.48800646618474274874,69.6250381469727,-5.89446353912354,5.96887063980103,-0.00377239426597953,0.00113343144766986,42.4900016784668,-71.4986038208008,970.920715332031,890.47998046875,-7.46354103088379,15.4217824935913,126.685661315918,70.1285858154297,-4.63866281509399,1.98282599449158,0.432879745960236,-0.0139520335942507,70
738505.48800878564361482859,69.6197204589844,-6.18207168579102,6.42394924163818,-0.00377239426597953,0.00113343144766986,42.489990234375,-71.4984283447266,969.591064453125,888.777282714844,-7.54441928863525,15.7058210372925,126.714286804199,70.1882476806641,-4.97821474075317,2.00626158714294,0.427686452865601,-0.0113740637898445,70
738505.48801108868792653084,69.6289825439453,-6.43150663375854,6.88702964782715,-0.00377239426597953,0.00113343144766986,42.4899787902832,-71.4982604980469,968.240905761719,886.872009277344,-7.65770816802979,15.983057975769,126.759811401367,70.2637252807617,-5.3110556602478,2.02387499809265,0.421826601028442,-0.00905186496675014,70
738505.48801343084778636694,69.645881652832,-6.66146945953369,7.36319446563721,-0.00377239426597953,0.00113343144766986,42.4899673461914,-71.4980926513672,966.848815917969,884.924194335938,-7.7873911857605,16.2571582794189,126.824829101562,70.3501281738281,-5.63399267196655,2.04619240760803,0.415311098098755,-0.00692300405353308,70
738505.48801576532423496246,69.6671600341797,-6.88375186920166,7.86089468002319,-0.00377239426597953,0.00113343144766986,42.4899559020996,-71.4979248046875,965.386352539062,882.893493652344,-7.92675924301147,16.5333518981934,126.911972045898,70.4463806152344,-5.94826889038086,2.07545399665833,0.408052116632462,-0.00495106121525168,70
738505.48801812564488500357,69.6894607543945,-7.10946083068848,8.3725414276123,-0.00377239426597953,0.00113343144766986,42.4899406433105,-71.4977493286133,963.860534667969,881.156921386719,-7.97432231903076,16.7263164520264,127.02123260498,70.5497360229492,-6.24925565719604,2.14555072784424,0.400107443332672,-0.00316519988700747,70
738505.48802051029633730650,69.7222747802734,-7.24544286727905,8.91155815124512,-0.00377239426597953,0.00113343144766986,42.4899253845215,-71.4975738525391,962.315490722656,880.5859375,-7.87719345092773,16.7836456298828,127.149703979492,70.6619338989258,-6.52908229827881,2.20302176475525,0.391699552536011,-0.00162267952691764,70
738505.48802287958096712828,69.765754699707,-7.33713674545288,9.48539924621582,-0.00377239426597953,0.00113343144766986,42.4899101257324,-71.4973983764648,960.705200195312,879.978088378906,-7.83216142654419,16.843936920166,127.303237915039,70.7888870239258,-6.7919135093689,2.22155284881592,0.382609218358994,-0.000266417919192463,70
738505.48802527168300002813,69.8111190795898,-7.40178251266479,10.064079284668,-0.00377239426597953,0.00113343144766986,42.4898910522461,-71.4972229003906,959.099365234375,879.363403320312,-7.81351566314697,16.9047565460205,127.47509765625,70.9201278686523,-7.0205397605896,2.22495365142822,0.373310506343842,0.000831106153782457,70
738505.48802762886043637991,69.8519744873047,-7.44839334487915,10.6446590423584,-0.00377239426597953,0.00113343144766986,42.4898719787598,-71.4970550537109,957.500061035156,878.745849609375,-7.80533409118652,16.9654273986816,127.662773132324,71.0498809814453,-7.21454524993896,2.22513222694397,0.363888591527939,0.00167205522302538,70
738505.48802996089216321707,69.8858413696289,-7.49764776229858,11.2294769287109,-0.00377239426597953,0.00113343144766986,42.4898529052734,-71.4968795776367,955.882568359375,878.116760253906,-7.7287769317627,16.9864826202393,127.866409301758,71.1782760620117,-7.37857866287231,2.24540019035339,0.354248106479645,0.0022685241419822,70
738505.48803230666089802980,69.9101791381836,-7.46900081634521,11.8226175308228,-0.00377239426597953,0.00113343144766986,42.4898338317871,-71.4967041015625,954.281921386719,877.492553710938,-7.3323073387146,16.5100879669189,128.079071044922,71.2951202392578,-7.51307344436646,2.4115424156189,0.344605684280396,0.002603430300951,70
738505.48803470353595912457,69.9258117675781,-7.32924461364746,12.4203720092773,-0.00377239426597953,0.00113343144766986,42.4898109436035,-71.4965362548828,952.677612304688,876.879333496094,-6.92618274688721,14.7788209915161,128.303176879883,71.3974990844727,-7.61743021011353,2.62734580039978,0.334821045398712,0.0026722839102149,70
738505.48803706082981079817,69.9441299438477,-7.10515832901001,12.9475803375244,-0.00377239426597953,0.00113343144766986,42.4897880554199,-71.4963531494141,951.089111328125,876.297241210938,-6.65078973770142,10.7795190811157,128.532577514648,71.4863891601562,-7.67948293685913,2.72503113746643,0.325103342533112,0.00246310117654502,70
738505.48803946818225085735,69.9812622070312,-6.8117208480835,13.3296728134155,-0.00377239426597953,0.00113343144766986,42.4897651672363,-71.4961853027344,949.578247070312,875.778686523438,-6.39136171340942,6.40076541900635,128.75358581543,71.5643539428711,-7.68798351287842,2.33801674842834,0.315944403409958,0.00197783252224326,70
738505.48804187623318284750,70.0411987304688,-6.44710779190063,13.5649089813232,-0.00377239426597953,0.00113343144766986,42.4897422790527,-71.4960021972656,948.109130859375,875.320678710938,-6.09301567077637,2.4987587928772,128.968643188477,71.6333847045898,-7.63682794570923,1.54788327217102,0.307244956493378,0.00120757066179067,70
738505.48804430826567113400,70.1083221435547,-6.05946922302246,13.6994028091431,-0.00377239426597953,0.00113343144766986,42.4897155761719,-71.4958267211914,946.696411132812,874.9365234375,-5.74125528335571,1.88153433799744,129.173034667969,71.6907806396484,-7.52043294906616,0.45906263589859,0.299221992492676,0.000147276252391748,70
738505.48804668011143803596,70.163948059082,-5.6354079246521,13.8037443161011,-0.00377239426597953,0.00113343144766986,42.4896926879883,-71.4956512451172,945.407104492188,874.825927734375,-5.33403825759888,1.93249797821045,129.354827880859,71.7306137084961,-7.34823417663574,0.0144365513697267,0.292330980300903,-0.00112484465353191,70
738505.48804907430894672871,70.2066040039062,-5.19085502624512,13.9002809524536,-0.00377239426597953,0.00113343144766986,42.4896659851074,-71.4954681396484,944.200561523438,874.977478027344,-4.93794345855713,1.98252141475677,129.518447875977,71.757438659668,-7.1197452545166,-0.174871832132339,0.286407589912415,-0.00261289207264781,70
738505.48805146012455224991,70.2353973388672,-4.73768043518066,13.9884481430054,-0.00377239426597953,0.00113343144766986,42.4896430969238,-71.4952926635742,943.085571289062,875.222595214844,-4.56038427352905,1.96204495429993,129.661102294922,71.7714004516602,-6.84134244918823,-0.177905812859535,0.281561821699142,-0.00429102638736367,70
738505.48805384070146828890,70.2530136108398,-4.30486869812012,14.0550079345703,-0.00377239426597953,0.00113343144766986,42.489616394043,-71.4951171875,942.078247070312,875.024169921875,-4.29562520980835,1.24209892749786,129.779571533203,71.7743759155273,-6.52660703659058,-0.0096579110249877,0.277892351150513,-0.00610007205978036,70
738505.48805622279178351164,70.2635803222656,-3.89800834655762,14.0844497680664,-0.00377239426597953,0.00113343144766986,42.4895896911621,-71.4949417114258,941.136657714844,874.406494140625,-4.08637523651123,0.172133237123489,129.877716064453,71.7672424316406,-6.17317342758179,0.0272941682487726,0.275265395641327,-0.00808828324079514,70
738505.48805857065599411726,70.2681503295898,-3.52488303184509,14.0743141174316,-0.00377239426597953,0.00113343144766986,42.4895668029785,-71.4947662353516,940.299987792969,873.262878417969,-3.92798185348511,-0.578376591205597,129.95100402832,71.7504272460938,-5.81012868881226,-0.0705030187964439,0.27375528216362,-0.010132166557014,70
738505.48806101258378475904,70.2671432495117,-3.17205715179443,14.0346736907959,-0.00377239426597953,0.00113343144766986,42.4895401000977,-71.4945831298828,939.496643066406,872.964050292969,-3.74466729164124,-1.0481766462326,130.005142211914,71.7252044677734,-5.41804695129395,-0.160479441285133,0.273209750652313,-0.0123929958790541,70
738505.48806337453424930573,70.2602233886719,-2.86122608184814,13.9833059310913,-0.00377239426597953,0.00113343144766986,42.4895133972168,-71.4944152832031,938.799133300781,872.451416015625,-3.58154392242432,-1.12528121471405,130.036026000977,71.6953125,-5.04634380340576,-0.251617789268494,0.27361387014389,-0.0146140623837709,70
738505.48806578118819743395,70.2458419799805,-2.56138730049133,13.9250926971436,-0.00377239426597953,0.00113343144766986,42.4894905090332,-71.4942321777344,938.147766113281,871.958374023438,-3.39023876190186,-1.16305017471313,130.048538208008,71.6585464477539,-4.67294597625732,-0.274131566286087,0.274888187646866,-0.0169613920152187,70
738505.48806824325583875179,70.2235946655273,-2.26831245422363,13.8624935150146,-0.00377239426597953,0.00113343144766986,42.4894638061523,-71.4940567016602,937.550598144531,871.420959472656,-3.19292497634888,-1.19583916664124,130.043258666992,71.6147155761719,-4.30720853805542,-0.278547197580338,0.277008384466171,-0.0193884503096342,70
738505.48807068110909312963,70.1934051513672,-1.98672115802765,13.7962293624878,-0.00377239426597953,0.00113343144766986,42.4894371032715,-71.4938735961914,937.004821777344,870.935852050781,-3.0088996887207,-1.1983517408371,130.020889282227,71.5639419555664,-3.94979214668274,-0.274511396884918,0.279979646205902,-0.0218929313123226,70
738505.48807307996321469545,70.1571502685547,-1.72576487064362,13.7304811477661,-0.00377239426597953,0.00113343144766986,42.4894142150879,-71.4936981201172,936.532836914062,870.522521972656,-2.82192921638489,-1.19899547100067,129.984344482422,71.5089492797852,-3.61948943138123,-0.261771380901337,0.283595681190491,-0.0243272669613361,70
738505.48807540175039321184,70.1148910522461,-1.47748863697052,13.6646947860718,-0.00377239426597953,0.00113343144766986,42.4893913269043,-71.493522644043,936.12158203125,870.168701171875,-2.63561725616455,-1.19883799552917,129.93522644043,71.4493179321289,-3.30993151664734,-0.248925194144249,0.287818342447281,-0.026724161580205,70
738505.48807793238665908575,70.0634002685547,-1.22298681735992,13.5942573547363,-0.00377239426597953,0.00113343144766986,42.4893646240234,-71.4933395385742,935.742797851562,869.850219726562,-2.43932008743286,-1.19823956489563,129.86994934082,71.3805236816406,-2.99774789810181,-0.2379429936409,0.292953699827194,-0.0292715579271317,70
738505.48808035254478454590,70.0040130615234,-0.971228301525116,13.5216608047485,-0.00377239426597953,0.00113343144766986,42.4893379211426,-71.4931564331055,935.413452148438,869.581909179688,-2.24170541763306,-1.19688081741333,129.790542602539,71.3045654296875,-2.69490218162537,-0.230643391609192,0.298872798681259,-0.0318455696105957,70
738505.48808271600864827633,69.9403762817383,-0.735881924629211,13.451922416687,-0.00377239426597953,0.00113343144766986,42.489315032959,-71.4929809570312,935.147766113281,869.374755859375,-2.06128454208374,-1.14137923717499,129.702438354492,71.2260589599609,-2.41621828079224,-0.241348132491112,0.305206716060638,-0.0343019962310791,70
738505.48808511823881417513,69.8727951049805,-0.504606008529663,13.3851585388184,-0.00377239426597953,0.00113343144766986,42.4892921447754,-71.492805480957,934.93505859375,869.219299316406,-1.99490344524384,-1.04621720314026,129.604995727539,71.1450958251953,-2.15286755561829,-0.243368536233902,0.312016606330872,-0.0366967432200909,70
738505.48808756889775395393,69.8047027587891,-0.34556120634079,13.320029258728,-0.00377239426597953,0.00113343144766986,42.4892654418945,-71.4926223754883,934.75537109375,869.099792480469,-2.30251026153564,-0.976346433162689,129.490112304688,71.0650329589844,-1.88423466682434,-0.263376742601395,0.319820135831833,-0.0392117984592915,70
738505.48809012840501964092,69.7449035644531,-0.33948615193367,13.2591371536255,-0.00377239426597953,0.00113343144766986,42.4892425537109,-71.4924392700195,934.585205078125,868.991455078125,-2.63001990318298,-0.932035505771637,129.359878540039,70.994873046875,-1.62869000434875,-0.252230793237686,0.328358918428421,-0.0417878217995167,70
738505.48809246206656098366,69.6803588867188,-0.396138489246368,13.2029027938843,-0.00377239426597953,0.00113343144766986,42.4892158508301,-71.4922637939453,934.42041015625,868.884094238281,-2.84895181655884,-0.916987955570221,129.231781005859,70.9212646484375,-1.42786371707916,-0.213393941521645,0.336517751216888,-0.044156689196825,70
738505.48809482110664248466,69.6088485717773,-0.498925894498825,13.1469669342041,-0.00377239426597953,0.00113343144766986,42.4891929626465,-71.4920883178711,934.238037109375,868.759338378906,-3.03281545639038,-0.908066868782043,129.098052978516,70.8412551879883,-1.27239513397217,-0.18313179910183,0.344694465398788,-0.0465209372341633,70
738505.48809721227735280991,69.5339889526367,-0.632100939750671,13.0909042358398,-0.00377239426597953,0.00113343144766986,42.4891700744629,-71.4919128417969,934.026977539062,868.606872558594,-3.19966053962708,-0.898494243621826,128.956939697266,70.7583694458008,-1.1654896736145,-0.164943888783455,0.352876722812653,-0.0489170476794243,70
738505.48809955862816423178,69.4624328613281,-0.776877224445343,13.0382509231567,-0.00377239426597953,0.00113343144766986,42.4891471862793,-71.4917449951172,933.796569824219,868.4326171875,-3.35178351402283,-0.888828337192535,128.818511962891,70.6797637939453,-1.11122703552246,-0.158569127321243,0.360468804836273,-0.0511867478489876,70
738505.48810194293037056923,69.3916397094727,-0.934545695781708,12.9859247207642,-0.00377239426597953,0.00113343144766986,42.4891242980957,-71.491569519043,933.531555175781,868.224548339844,-3.51517510414124,-0.878616988658905,128.675720214844,70.6024627685547,-1.1003360748291,-0.160281464457512,0.36785876750946,-0.05347740650177,70
738505.48810427973512560129,69.3234176635742,-1.10250008106232,12.9352426528931,-0.0328822061419487,0.00113343144766986,42.4891014099121,-71.4914016723633,933.23681640625,867.985961914062,-3.7401397228241,-0.868277013301849,128.533843994141,70.5285186767578,-1.12790215015411,-0.169945135712624,0.374797254800797,-0.0557237192988396,70
738505.48810669896192848682,69.2474365234375,-1.3318384885788,12.8826808929443,-0.0838164985179901,0.00113343144766986,42.4890785217285,-71.4912185668945,932.887756347656,867.695617675781,-4.21354722976685,-0.857337176799774,128.384384155273,70.4481735229492,-1.19229423999786,-0.196508586406708,0.381627261638641,-0.0580553524196148,70
738505.48810910759493708611,69.1603927612305,-1.67971408367157,12.8305711746216,-0.12472502887249,0.00113343144766986,42.4890556335449,-71.4910430908203,932.481384277344,867.347290039062,-4.85614776611328,-0.845890939235687,128.232955932617,70.3605346679688,-1.29243099689484,-0.216305941343307,0.387836068868637,-0.0603337660431862,70
738505.48811149632092565298,69.0700607299805,-2.14448046684265,12.7796964645386,-0.12472502887249,0.00113343144766986,42.4890327453613,-71.4908676147461,931.987915039062,866.911560058594,-5.18286037445068,-0.831315994262695,128.075942993164,70.2751235961914,-1.43884563446045,-0.186477363109589,0.393243372440338,-0.0625854432582855,70
738505.48811381054110825062,68.9986877441406,-2.47475266456604,12.7335453033447,-0.12472502887249,0.00113343144766986,42.4890098571777,-71.4907073974609,931.444213867188,866.422180175781,-4.97285461425781,-0.795057535171509,127.928100585938,70.2074508666992,-1.62666380405426,-0.122894331812859,0.397412717342377,-0.0646798610687256,70
738505.48811613942962139845,68.9612655639648,-2.64063549041748,12.691351890564,-0.12472502887249,0.00113343144766986,42.4889869689941,-71.4905319213867,930.829956054688,865.8642578125,-4.65941333770752,-0.755079448223114,127.783485412598,70.1690826416016,-1.86017990112305,-0.101127289235592,0.40086841583252,-0.0668530538678169,70
738505.48811860056594014168,68.9590454101562,-2.70325350761414,12.653995513916,-0.12472502887249,0.00113343144766986,42.4889640808105,-71.4903564453125,930.169372558594,865.262329101562,-4.4537239074707,-0.713316082954407,127.652389526367,70.1625366210938,-2.1122784614563,-0.129484876990318,0.403800129890442,-0.069101944565773,70
738505.48812106787227094173,68.9730377197266,-2.71217393875122,12.6201362609863,-0.12472502887249,0.00113343144766986,42.488941192627,-71.4901809692383,929.509460449219,864.660339355469,-4.31777191162109,-0.671985685825348,127.548416137695,70.1705322265625,-2.3423023223877,-0.162159651517868,0.406329572200775,-0.0713011994957924,70
738505.48812346649356186390,68.9887466430664,-2.69461846351624,12.5876693725586,-0.12472502887249,0.00113343144766986,42.4889183044434,-71.4900054931641,928.863037109375,864.070861816406,-4.22309255599976,-0.631814002990723,127.472442626953,70.1794662475586,-2.53385782241821,-0.181723907589912,0.408652991056442,-0.0734351873397827,70
738505.48812586592976003885,69.0000305175781,-2.66476154327393,12.5576887130737,-0.12472502887249,0.00113343144766986,42.4888954162598,-71.4898452758789,928.272094726562,863.532409667969,-4.15439939498901,-0.594931542873383,127.422714233398,70.1840515136719,-2.67617321014404,-0.186404675245285,0.410760819911957,-0.0754065588116646,70
738505.48812836245633661747,69.0038986206055,-2.61718153953552,12.5198583602905,-0.12472502887249,0.00113343144766986,42.4888725280762,-71.4896469116211,927.553649902344,862.87841796875,-4.08268260955811,-0.548823177814484,127.382339477539,70.1793060302734,-2.80567502975464,-0.174654617905617,0.413400888442993,-0.0777978524565697,70
738505.48813087365124374628,68.9939422607422,-2.56790018081665,12.4835968017578,-0.12472502887249,0.00113343144766986,42.4888496398926,-71.4894638061523,926.89892578125,862.283447265625,-4.0239086151123,-0.505182564258575,127.35782623291,70.1612319946289,-2.8850474357605,-0.148204982280731,0.415941119194031,-0.0799876376986504,70
738505.48813333373982459307,68.9652557373047,-2.51860928535461,12.4462013244629,-0.12472502887249,0.00113343144766986,42.488826751709,-71.4892883300781,926.268920898438,861.711853027344,-3.97116994857788,-0.460984706878662,127.337951660156,70.1245880126953,-2.93130826950073,-0.107644222676754,0.418542414903641,-0.0821139514446259,70
738505.48813576949760317802,68.9175872802734,-2.47151398658752,12.4072847366333,-0.12472502887249,0.00113343144766986,42.4888038635254,-71.4891128540039,925.649108886719,861.150390625,-3.92333936691284,-0.416242867708206,127.314231872559,70.0691299438477,-2.9527428150177,-0.0547961965203285,0.42127001285553,-0.0842280983924866,70
738505.48813831887673586607,68.8590316772461,-2.42794489860535,12.3679113388062,-0.12472502887249,0.00113343144766986,42.4887771606445,-71.4889297485352,925.019226074219,860.580688476562,-3.88053965568542,-0.371711879968643,127.278511047363,70.0030517578125,-2.9550666809082,0.00159839761909097,0.424216568470001,-0.0863962098956108,70
738505.48814070248045027256,68.8034057617188,-2.39232754707336,12.3334074020386,-0.12472502887249,0.00113343144766986,42.4887580871582,-71.4887542724609,924.433166503906,860.05126953125,-3.84663343429565,-0.33185076713562,127.231353759766,69.9410095214844,-2.94418621063232,0.0421947836875916,0.427110522985458,-0.0884167850017548,70
738505.48814312159083783627,68.7500534057617,-2.36128997802734,12.3017282485962,-0.12472502887249,0.00113343144766986,42.4887351989746,-71.4885787963867,923.845031738281,859.520629882812,-3.81793165206909,-0.293037742376328,127.170265197754,69.8818893432617,-2.92455077171326,0.0644103065133095,0.430150896310806,-0.0904604718089104,70
738505.48814557353034615517,68.7003021240234,-2.3347499370575,12.2734260559082,-0.12472502887249,0.00113343144766986,42.488712310791,-71.4884033203125,923.263732910156,858.996643066406,-3.79404425621033,-0.254984349012375,127.098587036133,69.8270721435547,-2.89986515045166,0.0679851397871971,0.433276623487473,-0.0924869477748871,70
738505.48814804200083017349,68.6513290405273,-2.31168627738953,12.2475843429565,-0.12472502887249,0.00113343144766986,42.4886894226074,-71.4882278442383,922.682434082031,858.473083496094,-3.77373743057251,-0.216346278786659,127.018783569336,69.7735748291016,-2.87251138687134,0.0588697977364063,0.436509430408478,-0.0945122614502907,70
738505.48815051175188273191,68.6005706787109,-2.29175734519958,12.2234487533569,-0.12472502887249,0.00113343144766986,42.4886665344238,-71.4880447387695,922.097900390625,857.947082519531,-3.75638437271118,-0.176409989595413,126.932922363281,69.7187423706055,-2.84423422813416,0.0443910509347916,0.439855813980103,-0.0965571701526642,70
738505.48815298778936266899,68.5476608276367,-2.27505970001221,12.2007493972778,-0.12472502887249,0.00113343144766986,42.4886436462402,-71.4878616333008,921.507507324219,857.416076660156,-3.74197912216187,-0.135252043604851,126.842155456543,69.6621551513672,-2.81627750396729,0.0300276651978493,0.443320959806442,-0.0986243337392807,70
738505.48815556417685002089,68.4956130981445,-2.2620964050293,12.1802272796631,-0.12472502887249,0.00113343144766986,42.4886207580566,-71.4876861572266,920.925903320312,856.893188476562,-3.73097705841064,-0.0943496897816658,126.749855041504,69.6069259643555,-2.79032278060913,0.0175882149487734,0.44680517911911,-0.100653469562531,70
738505.48815806058701127768,68.4450302124023,-2.25239253044128,12.161600112915,-0.12472502887249,0.00113343144766986,42.488597869873,-71.4875030517578,920.336853027344,856.363891601562,-3.72304034233093,-0.0528869926929474,126.65446472168,69.5535736083984,-2.76631665229797,0.00599394459277391,0.450390726327896,-0.102713011205196,70
738505.48816060053650289774,68.3967056274414,-2.24589776992798,12.1452302932739,-0.12472502887249,0.00113343144766986,42.4885749816895,-71.4873199462891,919.760375976562,855.845947265625,-3.71796846389771,-0.0120154721662402,126.560577392578,69.5029525756836,-2.74550366401672,-0.00404736679047346,0.453943133354187,-0.104735493659973,70
738505.48816328623797744513,68.3447418212891,-2.24203300476074,12.1293153762817,-0.12472502887249,0.00113343144766986,42.4885482788086,-71.4871292114258,919.13671875,855.28564453125,-3.71518516540527,0.0325953587889671,126.45915222168,69.4489059448242,-2.72618174552917,-0.0121214175596833,0.457819759845734,-0.106920681893826,70
738505.48816571081988513470,68.2956695556641,-2.2413113117218,12.1159725189209,-0.12472502887249,0.00113343144766986,42.488525390625,-71.486946105957,918.561157226562,854.7685546875,-3.71494650840759,0.0743843615055084,126.366897583008,69.3982620239258,-2.71149969100952,-0.0157541856169701,0.461415857076645,-0.108914732933044,70
738505.48816820012871176004,68.2398681640625,-2.24350380897522,12.1028575897217,-0.12472502887249,0.00113343144766986,42.4885025024414,-71.4867706298828,917.987243652344,854.252807617188,-3.71671986579895,0.117436915636063,126.275634765625,69.3411254882812,-2.69982647895813,-0.011221943423152,0.465007781982422,-0.110900171101093,70
738505.48817066114861518145,68.1772079467773,-2.24934434890747,12.0899839401245,-0.12472502887249,0.00113343144766986,42.4884834289551,-71.4865951538086,917.423706054688,853.746276855469,-3.72111201286316,0.160363018512726,126.185218811035,69.2774047851562,-2.69125652313232,0.00336012104526162,0.468527644872665,-0.112835854291916,70
738505.48817313695326447487,68.1116943359375,-2.25985550880432,12.0781860351562,-0.12472502887249,0.00113343144766986,42.4884605407715,-71.4864120483398,916.850219726562,853.230529785156,-3.72943925857544,0.20323857665062,126.090278625488,69.2112197875977,-2.68556904792786,0.02244858071208,0.472086489200592,-0.114795163273811,70
738505.48817552265245467424,68.0518188476562,-2.27435827255249,12.0690956115723,-0.12472502887249,0.00113343144766986,42.4884376525879,-71.4862442016602,916.295776367188,852.731567382812,-3.74148559570312,0.243297085165977,125.995376586914,69.1511840820312,-2.68317985534668,0.0373355858027935,0.475488305091858,-0.116679780185223,70
738505.48817803640849888325,67.9928588867188,-2.29370880126953,12.0621070861816,-0.12472502887249,0.00113343144766986,42.4884147644043,-71.4860610961914,915.707946777344,852.202087402344,-3.75794887542725,0.284809589385986,125.892204284668,69.0925827026367,-2.68420386314392,0.0454128198325634,0.479036659002304,-0.118667371571064,70
738505.48818045470397919416,67.9378051757812,-2.31588625907898,12.057466506958,-0.12472502887249,0.00113343144766986,42.4883918762207,-71.4858856201172,915.133605957031,851.684265136719,-3.77689337730408,0.325001448392868,125.791137695312,69.038330078125,-2.68882250785828,0.0472730919718742,0.482430279254913,-0.120594546198845,70
738505.48818285809829831123,67.8841705322266,-2.34108018875122,12.0546855926514,-0.12472502887249,0.00113343144766986,42.4883728027344,-71.4857177734375,914.5556640625,851.162658691406,-3.79839825630188,0.365193575620651,125.690551757812,68.9859161376953,-2.69704365730286,0.0460952334105968,0.485760480165482,-0.122515074908733,70
738505.48818536545149981976,67.8324966430664,-2.37016129493713,12.0540990829468,-0.12472502887249,0.00113343144766986,42.4883499145508,-71.4855346679688,913.952514648438,850.61767578125,-3.82335448265076,0.406319439411163,125.587799072266,68.9359588623047,-2.70930647850037,0.0423415191471577,0.489134520292282,-0.124513223767281,70
738505.48818773904349654913,67.7885971069336,-2.39968061447144,12.055739402771,-0.12472502887249,0.00113343144766986,42.4883270263672,-71.4853668212891,913.383422851562,850.102722167969,-3.84882211685181,0.444460362195969,125.494499206543,68.8940734863281,-2.72403597831726,0.0361938141286373,0.492214560508728,-0.126368761062622,70
738505.48819011147134006023,67.7459487915039,-2.43161201477051,12.0590515136719,-0.12472502887249,0.00113343144766986,42.4883041381836,-71.4851989746094,912.797729492188,849.572204589844,-3.87630939483643,0.483511209487915,125.402885437012,68.8538131713867,-2.7421989440918,0.0297943204641342,0.495274573564529,-0.128259673714638,70
738505.48819261207245290279,67.702880859375,-2.46640396118164,12.0638875961304,-0.12472502887249,0.00113343144766986,42.4882850646973,-71.4850234985352,912.186462402344,849.017700195312,-3.90611147880554,0.524101912975311,125.312576293945,68.8135223388672,-2.76406693458557,0.0255576577037573,0.49834480881691,-0.1302280575037,70
738505.48819499812088906765,67.6617889404297,-2.50211548805237,12.0699262619019,-0.12472502887249,0.00113343144766986,42.4882621765137,-71.4848480224609,911.58349609375,848.470031738281,-3.9365770816803,0.563792049884796,125.228912353516,68.7754440307617,-2.78813219070435,0.0247750580310822,0.501246631145477,-0.132139295339584,70
738505.48819736193399876356,67.6216201782227,-2.5397036075592,12.0773220062256,-0.12472502887249,0.00113343144766986,42.4882392883301,-71.4846801757812,910.971313476562,847.913208007812,-3.96857619285583,0.603574335575104,125.149017333984,68.7386016845703,-2.81481456756592,0.0269582383334637,0.504062354564667,-0.134064570069313,70
738505.48819980071857571602,67.5827865600586,-2.57888603210449,12.0860567092896,-0.12472502887249,0.00113343144766986,42.4882164001465,-71.484504699707,910.353515625,847.350524902344,-4.001868724823,0.643078088760376,125.073135375977,68.7033996582031,-2.84374737739563,0.0313585549592972,0.50676828622818,-0.135994791984558,70
738505.48820227640680968761,67.5439529418945,-2.62111568450928,12.0965394973755,-0.12472502887249,0.00113343144766986,42.4881935119629,-71.4843292236328,909.706665039062,846.760131835938,-4.03769826889038,0.683723270893097,124.99829864502,68.6686401367188,-2.87597465515137,0.0374199114739895,0.509454846382141,-0.137990906834602,70
738505.48820464604068547487,67.5079498291016,-2.66330122947693,12.1080303192139,-0.12472502887249,0.00113343144766986,42.4881744384766,-71.4841613769531,909.076904296875,846.183898925781,-4.07343006134033,0.722586631774902,124.929840087891,68.6368789672852,-2.90892672538757,0.044061154127121,0.511925280094147,-0.13990330696106,70
738505.48820703639648854733,67.473258972168,-2.70696067810059,12.1209201812744,-0.12472502887249,0.00113343144766986,42.488151550293,-71.4839935302734,908.439025878906,845.599487304688,-4.11037921905518,0.761265575885773,124.864532470703,68.6067428588867,-2.94378185272217,0.0510740801692009,0.514281868934631,-0.141826808452606,70
738505.48820947716012597084,67.4385528564453,-2.75389766693115,12.1358366012573,-0.12472502887249,0.00113343144766986,42.4881286621094,-71.4838180541992,907.765991210938,844.98193359375,-4.15006065368652,0.801323175430298,124.799728393555,68.5771179199219,-2.98203444480896,0.0584230609238148,0.516610682010651,-0.143840432167053,70
738505.48821182444225996733,67.4069747924805,-2.79974365234375,12.1514225006104,-0.12472502887249,0.00113343144766986,42.488109588623,-71.4836502075195,907.118591308594,844.387084960938,-4.18878889083862,0.839181482791901,124.74144744873,68.5506820678711,-3.01994633674622,0.0653185024857521,0.518698513507843,-0.145754963159561,70
738505.48821411142125725746,67.3766937255859,-2.84682893753052,12.168420791626,-0.12472502887249,0.00113343144766986,42.4880867004395,-71.4834823608398,906.461730957031,843.782775878906,-4.22852611541748,0.87691605091095,124.686019897461,68.5258560180664,-3.05949306488037,0.0720071047544479,0.520666420459747,-0.147686749696732,70
738505.48821649514138698578,67.3479537963867,-2.89467930793762,12.1866817474365,-0.12472502887249,0.00113343144766986,42.4880638122559,-71.4833221435547,905.800659179688,843.173767089844,-4.26888370513916,0.914209127426147,124.633949279785,68.5028610229492,-3.1002471446991,0.0784646943211555,0.522496461868286,-0.149609208106995,70
738505.48821897525340318680,67.318489074707,-2.94737076759338,12.2079000473022,-0.12472502887249,0.00113343144766986,42.4880409240723,-71.4831390380859,905.078125,842.507202148438,-4.31328916549683,0.954205751419067,124.580947875977,68.4799118041992,-3.1458535194397,0.0851063504815102,0.524326920509338,-0.151695370674133,70
738505.48822134290821850300,67.2915344238281,-2.99922943115234,12.2298994064331,-0.12472502887249,0.00113343144766986,42.4880218505859,-71.4829711914062,904.370727539062,841.853698730469,-4.35695266723633,0.992622077465057,124.533149719238,68.4595947265625,-3.19121670722961,0.0912425145506859,0.525950372219086,-0.153705626726151,70
738505.48822371079586446285,67.2668609619141,-3.05020046234131,12.2525901794434,-0.12472502887249,0.00113343144766986,42.4879989624023,-71.4828033447266,903.677185058594,841.212158203125,-4.39984178543091,1.02960777282715,124.490043640137,68.4416580200195,-3.23628735542297,0.0968401208519936,0.527383923530579,-0.155667215585709,70
738505.48822607740294188261,67.2432556152344,-3.10259699821472,12.2769908905029,-0.12472502887249,0.00113343144766986,42.4879760742188,-71.4826354980469,902.964599609375,840.552185058594,-4.44369840621948,1.06689929962158,124.44945526123,68.4251861572266,-3.28316235542297,0.102462336421013,0.528698027133942,-0.157669141888618,70
738505.48822844156529754400,67.2210083007812,-3.15641570091248,12.3027076721191,-0.12472502887249,0.00113343144766986,42.4879570007324,-71.4824752807617,902.242370605469,839.882385253906,-4.48248815536499,1.10126233100891,124.411994934082,68.410400390625,-3.33112502098083,0.109993800520897,0.529870092868805,-0.159681171178818,70
738505.48823084565810859203,67.2002944946289,-3.22434830665588,12.323410987854,-0.12472502887249,0.00113343144766986,42.4879341125488,-71.4822998046875,901.499145507812,839.192199707031,-4.47150325775146,0.763038039207458,124.377281188965,68.3969497680664,-3.38103652000427,0.253126978874207,0.530907273292542,-0.161735206842422,70
738505.48823323007673025131,67.1846084594727,-3.26697874069214,12.3191061019897,-0.12472502887249,0.00113343144766986,42.4879112243652,-71.4821319580078,900.73095703125,838.477905273438,-4.42662191390991,-0.731479167938232,124.345581054688,68.3827819824219,-3.43409252166748,0.334486931562424,0.531793117523193,-0.163829892873764,70
738505.48823553556576371193,67.1779251098633,-3.28779220581055,12.2720289230347,-0.12472502887249,0.00113343144766986,42.4878883361816,-71.4819717407227,899.996520996094,837.794616699219,-4.40287303924561,-2.20402073860168,124.318710327148,68.3687438964844,-3.48400282859802,0.22594752907753,0.532503843307495,-0.165826544165611,70
738505.48823794908821582794,67.1789779663086,-3.29893851280212,12.1786851882935,-0.12472502887249,0.00113343144766986,42.4878692626953,-71.481803894043,899.233642578125,837.084594726562,-4.37925910949707,-3.51009559631348,124.293273925781,68.353630065918,-3.53198003768921,-0.0140218120068312,0.533150434494019,-0.167909786105156,70
738505.48824035876896232367,67.1855087280273,-3.29730987548828,12.047306060791,-0.12472502887249,0.00113343144766986,42.4878463745117,-71.4816284179688,898.455749511719,836.360473632812,-4.30256509780884,-4.21796846389771,124.269073486328,68.3366851806641,-3.57467412948608,-0.327181279659271,0.533751368522644,-0.170045241713524,70
738505.48824281105771660805,67.1941452026367,-3.2767379283905,11.8918132781982,-0.12472502887249,0.00113343144766986,42.4878234863281,-71.4814605712891,897.682495117188,835.640869140625,-4.22344827651978,-4.6680154800415,124.245681762695,68.3169479370117,-3.60899901390076,-0.531296193599701,0.534332692623138,-0.17217093706131,70
738505.48824517684988677502,67.2027359008789,-3.23921632766724,11.7207012176514,-0.12472502887249,0.00113343144766986,42.4878005981445,-71.4812850952148,896.91796875,834.929748535156,-4.09246492385864,-4.92902898788452,124.222129821777,68.2940368652344,-3.63309979438782,-0.687004625797272,0.534936606884003,-0.174270734190941,70
738505.48824750375933945179,67.2097396850586,-3.1793909072876,11.5411186218262,-0.12472502887249,0.00113343144766986,42.4877815246582,-71.4811248779297,896.185119628906,834.248779296875,-3.95924186706543,-5.16767263412476,124.197952270508,68.2675247192383,-3.64506864547729,-0.7695432305336,0.53559422492981,-0.176276654005051,70
738505.48824979225173592567,67.2153396606445,-3.1036548614502,11.3536901473999,-0.12472502887249,0.00113343144766986,42.4877624511719,-71.48095703125,895.482543945312,833.596984863281,-3.87103629112244,-5.43555879592896,124.171897888184,68.2381210327148,-3.64385676383972,-0.816452026367188,0.536357462406158,-0.178200915455818,70
738505.48825213243253529072,67.2207412719727,-3.02989935874939,11.1517772674561,-0.12472502887249,0.00113343144766986,42.4877433776855,-71.4807968139648,894.779907226562,832.946228027344,-3.87308979034424,-5.72664356231689,124.14151763916,68.2068176269531,-3.62838530540466,-0.871527850627899,0.537303924560547,-0.180127292871475,70
738505.48825447377748787403,67.2271270751953,-2.99073266983032,10.9459991455078,-0.12472502887249,0.00113343144766986,42.4877243041992,-71.4806289672852,894.08837890625,832.306640625,-4.01753854751587,-5.75394153594971,124.10661315918,68.1780471801758,-3.60025691986084,-0.95367693901062,0.538433194160461,-0.182002857327461,70
738505.48825690546073019505,67.2353439331055,-3.00098395347595,10.7364091873169,-0.12472502887249,0.00113343144766986,42.4877052307129,-71.4804534912109,893.374877929688,831.646850585938,-4.15573215484619,-5.71500444412231,124.06616973877,68.1532669067383,-3.56464004516602,-0.961991310119629,0.539737939834595,-0.183868631720543,70
738505.48825935076456516981,67.2453231811523,-3.03385543823242,10.5290498733521,-0.12472502887249,0.00113343144766986,42.4876823425293,-71.4802856445312,892.654052734375,830.470336914062,-4.25664949417114,-5.67623329162598,124.02303314209,68.1322174072266,-3.5316219329834,-0.940901279449463,0.541088819503784,-0.185664907097816,70
738505.48826173518318682909,67.2567138671875,-3.07986736297607,10.3246021270752,-0.12472502887249,0.00113343144766986,42.4876670837402,-71.480110168457,891.926330566406,829.034973144531,-4.33763694763184,-5.63769960403442,123.97957611084,68.1142272949219,-3.50788831710815,-0.91158401966095,0.542399287223816,-0.187370419502258,70
738505.48826413194183260202,67.2689361572266,-3.13156199455261,10.1297073364258,-0.12472502887249,0.00113343144766986,42.4876480102539,-71.4799499511719,891.21533203125,827.642333984375,-4.40532159805298,-5.60041570663452,123.939117431641,68.0993957519531,-3.49673104286194,-0.884519577026367,0.543575406074524,-0.188917934894562,70
738505.48826649191323667765,67.2827377319336,-3.18925857543945,9.9311056137085,-0.12472502887249,0.00113343144766986,42.4876289367676,-71.4797744750977,890.472290039062,826.1982421875,-4.46907377243042,-5.56169939041138,123.900100708008,68.0864562988281,-3.49801540374756,-0.861564338207245,0.544663786888123,-0.190426006913185,70
738505.48826881183777004480,67.29736328125,-3.24776673316956,9.74165344238281,-0.12472502887249,0.00113343144766986,42.4876136779785,-71.4796142578125,889.744567871094,824.794799804688,-4.54650020599365,-5.51314640045166,123.86572265625,68.076301574707,-3.51084065437317,-0.848006963729858,0.545575618743896,-0.191786170005798,70
738505.48827133153099566698,67.3144836425781,-3.31948614120483,9.54211235046387,-0.12472502887249,0.00113343144766986,42.4875946044922,-71.4794387817383,888.952697753906,823.281127929688,-4.62823486328125,-5.45920372009277,123.832893371582,68.0684280395508,-3.53599905967712,-0.834012389183044,0.546384274959564,-0.193138316273689,70
738505.48827376286499202251,67.3330001831055,-3.39383769035339,9.34741401672363,-0.12472502887249,0.00113343144766986,42.4875793457031,-71.4792633056641,888.154846191406,821.769958496094,-4.70311260223389,-5.40586709976196,123.804878234863,68.0633926391602,-3.57139229774475,-0.821185886859894,0.546993970870972,-0.194365099072456,70
738505.48827624856494367123,67.3529281616211,-3.4696192741394,9.15646743774414,-0.12472502887249,0.00113343144766986,42.4875602722168,-71.4790878295898,887.34716796875,820.2548828125,-4.77444934844971,-5.35289621353149,123.781677246094,68.0609741210938,-3.61562514305115,-0.810024678707123,0.547398865222931,-0.195469230413437,70
738505.48827868863008916378,67.3750305175781,-3.54872345924377,8.96212005615234,-0.12472502887249,0.00113343144766986,42.4875450134277,-71.4789123535156,886.498779296875,818.677856445312,-4.84571552276611,-5.29830265045166,123.762832641602,68.0610580444336,-3.66925501823425,-0.799861907958984,0.547598004341125,-0.196493402123451,70
738505.48828114010393619537,67.397590637207,-3.62457084655762,8.77872085571289,-0.12472502887249,0.00113343144766986,42.4875297546387,-71.4787445068359,885.673217773438,817.157409667969,-4.9122748374939,-5.2461633682251,123.749740600586,68.0634918212891,-3.72652697563171,-0.791023135185242,0.547575533390045,-0.197364896535873,70
738505.48828351276461035013,67.4221115112305,-3.70204448699951,8.59322357177734,-0.12472502887249,0.00113343144766986,42.4875144958496,-71.4785690307617,884.81298828125,815.586547851562,-4.97919034957886,-5.19285678863525,123.741165161133,68.0682678222656,-3.79008197784424,-0.782426297664642,0.547335803508759,-0.198155775666237,70
738505.48828587366733700037,67.4473571777344,-3.77699851989746,8.41485118865967,-0.12472502887249,0.00113343144766986,42.4874992370605,-71.478401184082,883.961303710938,814.044006347656,-5.04324436187744,-5.14101266860962,123.737495422363,68.0751113891602,-3.8554573059082,-0.774247646331787,0.546890795230865,-0.19882133603096,70
738505.48828830465208739042,67.4739532470703,-3.85143828392029,8.23824310302734,-0.12472502887249,0.00113343144766986,42.4874839782715,-71.4782333374023,883.093933105469,812.700866699219,-5.10641145706177,-5.08911561965942,123.738288879395,68.0840377807617,-3.92356634140015,-0.766095459461212,0.546236574649811,-0.199382558465004,70
738505.48829065822064876556,67.5022583007812,-3.92616152763367,8.06107234954834,-0.12472502887249,0.00113343144766986,42.4874687194824,-71.4780654907227,882.199096679688,811.71728515625,-5.16948318481445,-5.03648376464844,123.743560791016,68.0951538085938,-3.99458026885986,-0.757746994495392,0.545360922813416,-0.199842691421509,70
738505.48829303972888737917,67.5313873291016,-3.99871206283569,7.88879203796387,-0.12472502887249,0.00113343144766986,42.4874534606934,-71.477897644043,881.304748535156,810.734252929688,-5.23045873641968,-4.98474740982056,123.752975463867,68.1080856323242,-4.06556844711304,-0.749500155448914,0.544292867183685,-0.200195014476776,70
738505.48829539539292454720,67.5619049072266,-4.07055616378784,7.71752786636353,-0.12472502887249,0.00113343144766986,42.4874420166016,-71.4777297973633,880.391662597656,809.730407714844,-5.29063129425049,-4.93272304534912,123.766555786133,68.1229782104492,-4.13760709762573,-0.741184115409851,0.543015122413635,-0.200452297925949,70
738505.48829778423532843590,67.5934753417969,-4.14091110229492,7.54890775680542,-0.12472502887249,0.00113343144766986,42.4874267578125,-71.4775619506836,879.468811035156,808.715881347656,-5.34935665130615,-4.88095855712891,123.784080505371,68.1396408081055,-4.20955276489258,-0.732787728309631,0.541541934013367,-0.200607091188431,70
738505.48830013815313577652,67.6266250610352,-4.21085691452026,7.3800573348999,-0.12472502887249,0.00113343144766986,42.4874153137207,-71.4773864746094,878.5205078125,807.673217773438,-5.4075608253479,-4.82857656478882,123.805793762207,68.1583251953125,-4.28231239318848,-0.724335789680481,0.539848566055298,-0.20065812766552,70
738505.48830249917227774858,67.66064453125,-4.27886581420898,7.21438789367676,-0.12472502887249,0.00113343144766986,42.4874000549316,-71.4772186279297,877.566162109375,806.623779296875,-5.46397876739502,-4.77663564682007,123.831092834473,68.178581237793,-4.35407686233521,-0.715920865535736,0.537971198558807,-0.200607880949974,70
738505.48830489465035498142,67.6959075927734,-4.34571504592896,7.0497579574585,-0.12472502887249,0.00113343144766986,42.4873886108398,-71.47705078125,876.593933105469,805.5546875,-5.51927709579468,-4.72448444366455,123.86018371582,68.2005920410156,-4.42555952072144,-0.707384943962097,0.535890758037567,-0.200460329651833,70
738505.48830726393498480320,67.7322692871094,-4.4110369682312,6.88675546646118,-0.12472502887249,0.00113343144766986,42.487377166748,-71.4768829345703,875.607543945312,804.469970703125,-5.57315635681152,-4.67226600646973,123.892921447754,68.2242202758789,-4.49626731872559,-0.698846578598022,0.533616662025452,-0.200212404131889,70
738505.48830962344072759151,67.7691650390625,-4.47394561767578,6.72746849060059,-0.12472502887249,0.00113343144766986,42.4873657226562,-71.4767150878906,874.620483398438,803.384216308594,-5.62487554550171,-4.62069940567017,123.92862701416,68.2490615844727,-4.56512212753296,-0.690428137779236,0.531186044216156,-0.199872195720673,70
738505.48831201402936130762,67.807502746582,-4.53591823577881,6.56791877746582,-0.12472502887249,0.00113343144766986,42.4873542785645,-71.4765472412109,873.608459472656,802.541748046875,-5.67566823959351,-4.56851720809937,123.968109130859,68.2756881713867,-4.63371753692627,-0.681965470314026,0.52854198217392,-0.199424996972084,70
738505.48831451137084513903,67.8478698730469,-4.60217571258545,6.40466928482056,-0.12472502887249,0.00113343144766986,42.4873428344727,-71.4763641357422,872.545776367188,802.130065917969,-5.71285152435303,-4.5095682144165,124.012519836426,68.3047103881836,-4.70359325408936,-0.675149142742157,0.525610387325287,-0.198858976364136,70
738505.48831700684968382120,67.8844299316406,-4.67377805709839,6.25287866592407,-0.12472502887249,0.00113343144766986,42.4873313903809,-71.476188659668,871.469421386719,801.701843261719,-5.4478325843811,-3.9389750957489,124.060371398926,68.3318252563477,-4.77285575866699,-0.806988000869751,0.522482812404633,-0.198191851377487,70
738505.48831957124639302492,67.9156951904297,-4.61080503463745,6.13216400146484,-0.12472502887249,0.00113343144766986,42.4873199462891,-71.4760055541992,870.349487304688,801.255065917969,-5.0668511390686,-1.60121810436249,124.114379882812,68.3476791381836,-4.84225749969482,-0.900819003582001,0.519048154354095,-0.197388306260109,70
738505.48832209513057023287,67.9330520629883,-4.47509622573853,6.08949375152588,-0.12472502887249,0.00113343144766986,42.4873085021973,-71.475830078125,869.2607421875,800.835021972656,-4.83140659332275,0.72343522310257,124.168510437012,68.3520889282227,-4.89256143569946,-0.689430952072144,0.515675246715546,-0.196481823921204,70
738505.48832448874600231647,67.9370727539062,-4.34163427352905,6.11229562759399,-0.12472502887249,0.00113343144766986,42.4872970581055,-71.4756546020508,868.248840332031,800.462524414062,-4.63617324829102,1.93161821365356,124.215774536133,68.3495101928711,-4.91114902496338,-0.139288172125816,0.512687742710114,-0.195527493953705,70
738505.48832692811265587807,67.9339599609375,-4.16757535934448,6.16679430007935,-0.12472502887249,0.00113343144766986,42.4872856140137,-71.4754791259766,867.262939453125,800.120788574219,-4.46336269378662,1.94512510299683,124.255744934082,68.3404769897461,-4.89773368835449,0.18668395280838,0.510016620159149,-0.194479212164879,70
738505.48832934466190636158,67.9253616333008,-3.99912452697754,6.22421836853027,-0.12472502887249,0.00113343144766986,42.4872741699219,-71.4753036499023,866.317077636719,799.816711425781,-4.32072448730469,1.88676750659943,124.286148071289,68.3270721435547,-4.85193920135498,0.345006972551346,0.50777941942215,-0.193374544382095,70
738505.48833171383012086153,67.9120483398438,-3.83608388900757,6.27980184555054,-0.12472502887249,0.00113343144766986,42.4872627258301,-71.4751358032227,865.423706054688,799.553161621094,-4.19393253326416,1.75517284870148,124.306282043457,68.3095703125,-4.77918672561646,0.438073009252548,0.506030738353729,-0.192254900932312,70
738505.48833434737753123045,67.8951873779297,-3.69044709205627,6.32461833953857,-0.12472502887249,0.00113343144766986,42.4872512817383,-71.4749526977539,864.531066894531,799.313903808594,-4.19874572753906,0.995245397090912,124.316955566406,68.2889251708984,-4.67999219894409,0.444861173629761,0.504691183567047,-0.191051363945007,70
738505.48833680443931370974,67.8773422241211,-3.56889891624451,6.35587739944458,-0.12472502887249,0.00113343144766986,42.4872398376465,-71.4747772216797,863.643615722656,799.097351074219,-4.28128814697266,0.943763911724091,124.317504882812,68.2676162719727,-4.56192636489868,0.277923882007599,0.503782451152802,-0.189796581864357,70
738505.48833910212852060795,67.8613662719727,-3.51301240921021,6.3819637298584,-0.12472502887249,0.00113343144766986,42.487232208252,-71.474609375,862.850830078125,798.9169921875,-4.38592052459717,0.977936506271362,124.30982208252,68.2512664794922,-4.44896173477173,0.202405199408531,0.503299713134766,-0.188642457127571,70
738505.48834152938798069954,67.8463821411133,-3.48270726203918,6.40980100631714,-0.12472502887249,0.00113343144766986,42.4872207641602,-71.4744338989258,862.037780761719,798.418334960938,-4.50054264068604,1.020836353302,124.295509338379,68.2374267578125,-4.3359169960022,0.15578556060791,0.503040850162506,-0.187433585524559,70
738505.48834390437696129084,67.8335494995117,-3.4903244972229,6.43759489059448,-0.12472502887249,0.00113343144766986,42.4872093200684,-71.4742660522461,861.243225097656,797.620849609375,-4.61165428161621,1.05663180351257,124.277534484863,68.2276763916016,-4.23711442947388,0.131815358996391,0.502930521965027,-0.1862473487854,70
738505.48834629356861114502,67.8226013183594,-3.51756429672241,6.46647167205811,-0.12472502887249,0.00113343144766986,42.4871978759766,-71.4740982055664,860.436157226562,796.810729980469,-4.70028448104858,1.09132170677185,124.257652282715,68.2209167480469,-4.15491390228271,0.124100312590599,0.502866208553314,-0.18504673242569,70
738505.48834864376112818718,67.8143539428711,-3.54861187934875,6.49618673324585,-0.12472502887249,0.00113343144766986,42.4871864318848,-71.4739303588867,859.629821777344,796.001281738281,-4.83458662033081,1.11802399158478,124.23828125,68.217155456543,-4.09364891052246,0.122833527624607,0.502778351306915,-0.183860823512077,70
738505.48835105029866099358,67.809814453125,-3.63590288162231,6.52625942230225,-0.12472502887249,0.00113343144766986,42.487174987793,-71.4737548828125,858.796203613281,795.12451171875,-5.06959819793701,1.1281133890152,124.220092773438,68.2201080322266,-4.0522084236145,0.11489599198103,0.502611756324768,-0.182651102542877,70
738505.48835345404222607613,67.810432434082,-3.74854421615601,6.55629968643188,-0.12472502887249,0.00113343144766986,42.4871635437012,-71.4735870361328,857.944580078125,793.830810546875,-5.26381587982178,1.1379679441452,124.205078125,68.2296981811523,-4.03509330749512,0.121387809514999,0.502269864082336,-0.181456297636032,70
738505.48835583531763404608,67.815185546875,-3.89169812202454,6.58481884002686,-0.12472502887249,0.00113343144766986,42.4871520996094,-71.4734115600586,857.071655273438,792.614501953125,-5.5433783531189,1.05356919765472,124.195068359375,68.2451782226562,-4.04374074935913,0.149447590112686,0.501667857170105,-0.180278658866882,70
738505.48835825314745306969,67.8170776367188,-4.09470081329346,6.59840393066406,-0.12472502887249,0.00113343144766986,42.4871406555176,-71.4732437133789,856.140014648438,791.408813476562,-5.65552568435669,0.159321710467339,124.191162109375,68.26025390625,-4.08177089691162,0.341017574071884,0.500673234462738,-0.179091691970825,70
738505.48836060683242976665,67.8318023681641,-4.22331571578979,6.59310102462769,-0.12472502887249,0.00113343144766986,42.4871292114258,-71.4730758666992,855.217407226562,790.224060058594,-5.7662787437439,-0.55074417591095,124.19474029541,68.2821960449219,-4.14658117294312,0.145955190062523,0.499273300170898,-0.177964463829994,70
738505.48836304794531315565,67.8500137329102,-4.38262033462524,6.57272577285767,-0.12472502887249,0.00113343144766986,42.487117767334,-71.472900390625,854.225891113281,788.959289550781,-5.97422742843628,-0.639529407024384,124.206901550293,68.3083648681641,-4.2361855506897,0.000424527243012562,0.497377455234528,-0.176800683140755,70
738505.48836550291161984205,67.8678665161133,-4.55557489395142,6.55017423629761,-0.12472502887249,0.00113343144766986,42.4871063232422,-71.4727249145508,853.19189453125,787.649780273438,-6.17972373962402,-0.603232562541962,124.22730255127,68.3352432250977,-4.34447717666626,-0.090950608253479,0.495003581047058,-0.175637662410736,70
738505.48836800188291817904,67.8865661621094,-4.74379348754883,6.52747344970703,-0.12472502887249,0.00113343144766986,42.4870910644531,-71.4725494384766,852.095825195312,786.272216796875,-6.37202596664429,-0.556790411472321,124.255630493164,68.3644409179688,-4.47144651412964,-0.129894062876701,0.492064714431763,-0.174444586038589,70
738505.48837048804853111506,67.907585144043,-4.93791913986206,6.50583124160767,-0.12472502887249,0.00113343144766986,42.4870796203613,-71.4723663330078,850.959533691406,784.854553222656,-6.55333137512207,-0.510273218154907,124.290748596191,68.3969879150391,-4.61286163330078,-0.14036525785923,0.488577216863632,-0.173253759741783,70
738505.48837285616900771856,67.9309768676758,-5.1264820098877,6.48631525039673,-0.12472502887249,0.00113343144766986,42.4870681762695,-71.4721984863281,849.830261230469,783.455383300781,-6.72080183029175,-0.465909600257874,124.330581665039,68.4322357177734,-4.76020050048828,-0.135626092553139,0.484691441059113,-0.172116473317146,70
738505.48837530368473380804,67.9580688476562,-5.3152551651001,6.46822690963745,-0.12472502887249,0.00113343144766986,42.4870567321777,-71.4720230102539,848.663146972656,782.018432617188,-6.88359928131104,-0.421970427036285,124.376708984375,68.471809387207,-4.91734600067139,-0.123886846005917,0.480267971754074,-0.170970365405083,70
738505.48837774491403251886,67.9903335571289,-5.51020479202271,6.45110177993774,-0.12472502887249,0.00113343144766986,42.4870452880859,-71.4718475341797,847.411254882812,780.486511230469,-7.04856538772583,-0.376855045557022,124.431594848633,68.5176239013672,-5.08900451660156,-0.109031334519386,0.475099861621857,-0.169772312045097,70
738505.48838015552610158920,68.0258865356445,-5.69807863235474,6.43615245819092,-0.12472502887249,0.00113343144766986,42.4870338439941,-71.4716720581055,846.154357910156,778.957214355469,-7.20549392700195,-0.333405137062073,124.492095947266,68.5668487548828,-5.26193475723267,-0.0943917706608772,0.469505727291107,-0.168602898716927,70
738505.48838254320435225964,68.0651321411133,-5.88725614547729,6.42294788360596,-0.12472502887249,0.00113343144766986,42.4870223999023,-71.4715042114258,844.861267089844,777.392150878906,-7.33117532730103,-0.290205925703049,124.559959411621,68.6205215454102,-5.43891572952271,-0.0789321735501289,0.46336755156517,-0.167421415448189,70
738505.48838486557360738516,68.1102600097656,-6.04345560073853,6.41213274002075,-0.12472502887249,0.00113343144766986,42.4870147705078,-71.4713363647461,843.585815429688,775.855651855469,-7.3606743812561,-0.24902831017971,124.632598876953,68.6778411865234,-5.61127805709839,-0.0591184720396996,0.456957161426544,-0.166281133890152,70
738505.48838721541687846184,68.1655502319336,-6.16807889938354,6.40347576141357,-0.12472502887249,0.00113343144766986,42.487003326416,-71.4711685180664,842.283813476562,774.292419433594,-7.39370489120483,-0.207884132862091,124.713813781738,68.7429428100586,-5.78273439407349,-0.0498111136257648,0.450081020593643,-0.165132269263268,70
738505.48838956467807292938,68.2288284301758,-6.28077793121338,6.39654636383057,-0.12472502887249,0.00113343144766986,42.4869918823242,-71.4710006713867,840.929748535156,772.671264648438,-7.44401359558105,-0.165788203477859,124.806610107422,68.8152389526367,-5.95223522186279,-0.0466988570988178,0.442638635635376,-0.16395103931427,70
738505.48839203221723437309,68.2994918823242,-6.38849306106567,6.39104747772217,-0.12472502887249,0.00113343144766986,42.4869804382324,-71.4708251953125,839.487609863281,770.948974609375,-7.49809741973877,-0.121794164180756,124.914855957031,68.8946990966797,-6.12022542953491,-0.0431637689471245,0.434445023536682,-0.162699937820435,70
738505.48839441325981169939,68.3716278076172,-6.47701644897461,6.38746023178101,-0.12472502887249,0.00113343144766986,42.4869689941406,-71.4706573486328,838.083129882812,769.275390625,-7.50388717651367,-0.0804752111434937,125.028541564941,68.9741363525391,-6.27010583877563,-0.0338506512343884,0.426239937543869,-0.161498039960861,70
738505.48839679674711078405,68.447868347168,-6.545729637146,6.38549137115479,-0.12472502887249,0.00113343144766986,42.4869575500488,-71.4704818725586,836.639099121094,767.557189941406,-7.51616954803467,-0.0388927236199379,125.153816223145,69.0560073852539,-6.41019248962402,-0.0272004641592503,0.417600870132446,-0.160259738564491,70
738505.48839926556684076786,68.5254974365234,-6.60491037368774,6.38501930236816,-0.12472502887249,0.00113343144766986,42.486946105957,-71.4703063964844,835.165283203125,765.805969238281,-7.53078603744507,0.00291732093319297,125.289039611816,69.1385345458984,-6.53775024414062,-0.0210420787334442,0.408613860607147,-0.158989936113358,70
738505.48840168188326060772,68.6026763916016,-6.6479287147522,6.3860297203064,-0.12472502887249,0.00113343144766986,42.4869346618652,-71.4701309204102,833.6904296875,764.055114746094,-7.48771810531616,0.0441632345318794,125.429992675781,69.21923828125,-6.65011882781982,-0.00902305915951729,0.399478614330292,-0.157722160220146,70
738505.48840414651203900576,68.6808242797852,-6.66461038589478,6.38869285583496,-0.12472502887249,0.00113343144766986,42.4869232177734,-71.4699554443359,832.189270019531,762.273803710938,-7.44677543640137,0.0856188535690308,125.578285217285,69.2985458374023,-6.74898052215576,-0.00113630760461092,0.390052676200867,-0.156421214342117,70
738505.48840654978994280100,68.7568206787109,-6.66794109344482,6.39281129837036,-0.12472502887249,0.00113343144766986,42.4869117736816,-71.4697799682617,830.710205078125,760.518615722656,-7.41695308685303,0.126265451312065,125.727195739746,69.3745651245117,-6.83003997802734,0.00369639857672155,0.380678564310074,-0.155136317014694,70
738505.48840891837608069181,68.8300628662109,-6.66206312179565,6.39822816848755,-0.12472502887249,0.00113343144766986,42.4869003295898,-71.4696044921875,829.265014648438,758.803344726562,-7.39143133163452,0.165860056877136,125.873916625977,69.4470901489258,-6.8935375213623,0.00852481462061405,0.371468007564545,-0.153872475028038,70
738505.48841121583245694637,68.9015960693359,-6.64931869506836,6.40495538711548,-0.12472502887249,0.00113343144766986,42.486888885498,-71.4694366455078,827.832580566406,757.1025390625,-7.366614818573,0.205019906163216,126.019508361816,69.5173873901367,-6.94192743301392,0.0138372294604778,0.362312406301498,-0.152609318494797,70
738505.48841353855095803738,68.9712982177734,-6.63098955154419,6.41295337677002,-0.12472502887249,0.00113343144766986,42.4868774414062,-71.4692687988281,826.414367675781,755.417663574219,-7.34092903137207,0.243692517280579,126.163040161133,69.5854568481445,-6.97669363021851,0.0198274739086628,0.353238314390182,-0.15134884417057,70
738505.48841586743947118521,69.0395278930664,-6.60774040222168,6.42225360870361,-0.12472502887249,0.00113343144766986,42.4868698120117,-71.4691009521484,825.001953125,753.738708496094,-7.31338262557983,0.282165348529816,126.304801940918,69.6517333984375,-6.99962759017944,0.0263044349849224,0.344204962253571,-0.150084137916565,70
738505.48841822496615350246,69.1060562133789,-6.58012676239014,6.43283176422119,-0.12472502887249,0.00113343144766986,42.4868583679199,-71.4689331054688,823.599426269531,752.501403808594,-7.28364610671997,0.320379167795181,126.443962097168,69.7160415649414,-7.01211166381836,0.0329114198684692,0.335249602794647,-0.14881095290184,70
738505.48842053499538451433,69.1706466674805,-6.54855489730835,6.44465637207031,-0.12472502887249,0.00113343144766986,42.4868469238281,-71.4687652587891,822.210021972656,751.390686035156,-7.25160026550293,0.358280152082443,126.579925537109,69.778190612793,-7.01551914215088,0.0392902679741383,0.326401323080063,-0.147536709904671,70
738505.48842293093912303448,69.2366180419922,-6.51128721237183,6.45844745635986,-0.12472502887249,0.00113343144766986,42.4868354797363,-71.4685897827148,820.759643554688,750.244873046875,-7.21526527404785,0.397939264774323,126.719909667969,69.8413772583008,-7.01061344146729,0.0458060577511787,0.317197620868683,-0.146195128560066,70
738505.48842535936273634434,69.3004837036133,-6.4700722694397,6.47362375259399,-0.12472502887249,0.00113343144766986,42.4868240356445,-71.4684143066406,819.320983886719,749.1103515625,-7.17622900009155,0.437376618385315,126.856323242188,69.9022674560547,-6.99813795089722,0.0518872328102589,0.308110326528549,-0.144854053854942,70
738505.48842781689018011093,69.3631210327148,-6.42451667785645,6.49042654037476,-0.12472502887249,0.00113343144766986,42.4868125915527,-71.4682312011719,817.872619628906,747.970397949219,-7.13273906707764,0.477240592241287,126.991119384766,69.9617233276367,-6.97867155075073,0.0578411854803562,0.299012422561646,-0.143494680523872,70
738505.48843021539505571127,69.4239654541016,-6.37606763839722,6.50881671905518,-0.12472502887249,0.00113343144766986,42.4868011474609,-71.4680557250977,816.419189453125,746.828857421875,-7.07483243942261,0.517674565315247,127.123672485352,70.0193252563477,-6.95278882980347,0.0645525455474854,0.289942681789398,-0.142120331525803,70
738505.48843255930114537477,69.4770889282227,-6.32284450531006,6.52725172042847,-0.12472502887249,0.00113343144766986,42.4867897033691,-71.467887878418,815.071166992188,745.772338867188,-6.89055633544922,0.557655274868011,127.243797302246,70.0688934326172,-6.92386388778687,0.0806088969111443,0.281591266393661,-0.140837877988815,70
738505.48843493312597274780,69.5283355712891,-6.20064783096313,6.54834842681885,-0.12472502887249,0.00113343144766986,42.4867782592773,-71.4677124023438,813.70703125,744.707458496094,-6.62887287139893,0.598285377025604,127.363845825195,70.1107559204102,-6.88802623748779,0.0943783149123192,0.273178815841675,-0.139525696635246,70
738505.48843729135114699602,69.5737075805664,-6.04520654678345,6.57115602493286,-0.12472502887249,0.00113343144766986,42.4867668151855,-71.4675369262695,812.368530273438,743.692687988281,-6.41888952255249,0.639211237430573,127.479354858398,70.1443176269531,-6.83944797515869,0.0912654623389244,0.265012323856354,-0.138212010264397,70
738505.48843966680578887463,69.6139068603516,-5.87207412719727,6.59587478637695,-0.12472502887249,0.00113343144766986,42.4867553710938,-71.4673614501953,811.02490234375,742.703308105469,-6.23789978027344,0.681606233119965,127.591011047363,70.1718139648438,-6.77054929733276,0.0848677530884743,0.256989717483521,-0.13684818148613,70
738505.48844222957268357277,69.6481857299805,-5.68648958206177,6.62214946746826,-0.12472502887249,0.00113343144766986,42.486743927002,-71.4671783447266,809.697509765625,741.736267089844,-6.06343030929565,0.724714040756226,127.69465637207,70.1930084228516,-6.67902565002441,0.0829979032278061,0.249313309788704,-0.135472983121872,70
738505.48844474193174391985,69.6768951416016,-5.48819494247437,6.65055084228516,-0.12472502887249,0.00113343144766986,42.4867286682129,-71.4669876098633,808.364501953125,740.776916503906,-5.90942621231079,0.7680743932724,127.790229797363,70.2084045410156,-6.56202411651611,0.0839210897684097,0.241920232772827,-0.134050607681274,70
738505.48844722204376012087,69.6981201171875,-5.30525016784668,6.67884922027588,-0.12472502887249,0.00113343144766986,42.4867172241211,-71.4668045043945,807.119323730469,739.880432128906,-5.78094911575317,0.809097349643707,127.870018005371,70.2180938720703,-6.43067646026611,0.0873969048261642,0.235359713435173,-0.132682651281357,70
738505.48844962660223245621,69.7131729125977,-5.13053226470947,6.70722723007202,-0.12472502887249,0.00113343144766986,42.4867057800293,-71.4666290283203,805.950256347656,739.000244140625,-5.65805435180664,0.848219633102417,127.935684204102,70.2227554321289,-6.29007625579834,0.0942277982831001,0.229539528489113,-0.131363809108734,70
738505.48845204024109989405,69.7241363525391,-4.96527671813965,6.73649597167969,-0.12472502887249,0.00113343144766986,42.4866943359375,-71.4664535522461,804.822509765625,738.160217285156,-5.65661573410034,0.886619210243225,127.990051269531,70.2245635986328,-6.14022254943848,0.0913036093115807,0.224264308810234,-0.130062028765678,70
738505.48845438892021775246,69.7317657470703,-4.85456228256226,6.76536083221436,-0.12472502887249,0.00113343144766986,42.4866828918457,-71.4662780761719,803.742858886719,737.362854003906,-5.67249011993408,0.924539685249329,128.033096313477,70.2271728515625,-5.98834037780762,0.095047615468502,0.219561547040939,-0.128793984651566,70
738505.48845680279191583395,69.7376251220703,-4.75839567184448,6.79610395431519,-0.12472502887249,0.00113343144766986,42.4866714477539,-71.4661026000977,802.645568847656,736.558166503906,-5.65342617034912,0.9596107006073,128.068618774414,70.229377746582,-5.83339977264404,0.109899930655956,0.215092599391937,-0.127486661076546,70
738505.48845919489394873381,69.7413177490234,-4.67487907409668,6.82659292221069,-0.12472502887249,0.00113343144766986,42.4866600036621,-71.4659271240234,801.573608398438,735.777038574219,-5.61562490463257,0.928775489330292,128.09651184082,70.2304000854492,-5.68775033950806,0.132959470152855,0.210986509919167,-0.126200139522552,70
738505.48846160026732832193,69.7430191040039,-4.59767532348633,6.85535955429077,-0.12472502887249,0.00113343144766986,42.4866485595703,-71.4657516479492,800.533447265625,735.023559570312,-5.56883811950684,0.873791038990021,128.118438720703,70.2297897338867,-5.55499362945557,0.145957991480827,0.207217812538147,-0.124942772090435,70
738505.48846405104268342257,69.743522644043,-4.53559446334839,6.87295341491699,-0.12472502887249,0.00113343144766986,42.4866333007812,-71.4655685424805,799.487426757812,734.269775390625,-5.5190691947937,0.208047077059746,128.136215209961,70.2279739379883,-5.43138408660889,0.272069692611694,0.203623950481415,-0.123670600354671,70
738505.48846644605509936810,69.7452621459961,-4.46562433242798,6.86514472961426,-0.12472502887249,0.00113343144766986,42.4866218566895,-71.4653930664062,798.456604003906,733.530822753906,-5.46821689605713,-0.750195920467377,128.150192260742,70.2244491577148,-5.32008600234985,0.219338178634644,0.200251132249832,-0.12241618335247,70
738505.48846883128862828016,69.7474899291992,-4.39629173278809,6.83420944213867,-0.12472502887249,0.00113343144766986,42.4866104125977,-71.465217590332,797.4658203125,732.824645996094,-5.41493654251099,-1.15747654438019,128.160614013672,70.2192687988281,-5.22148513793945,-0.00290233665145934,0.197165563702583,-0.121205449104309,70
738505.48847120639402419329,69.7482528686523,-4.32332277297974,6.79385089874268,-0.12472502887249,0.00113343144766986,42.4865989685059,-71.4650421142578,796.48486328125,732.129516601562,-5.37008237838745,-1.11196494102478,128.16796875,70.2115783691406,-5.12990283966064,-0.123728267848492,0.194267749786377,-0.119997769594193,70
738505.48847368569113314152,69.7468948364258,-4.25049495697021,6.75230932235718,-0.12472502887249,0.00113343144766986,42.4865875244141,-71.4648666381836,795.486633300781,731.426635742188,-5.31855154037476,-1.06319057941437,128.172180175781,70.2017822265625,-5.04097366333008,-0.189387336373329,0.191491737961769,-0.118750311434269,70
738505.48847608652431517839,69.7434539794922,-4.17998123168945,6.71146678924561,-0.12472502887249,0.00113343144766986,42.4865760803223,-71.4646835327148,794.510620117188,730.743774414062,-5.26575660705566,-1.01462209224701,128.172912597656,70.1902084350586,-4.95715522766113,-0.214949950575829,0.1889538615942,-0.117515429854393,70
738505.48847857408691197634,69.7379379272461,-4.11100339889526,6.67160129547119,-0.12472502887249,0.00113343144766986,42.4865646362305,-71.4645080566406,793.55517578125,730.079528808594,-5.21240425109863,-0.961259186267853,128.170120239258,70.1768493652344,-4.87729692459106,-0.21683543920517,0.186643555760384,-0.116277508437634,70
738505.48848099925089627504,69.7301940917969,-4.04197788238525,6.63245391845703,-0.12472502887249,0.00113343144766986,42.4865493774414,-71.4643249511719,792.598937988281,729.419128417969,-5.15789461135864,-0.893188774585724,128.163726806641,70.1614303588867,-4.79894924163818,-0.205924808979034,0.184509128332138,-0.115003786981106,70
738505.48848338040988892317,69.7204742431641,-3.97772932052612,6.59721422195435,-0.12472502887249,0.00113343144766986,42.4865379333496,-71.4641494750977,791.679626464844,728.695861816406,-5.10349941253662,-0.758086502552032,128.15412902832,70.144775390625,-4.72484493255615,-0.208683922886848,0.182630181312561,-0.113749198615551,70
738505.48848570080008357763,69.7089385986328,-3.91547727584839,6.56849527359009,-0.12472502887249,0.00113343144766986,42.4865264892578,-71.463981628418,790.81005859375,727.777465820312,-5.05114126205444,-0.540876626968384,128.141876220703,70.1271133422852,-4.6557788848877,-0.189934447407722,0.181010961532593,-0.112527288496494,70
738505.48848804680164903402,69.6948394775391,-3.85228371620178,6.54624557495117,-0.12472502887249,0.00113343144766986,42.486515045166,-71.4638061523438,789.940307617188,726.858154296875,-4.99877166748047,-0.326608806848526,128.126388549805,70.1075210571289,-4.58726167678833,-0.157087251543999,0.179550036787987,-0.111275181174278,70
738505.48849039489869028330,69.67822265625,-3.79052472114563,6.5300121307373,-0.12472502887249,0.00113343144766986,42.4865074157715,-71.4636383056641,789.080139160156,725.9482421875,-4.93513250350952,-0.172032877802849,128.107696533203,70.0861206054688,-4.51982402801514,-0.108722940087318,0.178268447518349,-0.109997071325779,70
738505.48849272832740098238,69.6588973999023,-3.72625231742859,6.51873445510864,-0.12472502887249,0.00113343144766986,42.4864959716797,-71.4634704589844,788.248657226562,725.067932128906,-4.81061363220215,-0.0574860312044621,128.086441040039,70.0624084472656,-4.45480918884277,-0.0685736387968063,0.17718830704689,-0.108732327818871,70
738505.48849513987079262733,69.6337738037109,-3.61972117424011,6.51101589202881,-0.12472502887249,0.00113343144766986,42.4864845275879,-71.4632873535156,787.385131835938,724.152648925781,-4.5835075378418,0.0659632831811905,128.060806274414,70.0311279296875,-4.38586568832397,-0.0308611467480659,0.176248595118523,-0.107374720275402,70
738505.48849755001720041037,69.6039886474609,-3.48685503005981,6.50713539123535,-0.105143293738365,0.00113343144766986,42.4864730834961,-71.4631118774414,786.569091796875,723.2861328125,-4.44021415710449,0.143303707242012,128.032119750977,69.9944000244141,-4.31401300430298,-0.00589158618822694,0.175604581832886,-0.106042377650738,70
738505.48849987285211682320,69.5694885253906,-3.36767506599426,6.50530385971069,-0.0566064789891243,0.00113343144766986,42.4864616394043,-71.4629440307617,785.793151855469,722.460571289062,-4.24849033355713,0.184020593762398,127.998870849609,69.9540863037109,-4.23504590988159,0.00976358633488417,0.175300866365433,-0.104724764823914,70
738505.48850227857474237680,69.527099609375,-3.19052386283875,6.5047869682312,-0.0455836430191994,0.00113343144766986,42.4864501953125,-71.4627685546875,785.033386230469,721.650390625,-3.89629101753235,0.224964410066605,127.958869934082,69.903564453125,-4.14514636993408,0.031440045684576,0.175354152917862,-0.103367440402508,70
738505.48850465333089232445,69.4758605957031,-2.96825456619263,6.50558185577393,-0.0455836430191994,0.00113343144766986,42.4864387512207,-71.4625930786133,784.321350097656,720.888305664062,-3.60902142524719,0.265240013599396,127.911689758301,69.8428802490234,-4.04129314422607,0.0297356769442558,0.175870820879936,-0.102008812129498,70
738505.48850706731900572777,69.4148178100586,-2.73214936256409,6.50730466842651,-0.0455836430191994,0.00113343144766986,42.4864273071289,-71.4624176025391,783.640808105469,720.156433105469,-3.37359309196472,0.306237369775772,127.853042602539,69.7726821899414,-3.91397976875305,0.0192223023623228,0.177000358700752,-0.100610889494419,70
738505.48850946058519184589,69.3466110229492,-2.49486589431763,6.50975370407104,-0.0455836430191994,0.00113343144766986,42.4864158630371,-71.4622421264648,783.016052246094,719.480895996094,-3.1543493270874,0.34670889377594,127.782958984375,69.6961517333984,-3.76610946655273,0.0134885115548968,0.178789481520653,-0.0992212817072868,70
738505.48851181694772094488,69.2727584838867,-2.26313829421997,6.51283311843872,-0.0455836430191994,0.00113343144766986,42.4864044189453,-71.4620666503906,782.452880859375,718.868041992188,-2.94980049133301,0.386118292808533,127.701934814453,69.6150360107422,-3.60228157043457,0.0123876817524433,0.181216388940811,-0.0978546589612961,70
738505.48851419542916119099,69.1911468505859,-2.03134226799011,6.51665353775024,-0.0455836430191994,0.00113343144766986,42.4863929748535,-71.4618988037109,781.930969238281,718.296020507812,-2.7516040802002,0.425770461559296,127.606910705566,69.5270309448242,-3.42003560066223,0.0144470045343041,0.18436524271965,-0.0964603945612907,70
738505.48851663444656878710,69.1028213500977,-1.7958836555481,6.52147054672241,-0.0455836430191994,0.00113343144766986,42.4863815307617,-71.4617233276367,781.45166015625,717.765869140625,-2.65690851211548,0.467344582080841,127.497299194336,69.4330978393555,-3.22189164161682,0.00980173703283072,0.188273057341576,-0.0950590595602989,70
738505.48851898859720677137,69.011962890625,-1.62239408493042,6.52695989608765,-0.0455836430191994,0.00113343144766986,42.4863700866699,-71.4615478515625,781.011169433594,717.274169921875,-2.66277647018433,0.511863350868225,127.373458862305,69.3389053344727,-3.01282238960266,0.00456282868981361,0.192928239703178,-0.0936463549733162,70
738505.48852144868578761816,68.9192962646484,-1.48106253147125,6.53343296051025,-0.0455836430191994,0.00113343144766986,42.4863586425781,-71.4613723754883,780.599792480469,716.811279296875,-2.61098289489746,0.55652916431427,127.236808776855,69.2441253662109,-2.80255770683289,0.0178740546107292,0.198235675692558,-0.0922198295593262,70
738505.48852383194025605917,68.8253860473633,-1.35679650306702,6.54110145568848,-0.0455836430191994,0.00113343144766986,42.4863471984863,-71.4611968994141,780.219299316406,716.341674804688,-2.54297137260437,0.599703073501587,127.091743469238,69.1488265991211,-2.60234689712524,0.0331228077411652,0.204015582799911,-0.0908144041895866,70
738505.48852617002557963133,68.7340545654297,-1.24899315834045,6.54923820495605,-0.0455836430191994,0.00113343144766986,42.4863357543945,-71.4610290527344,779.880004882812,715.904968261719,-2.46504068374634,0.615506112575531,126.946960449219,69.0566635131836,-2.42384886741638,0.0492206588387489,0.209925383329391,-0.0894848331809044,70
738505.48852857551537454128,68.638069152832,-1.13731169700623,6.55833864212036,-0.0455836430191994,0.00113343144766986,42.4863243103027,-71.4608535766602,779.551025390625,715.47509765625,-2.4641101360321,0.631786584854126,126.790710449219,68.9600601196289,-2.25197124481201,0.0478592962026596,0.216430097818375,-0.088109515607357,70
738505.48853094188962131739,68.5465393066406,-1.09190952777863,6.56677007675171,-0.0455836430191994,0.00113343144766986,42.4863128662109,-71.4606857299805,779.241638183594,715.065612792969,-2.66738677024841,0.607472360134125,126.630249023438,68.869026184082,-2.09481573104858,0.0461301356554031,0.223242253065109,-0.0867418870329857,70
738505.48853328381665050983,68.4613037109375,-1.11105442047119,6.57034587860107,-0.0455836430191994,0.00113343144766986,42.4863014221191,-71.4605102539062,778.932922363281,714.656921386719,-2.77562856674194,0.341129958629608,126.466316223145,68.7848358154297,-1.95756018161774,0.08152836561203,0.230258032679558,-0.0853790044784546,70
738505.48853567696642130613,68.3800735473633,-1.13533997535706,6.56739330291748,-0.0455836430191994,0.00113343144766986,42.4862899780273,-71.4603424072266,778.621704101562,714.246520996094,-2.8298704624176,0.140964210033417,126.302459716797,68.7041091918945,-1.84717893600464,0.0486800298094749,0.237297162413597,-0.0840292870998383,70
738505.48853814031463116407,68.298469543457,-1.17004477977753,6.5616135597229,-0.0455836430191994,0.00113343144766986,42.4862785339355,-71.4601669311523,778.290405273438,713.8115234375,-2.93115854263306,0.199537470936775,126.132629394531,68.622917175293,-1.76046514511108,-0.00398418447002769,0.244635283946991,-0.0826294794678688,70
738505.48854051728267222643,68.2246322631836,-1.23427379131317,6.55719757080078,-0.0455836430191994,0.00113343144766986,42.4862670898438,-71.4599914550781,777.962280273438,713.384033203125,-3.09287095069885,0.243110612034798,125.972732543945,68.5501327514648,-1.70344579219818,-0.0240927636623383,0.251610398292542,-0.0813037529587746,70
738505.48854285979177802801,68.1568984985352,-1.32707941532135,6.55418157577515,-0.0455836430191994,0.00113343144766986,42.486255645752,-71.4598236083984,777.618713378906,712.941345214844,-3.26936459541321,0.282038122415543,125.817184448242,68.4841690063477,-1.67183828353882,-0.0310267563909292,0.258421957492828,-0.0799823105335236,70
738505.48854527075309306383,68.0906066894531,-1.4496533870697,6.55204963684082,-0.0455836430191994,0.00113343144766986,42.4862442016602,-71.4596481323242,777.244201660156,712.465637207031,-3.41417264938354,0.31147637963295,125.66349029541,68.4204711914062,-1.66615951061249,-0.0234166961163282,0.265148311853409,-0.0786312967538834,70
738505.48854771198239177465,68.026725769043,-1.59077632427216,6.54854917526245,-0.0455836430191994,0.00113343144766986,42.4862327575684,-71.4594802856445,776.847229003906,711.968627929688,-3.44819235801697,0.212126031517982,125.518463134766,68.3597030639648,-1.68696463108063,0.0460728518664837,0.271473854780197,-0.0772958546876907,70
738505.48855028406251221895,67.9640426635742,-1.68447315692902,6.53601551055908,-0.0455836430191994,0.00113343144766986,42.4862213134766,-71.4592971801758,776.39111328125,711.404418945312,-3.38167905807495,-0.329497814178467,125.370178222656,68.2983779907227,-1.73676192760468,0.0879628285765648,0.277905344963074,-0.0758496448397636,70
738505.48855278175324201584,67.9052276611328,-1.74446022510529,6.51004362106323,-0.0455836430191994,0.00113343144766986,42.4862060546875,-71.459114074707,775.930114746094,710.838073730469,-3.39336824417114,-0.675483703613281,125.235389709473,68.2388763427734,-1.80205965042114,-0.0240461695939302,0.28383007645607,-0.0744454860687256,70
738505.48855530098080635071,67.8489303588867,-1.82318532466888,6.47725391387939,-0.0455836430191994,0.00113343144766986,42.4861946105957,-71.4589309692383,775.447692871094,710.270446777344,-3.51130104064941,-0.644706726074219,125.106658935547,68.1817855834961,-1.87517535686493,-0.115639515221119,0.289574921131134,-0.0730228126049042,70
738505.48855772591196000576,67.7999572753906,-1.90599715709686,6.44708919525146,-0.0455836430191994,0.00113343144766986,42.4861831665039,-71.4587631225586,774.978515625,709.773193359375,-3.61586999893188,-0.600380003452301,124.992324829102,68.132453918457,-1.94653236865997,-0.157736390829086,0.294721603393555,-0.0716899707913399,70
738505.48856015538331121206,67.7537841796875,-2.00456690788269,6.41812610626221,-0.0455836430191994,0.00113343144766986,42.4861717224121,-71.4585876464844,774.480773925781,709.246704101562,-3.7339301109314,-0.512363731861115,124.881248474121,68.0866012573242,-2.02224349975586,-0.176141306757927,0.299715220928192,-0.070326529443264,70
738505.48856266483198851347,67.7104644775391,-2.11436319351196,6.39111709594727,-0.0455836430191994,0.00113343144766986,42.4861602783203,-71.4584121704102,773.948608398438,708.685180664062,-3.84710478782654,-0.422307312488556,124.773559570312,68.0442810058594,-2.10392332077026,-0.170119225978851,0.304523974657059,-0.0689242035150528,70
738505.48856519605033099651,67.6706161499023,-2.23089838027954,6.36685705184937,-0.0455836430191994,0.00113343144766986,42.4861488342285,-71.4582290649414,773.386962890625,708.093933105469,-3.95698285102844,-0.332010090351105,124.671737670898,68.0060806274414,-2.19170904159546,-0.152837246656418,0.309032946825027,-0.0674982964992523,70
738505.48856756591703742743,67.6361923217773,-2.34570384025574,6.3466591835022,-0.0455836430191994,0.00113343144766986,42.4861373901367,-71.4580612182617,772.827392578125,707.505981445312,-4.06019258499146,-0.246376574039459,124.581634521484,67.9737930297852,-2.28073382377625,-0.132408291101456,0.312988817691803,-0.0661318451166153,70
738505.48857006465550512075,67.6042709350586,-2.46661806106567,6.32893848419189,-0.0455836430191994,0.00113343144766986,42.4861259460449,-71.4578857421875,772.225646972656,706.875061035156,-4.1660852432251,-0.158594056963921,124.495948791504,67.9446640014648,-2.37820744514465,-0.110999315977097,0.316697835922241,-0.0647101551294327,70
738505.48857243312522768974,67.5769882202148,-2.58457517623901,6.31486129760742,-0.0455836430191994,0.00113343144766986,42.4861145019531,-71.4577178955078,771.630432128906,706.252075195312,-4.23470640182495,-0.088258869946003,124.421882629395,67.9205932617188,-2.47544765472412,-0.0857906341552734,0.31985792517662,-0.0633597820997238,70
738505.48857490706723183393,67.5493392944336,-2.70637917518616,6.30245113372803,-0.0455836430191994,0.00113343144766986,42.4861030578613,-71.4575424194336,770.97705078125,705.569458007812,-4.17194509506226,-0.023811025545001,124.351364135742,67.8966751098633,-2.58295655250549,-0.0562493726611137,0.322805523872375,-0.0619130730628967,70
738505.48857731500174850225,67.5208740234375,-2.73766851425171,6.29267168045044,-0.0455836430191994,0.00113343144766986,42.4860916137695,-71.4573669433594,770.331115722656,704.895202636719,-3.96896290779114,0.0371984839439392,124.291320800781,67.8686981201172,-2.6884560585022,-0.0267565567046404,0.325295805931091,-0.0605070218443871,70
738505.48857974261045455933,67.4880447387695,-2.72912907600403,6.28483247756958,-0.0455836430191994,0.00113343144766986,42.4860801696777,-71.4571914672852,769.659484863281,704.194274902344,-3.84667897224426,0.100390948355198,124.235427856445,67.8349761962891,-2.78986310958862,-0.0252309087663889,0.327661126852036,-0.05903410166502,70
738505.48858228290919214487,67.4538116455078,-2.7050416469574,6.27913904190063,-0.0455836430191994,0.00113343144766986,42.4860687255859,-71.4570159912109,768.989135742188,703.494384765625,-3.85217237472534,0.163600251078606,124.182441711426,67.7994232177734,-2.8742458820343,-0.0360559411346912,0.329962909221649,-0.057547464966774,70
738505.48858480923809111118,67.4202499389648,-2.71415281295776,6.27534198760986,-0.0455836430191994,0.00113343144766986,42.4860572814941,-71.4568328857422,768.313781738281,702.789245605469,-3.92204856872559,0.22757762670517,124.129203796387,67.7660446166992,-2.93891167640686,-0.0412501841783524,0.33229011297226,-0.0560388080775738,70
738505.48858736443798989058,67.3873138427734,-2.7357280254364,6.27358198165894,-0.0455836430191994,0.00113343144766986,42.4860458374023,-71.4566497802734,767.612548828125,702.05712890625,-3.97254705429077,0.29328516125679,124.073379516602,67.7339859008789,-2.98912739753723,-0.0307249315083027,0.334679156541824,-0.0544710233807564,70
738505.48858989926520735025,67.357063293457,-2.7637038230896,6.27412939071655,-0.0455836430191994,0.00113343144766986,42.4860343933105,-71.4564743041992,766.933715820312,701.348754882812,-4.01265478134155,0.356014311313629,124.019538879395,67.7050704956055,-3.02718734741211,-0.0161414835602045,0.336924701929092,-0.0529634766280651,70
738505.48859252163674682379,67.3269119262695,-2.78913593292236,6.27732563018799,-0.0455836430191994,0.00113343144766986,42.4860229492188,-71.4562835693359,766.207336425781,700.590942382812,-4.09804153442383,0.422142326831818,123.962760925293,67.6764144897461,-3.06175637245178,-0.00379556184634566,0.339224338531494,-0.0513484515249729,70
738505.48859503993298858404,67.3043594360352,-2.86190509796143,6.28266859054565,-0.0455836430191994,0.00113343144766986,42.486011505127,-71.4561080932617,765.519714355469,699.873840332031,-4.47387647628784,0.484446227550507,123.910438537598,67.6575164794922,-3.09099578857422,-0.0180826038122177,0.341290801763535,-0.0498404540121555,70
738505.48859757545869797468,67.2894973754883,-3.03551650047302,6.28964281082153,-0.0455836430191994,0.00113343144766986,42.4860000610352,-71.4559326171875,764.7900390625,699.114196777344,-4.83443689346313,0.548321485519409,123.858459472656,67.6509475708008,-3.12684512138367,-0.00731594255194068,0.343188107013702,-0.0482960194349289,70
738505.48860004683956503868,67.2719192504883,-3.23904514312744,6.29804277420044,-0.0455836430191994,0.00113343144766986,42.4859886169434,-71.4557571411133,764.027465820312,698.322082519531,-5.05347633361816,0.609783411026001,123.811309814453,67.643684387207,-3.18200087547302,0.0271236374974251,0.344637274742126,-0.0467712134122849,70
738505.48860241041984409094,67.2576599121094,-3.43296551704407,6.30865526199341,-0.0455836430191994,0.00113343144766986,42.4859771728516,-71.4555816650391,763.243530273438,697.509216308594,-5.17452049255371,0.661067724227905,123.771438598633,67.6400527954102,-3.26117634773254,0.0597136206924915,0.345502555370331,-0.0452830642461777,70
738505.48860481148585677147,67.2511825561523,-3.60350680351257,6.32185649871826,-0.0455836430191994,0.00113343144766986,42.4859657287598,-71.4554138183594,762.433227539062,696.670471191406,-5.21649503707886,0.702431261539459,123.739685058594,67.6437225341797,-3.3629686832428,0.0816460326313972,0.345780491828918,-0.0438215881586075,70
738505.48860718007199466228,67.25439453125,-3.73426294326782,6.33727264404297,-0.0455836430191994,0.00113343144766986,42.485954284668,-71.4552536010742,761.625122070312,695.8349609375,-5.22714519500732,0.739824593067169,123.71800994873,67.6554489135742,-3.47754001617432,0.0900873467326164,0.34552738070488,-0.0424178391695023,70
738505.48860964318737387657,67.2615432739258,-3.85520148277283,6.35601949691772,-0.0455836430191994,0.00113343144766986,42.4859428405762,-71.455078125,760.726196289062,694.906494140625,-5.26956129074097,0.780291199684143,123.705627441406,67.6710968017578,-3.61167597770691,0.0869083479046822,0.344752877950668,-0.0408928468823433,70
738505.48861208569724112749,67.2710342407227,-3.96531820297241,6.37667942047119,-0.0455836430191994,0.00113343144766986,42.4859313964844,-71.4549026489258,759.79541015625,693.945861816406,-5.32879781723022,0.821095168590546,123.70433807373,67.6888275146484,-3.74957466125488,0.0824225395917892,0.343513607978821,-0.0393644422292709,70
738505.48861454264260828495,67.2823638916016,-4.06407499313354,6.39800214767456,-0.0455836430191994,0.00113343144766986,42.4859199523926,-71.4547271728516,758.882141113281,691.907409667969,-5.39351940155029,0.860027968883514,123.712409973145,67.7079620361328,-3.87923240661621,0.0809009522199631,0.341943472623825,-0.0379105061292648,70
738505.48861700098495930433,67.2964553833008,-4.16212558746338,6.42169332504272,-0.0455836430191994,0.00113343144766986,42.4859085083008,-71.4545516967773,757.91162109375,688.809631347656,-5.46462965011597,0.900354862213135,123.729232788086,67.7301559448242,-4.00924777984619,0.0829449072480202,0.339949607849121,-0.036398284137249,70
738505.48861956491600722075,67.3130645751953,-4.25841760635376,6.44730424880981,-0.0455836430191994,0.00113343144766986,42.485897064209,-71.4543762207031,756.905944824219,685.646545410156,-5.5362229347229,0.940968751907349,123.753883361816,67.7550811767578,-4.13485908508301,0.0882153511047363,0.337572425603867,-0.0348695628345013,70
738505.48862201848533004522,67.3301544189453,-4.35968589782715,6.47202682495117,-0.0455836430191994,0.00113343144766986,42.4858856201172,-71.4542007446289,755.916564941406,682.577270507812,-5.52491664886475,0.914794266223907,123.783966064453,67.7808532714844,-4.24975681304932,0.131206780672073,0.334956407546997,-0.0333977155387402,70
738505.48862452572211623192,67.3489532470703,-4.40264272689819,6.49150037765503,-0.0455836430191994,0.00113343144766986,42.4858741760254,-71.4540176391602,754.856323242188,679.325012207031,-5.34966850280762,0.438296526670456,123.822441101074,67.8041610717773,-4.36552715301514,0.201394304633141,0.331861615180969,-0.0318520702421665,70
738505.48862701340112835169,67.3665084838867,-4.39652347564697,6.49498605728149,-0.0455836430191994,0.00113343144766986,42.4858627319336,-71.4538497924805,753.838684082031,676.207763671875,-5.23064088821411,-0.118100486695766,123.864280700684,67.8215408325195,-4.46484899520874,0.170126989483833,0.328683406114578,-0.0303988493978977,70
738505.48862943309359252453,67.3835525512695,-4.36888265609741,6.48668432235718,-0.0455836430191994,0.00113343144766986,42.4858512878418,-71.4536743164062,752.837829589844,673.1318359375,-5.19344425201416,-0.264743506908417,123.907775878906,67.8358840942383,-4.54529905319214,0.018524156883359,0.325472742319107,-0.0289645753800869,70
738505.48863188235554844141,67.3998641967773,-4.3427267074585,6.47336864471436,-0.0455836430191994,0.00113343144766986,42.48583984375,-71.453498840332,751.822631835938,669.99951171875,-5.17163181304932,-0.266353785991669,123.951805114746,67.8491363525391,-4.60643625259399,-0.0514154620468616,0.322216093540192,-0.0275018680840731,70
738505.48863428866025060415,67.4150238037109,-4.31550693511963,6.45920944213867,-0.0455836430191994,0.00113343144766986,42.4858283996582,-71.4533233642578,750.827392578125,666.916259765625,-5.14733076095581,-0.267575442790985,123.993362426758,67.8611145019531,-4.64726495742798,-0.0850543230772018,0.319061130285263,-0.0260676294565201,70
738505.48863670951686799526,67.4287948608398,-4.28974580764771,6.44451808929443,-0.0455836430191994,0.00113343144766986,42.4858169555664,-71.4531555175781,749.856201171875,665.377014160156,-5.11377000808716,-0.268529742956161,124.031723022461,67.8717651367188,-4.67129421234131,-0.096932664513588,0.316035449504852,-0.0246662106364965,70
738505.48863908776547759771,67.4413223266602,-4.25367069244385,6.42925834655762,-0.0455836430191994,0.00113343144766986,42.4858055114746,-71.4529876708984,748.890258789062,664.273559570312,-5.0514087677002,-0.263967931270599,124.067588806152,67.8804931640625,-4.68241739273071,-0.0952251777052879,0.31308513879776,-0.0232602916657925,70
738505.48864152526948601007,67.4520111083984,-4.21140384674072,6.41390657424927,-0.0455836430191994,0.00113343144766986,42.4857940673828,-71.4528198242188,747.944702148438,663.19189453125,-4.99792385101318,-0.259454756975174,124.100341796875,67.8870239257812,-4.68244457244873,-0.090459443628788,0.310268580913544,-0.0218719560652971,70
738505.48864390619564801455,67.4613952636719,-4.16370010375977,6.39775514602661,-0.0455836430191994,0.00113343144766986,42.485782623291,-71.4526443481445,746.970336914062,662.07568359375,-4.9466404914856,-0.255081534385681,124.131439208984,67.8918838500977,-4.67219161987305,-0.0843444243073463,0.307461470365524,-0.0204145628958941,70
738505.48864623741246759892,67.4685363769531,-4.11714553833008,6.38262605667114,-0.0455836430191994,0.00113343144766986,42.4857711791992,-71.4524765014648,746.072814941406,661.0458984375,-4.90110015869141,-0.251260221004486,124.157341003418,67.8947143554688,-4.65451383590698,-0.0785558819770813,0.304978162050247,-0.0190533902496099,70
738505.48864864592906087637,67.4744262695312,-4.06679725646973,6.36667108535767,-0.0455836430191994,0.00113343144766986,42.4857597351074,-71.4523086547852,745.13916015625,659.972961425781,-4.85454416275024,-0.24742828309536,124.181427001953,67.8960418701172,-4.62865257263184,-0.0732096880674362,0.302511304616928,-0.0176082495599985,70
738505.48865105165168642998,67.4786834716797,-4.01494216918945,6.35050249099731,-0.0455836430191994,0.00113343144766986,42.4857482910156,-71.4521331787109,744.204711914062,658.897338867188,-4.80706977844238,-0.243704929947853,124.202392578125,67.8956680297852,-4.59621953964233,-0.0688147023320198,0.300172865390778,-0.0161349289119244,70
738505.48865352733992040157,67.481201171875,-3.96260118484497,6.33450698852539,-0.0455836430191994,0.00113343144766986,42.4857368469238,-71.4519653320312,743.291198730469,658.245849609375,-4.75963449478149,-0.240032345056534,124.219711303711,67.8936004638672,-4.55916404724121,-0.0655045956373215,0.298022210597992,-0.014671073295176,70
738505.48865593643859028816,67.482048034668,-3.9084165096283,6.31817674636841,-0.0455836430191994,0.00113343144766986,42.485725402832,-71.451789855957,742.369262695312,657.778991699219,-4.71153974533081,-0.23633536696434,124.233993530273,67.889778137207,-4.51717710494995,-0.0632947757840157,0.295996695756912,-0.0131654385477304,70
738505.48865835380274802446,67.4812164306641,-3.85593700408936,6.30245637893677,-0.0455836430191994,0.00113343144766986,42.4857139587402,-71.4516220092773,741.492065429688,657.33984375,-4.66573095321655,-0.232808768749237,124.244468688965,67.8844909667969,-4.47368717193604,-0.0620195232331753,0.294212162494659,-0.0117044020444155,70
738505.48866074718534946442,67.4786911010742,-3.80193495750427,6.28634738922119,-0.0455836430191994,0.00113343144766986,42.4857025146484,-71.4514465332031,740.603942871094,656.900634765625,-4.61881732940674,-0.229136422276497,124.251914978027,67.8774337768555,-4.42656755447388,-0.0612947940826416,0.292554646730423,-0.0101813897490501,70
738505.48866319807711988688,67.4745635986328,-3.74859547615051,6.27044010162354,-0.0455836430191994,0.00113343144766986,42.4856910705566,-71.4512786865234,739.737426757812,656.477416992188,-4.57308340072632,-0.225139409303665,124.256065368652,67.868896484375,-4.37813520431519,-0.060990285128355,0.29108938574791,-0.00867003574967384,70
738505.48866566247306764126,67.4687957763672,-3.69501376152039,6.25440740585327,-0.0455836430191994,0.00113343144766986,42.4856834411621,-71.4511032104492,738.874267578125,656.136047363281,-4.52748250961304,-0.220961943268776,124.257064819336,67.8587493896484,-4.32782506942749,-0.0608802996575832,0.289785295724869,-0.00713767670094967,70
738505.48866814863868057728,67.4611511230469,-3.64013361930847,6.23788166046143,-0.0455836430191994,0.00113343144766986,42.4856719970703,-71.450927734375,737.995056152344,656.218444824219,-4.48097801208496,-0.21654486656189,124.254776000977,67.8466567993164,-4.27474641799927,-0.0608190037310123,0.288623034954071,-0.00553577393293381,70
738505.48867059324402362108,67.4521865844727,-3.58756589889526,6.22192144393921,-0.0455836430191994,0.00113343144766986,42.4856605529785,-71.4507522583008,737.155883789062,656.30908203125,-4.43592262268066,-0.212284073233604,124.249488830566,67.8334732055664,-4.22283267974854,-0.0607101134955883,0.287676453590393,-0.00398567551746964,70
738505.48867307638283818960,67.4412307739258,-3.53329110145569,6.2053599357605,-0.0455836430191994,0.00113343144766986,42.4856491088867,-71.450569152832,736.29541015625,656.414672851562,-4.38959503173828,-0.207857087254524,124.240776062012,67.8182144165039,-4.16838788986206,-0.0606923587620258,0.286876201629639,-0.00234871124848723,70
738505.48867549502756446600,67.4292755126953,-3.48211860656738,6.18957805633545,-0.0455836430191994,0.00113343144766986,42.4856376647949,-71.4504013061523,735.485290527344,656.525939941406,-4.34624528884888,-0.203664258122444,124.229454040527,67.8022384643555,-4.11637115478516,-0.0606593936681747,0.28628608584404,-0.000778895802795887,70
738505.48867786512710154057,67.4159317016602,-3.43185997009277,6.17387866973877,-0.0455836430191994,0.00113343144766986,42.4856262207031,-71.4502334594727,734.6884765625,656.647033691406,-4.30386543273926,-0.1993637830019,124.215370178223,67.7849731445312,-4.06453943252563,-0.0607708171010017,0.285865157842636,0.000795952742919326,70
738505.48868025525007396936,67.4014587402344,-3.38324928283691,6.15846729278564,-0.0455836430191994,0.00113343144766986,42.4856147766113,-71.450065612793,733.914733886719,656.77587890625,-4.26296806335449,-0.194631919264793,124.198806762695,67.766731262207,-4.01373624801636,-0.0607501454651356,0.28561207652092,0.0023599558044225,70
738505.48868261219467967749,67.3854522705078,-3.33489012718201,6.14288711547852,-0.0455836430191994,0.00113343144766986,42.4856033325195,-71.4498977661133,733.140197753906,656.916259765625,-4.22216415405273,-0.189854636788368,124.179412841797,67.7470016479492,-3.96252036094666,-0.0606527961790562,0.285516053438187,0.00396092934533954,70
738505.48868499463424086571,67.3686752319336,-3.28883671760559,6.12780666351318,-0.0455836430191994,0.00113343144766986,42.485595703125,-71.4497299194336,732.397705078125,657.061645507812,-4.18340492248535,-0.18524132668972,124.158081054688,67.726692199707,-3.91327238082886,-0.0605137534439564,0.285575330257416,0.0055263489484787,70
738505.48868740722537040710,67.3498687744141,-3.24171233177185,6.11208534240723,-0.0455836430191994,0.00113343144766986,42.4855842590332,-71.4495544433594,731.630859375,657.22314453125,-4.14384698867798,-0.180489659309387,124.133163452148,67.7042922973633,-3.86223459243774,-0.0604076236486435,0.285795569419861,0.00718015292659402,70
738505.48868980712722986937,67.3298950195312,-3.19594120979309,6.09647464752197,-0.0455836430191994,0.00113343144766986,42.4855728149414,-71.4493865966797,730.876586914062,657.341613769531,-4.10547685623169,-0.175788953900337,124.105812072754,67.6808395385742,-3.81210136413574,-0.0603021830320358,0.286172807216644,0.00883041881024837,70
738505.48869221913628280163,67.3085403442383,-3.15099740028381,6.08077049255371,-0.0455836430191994,0.00113343144766986,42.4855613708496,-71.4492111206055,730.124694824219,657.356628417969,-4.06784057617188,-0.17106106877327,124.075706481934,67.6560668945312,-3.76229524612427,-0.0602016299962997,0.286709815263748,0.0105021195486188,70
738505.48869465081952512264,67.2872467041016,-3.10729146003723,6.06581497192383,-0.0455836430191994,0.00113343144766986,42.4855499267578,-71.4490432739258,729.406188964844,657.380126953125,-4.07406759262085,-0.157007426023483,124.044296264648,67.6315231323242,-3.7148871421814,-0.0658369734883308,0.28737798333168,0.0121270995587111,70
738505.48869705293327569962,67.2659530639648,-3.0828423500061,6.05075788497925,-0.0455836430191994,0.00113343144766986,42.485538482666,-71.4488677978516,728.65625,657.412292480469,-4.20854091644287,-0.132029145956039,124.008613586426,67.6078720092773,-3.66578245162964,-0.0775921195745468,0.288234263658524,0.013864466920495,70
738505.48869945923797786236,67.2483749389648,-3.11366581916809,6.03718423843384,-0.0455836430191994,0.00113343144766986,42.4855308532715,-71.4486999511719,727.933898925781,657.441101074219,-4.34952449798584,-0.10736845433712,123.972373962402,67.590576171875,-3.6229088306427,-0.0774874910712242,0.289149761199951,0.0155442645773292,70
738505.48870181478559970856,67.2336196899414,-3.1597044467926,6.0246787071228,-0.0455836430191994,0.00113343144766986,42.4855194091797,-71.4485321044922,727.21142578125,657.460632324219,-4.42658042907715,-0.0832147747278214,123.936134338379,67.5769195556641,-3.59077763557434,-0.0636857897043228,0.29003369808197,0.0172222964465618,70
738505.48870426067151129246,67.2206726074219,-3.21149730682373,6.01307153701782,-0.0455836430191994,0.00113343144766986,42.4855079650879,-71.448356628418,726.468994140625,657.470092773438,-4.49302864074707,-0.0589374005794525,123.900810241699,67.5654449462891,-3.57195663452148,-0.0518114827573299,0.290831446647644,0.0189309064298868,70
738505.48870671633630990982,67.2093887329102,-3.26901984214783,6.00230932235718,-0.0455836430191994,0.00113343144766986,42.4854965209961,-71.4481887817383,725.696899414062,657.765319824219,-4.55532503128052,-0.0341131389141083,123.867477416992,67.556022644043,-3.56755065917969,-0.0435161404311657,0.291498631238937,0.0206930004060268,70
738505.48870908492244780064,67.2003326416016,-3.32728314399719,5.99295377731323,-0.0455836430191994,0.00113343144766986,42.4854888916016,-71.4480209350586,724.93798828125,658.239196777344,-4.61265468597412,-0.0100734308362007,123.838745117188,67.5490264892578,-3.57660675048828,-0.0383004583418369,0.29197296500206,0.0224088113754988,70
738505.48871150624472647905,67.1929092407227,-3.38839960098267,5.98443460464478,-0.0455836430191994,0.00113343144766986,42.4854774475098,-71.4478454589844,724.150024414062,658.710388183594,-4.66905164718628,0.014538275077939,123.813346862793,67.5439300537109,-3.59768605232239,-0.0346675291657448,0.292267441749573,0.0241807252168655,70
738505.48871400975622236729,67.1872634887695,-3.45098614692688,5.97686815261841,-0.0455836430191994,0.00113343144766986,42.485466003418,-71.4476699829102,723.341125488281,659.172668457031,-4.72484970092773,0.0394060090184212,123.791999816895,67.5408096313477,-3.62905097007751,-0.0318278931081295,0.292358219623566,0.0259839966893196,70
738505.48871644039172679186,67.183464050293,-3.51336908340454,5.97036790847778,-0.0455836430191994,0.00113343144766986,42.4854545593262,-71.4475021362305,722.526184082031,658.775573730469,-4.77829027175903,0.0638384819030762,123.775085449219,67.5396728515625,-3.6681079864502,-0.0291007198393345,0.292237341403961,0.0277761369943619,70
738505.48871896730270236731,67.1813888549805,-3.57685422897339,5.9647388458252,-0.0455836430191994,0.00113343144766986,42.4854431152344,-71.4473266601562,721.680725097656,657.701110839844,-4.83197546005249,0.088694266974926,123.762184143066,67.5404357910156,-3.71439409255981,-0.0262347478419542,0.291893631219864,0.0296124871820211,70
738505.48872141179163008928,67.1810913085938,-3.64020252227783,5.96010637283325,-0.0455836430191994,0.00113343144766986,42.4854316711426,-71.4471435546875,720.819641113281,656.610473632812,-4.88392305374146,0.113532185554504,123.753601074219,67.5431213378906,-3.76563191413879,-0.0230630729347467,0.291324973106384,0.0314644053578377,70
738505.48872374603524804115,67.1823654174805,-3.69869804382324,5.9566593170166,-0.0455836430191994,0.00113343144766986,42.485424041748,-71.4469833374023,719.997497558594,655.572326660156,-4.92974901199341,0.136384218931198,123.749336242676,67.5472564697266,-3.81692957878113,-0.019582899287343,0.290584444999695,0.0332150980830193,70
738505.48872607725206762552,67.1850051879883,-3.75606632232666,5.95406436920166,-0.0455836430191994,0.00113343144766986,42.4854125976562,-71.4468154907227,719.168090820312,654.528198242188,-4.96901941299438,0.157653957605362,123.748641967773,67.5528182983398,-3.87011456489563,-0.0151558322831988,0.289652645587921,0.034964207559824,70
738505.48872849449981004000,67.1890335083008,-3.80999207496643,5.9522271156311,-0.0455836430191994,0.00113343144766986,42.4854011535645,-71.446647644043,718.305480957031,653.445068359375,-5.00124502182007,0.176938682794571,123.751472473145,67.5596923828125,-3.92612719535828,-0.0106469336897135,0.288497507572174,0.0367706567049026,70
738505.48873094189912080765,67.194091796875,-3.86617636680603,5.95103359222412,-0.0455836430191994,0.00113343144766986,42.4853935241699,-71.4464721679688,717.402587890625,652.314392089844,-5.01400423049927,0.192427232861519,123.757995605469,67.5678024291992,-3.98445725440979,-0.00454300316050649,0.287101000547409,0.038650706410408,70
738505.48873336683027446270,67.1994781494141,-3.899094581604,5.95050239562988,-0.0455836430191994,0.00113343144766986,42.4853820800781,-71.4463043212891,716.508544921875,651.197143554688,-4.97164440155029,0.202513307332993,123.767723083496,67.5750122070312,-4.04106712341309,0.0036498992703855,0.285542339086533,0.0404928363859653,70
738505.48873579886276274920,67.2047271728516,-3.91824316978455,5.95048379898071,-0.0455836430191994,0.00113343144766986,42.4853706359863,-71.4461212158203,715.587158203125,650.046936035156,-4.94909191131592,0.212787941098213,123.78067779541,67.5813293457031,-4.09590291976929,0.00364346476271749,0.283793240785599,0.0423917956650257,70
738505.48873818444553762674,67.2095336914062,-3.92945241928101,5.95083618164062,-0.0455836430191994,0.00113343144766986,42.4853591918945,-71.4459609985352,714.714965820312,648.958862304688,-4.93765687942505,0.222499638795853,123.794715881348,67.5867919921875,-4.14216041564941,0.00181410112418234,0.282046675682068,0.0441786125302315,70
738505.48874061449896544218,67.2143707275391,-3.93683934211731,5.9515233039856,-0.0455836430191994,0.00113343144766986,42.4853515625,-71.4457855224609,713.814880371094,647.836303710938,-4.93121576309204,0.232477933168411,123.810218811035,67.5920867919922,-4.18320941925049,0.000583496643230319,0.280183017253876,0.0460234358906746,70
738505.48874299880117177963,67.2191467285156,-3.94159388542175,5.95252752304077,-0.0455836430191994,0.00113343144766986,42.4853401184082,-71.4456176757812,712.910583496094,646.708801269531,-4.9276237487793,0.242443844676018,123.826278686523,67.5972061157227,-4.21741342544556,0.000565239461138844,0.278268814086914,0.0478837303817272,70
738505.48874549625907093287,67.2238693237305,-3.9445652961731,5.95387411117554,-0.0455836430191994,0.00113343144766986,42.4853286743164,-71.445442199707,711.998229980469,645.571472167969,-4.92546844482422,0.253190666437149,123.84252166748,67.6021957397461,-4.24525880813599,0.00122265634126961,0.276308208703995,0.0497654639184475,70
738505.48874795658048242331,67.228515625,-3.94629073143005,5.95562791824341,-0.0455836430191994,0.00113343144766986,42.4853172302246,-71.4452667236328,711.0771484375,644.377502441406,-4.92376518249512,0.266813546419144,123.858779907227,67.6070709228516,-4.26739978790283,0.00301022711209953,0.27430859208107,0.05167156457901,70
738505.48875041771680116653,67.2330474853516,-3.94709420204163,5.95785760879517,-0.0455836430191994,0.00113343144766986,42.4853057861328,-71.4450988769531,710.153564453125,643.112609863281,-4.92249059677124,0.280472487211227,123.87476348877,67.6118240356445,-4.28450059890747,0.00530353141948581,0.272289454936981,0.0535844638943672,70
738505.48875290900468826294,67.2374572753906,-3.94716548919678,5.96057415008545,-0.0455836430191994,0.00113343144766986,42.4852981567383,-71.4449234008789,709.227905273438,641.844787597656,-4.92117691040039,0.294157773256302,123.890419006348,67.6164474487305,-4.29743719100952,0.00789505895227194,0.270256370306015,0.0554985478520393,70
738505.48875532473903149366,67.2416534423828,-3.94661784172058,5.96373605728149,-0.0455836430191994,0.00113343144766986,42.4852867126465,-71.4447479248047,708.316955566406,640.597045898438,-4.91972160339355,0.308128714561462,123.905448913574,67.6208648681641,-4.3068528175354,0.0103575903922319,0.268248498439789,0.0573831684887409,70
738505.48875783418770879507,67.2458190917969,-3.94548988342285,5.96751642227173,-0.0455836430191994,0.00113343144766986,42.4852752685547,-71.4445724487305,707.377258300781,639.309814453125,-4.91797971725464,0.322786748409271,123.92064666748,67.6252746582031,-4.31382703781128,0.0130031062290072,0.266173660755157,0.0593423694372177,70
738505.48876029928214848042,67.2497482299805,-3.94388389587402,5.97175788879395,-0.0455836430191994,0.00113343144766986,42.4852638244629,-71.4443969726562,706.454040527344,638.044860839844,-4.91599178314209,0.337153673171997,123.93522644043,67.6294708251953,-4.31851959228516,0.0154842669144273,0.264132440090179,0.0612689778208733,70
738505.48876273375935852528,67.2535095214844,-3.94181680679321,5.97653150558472,-0.0455836430191994,0.00113343144766986,42.4852523803711,-71.444221496582,705.529846191406,636.778442382812,-4.91371297836304,0.351708054542542,123.949501037598,67.6335067749023,-4.32151508331299,0.0177810210734606,0.262088477611542,0.0632028877735138,70
738505.48876509582623839378,67.2568969726562,-3.93945121765137,5.98155546188354,-0.0455836430191994,0.00113343144766986,42.4852447509766,-71.4440536499023,704.653442382812,635.577209472656,-4.91127395629883,0.365935772657394,123.962745666504,67.6371765136719,-4.32308864593506,0.019843740388751,0.26015168428421,0.0650350674986839,70
738505.48876752471551299095,67.2602310180664,-3.93659830093384,5.98730802536011,-0.0455836430191994,0.00113343144766986,42.4852333068848,-71.4438781738281,703.740783691406,634.325988769531,-4.90845394134521,0.380833923816681,123.976280212402,67.6408386230469,-4.3236608505249,0.0220148526132107,0.25813689827919,0.0669576600193977,70
738505.48876991774886846542,67.2632598876953,-3.93345546722412,5.99337434768677,-0.0455836430191994,0.00113343144766986,42.485221862793,-71.443717956543,702.859069824219,633.116760253906,-4.90543413162231,0.395158231258392,123.989044189453,67.6442108154297,-4.32335615158081,0.0241113528609276,0.256193697452545,0.0688105076551437,70
738505.48877225921023637056,67.2660522460938,-3.9299955368042,5.99989032745361,-0.0455836430191994,0.00113343144766986,42.4852104187012,-71.4435501098633,701.983825683594,631.916259765625,-4.9021692276001,0.409367352724075,124.001403808594,67.6473617553711,-4.32234668731689,0.0261447206139565,0.254269301891327,0.0706597864627838,70
738505.48877477087080478668,67.2688140869141,-3.92592978477478,6.00740528106689,-0.0455836430191994,0.00113343144766986,42.4852027893066,-71.4433670043945,701.047058105469,630.630920410156,-4.89839553833008,0.424621492624283,124.014373779297,67.6505355834961,-4.32058763504028,0.028270211070776,0.252216011285782,0.0726542174816132,70
738505.48877718171570450068,67.2714691162109,-3.91938805580139,6.01532363891602,-0.0455836430191994,0.00113343144766986,42.4851913452148,-71.4431991577148,700.151306152344,629.401306152344,-4.91381740570068,0.449403643608093,124.026428222656,67.6535034179688,-4.31829738616943,0.0259622521698475,0.250259667634964,0.0745475590229034,70
738505.48877951537724584341,67.2746887207031,-3.92300868034363,6.02405643463135,-0.0455836430191994,0.00113343144766986,42.485179901123,-71.4430313110352,699.266784667969,628.186767578125,-4.9820408821106,0.484675109386444,124.037910461426,67.6576919555664,-4.31548023223877,0.0233897976577282,0.248338356614113,0.0764110907912254,70
738505.48878183530177921057,67.2803726196289,-3.94441914558411,6.03361845016479,-0.0455836430191994,0.00113343144766986,42.4851684570312,-71.44287109375,698.409423828125,627.01025390625,-5.18868780136108,0.518635869026184,124.048614501953,67.6654434204102,-4.31321811676025,0.0147141022607684,0.246476128697395,0.0782125145196915,70
738505.48878414696082472801,67.2915725708008,-4.02753877639771,6.04387235641479,-0.0455836430191994,0.00113343144766986,42.4851608276367,-71.4427032470703,697.546691894531,625.830322265625,-5.57584476470947,0.552740514278412,124.059013366699,67.6823883056641,-4.31455326080322,0.00234956620261073,0.244568467140198,0.0800033882260323,70
738505.48878654977306723595,67.3011703491211,-4.21879196166992,6.05435848236084,-0.0455836430191994,0.00113343144766986,42.4851493835449,-71.4425354003906,696.612365722656,624.562438964844,-6.1771764755249,0.590169489383698,124.070457458496,67.7045135498047,-4.32850313186646,-0.00585071416571736,0.242350816726685,0.0818940028548241,70
738505.48878887679893523455,67.2852478027344,-4.528883934021,6.06233835220337,-0.0455836430191994,0.00113343144766986,42.4851379394531,-71.4423675537109,695.648254394531,623.273132324219,-6.73772001266479,0.627293169498444,124.081443786621,67.7094345092773,-4.36888360977173,0.0163612421602011,0.23970153927803,0.0837384536862373,70
738505.48879126284737139940,67.2500686645508,-4.90736770629883,6.06974220275879,-0.0455836430191994,0.00113343144766986,42.4851264953613,-71.4421997070312,694.593139648438,621.886596679688,-7.23094415664673,0.664705276489258,124.089698791504,67.7015151977539,-4.45404577255249,0.053684163838625,0.236158341169357,0.0856158658862114,70
738505.48879367113113403320,67.2083129882812,-5.32286405563354,6.07793712615967,-0.0455836430191994,0.00113343144766986,42.4851188659668,-71.4420318603516,693.452209472656,620.413269042969,-7.68351268768311,0.701961755752563,124.092781066895,67.6921844482422,-4.59347581863403,0.0839769914746284,0.231465756893158,0.0874972566962242,70
738505.48879606358241289854,67.1727981567383,-5.76889610290527,6.08808183670044,-0.0455836430191994,0.00113343144766986,42.485107421875,-71.4418640136719,692.208557128906,618.833801269531,-8.09440326690674,0.739939212799072,124.091133117676,67.6943817138672,-4.79150056838989,0.102543033659458,0.225362285971642,0.0893960669636726,70
738505.48879841435700654984,67.1469573974609,-6.19462251663208,6.09991979598999,-0.0455836430191994,0.00113343144766986,42.4850959777832,-71.4416961669922,690.928588867188,617.23193359375,-8.28834533691406,0.776820182800293,124.089111328125,67.7074356079102,-5.0318489074707,0.125652626156807,0.218101859092712,0.0912119820713997,70
738505.48880074650514870882,67.1468124389648,-6.53240060806274,6.1169490814209,-0.0455836430191994,0.00113343144766986,42.4850845336914,-71.4415283203125,689.545288085938,615.5205078125,-8.28432464599609,0.81361049413681,124.093246459961,67.7405624389648,-5.31973218917847,0.146273359656334,0.209252759814262,0.0930599272251129,70
738505.48880315211135894060,67.181755065918,-6.79936218261719,6.1392822265625,-0.0455836430191994,0.00113343144766986,42.4850769042969,-71.4413604736328,688.103149414062,613.750305175781,-8.34434223175049,0.85079562664032,124.111259460449,67.803466796875,-5.63165092468262,0.132047191262245,0.199106886982918,0.0949027016758919,70
738505.48880555923096835613,67.2384490966797,-7.03574657440186,6.1656641960144,-0.0455836430191994,0.00113343144766986,42.4850654602051,-71.4411926269531,686.564819335938,611.873352050781,-8.44496917724609,0.889797866344452,124.150909423828,67.8861312866211,-5.95849418640137,0.111132971942425,0.187507659196854,0.096795067191124,70
738505.48880802642088383436,67.3075866699219,-7.24770641326904,6.19446754455566,-0.0455836430191994,0.00113343144766986,42.4850540161133,-71.4410171508789,684.975524902344,609.944213867188,-8.56441497802734,0.929157316684723,124.21565246582,67.9794998168945,-6.2773175239563,0.097697988152504,0.174885913729668,0.0986901074647903,70
738505.48881038359832018614,67.3816833496094,-7.43639659881592,6.22381734848022,-0.0455836430191994,0.00113343144766986,42.4850425720215,-71.4408493041992,683.413818359375,608.056518554688,-8.68062400817871,0.966749966144562,124.301223754883,68.0758895874023,-6.56631946563721,0.0945079401135445,0.161985129117966,0.100494481623173,70
738505.48881273518782109022,67.4649047851562,-7.61409997940063,6.25572967529297,-0.0455836430191994,0.00113343144766986,42.4850311279297,-71.4406814575195,681.771728515625,606.079345703125,-8.6383638381958,1.00470459461212,124.412338256836,68.1808013916016,-6.84448194503784,0.112326815724373,0.147991001605988,0.10234446823597,70
738505.48881505196914076805,67.5635528564453,-7.70539903640747,6.29040336608887,-0.0455836430191994,0.00113343144766986,42.4850196838379,-71.4405212402344,680.175903320312,604.162353515625,-8.54209232330322,1.03998863697052,124.53963470459,68.2918472290039,-7.08998727798462,0.126967281103134,0.133975520730019,0.104098059237003,70
738505.48881738597992807627,67.6702423095703,-7.7661509513855,6.32812404632568,-0.0455836430191994,0.00113343144766986,42.4850120544434,-71.4403533935547,678.534851074219,602.193298339844,-8.48954772949219,1.07579779624939,124.69002532959,68.4077453613281,-7.31397485733032,0.128485396504402,0.119227565824986,0.105887748301029,70
738505.48881972476374357939,67.7752685546875,-7.80352306365967,6.36684322357178,-0.0455836430191994,0.00113343144766986,42.4850006103516,-71.440185546875,676.910095214844,600.660217285156,-8.45739459991455,1.1108832359314,124.855461120605,68.5194778442383,-7.50468111038208,0.129874259233475,0.104388862848282,0.107634112238884,70
738505.48882228275761008263,67.891242980957,-7.82692766189575,6.41139554977417,-0.0455836430191994,0.00113343144766986,42.4849891662598,-71.4400100708008,675.10302734375,599.120788574219,-8.43178653717041,1.14946746826172,125.055274963379,68.6410064697266,-7.68134880065918,0.13478621840477,0.0876920893788338,0.109568454325199,70
738505.48882471362594515085,68.0026702880859,-7.83612823486328,6.45611333847046,-0.0455836430191994,0.00113343144766986,42.484977722168,-71.439826965332,673.350036621094,597.627319335938,-8.41004371643066,1.18646824359894,125.259338378906,68.7564544677734,-7.81852436065674,0.142820850014687,0.0713622570037842,0.111421182751656,70
738505.48882719280663877726,68.112548828125,-7.83481454849243,6.50221490859985,-0.0455836430191994,0.00113343144766986,42.4849624633789,-71.4396514892578,671.6025390625,596.138916015625,-8.38763046264648,1.22294771671295,125.469589233398,68.8693161010742,-7.9255199432373,0.152560412883759,0.0549955479800701,0.11325778067112,70
738505.48882960528135299683,68.2203063964844,-7.82471704483032,6.54954671859741,-0.0455836430191994,0.00113343144766986,42.4849510192871,-71.4394760131836,669.867797851562,594.661865234375,-8.36254501342773,1.25881838798523,125.682235717773,68.9792175292969,-8.00615787506104,0.162708923220634,0.0386895276606083,0.11506612598896,70
738505.48883210471831262112,68.3274536132812,-7.80597400665283,6.59892845153809,-0.0455836430191994,0.00113343144766986,42.4849395751953,-71.4393005371094,668.118286132812,593.173217773438,-8.3245677947998,1.29479265213013,125.898735046387,69.0877685546875,-8.06540107727051,0.17314787209034,0.0222087316215038,0.116889327764511,70
738505.48883459845092147589,68.4331893920898,-7.77675151824951,6.65020847320557,-0.0455836430191994,0.00113343144766986,42.4849281311035,-71.4391250610352,666.36572265625,591.683044433594,-8.28225612640381,1.33073246479034,126.116241455078,69.193962097168,-8.10562515258789,0.182030320167542,0.0056768381036818,0.118709981441498,70
738505.48883708752691745758,68.5361175537109,-7.74611520767212,6.70310401916504,-0.0455836430191994,0.00113343144766986,42.4849166870117,-71.4389419555664,664.609558105469,590.191284179688,-8.18126583099365,1.3667083978653,126.333526611328,69.2974243164062,-8.12924385070801,0.193430468440056,-0.0108875725418329,0.120515502989292,70
738505.48883939243387430906,68.6313095092773,-7.66929244995117,6.75559282302856,-0.0455836430191994,0.00113343144766986,42.4849052429199,-71.4387741088867,662.962768554688,588.794311523438,-7.97792625427246,1.40000593662262,126.536041259766,69.3881301879883,-8.13797283172607,0.209913700819016,-0.0264322366565466,0.122191242873669,70
738505.48884185182396322489,68.7270965576172,-7.54800796508789,6.81343555450439,-0.0455836430191994,0.00113343144766986,42.4848937988281,-71.438591003418,661.243286132812,587.33935546875,-7.74627065658569,1.43524408340454,126.747177124023,69.4752426147461,-8.1301794052124,0.215906053781509,-0.0426685400307178,0.123949594795704,70
738505.48884419910609722137,68.8133239746094,-7.39901828765869,6.87085056304932,-0.0455836430191994,0.00113343144766986,42.4848785400391,-71.4384231567383,659.623046875,585.973205566406,-7.53756427764893,1.46928441524506,126.943603515625,69.550178527832,-8.10225391387939,0.214088067412376,-0.0579158589243889,0.125614419579506,70
738505.48884682822972536087,68.8976974487305,-7.21509599685669,6.93328905105591,-0.0455836430191994,0.00113343144766986,42.4848670959473,-71.4382400512695,657.943725585938,584.563171386719,-7.30493831634521,1.50544953346252,127.143501281738,69.6205444335938,-8.04726791381836,0.213018164038658,-0.0735909342765808,0.127372518181801,70
738505.48884936934337019920,68.9753341674805,-7.00556707382202,6.99820327758789,-0.0455836430191994,0.00113343144766986,42.4848556518555,-71.4380493164062,656.282470703125,583.17578125,-7.07764911651611,1.54236555099487,127.334953308105,69.682487487793,-7.96333932876587,0.211826771497726,-0.0888885632157326,0.129126012325287,70
738505.48885191557928919792,69.0431900024414,-6.78395557403564,7.06323623657227,-0.0455836430191994,0.00113343144766986,42.4848403930664,-71.4378662109375,654.696472167969,581.859313964844,-6.85455274581909,1.57879090309143,127.509857177734,69.7343063354492,-7.85336065292358,0.21289037168026,-0.103222474455833,0.130815491080284,70
738505.48885465471539646387,69.10595703125,-6.53533744812012,7.13370227813721,-0.0455836430191994,0.00113343144766986,42.4848251342773,-71.4376678466797,653.061645507812,580.511901855469,-6.62444972991943,1.61768925189972,127.680740356445,69.7798919677734,-7.7075514793396,0.215450033545494,-0.117642603814602,0.13259145617485,70
738505.48885730374604463577,69.1584320068359,-6.28011035919189,7.20490884780884,-0.0455836430191994,0.00113343144766986,42.4848136901855,-71.4374771118164,651.492309570312,579.229064941406,-6.39959955215454,1.65650856494904,127.833419799805,69.8157501220703,-7.53665685653687,0.219524934887886,-0.131057858467102,0.13431291282177,70
738505.48885981133207678795,69.1990966796875,-6.03180551528931,7.2737865447998,-0.0455836430191994,0.00113343144766986,42.4847984313965,-71.4372940063477,650.0498046875,578.060241699219,-6.18674421310425,1.69364631175995,127.962295532227,69.8412933349609,-7.35325336456299,0.22435037791729,-0.142946392297745,0.13591431081295,70
738505.48886231542564928532,69.2297058105469,-5.78843641281128,7.34129858016968,-0.0455836430191994,0.00113343144766986,42.4847869873047,-71.4371109008789,648.705505371094,576.981079101562,-5.98136711120605,1.72968482971191,128.071472167969,69.8580856323242,-7.15984630584717,0.229266420006752,-0.153580576181412,0.137431979179382,70
738505.48886478017084300518,69.251838684082,-5.54131889343262,7.41010046005249,-0.0455836430191994,0.00113343144766986,42.4847717285156,-71.4369277954102,647.40380859375,575.946716308594,-5.77486419677734,1.76605224609375,128.166107177734,69.8672561645508,-6.95188093185425,0.234110698103905,-0.163404747843742,0.138933941721916,70
738505.48886738729197531939,69.2658081054688,-5.27863550186157,7.48373031616211,-0.0455836430191994,0.00113343144766986,42.4847564697266,-71.4367370605469,646.08447265625,574.910400390625,-5.55681800842285,1.80469036102295,128.249710083008,69.8686065673828,-6.71991920471191,0.238805219531059,-0.172814428806305,0.140496626496315,70
738505.48886986519210040569,69.2701034545898,-5.02868986129761,7.55443525314331,-0.0455836430191994,0.00113343144766986,42.4847450256348,-71.4365539550781,644.886413574219,573.284423828125,-5.35029649734497,1.84156954288483,128.313064575195,69.8620376586914,-6.49187803268433,0.242810726165771,-0.180799692869186,0.141933009028435,70
738505.48887239827308803797,69.2657470703125,-4.77876281738281,7.62591075897217,-0.0455836430191994,0.00113343144766986,42.4847297668457,-71.4363708496094,643.7412109375,571.372253417969,-5.14443063735962,1.87865257263184,128.361358642578,69.8479385375977,-6.25736951828003,0.246466562151909,-0.187860205769539,0.143329113721848,70
738505.48887494509108364582,69.2526092529297,-4.52612686157227,7.69908332824707,-0.0455836430191994,0.00113343144766986,42.4847145080566,-71.4361877441406,642.635070800781,569.48828125,-4.93679666519165,1.91644656658173,128.395034790039,69.8261108398438,-6.01474618911743,0.249949872493744,-0.194063916802406,0.144704401493073,70
738505.48887740925420075655,69.2313995361328,-4.28066301345825,7.77120971679688,-0.0455836430191994,0.00113343144766986,42.4846992492676,-71.4360046386719,641.607666015625,567.701416015625,-4.73535108566284,1.95355582237244,128.413162231445,69.7975845336914,-5.77474689483643,0.253162920475006,-0.199192062020302,0.145999878644943,70
738505.48887992405798286200,69.2023086547852,-4.03900051116943,7.84335279464722,-0.0455836430191994,0.00113343144766986,42.4846878051758,-71.4358215332031,640.640380859375,565.981140136719,-4.53719902038574,1.99054455757141,128.417007446289,69.7623901367188,-5.53473997116089,0.256300419569016,-0.203371524810791,0.147243827581406,70
738505.48888239753432571888,69.1651077270508,-3.79821228981018,7.91649723052979,-0.0455836430191994,0.00113343144766986,42.4846725463867,-71.4356384277344,639.718933105469,564.302734375,-4.33986759185791,2.02792811393738,128.406921386719,69.7202224731445,-5.29209995269775,0.259430140256882,-0.206667214632034,0.148450911045074,70
738505.48888482816983014345,69.1204299926758,-3.56093907356262,7.98986673355103,-0.0455836430191994,0.00113343144766986,42.4846572875977,-71.4354629516602,638.852661132812,562.683288574219,-4.15078020095825,2.06473755836487,128.383255004883,69.671745300293,-5.05031538009644,0.262330263853073,-0.209046572446823,0.149609744548798,70
738505.48888733913190662861,69.0683975219727,-3.33010721206665,8.06337070465088,-0.0455836430191994,0.00113343144766986,42.4846420288086,-71.4352798461914,638.034362792969,561.110900878906,-3.97458457946777,2.07730269432068,128.346099853516,69.6171798706055,-4.80835628509521,0.274476647377014,-0.210537493228912,0.150718078017235,70
738505.48888982238713651896,69.0097045898438,-3.10603642463684,8.13552856445312,-0.0455836430191994,0.00113343144766986,42.4846267700195,-71.4350967407227,637.256896972656,559.572082519531,-3.84475135803223,1.98761034011841,128.295257568359,69.5569839477539,-4.5653338432312,0.285002470016479,-0.211150348186493,0.151790589094162,70
738505.48889239376876503229,68.9460525512695,-2.90722703933716,8.20265293121338,-0.0455836430191994,0.00113343144766986,42.4846115112305,-71.4349136352539,636.521301269531,558.072265625,-3.73369288444519,1.86258292198181,128.23112487793,69.4931182861328,-4.32459592819214,0.276985257863998,-0.210895836353302,0.152815043926239,70
738505.48889487632550299168,68.878288269043,-2.72090744972229,8.26408863067627,-0.0455836430191994,0.00113343144766986,42.4845962524414,-71.4347305297852,635.827209472656,556.61474609375,-3.61674380302429,1.73795235157013,128.155090332031,69.4256210327148,-4.09060573577881,0.263836920261383,-0.209831699728966,0.153778940439224,70
738505.48889750579837709665,68.8030395507812,-2.53846597671509,8.32322311401367,-0.0455836430191994,0.00113343144766986,42.4845809936523,-71.4345397949219,635.132690429688,555.109619140625,-3.57690358161926,1.60307252407074,128.062057495117,69.3511199951172,-3.85101985931396,0.238310277462006,-0.20787587761879,0.154754430055618,70
738505.48890009126625955105,68.7316589355469,-2.41413426399231,8.37284278869629,-0.0455836430191994,0.00113343144766986,42.4845657348633,-71.4343566894531,634.511291503906,553.725646972656,-3.59979295730591,1.51685202121735,127.964653015137,69.2818450927734,-3.63778829574585,0.19623963534832,-0.205326080322266,0.155610769987106,70
738505.48890258814208209515,68.6603012084961,-2.32277011871338,8.41976547241211,-0.0455836430191994,0.00113343144766986,42.4845504760742,-71.4341735839844,633.908447265625,552.355529785156,-3.64606356620789,1.52397203445435,127.858169555664,69.2136154174805,-3.43929553031921,0.17003633081913,-0.202191889286041,0.156420826911926,70
738505.48890514683444052935,68.5910949707031,-2.27618384361267,8.46568965911865,-0.0455836430191994,0.00113343144766986,42.4845314025879,-71.4339904785156,633.322998046875,551.006042480469,-3.74910759925842,1.55780756473541,127.745872497559,69.1490249633789,-3.26249122619629,0.157072499394417,-0.198637649416924,0.157183900475502,70
738505.48890787991695106030,68.5226669311523,-2.26631832122803,8.51323318481445,-0.0455836430191994,0.00113343144766986,42.4845161437988,-71.4337997436523,632.72607421875,549.947143554688,-3.838534116745,1.60709416866302,127.62622833252,69.0866622924805,-3.10734295845032,0.158960670232773,-0.194694384932518,0.157915711402893,70
738505.48891050543170422316,68.4548950195312,-2.28334927558899,8.56339454650879,-0.0455836430191994,0.00113343144766986,42.4845008850098,-71.4336090087891,632.110473632812,549.218688964844,-3.91168284416199,1.66434407234192,127.501739501953,69.0262145996094,-2.97984409332275,0.171631023287773,-0.190499275922775,0.158606186509132,70
738505.48891301872208714485,68.392707824707,-2.31835842132568,8.61078071594238,-0.0455836430191994,0.00113343144766986,42.4844818115234,-71.4334259033203,631.520568847656,548.521484375,-3.93760776519775,1.61929392814636,127.385246276855,68.9716110229492,-2.88999485969543,0.225215524435043,-0.186512753367424,0.159216329455376,70
738505.48891546635422855616,68.3344421386719,-2.34536218643188,8.64883804321289,-0.0455836430191994,0.00113343144766986,42.4844665527344,-71.4332504272461,630.942993164062,547.839904785156,-3.90915989875793,1.13481521606445,127.275733947754,68.9195098876953,-2.83024978637695,0.282673448324203,-0.18273364007473,0.159763470292091,70
738505.48891783389262855053,68.2796325683594,-2.35514330863953,8.67276859283447,-0.0455836430191994,0.00113343144766986,42.4844512939453,-71.4330749511719,630.376281738281,547.171630859375,-3.89878058433533,0.703003346920013,127.172485351562,68.8685150146484,-2.7927827835083,0.22900752723217,-0.179129585623741,0.160263314843178,70
738505.48892034438904374838,68.2258682250977,-2.36783218383789,8.68502330780029,-0.0455836430191994,0.00113343144766986,42.4844360351562,-71.4328994750977,629.795959472656,546.487548828125,-3.916508436203,0.427742540836334,127.070327758789,68.8171844482422,-2.7694091796875,0.158394485712051,-0.17550989985466,0.160731494426727,70
738505.48892277362756431103,68.1739044189453,-2.38322377204895,8.69033622741699,-0.0455836430191994,0.00113343144766986,42.4844207763672,-71.4327239990234,629.207763671875,545.794738769531,-3.95295977592468,0.319462358951569,126.97013092041,68.7668762207031,-2.75668406486511,0.0518395863473415,-0.171914011240005,0.161168769001961,70
738505.48892518284264951944,68.1245956420898,-2.4114408493042,8.69314956665039,-0.0455836430191994,0.00113343144766986,42.4844055175781,-71.4325485229492,628.622985839844,545.106689453125,-4.01163005828857,0.362891465425491,126.873733520508,68.7193298339844,-2.75223088264465,-0.000530171324498951,-0.168426975607872,0.161563560366631,70
738505.48892756178975105286,68.0785217285156,-2.44726872444153,8.69659805297852,-0.0455836430191994,0.00113343144766986,42.4843902587891,-71.432373046875,628.0478515625,544.431213378906,-4.06058502197266,0.405172407627106,126.782302856445,68.6753616333008,-2.7549512386322,-0.0203635133802891,-0.165121287107468,0.161917686462402,70
738505.48892992420587688684,68.0341644287109,-2.48528027534485,8.70101070404053,-0.0455836430191994,0.00113343144766986,42.484375,-71.4322052001953,627.463134765625,543.881408691406,-4.11482667922974,0.447156548500061,126.693046569824,68.6333160400391,-2.76456737518311,-0.0222691036760807,-0.161918237805367,0.16225503385067,70
738505.48893233016133308411,67.9943237304688,-2.52930736541748,8.70689678192139,-0.0455836430191994,0.00113343144766986,42.4843559265137,-71.4320373535156,626.8740234375,543.64794921875,-4.48393392562866,0.488034904003143,126.606483459473,68.5961761474609,-2.77993822097778,-0.0412372574210167,-0.158845916390419,0.162573203444481,70
738505.48893471504561603069,67.9376983642578,-2.73759055137634,8.71027946472168,-0.0455836430191994,0.00113343144766986,42.4843406677246,-71.4318618774414,626.248107910156,543.382568359375,-4.96611928939819,0.53038501739502,126.519111633301,68.5484848022461,-2.80466103553772,-0.0404524095356464,-0.155935853719711,0.16287325322628,70
738505.48893711215350776911,67.8672637939453,-2.99687528610229,8.71249389648438,-0.0455836430191994,0.00113343144766986,42.4843254089355,-71.4316940307617,625.574584960938,543.067443847656,-5.22751998901367,0.571468472480774,126.429786682129,68.4898147583008,-2.8543426990509,0.00646777963265777,-0.153571426868439,0.163156360387802,70
738505.48893952532671391964,67.8024291992188,-3.24459409713745,8.7150821685791,-0.0455836430191994,0.00113343144766986,42.4843101501465,-71.4315185546875,624.848022460938,542.698791503906,-5.34642362594604,0.487707763910294,126.337646484375,68.4371948242188,-2.93921542167664,0.0919469967484474,-0.151994571089745,0.163432464003563,70
738505.48894190869759768248,67.7540588378906,-3.46021628379822,8.71370315551758,-0.0455836430191994,0.00113343144766986,42.4842948913574,-71.4313507080078,624.078796386719,542.285034179688,-5.45254755020142,0.0881731137633324,126.24600982666,68.3996658325195,-3.05728006362915,0.138683840632439,-0.151291102170944,0.163695067167282,70
738505.48894428764469921589,67.7178115844727,-3.65700888633728,8.70537853240967,-0.0455836430191994,0.00113343144766986,42.4842796325684,-71.4311828613281,623.265625,541.828002929688,-5.57501316070557,-0.177376434206963,126.158149719238,68.3729400634766,-3.20152378082275,0.0607515424489975,-0.151422768831253,0.163944751024246,70
738505.48894669685978442430,67.6897811889648,-3.84451079368591,8.69336986541748,-0.0455836430191994,0.00113343144766986,42.4842643737793,-71.4310073852539,622.396362304688,541.321655273438,-5.7051215171814,-0.163118675351143,126.076194763184,68.3539428710938,-3.36638498306274,-0.00405004946514964,-0.152366369962692,0.164189741015434,70
738505.48894904193002730608,67.6696701049805,-4.01663637161255,8.68264961242676,-0.0455836430191994,0.00113343144766986,42.4842491149902,-71.4308395385742,621.532409667969,540.91357421875,-5.83486938476562,-0.143160909414291,126.007553100586,68.3425598144531,-3.532870054245,-0.0407731533050537,-0.153980955481529,0.164411336183548,70
738505.48895138804800808430,67.6545333862305,-4.19195985794067,8.67241191864014,-0.0455836430191994,0.00113343144766986,42.4842338562012,-71.4306716918945,620.604309082031,540.565795898438,-5.96886730194092,-0.121660083532333,125.947311401367,68.3368072509766,-3.70995616912842,-0.0616316348314285,-0.156345963478088,0.164627596735954,70
738505.48895378725137561560,67.6450347900391,-4.3637433052063,8.66333484649658,-0.0455836430191994,0.00113343144766986,42.4842185974121,-71.4305038452148,619.652404785156,540.186462402344,-5.99166536331177,-0.0867024660110474,125.899223327637,68.3370056152344,-3.88670873641968,-0.0632496252655983,-0.159360125660896,0.164840444922447,70
738505.48895607667509466410,67.6494140625,-4.46828699111938,8.65683937072754,-0.0455836430191994,0.00113343144766986,42.484203338623,-71.4303359985352,618.696960449219,539.789245605469,-5.89680051803589,-0.0450134947896004,125.864364624023,68.3472747802734,-4.05813837051392,-0.0510294027626514,-0.162920668721199,0.165047749876976,70
738505.48895839066244661808,67.6654205322266,-4.53604507446289,8.65285110473633,-0.0455836430191994,0.00113343144766986,42.484188079834,-71.43017578125,617.732788085938,539.379150390625,-5.80046033859253,-0.00392568670213223,125.843101501465,68.367073059082,-4.22054529190063,-0.0479217134416103,-0.166936218738556,0.165252238512039,70
738505.48896078101824969053,67.6831665039062,-4.55803108215332,8.6500186920166,-0.0455836430191994,0.00113343144766986,42.4841728210449,-71.4300079345703,616.71142578125,538.939575195312,-5.67589473724365,0.0386661663651466,125.835662841797,68.3857421875,-4.37570428848267,-0.0428305342793465,-0.171519324183464,0.165478318929672,70
738505.48896338499616831541,67.7010116577148,-4.54928779602051,8.64820384979248,-0.0455836430191994,0.00113343144766986,42.4841575622559,-71.429817199707,615.580810546875,538.452453613281,-5.59342098236084,0.0853266790509224,125.842758178711,68.402587890625,-4.52114152908325,-0.042463656514883,-0.176831722259521,0.165734872221947,70
738505.48896584159228950739,67.7162399291992,-4.53258657455444,8.64772701263428,-0.0455836430191994,0.00113343144766986,42.4841423034668,-71.4296417236328,614.537780761719,538.005126953125,-5.57747220993042,0.128862574696541,125.859275817871,68.4164962768555,-4.62650632858276,-0.0423161275684834,-0.181828573346138,0.165973201394081,70
738505.48896833206526935101,67.7313079833984,-4.52502346038818,8.64859676361084,-0.0455836430191994,0.00113343144766986,42.4841232299805,-71.4294662475586,613.513122558594,537.56787109375,-5.65892314910889,0.178439661860466,125.881278991699,68.431022644043,-4.70405578613281,-0.044136818498373,-0.186751291155815,0.166205435991287,70
738505.48897086014039814472,67.7481002807617,-4.54807472229004,8.65104579925537,-0.0455836430191994,0.00113343144766986,42.4841079711914,-71.4292831420898,612.423156738281,537.10107421875,-5.74085998535156,0.23285861313343,125.908218383789,68.4494781494141,-4.7637882232666,-0.0319614857435226,-0.191973254084587,0.166453018784523,70
738505.48897327738814055920,67.7649917602539,-4.57913255691528,8.65518474578857,-0.0455836430191994,0.00113343144766986,42.4840927124023,-71.4291076660156,611.3759765625,536.849853515625,-5.77718114852905,0.284335315227509,125.936531066895,68.4687881469727,-4.80725812911987,-0.0115172173827887,-0.197019308805466,0.166690900921822,70
738505.48897559056058526039,67.7816390991211,-4.60526943206787,8.66098499298096,-0.0455836430191994,0.00113343144766986,42.4840774536133,-71.4289398193359,610.371337890625,537.015869140625,-5.79759550094604,0.333015084266663,125.965972900391,68.4877471923828,-4.84190654754639,0.00620172685012221,-0.201924800872803,0.166923984885216,70
738505.48897793819196522236,67.7984085083008,-4.62971687316895,8.66853809356689,-0.0455836430191994,0.00113343144766986,42.4840621948242,-71.4287796020508,609.371276855469,537.175659179688,-5.81634092330933,0.381009638309479,125.997497558594,68.5069427490234,-4.87244701385498,0.0185002610087395,-0.206882372498512,0.167150154709816,70
738505.48898037767503410578,67.8161315917969,-4.65388631820679,8.67826652526855,-0.0455836430191994,0.00113343144766986,42.4840469360352,-71.4286041259766,608.324401855469,537.33740234375,-5.83482027053833,0.430847823619843,126.032699584961,68.5273590087891,-4.90180110931396,0.0280589628964663,-0.21215184032917,0.1673883497715,70
738505.48898277687840163708,67.8341979980469,-4.67707586288452,8.68994903564453,-0.0455836430191994,0.00113343144766986,42.4840316772461,-71.4284286499023,607.263549804688,537.495849609375,-5.8503475189209,0.481040120124817,126.070259094238,68.5482940673828,-4.92965269088745,0.0364162772893906,-0.217574656009674,0.16763237118721,70
738505.48898517049383372068,67.8517608642578,-4.69610357284546,8.70308113098145,-0.0455836430191994,0.00113343144766986,42.484016418457,-71.4282608032227,606.22900390625,537.6455078125,-5.84991550445557,0.529378235340118,126.108451843262,68.5686416625977,-4.95538377761841,0.0450663082301617,-0.222940117120743,0.167861819267273,70
738505.48898753151297569275,67.8690490722656,-4.71048974990845,8.71788597106934,-0.0455836430191994,0.00113343144766986,42.484001159668,-71.428092956543,605.196044921875,537.79150390625,-5.84701490402222,0.576930522918701,126.147872924805,68.5886154174805,-4.97959804534912,0.0522667914628983,-0.228368371725082,0.168089017271996,70
738505.48898989264853298664,67.8841552734375,-4.72285795211792,8.73406505584717,-0.0455836430191994,0.00113343144766986,42.4839859008789,-71.4279251098633,604.152587890625,537.934936523438,-5.67460155487061,0.616891801357269,126.188835144043,68.6064682006836,-5.00255155563354,0.0741143450140953,-0.233913600444794,0.168318212032318,70
738505.48899219883605837822,67.8958511352539,-4.65236902236938,8.75235748291016,-0.0455836430191994,0.00113343144766986,42.4839706420898,-71.4277572631836,603.124633789062,538.084289550781,-5.39538717269897,0.654806017875671,126.230697631836,68.6155548095703,-5.02191972732544,0.092613585293293,-0.239451423287392,0.16853865981102,70
738505.48899463517591357231,67.9019317626953,-4.53369140625,8.77252197265625,-0.0455836430191994,0.00113343144766986,42.4839553833008,-71.4275894165039,602.101623535156,538.2568359375,-5.16055107116699,0.693264305591583,126.272644042969,68.6162033081055,-5.02934789657593,0.0900407060980797,-0.244937837123871,0.168754920363426,70
738505.48899700166657567024,67.9020385742188,-4.39081716537476,8.79366874694824,-0.0455836430191994,0.00113343144766986,42.4839401245117,-71.4274139404297,601.108825683594,538.4560546875,-4.96443033218384,0.731754004955292,126.310806274414,68.6097259521484,-5.01659440994263,0.0814644172787666,-0.25009298324585,0.168959841132164,70
738505.48899942764546722174,67.8961791992188,-4.23130226135254,8.81600856781006,-0.0455836430191994,0.00113343144766986,42.4839210510254,-71.42724609375,600.128723144531,538.691345214844,-4.78623199462891,0.770979523658752,126.342971801758,68.5967712402344,-4.97876453399658,0.0756268352270126,-0.254888474941254,0.169167578220367,70
738505.48900181532371789217,67.8846054077148,-4.06654691696167,8.83871459960938,-0.0455836430191994,0.00113343144766986,42.4839057922363,-71.4270706176758,599.195556640625,538.957153320312,-4.62279367446899,0.809547126293182,126.36604309082,68.5782699584961,-4.91656827926636,0.0747649893164635,-0.259075462818146,0.169369339942932,70
738505.48900416085962206125,67.8676300048828,-3.90389752388,8.86149024963379,-0.0455836430191994,0.00113343144766986,42.4838905334473,-71.4269027709961,598.315979003906,539.250061035156,-4.45801544189453,0.847115099430084,126.379150390625,68.5549468994141,-4.83370637893677,0.078705221414566,-0.262597858905792,0.169552341103554,70
738505.48900655750185251236,67.8442840576172,-3.72514867782593,8.88554286956787,-0.0455836430191994,0.00113343144766986,42.4838752746582,-71.4267349243164,597.45263671875,539.557983398438,-4.26333236694336,0.88516241312027,126.382301330566,68.5250015258789,-4.7294454574585,0.0874956399202347,-0.265581429004669,0.169729545712471,70
738505.48900892236270010471,67.8147583007812,-3.54041981697083,8.91018867492676,-0.0455836430191994,0.00113343144766986,42.4838600158691,-71.4265670776367,596.632141113281,539.883239746094,-4.08417844772339,0.922841191291809,126.374877929688,68.4891815185547,-4.60866641998291,0.0932298079133034,-0.267891705036163,0.169887065887451,70
738505.48901124484837055206,67.7806701660156,-3.3609356880188,8.93445491790771,-0.0455836430191994,0.00113343144766986,42.4838447570801,-71.426399230957,595.880981445312,540.230712890625,-3.92044973373413,0.958902359008789,126.357604980469,68.4495391845703,-4.47893238067627,0.097835049033165,-0.269463509321213,0.170027479529381,70
738505.48901361681055277586,67.7395629882812,-3.17184448242188,8.96046447753906,-0.0455836430191994,0.00113343144766986,42.483829498291,-71.4262313842773,595.135498046875,540.631042480469,-3.77820467948914,0.996545672416687,126.328735351562,68.403205871582,-4.33087968826294,0.100744485855103,-0.270412355661392,0.170163840055466,70
738505.48901602555997669697,67.69287109375,-2.99679279327393,8.98748111724854,-0.0455836430191994,0.00113343144766986,42.4838104248047,-71.4260559082031,594.413757324219,541.305297851562,-3.69334006309509,1.03645467758179,126.287940979004,68.3526229858398,-4.1694221496582,0.0999274998903275,-0.27064123749733,0.170286074280739,70
738505.48901851684786379337,67.6415634155273,-2.83816695213318,9.01541900634766,-0.0455836430191994,0.00113343144766986,42.4837951660156,-71.4258804321289,593.716857910156,542.375122070312,-3.59657669067383,1.07709538936615,126.235321044922,68.298713684082,-3.99950838088989,0.106131598353386,-0.270148366689682,0.170378133654594,70
738505.48902095598168671131,67.5869827270508,-2.69324636459351,9.04489517211914,-0.0455836430191994,0.00113343144766986,42.4837799072266,-71.4257125854492,593.060791015625,542.726623535156,-3.49512219429016,1.19058644771576,126.173416137695,68.2426834106445,-3.830810546875,0.0979191437363625,-0.268999963998795,0.17045484483242,70
738505.48902339965570718050,67.5279541015625,-2.5550856590271,9.07911014556885,-0.0455836430191994,0.00113343144766986,42.4837646484375,-71.425537109375,592.431396484375,542.382019042969,-3.39502549171448,1.38551616668701,126.102233886719,68.1834487915039,-3.66367411613464,0.0959396436810493,-0.267233312129974,0.170515716075897,70
738505.48902590305078774691,67.4630584716797,-2.42829608917236,9.12454891204834,-0.0455836430191994,0.00113343144766986,42.4837455749512,-71.4253616333008,591.812927246094,542.056274414062,-3.33930206298828,1.82507216930389,126.02042388916,68.1206130981445,-3.49643206596375,0.0891003608703613,-0.264815717935562,0.170544758439064,70
738505.48902843717951327562,67.3942794799805,-2.31895732879639,9.18265247344971,-0.0455836430191994,0.00113343144766986,42.4837303161621,-71.425178527832,591.2216796875,541.756530761719,-3.27788376808167,2.16133308410645,125.931182861328,68.0565032958984,-3.33709144592285,0.17099092900753,-0.261853575706482,0.170556932687759,70
738505.48903099982999265194,67.3187255859375,-2.21300911903381,9.25142765045166,-0.0455836430191994,0.00113343144766986,42.4837112426758,-71.4249954223633,590.630310058594,541.46826171875,-3.17721962928772,2.24475336074829,125.831161499023,67.9874801635742,-3.18115711212158,0.249649941921234,-0.258253961801529,0.170535430312157,70
738505.48903342918492853642,67.2441787719727,-2.10866546630859,9.31923484802246,-0.0455836430191994,0.00113343144766986,42.4836921691895,-71.4248199462891,590.096801757812,541.219665527344,-3.07720637321472,2.29806470870972,125.731750488281,67.9196166992188,-3.04446411132812,0.289294928312302,-0.25442111492157,0.170485556125641,70
738505.48903589264955371618,67.1674880981445,-2.00649428367615,9.38812637329102,-0.0455836430191994,0.00113343144766986,42.4836769104004,-71.4246520996094,589.59033203125,540.994934082031,-3.00303745269775,2.33458352088928,125.628326416016,67.8500900268555,-2.91687560081482,0.308287501335144,-0.250204920768738,0.170397445559502,70
738505.48903828859329223633,67.0895004272461,-1.91460788249969,9.45790863037109,-0.0455836430191994,0.00113343144766986,42.4836578369141,-71.4244766235352,589.105651855469,540.791198730469,-3.00039267539978,2.37014269828796,125.520332336426,67.7799301147461,-2.79595422744751,0.309564590454102,-0.245588541030884,0.170266166329384,70
738505.48904076288454234600,67.0111999511719,-1.85876286029816,9.52822875976562,-0.0455836430191994,0.00113343144766986,42.483642578125,-71.4243087768555,588.631042480469,540.600402832031,-3.03087568283081,2.40281343460083,125.406463623047,67.7107315063477,-2.68055820465088,0.309210181236267,-0.24054254591465,0.170091658830643,70
738505.48904312972445040941,66.9340057373047,-1.82343828678131,9.59654998779297,-0.0455836430191994,0.00113343144766986,42.4836235046387,-71.4241333007812,588.166809082031,540.4189453125,-3.0293288230896,2.29178142547607,125.289245605469,67.6430282592773,-2.57563877105713,0.343347042798996,-0.235217541456223,0.169867411255836,70
738505.48904561519157141447,66.8589172363281,-1.80710923671722,9.65253353118896,-0.0455836430191994,0.00113343144766986,42.4836082458496,-71.4239654541016,587.710754394531,540.10595703125,-2.97504138946533,1.67169082164764,125.170509338379,67.5762634277344,-2.48423743247986,0.463350296020508,-0.229726687073708,0.169595584273338,70
738505.48904790810775011778,66.7891311645508,-1.76698970794678,9.68231296539307,-0.0455836430191994,0.00113343144766986,42.4835891723633,-71.4237976074219,587.27685546875,539.807373046875,-2.91481161117554,0.581453680992126,125.055305480957,67.5104217529297,-2.40924572944641,0.426670700311661,-0.224303245544434,0.169287264347076,70
738505.48905029497109353542,66.7209854125977,-1.72305047512054,9.68718719482422,-0.0455836430191994,0.00113343144766986,42.4835739135742,-71.4236297607422,586.840515136719,539.509948730469,-2.9359974861145,0.137731969356537,124.936088562012,67.4425735473633,-2.3421151638031,0.163662821054459,-0.218581184744835,0.16891473531723,70
738505.48905265727080404758,66.6572723388672,-1.70417511463165,9.68112850189209,-0.0455836430191994,0.00113343144766986,42.4835548400879,-71.423469543457,586.423217773438,539.227172851562,-2.98698282241821,0.139726057648659,124.819702148438,67.3781890869141,-2.28426814079285,0.0184563808143139,-0.212876945734024,0.168505191802979,70
738505.48905502748675644398,66.5953750610352,-1.69993817806244,9.67409324645996,-0.0455836430191994,0.00113343144766986,42.4835395812988,-71.4233016967773,586.009460449219,538.947387695312,-3.02252006530762,0.177544787526131,124.703109741211,67.3158340454102,-2.23411774635315,-0.0512601137161255,-0.207086116075516,0.168060377240181,70
738505.48905745509546250105,66.5308990478516,-1.70597779750824,9.66674900054932,-0.0455836430191994,0.00113343144766986,42.4835205078125,-71.4231338500977,585.568542480469,538.648986816406,-3.05155086517334,0.217368438839912,124.578628540039,67.2511444091797,-2.18995523452759,-0.0804841816425323,-0.200856924057007,0.167548000812531,70
738505.48905996989924460649,66.4666900634766,-1.72083234786987,9.65942192077637,-0.0455836430191994,0.00113343144766986,42.4835014343262,-71.4229507446289,585.116760253906,538.345886230469,-3.0780942440033,0.235416859388351,124.452507019043,67.1869506835938,-2.15553689002991,-0.0780848935246468,-0.194494128227234,0.166994228959084,70
738505.48906254465691745281,66.4008255004883,-1.74234735965729,9.65171051025391,-0.0455836430191994,0.00113343144766986,42.4834823608398,-71.4227676391602,584.637634277344,538.029174804688,-3.10347414016724,0.241794422268867,124.321464538574,67.1212387084961,-2.13089680671692,-0.0669134482741356,-0.18783663213253,0.16638195514679,70
738505.48906512919347733259,66.3384628295898,-1.7697126865387,9.64405918121338,-0.0455836430191994,0.00113343144766986,42.4834632873535,-71.4225921630859,584.167541503906,537.716552734375,-3.11313462257385,0.239359647035599,124.196975708008,67.0591583251953,-2.11766123771667,-0.0492755919694901,-0.181448429822922,0.165772378444672,70
738505.48906765738502144814,66.2783355712891,-1.78879261016846,9.63625431060791,-0.0455836430191994,0.00113343144766986,42.4834480285645,-71.4224166870117,583.703430175781,537.405944824219,-3.09462547302246,0.223358005285263,124.078125,66.9990692138672,-2.11380672454834,-0.034160390496254,-0.17529958486557,0.165157914161682,70
738505.48907012760173529387,66.2185134887695,-1.80391561985016,9.62789916992188,-0.0455836430191994,0.00113343144766986,42.4834289550781,-71.422233581543,583.233703613281,537.090270996094,-3.08914160728455,0.207038536667824,123.961288452148,66.9390869140625,-2.11654949188232,-0.027557484805584,-0.169202387332916,0.164524048566818,70
738505.48907260491978377104,66.1620864868164,-1.81730341911316,9.61947727203369,-0.0455836430191994,0.00113343144766986,42.4834098815918,-71.4220657348633,582.781005859375,536.784912109375,-3.09473395347595,0.194696873426437,123.85173034668,66.8824234008789,-2.12318873405457,-0.0278169717639685,-0.163428232073784,0.163914263248444,70
738505.48907502635847777128,66.1062927246094,-1.83583760261536,9.61094188690186,-0.0455836430191994,0.00113343144766986,42.4833946228027,-71.4218978881836,582.3203125,536.473083496094,-3.12557697296143,0.20642127096653,123.74291229248,66.8265075683594,-2.13244771957397,-0.0314558483660221,-0.157651111483574,0.163282215595245,70
738505.48907758423592895269,66.0498657226562,-1.86384069919586,9.60245895385742,-0.0455836430191994,0.00113343144766986,42.4833755493164,-71.4217224121094,581.835021972656,536.142700195312,-3.16587734222412,0.218906626105309,123.631217956543,66.7702484130859,-2.14451599121094,-0.0312304943799973,-0.151702165603638,0.162607729434967,70
738505.48907998763024806976,65.9976043701172,-1.89644908905029,9.59482479095459,-0.0455836430191994,0.00113343144766986,42.4833564758301,-71.4215545654297,581.364074707031,535.819885253906,-3.20233702659607,0.230696350336075,123.526481628418,66.7183685302734,-2.15889406204224,-0.0283837169408798,-0.146101146936417,0.161962196230888,70
738505.48908243339974433184,65.9466171264648,-1.93364107608795,9.58765316009521,-0.0455836430191994,0.00113343144766986,42.483341217041,-71.4213790893555,580.882751464844,535.487487792969,-3.23167538642883,0.243061289191246,123.423294067383,66.66796875,-2.17681622505188,-0.024326266720891,-0.140581503510475,0.161307737231255,70
738505.48908489791210740805,65.8972473144531,-1.97078955173492,9.58107089996338,-0.0455836430191994,0.00113343144766986,42.4833221435547,-71.4212112426758,580.394836425781,535.148010253906,-3.25754070281982,0.256102025508881,123.322952270508,66.6192779541016,-2.19841003417969,-0.0205324571579695,-0.135212168097496,0.160651206970215,70
738505.48908735474105924368,65.8492813110352,-2.00895953178406,9.57507133483887,-0.0455836430191994,0.00113343144766986,42.4833068847656,-71.4210433959961,579.898742675781,534.80029296875,-3.28456926345825,0.269601136445999,123.225364685059,66.5721130371094,-2.2234742641449,-0.017710018903017,-0.129984065890312,0.159993782639503,70
738505.48908959852997213602,65.8054046630859,-2.04594326019287,9.56997013092041,-0.0455836430191994,0.00113343144766986,42.4832878112793,-71.4208831787109,579.42333984375,534.464721679688,-3.31321310997009,0.282820761203766,123.136116027832,66.5291061401367,-2.24983954429626,-0.0155800711363554,-0.125190570950508,0.159362509846687,70
738505.48909198422916233540,65.7623825073242,-2.08496332168579,9.56536483764648,-0.0455836430191994,0.00113343144766986,42.4832725524902,-71.4207229614258,578.934326171875,534.1171875,-3.34464597702026,0.296433806419373,123.048263549805,66.4870986938477,-2.2789626121521,-0.0136585477739573,-0.120479330420494,0.158720016479492,70
738505.48909432149957865477,65.7210006713867,-2.12567472457886,9.561354637146,-0.0455836430191994,0.00113343144766986,42.4832534790039,-71.4205627441406,578.439758300781,533.763305664062,-3.3758647441864,0.310585379600525,122.963562011719,66.4468841552734,-2.31008648872375,-0.0117516992613673,-0.115938082337379,0.158083140850067,70
738505.48909662361256778240,65.6802444458008,-2.1721305847168,9.55788803100586,-0.0455836430191994,0.00113343144766986,42.4832382202148,-71.4203948974609,577.931762695312,533.397216796875,-3.37217092514038,0.329863727092743,122.880798339844,66.4075698852539,-2.34358930587769,-0.00829873885959387,-0.111510679125786,0.157436013221741,70
738505.48909901722799986601,65.6377563476562,-2.19184613227844,9.55521011352539,-0.0455836430191994,0.00113343144766986,42.4832229614258,-71.4202346801758,577.410888671875,533.019470214844,-3.20915842056274,0.366209596395493,122.800262451172,66.3658142089844,-2.37958812713623,0.00821180548518896,-0.107212841510773,0.156778216362,70
738505.48910141026135534048,65.5911712646484,-2.16298985481262,9.55378913879395,-0.0455836430191994,0.00113343144766986,42.4832038879395,-71.4200668334961,576.884765625,532.638488769531,-3.06447815895081,0.404611498117447,122.721282958984,66.3185882568359,-2.4143807888031,0.0125528210774064,-0.102955646812916,0.156110882759094,70
738505.48910382762551307678,65.54248046875,-2.11112523078918,9.55352306365967,-0.0455836430191994,0.00113343144766986,42.4831848144531,-71.4198989868164,576.367431640625,532.266296386719,-3.03654623031616,0.43741574883461,122.643325805664,66.2687225341797,-2.4406304359436,0.00496494164690375,-0.098667673766613,0.155443012714386,70
738505.48910626326687633991,65.4944000244141,-2.09975409507751,9.55363845825195,-0.0455836430191994,0.00113343144766986,42.4831695556641,-71.4197311401367,575.850708007812,531.896362304688,-3.13402485847473,0.446451604366302,122.563468933105,66.2208251953125,-2.4548511505127,-0.00792922638356686,-0.0942040905356407,0.154764845967293,70
738505.48910858272574841976,65.4504470825195,-2.11065053939819,9.55385494232178,-0.0455836430191994,0.00113343144766986,42.4831504821777,-71.4195709228516,575.352416992188,531.539306640625,-3.19943523406982,0.453855365514755,122.48526763916,66.177734375,-2.46044778823853,-0.0052323006093502,-0.0898265764117241,0.154108479619026,70
738505.48911096970550715923,65.4065246582031,-2.13416457176208,9.55436515808105,-0.0455836430191994,0.00113343144766986,42.4831352233887,-71.4194030761719,574.828552246094,531.162780761719,-3.25296592712402,0.461399853229523,122.402847290039,66.135124206543,-2.46335315704346,0.00263611762784421,-0.0852505415678024,0.153410732746124,70
738505.48911335959564894438,65.3654632568359,-2.1647584438324,9.55525779724121,-0.0455836430191994,0.00113343144766986,42.4831161499023,-71.4192352294922,574.311950683594,530.789733886719,-3.29795718193054,0.468691766262054,122.322929382324,66.0956268310547,-2.46735692024231,0.009971022605896,-0.0808388963341713,0.152724623680115,70
738505.48911571060307323933,65.3273773193359,-2.19929337501526,9.55652523040771,-0.0455836430191994,0.00113343144766986,42.4831008911133,-71.419075012207,573.807067871094,530.423217773438,-3.3331732749939,0.475678205490112,122.247131347656,66.0592956542969,-2.47465968132019,0.015695670619607,-0.0766719803214073,0.152056366205215,70
738505.48911824647802859545,65.2868576049805,-2.23894453048706,9.5584192276001,-0.0455836430191994,0.00113343144766986,42.483081817627,-71.4188995361328,573.241149902344,530.010009765625,-3.3681058883667,0.483369410037994,122.165214538574,66.0208282470703,-2.48802423477173,0.0195812098681927,-0.0722005143761635,0.151314049959183,70
738505.48912060924340039492,65.2502593994141,-2.27814698219299,9.56064987182617,-0.0455836430191994,0.00113343144766986,42.4830665588379,-71.4187393188477,572.700866699219,529.612854003906,-3.3991961479187,0.490594327449799,122.090950012207,65.9863052368164,-2.50569438934326,0.0213324800133705,-0.0681417509913445,0.150611773133278,70
738505.48912301135715097189,65.2148818969727,-2.31725168228149,9.56330013275146,-0.0455836430191994,0.00113343144766986,42.4830474853516,-71.418571472168,572.151184082031,529.205627441406,-3.4216845035553,0.497921943664551,122.019187927246,65.9530639648438,-2.52811074256897,0.0228468924760818,-0.0642257705330849,0.149901703000069,70
738505.48912534909322857857,65.1812591552734,-2.35286569595337,9.56633472442627,-0.0455836430191994,0.00113343144766986,42.4830322265625,-71.4184112548828,571.601745605469,528.796508789062,-3.45015859603882,0.505049586296082,121.951309204102,65.9215240478516,-2.55404043197632,0.0230004899203777,-0.0605191327631474,0.149197310209274,70
738505.48912779265083372593,65.1507720947266,-2.3762526512146,9.57041454315186,-0.0455836430191994,0.00113343144766986,42.4830131530762,-71.4182434082031,571.039489746094,528.376403808594,-3.70316433906555,0.519615530967712,121.885147094727,65.8928070068359,-2.58275961875916,0.00401728460565209,-0.056904960423708,0.148482263088226,70
738505.48913013690616935492,65.1319808959961,-2.52889442443848,9.5745849609375,-0.0455836430191994,0.00113343144766986,42.4829978942871,-71.418083190918,570.470336914062,527.946899414062,-4.35033464431763,0.519364297389984,121.821990966797,65.8805236816406,-2.61333417892456,-0.0359420776367188,-0.053503192961216,0.147768452763557,70
738505.48913243098650127649,65.1179504394531,-2.79515385627747,9.57740783691406,-0.0455836430191994,0.00113343144766986,42.482982635498,-71.4179229736328,569.869140625,527.744873046875,-4.88911247253418,0.517447233200073,121.763008117676,65.8778228759766,-2.65853190422058,-0.0275780539959669,-0.0506053306162357,0.147061914205551,70
738505.48913490539416670799,65.0931777954102,-3.13737440109253,9.57840824127197,-0.0455836430191994,0.00113343144766986,42.4829635620117,-71.4177551269531,569.16162109375,527.608215332031,-5.32838869094849,0.509238600730896,121.705261230469,65.8688888549805,-2.74214696884155,0.0107431430369616,-0.0483901798725128,0.146301358938217,70
738505.48913733102381229401,65.0693435668945,-3.49664616584778,9.57947254180908,-0.0455836430191994,0.00113343144766986,42.4829444885254,-71.4175872802734,568.376647949219,526.6337890625,-5.68725538253784,0.485449731349945,121.654106140137,65.8635864257812,-2.87306952476501,0.0426702983677387,-0.0474157407879829,0.145537942647934,70
738505.48913973709568381310,65.0515518188477,-3.86446285247803,9.5795841217041,-0.0455836430191994,0.00113343144766986,42.4829292297363,-71.4174270629883,567.547180175781,525.622375488281,-5.86281728744507,0.375461608171463,121.612884521484,65.866584777832,-3.04460549354553,0.0919738337397575,-0.0478430166840553,0.144795820116997,70
738505.48914214724209159613,65.0563888549805,-4.13616991043091,9.58040237426758,-0.0455836430191994,0.00113343144766986,42.48291015625,-71.4172668457031,566.651489257812,524.544372558594,-5.88338327407837,0.195062220096588,121.582832336426,65.8879776000977,-3.25682950019836,0.106758058071136,-0.0496848225593567,0.144047170877457,70
738505.48914447450079023838,65.0808410644531,-4.36539936065674,9.57939338684082,-0.0455836430191994,0.00113343144766986,42.4828948974609,-71.4170989990234,565.700561523438,523.410217285156,-5.96423292160034,0.0146890748292208,121.568481445312,65.9267578125,-3.49514245986938,0.076397180557251,-0.0528117641806602,0.143288165330887,70
738505.48914685891941189766,65.1174621582031,-4.56761884689331,9.57504749298096,-0.0455836430191994,0.00113343144766986,42.4828758239746,-71.4169387817383,564.72998046875,522.261779785156,-6.07273197174072,-0.160177156329155,121.572555541992,65.9759674072266,-3.73682308197021,0.0330608002841473,-0.0569244027137756,0.142540708184242,70
738505.48914924962446093559,65.16455078125,-4.76411771774292,9.56688117980957,-0.0455836430191994,0.00113343144766986,42.4828605651855,-71.4167709350586,563.675109863281,521.030822753906,-6.20041418075562,-0.284542262554169,121.597076416016,66.0351486206055,-3.98885178565979,-0.0308804735541344,-0.062203161418438,0.141756907105446,70
738505.48915157793089747429,65.2142562866211,-4.94490814208984,9.55930233001709,-0.0455836430191994,0.00113343144766986,42.4828414916992,-71.4166107177734,562.627197265625,519.814025878906,-6.3582968711853,-0.153281450271606,121.63939666748,66.0963821411133,-4.22330904006958,-0.125935018062592,-0.0681222006678581,0.141003221273422,70
738505.48915397620294243097,65.2685699462891,-5.13368844985962,9.55759429931641,-0.0455836430191994,0.00113343144766986,42.4828262329102,-71.4164505004883,561.518737792969,518.532897949219,-6.5335578918457,0.21847839653492,121.700065612793,66.1641082763672,-4.45390558242798,-0.145873367786407,-0.0749868154525757,0.140231937170029,70
738505.48915640357881784439,65.3263473510742,-5.32170104980469,9.56666564941406,-0.0455836430191994,0.00113343144766986,42.4828071594238,-71.4162826538086,560.364074707031,517.204223632812,-6.6968207359314,0.585441112518311,121.777145385742,66.2372512817383,-4.67705535888672,-0.115752302110195,-0.0827203169465065,0.13946159183979,70
738505.48915883165318518877,65.3896560668945,-5.51163387298584,9.58520603179932,-0.0455836430191994,0.00113343144766986,42.4827919006348,-71.4161148071289,559.123107910156,515.782287597656,-6.84196329116821,0.777555465698242,121.872772216797,66.3178787231445,-4.90074872970581,-0.0282576289027929,-0.0916227176785469,0.138660624623299,70
738505.48916139011271297932,65.4567108154297,-5.6916298866272,9.61013984680176,-0.0455836430191994,0.00113343144766986,42.4827728271484,-71.4159469604492,557.8408203125,514.331298828125,-6.97999000549316,0.89830356836319,121.982841491699,66.4027938842773,-5.11668634414673,0.0280908457934856,-0.10140323638916,0.137857168912888,70
738505.48916373506654053926,65.5248031616211,-5.85865688323975,9.63885307312012,-0.0455836430191994,0.00113343144766986,42.4827575683594,-71.4157791137695,556.566772460938,513.006164550781,-7.10972118377686,1.01371109485626,122.101173400879,66.4885787963867,-5.31735277175903,0.0703981965780258,-0.111641228199005,0.137082949280739,70
738505.48916607594583183527,65.5935287475586,-6.02669668197632,9.67392539978027,-0.0455836430191994,0.00113343144766986,42.482738494873,-71.4156188964844,555.286254882812,511.675628662109,-7.22270679473877,1.28545296192169,122.227607727051,66.5764007568359,-5.50677967071533,0.0305553991347551,-0.122388772666454,0.136321857571602,70
738505.48916845326311886311,65.6651000976562,-6.17555999755859,9.72540092468262,-0.0455836430191994,0.00113343144766986,42.4827194213867,-71.4154510498047,553.943298339844,510.281585693359,-7.25346088409424,2.06806969642639,122.367141723633,66.6680297851562,-5.69486284255981,0.0707760602235794,-0.134112805128098,0.135539948940277,70
738505.48917082929983735085,65.7367095947266,-6.29985380172729,9.79505062103271,-0.0455836430191994,0.00113343144766986,42.4827041625977,-71.415283203125,552.569030761719,508.856262207031,-7.32249164581299,2.37628555297852,122.516487121582,66.7603607177734,-5.87600612640381,0.20379213988781,-0.146569430828094,0.134746000170708,70
738505.48917320743203163147,65.8068695068359,-6.40801000595093,9.87114238739014,-0.0455836430191994,0.00113343144766986,42.4826850891113,-71.4151229858398,551.208129882812,507.445739746094,-7.33207130432129,2.45107913017273,122.669166564941,66.8509216308594,-6.04246950149536,0.296678572893143,-0.159279525279999,0.133960098028183,70
738505.48917557043023407459,65.8778991699219,-6.48516845703125,9.95176601409912,-0.0455836430191994,0.00113343144766986,42.4826698303223,-71.4149551391602,549.834777832031,506.023162841797,-7.33361721038818,2.50254106521606,122.827453613281,66.9402160644531,-6.19704627990723,0.346029996871948,-0.172445595264435,0.133160263299942,70
738505.48917794681619852781,65.9515151977539,-6.55013227462769,10.0384244918823,-0.0455836430191994,0.00113343144766986,42.4826507568359,-71.4147872924805,548.401977539062,504.539703369141,-7.34884166717529,2.55535221099854,122.996086120605,67.0319061279297,-6.34242105484009,0.370828330516815,-0.186475545167923,0.132308438420296,70
738505.48918039316777139902,66.0255737304688,-6.61005830764771,10.1288995742798,-0.0455836430191994,0.00113343144766986,42.4826316833496,-71.4146194458008,546.939331054688,503.026062011719,-7.35053205490112,2.60839009284973,123.170379638672,67.1242446899414,-6.47333335876465,0.382932662963867,-0.201040625572205,0.131407409906387,70
738505.48918269400019198656,66.09423828125,-6.63718128204346,10.218243598938,-0.0455836430191994,0.00113343144766986,42.4826126098633,-71.4144592285156,545.534057617188,501.572296142578,-7.11564540863037,2.63951730728149,123.338668823242,67.2079849243164,-6.5834755897522,0.412630528211594,-0.215231001377106,0.130510687828064,70
738505.48918516526464372873,66.1626739501953,-6.57447862625122,10.3158569335938,-0.0455836430191994,0.00113343144766986,42.4825973510742,-71.4142913818359,544.098327636719,500.087036132812,-6.86236619949341,2.66565370559692,123.513023376465,67.2840270996094,-6.67882347106934,0.418897688388824,-0.229967057704926,0.129549115896225,70
738505.48918760870583355427,66.2273025512695,-6.472008228302,10.4184398651123,-0.0455836430191994,0.00113343144766986,42.4825782775879,-71.4141235351562,542.646850585938,498.585113525391,-6.65814352035522,2.69359135627747,123.689971923828,67.3534469604492,-6.7491340637207,0.405813962221146,-0.244985178112984,0.128508597612381,70
738505.48919012292753905058,66.2878570556641,-6.34082698822021,10.5256910324097,-0.0455836430191994,0.00113343144766986,42.4825553894043,-71.413948059082,541.179931640625,496.594573974609,-6.47617483139038,2.72318720817566,123.866661071777,67.4171829223633,-6.78703022003174,0.391469925642014,-0.260136365890503,0.127376765012741,70
738505.48919255693908780813,66.3409423828125,-6.19680833816528,10.631609916687,-0.0455836430191994,0.00113343144766986,42.482536315918,-71.4137725830078,539.775573730469,494.494140625,-6.31061220169067,2.75263333320618,124.030944824219,67.4726028442383,-6.78911733627319,0.382795482873917,-0.274500489234924,0.126213848590851,70
738505.48919499223120510578,66.3867340087891,-6.04563856124878,10.7360057830811,-0.0455836430191994,0.00113343144766986,42.4825172424316,-71.4136047363281,538.431884765625,492.468322753906,-6.14403581619263,2.7818078994751,124.181999206543,67.5204391479492,-6.75953483581543,0.380516558885574,-0.288031429052353,0.125014752149582,70
738505.48919753020163625479,66.4279251098633,-5.86951971054077,10.8472089767456,-0.0455836430191994,0.00113343144766986,42.4824981689453,-71.4134292602539,537.0498046875,490.365203857422,-5.91443634033203,2.81457424163818,124.330177307129,67.5631790161133,-6.6978178024292,0.386582911014557,-0.301668792963028,0.123674362897873,70
738505.48920007911510765553,66.462158203125,-5.67147731781006,10.9590196609497,-0.0455836430191994,0.00113343144766986,42.4824752807617,-71.4132537841797,535.722473144531,488.322937011719,-5.68381643295288,2.84759140014648,124.464248657227,67.5979614257812,-6.6091890335083,0.390692859888077,-0.314439356327057,0.122274853289127,70
738505.48920258623547852039,66.4894485473633,-5.44803762435913,11.0743618011475,-0.0455836430191994,0.00113343144766986,42.4824562072754,-71.4130783081055,534.416381835938,486.287536621094,-5.37469720840454,2.88126444816589,124.587593078613,67.6252136230469,-6.49272537231445,0.399885445833206,-0.326604932546616,0.120759092271328,70
738505.48920512211043387651,66.5093231201172,-5.18739938735962,11.1922702789307,-0.0455836430191994,0.00113343144766986,42.4824333190918,-71.4128952026367,533.162902832031,484.302520751953,-5.07553672790527,2.91534447669983,124.697113037109,67.6436767578125,-6.35047960281372,0.401917666196823,-0.33782222867012,0.119151346385479,70
738505.48920764692593365908,66.5198211669922,-4.91933155059814,11.3076906204224,-0.0455836430191994,0.00113343144766986,42.4824142456055,-71.4127197265625,532.002258300781,482.430358886719,-4.82288217544556,2.94718742370605,124.78938293457,67.6531600952148,-6.18741941452026,0.399189412593842,-0.347657561302185,0.117510758340359,70
738505.48921019339468330145,66.5207214355469,-4.64677143096924,11.4242191314697,-0.0455836430191994,0.00113343144766986,42.4823913574219,-71.4125442504883,530.888000488281,480.595886230469,-4.59120798110962,2.97935962677002,124.868003845215,67.6543502807617,-5.99871873855591,0.397630900144577,-0.356443107128143,0.115762569010258,70
738505.48921262356452643871,66.5122604370117,-4.38143062591553,11.5380229949951,-0.0455836430191994,0.00113343144766986,42.4823684692383,-71.4123687744141,529.854309082031,478.856506347656,-4.40879964828491,3.01120352745056,124.930236816406,67.6476440429688,-5.79406118392944,0.396400958299637,-0.363875180482864,0.113959617912769,70
738505.48921501985751092434,66.494758605957,-4.14100885391235,11.648983001709,-0.0455836430191994,0.00113343144766986,42.482349395752,-71.4122009277344,528.886779785156,477.191314697266,-4.28463268280029,3.04309225082397,124.97713470459,67.6343078613281,-5.57668018341064,0.395229041576385,-0.370071560144424,0.112092286348343,70
738505.48921736271586269140,66.4703674316406,-3.93443870544434,11.7527103424072,-0.0455836430191994,0.00113343144766986,42.4823265075684,-71.4120407104492,528.014831542969,475.658538818359,-4.182936668396,3.07346367835999,125.008224487305,67.6159439086914,-5.36274862289429,0.399118065834045,-0.37493097782135,0.110249280929565,70
738505.48921976995188742876,66.4375305175781,-3.73821234703064,11.8598937988281,-0.0455836430191994,0.00113343144766986,42.482307434082,-71.4118728637695,527.146301269531,474.099609375,-4.06591272354126,3.10517144203186,125.027221679688,67.5912475585938,-5.13621139526367,0.407759606838226,-0.379037022590637,0.108224779367447,70
738505.48922221828252077103,66.3970489501953,-3.54838514328003,11.9689798355103,-0.0455836430191994,0.00113343144766986,42.4822845458984,-71.4116973876953,526.299865722656,472.547515869141,-3.93380165100098,3.13765788078308,125.032974243164,67.5604553222656,-4.90708208084106,0.417266517877579,-0.382287383079529,0.106054313480854,70
738505.48922460619360208511,66.3525924682617,-3.37478876113892,12.0725593566895,-0.0455836430191994,0.00113343144766986,42.4822616577148,-71.4115371704102,525.53173828125,471.108428955078,-3.8027195930481,3.16873383522034,125.026252746582,67.5263061523438,-4.69513177871704,0.424267888069153,-0.384547173976898,0.103911325335503,70
738505.48922700760886073112,66.3003845214844,-3.19897961616516,12.1806144714355,-0.0455836430191994,0.00113343144766986,42.4822425842285,-71.4113616943359,524.767456054688,469.644165039062,-3.66373300552368,3.20139813423157,125.007217407227,67.4858627319336,-4.4808030128479,0.429196536540985,-0.386086672544479,0.101576268672943,70
738505.48922954243607819080,66.2411346435547,-3.0238721370697,12.2911396026611,-0.0455836430191994,0.00113343144766986,42.4822196960449,-71.4111938476562,524.024047851562,468.185028076172,-3.52141380310059,3.23509526252747,124.975807189941,67.4396286010742,-4.26962852478027,0.432356804609299,-0.38682809472084,0.0990850850939751,70
738505.48923184326849877834,66.1795120239258,-2.86122345924377,12.3963384628296,-0.0455836430191994,0.00113343144766986,42.4821968078613,-71.4110260009766,523.3515625,466.83154296875,-3.38702392578125,3.26745796203613,124.935424804688,67.3912734985352,-4.07654285430908,0.43442702293396,-0.386771947145462,0.096630334854126,70
738505.48923430463764816523,66.1112060546875,-2.69832873344421,12.5042428970337,-0.0455836430191994,0.00113343144766986,42.4821739196777,-71.4108581542969,522.696594238281,465.478759765625,-3.25103664398193,3.3008828163147,124.883750915527,67.3374176025391,-3.88524794578552,0.436274170875549,-0.385967373847961,0.0940065085887909,70
738505.48923678812570869923,66.0363845825195,-2.5403459072113,12.6127529144287,-0.0455836430191994,0.00113343144766986,42.4821472167969,-71.4106826782227,522.058166503906,464.122863769531,-3.11539101600647,3.21307229995728,124.820327758789,67.2780685424805,-3.69509196281433,0.491897433996201,-0.384367644786835,0.0912005826830864,70
738505.48923925869166851044,65.9628982543945,-2.40160226821899,12.6997318267822,-0.0455836430191994,0.00113343144766986,42.4821243286133,-71.410514831543,521.465148925781,463.3408203125,-3.00366377830505,2.17161273956299,124.749053955078,67.2172241210938,-3.51650810241699,0.60024106502533,-0.382085263729095,0.0883630439639091,70
738505.48924166208598762751,65.8937072753906,-2.25997853279114,12.7485342025757,-0.0455836430191994,0.00113343144766986,42.4821014404297,-71.4103469848633,520.90576171875,462.857208251953,-2.89456653594971,0.927849769592285,124.669792175293,67.1536483764648,-3.34646916389465,0.51688426733017,-0.379155516624451,0.0854424387216568,70
738505.48924405022989958525,65.8280563354492,-2.12017250061035,12.7636632919312,-0.0455836430191994,0.00113343144766986,42.4820785522461,-71.4101791381836,520.382202148438,462.408020019531,-2.78321528434753,0.346249967813492,124.583770751953,67.0875473022461,-3.18474650382996,0.197259828448296,-0.3756203353405,0.0824608951807022,70
738505.48924646188970655203,65.7615585327148,-1.97942841053009,12.7634868621826,-0.0455836430191994,0.00113343144766986,42.4820556640625,-71.4100112915039,519.894470214844,461.993469238281,-2.6709418296814,0.387708187103271,124.491790771484,67.0179595947266,-3.03042936325073,0.0442886166274548,-0.371516466140747,0.0794330239295959,70
738505.48924890765920281410,65.68896484375,-1.84056174755096,12.7607164382935,-0.0455836430191994,0.00113343144766986,42.4820327758789,-71.4098434448242,519.41748046875,461.592254638672,-2.55618405342102,0.360528767108917,124.388511657715,66.9422378540039,-2.87388610839844,-0.00253320974297822,-0.366596311330795,0.0762002468109131,70
738505.48925133352167904377,65.6176681518555,-1.71632528305054,12.7467947006226,-0.0455836430191994,0.00113343144766986,42.4820098876953,-71.4096755981445,518.977111816406,461.226043701172,-2.54465413093567,-0.214442238211632,124.28002166748,66.866325378418,-2.72432279586792,0.00997141003608704,-0.361137270927429,0.07296521961689,70
738505.48925373202655464411,65.5510559082031,-1.63385760784149,12.7125873565674,-0.0455836430191994,0.00113343144766986,42.4819869995117,-71.4095077514648,518.560974121094,460.883575439453,-2.56938934326172,-0.865428686141968,124.165573120117,66.792366027832,-2.58116221427917,-0.040303498506546,-0.355148881673813,0.069695733487606,70
738505.48925621062517166138,65.4864120483398,-1.56281459331512,12.65305519104,-0.0455836430191994,0.00113343144766986,42.4819602966309,-71.4093399047852,518.140991210938,460.541046142578,-2.59407758712769,-1.53123617172241,124.039443969727,66.7159042358398,-2.4409236907959,-0.126396223902702,-0.348381787538528,0.0662125572562218,70
738505.48925866687204688787,65.4290237426758,-1.53152322769165,12.5744485855103,-0.0455836430191994,0.00113343144766986,42.4819374084473,-71.4091720581055,517.740478515625,460.216979980469,-2.70606589317322,-2.04214262962341,123.911293029785,66.6439743041992,-2.31644248962402,-0.226492315530777,-0.341349720954895,0.0627593174576759,70
738505.48926113231573253870,65.379768371582,-1.53105485439301,12.4793272018433,-0.0455836430191994,0.00113343144766986,42.4819145202637,-71.4089965820312,517.344177246094,459.897796630859,-2.94362950325012,-2.55249094963074,123.780715942383,66.5777130126953,-2.20905828475952,-0.318448781967163,-0.334084153175354,0.0592905692756176,70
738505.48926367436069995165,65.3400192260742,-1.63258814811707,12.3654632568359,-0.0455836430191994,0.00113343144766986,42.4818916320801,-71.408821105957,516.9140625,459.549865722656,-3.28490471839905,-3.09451770782471,123.641799926758,66.5198364257812,-2.11968374252319,-0.407024323940277,-0.326353281736374,0.0556194968521595,70
738505.48926614795345813036,65.3129196166992,-1.78280901908875,12.2440891265869,-0.0455836430191994,0.00113343144766986,42.4818687438965,-71.4086456298828,516.472961425781,459.188781738281,-3.52204632759094,-3.47900438308716,123.511100769043,66.4746017456055,-2.06734180450439,-0.511302173137665,-0.319176405668259,0.0521138645708561,70
738505.48926850606221705675,65.2922439575195,-1.92944395542145,12.1239976882935,-0.0455836430191994,0.00113343144766986,42.4818458557129,-71.4084854125977,516.026672363281,458.818817138672,-3.51247477531433,-3.45912313461304,123.394622802734,66.4363708496094,-2.05391240119934,-0.572570443153381,-0.312901347875595,0.0488502010703087,70
738505.48927081911824643612,65.2714157104492,-2.01013994216919,11.9989490509033,-0.0455836430191994,0.00113343144766986,42.4818229675293,-71.4083251953125,515.555541992188,458.425506591797,-3.39655613899231,-3.40844821929932,123.286346435547,66.3955764770508,-2.07296776771545,-0.582182109355927,-0.307129800319672,0.0455963686108589,70
738505.48927315487526357174,65.2495193481445,-2.05435800552368,11.8735218048096,-0.0455836430191994,0.00113343144766986,42.481803894043,-71.4081649780273,515.074951171875,458.023498535156,-3.32737421989441,-3.34794783592224,123.18758392334,66.3528518676758,-2.11309051513672,-0.594844043254852,-0.301816821098328,0.0423909351229668,70
738505.48927555186673998833,65.2281341552734,-2.07560300827026,11.7489137649536,-0.0455836430191994,0.00113343144766986,42.4817810058594,-71.4080047607422,514.587951660156,457.770599365234,-3.40254974365234,-3.24090957641602,123.095794677734,66.3102874755859,-2.16276407241821,-0.611030757427216,-0.296790391206741,0.0392305664718151,70
738505.48927804920822381973,65.2112808227539,-2.16743183135986,11.6229696273804,-0.0455836430191994,0.00113343144766986,42.481761932373,-71.407829284668,514.053527832031,457.804260253906,-3.88779258728027,-3.10140156745911,123.001556396484,66.2744445800781,-2.21814656257629,-0.640510141849518,-0.291584551334381,0.0358777642250061,70
738505.48928043374326080084,65.2042617797852,-2.36763525009155,11.516206741333,-0.0455836430191994,0.00113343144766986,42.4817390441895,-71.4076690673828,513.520446777344,457.802520751953,-4.32370662689209,-2.96442461013794,122.917205810547,66.255744934082,-2.2762598991394,-0.620555102825165,-0.287068486213684,0.0328330434858799,70
738505.48928284738212823868,65.1915893554688,-2.6219310760498,11.4154005050659,-0.0455836430191994,0.00113343144766986,42.4817199707031,-71.4075088500977,512.93505859375,457.753601074219,-4.66133880615234,-2.75860810279846,122.837341308594,66.2354125976562,-2.35459041595459,-0.602509558200836,-0.283182203769684,0.0298213921487331,70
738505.48928531422279775143,65.1775512695312,-2.89944577217102,11.3311023712158,-0.0455836430191994,0.00113343144766986,42.4816970825195,-71.4073333740234,512.271789550781,457.643310546875,-4.75321578979492,-1.66966283321381,122.762359619141,66.2186813354492,-2.46663594245911,-0.667172014713287,-0.280190616846085,0.0267856754362583,70
738505.48928778909612447023,65.1739349365234,-3.10479402542114,11.2757377624512,-0.0455836430191994,0.00113343144766986,42.4816780090332,-71.4071655273438,511.558898925781,457.484130859375,-4.80045986175537,-0.638889968395233,122.697807312012,66.2149810791016,-2.61073875427246,-0.500354111194611,-0.278350532054901,0.0238255392760038,70
738505.48929016571491956711,65.1774368286133,-3.27787351608276,11.24684715271,-0.0455836430191994,0.00113343144766986,42.4816551208496,-71.4069976806641,510.803100585938,457.284271240234,-4.84155035018921,-0.0976314395666122,122.646377563477,66.2218551635742,-2.7765040397644,-0.290155619382858,-0.277556240558624,0.0209323205053806,70
738505.48929264396429061890,65.1825561523438,-3.42412161827087,11.2311191558838,-0.0455836430191994,0.00113343144766986,42.4816360473633,-71.4068374633789,510.045654296875,457.060272216797,-4.91361141204834,-0.00433710124343634,122.611061096191,66.2316284179688,-2.94459390640259,-0.121886745095253,-0.277659893035889,0.0182286538183689,70
738505.48929505527485162020,65.1907348632812,-3.56736922264099,11.2194366455078,-0.0455836430191994,0.00113343144766986,42.4816131591797,-71.4066619873047,509.212921142578,456.792053222656,-5.00662565231323,0.0332316495478153,122.587821960449,66.2452545166016,-3.12406396865845,-0.0391539484262466,-0.278577536344528,0.0154221979901195,70
738505.48929750476963818073,65.2013931274414,-3.69677591323853,11.211199760437,-0.0455836430191994,0.00113343144766986,42.4815940856934,-71.4065017700195,508.397796630859,456.538330078125,-5.10138320922852,0.0684965923428535,122.577949523926,66.2614440917969,-3.28968143463135,-0.000330884591676295,-0.280139654874802,0.0128295598551631,70
738505.48929990851320326328,65.2147445678711,-3.8348503112793,11.2051906585693,-0.0455836430191994,0.00113343144766986,42.481575012207,-71.4063339233398,507.528198242188,456.253479003906,-5.1626238822937,0.108000002801418,122.578788757324,66.2814102172852,-3.45481085777283,0.017006553709507,-0.282414048910141,0.0101823173463345,70
738505.48930232308339327574,65.2275695800781,-3.92947149276733,11.20139503479,-0.0455836430191994,0.00113343144766986,42.4815521240234,-71.4061660766602,506.657775878906,455.951232910156,-4.96574544906616,0.153381288051605,122.589553833008,66.2989273071289,-3.60903096199036,0.0455614253878593,-0.285255193710327,0.00764569640159607,70
738505.48930461937561631203,65.2377777099609,-3.93611741065979,11.1997156143188,-0.0455836430191994,0.00113343144766986,42.4815330505371,-71.406005859375,505.789642333984,455.644317626953,-4.74787521362305,0.191134825348854,122.608779907227,66.30908203125,-3.75078773498535,0.0509651936590672,-0.288544446229935,0.00516729056835175,70
738505.48930702963843941689,65.244384765625,-3.90408420562744,11.199330329895,-0.0455836430191994,0.00113343144766986,42.4815139770508,-71.4058456420898,504.906127929688,455.334259033203,-4.5834436416626,0.229652032256126,122.633880615234,66.3136215209961,-3.87485146522522,0.0358068719506264,-0.292139410972595,0.00264937826432288,70
738505.48930942045990377665,65.247428894043,-3.84467506408691,11.1999034881592,-0.0455836430191994,0.00113343144766986,42.4814949035645,-71.4056777954102,504.042388916016,454.226470947266,-4.44107484817505,0.267117828130722,122.660217285156,66.3132476806641,-3.97009587287903,0.0205697771161795,-0.295708686113358,0.000188669218914583,70
738505.48931181419175118208,65.2469177246094,-3.76801609992981,11.2012491226196,-0.0455836430191994,0.00113343144766986,42.4814720153809,-71.4055099487305,503.177520751953,452.931213378906,-4.32101106643677,0.30532518029213,122.685394287109,66.3085632324219,-4.03632736206055,0.00904233753681183,-0.299191236495972,-0.00230815447866917,70
738505.48931417043786495924,65.2430953979492,-3.68518304824829,11.2032165527344,-0.0455836430191994,0.00113343144766986,42.4814529418945,-71.4053497314453,502.359130859375,451.697692871094,-4.21809387207031,0.342054456472397,122.705863952637,66.3004837036133,-4.07127475738525,0.00404751719906926,-0.302296489477158,-0.0046970802359283,70
738505.48931653471663594246,65.235954284668,-3.595867395401,11.2058935165405,-0.0455836430191994,0.00113343144766986,42.4814338684082,-71.4051895141602,501.544281005859,450.460174560547,-4.1212739944458,0.379254072904587,122.721450805664,66.2890014648438,-4.0802435874939,0.00430042669177055,-0.30512934923172,-0.00712709268555045,70
738505.48931890830863267183,65.2255783081055,-3.50371623039246,11.2092933654785,-0.0455836430191994,0.00113343144766986,42.4814147949219,-71.405029296875,500.747528076172,449.24072265625,-4.02940130233765,0.416296392679214,122.731010437012,66.2744293212891,-4.06602907180786,0.00812693312764168,-0.307589948177338,-0.00956091191619635,70
738505.48932128818705677986,65.2118911743164,-3.40938329696655,11.2134981155396,-0.0455836430191994,0.00113343144766986,42.4813919067383,-71.4048614501953,499.962707519531,448.029235839844,-3.94006133079529,0.453499287366867,122.73420715332,66.2567520141602,-4.03221368789673,0.0139705836772919,-0.309666097164154,-0.0120157888159156,70
738505.48932361102197319269,65.1956787109375,-3.3180136680603,11.2183256149292,-0.0455836430191994,0.00113343144766986,42.481372833252,-71.4047012329102,499.223907470703,446.87890625,-3.85479497909546,0.489259868860245,122.731109619141,66.2369766235352,-3.98483824729919,0.0205374713987112,-0.311266452074051,-0.0143785513937473,70
738505.48932601767592132092,65.1760177612305,-3.2239990234375,11.2241306304932,-0.0455836430191994,0.00113343144766986,42.4813537597656,-71.404541015625,498.481903076172,446.1103515625,-3.76682639122009,0.52602756023407,122.721649169922,66.2139587402344,-3.92404675483704,0.0272531975060701,-0.312493860721588,-0.016818705946207,70
738505.48932835459709167480,65.1534805297852,-3.13036322593689,11.2307291030884,-0.0455836430191994,0.00113343144766986,42.4813346862793,-71.4043807983398,497.764343261719,445.527801513672,-3.65851926803589,0.562536537647247,122.706184387207,66.1884002685547,-3.85468816757202,0.0352733358740807,-0.313284665346146,-0.0192390736192465,70
738505.48933070187922567129,65.1287994384766,-3.03421187400818,11.237979888916,-0.0455836430191994,0.00113343144766986,42.481315612793,-71.4042205810547,497.090240478516,444.983978271484,-3.52477025985718,0.598438858985901,122.685699462891,66.1608581542969,-3.78119349479675,0.0433783605694771,-0.313638806343079,-0.0215892065316439,70
738505.48933308431878685951,65.0995178222656,-2.91217303276062,11.2468194961548,-0.0455836430191994,0.00113343144766986,42.4812927246094,-71.404052734375,496.398193359375,444.429931640625,-3.35824108123779,0.636851131916046,122.658126831055,66.1280517578125,-3.69688534736633,0.051128301769495,-0.313549369573593,-0.0240984633564949,70
738505.48933540924917906523,65.0678482055664,-2.78394174575806,11.2563972473145,-0.0455836430191994,0.00113343144766986,42.481273651123,-71.4038925170898,495.752349853516,443.917846679688,-3.23553276062012,0.673183679580688,122.625717163086,66.0929794311523,-3.608229637146,0.0514429062604904,-0.312948971986771,-0.0265336222946644,70
738505.48933768249116837978,65.033821105957,-2.66764402389526,11.2662973403931,-0.0455836430191994,0.00113343144766986,42.4812545776367,-71.4037399291992,495.149108886719,443.444427490234,-3.18089842796326,0.708159923553467,122.588714599609,66.0563659667969,-3.51499629020691,0.046791072934866,-0.311835289001465,-0.0289093870669603,70
738505.48934006283525377512,64.9963073730469,-2.56761240959167,11.2765760421753,-0.0455836430191994,0.00113343144766986,42.4812355041504,-71.4035797119141,494.564086914062,442.989715576172,-3.12808418273926,0.743283152580261,122.545867919922,66.0172271728516,-3.41573452949524,0.0482709035277367,-0.310192972421646,-0.0313079990446568,70
738505.48934246343560516834,64.9539642333984,-2.47097206115723,11.2879447937012,-0.0455836430191994,0.00113343144766986,42.4812126159668,-71.4034118652344,493.972015380859,442.533813476562,-3.06452918052673,0.779929161071777,122.494979858398,65.9737854003906,-3.30890679359436,0.054708868265152,-0.307953506708145,-0.0338381342589855,70
738505.48934483760967850685,64.9085311889648,-2.37996459007263,11.300145149231,-0.0455836430191994,0.00113343144766986,42.4811935424805,-71.4032516479492,493.396148681641,442.094696044922,-2.99728417396545,0.816688001155853,122.437942504883,65.9277954101562,-3.20147085189819,0.0620561204850674,-0.305204689502716,-0.0363941602408886,70
738505.48934719595126807690,64.861701965332,-2.2958550453186,11.3128604888916,-0.0455836430191994,0.00113343144766986,42.4811744689941,-71.4030914306641,492.852386474609,441.68408203125,-2.93092894554138,0.852483987808228,122.377029418945,65.8808975219727,-3.09868478775024,0.0686126500368118,-0.302078247070312,-0.0388954244554043,70
738505.48934963613282889128,64.8113479614258,-2.21367740631104,11.3267621994019,-0.0455836430191994,0.00113343144766986,42.4811515808105,-71.4029235839844,492.312561035156,441.280456542969,-2.8635778427124,0.889077067375183,122.309310913086,65.8308944702148,-2.99633431434631,0.0742973759770393,-0.298443496227264,-0.0414773635566235,70
738505.48935200483538210392,64.7596740722656,-2.13650488853455,11.3413057327271,-0.0455836430191994,0.00113343144766986,42.4811325073242,-71.4027633666992,491.798278808594,440.899749755859,-2.79884648323059,0.925016820430756,122.238014221191,65.7799758911133,-2.89942646026611,0.0790519416332245,-0.294465780258179,-0.0440332256257534,70
738505.48935441428329795599,64.7055511474609,-2.06904244422913,11.3598356246948,-0.0455836430191994,0.00113343144766986,42.4811096191406,-71.4025955200195,491.293640136719,440.529663085938,-2.73675322532654,1.09529280662537,122.161575317383,65.7277297973633,-2.80592107772827,0.0844810679554939,-0.290074050426483,-0.0466370061039925,70
738505.48935682617593556643,64.648551940918,-1.99783372879028,11.3809146881104,-0.0455836430191994,0.00113343144766986,42.4810905456543,-71.4024353027344,490.800933837891,440.172088623047,-2.68197703361511,1.13140296936035,122.08048248291,65.6730651855469,-2.71638035774231,0.0972460880875587,-0.285291969776154,-0.0492762438952923,70
738505.48935929813887923956,64.5885467529297,-1.9299910068512,11.4033517837524,-0.0455836430191994,0.00113343144766986,42.4810676574707,-71.4022674560547,490.313323974609,439.821929931641,-2.62798643112183,1.16812908649445,121.993721008301,65.6158676147461,-2.6292839050293,0.107337661087513,-0.280049949884415,-0.0519987493753433,70
738505.48936172726098448038,64.528434753418,-1.86813116073608,11.4261608123779,-0.0455836430191994,0.00113343144766986,42.4810485839844,-71.402099609375,489.851501464844,439.493743896484,-2.5768871307373,1.20387649536133,121.905632019043,65.5588760375977,-2.54849863052368,0.114850662648678,-0.274601459503174,-0.0546704344451427,70
738505.48936404753476381302,64.4675903320312,-1.81082570552826,11.4496192932129,-0.0455836430191994,0.00113343144766986,42.481029510498,-71.4019393920898,489.407440185547,439.181396484375,-2.52843070030212,1.2391619682312,121.815338134766,65.5014724731445,-2.47257208824158,0.120628096163273,-0.268907278776169,-0.0573303252458572,70
738505.48936640773899853230,64.4063110351562,-1.75774276256561,11.4736642837524,-0.0455836430191994,0.00113343144766986,42.4810066223145,-71.4017791748047,488.980651855469,438.884185791016,-2.48437595367432,1.27394700050354,121.723327636719,65.4439315795898,-2.40143799781799,0.125138536095619,-0.263005346059799,-0.0599802732467651,70
738505.48936870752368122339,64.3441925048828,-1.70472204685211,11.4985904693604,-0.0455836430191994,0.00113343144766986,42.4809875488281,-71.4016265869141,488.565246582031,438.597808837891,-2.46396541595459,1.30475294589996,121.628784179688,65.3857727050781,-2.33406162261963,0.130095511674881,-0.25684666633606,-0.0626519098877907,70
738505.48937116924207657576,64.2802963256836,-1.67740213871002,11.5228261947632,-0.0455836430191994,0.00113343144766986,42.4809684753418,-71.4014587402344,488.142639160156,438.308929443359,-2.53240537643433,1.19574403762817,121.527694702148,65.3264541625977,-2.26767182350159,0.154644399881363,-0.250177055597305,-0.0654634833335876,70
738505.48937359882984310389,64.2197647094727,-1.67626070976257,11.5411548614502,-0.0455836430191994,0.00113343144766986,42.4809455871582,-71.4012985229492,487.724487304688,438.023498535156,-2.58254194259644,0.936122417449951,121.425048828125,65.2701034545898,-2.20804405212402,0.167210385203362,-0.243347525596619,-0.0682885944843292,70
738505.48937598802149295807,64.162467956543,-1.68284952640533,11.5484218597412,-0.0455836430191994,0.00113343144766986,42.4809226989746,-71.4011306762695,487.303680419922,437.735626220703,-2.59752941131592,0.471631854772568,121.321067810059,65.2151870727539,-2.15802907943726,0.16273657977581,-0.236405879259109,-0.0711581408977509,70
738505.48937837290577590466,64.1093292236328,-1.68872678279877,11.5431079864502,-0.0455836430191994,0.00113343144766986,42.4809036254883,-71.4009704589844,486.889312744141,437.45166015625,-2.61136245727539,0.131637394428253,121.219078063965,65.162109375,-2.11954283714294,0.0838192999362946,-0.229562625288963,-0.074007123708725,70
738505.48938082973472774029,64.0584564208984,-1.69864523410797,11.5275545120239,-0.0455836430191994,0.00113343144766986,42.480884552002,-71.4008102416992,486.469848632812,437.16357421875,-2.62634301185608,-0.113133154809475,121.117027282715,65.1095657348633,-2.09062027931213,0.0233101174235344,-0.222664013504982,-0.0769092440605164,70
738505.48938330390956252813,64.0085144042969,-1.7117395401001,11.5027990341187,-0.0455836430191994,0.00113343144766986,42.4808616638184,-71.4006423950195,486.033538818359,436.863098144531,-2.64909672737122,-0.365482747554779,121.012680053711,65.056396484375,-2.0699987411499,-0.0334162339568138,-0.215554222464561,-0.0799462646245956,70
738505.48938573291525244713,63.9626350402832,-1.73255455493927,11.4699554443359,-0.0455836430191994,0.00113343144766986,42.4808387756348,-71.4004745483398,485.602294921875,436.565002441406,-2.69187188148499,-0.616809248924255,120.911979675293,65.0060043334961,-2.05781292915344,-0.0846071466803551,-0.208628267049789,-0.082935519516468,70
738505.48938818159513175488,63.920036315918,-1.76235973834991,11.4283266067505,-0.0455836430191994,0.00113343144766986,42.4808197021484,-71.4003143310547,485.164276123047,436.260589599609,-2.73843455314636,-0.88116729259491,120.81273651123,64.9575500488281,-2.05304861068726,-0.129057243466377,-0.201756745576859,-0.0859482064843178,70
738505.48939052410423755646,63.8814697265625,-1.79783880710602,11.3788108825684,-0.0455836430191994,0.00113343144766986,42.4807968139648,-71.4001541137695,484.726470947266,435.954406738281,-2.77978587150574,-1.13982379436493,120.717262268066,64.9118804931641,-2.05555820465088,-0.173733413219452,-0.195105522871017,-0.0889234319329262,70
738505.48939292482100427151,63.8471603393555,-1.83210074901581,11.3240718841553,-0.0455836430191994,0.00113343144766986,42.4807777404785,-71.3999938964844,484.299774169922,435.653991699219,-2.79848289489746,-1.32808148860931,120.628234863281,64.8694915771484,-2.0644748210907,-0.219361886382103,-0.188863769173622,-0.0917731076478958,70
738505.48939529678318649530,63.8127288818359,-1.8670220375061,11.2620906829834,-0.0455836430191994,0.00113343144766986,42.4807586669922,-71.3998336791992,483.841339111328,435.329284667969,-2.81005930900574,-1.34569072723389,120.536659240723,64.8258056640625,-2.08007049560547,-0.280903398990631,-0.182420581579208,-0.0947944968938828,70
738505.48939776816405355930,63.778636932373,-1.89723658561707,11.1978597640991,-0.0455836430191994,0.00113343144766986,42.4807357788086,-71.3996658325195,483.366973876953,434.991516113281,-2.82213401794434,-1.31057262420654,120.446182250977,64.7819900512695,-2.10099482536316,-0.298902899026871,-0.176013767719269,-0.0978678911924362,70
738505.48940023465547710657,63.7465133666992,-1.92643487453461,11.1363134384155,-0.0455836430191994,0.00113343144766986,42.4807167053223,-71.3995056152344,482.900939941406,434.658172607422,-2.83916735649109,-1.27656483650208,120.361274719238,64.740608215332,-2.12439322471619,-0.301426559686661,-0.169950529932976,-0.100820906460285,70
738505.48940256971400231123,63.7156066894531,-1.95666873455048,11.0764188766479,-0.0455836430191994,0.00113343144766986,42.4806976318359,-71.3993453979492,482.433532714844,434.322357177734,-2.85203552246094,-1.23541271686554,120.279678344727,64.7008056640625,-2.14952111244202,-0.297712653875351,-0.164088040590286,-0.103724896907806,70
738505.48940496554132550955,63.6851081848145,-1.98618161678314,11.0196571350098,-0.0455836430191994,0.00113343144766986,42.4806747436523,-71.3991851806641,481.959350585938,433.340789794922,-2.85204076766968,-1.06226050853729,120.200302124023,64.6619720458984,-2.17613959312439,-0.304829239845276,-0.158359885215759,-0.10660470277071,70
738505.48940733133349567652,63.6543731689453,-2.01475715637207,10.9707174301147,-0.0455836430191994,0.00113343144766986,42.480655670166,-71.3990249633789,481.482940673828,432.799621582031,-2.85243844985962,-0.727412104606628,120.123764038086,64.6242599487305,-2.20344877243042,-0.315247416496277,-0.152810260653496,-0.109438896179199,70
738505.48940971284173429012,63.6228103637695,-2.03771305084229,10.9341115951538,-0.0455836430191994,0.00113343144766986,42.4806365966797,-71.3988647460938,481.009490966797,431.389587402344,-2.85245203971863,-0.265257865190506,120.050590515137,64.5876846313477,-2.23065233230591,-0.278333783149719,-0.147482931613922,-0.112193077802658,70
738505.48941206303425133228,63.588264465332,-2.05934119224548,10.9105787277222,-0.0455836430191994,0.00113343144766986,42.4806175231934,-71.3987045288086,480.513946533203,429.923431396484,-2.85670733451843,0.173521906137466,119.976493835449,64.5503616333008,-2.25855278968811,-0.194175615906715,-0.142078682780266,-0.115025341510773,70
738505.48941449646372348070,63.5533561706543,-2.08028745651245,10.8972311019897,-0.0455836430191994,0.00113343144766986,42.480598449707,-71.3985443115234,480.024841308594,428.4853515625,-2.85542583465576,0.276040554046631,119.905769348145,64.5143890380859,-2.2849485874176,-0.0804099887609482,-0.136900171637535,-0.117767103016376,70
738505.48941691732034087181,63.5172576904297,-2.09386038780212,10.88747215271,-0.0455836430191994,0.00113343144766986,42.4805793762207,-71.3983840942383,479.518310546875,427.003295898438,-2.84641885757446,0.311445355415344,119.83455657959,64.4776153564453,-2.31084752082825,-0.0263043381273746,-0.131674438714981,-0.120561361312866,70
738505.48941931617446243763,63.4816436767578,-2.10593032836914,10.8797254562378,-0.0455836430191994,0.00113343144766986,42.4805564880371,-71.3982238769531,479.013549804688,425.531799316406,-2.84528470039368,0.346613258123398,119.765449523926,64.4416198730469,-2.33451962471008,0.00176361051853746,-0.1265719383955,-0.123302020132542,70
738505.48942166089545935392,63.4471778869629,-2.118079662323,10.8738603591919,-0.0455836430191994,0.00113343144766986,42.4805374145508,-71.398063659668,478.515655517578,424.08544921875,-2.84685826301575,0.381287187337875,119.698928833008,64.4070739746094,-2.35553240776062,0.0146471560001373,-0.121625937521458,-0.125971466302872,70
738505.48942422238178551197,63.4113006591797,-2.12991571426392,10.8693714141846,-0.0455836430191994,0.00113343144766986,42.4805183410645,-71.3978958129883,477.987121582031,422.555480957031,-2.84829783439636,0.417306929826736,119.629768371582,64.3713684082031,-2.37555551528931,0.0200758334249258,-0.116462007164955,-0.128793627023697,70
738505.48942682787310332060,63.374454498291,-2.14279580116272,10.8663930892944,-0.0455836430191994,0.00113343144766986,42.4804954528809,-71.3977203369141,477.432495117188,420.955535888672,-2.85438132286072,0.4550801217556,119.558906555176,64.3349990844727,-2.39435029029846,0.0208925493061543,-0.111132256686687,-0.131732121109962,70
738505.48942926898598670959,63.3406791687012,-2.15643405914307,10.8647222518921,-0.0455836430191994,0.00113343144766986,42.4804763793945,-71.3975601196289,476.911041259766,419.456939697266,-2.86348581314087,0.469513148069382,119.494270324707,64.3018951416016,-2.4103319644928,0.0299879498779774,-0.106204800307751,-0.134457617998123,70
738505.48943161591887474060,63.3097229003906,-2.17974352836609,10.8585052490234,-0.0455836430191994,0.00113343144766986,42.4804573059082,-71.3973999023438,476.400329589844,417.996459960938,-2.88141107559204,0.149008452892303,119.43278503418,64.2711410522461,-2.42508959770203,0.110865950584412,-0.10147425532341,-0.137096643447876,70
738505.48943400545977056026,63.2846260070801,-2.21667718887329,10.829026222229,-0.0455836430191994,0.00113343144766986,42.4804382324219,-71.3972473144531,475.886657714844,416.540191650391,-2.92657375335693,-1.23048806190491,119.373146057129,64.2427062988281,-2.44062066078186,0.206983208656311,-0.0968711078166962,-0.139716804027557,70
738505.48943640408106148243,63.2689170837402,-2.25166130065918,10.7535552978516,-0.0455836430191994,0.00113343144766986,42.4804191589355,-71.397087097168,475.355194091797,415.047424316406,-2.97556281089783,-2.95472049713135,119.314224243164,64.2157669067383,-2.45915961265564,0.074050098657608,-0.0923128947615623,-0.142394453287125,70
738505.48943884577602148056,63.2638473510742,-2.29123020172119,10.6233291625977,-0.0455836430191994,0.00113343144766986,42.4804000854492,-71.3969268798828,474.816162109375,411.378356933594,-3.01971077919006,-4.67385339736938,119.257766723633,64.1904907226562,-2.48087954521179,-0.148812636733055,-0.0879166722297668,-0.145061433315277,70
738505.48944131738971918821,63.2696418762207,-2.33897757530212,10.4287109375,-0.0455836430191994,0.00113343144766986,42.4803771972656,-71.3967590332031,474.245178222656,407.153076171875,-3.06452703475952,-6.45949459075928,119.201782226562,64.1660079956055,-2.50732088088989,-0.430857330560684,-0.083530031144619,-0.147824168205261,70
738505.48944369889795780182,63.2853317260742,-2.39144062995911,10.1872282028198,-0.0455836430191994,0.00113343144766986,42.4803619384766,-71.396598815918,473.691772460938,403.934539794922,-3.10887980461121,-8.14556312561035,119.151550292969,64.1446151733398,-2.53647470474243,-0.724811434745789,-0.0795696899294853,-0.150403887033463,70
738505.48944620054680854082,63.3102226257324,-2.44857621192932,9.88639736175537,-0.0455836430191994,0.00113343144766986,42.4803428649902,-71.3964309692383,473.101165771484,402.765075683594,-3.15844941139221,-9.1643705368042,119.102012634277,64.1242599487305,-2.57169842720032,-1.2245842218399,-0.0756758227944374,-0.153043821454048,70
738505.48944865574594587088,63.3382530212402,-2.50275182723999,9.56181621551514,-0.0455836430191994,0.00113343144766986,42.4803237915039,-71.3962707519531,472.501770019531,401.600860595703,-3.20372200012207,-9.11807823181152,119.056015014648,64.1048049926758,-2.61143803596497,-1.49243903160095,-0.0720838531851768,-0.155562907457352,70
738505.48945100023411214352,63.3650779724121,-2.54990768432617,9.25119972229004,-0.0455836430191994,0.00113343144766986,42.4803085327148,-71.396110534668,471.924377441406,400.498748779297,-3.24668645858765,-9.05844974517822,119.015380859375,64.0875930786133,-2.65246748924255,-1.59508454799652,-0.0689399391412735,-0.157820105552673,70
738505.48945333901792764664,63.3918800354004,-2.59677958488464,8.94155979156494,-0.0455836430191994,0.00113343144766986,42.4802894592285,-71.3959579467773,471.3408203125,399.403137207031,-3.29327535629272,-9.00057792663574,118.977569580078,64.0720291137695,-2.695467710495,-1.62160348892212,-0.0660502314567566,-0.159929916262627,70
738505.48945574159733951092,63.4192771911621,-2.64487290382385,8.62522888183594,-0.0455836430191994,0.00113343144766986,42.4802742004395,-71.3957977294922,470.734832763672,398.283935546875,-3.3421790599823,-8.94295215606689,118.941474914551,64.057746887207,-2.7408971786499,-1.60529386997223,-0.063337467610836,-0.161921411752701,70
738505.48945823998656123877,63.4480667114258,-2.69601440429688,8.29293537139893,-0.0455836430191994,0.00113343144766986,42.4802589416504,-71.3956298828125,470.085968017578,397.105560302734,-3.39375829696655,-8.88377666473389,118.90633392334,64.0445022583008,-2.78986573219299,-1.56648254394531,-0.0607423521578312,-0.163811594247818,70
738505.48946059832815080881,63.4751396179199,-2.7446928024292,7.98065376281738,-0.0455836430191994,0.00113343144766986,42.4802436828613,-71.3954696655273,469.463531494141,395.993682861328,-3.44186544418335,-8.82908535003662,118.876022338867,64.0337219238281,-2.83662748336792,-1.52400600910187,-0.0585426576435566,-0.165366411209106,70
738505.48946310393512248993,63.5033340454102,-2.79591989517212,7.65541219711304,-0.0455836430191994,0.00113343144766986,42.4802322387695,-71.3953018188477,468.801300048828,394.119537353516,-3.49134278297424,-8.77272129058838,118.847160339355,64.0241775512695,-2.88623213768005,-1.48181736469269,-0.0564997605979443,-0.166754856705666,70
738505.48946552956476807594,63.5311813354492,-2.84693074226379,7.33446788787842,-0.0455836430191994,0.00113343144766986,42.4802169799805,-71.3951416015625,468.133178710938,392.224884033203,-3.53963923454285,-8.71738529205322,118.821617126465,64.016487121582,-2.93588542938232,-1.44586229324341,-0.0547394827008247,-0.167871937155724,70
738505.48946801270358264446,63.5586280822754,-2.89748120307922,7.01840686798096,-0.0455836430191994,0.00113343144766986,42.4802055358887,-71.3949737548828,467.460540771484,392.778656005859,-3.58674120903015,-8.66289710998535,118.799453735352,64.0105667114258,-2.985431432724,-1.4166522026062,-0.0532589927315712,-0.168713480234146,70
738505.48947039199993014336,63.5861968994141,-2.94841170310974,6.70141887664795,-0.0455836430191994,0.00113343144766986,42.4801902770996,-71.3948135375977,466.770965576172,393.697967529297,-3.63359212875366,-8.6081428527832,118.780265808105,64.0063018798828,-3.03573513031006,-1.39310085773468,-0.0520332492887974,-0.169289633631706,70
738505.48947277606930583715,63.6123352050781,-2.99674081802368,6.40132474899292,-0.0455836430191994,0.00113343144766986,42.4801788330078,-71.3946533203125,466.104064941406,394.574890136719,-3.67765116691589,-8.55608558654785,118.765068054199,64.0037994384766,-3.08377361297607,-1.37515866756439,-0.0511176809668541,-0.169571354985237,70
738505.48947512521408498287,63.638729095459,-3.04548835754395,6.09871482849121,-0.0455836430191994,0.00113343144766986,42.480167388916,-71.3945007324219,465.417602539062,395.465270996094,-3.72180223464966,-8.50331211090088,118.752624511719,64.0027847290039,-3.13266825675964,-1.36030185222626,-0.0504396259784698,-0.169591844081879,70
738505.48947740357834845781,63.6640281677246,-3.09205794334412,5.80913829803467,-0.0455836430191994,0.00113343144766986,42.4801597595215,-71.3943405151367,464.747436523438,396.323303222656,-3.76378154754639,-8.45251083374023,118.743476867676,64.0032424926758,-3.17972087860107,-1.3482757806778,-0.0500266030430794,-0.169357255101204,70
738505.48947982699610292912,63.6900825500488,-3.13976144790649,5.51133394241333,-0.0455836430191994,0.00113343144766986,42.4801483154297,-71.3941879272461,464.044586181641,397.212158203125,-3.8066508769989,-8.39997863769531,118.736923217773,64.0051498413086,-3.22843432426453,-1.33732950687408,-0.0498452037572861,-0.168844938278198,70
738505.48948235297575592995,63.7181091308594,-3.19071507453918,5.1913743019104,-0.0455836430191994,0.00113343144766986,42.4801406860352,-71.3940124511719,463.273895263672,398.173889160156,-3.85229301452637,-8.34315204620361,118.733131408691,64.0088119506836,-3.28107786178589,-1.32670783996582,-0.0499298311769962,-0.167974829673767,70
738505.48948473844211548567,63.7440071105957,-3.23739361763,4.89594793319702,-0.0455836430191994,0.00113343144766986,42.4801292419434,-71.3938522338867,462.548004150391,399.068572998047,-3.89401650428772,-8.29030513763428,118.732627868652,64.0136642456055,-3.32957291603088,-1.31736576557159,-0.0502697452902794,-0.166882440447807,70
738505.48948712786659598351,63.7698249816895,-3.28347873687744,4.60149049758911,-0.0455836430191994,0.00113343144766986,42.4801216125488,-71.3936920166016,461.810760498047,399.966918945312,-3.93512320518494,-8.23726654052734,118.735092163086,64.0198822021484,-3.37789702415466,-1.30829000473022,-0.0508596710860729,-0.165502652525902,70
738505.48948954790830612183,63.7962226867676,-3.33015561103821,4.30041313171387,-0.0455836430191994,0.00113343144766986,42.4801139831543,-71.3935317993164,461.042572021484,400.892150878906,-3.9766047000885,-8.18113136291504,118.740539550781,64.0276641845703,-3.42724847793579,-1.30011177062988,-0.0517244152724743,-0.163788035511971,70
738505.48949208878912031651,63.8229103088379,-3.38235473632812,3.9989116191864,-0.0455836430191994,0.00113343144766986,42.4801063537598,-71.3933639526367,460.249206542969,401.836151123047,-4.01888132095337,-7.97702598571777,118.749084472656,64.0374526977539,-3.47712230682373,-1.3397661447525,-0.0528742074966431,-0.16172793507576,70
738505.48949458776041865349,63.8482933044434,-3.4640679359436,3.73327398300171,-0.0455836430191994,0.00113343144766986,42.4800987243652,-71.393196105957,459.426513671875,402.791168212891,-4.0937032699585,-5.69867134094238,118.76097869873,64.0510864257812,-3.52888655662537,-1.57643413543701,-0.0543602332472801,-0.159313097596169,70
738505.48949701478704810143,63.869800567627,-3.51885962486267,3.55431747436523,-0.0455836430191994,0.00113343144766986,42.480094909668,-71.3930358886719,458.644989013672,403.678100585938,-4.13349533081055,-3.13933873176575,118.77522277832,64.0653305053711,-3.58022665977478,-1.36830270290375,-0.0560951940715313,-0.156775578856468,70
738505.48949949932284653187,63.8893127441406,-3.55740404129028,3.42887711524963,-0.0455836430191994,0.00113343144766986,42.4800872802734,-71.3928680419922,457.809692382812,404.610992431641,-4.14465141296387,-2.02912974357605,118.793533325195,64.080078125,-3.63601279258728,-0.722136497497559,-0.0582538619637489,-0.153786435723305,70
738505.48950173822231590748,63.9069213867188,-3.57927536964417,3.33846473693848,-0.0455836430191994,0.00113343144766986,42.4800834655762,-71.392707824707,457.026092529297,405.477783203125,-4.16382217407227,-1.99510622024536,118.813186645508,64.0940780639648,-3.68643641471863,-0.447839349508286,-0.0605055056512356,-0.150766998529434,70
738505.48950415302533656359,63.9250717163086,-3.59975409507751,3.25162672996521,-0.0455836430191994,0.00113343144766986,42.4800758361816,-71.3925476074219,456.232208251953,405.755859375,-4.17968130111694,-1.96141672134399,118.835304260254,64.1088638305664,-3.73348069190979,-0.293832033872604,-0.0629459843039513,-0.147485494613647,70
738505.48950647853780537844,63.9437255859375,-3.62238836288452,3.16911172866821,-0.0455836430191994,0.00113343144766986,42.4800720214844,-71.3923873901367,455.423980712891,404.735931396484,-4.19500827789307,-1.839470744133,118.859916687012,64.1246109008789,-3.77635765075684,-0.25175467133522,-0.0655600279569626,-0.143956273794174,70
738505.48950919578783214092,63.9628982543945,-3.64763498306274,3.09548687934875,-0.0455836430191994,0.00113343144766986,42.4800643920898,-71.3922271728516,454.5927734375,403.514465332031,-4.20875453948975,-1.37897002696991,118.887306213379,64.1415557861328,-3.81570315361023,-0.258456468582153,-0.0683710351586342,-0.140134796500206,70
738505.48951161536388099194,63.9836006164551,-3.66935133934021,3.03325223922729,-0.0455836430191994,0.00113343144766986,42.4800605773926,-71.3920440673828,453.667572021484,402.157135009766,-4.21785736083984,-0.796128928661346,118.920074462891,64.1604690551758,-3.85491800308228,-0.217788740992546,-0.0716443061828613,-0.135692104697227,70
738505.48951394064351916313,64.0014877319336,-3.68341088294983,2.99482798576355,-0.0455836430191994,0.00113343144766986,42.4800567626953,-71.3918838500977,452.839477539062,400.943817138672,-4.21732807159424,-0.400856405496597,118.950897216797,64.1773071289062,-3.88601326942444,-0.142681777477264,-0.0746883526444435,-0.131604969501495,70
738505.48951634392142295837,64.0188751220703,-3.69414973258972,2.96651196479797,-0.0455836430191994,0.00113343144766986,42.4800491333008,-71.3917236328125,452.019439697266,399.743286132812,-4.22349548339844,-0.316658079624176,118.982688903809,64.1939544677734,-3.91328859329224,-0.0601376630365849,-0.0777898728847504,-0.127428039908409,70
738505.48951871984172612429,64.0363616943359,-3.70529127120972,2.94171357154846,-0.0455836430191994,0.00113343144766986,42.4800453186035,-71.3915634155273,451.182983398438,398.519561767578,-4.21378946304321,-0.272079825401306,119.01611328125,64.2108917236328,-3.9375524520874,-0.0339628644287586,-0.0810247212648392,-0.123042821884155,70
738505.48952102824114263058,64.0530242919922,-3.70180940628052,2.92103505134583,-0.0455836430191994,0.00113343144766986,42.4800415039062,-71.3914108276367,450.384185791016,397.351501464844,-4.14150142669678,-0.170471429824829,119.048736572266,64.2263641357422,-3.95769000053406,-0.0248510744422674,-0.0841743350028992,-0.118769749999046,70
738505.48952350649051368237,64.0702972412109,-3.68481111526489,2.90338778495789,-0.0455836430191994,0.00113343144766986,42.4800338745117,-71.391242980957,449.547149658203,396.125946044922,-4.08374738693237,-0.0540643967688084,119.083763122559,64.241813659668,-3.97452139854431,-0.0209794715046883,-0.0875056311488152,-0.114156074821949,70
738505.48952588404063135386,64.087028503418,-3.65581297874451,2.88993287086487,-0.0455836430191994,0.00113343144766986,42.4800300598145,-71.3910827636719,448.702453613281,394.88671875,-4.01750326156616,0.0644180029630661,119.119506835938,64.256233215332,-3.9852819442749,-0.018323041498661,-0.0908395051956177,-0.109393633902073,70
738505.48952833295334130526,64.1023178100586,-3.61562323570251,2.88095903396606,-0.0455836430191994,0.00113343144766986,42.4800262451172,-71.3909149169922,447.875,393.669372558594,-3.92838740348816,0.181889116764069,119.154434204102,64.2688064575195,-3.98845887184143,-0.0125919869169593,-0.0940262675285339,-0.104615859687328,70
738505.48953058663755655289,64.1156768798828,-3.56548666954041,2.87619256973267,-0.0455836430191994,0.00113343144766986,42.4800224304199,-71.3907623291016,447.092437744141,392.513458251953,-3.85783910751343,0.283117860555649,119.186996459961,64.2791213989258,-3.98354721069336,-0.00306115904822946,-0.0969160944223404,-0.0999864041805267,70
738505.48953292157966643572,64.1271591186523,-3.51355171203613,2.87433862686157,-0.0455836430191994,0.00113343144766986,42.4800148010254,-71.3906097412109,446.331665039062,391.384826660156,-3.801917552948,0.341594696044922,119.217750549316,64.2876281738281,-3.97034120559692,0.00633974745869637,-0.0995552986860275,-0.0953605696558952,70
738505.48953527689445763826,64.1372146606445,-3.45569014549255,2.87474226951599,-0.0455836430191994,0.00113343144766986,42.4800109863281,-71.3904495239258,445.547729492188,390.21630859375,-3.72535490989685,0.40856546163559,119.248085021973,64.294548034668,-3.94801020622253,0.0142115736380219,-0.102058336138725,-0.0904635339975357,70
738505.48953771311789751053,64.1451034545898,-3.39626240730286,2.87803268432617,-0.0455836430191994,0.00113343144766986,42.4800071716309,-71.3902816772461,444.767730712891,389.047454833984,-3.62854337692261,0.505373358726501,119.2763671875,64.2993927001953,-3.91731739044189,0.0135308168828487,-0.104295268654823,-0.0854795724153519,70
738505.48954009450972080231,64.1509170532227,-3.3127543926239,2.88723921775818,-0.0455836430191994,0.00113343144766986,42.4800033569336,-71.3901214599609,444.005157470703,387.8974609375,-3.47362732887268,0.743021845817566,119.301742553711,64.3012466430664,-3.87955975532532,-0.00352813280187547,-0.106206007301807,-0.080486387014389,70
738505.48954280430916696787,64.1545486450195,-3.23785924911499,2.91111135482788,-0.0455836430191994,0.00113343144766986,42.4799957275391,-71.3899612426758,443.282623291016,386.802825927734,-3.47552704811096,1.48923480510712,119.323234558105,64.3021392822266,-3.83496594429016,-0.0481599308550358,-0.10768786072731,-0.0756106078624725,70
738505.48954520490951836109,64.154182434082,-3.18892383575439,2.97759771347046,-0.0455836430191994,0.00113343144766986,42.4799919128418,-71.389778137207,442.434631347656,385.513336181641,-3.52462673187256,2.92637038230896,119.3447265625,64.3023681640625,-3.77307057380676,-0.0171763747930527,-0.108975306153297,-0.0696944445371628,70
738505.48954758688341826200,64.1495056152344,-3.16643691062927,3.07833218574524,-0.0455836430191994,0.00113343144766986,42.4799880981445,-71.3896179199219,441.716186523438,384.417572021484,-3.5418074131012,4.23449182510376,119.359283447266,64.3013381958008,-3.71919941902161,0.146072238683701,-0.109761133790016,-0.064692921936512,70
738505.48954985348973423243,64.1417846679688,-3.15114641189575,3.21102285385132,-0.0455836430191994,0.00113343144766986,42.47998046875,-71.3894577026367,441.027587890625,383.365814208984,-3.54722380638123,5.14881229400635,119.370193481445,64.2993698120117,-3.67036390304565,0.449351757764816,-0.110338903963566,-0.0598641000688076,70
738505.48955218377523124218,64.1315078735352,-3.14222931861877,3.36927056312561,-0.0455836430191994,0.00113343144766986,42.4799766540527,-71.3892974853516,440.316436767578,382.278778076172,-3.58646392822266,5.19966983795166,119.378639221191,64.2967758178711,-3.62505197525024,0.687817752361298,-0.110811270773411,-0.0548429861664772,70
738505.48955455445684492588,64.1205825805664,-3.14672565460205,3.53042936325073,-0.0455836430191994,0.00113343144766986,42.4799690246582,-71.3891448974609,439.618225097656,381.211639404297,-3.61600351333618,5.32690048217773,119.384506225586,64.2947540283203,-3.58709836006165,0.75104820728302,-0.111196473240852,-0.0499432422220707,70
738505.48955687053967267275,64.1089477539062,-3.16333842277527,3.7033417224884,-0.0455836430191994,0.00113343144766986,42.4799652099609,-71.3889846801758,438.918823242188,380.144714355469,-3.63937902450562,5.99530363082886,119.388641357422,64.2936935424805,-3.55705666542053,0.751297235488892,-0.111566469073296,-0.0451029762625694,70
738505.48955918184947222471,64.0957183837891,-3.17702269554138,3.89325547218323,-0.0455836430191994,0.00113343144766986,42.4799575805664,-71.3888320922852,438.228668212891,379.093841552734,-3.65084433555603,6.60111427307129,119.391654968262,64.2923889160156,-3.53582453727722,0.855748116970062,-0.111966669559479,-0.0404089465737343,70
738505.48956165765412151814,64.0799942016602,-3.19129371643066,4.11354875564575,-0.0455836430191994,0.00113343144766986,42.4799499511719,-71.3886642456055,437.478759765625,377.954437255859,-3.66338062286377,6.7015528678894,119.39421081543,64.291145324707,-3.52133178710938,0.994453310966492,-0.112465277314186,-0.0353916101157665,70
738505.48956407001242041588,64.0639266967773,-3.20569801330566,4.3354868888855,-0.0455836430191994,0.00113343144766986,42.4799423217773,-71.3885040283203,436.737701416016,376.83056640625,-3.68609285354614,6.72548675537109,119.396369934082,64.2904281616211,-3.51414895057678,1.03401064872742,-0.113029047846794,-0.0305789485573769,70
738505.48956643207930028439,64.0478973388672,-3.22100043296814,4.55238723754883,-0.0455836430191994,0.00113343144766986,42.4799346923828,-71.3883438110352,436.016662597656,375.7392578125,-3.7068190574646,6.75312042236328,119.398445129395,64.2902221679688,-3.51249384880066,1.04430258274078,-0.113647811114788,-0.0260417480021715,70
738505.48956890951376408339,64.0310974121094,-3.23750233650208,4.77534055709839,-0.0455836430191994,0.00113343144766986,42.4799270629883,-71.3881759643555,435.277679443359,374.623260498047,-3.72642087936401,6.78198766708374,119.400779724121,64.2904891967773,-3.51513719558716,1.04043662548065,-0.114360108971596,-0.0215381607413292,70
738505.48957124736625701189,64.0140991210938,-3.25429034233093,4.99672269821167,-0.0455836430191994,0.00113343144766986,42.4799194335938,-71.3880157470703,434.545166015625,373.519409179688,-3.74431800842285,6.80981540679932,119.40348815918,64.2912292480469,-3.52116918563843,1.03084027767181,-0.115148484706879,-0.0172529686242342,70
738505.48957371397409588099,63.9964790344238,-3.27162265777588,5.2214150428772,-0.0455836430191994,0.00113343144766986,42.4799118041992,-71.3878555297852,433.802185058594,372.402313232422,-3.75562238693237,6.83699893951416,119.406814575195,64.2924270629883,-3.5300121307373,1.0202808380127,-0.116035610437393,-0.0130759617313743,70
738505.48957605601754039526,63.9779281616211,-3.28932476043701,5.44672966003418,-0.0455836430191994,0.00113343144766986,42.4799003601074,-71.3876953125,433.056854248047,371.284454345703,-3.69010472297668,6.87423753738403,119.410835266113,64.2935638427734,-3.54111933708191,1.01513147354126,-0.117019303143024,-0.00908568874001503,70
738505.48957842867821455002,63.9587669372559,-3.26979994773865,5.67955493927002,-0.0455836430191994,0.00113343144766986,42.4798927307129,-71.3875350952148,432.307830810547,370.165435791016,-3.596435546875,6.9280948638916,119.415672302246,64.2936477661133,-3.55326104164124,1.01041483879089,-0.118087254464626,-0.00524934707209468,70
738505.48958085873164236546,63.9381484985352,-3.24467015266418,5.91310739517212,-0.0455836430191994,0.00113343144766986,42.4798812866211,-71.3873748779297,431.56982421875,369.695037841797,-3.50685977935791,6.99806308746338,119.420928955078,64.2929229736328,-3.5623345375061,1.00618493556976,-0.1191276460886,-0.00163296447135508,70
738505.48958336038049310446,63.9146194458008,-3.1989734172821,6.16147661209106,-0.0455836430191994,0.00113343144766986,42.4798698425293,-71.38720703125,430.808441162109,369.801727294922,-3.41713070869446,7.07143497467041,119.426445007324,64.2905578613281,-3.56562113761902,1.00589919090271,-0.120105244219303,0.00193452602252364,70
738505.48958597599994391203,63.8871650695801,-3.14311099052429,6.42502212524414,-0.0455836430191994,0.00113343144766986,42.4798583984375,-71.3870315551758,430.023193359375,369.913055419922,-3.33756613731384,7.14864015579224,119.431510925293,64.2863159179688,-3.55954003334045,1.00855994224548,-0.120910249650478,0.00544057134538889,70
738505.48958842072170227766,63.8581848144531,-3.08598685264587,6.67730808258057,-0.0455836430191994,0.00113343144766986,42.4798469543457,-71.3868637084961,429.292419433594,370.030517578125,-3.26991581916809,7.2218542098999,119.434967041016,64.2804565429688,-3.54397678375244,1.01495957374573,-0.121399149298668,0.00851534865796566,70
738505.48959086264949291945,63.8276634216309,-3.02570724487305,6.92312669754028,-0.0455836430191994,0.00113343144766986,42.4798316955566,-71.3867034912109,428.600860595703,370.155731201172,-3.25172638893127,7.28531312942505,119.436584472656,64.2732849121094,-3.52016067504883,1.02275407314301,-0.121579259634018,0.0112596126273274,70
738505.48959324951283633709,63.7941589355469,-2.98835420608521,7.1717700958252,-0.0455836430191994,0.00113343144766986,42.4798202514648,-71.3865432739258,427.90771484375,370.293426513672,-3.30382966995239,7.32288455963135,119.436058044434,64.2655334472656,-3.48805618286133,1.02784550189972,-0.121450170874596,0.0138392113149166,70
738505.48959576268680393696,63.7558975219727,-2.96952199935913,7.43624639511108,-0.0455836430191994,0.00113343144766986,42.4798049926758,-71.3863677978516,427.171875,370.446319580078,-3.34101247787476,7.36029434204102,119.432952880859,64.2567520141602,-3.44936037063599,1.03862679004669,-0.121034428477287,0.0163558013737202,70
738505.48959832615219056606,63.716480255127,-2.96090507507324,7.69561052322388,-0.0455836430191994,0.00113343144766986,42.479793548584,-71.3861999511719,426.452972412109,370.598724365234,-3.36278223991394,7.39669561386108,119.427551269531,64.2477951049805,-3.41225862503052,1.05062246322632,-0.120446801185608,0.0185561012476683,70
738505.48960080486722290516,63.6763877868652,-2.95815896987915,7.95040273666382,-0.0455836430191994,0.00113343144766986,42.4797782897949,-71.3860321044922,425.749328613281,370.749053955078,-3.37680745124817,7.4322304725647,119.420387268066,64.2389450073242,-3.37980699539185,1.06034862995148,-0.119771257042885,0.0204564537853003,70
738505.48960331478156149387,63.6349258422852,-2.95883226394653,8.20673274993896,-0.0455836430191994,0.00113343144766986,42.4797630310059,-71.3858642578125,425.043792724609,370.899749755859,-3.38706946372986,7.46629095077515,119.411666870117,64.2301254272461,-3.35261201858521,1.06857621669769,-0.119044192135334,0.0221063159406185,70
738505.48960594949312508106,63.5903434753418,-2.96196269989014,8.47610282897949,-0.0455836430191994,0.00113343144766986,42.4797477722168,-71.3856887817383,424.304260253906,371.057006835938,-3.40340995788574,7.49114370346069,119.401329040527,64.2210922241211,-3.33020043373108,1.0743066072464,-0.118263319134712,0.0235627889633179,70
738505.48960859561339020729,63.5443305969238,-2.97078633308411,8.74789619445801,-0.0455836430191994,0.00113343144766986,42.4797286987305,-71.3855133056641,423.555267333984,371.214141845703,-3.42080974578857,7.47450685501099,119.390060424805,64.2124099731445,-3.31366848945618,1.08928751945496,-0.117480762302876,0.0247413851320744,70
738505.48961127060465514660,63.5000686645508,-3.03092193603516,8.98183536529541,-0.0455836430191994,0.00113343144766986,42.4797134399414,-71.3853378295898,422.809509277344,371.362060546875,-3.412930727005,5.8255352973938,119.378616333008,64.203727722168,-3.30396413803101,1.49967503547668,-0.116767846047878,0.0256093349307775,70
738505.48961380484979599714,63.4750556945801,-3.04377007484436,9.11571979522705,-0.0455836430191994,0.00113343144766986,42.4796943664551,-71.3851623535156,422.047119140625,371.499969482422,-3.38590145111084,0.610039949417114,119.367401123047,64.1984710693359,-3.30493092536926,1.45761585235596,-0.116265833377838,0.0261914320290089,70
738505.48961634712759405375,63.4743576049805,-3.01391863822937,9.10745239257812,-0.0455836430191994,0.00113343144766986,42.4796752929688,-71.3849945068359,421.316986083984,371.63623046875,-3.23098731040955,-2.3912365436554,119.358154296875,64.195198059082,-3.31123948097229,0.434602051973343,-0.115904025733471,0.0264866352081299,70
738505.48961879289709031582,63.4819412231445,-2.91397714614868,9.02711868286133,-0.0455836430191994,0.00113343144766986,42.4796600341797,-71.3848266601562,420.61181640625,371.787475585938,-3.24236178398132,-2.36681842803955,119.350814819336,64.1867370605469,-3.313063621521,-0.206443101167679,-0.115431599318981,0.0265504419803619,70
738505.48962118476629257202,63.485652923584,-2.8691737651825,8.94650173187256,-0.0455836430191994,0.00113343144766986,42.4796447753906,-71.3846664428711,419.952697753906,371.944946289062,-3.30439805984497,-2.24796581268311,119.344032287598,64.1771011352539,-3.30330348014832,-0.523645162582397,-0.114666953682899,0.0264372415840626,70
738505.48962348327040672302,63.4873466491699,-2.84335112571716,8.86791133880615,-0.0455836430191994,0.00113343144766986,42.4796295166016,-71.3845138549805,419.321319580078,371.907348632812,-3.34335160255432,-2.10325026512146,119.336570739746,64.1667175292969,-3.2852156162262,-0.643343865871429,-0.113658994436264,0.0262131839990616,70
738505.48962584952823817730,63.4877395629883,-2.82709121704102,8.78832817077637,-0.0455836430191994,0.00113343144766986,42.4796104431152,-71.3843536376953,418.674530029297,371.5517578125,-3.36515617370605,-1.94918346405029,119.327270507812,64.1554412841797,-3.26173496246338,-0.660547316074371,-0.112414881587029,0.0258907582610846,70
738505.48962821019813418388,63.4869384765625,-2.82392072677612,8.71623229980469,-0.0455836430191994,0.00113343144766986,42.4795951843262,-71.3841934204102,418.044403076172,371.206115722656,-3.37926483154297,-1.63302898406982,119.316474914551,64.1446685791016,-3.23763370513916,-0.678302705287933,-0.111061498522758,0.0255086589604616,70
738505.48963048064615577459,63.4841690063477,-2.8269157409668,8.65889358520508,-0.0455836430191994,0.00113343144766986,42.4795799255371,-71.3840408325195,417.417724609375,370.861938476562,-3.3808262348175,-0.827135622501373,119.304260253906,64.1342926025391,-3.21559619903564,-0.620545506477356,-0.109649941325188,0.0250934138894081,70
738505.48963287682272493839,63.4777297973633,-2.81808996200562,8.62098121643066,-0.0455836430191994,0.00113343144766986,42.479564666748,-71.3838806152344,416.764984130859,370.503662109375,-3.34152579307556,-0.189299434423447,119.290191650391,64.1224212646484,-3.19621086120605,-0.44434130191803,-0.10814817994833,0.0246388968080282,70
738505.48963523155543953180,63.4687843322754,-2.80294013023376,8.59980297088623,-0.0455836430191994,0.00113343144766986,42.479549407959,-71.3837203979492,416.122497558594,370.152069091797,-3.28953838348389,0.102011270821095,119.275199890137,64.1100616455078,-3.17984533309937,-0.252350449562073,-0.106620766222477,0.0241918880492449,70
738505.48963757418096065521,63.4574508666992,-2.78657817840576,8.58728313446045,-0.0455836430191994,0.00113343144766986,42.4795341491699,-71.3835678100586,415.490692138672,369.807678222656,-3.13133978843689,0.222799181938171,119.25936126709,64.0964431762695,-3.16503190994263,-0.120739944279194,-0.105043590068817,0.0237534083425999,70
738505.48963998619001358747,63.4438552856445,-2.70370411872864,8.58049488067627,-0.0455836430191994,0.00113343144766986,42.4795188903809,-71.3834075927734,414.870666503906,369.4736328125,-2.74395751953125,0.365402519702911,119.242584228516,64.0785293579102,-3.14986872673035,-0.0302252788096666,-0.103367403149605,0.023323392495513,70
738505.48964236502069979906,63.421947479248,-2.54207873344421,8.5796365737915,-0.0455836430191994,0.00113343144766986,42.4795036315918,-71.3832473754883,414.254638671875,369.154510498047,-2.39510440826416,0.532946228981018,119.223007202148,64.0501022338867,-3.12474846839905,0.0161168463528156,-0.101263359189034,0.0228827055543661,70
738505.48964482010342180729,63.3912124633789,-2.33978843688965,8.58915901184082,-0.0455836430191994,0.00113343144766986,42.4794883728027,-71.3830795288086,413.675384521484,368.873657226562,-2.2387855052948,0.967726111412048,119.198631286621,64.0132293701172,-3.07821345329285,-0.0263763330876827,-0.0984094142913818,0.0224514454603195,70
738505.48964731232263147831,63.3550491333008,-2.18491554260254,8.61270236968994,-0.0455836430191994,0.00113343144766986,42.4794731140137,-71.3829193115234,413.132476806641,368.629943847656,-2.29756760597229,1.41436898708344,119.16716003418,63.9751129150391,-3.00443363189697,0.0447524338960648,-0.0945528298616409,0.0220270771533251,70
738505.48964964214246720076,63.3190269470215,-2.1013765335083,8.64618301391602,-0.0455836430191994,0.00113343144766986,42.4794578552246,-71.3827590942383,412.623382568359,368.414581298828,-2.42075610160828,1.5618292093277,119.129104614258,63.9411544799805,-2.91187262535095,0.118527293205261,-0.0898453816771507,0.0216087996959686,70
738505.48965197172947227955,63.283374786377,-2.05915188789368,8.68198299407959,-0.0455836430191994,0.00113343144766986,42.4794425964355,-71.3825988769531,412.144866943359,368.218811035156,-2.49757838249207,1.62663340568542,119.086875915527,63.9093284606934,-2.81575894355774,0.168667569756508,-0.0846740379929543,0.0212093815207481,70
738505.48965442529879510403,63.2445373535156,-2.03572487831116,8.72168731689453,-0.0455836430191994,0.00113343144766986,42.4794273376465,-71.382438659668,411.650268554688,368.020233154297,-2.54521822929382,1.68667924404144,119.038032531738,63.8755340576172,-2.71833491325378,0.205087348818779,-0.0788182616233826,0.0207797326147556,70
738505.48965681728441268206,63.2062568664551,-2.0261058807373,8.76221179962158,-0.0455836430191994,0.00113343144766986,42.4794120788574,-71.3822860717773,411.175628662109,367.831451416016,-2.57592868804932,1.74469196796417,118.987617492676,63.8428726196289,-2.63424563407898,0.226049453020096,-0.0728967934846878,0.0203516129404306,70
738505.48965915583539754152,63.1673851013184,-2.02469658851624,8.80519962310791,-0.0455836430191994,0.00113343144766986,42.4793968200684,-71.3821258544922,410.69873046875,367.642333984375,-2.59853219985962,1.80302536487579,118.934501647949,63.8102607727051,-2.56253385543823,0.237319871783257,-0.066783532500267,0.0198980942368507,70
738505.48966154013760387897,63.1283149719238,-2.02875423431396,8.85039138793945,-0.0455836430191994,0.00113343144766986,42.4793815612793,-71.381965637207,410.219543457031,367.452026367188,-2.61729764938354,1.85232090950012,118.879516601562,63.7779693603516,-2.50443077087402,0.245128452777863,-0.0605684034526348,0.0194085389375687,70
738505.48966396076139062643,63.0886039733887,-2.03749990463257,8.89831066131592,-0.0455836430191994,0.00113343144766986,42.479362487793,-71.3818054199219,409.728424072266,367.256011962891,-2.63494205474854,1.89102101325989,118.822219848633,63.7456130981445,-2.45875883102417,0.246780276298523,-0.0541895292699337,0.01887814886868,70
738505.48966634576208889484,63.0499572753906,-2.04938817024231,8.94677925109863,-0.0455836430191994,0.00113343144766986,42.4793472290039,-71.3816452026367,409.243286132812,366.992553710938,-2.65220260620117,1.92456662654877,118.765480041504,63.7145347595215,-2.42606282234192,0.246796578168869,-0.0479271151125431,0.0183243528008461,70
738505.48966888932045549154,63.0107498168945,-2.06369161605835,8.99771881103516,-0.0455836430191994,0.00113343144766986,42.4793319702148,-71.3814849853516,408.740539550781,366.414215087891,-2.67343187332153,1.93964684009552,118.706962585449,63.6833763122559,-2.40327310562134,0.251901715993881,-0.0415139943361282,0.0177095737308264,70
738505.48967126559000462294,62.9725646972656,-2.08464312553406,9.04876136779785,-0.0455836430191994,0.00113343144766986,42.4793128967285,-71.3813247680664,408.234802246094,365.832824707031,-2.72388029098511,1.92343640327454,118.64892578125,63.6535148620605,-2.38977575302124,0.244339942932129,-0.0351686365902424,0.0170531813055277,70
738505.48967366863507777452,62.936824798584,-2.10957360267639,9.09791278839111,-0.0455836430191994,0.00113343144766986,42.4792976379395,-71.3811645507812,407.738952636719,365.263397216797,-2.80089116096497,1.91953468322754,118.593376159668,63.6259880065918,-2.38452863693237,0.244388848543167,-0.0291016735136509,0.0163672994822264,70
738505.48967610544059425592,62.9030418395996,-2.16783857345581,9.1455020904541,-0.0455836430191994,0.00113343144766986,42.4792823791504,-71.3810043334961,407.225738525391,364.675048828125,-3.00908851623535,1.8002108335495,118.537803649902,63.6013565063477,-2.38657164573669,0.232631132006645,-0.0230463109910488,0.0156206116080284,70
738505.48967851232737302780,62.8746185302734,-2.26140403747559,9.18968868255615,-0.0455836430191994,0.00113343144766986,42.4792633056641,-71.3808441162109,406.692962646484,364.066589355469,-3.21694564819336,1.72889721393585,118.483642578125,63.582878112793,-2.39897513389587,0.206866100430489,-0.0172260235995054,0.0148122645914555,70
738505.48968093923758715391,62.8525810241699,-2.37553787231445,9.23147678375244,-0.0455836430191994,0.00113343144766986,42.479248046875,-71.3806838989258,406.141571044922,363.762145996094,-3.43603587150574,1.6855685710907,118.432983398438,63.5713005065918,-2.42567324638367,0.197032555937767,-0.0118897827342153,0.0139551116153598,70
738505.48968336463440209627,62.8386344909668,-2.52370929718018,9.27076244354248,-0.0455836430191994,0.00113343144766986,42.4792327880859,-71.3805236816406,405.576904296875,363.505859375,-3.78688621520996,1.64188992977142,118.388145446777,63.5689392089844,-2.46805906295776,0.178002119064331,-0.00724684074521065,0.0130630508065224,70
738505.48968572681769728661,62.8335952758789,-2.72983860969543,9.30852222442627,-0.0455836430191994,0.00113343144766986,42.4792137145996,-71.3803634643555,404.965484619141,363.207275390625,-4.12176942825317,1.59759199619293,118.349075317383,63.577995300293,-2.53164124488831,0.172889679670334,-0.00332092051394284,0.0121106635779142,70
738505.48968807805795222521,62.8366203308105,-2.94654822349548,9.34354782104492,-0.0455836430191994,0.00113343144766986,42.4791984558105,-71.3802108764648,404.341522216797,362.880859375,-4.3996376991272,1.55511176586151,118.320434570312,63.5957946777344,-2.61594533920288,0.177081227302551,-0.000562401604838669,0.011164060793817,70
738505.48969058378133922815,62.84765625,-3.20443272590637,9.37923240661621,-0.0455836430191994,0.00113343144766986,42.4791793823242,-71.3800506591797,403.611022949219,362.085418701172,-4.64568424224854,1.41795182228088,118.301239013672,63.6244163513184,-2.73679399490356,0.218439102172852,0.00115829682908952,0.0100781656801701,70
738505.48969299416057765484,62.8660621643066,-3.4392077922821,9.40352916717529,-0.0455836430191994,0.00113343144766986,42.4791641235352,-71.3798904418945,402.848205566406,361.255493164062,-4.7669849395752,0.701095938682556,118.296989440918,63.6584358215332,-2.88228797912598,0.281991750001907,0.0013813265832141,0.00897468626499176,70
738505.48969547962769865990,62.8931579589844,-3.64594602584839,9.41239643096924,-0.0455836430191994,0.00113343144766986,42.4791450500488,-71.3797225952148,402.024139404297,360.362854003906,-4.9525899887085,0.133356720209122,118.308433532715,63.6980018615723,-3.05371165275574,0.165339708328247,0.000143907775054686,0.00779394991695881,70
738505.48969794006552547216,62.9276237487793,-3.86070871353149,9.40897941589355,-0.0455836430191994,0.00113343144766986,42.4791297912598,-71.3795623779297,401.161926269531,359.4326171875,-5.18191766738892,-0.0824163183569908,118.334831237793,63.7441711425781,-3.23800301551819,0.033172145485878,-0.00246314215473831,0.00658458331599832,70
738505.48970035510137677193,62.9679794311523,-4.07696342468262,9.40243721008301,-0.0455836430191994,0.00113343144766986,42.4791107177734,-71.3794021606445,400.270446777344,358.474243164062,-5.40902328491211,-0.0411891005933285,118.374557495117,63.7965049743652,-3.42834949493408,-0.0524583570659161,-0.00634879339486361,0.00535862520337105,70
738505.48970277584157884121,63.0146484375,-4.3120756149292,9.39645957946777,-0.0455836430191994,0.00113343144766986,42.4790954589844,-71.3792343139648,399.297576904297,357.431945800781,-5.53342390060425,0.0179488565772772,118.429870605469,63.8571319580078,-3.63356804847717,-0.0810578316450119,-0.0117842126637697,0.00406231265515089,70
738505.48970517225097864866,63.0630989074707,-4.47823286056519,9.39277648925781,-0.0455836430191994,0.00113343144766986,42.479076385498,-71.3790740966797,398.326324462891,356.394256591797,-5.50332069396973,0.0977097526192665,118.49617767334,63.915828704834,-3.83476710319519,-0.074283629655838,-0.018335722386837,0.00280846143141389,70
738505.48970751324668526649,63.1120529174805,-4.60791921615601,9.39274597167969,-0.0455836430191994,0.00113343144766986,42.479061126709,-71.3789215087891,397.343841552734,355.346466064453,-5.51065731048584,0.255153566598892,118.573188781738,63.9733352661133,-4.03054332733154,-0.0818853974342346,-0.025898290798068,0.00155883596744388,70
738505.48970989650115370750,63.161319732666,-4.72485446929932,9.40165424346924,-0.0455836430191994,0.00113343144766986,42.4790420532227,-71.3787689208984,396.341827392578,354.279418945312,-5.54267740249634,0.706197082996368,118.659538269043,64.0317687988281,-4.21713590621948,-0.151867553591728,-0.0343531183898449,0.000292329874355346,70
738505.48971229314338415861,63.2119979858398,-4.82939672470093,9.42909717559814,-0.0455836430191994,0.00113343144766986,42.4790267944336,-71.3786087036133,395.276000976562,353.145843505859,-5.58925247192383,1.55258786678314,118.757621765137,64.0935821533203,-4.39907932281494,-0.0849554836750031,-0.0440060123801231,-0.00103853130713105,70
738505.48971467209048569202,63.2602958679199,-4.91868019104004,9.47171020507812,-0.0455836430191994,0.00113343144766986,42.4790115356445,-71.3784484863281,394.210632324219,352.014007568359,-5.57670116424561,1.6867241859436,118.85994720459,64.1542816162109,-4.56320476531982,0.0996048748493195,-0.0542186871170998,-0.00234854035079479,70
738505.48971714323852211237,63.3112525939941,-4.97646903991699,9.52315521240234,-0.0455836430191994,0.00113343144766986,42.4789924621582,-71.3782806396484,393.077392578125,350.810913085938,-5.558021068573,1.71549189090729,118.972801208496,64.2165908813477,-4.71905565261841,0.182177767157555,-0.0656093582510948,-0.0037438862491399,70
738505.48971954290755093098,63.3593482971191,-5.01730394363403,9.57401943206787,-0.0455836430191994,0.00113343144766986,42.4789733886719,-71.3781280517578,391.995910644531,349.663299560547,-5.55388784408569,1.73825073242188,119.082618713379,64.2747421264648,-4.84822130203247,0.223208531737328,-0.0768648758530617,-0.00507189938798547,70
738505.48972196551039814949,63.4089698791504,-5.04964828491211,9.62862110137939,-0.0455836430191994,0.00113343144766986,42.4789581298828,-71.3779602050781,390.868591308594,348.467498779297,-5.55435466766357,1.76892685890198,119.198684692383,64.3343353271484,-4.96327066421509,0.244124531745911,-0.0888936743140221,-0.00647745607420802,70
738505.48972442711237818003,63.4584655761719,-5.07647562026978,9.68399143218994,-0.0455836430191994,0.00113343144766986,42.4789390563965,-71.377799987793,389.730773925781,347.260864257812,-5.54426765441895,1.72213327884674,119.316459655762,64.3935317993164,-5.06041622161865,0.279193222522736,-0.101268947124481,-0.00791817530989647,70
738505.48972680908627808094,63.5069198608398,-5.08903551101685,9.73534488677979,-0.0455836430191994,0.00113343144766986,42.4789199829102,-71.3776397705078,388.616455078125,346.079345703125,-5.52119398117065,1.50830078125,119.431716918945,64.4500122070312,-5.13911628723145,0.289845138788223,-0.113575220108032,-0.0093550980091095,70
738505.48972917662467807531,63.5556945800781,-5.09116077423096,9.7804708480835,-0.0455836430191994,0.00113343144766986,42.4789047241211,-71.3774795532227,387.501434326172,344.897094726562,-5.50353288650513,1.27757203578949,119.546852111816,64.5050659179688,-5.20312786102295,0.266952902078629,-0.126034259796143,-0.0108301760628819,70
738505.48973160365130752325,63.6045417785645,-5.08548259735107,9.81960773468018,-0.0455836430191994,0.00113343144766986,42.4788856506348,-71.3773193359375,386.389556884766,343.718109130859,-5.4891242980957,1.12996459007263,119.660995483398,64.5586929321289,-5.25335216522217,0.207767859101295,-0.138555780053139,-0.0123453615233302,70
738505.48973402346018701792,63.6547584533691,-5.07538747787476,9.85627746582031,-0.0455836430191994,0.00113343144766986,42.4788665771484,-71.3771514892578,385.237945556641,342.496826171875,-5.47787094116211,1.08066153526306,119.778282165527,64.6129531860352,-5.29235219955444,0.164753511548042,-0.151583954691887,-0.0139607898890972,70
738505.48973652557469904423,63.7054176330566,-5.06124305725098,9.893141746521,-0.0455836430191994,0.00113343144766986,42.4788475036621,-71.3769836425781,384.057281494141,341.244476318359,-5.45920085906982,1.11001563072205,119.89714050293,64.6673812866211,-5.3202075958252,0.131161153316498,-0.164969697594643,-0.0156634543091059,70
738505.48973894689697772264,63.7522773742676,-5.04308748245239,9.92869186401367,-0.0455836430191994,0.00113343144766986,42.478832244873,-71.376823425293,382.939575195312,340.058654785156,-5.43823766708374,1.1435889005661,120.007720947266,64.7175750732422,-5.33677053451538,0.121266774833202,-0.177647337317467,-0.0173163637518883,70
738505.48974129615817219019,63.7962188720703,-5.02232599258423,9.96383571624756,-0.0455836430191994,0.00113343144766986,42.4788131713867,-71.3766632080078,381.864318847656,338.917602539062,-5.41582775115967,1.17591214179993,120.11238861084,64.7646484375,-5.34489488601685,0.120765089988708,-0.189829871058464,-0.0189586505293846,70
738505.48974365205504000187,63.8395156860352,-4.99820947647095,10.0003471374512,-0.0455836430191994,0.00113343144766986,42.4787940979004,-71.3765029907227,380.776397705078,337.762756347656,-5.39108419418335,1.20434355735779,120.216659545898,64.8110504150391,-5.34630584716797,0.128120824694633,-0.202127516269684,-0.0206684060394764,70
738505.48974601831287145615,63.8816413879395,-4.97392797470093,10.0356750488281,-0.0455836430191994,0.00113343144766986,42.4787788391113,-71.3763427734375,379.694641113281,336.614105224609,-5.36918258666992,1.10901975631714,120.318504333496,64.8561401367188,-5.34179592132568,0.158945202827454,-0.214309722185135,-0.0224147234112024,70
738505.48974835744593292475,63.9236450195312,-4.95136070251465,10.0638494491577,-0.0455836430191994,0.00113343144766986,42.478759765625,-71.3761901855469,378.621215820312,335.280456542969,-5.36341142654419,0.716947495937347,120.417640686035,64.9001541137695,-5.3325047492981,0.197498217225075,-0.226341992616653,-0.0241860561072826,70
738505.48975066770799458027,63.9663505554199,-4.92937469482422,10.0789422988892,-0.0455836430191994,0.00113343144766986,42.4787406921387,-71.3760299682617,377.564178466797,333.154602050781,-5.36002635955811,0.242112562060356,120.51342010498,64.9428787231445,-5.31973505020142,0.166085854172707,-0.238133206963539,-0.0259783715009689,70
738505.48975302116014063358,64.0118408203125,-4.90364265441895,10.0800504684448,-0.0455836430191994,0.00113343144766986,42.4787254333496,-71.3758697509766,376.480560302734,330.969573974609,-5.35943651199341,-0.158026784658432,120.609916687012,64.9859161376953,-5.30378770828247,0.0757284238934517,-0.250164330005646,-0.0278643630445004,70
738505.48975535528734326363,64.0560989379883,-4.88358211517334,10.0714149475098,-0.0455836430191994,0.00113343144766986,42.4787063598633,-71.3757095336914,375.443511962891,329.418640136719,-5.37335538864136,-0.298494577407837,120.700393676758,65.0266647338867,-5.28634881973267,-0.00935083348304033,-0.26161652803421,-0.029706921428442,70
738505.48975771281402558088,64.1016616821289,-4.86626148223877,10.0589380264282,-0.0455836430191994,0.00113343144766986,42.478687286377,-71.3755493164062,374.37841796875,328.121948242188,-5.38906717300415,-0.30219629406929,120.791786193848,65.0683135986328,-5.26707077026367,-0.0806571319699287,-0.273314654827118,-0.0316411703824997,70
738505.48976004926953464746,64.1465072631836,-4.85432004928589,10.0456981658936,-0.0455836430191994,0.00113343144766986,42.4786720275879,-71.3753890991211,373.317901611328,326.830230712891,-5.39857959747314,-0.269359678030014,120.881118774414,65.1095581054688,-5.24757719039917,-0.105936169624329,-0.284906774759293,-0.0335912145674229,70
738505.48976242705248296261,64.1899261474609,-4.8418927192688,10.0330200195312,-0.0455836430191994,0.00113343144766986,42.4786529541016,-71.3752288818359,372.270050048828,325.553466796875,-5.3643159866333,-0.233705714344978,120.967895507812,65.1494598388672,-5.22910356521606,-0.10830819606781,-0.296323955059052,-0.0355343893170357,70
738505.48976478213444352150,64.2323379516602,-4.81795501708984,10.0209674835205,-0.0455836430191994,0.00113343144766986,42.4786338806152,-71.3750762939453,371.221130371094,324.274566650391,-5.32462453842163,-0.196792960166931,121.053634643555,65.1876220703125,-5.21137142181396,-0.101697400212288,-0.307737916707993,-0.0374948941171169,70
738505.48976707516703754663,64.2716217041016,-4.79040622711182,10.0101690292358,-0.0455836430191994,0.00113343144766986,42.4786186218262,-71.3749160766602,370.218505859375,323.050964355469,-5.28952169418335,-0.161697685718536,121.134407043457,65.2226409912109,-5.19403982162476,-0.0925915613770485,-0.318615823984146,-0.0393749289214611,70
738505.48976944154128432274,64.3102569580078,-4.75864744186401,9.99999237060547,-0.0455836430191994,0.00113343144766986,42.4785995483398,-71.3747634887695,369.19921875,321.805725097656,-5.25439596176147,-0.126157686114311,121.215270996094,65.2568283081055,-5.17497634887695,-0.0819281041622162,-0.329619199037552,-0.041303988546133,70
738505.48977190605364739895,64.3500595092773,-4.7212381362915,9.99007892608643,-0.0455836430191994,0.00113343144766986,42.4785804748535,-71.3745956420898,368.109893798828,320.473236083984,-5.21628713607788,-0.0882561951875687,121.300170898438,65.2918243408203,-5.15212297439575,-0.0702599510550499,-0.341293662786484,-0.0433960184454918,70
738505.48977433610707521439,64.3866119384766,-4.68249845504761,9.98159503936768,-0.0455836430191994,0.00113343144766986,42.4785614013672,-71.3744277954102,367.067993164062,319.196960449219,-5.1786470413208,-0.0520109683275223,121.379280090332,65.3237609863281,-5.12744903564453,-0.0596706755459309,-0.352356106042862,-0.0453958958387375,70
738505.48977685568388551474,64.4229202270508,-4.63949108123779,9.97386169433594,-0.0455836430191994,0.00113343144766986,42.4785423278809,-71.3742599487305,365.986267089844,317.869873046875,-5.1379861831665,-0.0142690362408757,121.459312438965,65.3553009033203,-5.09854507446289,-0.0497461296617985,-0.363715082406998,-0.0474924892187119,70
738505.48977929179091006517,64.4556350708008,-4.59636068344116,9.9675931930542,-0.0455836430191994,0.00113343144766986,42.4785270690918,-71.3740921020508,364.963256835938,316.679931640625,-5.0978798866272,0.0216217562556267,121.532524108887,65.383544921875,-5.06813383102417,-0.041314110159874,-0.374321520328522,-0.0494778975844383,70
738505.48978168214671313763,64.4865264892578,-4.5538067817688,9.96232795715332,-0.0455836430191994,0.00113343144766986,42.4785079956055,-71.3739318847656,363.938262939453,316.75537109375,-5.04399824142456,0.0585962310433388,121.603477478027,65.4102249145508,-5.03461027145386,-0.0333621576428413,-0.384800225496292,-0.0514746867120266,70
738505.48978405911475419998,64.5145492553711,-4.4973611831665,9.95825576782227,-0.0455836430191994,0.00113343144766986,42.4784889221191,-71.3737716674805,362.941497802734,316.839691162109,-4.94759845733643,0.0958198457956314,121.670082092285,65.4333267211914,-4.99924850463867,-0.0223348028957844,-0.394842743873596,-0.0534333996474743,70
738505.48978647356852889061,64.5390548706055,-4.4408483505249,9.95504093170166,-0.0455836430191994,0.00113343144766986,42.4784698486328,-71.3736038208008,361.941101074219,316.938262939453,-4.80708026885986,0.134374156594276,121.734382629395,65.4531402587891,-4.95973491668701,-0.0136874197050929,-0.404744654893875,-0.0554189682006836,70
738505.48978878895286470652,64.5575256347656,-4.34634351730347,9.95283317565918,-0.0455836430191994,0.00113343144766986,42.4784545898438,-71.3734436035156,361.000885009766,317.044952392578,-4.2693190574646,0.175068452954292,121.791954040527,65.4646759033203,-4.91869640350342,0.0249926056712866,-0.413863122463226,-0.0572999082505703,70
738505.48979121097363531590,64.5733871459961,-4.07551288604736,9.95296192169189,-0.0455836430191994,0.00113343144766986,42.4784355163574,-71.3732833862305,360.067687988281,317.19580078125,-3.57572197914124,0.224356889724731,121.846855163574,65.4629211425781,-4.86535406112671,0.0462576970458031,-0.422729671001434,-0.0592479668557644,70
738505.48979362344834953547,64.5723571777344,-3.69684672355652,9.95366191864014,-0.0455836430191994,0.00113343144766986,42.4784164428711,-71.3731231689453,359.197540283203,317.416625976562,-2.96618890762329,0.281813532114029,121.89315032959,65.4395217895508,-4.78071784973145,0.0318775400519371,-0.43036550283432,-0.0612131431698799,70
738505.48979597713332623243,64.5560684204102,-3.25521612167358,9.95699787139893,-0.0455836430191994,0.00113343144766986,42.478401184082,-71.3729553222656,358.426849365234,317.581390380859,-2.70317006111145,0.469491213560104,121.924514770508,65.4004898071289,-4.64905071258545,-0.0338277891278267,-0.435913741588593,-0.0631525963544846,70
738505.48979826644062995911,64.5311813354492,-2.9395444393158,9.96261596679688,-0.0455836430191994,0.00113343144766986,42.4783821105957,-71.372802734375,357.750640869141,316.939483642578,-2.81441140174866,0.570430874824524,121.938331604004,65.3618240356445,-4.46777868270874,-0.04304563626647,-0.438988983631134,-0.0650479272007942,70
738505.48980061733163893223,64.5038833618164,-2.74861145019531,9.96925258636475,-0.0455836430191994,0.00113343144766986,42.4783668518066,-71.3726425170898,357.118194580078,316.341613769531,-2.9194860458374,0.621232092380524,121.935905456543,65.3275756835938,-4.24774360656738,-0.033512320369482,-0.439948856830597,-0.0669633224606514,70
738505.48980299255345016718,64.4730606079102,-2.61777806282043,9.97769927978516,-0.0455836430191994,0.00113343144766986,42.4783477783203,-71.3724899291992,356.525177001953,315.782562255859,-2.7995867729187,0.772038102149963,121.919868469238,65.2930526733398,-4.01823806762695,-0.0112079409882426,-0.439299404621124,-0.0688464269042015,70
738505.48980542214121669531,64.4328689575195,-2.42773056030273,9.99400901794434,-0.0455836430191994,0.00113343144766986,42.478328704834,-71.372314453125,355.917938232422,315.212188720703,-2.53730297088623,1.04339194297791,121.889785766602,65.2485198974609,-3.77345442771912,0.0450778678059578,-0.437232941389084,-0.070904403924942,70
738505.48980794381350278854,64.382926940918,-2.21520209312439,10.0181159973145,-0.0455836430191994,0.00113343144766986,42.4783096313477,-71.3721466064453,355.356964111328,314.687805175781,-2.2346727848053,1.20036149024963,121.848129272461,65.1953277587891,-3.53928422927856,0.108638748526573,-0.433828949928284,-0.0729564055800438,70
738505.48981027118861675262,64.3260345458984,-1.99274146556854,10.0453405380249,-0.0455836430191994,0.00113343144766986,42.4782943725586,-71.3719863891602,354.867980957031,314.233734130859,-2.00699090957642,1.26684701442719,121.79759979248,65.1361541748047,-3.32245469093323,0.140012994408607,-0.429243832826614,-0.0749147236347198,70
738505.48981263092719018459,64.2600860595703,-1.76344668865204,10.0752191543579,-0.0455836430191994,0.00113343144766986,42.4782752990723,-71.371826171875,354.412414550781,313.814086914062,-1.84531354904175,1.32268369197845,121.733642578125,65.0690307617188,-3.10096454620361,0.149445787072182,-0.42306262254715,-0.0769554674625397,70
738505.48981512081809341908,64.1888122558594,-1.56724655628204,10.1059560775757,-0.0455836430191994,0.00113343144766986,42.4782562255859,-71.3716583251953,353.993103027344,313.431549072266,-1.84746932983398,1.33669722080231,121.655433654785,64.9983825683594,-2.87441515922546,0.151302024722099,-0.415149331092834,-0.0790694355964661,70
738505.48981746635399758816,64.1200332641602,-1.43228614330292,10.1332292556763,-0.0455836430191994,0.00113343144766986,42.4782371520996,-71.3714981079102,353.628662109375,313.101928710938,-1.84797561168671,1.28470516204834,121.57080078125,64.9315948486328,-2.66470193862915,0.157907202839851,-0.406308680772781,-0.0810782834887505,70
738505.48981985112186521292,64.0490112304688,-1.32321977615356,10.1571617126465,-0.0455836430191994,0.00113343144766986,42.4782180786133,-71.371337890625,353.291748046875,312.796081542969,-1.82052707672119,1.19731831550598,121.477821350098,64.8628921508789,-2.4670844078064,0.167394608259201,-0.396475940942764,-0.0831071585416794,70
738505.48982222483027726412,63.9732513427734,-1.22764897346497,10.1760902404785,-0.0455836430191994,0.00113343144766986,42.4782028198242,-71.3711776733398,352.961303710938,312.497375488281,-1.78505229949951,0.941622853279114,121.372207641602,64.7891693115234,-2.2760534286499,0.180542841553688,-0.38527113199234,-0.0852644890546799,70
738505.48982460610568523407,63.8996620178223,-1.14698112010956,10.1861753463745,-0.0455836430191994,0.00113343144766986,42.4781837463379,-71.3710174560547,352.661468505859,312.227966308594,-1.74487340450287,0.707118093967438,121.263916015625,64.7166213989258,-2.11001348495483,0.142949178814888,-0.373744934797287,-0.0873699188232422,70
738505.48982694291044026613,63.8240509033203,-1.07127332687378,10.1881666183472,-0.0455836430191994,0.00113343144766986,42.4781646728516,-71.3708572387695,352.370544433594,311.581634521484,-1.71061336994171,0.486319094896317,121.146827697754,64.6409759521484,-1.95767247676849,0.112675756216049,-0.36127981543541,-0.089571014046669,70
738505.48982934933155775070,63.749698638916,-1.0175633430481,10.1808433532715,-0.0455836430191994,0.00113343144766986,42.4781455993652,-71.3706970214844,352.09521484375,310.776672363281,-1.72946214675903,0.157127663493156,121.025230407715,64.5655364990234,-1.82329428195953,0.0698143392801285,-0.34831365942955,-0.091790035367012,70
738505.48983168008271604776,63.6780166625977,-0.98085618019104,10.1645479202271,-0.0455836430191994,0.00113343144766986,42.4781303405762,-71.3705444335938,351.835083007812,309.999847412109,-1.73485064506531,-0.0604034215211868,120.902275085449,64.4916305541992,-1.70829319953918,-0.0175436530262232,-0.335188537836075,-0.0939866080880165,70
738505.48983403702732175589,63.6050338745117,-0.952376008033752,10.1432542800903,-0.0455836430191994,0.00113343144766986,42.4781112670898,-71.3703842163086,351.57568359375,309.212707519531,-1.73529124259949,-0.0236873924732208,120.772850036621,64.4157791137695,-1.60704779624939,-0.0749732777476311,-0.321404337882996,-0.0962693318724632,70
738505.48983645590487867594,63.5320892333984,-0.931320190429688,10.1221685409546,-0.0455836430191994,0.00113343144766986,42.4780921936035,-71.3702239990234,351.321929931641,308.432769775391,-1.7298686504364,0.0139490682631731,120.640846252441,64.3401336669922,-1.52165997028351,-0.0959246978163719,-0.307359576225281,-0.0985716432332993,70
738505.48983883461914956570,63.4577827453613,-0.917093098163605,10.1009063720703,-0.0455836430191994,0.00113343144766986,42.4780731201172,-71.3700637817383,351.066192626953,307.639495849609,-1.72460734844208,0.0257082581520081,120.50350189209,64.2632064819336,-1.44905495643616,-0.0915937647223473,-0.292765945196152,-0.100946560502052,70
738505.48984132090117782354,63.3840789794922,-0.911532878875732,10.0770015716553,-0.0455836430191994,0.00113343144766986,42.4780540466309,-71.3699035644531,350.810516357422,306.842895507812,-1.72279369831085,-0.141946420073509,120.363563537598,64.1865921020508,-1.38954746723175,-0.0691987425088882,-0.277886211872101,-0.103356637060642,70
738505.48984383791685104370,63.3097801208496,-0.908409953117371,10.0465517044067,-0.0455836430191994,0.00113343144766986,42.4780349731445,-71.3697280883789,350.547882080078,306.022918701172,-1.72149538993835,-0.342266470193863,120.218208312988,64.1083984375,-1.34097456932068,-0.0790078639984131,-0.262410342693329,-0.105849422514439,70
738505.48984635097440332174,63.2375564575195,-0.909379422664642,10.0097103118896,-0.0455836430191994,0.00113343144766986,42.4780158996582,-71.3695678710938,350.286010742188,305.205017089844,-1.72347319126129,-0.517553150653839,120.072906494141,64.0313186645508,-1.30367922782898,-0.104949735105038,-0.246869683265686,-0.108338043093681,70
738505.48984881595242768526,63.1686820983887,-0.914363861083984,9.9682674407959,-0.0455836430191994,0.00113343144766986,42.4779968261719,-71.3694000244141,350.028991699219,304.404052734375,-1.72894477844238,-0.650242805480957,119.931060791016,63.956901550293,-1.27638709545135,-0.136590495705605,-0.231594651937485,-0.110781222581863,70
738505.48985131108202040195,63.1013870239258,-0.923983037471771,9.92391872406006,-0.0455836430191994,0.00113343144766986,42.4779815673828,-71.3692398071289,349.770294189453,303.601470947266,-1.73743104934692,-0.66548478603363,119.789817810059,63.8836669921875,-1.25692355632782,-0.180652797222137,-0.21628674864769,-0.113218687474728,70
738505.48985374311450868845,63.0351409912109,-0.936854839324951,9.879075050354,-0.0455836430191994,0.00113343144766986,42.4779624938965,-71.3690719604492,349.5087890625,302.795532226562,-1.74934113025665,-0.63351583480835,119.649368286133,63.8114624023438,-1.24429368972778,-0.194675222039223,-0.200954914093018,-0.11564826965332,70
738505.48985608899965882301,62.9723510742188,-0.953254520893097,9.8366641998291,-0.0455836430191994,0.00113343144766986,42.4779434204102,-71.3689117431641,349.253479003906,302.015197753906,-1.76407361030579,-0.602338552474976,119.515258789062,63.7431221008301,-1.23785376548767,-0.197207868099213,-0.186190009117126,-0.117981620132923,70
738505.48985859786625951529,62.9058609008789,-0.975341618061066,9.79191780090332,-0.0455836430191994,0.00113343144766986,42.4779243469238,-71.3687438964844,348.973327636719,301.167999267578,-1.78370761871338,-0.568383097648621,119.371559143066,63.6708717346191,-1.23662519454956,-0.193158969283104,-0.170297563076019,-0.120495930314064,70
738505.48986089974641799927,62.8474922180176,-0.998937427997589,9.75288391113281,-0.0455836430191994,0.00113343144766986,42.4779090881348,-71.3685913085938,348.717315673828,300.403228759766,-1.80569076538086,-0.533335745334625,119.244926452637,63.6075782775879,-1.24018836021423,-0.187115162611008,-0.156112715601921,-0.122713916003704,70
738505.48986328637693077326,62.7887496948242,-1.02724599838257,9.71396255493164,-0.0455836430191994,0.00113343144766986,42.4778900146484,-71.3684310913086,348.448364257812,299.691436767578,-1.83227407932281,-0.49614492058754,119.116203308105,63.5440254211426,-1.24825477600098,-0.178669795393944,-0.141615569591522,-0.124989300966263,70
738505.48986563330981880426,62.7319374084473,-1.05893564224243,9.67671298980713,-0.0455836430191994,0.00113343144766986,42.4778747558594,-71.368278503418,348.175415039062,299.085784912109,-1.86450171470642,-0.459426611661911,118.990753173828,63.482723236084,-1.26047515869141,-0.170003607869148,-0.127367556095123,-0.127225145697594,70
738505.48986801295541226864,62.6775550842285,-1.08524489402771,9.64105224609375,-0.0455836430191994,0.00113343144766986,42.477855682373,-71.3681259155273,347.897521972656,298.475921630859,-2.02526164054871,-0.421379625797272,118.867904663086,63.423999786377,-1.27645027637482,-0.17172335088253,-0.113299146294594,-0.129432454705238,70
738505.48987027548719197512,62.6303176879883,-1.18397629261017,9.60842132568359,-0.0455836430191994,0.00113343144766986,42.477840423584,-71.3679733276367,347.611846923828,297.863739013672,-2.33380508422852,-0.381025403738022,118.749519348145,63.3741302490234,-1.29619109630585,-0.181994795799255,-0.0996496975421906,-0.13157545030117,70
738505.48987263685557991266,62.5912246704102,-1.32172191143036,9.5783052444458,-0.0455836430191994,0.00113343144766986,42.4778213500977,-71.3678207397461,347.303955078125,297.232238769531,-2.58362555503845,-0.340782701969147,118.635528564453,63.3336601257324,-1.32618653774261,-0.169311672449112,-0.0865509286522865,-0.133686184883118,70
738505.48987495701294392347,62.5580635070801,-1.48391664028168,9.54988384246826,-0.0455836430191994,0.00113343144766986,42.4778060913086,-71.3676605224609,346.959442138672,296.557952880859,-2.80493640899658,-0.299326866865158,118.524978637695,63.3001861572266,-1.37393820285797,-0.150104954838753,-0.0739257857203484,-0.135809674859047,70
738505.48987732944078743458,62.5309753417969,-1.65952038764954,9.52367305755615,-0.0455836430191994,0.00113343144766986,42.4777870178223,-71.3675079345703,346.579437255859,295.847198486328,-3.00799179077148,-0.257529944181442,118.422119140625,63.2738265991211,-1.4426132440567,-0.132356062531471,-0.0622112900018692,-0.137915402650833,70
738505.48987975460477173328,62.50927734375,-1.84679853916168,9.49914455413818,-0.0455836430191994,0.00113343144766986,42.4777717590332,-71.3673477172852,346.152008056641,295.080749511719,-3.20803761482239,-0.214503213763237,118.326805114746,63.2538833618164,-1.53528463840485,-0.118259064853191,-0.0513407438993454,-0.140049681067467,70
738505.48988202004693448544,62.4944763183594,-2.03253078460693,9.47769451141357,-0.0455836430191994,0.00113343144766986,42.4777565002441,-71.3671951293945,345.701080322266,294.301849365234,-3.44385385513306,-0.172791004180908,118.245651245117,63.2417373657227,-1.6446989774704,-0.11189204454422,-0.0420152172446251,-0.14207911491394,70
738505.48988430853933095932,62.486873626709,-2.23920679092407,9.45910263061523,-0.0455836430191994,0.00113343144766986,42.4777374267578,-71.3670501708984,345.225280761719,294.142242431641,-3.72164058685303,-0.132039427757263,118.177848815918,63.2384223937988,-1.76768803596497,-0.110471613705158,-0.0341502837836742,-0.144026532769203,70
738505.48988663370255380869,62.4861526489258,-2.46761298179626,9.44213581085205,-0.0455836430191994,0.00113343144766986,42.4777221679688,-71.3668975830078,344.691650390625,293.950714111328,-3.97773337364197,-0.0900505855679512,118.120018005371,63.2436714172363,-1.91160595417023,-0.100937679409981,-0.027406757697463,-0.146008372306824,70
738505.48988893895875662565,62.4918479919434,-2.69793343544006,9.42760276794434,-0.0455836430191994,0.00113343144766986,42.4777069091797,-71.3667449951172,344.124359130859,293.71826171875,-4.20837879180908,-0.0510047189891338,118.076148986816,63.256534576416,-2.06894373893738,-0.0885443165898323,-0.0222522597759962,-0.147927224636078,70
738505.48989127099048346281,62.5046615600586,-2.94847512245178,9.40841960906982,-0.0455836430191994,0.00113343144766986,42.4776878356934,-71.3665924072266,343.481414794922,293.425109863281,-4.38854551315308,-0.439945816993713,118.044586181641,63.2775192260742,-2.25035929679871,0.025947967544198,-0.0184863917529583,-0.149919733405113,70
738505.48989359487313777208,62.5244903564453,-3.17593097686768,9.37598609924316,-0.0455836430191994,0.00113343144766986,42.4776725769043,-71.3664398193359,342.818511962891,293.097930908203,-4.54652261734009,-1.24288475513458,118.028861999512,63.3032989501953,-2.43815612792969,0.0825577154755592,-0.0164938662201166,-0.151806592941284,70
738505.48989585856907069683,62.5539169311523,-3.38587260246277,9.31507587432861,-0.0455836430191994,0.00113343144766986,42.4776573181152,-71.3662872314453,342.109008789062,292.725250244141,-4.68912267684937,-2.70122742652893,118.027336120605,63.3342514038086,-2.63718795776367,0.0207861438393593,-0.0160803496837616,-0.153684422373772,70
738505.48989823751617223024,62.5941543579102,-3.58625197410583,9.22617053985596,-0.0455836430191994,0.00113343144766986,42.4776382446289,-71.3661346435547,341.339202880859,292.302062988281,-4.93943071365356,-3.1656231880188,118.04012298584,63.3720092773438,-2.84796142578125,-0.31724551320076,-0.017225306481123,-0.15560095012188,70
738505.48990053811576217413,62.6400527954102,-3.81518411636353,9.13039588928223,-0.0455836430191994,0.00113343144766986,42.4776229858398,-71.3659820556641,340.533966064453,291.839691162109,-5.16604852676392,-3.07241702079773,118.065925598145,63.4168434143066,-3.05839776992798,-0.487830758094788,-0.0198725163936615,-0.157456114888191,70
738505.48990289564244449139,62.6911888122559,-4.02597236633301,9.0343074798584,-0.0455836430191994,0.00113343144766986,42.4776077270508,-71.3658294677734,339.680328369141,291.330841064453,-5.2798285484314,-2.97386264801025,118.104797363281,63.4666213989258,-3.27231168746948,-0.54384708404541,-0.0241019353270531,-0.159280627965927,70
738505.48990529985167086124,62.7456207275391,-4.2116003036499,8.93635845184326,-0.0455836430191994,0.00113343144766986,42.4775924682617,-71.3656692504883,338.768646240234,290.770629882812,-5.2079906463623,-2.91995358467102,118.157752990723,63.5185699462891,-3.49121141433716,-0.544616997241974,-0.0300056003034115,-0.161082327365875,70
738505.48990777926519513130,62.8036804199219,-4.32139825820923,8.83239936828613,-0.0455836430191994,0.00113343144766986,42.4775772094727,-71.3655090332031,337.797576904297,290.162658691406,-5.10734605789185,-2.87052440643311,118.225639343262,63.5687675476074,-3.71222066879272,-0.536516666412354,-0.0375981666147709,-0.162868291139603,70
738505.48991028557065874338,62.8624610900879,-4.39747667312622,8.72646522521973,-0.0455836430191994,0.00113343144766986,42.4775581359863,-71.3653411865234,336.794586181641,289.527709960938,-5.06236171722412,-2.82139658927917,118.304870605469,63.6174354553223,-3.91985535621643,-0.532537877559662,-0.0464496836066246,-0.164586156606674,70
738505.48991279560141265392,62.9221267700195,-4.45249700546265,8.6191577911377,-0.0455836430191994,0.00113343144766986,42.4775428771973,-71.3651733398438,335.763885498047,288.870361328125,-5.04543018341064,-2.77243232727051,118.39232635498,63.665599822998,-4.10636186599731,-0.523879587650299,-0.0562757551670074,-0.166236147284508,70
738505.48991523799486458302,62.9802780151367,-4.49250745773315,8.51512622833252,-0.0455836430191994,0.00113343144766986,42.4775276184082,-71.3650131225586,334.749298095703,288.220001220703,-5.04263353347778,-2.72552633285522,118.481559753418,63.7118949890137,-4.26201391220093,-0.510621845722198,-0.0664541199803352,-0.16773496568203,70
738505.48991765442769974470,63.0374984741211,-4.52298355102539,8.41347408294678,-0.0455836430191994,0.00113343144766986,42.4775123596191,-71.3648529052734,333.742095947266,287.571990966797,-5.04608106613159,-2.67996788024902,118.571517944336,63.7571182250977,-4.39073991775513,-0.494898468255997,-0.0769170001149178,-0.169099062681198,70
738505.48992006247863173485,63.0961456298828,-4.54755973815918,8.31062412261963,-0.0455836430191994,0.00113343144766986,42.4774971008301,-71.3646850585938,332.705505371094,286.903289794922,-5.05211019515991,-2.63252878189087,118.664680480957,63.8033714294434,-4.49949216842651,-0.47899341583252,-0.087966226041317,-0.170382663607597,70
738505.48992240149527788162,63.1510696411133,-4.56806564331055,8.21658515930176,-0.0455836430191994,0.00113343144766986,42.477481842041,-71.3645324707031,331.727752685547,286.271148681641,-5.05713653564453,-2.51269817352295,118.75227355957,63.846981048584,-4.58287668228149,-0.48347133398056,-0.0985947176814079,-0.171474307775497,70
738505.48992473364342004061,63.204345703125,-4.60066366195679,8.13689708709717,-0.0455836430191994,0.00113343144766986,42.477466583252,-71.364372253418,330.744934082031,285.576995849609,-5.06428813934326,-1.69276905059814,118.839935302734,63.8918190002441,-4.65155744552612,-0.609414339065552,-0.109438844025135,-0.172456413507462,70
738505.48992719152010977268,63.2564544677734,-4.61663007736206,8.0826997756958,-0.0455836430191994,0.00113343144766986,42.4774513244629,-71.3642120361328,329.721618652344,284.850677490234,-5.06347894668579,-0.462562948465347,118.93106842041,63.9376449584961,-4.71115255355835,-0.493587553501129,-0.120917484164238,-0.17335969209671,70
738505.48992958257440477610,63.3040657043457,-4.62514925003052,8.05635738372803,-0.0455836430191994,0.00113343144766986,42.4774360656738,-71.3640518188477,328.70361328125,284.127563476562,-5.06066989898682,-0.104637905955315,119.021438598633,63.9820404052734,-4.76021718978882,-0.212725684046745,-0.132509171962738,-0.174150109291077,70
738505.48993202100973576307,63.3507804870605,-4.62623643875122,8.04050159454346,-0.0455836430191994,0.00113343144766986,42.477424621582,-71.3638916015625,327.672241210938,283.394927978516,-5.06028461456299,-0.0696384012699127,119.112670898438,64.0263442993164,-4.80052709579468,-0.090432308614254,-0.144386380910873,-0.174848735332489,70
738505.48993433546274900436,63.3946113586426,-4.62436199188232,8.02786827087402,-0.0455836430191994,0.00113343144766986,42.477409362793,-71.3637390136719,326.689147949219,282.69677734375,-5.05640125274658,-0.0368882603943348,119.199012756348,64.0679931640625,-4.83075714111328,-0.0251209270209074,-0.155793100595474,-0.175418168306351,70
738505.48993676074314862490,63.4398574829102,-4.62260818481445,8.01798248291016,-0.0455836430191994,0.00113343144766986,42.4773941040039,-71.3635787963867,325.652923583984,281.961242675781,-5.04777526855469,0.0600619837641716,119.289680480957,64.1114044189453,-4.85499668121338,-0.0165206529200077,-0.167873948812485,-0.175934225320816,70
738505.48993903840892016888,63.481559753418,-4.62215948104858,8.01713466644287,-0.0455836430191994,0.00113343144766986,42.4773788452148,-71.3634185791016,324.663391113281,281.258911132812,-5.02693367004395,0.507982790470123,119.375511169434,64.1525344848633,-4.87211942672729,-0.0428654998540878,-0.17945072054863,-0.176351934671402,70
738505.48994140606373548508,63.5209274291992,-4.61173105239868,8.02947521209717,-0.0455836430191994,0.00113343144766986,42.477367401123,-71.3632659912109,323.671600341797,280.555603027344,-4.98230838775635,0.916778147220612,119.46102142334,64.1922836303711,-4.88451766967773,0.0280004795640707,-0.191098719835281,-0.176711693406105,70
738505.48994390678126364946,63.559986114502,-4.58595609664917,8.05394744873047,-0.0455836430191994,0.00113343144766986,42.477352142334,-71.3630981445312,322.630126953125,279.818298339844,-4.88315343856812,1.08245658874512,119.550354003906,64.2321472167969,-4.89230012893677,0.113143034279346,-0.203359201550484,-0.177035823464394,70
738505.48994639096781611443,63.5978698730469,-4.52956104278564,8.08433723449707,-0.0455836430191994,0.00113343144766986,42.4773368835449,-71.3629302978516,321.58984375,279.084594726562,-4.74088716506958,1.12558817863464,119.638931274414,64.2694549560547,-4.89324235916138,0.161439433693886,-0.215593710541725,-0.177318453788757,70
738505.48994884896092116833,63.6335525512695,-4.45717430114746,8.11507320404053,-0.0455836430191994,0.00113343144766986,42.4773216247559,-71.3627700805664,320.569305419922,278.369140625,-4.57812786102295,1.03483057022095,119.724922180176,64.3035736083984,-4.88424634933472,0.22042128443718,-0.227479174733162,-0.177577972412109,70
738505.48995123920030891895,63.6689109802246,-4.37771415710449,8.12686347961426,-0.0455836430191994,0.00113343144766986,42.4773063659668,-71.3626098632812,319.589141845703,277.68701171875,-4.49116516113281,-0.118500404059887,119.806221008301,64.3345947265625,-4.86368465423584,0.412898570299149,-0.238667085766792,-0.17781700193882,70
738505.48995365039445459843,63.7088775634766,-4.30264854431152,8.09119319915771,-0.0455836430191994,0.00113343144766986,42.4772911071777,-71.3624420166016,318.621551513672,276.909606933594,-4.46277332305908,-2.14797854423523,119.884780883789,64.3645935058594,-4.83105039596558,0.294478535652161,-0.249385058879852,-0.178039863705635,70
738505.48995603155344724655,63.7521133422852,-4.224524974823,8.00573062896729,-0.0455836430191994,0.00113343144766986,42.4772758483887,-71.3622817993164,317.681488037109,275.408843994141,-4.40327882766724,-2.97237133979797,119.959129333496,64.3915405273438,-4.78860521316528,-0.19426017999649,-0.259444653987885,-0.178246036171913,70
738505.48995840211864560843,63.7941436767578,-4.13325500488281,7.89761638641357,-0.0455836430191994,0.00113343144766986,42.4772644042969,-71.3621215820312,316.752746582031,273.914642333984,-4.33340501785278,-2.93090438842773,120.030403137207,64.4138870239258,-4.73707818984985,-0.414047002792358,-0.269009917974472,-0.178437307476997,70
738505.48996079200878739357,63.8314590454102,-4.04510307312012,7.79097509384155,-0.0455836430191994,0.00113343144766986,42.4772491455078,-71.3619689941406,315.867889404297,272.479156494141,-4.26162576675415,-2.8835141658783,120.095397949219,64.4322662353516,-4.679039478302,-0.521906554698944,-0.277711778879166,-0.178590163588524,70
738505.48996305780019611120,63.8646278381348,-3.95975542068481,7.68541955947876,-0.0455836430191994,0.00113343144766986,42.477237701416,-71.3618087768555,315.014556884766,271.083312988281,-4.15390110015869,-2.8372688293457,120.154602050781,64.4471588134766,-4.6153736114502,-0.562439739704132,-0.285670340061188,-0.178698718547821,70
738505.48996549402363598347,63.8957939147949,-3.8600709438324,7.57388401031494,-0.0455836430191994,0.00113343144766986,42.477222442627,-71.3616485595703,314.13818359375,269.636352539062,-3.97859358787537,-2.7896523475647,120.211463928223,64.4587936401367,-4.54235887527466,-0.563384115695953,-0.293366551399231,-0.178743228316307,70
738505.48996771487873047590,63.9222297668457,-3.7265419960022,7.46809816360474,-0.0455836430191994,0.00113343144766986,42.4772109985352,-71.3614959716797,313.341339111328,268.305297851562,-3.75485110282898,-2.74637007713318,120.259033203125,64.4648056030273,-4.46847486495972,-0.545536637306213,-0.299882292747498,-0.178711861371994,70
738505.48997006949502974749,63.9449348449707,-3.56921935081482,7.35814094543457,-0.0455836430191994,0.00113343144766986,42.4771957397461,-71.3613357543945,312.54443359375,266.953155517578,-3.62082004547119,-2.69179654121399,120.302291870117,64.4657745361328,-4.38232374191284,-0.538277328014374,-0.305775731801987,-0.178595691919327,70
738505.48997242201585322618,63.9628219604492,-3.4428448677063,7.25260972976685,-0.0455836430191994,0.00113343144766986,42.4771842956543,-71.3611831665039,311.789215087891,265.650756835938,-3.62073945999146,-2.60167551040649,120.338012695312,64.4646911621094,-4.286057472229,-0.531514286994934,-0.310558021068573,-0.178384378552437,70
738505.48997480329126119614,63.9765205383301,-3.33633208274841,7.1466269493103,-0.0455836430191994,0.00113343144766986,42.4771728515625,-71.3610229492188,311.029541015625,264.323089599609,-3.59233951568604,-2.50740766525269,120.367797851562,64.4608459472656,-4.17735767364502,-0.505147993564606,-0.314494729042053,-0.178056865930557,70
738505.48997727700043469667,63.9859313964844,-3.2405846118927,7.04324388504028,-0.0455836430191994,0.00113343144766986,42.4771575927734,-71.3608627319336,310.282318115234,263.000885009766,-3.54532980918884,-2.38495707511902,120.390586853027,64.4539260864258,-4.06384134292603,-0.476116180419922,-0.317545622587204,-0.177601248025894,70
738505.48997964465525001287,63.9914245605469,-3.15046954154968,6.94301891326904,-0.0455836430191994,0.00113343144766986,42.4771461486816,-71.3606948852539,309.545593261719,261.681518554688,-3.48605227470398,-2.25533175468445,120.406433105469,64.4440307617188,-3.94956111907959,-0.442655742168427,-0.319787859916687,-0.177014172077179,70
738505.48998198902700096369,63.9930953979492,-3.0703182220459,6.85222101211548,-0.0455836430191994,0.00113343144766986,42.4771347045898,-71.3605422973633,308.863494873047,260.446014404297,-3.41380381584167,-2.13435459136963,120.415100097656,64.4321060180664,-3.84428596496582,-0.411490142345428,-0.321197509765625,-0.176341369748116,70
738505.48998430382926017046,63.9904022216797,-2.98989939689636,6.76456069946289,-0.0455836430191994,0.00113343144766986,42.477123260498,-71.3603820800781,308.191925048828,259.216735839844,-3.16449952125549,-2.02649569511414,120.417953491211,64.4163818359375,-3.74265098571777,-0.37232780456543,-0.321971446275711,-0.175541907548904,70
738505.48998667241539806128,63.9838752746582,-2.83264780044556,6.6775918006897,-0.0455836430191994,0.00113343144766986,42.4771118164062,-71.360221862793,307.538360595703,257.999084472656,-2.82700037956238,-1.89504587650299,120.414985656738,64.3937149047852,-3.64279341697693,-0.341639190912247,-0.322053045034409,-0.174613207578659,70
738505.48998910945374518633,63.9682960510254,-2.64138913154602,6.59292316436768,-0.0455836430191994,0.00113343144766986,42.4771003723145,-71.3600616455078,306.914245605469,256.804260253906,-2.54234266281128,-1.76260125637054,120.405044555664,64.3613739013672,-3.53648090362549,-0.329423248767853,-0.321113795042038,-0.17354741692543,70
738505.48999159177765250206,63.9425086975098,-2.42475008964539,6.50976800918579,-0.0455836430191994,0.00113343144766986,42.4770851135254,-71.3598937988281,306.317413330078,256.170288085938,-2.22882676124573,-1.62398624420166,120.385818481445,64.3187408447266,-3.41436672210693,-0.317026019096375,-0.318772852420807,-0.172331124544144,70
738505.48999409272801131010,63.9041862487793,-2.15383076667786,6.42821884155273,-0.0455836430191994,0.00113343144766986,42.4770736694336,-71.3597259521484,305.759948730469,256.346618652344,-1.84037899971008,-1.46237635612488,120.354499816895,64.2627868652344,-3.27095532417297,-0.296487748622894,-0.314670413732529,-0.170952960848808,70
738505.48999650764744728804,63.8542709350586,-1.85325908660889,6.35321044921875,-0.0455836430191994,0.00113343144766986,42.4770622253418,-71.3595657348633,305.279510498047,256.577331542969,-1.50614380836487,-1.30752432346344,120.310554504395,64.1963119506836,-3.10875701904297,-0.278153300285339,-0.308696359395981,-0.16949188709259,70
738505.48999892757274210453,63.7936820983887,-1.54886186122894,6.27988529205322,-0.0455836430191994,0.00113343144766986,42.47705078125,-71.3593978881836,304.857849121094,256.877105712891,-1.37219929695129,-1.30486464500427,120.250099182129,64.1207427978516,-2.91641712188721,-0.238979265093803,-0.300300121307373,-0.167878657579422,70
738505.49000128370244055986,63.734245300293,-1.34418141841888,6.20453119277954,-0.0455836430191994,0.00113343144766986,42.4770393371582,-71.3592376708984,304.510620117188,257.208923339844,-1.3918160200119,-1.84566426277161,120.178512573242,64.0496444702148,-2.71331167221069,-0.185028716921806,-0.290154695510864,-0.166256666183472,70
738505.49000368965789675713,63.676441192627,-1.2046811580658,6.10426950454712,-0.0455836430191994,0.00113343144766986,42.4770278930664,-71.3590850830078,304.192138671875,257.579315185547,-1.46715402603149,-2.9441282749176,120.092468261719,63.9797058105469,-2.49717736244202,-0.191304907202721,-0.277940511703491,-0.164495497941971,70
738505.49000608548521995544,63.6215057373047,-1.10858118534088,5.97981977462769,-0.0455836430191994,0.00113343144766986,42.4770202636719,-71.3589172363281,303.892242431641,257.976348876953,-1.52173089981079,-3.25944805145264,119.994262695312,63.9115257263184,-2.28304624557495,-0.467173397541046,-0.264042645692825,-0.162595123052597,70
738505.49000855989288538694,63.5637397766113,-1.04038393497467,5.84506702423096,-0.0455836430191994,0.00113343144766986,42.4770088195801,-71.358757019043,303.598358154297,258.405181884766,-1.58646476268768,-3.04912257194519,119.883399963379,63.8403968811035,-2.07766652107239,-0.596365511417389,-0.248405665159225,-0.160491853952408,70
738505.49001097131986171007,63.5058212280273,-1.0103622674942,5.72818803787231,-0.0455836430191994,0.00113343144766986,42.4769973754883,-71.3585891723633,303.323272705078,258.828125,-1.64860415458679,-2.41621232032776,119.770072937012,63.7716407775879,-1.90299034118652,-0.662526726722717,-0.23243747651577,-0.158333584666252,70
738505.49001330987084656954,63.4477386474609,-0.998001456260681,5.63638544082642,-0.0455836430191994,0.00113343144766986,42.4769859313965,-71.3584365844727,303.062255859375,259.238311767578,-1.6927307844162,-1.68806266784668,119.656768798828,63.7054176330566,-1.76076436042786,-0.61553966999054,-0.216554164886475,-0.156133517622948,70
738505.49001570185646414757,63.386116027832,-0.996992409229279,5.56577825546265,-0.0455836430191994,0.00113343144766986,42.476978302002,-71.3582763671875,302.794677734375,259.534881591797,-1.72998034954071,-0.971045792102814,119.536727905273,63.6378135681152,-1.64136862754822,-0.509237408638,-0.199893325567245,-0.153731659054756,70
738505.49001805891748517752,63.3258476257324,-1.00608682632446,5.51744937896729,-0.0455836430191994,0.00113343144766986,42.4769668579102,-71.3581237792969,302.536865234375,259.811706542969,-1.76370334625244,-0.499064564704895,119.419570922852,63.5737152099609,-1.55133521556854,-0.334632992744446,-0.183734655380249,-0.151308745145798,70
738505.49002035544253885746,63.2652854919434,-1.02199637889862,5.48042726516724,-0.0455836430191994,0.00113343144766986,42.4769592285156,-71.3579635620117,302.275054931641,260.0869140625,-1.82673013210297,-0.405658274888992,119.30046081543,63.510440826416,-1.48257887363434,-0.206961497664452,-0.167417585849762,-0.148755714297295,70
738505.49002273089718073606,63.2058868408203,-1.05063652992249,5.4478931427002,-0.0455836430191994,0.00113343144766986,42.4769477844238,-71.3578109741211,302.003936767578,260.36376953125,-2.06000518798828,-0.303273379802704,119.178199768066,63.4489364624023,-1.43193256855011,-0.157406806945801,-0.150751084089279,-0.146024972200394,70
738505.49002509249839931726,63.1542205810547,-1.16084241867065,5.42133808135986,-0.0455836430191994,0.00113343144766986,42.4769401550293,-71.3576507568359,301.718811035156,259.803375244141,-2.3459644317627,-0.137803256511688,119.05712890625,63.3971138000488,-1.40090382099152,-0.13227304816246,-0.134356513619423,-0.143209710717201,70
738505.49002740555442869663,63.1099967956543,-1.2994658946991,5.40108585357666,-0.0455836430191994,0.00113343144766986,42.4769287109375,-71.3574905395508,301.410064697266,258.869232177734,-2.57646012306213,0.0324780456721783,118.939453125,63.3540191650391,-1.39429044723511,-0.0973022878170013,-0.118616670370102,-0.140325367450714,70
738505.49002988473512232304,63.0710372924805,-1.46049666404724,5.38695859909058,-0.0455836430191994,0.00113343144766986,42.476921081543,-71.3573379516602,301.061889648438,257.880187988281,-2.78884220123291,0.220099374651909,118.824066162109,63.3175201416016,-1.41590881347656,-0.0724088624119759,-0.103358015418053,-0.137279495596886,70
738505.49003220768645405769,63.0402412414551,-1.64740979671478,5.38715124130249,-0.0455836430191994,0.00113343144766986,42.4769096374512,-71.357177734375,300.681854248047,256.864807128906,-3.17198157310486,0.927251935005188,118.717430114746,63.291446685791,-1.46581661701202,-0.162070751190186,-0.0893384739756584,-0.134195640683174,70
738505.49003467394504696131,63.01806640625,-1.91537415981293,5.40974855422974,-0.0455836430191994,0.00113343144766986,42.4769020080566,-71.3570175170898,300.245422363281,255.781539916992,-3.53693270683289,1.9283230304718,118.618591308594,63.2788314819336,-1.54728198051453,-0.0886705815792084,-0.0764996483922005,-0.130988106131554,70
738505.49003702308982610703,63.0012359619141,-2.17327451705933,5.45146417617798,-0.0455836430191994,0.00113343144766986,42.4768905639648,-71.3568572998047,299.7685546875,254.679122924805,-3.60583209991455,2.29147028923035,118.535461425781,63.2739868164062,-1.65941882133484,0.157387867569923,-0.0658873990178108,-0.127844154834747,70
738505.49003933824133127928,62.9850654602051,-2.3586688041687,5.50574207305908,-0.0455836430191994,0.00113343144766986,42.4768829345703,-71.3567047119141,299.244689941406,253.525650024414,-3.52785778045654,2.32685446739197,118.466812133789,63.2692260742188,-1.80237746238708,0.284478724002838,-0.0571376383304596,-0.124634459614754,70
738505.49004173499997705221,62.968692779541,-2.48549365997314,5.56489944458008,-0.0455836430191994,0.00113343144766986,42.4768714904785,-71.3565444946289,298.69091796875,252.598602294922,-3.44332981109619,2.35662794113159,118.413269042969,63.2629585266113,-1.96275150775909,0.343411773443222,-0.0500798225402832,-0.121405437588692,70
738505.49004404642619192600,62.9523239135742,-2.57749819755554,5.62715482711792,-0.0455836430191994,0.00113343144766986,42.476863861084,-71.3563919067383,298.118743896484,251.769943237305,-3.41108584403992,2.38637542724609,118.372482299805,63.2558555603027,-2.12588357925415,0.357065379619598,-0.0443529151380062,-0.118194997310638,70
738505.49004638718906790018,62.9365844726562,-2.65091156959534,5.69141626358032,-0.0455836430191994,0.00113343144766986,42.4768524169922,-71.3562393188477,297.532928466797,250.927978515625,-3.41254234313965,2.41649794578552,118.341239929199,63.2489776611328,-2.28166317939758,0.352253288030624,-0.0396222956478596,-0.11499909311533,70
738505.49004872876685112715,62.9218330383301,-2.71518421173096,5.75706434249878,-0.0455836430191994,0.00113343144766986,42.4768447875977,-71.3560791015625,296.935363769531,250.074325561523,-3.43414044380188,2.44467711448669,118.316909790039,63.2429695129395,-2.42469048500061,0.344238132238388,-0.0356586836278439,-0.111832737922668,70
738505.49005105334799736738,62.9082298278809,-2.77610921859741,5.82310199737549,-0.0455836430191994,0.00113343144766986,42.4768333435059,-71.3559265136719,296.323211669922,249.20426940918,-3.4555652141571,2.4026780128479,118.297538757324,63.2381248474121,-2.55382823944092,0.359172254800797,-0.0323035940527916,-0.108684413135052,70
738505.49005338933784514666,62.89599609375,-2.82898092269897,5.88843250274658,-0.0455836430191994,0.00113343144766986,42.4768218994141,-71.3557739257812,295.70361328125,248.327560424805,-3.47976279258728,2.3621814250946,118.28214263916,63.2343482971191,-2.66802716255188,0.324683129787445,-0.0295122973620892,-0.105595216155052,70
738505.49005557503551244736,62.8856353759766,-2.87348079681396,5.95048379898071,-0.0455836430191994,0.00113343144766986,42.4768142700195,-71.3556289672852,295.103179931641,247.481033325195,-3.50446581840515,2.39209318161011,118.27042388916,63.231861114502,-2.76457166671753,0.314457505941391,-0.0272951386868954,-0.10268821567297,70
738505.49005793582182377577,62.8758659362793,-2.92447352409363,6.01968288421631,-0.0455836430191994,0.00113343144766986,42.4768028259277,-71.35546875,294.454223632812,246.569122314453,-3.5318500995636,2.55126023292542,118.260627746582,63.2310333251953,-2.85566449165344,0.257979094982147,-0.0253590103238821,-0.0996224209666252,70
738505.49006022699177265167,62.8664016723633,-2.99328351020813,6.10801649093628,-0.0455836430191994,0.00113343144766986,42.4767913818359,-71.3553161621094,293.807006835938,245.663726806641,-3.56166911125183,3.98372936248779,118.253646850586,63.2333145141602,-2.93540477752686,0.0913669690489769,-0.0239063464105129,-0.0966948643326759,70
738505.49006247217766940594,62.8545417785645,-3.04173541069031,6.23448038101196,-0.0455836430191994,0.00113343144766986,42.4767837524414,-71.3551712036133,293.168579101562,244.635070800781,-3.57913255691528,5.54765129089355,118.249443054199,63.2361793518066,-3.00709867477417,0.27898046374321,-0.0229656640440226,-0.0939179733395576,70
738505.49006471759639680386,62.8398666381836,-3.09236240386963,6.39227247238159,-0.0455836430191994,0.00113343144766986,42.4767723083496,-71.3550262451172,292.517120361328,243.37255859375,-3.61308145523071,5.84619998931885,118.247627258301,63.239803314209,-3.07447719573975,0.639497220516205,-0.0224550887942314,-0.0911860018968582,70
738505.49006721179466694593,62.8235092163086,-3.14250659942627,6.5805459022522,-0.0455836430191994,0.00113343144766986,42.4767608642578,-71.3548583984375,291.780364990234,243.204467773438,-3.65978622436523,5.86867332458496,118.248321533203,63.2453308105469,-3.14491534233093,0.800461411476135,-0.022369122132659,-0.0882198959589005,70
738505.49006961914710700512,62.809024810791,-3.18459701538086,6.76067447662354,-0.0455836430191994,0.00113343144766986,42.476749420166,-71.3546981811523,291.079193115234,243.35481262207,-3.71951198577881,5.89273643493652,118.251625061035,63.2520523071289,-3.20643663406372,0.875548303127289,-0.0227280892431736,-0.0855735912919044,70
738505.49007195560261607170,62.7957992553711,-3.25084686279297,6.94510555267334,-0.0455836430191994,0.00113343144766986,42.4767379760742,-71.3545455932617,290.353668212891,243.497543334961,-3.9112377166748,5.95338106155396,118.257675170898,63.2622718811035,-3.26522731781006,0.891581177711487,-0.0235025677829981,-0.0830089002847672,70
738505.49007432651706039906,62.7852897644043,-3.34938025474548,7.12714242935181,-0.0455836430191994,0.00113343144766986,42.4767227172852,-71.3543853759766,289.620361328125,243.61930847168,-4.0278148651123,6.07017040252686,118.266555786133,63.2772254943848,-3.32268619537354,0.8970085978508,-0.0247868355363607,-0.0806404277682304,70
738505.49007665063254535198,62.7761688232422,-3.43253779411316,7.30983638763428,-0.0455836430191994,0.00113343144766986,42.4767112731934,-71.3542327880859,288.888061523438,243.71891784668,-4.05137491226196,6.18514204025269,118.278938293457,63.2934684753418,-3.38254952430725,0.928113460540771,-0.0267091654241085,-0.0784998685121536,70
738505.49007898510899394751,62.7669219970703,-3.50039577484131,7.50268697738647,-0.0455836430191994,0.00113343144766986,42.4766998291016,-71.3540802001953,288.122650146484,243.805267333984,-4.06973695755005,6.23949956893921,118.296081542969,63.3105812072754,-3.44828653335571,0.940080940723419,-0.0293891131877899,-0.0764776840806007,70
738505.49008128372952342033,62.7583923339844,-3.55790996551514,7.68720102310181,-0.0455836430191994,0.00113343144766986,42.4766845703125,-71.3539352416992,287.389465332031,243.874267578125,-4.0962347984314,6.28291654586792,118.316207885742,63.3274612426758,-3.51211524009705,0.944328367710114,-0.0325170084834099,-0.0747541189193726,70
738505.49008359690196812153,62.7493591308594,-3.61299204826355,7.89109373092651,-0.0455836430191994,0.00113343144766986,42.4766731262207,-71.3537750244141,286.577423095703,243.936965942383,-4.1236572265625,6.30473327636719,118.342254638672,63.3467063903809,-3.58210349082947,0.941635429859161,-0.0365290269255638,-0.0730743259191513,70
738505.49008588318247348070,62.7413444519043,-3.66094851493835,8.08713626861572,-0.0455836430191994,0.00113343144766986,42.4766578674316,-71.3536148071289,285.792694091797,243.323348999023,-4.15447282791138,6.32575607299805,118.370475769043,63.3662414550781,-3.64709115028381,0.936173975467682,-0.0408830419182777,-0.0716945081949234,70
738505.49008812347892671824,62.7341499328613,-3.70376062393188,8.27535438537598,-0.0455836430191994,0.00113343144766986,42.4766426086426,-71.3534698486328,285.035217285156,242.554565429688,-4.18471956253052,6.34113550186157,118.40013885498,63.3859024047852,-3.70655012130737,0.93259996175766,-0.0454750321805477,-0.0705834478139877,70
738505.49009040859527885914,62.7277412414551,-3.76635837554932,8.46174621582031,-0.0455836430191994,0.00113343144766986,42.4766311645508,-71.3533172607422,284.234497070312,241.742462158203,-4.2155876159668,5.88717555999756,118.433822631836,63.4078559875488,-3.76580858230591,1.1190288066864,-0.0506989322602749,-0.0696387439966202,70
738505.49009278859011828899,62.7287101745605,-3.84538912773132,8.59650039672852,-0.0455836430191994,0.00113343144766986,42.4766159057617,-71.3531646728516,283.403228759766,240.899993896484,-4.27059984207153,2.34415125846863,118.47087097168,63.4316825866699,-3.82562851905823,1.3726749420166,-0.0565594285726547,-0.0689131692051888,70
738505.49009518825914710760,62.7507858276367,-3.87299609184265,8.64115428924561,-0.0455836430191994,0.00113343144766986,42.4765968322754,-71.3530044555664,282.527801513672,240.013061523438,-4.25227642059326,-0.937242686748505,118.512985229492,63.461254119873,-3.88872361183167,0.752955079078674,-0.0632942616939545,-0.0684074610471725,70
738505.49009747873060405254,62.779712677002,-3.8666775226593,8.62168598175049,-0.0455836430191994,0.00113343144766986,42.4765853881836,-71.3528518676758,281.714324951172,239.188903808594,-4.20302677154541,-0.940541088581085,118.555587768555,63.4868240356445,-3.9437267780304,0.100484617054462,-0.0699340626597404,-0.0681605562567711,70
738505.49009985500015318394,62.8089942932129,-3.84597897529602,8.59469795227051,-0.0455836430191994,0.00113343144766986,42.4765701293945,-71.3526992797852,280.869079589844,238.332397460938,-4.19501638412476,-0.696927189826965,118.603134155273,63.5108680725098,-3.99247193336487,-0.202096909284592,-0.0770252272486687,-0.068096861243248,70
738505.49010215036105364561,62.8359451293945,-3.82769274711609,8.57236194610596,-0.0455836430191994,0.00113343144766986,42.4765548706055,-71.3525466918945,280.042541503906,237.308959960938,-4.18799066543579,-0.401082098484039,118.6513671875,63.5333976745605,-4.02867460250854,-0.32501021027565,-0.0839707106351852,-0.0681933909654617,70
738505.49010446225292980671,62.8605995178223,-3.81399083137512,8.55851936340332,-0.0455836430191994,0.00113343144766986,42.4765396118164,-71.3523941040039,279.230621337891,235.933959960938,-4.19599485397339,0.0219307541847229,118.699363708496,63.5550956726074,-4.05335903167725,-0.361967831850052,-0.0907390639185905,-0.0684139505028725,70
738505.49010683759115636349,62.8834342956543,-3.80074596405029,8.55456066131592,-0.0455836430191994,0.00113343144766986,42.4765243530273,-71.3522338867188,278.394287109375,234.51594543457,-4.14911031723022,0.391635566949844,118.748695373535,63.5763511657715,-4.06941604614258,-0.313968241214752,-0.0976403206586838,-0.0687417834997177,70
738505.49010914703831076622,62.903247833252,-3.78528761863708,8.56274318695068,-0.0455836430191994,0.00113343144766986,42.4765090942383,-71.3520812988281,277.580078125,233.132995605469,-4.09205436706543,0.867618680000305,118.79613494873,63.5961265563965,-4.0777006149292,-0.209151670336723,-0.104296341538429,-0.0691379457712173,70
738505.49011157557833939791,62.9216957092285,-3.74168801307678,8.58319473266602,-0.0455836430191994,0.00113343144766986,42.4764938354492,-71.351921081543,276.727905273438,231.680725097656,-3.98065280914307,1.0720032453537,118.845092773438,63.6145515441895,-4.07940864562988,-0.0581382215023041,-0.111176930367947,-0.0696250721812248,70
738505.49011394323315471411,62.9372596740723,-3.68312191963196,8.60828399658203,-0.0455836430191994,0.00113343144766986,42.4764785766602,-71.3517684936523,275.918579101562,230.293991088867,-3.8571298122406,1.11031341552734,118.89054107666,63.6299209594727,-4.07307434082031,0.0360866859555244,-0.117535769939423,-0.0701521784067154,70
738505.49011629691813141108,62.9513320922852,-3.60237431526184,8.6357250213623,-0.0455836430191994,0.00113343144766986,42.4764633178711,-71.3516082763672,275.123565673828,228.92121887207,-3.78748607635498,1.14304673671722,118.933929443359,63.6429328918457,-4.0570592880249,0.0864458158612251,-0.12348847091198,-0.070728063583374,70
738505.49011868424713611603,62.9629898071289,-3.54127335548401,8.66513442993164,-0.0455836430191994,0.00113343144766986,42.476448059082,-71.351448059082,274.316375732422,227.516128540039,-3.79315686225891,1.18375861644745,118.976081848145,63.6550331115723,-4.02880096435547,0.108118340373039,-0.129064470529556,-0.0713754966855049,70
738505.49012098205275833607,62.9714889526367,-3.49490094184875,8.69378471374512,-0.0455836430191994,0.00113343144766986,42.476432800293,-71.3512954711914,273.565277099609,226.200820922852,-3.78748917579651,1.21258759498596,119.012901306152,63.6647834777832,-3.99378633499146,0.128766626119614,-0.133796870708466,-0.0720287561416626,70
738505.49012326099909842014,62.9784545898438,-3.46203947067261,8.7192850112915,-0.0455836430191994,0.00113343144766986,42.4764175415039,-71.3511428833008,272.824890136719,224.898101806641,-3.74637389183044,1.00342011451721,119.046737670898,63.6733627319336,-3.95413136482239,0.222837597131729,-0.138073533773422,-0.0727164223790169,70
738505.49012557300738990307,62.9858169555664,-3.41549921035767,8.73658180236816,-0.0455836430191994,0.00113343144766986,42.4764022827148,-71.3509979248047,272.090301513672,223.599670410156,-3.69021773338318,0.488295257091522,119.077919006348,63.6805038452148,-3.91260266304016,0.17995910346508,-0.141997024416924,-0.0734425783157349,70
738505.49012791749555617571,62.9934959411621,-3.35782217979431,8.74448108673096,-0.0455836430191994,0.00113343144766986,42.4763870239258,-71.3508377075195,271.343719482422,222.271850585938,-3.65655875205994,0.455607205629349,119.107307434082,63.6861152648926,-3.86849284172058,0.0766914188861847,-0.14564536511898,-0.0742352455854416,70
738505.49013030389323830605,62.9993896484375,-3.31408095359802,8.75063228607178,-0.0455836430191994,0.00113343144766986,42.4763717651367,-71.3506851196289,270.609954833984,220.958114624023,-3.69458794593811,0.498387664556503,119.133674621582,63.6904983520508,-3.82256698608398,0.0285443793982267,-0.148827031254768,-0.075067937374115,70
738505.49013267434202134609,63.003589630127,-3.28718900680542,8.75784492492676,-0.0455836430191994,0.00113343144766986,42.4763526916504,-71.3505249023438,269.859039306641,219.945953369141,-3.73638987541199,0.56340104341507,119.157760620117,63.6942558288574,-3.77459263801575,0.00444359192624688,-0.15167972445488,-0.0759701207280159,70
738505.49013505794573575258,63.0062026977539,-3.27486634254456,8.76630592346191,-0.0455836430191994,0.00113343144766986,42.4763374328613,-71.3503646850586,269.138214111328,219.057312011719,-3.76768445968628,0.634854555130005,119.178039550781,63.6973648071289,-3.7306649684906,0.00350272841751575,-0.154125943779945,-0.0768653079867363,70
738505.49013740103691816330,63.0078926086426,-3.26932406425476,8.77663612365723,-0.0455836430191994,0.00113343144766986,42.4763221740723,-71.3502044677734,268.404388427734,218.152374267578,-3.78586530685425,0.686378538608551,119.196136474609,63.7001762390137,-3.69058012962341,0.0190669652074575,-0.156430840492249,-0.077810138463974,70
738505.49013986811041831970,63.0089950561523,-3.26642656326294,8.78848648071289,-0.0455836430191994,0.00113343144766986,42.4763069152832,-71.3500442504883,267.665679931641,217.241271972656,-3.79267024993896,0.723026812076569,119.212097167969,63.702751159668,-3.65639162063599,0.033119048923254,-0.158646419644356,-0.0787864029407501,70
738505.49014229280874133110,63.0097274780273,-3.2643039226532,8.80179119110107,-0.0455836430191994,0.00113343144766986,42.4762916564941,-71.3498840332031,266.915771484375,216.316360473633,-3.79559445381165,0.759772777557373,119.226417541504,63.7052040100098,-3.62820148468018,0.0454129092395306,-0.160841211676598,-0.0797992125153542,70
738505.49014468630775809288,63.0101013183594,-3.26293706893921,8.8159122467041,-0.0455836430191994,0.00113343144766986,42.4762763977051,-71.3497314453125,266.190277099609,215.421676635742,-3.79718637466431,0.795218408107758,119.238830566406,63.7074546813965,-3.60664343833923,0.0550881028175354,-0.162938833236694,-0.0808014571666718,70
738505.49014711333438754082,63.0101890563965,-3.26188158988953,8.83164978027344,-0.0455836430191994,0.00113343144766986,42.4762573242188,-71.3495712280273,265.447174072266,214.505310058594,-3.7979257106781,0.831443905830383,119.250427246094,63.7096672058105,-3.58947801589966,0.0633096024394035,-0.165075674653053,-0.081855446100235,70
738505.49014965200331062078,63.0099792480469,-3.26093649864197,8.84928607940674,-0.0455836430191994,0.00113343144766986,42.4762420654297,-71.3494033813477,264.678375244141,213.557403564453,-3.79804086685181,0.868668913841248,119.261512756348,63.7118606567383,-3.57597732543945,0.0705663859844208,-0.167282953858376,-0.0829796344041824,70
738505.49015207588672637939,63.0094985961914,-3.26004791259766,8.8675479888916,-0.0455836430191994,0.00113343144766986,42.4762268066406,-71.3492431640625,263.938598632812,212.645477294922,-3.7976131439209,0.904087007045746,119.271476745605,63.7138786315918,-3.56620526313782,0.0767181292176247,-0.169407516717911,-0.0840804204344749,70
738505.49015454633627086878,63.0086822509766,-3.25918078422546,8.88763809204102,-0.0455836430191994,0.00113343144766986,42.4762077331543,-71.3490753173828,263.177154541016,211.719451904297,-3.79159140586853,0.940237283706665,119.281173706055,63.7158279418945,-3.55863833427429,0.0830071866512299,-0.171598225831985,-0.08524539321661,70
738505.49015692051034420729,63.0076637268066,-3.25603246688843,8.90786361694336,-0.0455836430191994,0.00113343144766986,42.4761924743652,-71.3489227294922,262.458312988281,210.85758972168,-3.78374052047729,0.974314033985138,119.289916992188,63.7174835205078,-3.55319547653198,0.0885310173034668,-0.173668742179871,-0.0863693878054619,70
738505.49015950213652104139,63.0061836242676,-3.25154948234558,8.93180179595947,-0.0455836430191994,0.00113343144766986,42.4761772155762,-71.348747253418,261.657379150391,209.897323608398,-3.77637219429016,1.0122537612915,119.299270629883,63.7191390991211,-3.54822373390198,0.0939064919948578,-0.175966799259186,-0.0876656025648117,70
738505.49016210844274610281,63.004207611084,-3.24718928337097,8.95736885070801,-0.0455836430191994,0.00113343144766986,42.4761581420898,-71.3485717773438,260.850708007812,208.930282592773,-3.76426553726196,1.05046260356903,119.308280944824,63.7205543518066,-3.54374647140503,0.0995711162686348,-0.178259298205376,-0.0890003517270088,70
738505.49016465735621750355,63.0014839172363,-3.23507571220398,8.98338222503662,-0.0455836430191994,0.00113343144766986,42.4761428833008,-71.3484039306641,260.075866699219,208.001586914062,-3.6762330532074,1.0862865447998,119.316558837891,63.7209053039551,-3.53975605964661,0.111916936933994,-0.180441841483116,-0.0903188660740852,70
738505.49016726866830140352,62.9985389709473,-3.19983839988708,9.01150989532471,-0.0455836430191994,0.00113343144766986,42.4761238098145,-71.3482284545898,259.301330566406,207.072311401367,-3.62630081176758,1.12184906005859,119.324493408203,63.7201881408691,-3.5341784954071,0.114651881158352,-0.182537034153938,-0.0916852578520775,70
738505.49016984552145004272,62.9943962097168,-3.17127251625061,9.04143810272217,-0.0455836430191994,0.00113343144766986,42.4761047363281,-71.3480529785156,258.515441894531,206.128265380859,-3.62684512138367,1.15950000286102,119.33179473877,63.7189025878906,-3.52395176887512,0.112528055906296,-0.184426248073578,-0.0931275859475136,70
738505.49017235194332897663,62.9893798828125,-3.15117001533508,9.0702428817749,-0.0455836430191994,0.00113343144766986,42.4760894775391,-71.3478927612305,257.776458740234,205.710815429688,-3.62215328216553,1.16635894775391,119.337677001953,63.717041015625,-3.51034736633301,0.128634363412857,-0.185956805944443,-0.0945250540971756,70
738505.49017488374374806881,62.9839172363281,-3.14041686058044,9.09649848937988,-0.0455836430191994,0.00113343144766986,42.4760704040527,-71.3477172851562,257.012115478516,205.367401123047,-3.61318874359131,0.937410950660706,119.342552185059,63.7148513793945,-3.49370050430298,0.189412340521812,-0.187320381402969,-0.09603201597929,70
738505.49017731007188558578,62.9805793762207,-3.12655115127563,9.10741519927979,-0.0455836430191994,0.00113343144766986,42.4760551452637,-71.3475570678711,256.295532226562,205.046249389648,-3.57245969772339,0.227775275707245,119.34619140625,63.7124328613281,-3.47787666320801,0.178450912237167,-0.188460230827332,-0.0974904969334602,70
738505.49017980392090976238,62.9792175292969,-3.09647345542908,9.10248851776123,-0.0455836430191994,0.00113343144766986,42.4760360717773,-71.3473892211914,255.553405761719,204.716552734375,-3.52297806739807,-0.0121448282152414,119.349174499512,63.7089080810547,-3.46119022369385,0.0375578850507736,-0.189492240548134,-0.0990594998002052,70
738505.49018221639562398195,62.9776954650879,-3.06302952766418,9.09249973297119,-0.0455836430191994,0.00113343144766986,42.4760208129883,-71.3472366333008,254.870147705078,204.187622070312,-3.50748515129089,0.0209385361522436,119.351112365723,63.7043647766113,-3.44406819343567,-0.0354551374912262,-0.190224722027779,-0.100545272231102,70
738505.49018456204794347286,62.9750022888184,-3.03537845611572,9.08256912231445,-0.0455836430191994,0.00113343144766986,42.4760055541992,-71.3470764160156,254.193374633789,203.825134277344,-3.49512457847595,0.060076218098402,119.351913452148,63.6989593505859,-3.424485206604,-0.0691268146038055,-0.190683975815773,-0.102063998579979,70
738505.49018694367259740829,62.9712181091309,-3.00962495803833,9.07302284240723,-0.0455836430191994,0.00113343144766986,42.4759864807129,-71.3469161987305,253.509353637695,203.765716552734,-3.47843813896179,0.101193986833096,119.35132598877,63.6926383972168,-3.40242576599121,-0.0798563361167908,-0.190871641039848,-0.103630937635899,70
738505.49018933332990854979,62.9656181335449,-2.99247145652771,9.06407833099365,-0.0455836430191994,0.00113343144766986,42.4759712219238,-71.3467559814453,252.823913574219,203.709945678711,-3.37247228622437,0.14342950284481,119.349166870117,63.6850166320801,-3.37899494171143,-0.0701532736420631,-0.190797805786133,-0.105240896344185,70
738505.49019164685159921646,62.9590950012207,-2.92975163459778,9.05678367614746,-0.0455836430191994,0.00113343144766986,42.4759559631348,-71.3466110229492,252.191421508789,203.664916992188,-3.09980726242065,0.181250125169754,119.345764160156,63.6746139526367,-3.35669469833374,-0.0424024127423763,-0.190503358840942,-0.106746725738049,70
738505.49019400938414037228,62.9495582580566,-2.80753707885742,9.05047702789307,-0.0455836430191994,0.00113343144766986,42.4759407043457,-71.3464508056641,251.53742980957,203.637405395508,-2.84300851821899,0.221120432019234,119.340141296387,63.6587829589844,-3.32717204093933,-0.0344362407922745,-0.189682230353355,-0.108374908566475,70
738505.49019630718976259232,62.9360542297363,-2.66777324676514,9.04570865631104,-0.0455836430191994,0.00113343144766986,42.4759254455566,-71.3462982177734,250.940780639648,203.638412475586,-2.79153537750244,0.287626445293427,119.331687927246,63.6387367248535,-3.28623008728027,-0.0523520857095718,-0.188004776835442,-0.109926283359528,70
738505.49019859544932842255,62.9211540222168,-2.5802218914032,9.04224681854248,-0.0455836430191994,0.00113343144766986,42.4759101867676,-71.3461456298828,250.36767578125,203.661437988281,-2.88209104537964,0.35481470823288,119.319076538086,63.6198959350586,-3.2299211025238,-0.0585595592856407,-0.185228064656258,-0.111481286585331,70
738505.49020089337136596441,62.9041481018066,-2.53299927711487,9.03982830047607,-0.0455836430191994,0.00113343144766986,42.4758911132812,-71.3459930419922,249.805404663086,203.697158813477,-2.9657769203186,0.396140843629837,119.302253723145,63.6008377075195,-3.16320466995239,-0.0476329810917377,-0.181472361087799,-0.11304135620594,70
738505.49020323040895164013,62.885555267334,-2.50852227210999,9.03830814361572,-0.0455836430191994,0.00113343144766986,42.4758758544922,-71.3458404541016,249.255477905273,203.738922119141,-3.01333737373352,0.435191124677658,119.281799316406,63.5812606811523,-3.09485173225403,-0.0273897647857666,-0.177067220211029,-0.114593856036663,70
738505.49020556476898491383,62.8652877807617,-2.4935474395752,9.03796195983887,-0.0455836430191994,0.00113343144766986,42.4758605957031,-71.3456878662109,248.688766479492,203.785919189453,-3.03655529022217,0.474407851696014,119.257102966309,63.5605773925781,-3.0278594493866,-0.00637534912675619,-0.172027140855789,-0.116207256913185,70
738505.49020796758122742176,62.844123840332,-2.48572731018066,9.03902721405029,-0.0455836430191994,0.00113343144766986,42.4758453369141,-71.3455276489258,248.115600585938,203.835693359375,-3.05205225944519,0.514097929000854,119.229049682617,63.5394897460938,-2.96783757209778,0.00971632543951273,-0.166597232222557,-0.117861159145832,70
738505.49021031265147030354,62.822998046875,-2.48283696174622,9.04151725769043,-0.0455836430191994,0.00113343144766986,42.475830078125,-71.3453674316406,247.552017211914,203.885528564453,-3.06287240982056,0.553022682666779,119.199165344238,63.5188369750977,-2.91820073127747,0.0207523815333843,-0.161058336496353,-0.119494125247002,70
738505.49021262477617710829,62.8020133972168,-2.48341774940491,9.04534912109375,-0.0455836430191994,0.00113343144766986,42.4758110046387,-71.34521484375,246.995559692383,203.934829711914,-3.07034468650818,0.590685725212097,119.168045043945,63.498649597168,-2.87851619720459,0.0287741608917713,-0.15547788143158,-0.121109649538994,70
738505.49021492840256541967,62.7818031311035,-2.48866581916809,9.04936599731445,-0.0455836430191994,0.00113343144766986,42.4757957458496,-71.3450698852539,246.457748413086,203.981689453125,-3.05749416351318,0.580746829509735,119.13697052002,63.4794387817383,-2.84847736358643,0.0597919002175331,-0.15003676712513,-0.122677586972713,70
738505.49021723866462707520,62.7624320983887,-2.49623799324036,9.04499435424805,-0.0455836430191994,0.00113343144766986,42.4757804870605,-71.3449096679688,245.892517089844,204.028778076172,-3.02309775352478,-0.0454039089381695,119.103698730469,63.4599571228027,-2.82505488395691,0.149523541331291,-0.144336253404617,-0.124333411455154,70
738505.49021948850713670254,62.747184753418,-2.48651599884033,9.02430725097656,-0.0455836430191994,0.00113343144766986,42.4757652282715,-71.3447647094727,245.358261108398,204.073776245117,-2.99258232116699,-0.690417766571045,119.072113037109,63.4415512084961,-2.80918908119202,0.0521469637751579,-0.13894972205162,-0.125907048583031,70
738505.49022179935127496719,62.7335739135742,-2.46902441978455,8.99046230316162,-0.0455836430191994,0.00113343144766986,42.4757499694824,-71.344612121582,244.814666748047,204.122299194336,-2.99357485771179,-0.748553454875946,119.039848327637,63.4225959777832,-2.79649543762207,-0.102348312735558,-0.133378624916077,-0.127523988485336,70
738505.49022407608572393656,62.7194976806641,-2.4633092880249,8.95353603363037,-0.0455836430191994,0.00113343144766986,42.4757347106934,-71.3444595336914,244.266326904297,204.173706054688,-3.02530980110168,-0.71030455827713,119.007141113281,63.4032249450684,-2.78495740890503,-0.168740227818489,-0.127599790692329,-0.129168286919594,70
738505.49022635724395513535,62.7054481506348,-2.46361351013184,8.91755294799805,-0.0455836430191994,0.00113343144766986,42.4757194519043,-71.3443069458008,243.726440429688,204.224533081055,-3.04608511924744,-0.672753214836121,118.974822998047,63.3842658996582,-2.77471160888672,-0.197897672653198,-0.121796227991581,-0.130791962146759,70
738505.49022865109145641327,62.6912841796875,-2.4682195186615,8.88182544708252,-0.0455836430191994,0.00113343144766986,42.4757041931152,-71.3441543579102,243.180480957031,204.274993896484,-3.06270837783813,-0.635150969028473,118.942039489746,63.3654136657715,-2.76604580879211,-0.205576151609421,-0.115871630609035,-0.132418364286423,70
738505.49023104668594896793,62.6764984130859,-2.47628283500671,8.84497165679932,-0.0455836430191994,0.00113343144766986,42.4756889343262,-71.343994140625,242.602249145508,204.326644897461,-3.07787299156189,-0.595817446708679,118.907287597656,63.345947265625,-2.75930762290955,-0.200785264372826,-0.109595701098442,-0.134124785661697,70
738505.49023334670346230268,62.6628875732422,-2.48598885536194,8.81142902374268,-0.0455836430191994,0.00113343144766986,42.4756736755371,-71.3438491821289,242.058227539062,204.373077392578,-3.09110474586487,-0.559245645999908,118.874877929688,63.3281860351562,-2.75558304786682,-0.191258728504181,-0.103732958436012,-0.135690540075302,70
738505.49023572483565658331,62.6489868164062,-2.49783658981323,8.77751636505127,-0.0455836430191994,0.00113343144766986,42.475658416748,-71.3436889648438,241.487548828125,204.014556884766,-3.10456800460815,-0.521268963813782,118.841247558594,63.3101844787598,-2.75446081161499,-0.179048851132393,-0.0976609736680984,-0.137303441762924,70
738505.49023801425937563181,62.6360664367676,-2.51043272018433,8.74628925323486,-0.0455836430191994,0.00113343144766986,42.475643157959,-71.3435363769531,240.94010925293,203.636962890625,-3.11749529838562,-0.485150933265686,118.809616088867,63.2935752868652,-2.75594186782837,-0.167078420519829,-0.0919361561536789,-0.138811215758324,70
738505.49024038738571107388,62.6230430603027,-2.52463626861572,8.71508979797363,-0.0455836430191994,0.00113343144766986,42.4756278991699,-71.3433837890625,240.368515014648,203.241622924805,-3.13126921653748,-0.44781306385994,118.777290344238,63.2769470214844,-2.75994944572449,-0.155395343899727,-0.0860825702548027,-0.140355721116066,70
738505.49024267843924462795,62.6107749938965,-2.53944754600525,8.68594932556152,-0.0455836430191994,0.00113343144766986,42.4756126403809,-71.3432312011719,239.808654785156,202.853286743164,-3.14521265029907,-0.411576628684998,118.746574401855,63.2613906860352,-2.76602673530579,-0.145220577716827,-0.0804867818951607,-0.141821533441544,70
738505.49024500139057636261,62.5987510681152,-2.55534529685974,8.65764808654785,-0.0455836430191994,0.00113343144766986,42.4755973815918,-71.3430709838867,239.237121582031,202.455703735352,-3.15992450714111,-0.374768674373627,118.716270446777,63.2462501525879,-2.77416658401489,-0.136045515537262,-0.0749271437525749,-0.14327535033226,70
738505.49024733679834753275,62.5874214172363,-2.57171368598938,8.63116264343262,-0.0455836430191994,0.00113343144766986,42.4755821228027,-71.3429260253906,238.673416137695,202.062393188477,-3.17489862442017,-0.338739305734634,118.687469482422,63.2320823669434,-2.78383231163025,-0.128054961562157,-0.0696051418781281,-0.144666463136673,70
738505.49024966312572360039,62.5766220092773,-2.58868479728699,8.60609340667725,-0.0455836430191994,0.00113343144766986,42.4755668640137,-71.3427734375,238.110107421875,201.668197631836,-3.19031524658203,-0.303031265735626,118.659912109375,63.2186660766602,-2.79489707946777,-0.120814591646194,-0.0644557774066925,-0.146015122532845,70
738505.49025200924370437860,62.5658721923828,-2.60706615447998,8.58128452301025,-0.0455836430191994,0.00113343144766986,42.4755516052246,-71.3426132202148,237.519409179688,201.253570556641,-3.20693707466125,-0.265905201435089,118.632232666016,63.2054061889648,-2.80781435966492,-0.1139270439744,-0.0592445693910122,-0.147391110658646,70
738505.49025430437177419662,62.5560913085938,-2.62526416778564,8.55880737304688,-0.0455836430191994,0.00113343144766986,42.4755363464355,-71.3424682617188,236.950668334961,200.853118896484,-3.22334814071655,-0.230462357401848,118.606956481934,63.193431854248,-2.82130289077759,-0.107717677950859,-0.0544169060885906,-0.148670822381973,70
738505.49025666108354926109,62.5463447570801,-2.64497208595276,8.53650379180908,-0.0455836430191994,0.00113343144766986,42.4755210876465,-71.3423080444336,236.348968505859,200.428115844727,-3.24108529090881,-0.193321347236633,118.581573486328,63.1815872192383,-2.83659410476685,-0.101518884301186,-0.0495169647037983,-0.149980932474136,70
738505.49025891639757901430,62.5376472473145,-2.66412115097046,8.51665210723877,-0.0455836430191994,0.00113343144766986,42.4755058288574,-71.342155456543,235.776092529297,200.022216796875,-3.25829005241394,-0.158287644386292,118.558853149414,63.1711044311523,-2.85193395614624,-0.095770537853241,-0.0450562089681625,-0.151180878281593,70
738505.49026125995442271233,62.5293502807617,-2.68397998809814,8.49777412414551,-0.0455836430191994,0.00113343144766986,42.4754905700684,-71.3420104980469,235.192123413086,199.607192993164,-3.27612090110779,-0.122869491577148,118.537071228027,63.161190032959,-2.86829257011414,-0.0900194197893143,-0.0407165363430977,-0.152362853288651,70
738505.49026365939062088728,62.5213012695312,-2.7050416469574,8.47948551177979,-0.0455836430191994,0.00113343144766986,42.4754753112793,-71.3418502807617,234.581893920898,199.172164916992,-3.29500985145569,-0.0861891284584999,118.515823364258,63.1516571044922,-2.88607001304626,-0.0841911658644676,-0.0364102125167847,-0.153564095497131,70
738505.49026595614850521088,62.5139503479004,-2.72617173194885,8.46278190612793,-0.0455836430191994,0.00113343144766986,42.4754600524902,-71.3416976928711,233.97721862793,198.739715576172,-3.31394934654236,-0.0501673296093941,118.496299743652,63.1430511474609,-2.9042432308197,-0.0784780755639076,-0.0323759503662586,-0.154714658856392,70
738505.49026822810992598534,62.5072593688965,-2.74734044075012,8.44756698608398,-0.0455836430191994,0.00113343144766986,42.4754447937012,-71.3415451049805,233.376831054688,198.309036254883,-3.33291459083557,-0.0147612085565925,118.478378295898,63.1353034973145,-2.92277026176453,-0.0728238299489021,-0.0286014452576637,-0.155829399824142,70
738505.49027058761566877365,62.5010566711426,-2.76899671554565,8.43347930908203,-0.0455836430191994,0.00113343144766986,42.4754295349121,-71.3413925170898,232.766967773438,197.870223999023,-3.35230112075806,0.0208662897348404,118.461654663086,63.1282272338867,-2.94202613830566,-0.0671548843383789,-0.025004455819726,-0.156921297311783,70
738505.49027289869263768196,62.4954605102539,-2.79076933860779,8.42072677612305,-0.0455836430191994,0.00113343144766986,42.4754180908203,-71.3412399291992,232.157043457031,197.430038452148,-3.37178039550781,0.056170005351305,118.446441650391,63.1219444274902,-2.9616322517395,-0.0612252131104469,-0.0216474682092667,-0.157978132367134,70
738505.49027527670841664076,62.4904632568359,-2.81255102157593,8.4093189239502,-0.0455836430191994,0.00113343144766986,42.4754028320312,-71.3410873413086,231.548767089844,196.989761352539,-3.39125466346741,0.0910560786724091,118.432723999023,63.1164398193359,-2.9814875125885,-0.0553274899721146,-0.0185384973883629,-0.159001395106316,70
738505.49027761595789343119,62.4857177734375,-2.83601903915405,8.39847087860107,-0.0455836430191994,0.00113343144766986,42.4753875732422,-71.3409271240234,230.894149780273,196.437561035156,-3.41222834587097,0.128269106149673,118.419586181641,63.1113471984863,-3.00318169593811,-0.0490685701370239,-0.0154587607830763,-0.160070762038231,70
738505.49028001178521662951,62.4817276000977,-2.85878419876099,8.38933086395264,-0.0455836430191994,0.00113343144766986,42.4753723144531,-71.3407745361328,230.258041381836,195.800888061523,-3.43256807327271,0.164125934243202,118.408416748047,63.1072082519531,-3.02445006370544,-0.043232124298811,-0.0127301411703229,-0.161074787378311,70
738505.49028226244263350964,62.4784317016602,-2.88069534301758,8.38178539276123,-0.0455836430191994,0.00113343144766986,42.4753570556641,-71.3406219482422,229.643966674805,195.186645507812,-3.4521210193634,0.198455214500427,118.399078369141,63.1039390563965,-3.04510068893433,-0.0377895645797253,-0.0103413742035627,-0.162014916539192,70
738505.49028462648857384920,62.4755592346191,-2.90350294113159,8.37520408630371,-0.0455836430191994,0.00113343144766986,42.475341796875,-71.3404693603516,229.001968383789,194.544418334961,-3.47246360778809,0.234034016728401,118.390754699707,63.1012687683105,-3.06684064865112,-0.0322169028222561,-0.00809907726943493,-0.16298072040081,70
738505.49028698401525616646,62.473201751709,-2.92665791511536,8.36983013153076,-0.0455836430191994,0.00113343144766986,42.4753265380859,-71.3403091430664,228.346084594727,193.888565063477,-3.4931001663208,0.270047605037689,118.383735656738,63.0992889404297,-3.08913135528564,-0.0265944451093674,-0.00607514102011919,-0.163950726389885,70
738505.49028934817761182785,62.4714279174805,-2.94947123527527,8.36580944061279,-0.0455836430191994,0.00113343144766986,42.4753112792969,-71.3401565551758,227.694702148438,193.237197875977,-3.51340866088867,0.305495947599411,118.378280639648,63.0980606079102,-3.11128091812134,-0.0210108421742916,-0.00432962039485574,-0.164892122149467,70
738505.49029164167586714029,62.4702033996582,-2.97172045707703,8.36310482025146,-0.0455836430191994,0.00113343144766986,42.4752998352051,-71.3400039672852,227.052856445312,192.595336914062,-3.53320455551147,0.340118527412415,118.374305725098,63.0975341796875,-3.13307237625122,-0.0156031213700771,-0.002864456968382,-0.165791720151901,70
738505.49029418802820146084,62.4694328308105,-2.996333360672,8.36150932312012,-0.0455836430191994,0.00113343144766986,42.4752807617188,-71.3398361206055,226.334228515625,191.862533569336,-3.55507969856262,0.378531247377396,118.371444702148,63.0977249145508,-3.15751242637634,-0.00950905680656433,-0.00151867500972003,-0.166782051324844,70
738505.49029651493765413761,62.4692573547363,-3.01891613006592,8.36137104034424,-0.0455836430191994,0.00113343144766986,42.4752655029297,-71.3396835327148,225.665908813477,191.072357177734,-3.57512903213501,0.413916051387787,118.370239257812,63.0986099243164,-3.18003106117249,-0.00388657301664352,-0.000544316077139229,-0.167680412530899,70
738505.49029885057825595140,62.4695739746094,-3.04068827629089,8.36245632171631,-0.0455836430191994,0.00113343144766986,42.4752540588379,-71.3395309448242,225.012161254883,190.241668701172,-3.59443640708923,0.448235422372818,118.370414733887,63.1001129150391,-3.20190691947937,0.00161376094911247,0.000156464608153328,-0.168547809123993,70
738505.49030115851201117039,62.4703826904297,-3.06289887428284,8.36482238769531,-0.0455836430191994,0.00113343144766986,42.4752388000488,-71.3393783569336,224.334442138672,189.381652832031,-3.61411380767822,0.483507037162781,118.371917724609,63.1023025512695,-3.22444200515747,0.00725484546273947,0.000624402600806206,-0.169439062476158,70
738505.49030351068358868361,62.4716300964355,-3.08422684669495,8.36833763122559,-0.0455836430191994,0.00113343144766986,42.4752235412598,-71.339225769043,223.671585083008,188.553894042969,-3.63298606872559,0.517676532268524,118.374702453613,63.1050415039062,-3.246262550354,0.0127737894654274,0.000831719080451876,-0.170303106307983,70
738505.49030581966508179903,62.473331451416,-3.10560345649719,8.37312984466553,-0.0455836430191994,0.00113343144766986,42.4752082824707,-71.3390731811523,222.994171142578,187.95556640625,-3.65187644958496,0.552286982536316,118.378768920898,63.1084098815918,-3.26832866668701,0.0183284375816584,0.000792509817983955,-0.171179831027985,70
738505.49030806601513177156,62.4754066467285,-3.12527847290039,8.37888526916504,-0.0455836430191994,0.00113343144766986,42.4751930236816,-71.3389282226562,222.340835571289,187.686721801758,-3.6731059551239,0.585103452205658,118.383842468262,63.1121978759766,-3.28931832313538,0.0234967116266489,0.000520148838404566,-0.17201817035675,70
738505.49031031318008899689,62.4779510498047,-3.14758706092834,8.38586235046387,-0.0455836430191994,0.00113343144766986,42.4751815795898,-71.3387756347656,221.672332763672,187.214691162109,-3.70861840248108,0.618364751338959,118.390159606934,63.1167526245117,-3.3104841709137,0.0274276621639729,1.03753081930336e-05,-0.172880664467812,70
738505.49031261098571121693,62.4809379577637,-3.17354536056519,8.39404582977295,-0.0455836430191994,0.00113343144766986,42.4751663208008,-71.338623046875,220.989974975586,186.532409667969,-3.74201059341431,0.652014970779419,118.397766113281,63.1220970153809,-3.33201003074646,0.0327671729028225,-0.000761817791499197,-0.173762798309326,70
738505.49031493731308728456,62.4844932556152,-3.20133709907532,8.40357685089111,-0.0455836430191994,0.00113343144766986,42.4751510620117,-71.3384704589844,220.28971862793,185.832260131836,-3.77393579483032,0.686228275299072,118.406745910645,63.128288269043,-3.35446763038635,0.0389514788985252,-0.00184300018008798,-0.174668043851852,70
738505.49031723476946353912,62.4885101318359,-3.22922205924988,8.41406631469727,-0.0455836430191994,0.00113343144766986,42.4751358032227,-71.3383255004883,219.600860595703,185.143508911133,-3.80364894866943,0.719569027423859,118.416748046875,63.135082244873,-3.37716603279114,0.0450235567986965,-0.00320738926529884,-0.175557538866997,70
738505.49031953245867043734,62.4930763244629,-3.25759339332581,8.42572116851807,-0.0455836430191994,0.00113343144766986,42.4751205444336,-71.3381729125977,218.90754699707,184.450271606445,-3.83321213722229,0.752794623374939,118.42797088623,63.1426086425781,-3.40074062347412,0.0507688149809837,-0.00489068310707808,-0.176454901695251,70
738505.49032189731951802969,62.4982757568359,-3.28650736808777,8.43871402740479,-0.0455836430191994,0.00113343144766986,42.4751091003418,-71.338020324707,218.20036315918,183.743133544922,-3.86188435554504,0.786340892314911,118.440689086914,63.1509895324707,-3.42554259300232,0.0564919300377369,-0.00693307910114527,-0.177368566393852,70
738505.49032427964266389608,62.5043029785156,-3.31670045852661,8.45352840423584,-0.0455836430191994,0.00113343144766986,42.4750938415527,-71.3378601074219,217.457870483398,183.000671386719,-3.89075994491577,0.821210324764252,118.455413818359,63.160514831543,-3.45232486724854,0.0622264556586742,-0.00943224411457777,-0.178335428237915,70
738505.49032663193065673113,62.5108375549316,-3.34601736068726,8.46928787231445,-0.0455836430191994,0.00113343144766986,42.4750785827637,-71.3377075195312,216.721786499023,182.2646484375,-3.91714262962341,0.851650059223175,118.47135925293,63.1706352233887,-3.47940492630005,0.0703018382191658,-0.0122664729133248,-0.179304853081703,70
738505.49032898247241973877,62.5182609558105,-3.37675666809082,8.484787940979,-0.0455836430191994,0.00113343144766986,42.4750633239746,-71.3375473022461,215.976043701172,181.51904296875,-3.94196438789368,0.7878457903862,118.488899230957,63.1817016601562,-3.50723457336426,0.0983958318829536,-0.0154949482530355,-0.180302083492279,70
738505.49033131648320704699,62.5281143188477,-3.41753697395325,8.48885726928711,-0.0455836430191994,0.00113343144766986,42.4750480651855,-71.3373947143555,215.232711791992,180.775787353516,-3.97360396385193,0.0384037084877491,118.507720947266,63.1941871643066,-3.53556656837463,0.203448548913002,-0.0190842170268297,-0.181305795907974,70
738505.49033374222926795483,62.542594909668,-3.44599580764771,8.47142219543457,-0.0455836430191994,0.00113343144766986,42.4750328063965,-71.3372421264648,214.472991943359,180.016128540039,-4.00257349014282,-0.777853190898895,118.528579711914,63.2077217102051,-3.56569051742554,0.0823092237114906,-0.023173039779067,-0.182341814041138,70
738505.49033607693854719400,62.559986114502,-3.47154211997986,8.43735122680664,-0.0455836430191994,0.00113343144766986,42.4750175476074,-71.3370819091797,213.708557128906,179.251739501953,-4.02488040924072,-0.893407940864563,118.551368713379,63.2217712402344,-3.59628105163574,-0.10646366328001,-0.0276762414723635,-0.183387741446495,70
738505.49033837614115327597,62.5771369934082,-3.49104380607605,8.40097427368164,-0.0455836430191994,0.00113343144766986,42.4750022888184,-71.3369369506836,212.977767944336,178.520965576172,-4.04547739028931,-0.855386257171631,118.574645996094,63.2349739074707,-3.62488055229187,-0.17882052063942,-0.0323020257055759,-0.184388339519501,70
738505.49034063529688864946,62.5949440002441,-3.5103611946106,8.36410427093506,-0.0455836430191994,0.00113343144766986,42.4749870300293,-71.336784362793,212.227523803711,177.770721435547,-4.06420135498047,-0.816433787345886,118.599868774414,63.248779296875,-3.65291833877563,-0.214448124170303,-0.037330400198698,-0.185411214828491,70
738505.49034290143754333258,62.6129341125488,-3.52905178070068,8.32795238494873,-0.0455836430191994,0.00113343144766986,42.4749717712402,-71.3366317749023,211.477645874023,177.020812988281,-4.08146810531616,-0.777985870838165,118.626075744629,63.2628517150879,-3.67929482460022,-0.225546017289162,-0.0426133088767529,-0.186415776610374,70
738505.49034521705470979214,62.6312675476074,-3.54755687713623,8.2922191619873,-0.0455836430191994,0.00113343144766986,42.4749603271484,-71.3364791870117,210.717834472656,176.260940551758,-4.09255504608154,-0.739637970924377,118.653518676758,63.2773399353027,-3.70436525344849,-0.221897706389427,-0.0482138022780418,-0.187411591410637,70
738505.49034751183353364468,62.6495895385742,-3.56300663948059,8.25773429870605,-0.0455836430191994,0.00113343144766986,42.4749450683594,-71.3363265991211,209.962966918945,175.505996704102,-4.09208393096924,-0.70222133398056,118.681510925293,63.2918357849121,-3.72769927978516,-0.210285842418671,-0.0540146455168724,-0.188380911946297,70
738505.49034979729913175106,62.6677589416504,-3.57274293899536,8.22436141967773,-0.0455836430191994,0.00113343144766986,42.4749298095703,-71.336181640625,209.210235595703,174.753234863281,-4.05047845840454,-0.667493164539337,118.710098266602,63.306022644043,-3.74940538406372,-0.192421093583107,-0.0600184351205826,-0.189310401678085,70
738505.49035209068097174168,62.686149597168,-3.56636738777161,8.19199562072754,-0.0455836430191994,0.00113343144766986,42.4749183654785,-71.3360290527344,208.460037231445,174.002990722656,-4.00925970077515,-0.635403156280518,118.739295959473,63.3196754455566,-3.76884150505066,-0.177781969308853,-0.0661803185939789,-0.19020003080368,70
738505.49035431363154202700,62.7045021057129,-3.55568814277649,8.16027355194092,-0.0455836430191994,0.00113343144766986,42.4749031066895,-71.3358764648438,207.704132080078,173.247055053711,-3.99918270111084,-0.604174137115479,118.769218444824,63.3331451416016,-3.78463292121887,-0.169576361775398,-0.0724621191620827,-0.191062673926353,70
738505.49035664380062371492,62.7220573425293,-3.54671216011047,8.12975788116455,-0.0455836430191994,0.00113343144766986,42.4748878479004,-71.3357315063477,206.957122802734,172.499969482422,-3.99181365966797,-0.574067413806915,118.799026489258,63.3460998535156,-3.79577279090881,-0.16143798828125,-0.0786634758114815,-0.191871419548988,70
738505.49035909678786993027,62.7401962280273,-3.53610992431641,8.09811210632324,-0.0455836430191994,0.00113343144766986,42.4748725891113,-71.3355712890625,206.161575317383,171.704315185547,-3.98461508750916,-0.545229971408844,118.830772399902,63.3594169616699,-3.80304050445557,-0.151613846421242,-0.0852297767996788,-0.192686751484871,70
738505.49036147957667708397,62.7577247619629,-3.52624654769897,8.06723594665527,-0.0455836430191994,0.00113343144766986,42.4748573303223,-71.3354110717773,205.364852905273,170.907470703125,-3.97952961921692,-0.521816313266754,118.862274169922,63.3722877502441,-3.80613207817078,-0.143635153770447,-0.0917441695928574,-0.193450823426247,70
738505.49036384536884725094,62.7742500305176,-3.51641225814819,8.03778648376465,-0.0455836430191994,0.00113343144766986,42.4748458862305,-71.3352508544922,204.587051391602,170.129501342773,-3.97236490249634,-0.498974740505219,118.892578125,63.3843650817871,-3.80587315559387,-0.136821955442429,-0.0980390906333923,-0.194140642881393,70
738505.49036617262754589319,62.7898368835449,-3.50652170181274,8.00968647003174,-0.0455836430191994,0.00113343144766986,42.4748306274414,-71.3350982666016,203.827194213867,169.369506835938,-3.96294641494751,-0.476698309183121,118.921646118164,63.3956985473633,-3.80316352844238,-0.131072625517845,-0.104123204946518,-0.194766700267792,70
738505.49036852258723229170,62.8049430847168,-3.49528980255127,7.98213243484497,-0.0455836430191994,0.00113343144766986,42.4748153686523,-71.3349456787109,203.064331054688,168.606475830078,-3.95128512382507,-0.454302281141281,118.95027923584,63.4065628051758,-3.79850625991821,-0.126110747456551,-0.110162228345871,-0.19535231590271,70
738505.49037086381576955318,62.8194808959961,-3.4831964969635,7.95524787902832,-0.0455836430191994,0.00113343144766986,42.4748039245605,-71.3347854614258,202.301727294922,167.843902587891,-3.93923544883728,-0.431554317474365,118.978256225586,63.416919708252,-3.79222416877747,-0.122075214982033,-0.116120554506779,-0.195890009403229,70
738505.49037315952591598034,62.8332405090332,-3.47054123878479,7.92941379547119,-0.0455836430191994,0.00113343144766986,42.4747886657715,-71.3346328735352,201.549087524414,167.091339111328,-3.92505431175232,-0.405302166938782,119.005149841309,63.4266204833984,-3.78464674949646,-0.119007579982281,-0.12191303819418,-0.1963771879673,70
738505.49037550354842096567,62.8462982177734,-3.4564905166626,7.90452766418457,-0.0455836430191994,0.00113343144766986,42.4747734069824,-71.3344802856445,200.802261352539,166.34455871582,-3.90998983383179,-0.377122968435287,119.031089782715,63.4356842041016,-3.77590990066528,-0.115243509411812,-0.12756335735321,-0.196811690926552,70
738505.49037781637161970139,62.858528137207,-3.44193744659424,7.88081884384155,-0.0455836430191994,0.00113343144766986,42.4747619628906,-71.3343276977539,200.066497802734,165.608901977539,-3.8940007686615,-0.347432106733322,119.055786132812,63.4440612792969,-3.76616311073303,-0.11175262182951,-0.133020833134651,-0.197185188531876,70
738505.49038012220989912748,62.8702278137207,-3.42560696601868,7.8577356338501,-0.0455836430191994,0.00113343144766986,42.4747467041016,-71.3341751098633,199.32292175293,164.86540222168,-3.87419843673706,-0.314147680997849,119.079933166504,63.451904296875,-3.75519490242004,-0.107320085167885,-0.138413444161415,-0.197521850466728,70
738505.49038237903732806444,62.8808937072754,-3.40925765037537,7.83608531951904,-0.0455836430191994,0.00113343144766986,42.4747352600098,-71.3340225219727,198.595443725586,164.137969970703,-3.84602904319763,-0.280242174863815,119.102691650391,63.4589157104492,-3.74337005615234,-0.102329671382904,-0.143553629517555,-0.197807177901268,70
738505.49038470513187348843,62.8906211853027,-3.38829493522644,7.81551694869995,-0.0455836430191994,0.00113343144766986,42.4747200012207,-71.333869934082,197.873321533203,163.415878295898,-3.78716421127319,-0.24519881606102,119.124359130859,63.4648971557617,-3.73052644729614,-0.094745934009552,-0.148508295416832,-0.198040917515755,70
738505.49038707837462425232,62.8992500305176,-3.34913420677185,7.79528522491455,-0.0455836430191994,0.00113343144766986,42.4747085571289,-71.3337173461914,197.132507324219,162.675079345703,-3.61177134513855,-0.209155514836311,119.145606994629,63.468879699707,-3.71585035324097,-0.0782011225819588,-0.153409019112587,-0.198239907622337,70
738505.49038944905623793602,62.9073486328125,-3.26745986938477,7.77586936950684,-0.0455836430191994,0.00113343144766986,42.4746932983398,-71.3335571289062,196.391830444336,161.934371948242,-3.47369265556335,-0.177530273795128,119.165802001953,63.4702682495117,-3.69656562805176,-0.0734606087207794,-0.157961964607239,-0.198395073413849,70
738505.49039172823540866375,62.9133911132812,-3.18691492080688,7.75819063186646,-0.0455836430191994,0.00113343144766986,42.4746780395508,-71.3334045410156,195.704315185547,161.246810913086,-3.46641731262207,-0.160197630524635,119.182907104492,63.4699974060059,-3.6698203086853,-0.0837480649352074,-0.161538869142532,-0.198496475815773,70
738505.49039399391040205956,62.9167747497559,-3.14013123512268,7.74119567871094,-0.0455836430191994,0.00113343144766986,42.474666595459,-71.3332595825195,195.041580200195,160.584014892578,-3.50715351104736,-0.136973455548286,119.197326660156,63.4689445495605,-3.63479852676392,-0.0933471173048019,-0.164207324385643,-0.198559895157814,70
738505.49039627390448004007,62.9183235168457,-3.10611295700073,7.7244668006897,-0.0455836430191994,0.00113343144766986,42.4746513366699,-71.3331069946289,194.377960205078,159.920349121094,-3.52390933036804,-0.107906684279442,119.209327697754,63.4667701721191,-3.59390664100647,-0.0894926562905312,-0.166191309690475,-0.19858381152153,70
738505.49039854446891695261,62.9184837341309,-3.07892465591431,7.70830202102661,-0.0455836430191994,0.00113343144766986,42.4746398925781,-71.3329544067383,193.709411621094,159.251724243164,-3.52402114868164,-0.0762272402644157,119.218864440918,63.4636383056641,-3.55060529708862,-0.0807236656546593,-0.167631983757019,-0.198566555976868,70
738505.49040087161120027304,62.9174766540527,-3.05549216270447,7.69296455383301,-0.0455836430191994,0.00113343144766986,42.4746246337891,-71.3328018188477,193.037963867188,158.58024597168,-3.5083909034729,-0.0428504198789597,119.225898742676,63.459644317627,-3.50783157348633,-0.0709645301103592,-0.168627858161926,-0.198515564203262,70
738505.49040314846206456423,62.9153861999512,-3.03467559814453,7.67914819717407,-0.0455836430191994,0.00113343144766986,42.4746131896973,-71.332649230957,192.392440795898,157.934692382812,-3.46187233924866,-0.0101783722639084,119.230430603027,63.4548988342285,-3.46897220611572,-0.0608450546860695,-0.16922827064991,-0.198425978422165,70
738505.49040542729198932648,62.911994934082,-2.99683594703674,7.66620540618896,-0.0455836430191994,0.00113343144766986,42.4746017456055,-71.3325042724609,191.745086669922,157.28727722168,-3.3081066608429,0.0223463419824839,119.232971191406,63.4481735229492,-3.43268656730652,-0.0436234846711159,-0.169514998793602,-0.198303505778313,70
738505.49040775396861135960,62.9075622558594,-2.92646050453186,7.65428495407104,-0.0455836430191994,0.00113343144766986,42.4745864868164,-71.3323440551758,191.098510742188,156.640625,-3.16281867027283,0.0546282567083836,119.233436584473,63.4390563964844,-3.39647960662842,-0.0376665145158768,-0.169336631894112,-0.198151409626007,70
738505.49041005608160048723,62.9010620117188,-2.84329771995544,7.64328956604004,-0.0455836430191994,0.00113343144766986,42.4745750427246,-71.3321914672852,190.462829589844,156.004959106445,-3.03910064697266,0.0871955081820488,119.231460571289,63.4275016784668,-3.35642766952515,-0.0389232486486435,-0.168392702937126,-0.197968542575836,70
738505.49041236063931137323,62.8921661376953,-2.75423407554626,7.63329029083252,-0.0455836430191994,0.00113343144766986,42.4745597839355,-71.3320388793945,189.853729248047,155.395843505859,-2.92978239059448,0.119209289550781,119.226654052734,63.4135437011719,-3.31061601638794,-0.0405970215797424,-0.166485011577606,-0.197761505842209,70
738505.49041462689638137817,62.8807792663574,-2.66370868682861,7.62426424026489,-0.0455836430191994,0.00113343144766986,42.4745483398438,-71.3318939208984,189.277313232422,154.819396972656,-2.83068346977234,0.150345847010612,119.218856811523,63.3972969055176,-3.25862288475037,-0.0406390652060509,-0.163539662957191,-0.197528377175331,70
738505.49041694728657603264,62.8654022216797,-2.56585431098938,7.61542510986328,-0.0455836430191994,0.00113343144766986,42.4745330810547,-71.3317337036133,188.685943603516,154.227966308594,-2.73084902763367,0.183231815695763,119.206718444824,63.3769416809082,-3.19523930549622,-0.0386945120990276,-0.159140780568123,-0.197252213954926,70
738505.49041922041215002537,62.8476409912109,-2.47214770317078,7.60772657394409,-0.0455836430191994,0.00113343144766986,42.4745216369629,-71.3315811157227,188.141906738281,153.683898925781,-2.63933539390564,0.21434885263443,119.191116333008,63.3546752929688,-3.12793445587158,-0.0353949181735516,-0.153659299015999,-0.196959853172302,70
738505.49042147537693381310,62.8269157409668,-2.3786039352417,7.60072660446167,-0.0455836430191994,0.00113343144766986,42.4745063781738,-71.3314361572266,187.61589050293,153.157836914062,-2.55035495758057,0.244976431131363,119.171112060547,63.3296928405762,-3.05455565452576,-0.0311429966241121,-0.146872594952583,-0.196647480130196,70
738505.49042372580152004957,62.8033409118652,-2.28139138221741,7.59426355361938,-0.0455836430191994,0.00113343144766986,42.474494934082,-71.3312835693359,187.105041503906,152.647216796875,-2.47847414016724,0.265979051589966,119.146293640137,63.3019523620605,-2.97567129135132,-0.0232803542166948,-0.138697251677513,-0.196318805217743,70
738505.49042597808875143528,62.7793312072754,-2.20235300064087,7.58762550354004,-0.0455836430191994,0.00113343144766986,42.4744834899902,-71.3311386108398,186.629440307617,152.171875,-2.51649284362793,0.21728327870369,119.117866516113,63.2745361328125,-2.89565777778625,-0.0228127557784319,-0.129492551088333,-0.19598850607872,70
738505.49042828509118407965,62.7524223327637,-2.15504837036133,7.57906246185303,-0.0455836430191994,0.00113343144766986,42.4744682312012,-71.3309860229492,186.141326904297,151.683822631836,-2.54064416885376,0.185134544968605,119.083335876465,63.2451820373535,-2.81010413169861,-0.032667338848114,-0.11855461448431,-0.195617437362671,70
738505.49043067800812423229,62.7231330871582,-2.112708568573,7.56908655166626,-0.0455836430191994,0.00113343144766986,42.4744567871094,-71.3308258056641,185.64826965332,151.159790039062,-2.50240683555603,0.169497117400169,119.043403625488,63.2134971618652,-2.72568821907043,-0.0288477391004562,-0.106248646974564,-0.195219650864601,70
738505.49043292889837175608,62.6937255859375,-2.0629940032959,7.55878114700317,-0.0455836430191994,0.00113343144766986,42.4744415283203,-71.3306732177734,185.1806640625,150.537200927734,-2.43715381622314,0.145991638302803,119.001159667969,63.1814384460449,-2.65024018287659,-0.0221048761159182,-0.0935128554701805,-0.194817140698433,70
738505.49043517326936125755,62.6644554138184,-2.01943945884705,7.54766321182251,-0.0455836430191994,0.00113343144766986,42.4744300842285,-71.3305282592773,184.736587524414,149.942840576172,-2.41412115097046,0.0894083306193352,118.957054138184,63.149658203125,-2.58247518539429,-0.0284758042544127,-0.0803878009319305,-0.194421797990799,70
738505.49043753545265644789,62.6330528259277,-1.97746121883392,7.53449583053589,-0.0455836430191994,0.00113343144766986,42.4744148254395,-71.3303756713867,184.282516479492,149.418869018555,-2.37707281112671,0.0570615530014038,118.90803527832,63.1155967712402,-2.51703715324402,-0.0387414805591106,-0.065943107008934,-0.193995639681816,70
738505.49043989833444356918,62.6006774902344,-1.93697142601013,7.52000188827515,-0.0455836430191994,0.00113343144766986,42.4744033813477,-71.3302230834961,183.834381103516,148.963928222656,-2.34166574478149,0.0255376342684031,118.855972290039,63.0804824829102,-2.45629143714905,-0.047377921640873,-0.0506572350859642,-0.193548277020454,70
738505.49044228484854102135,62.5662231445312,-1.89712762832642,7.50365352630615,-0.0455836430191994,0.00113343144766986,42.4743881225586,-71.3300628662109,183.37678527832,148.489959716797,-2.30659794807434,-0.00716266874223948,118.799011230469,63.0431289672852,-2.39782667160034,-0.0558651722967625,-0.0339761301875114,-0.193058401346207,70
738505.49044453352689743042,62.5343246459961,-1.86298704147339,7.48766136169434,-0.0455836430191994,0.00113343144766986,42.4743766784668,-71.3299179077148,182.968292236328,147.998031616211,-2.27638912200928,-0.0374131761491299,118.745323181152,63.0085525512695,-2.34866285324097,-0.062523141503334,-0.0181576851755381,-0.192597940564156,70
738505.49044705997221171856,62.4957046508789,-1.82483768463135,7.46718502044678,-0.0455836430191994,0.00113343144766986,42.4743614196777,-71.3297424316406,182.490493774414,147.420974731445,-2.24259471893311,-0.0766116753220558,118.678520202637,62.9666748046875,-2.29392004013062,-0.0703086331486702,0.0014620249858126,-0.192015290260315,70
738505.49044934276025742292,62.4626045227051,-1.79472899436951,7.44859790802002,-0.0455836430191994,0.00113343144766986,42.4743499755859,-71.3295974731445,182.093307495117,146.939956665039,-2.21585965156555,-0.109706722199917,118.620712280273,62.9307518005371,-2.2511625289917,-0.0768280401825905,0.0187012068927288,-0.191510528326035,70
738505.49045175127685070038,62.4268569946289,-1.76684725284576,7.42432975769043,-0.0455836430191994,0.00113343144766986,42.4743347167969,-71.3294372558594,181.66716003418,146.422637939453,-2.20627069473267,-0.325580269098282,118.555740356445,62.8916130065918,-2.2075023651123,-0.02536865696311,0.0381113775074482,-0.190939843654633,70
738505.49045414803549647331,62.3936729431152,-1.75646781921387,7.38915252685547,-0.0455836430191994,0.00113343144766986,42.4743232727051,-71.3292846679688,181.256164550781,145.922927856445,-2.24396252632141,-0.933466613292694,118.491104125977,62.8542366027832,-2.16842818260193,-0.0352321267127991,0.0575944259762764,-0.190365418791771,70
738505.49045648553874343634,62.3623161315918,-1.75383961200714,7.33504390716553,-0.0455836430191994,0.00113343144766986,42.4743118286133,-71.3291244506836,180.840377807617,145.417144775391,-2.26532626152039,-1.50447475910187,118.424423217773,62.8166961669922,-2.13349342346191,-0.13413405418396,0.0778155624866486,-0.189750149846077,70
738505.49045880394987761974,62.3328399658203,-1.74954807758331,7.26892709732056,-0.0455836430191994,0.00113343144766986,42.4742965698242,-71.328971862793,180.433013916016,144.921691894531,-2.22821736335754,-1.65288901329041,118.358551025391,62.7796249389648,-2.1050009727478,-0.246549353003502,0.0979304313659668,-0.189107894897461,70
738505.49046117987018078566,62.3037414550781,-1.7346088886261,7.1966609954834,-0.0455836430191994,0.00113343144766986,42.4742851257324,-71.3288192749023,180.026809692383,144.427169799805,-2.19065690040588,-1.74719190597534,118.292068481445,62.7419853210449,-2.08144092559814,-0.308570444583893,0.118390239775181,-0.188414737582207,70
738505.49046344019006937742,62.2757339477539,-1.71777760982513,7.12290954589844,-0.0455836430191994,0.00113343144766986,42.4742736816406,-71.3286666870117,179.635238647461,143.949844360352,-2.15993428230286,-1.81895637512207,118.227157592773,62.7052917480469,-2.06162047386169,-0.347865760326385,0.138607949018478,-0.18768772482872,70
738505.49046572728548198938,62.247932434082,-1.70054733753204,7.04640960693359,-0.0455836430191994,0.00113343144766986,42.4742584228516,-71.3285217285156,179.247924804688,143.47705078125,-2.13556694984436,-1.88989233970642,118.162002563477,62.6685638427734,-2.04349160194397,-0.373007237911224,0.159158751368523,-0.186896428465843,70
738505.49046809144783765078,62.2196083068848,-1.68349623680115,6.96529722213745,-0.0455836430191994,0.00113343144766986,42.4742469787598,-71.328369140625,178.855133056641,142.996871948242,-2.11509442329407,-1.96237599849701,118.094970703125,62.6308975219727,-2.02577686309814,-0.389266759157181,0.18060477077961,-0.186006605625153,70
738505.49047043942846357822,62.190544128418,-1.66718280315399,6.87888813018799,-0.0455836430191994,0.00113343144766986,42.474235534668,-71.3282089233398,178.453979492188,142.388412475586,-2.09759926795959,-2.0366063117981,118.025497436523,62.5920333862305,-2.00797486305237,-0.400505006313324,0.203155040740967,-0.184982195496559,70
738505.49047276959754526615,62.1626777648926,-1.65263915061951,6.79370880126953,-0.0455836430191994,0.00113343144766986,42.4742240905762,-71.3280563354492,178.071258544922,141.756805419922,-2.08468246459961,-2.07127356529236,117.958442687988,62.5546493530273,-1.99122405052185,-0.417795479297638,0.225278288125992,-0.183892145752907,70
738505.49047518661245703697,62.1335182189941,-1.6405975818634,6.70379304885864,-0.0455836430191994,0.00113343144766986,42.4742126464844,-71.3279037475586,177.673812866211,141.099227905273,-2.08301615715027,-2.0570707321167,117.887916564941,62.5156517028809,-1.9741051197052,-0.424787729978561,0.248864412307739,-0.182624951004982,70
738505.49047749291639775038,62.1056175231934,-1.63313865661621,6.61822128295898,-0.0455836430191994,0.00113343144766986,42.4742012023926,-71.327751159668,177.296249389648,140.473510742188,-2.08174324035645,-2.04247403144836,117.820487976074,62.4786033630371,-1.95854806900024,-0.422749876976013,0.271780252456665,-0.181298285722733,70
738505.49047977291047573090,62.0776786804199,-1.62858641147614,6.53283357620239,-0.0455836430191994,0.00113343144766986,42.4741897583008,-71.3275985717773,176.918685913086,139.847152709961,-2.08093333244324,-2.02523946762085,117.752700805664,62.4417190551758,-1.94417345523834,-0.417894721031189,0.295113414525986,-0.179831326007843,70
738505.49048215465154498816,62.049129486084,-1.62682151794434,6.44597148895264,-0.0455836430191994,0.00113343144766986,42.474178314209,-71.3274459838867,176.531600952148,139.204788208008,-2.08178400993347,-1.99188470840454,117.68302154541,62.4042587280273,-1.93112146854401,-0.413011074066162,0.319389164447784,-0.178177237510681,70
738505.49048447317909449339,62.0212516784668,-1.62742483615875,6.36175966262817,-0.0455836430191994,0.00113343144766986,42.4741668701172,-71.3272933959961,176.151565551758,138.574172973633,-2.08386754989624,-1.95660400390625,117.614768981934,62.3679084777832,-1.92031908035278,-0.404833883047104,0.343499898910522,-0.176408320665359,70
738505.49048683175351470709,61.9931907653809,-1.63029551506042,6.27754545211792,-0.0455836430191994,0.00113343144766986,42.4741554260254,-71.3271331787109,175.765548706055,137.934112548828,-2.08736968040466,-1.92098891735077,117.545761108398,62.33154296875,-1.91156661510468,-0.396027892827988,0.368200749158859,-0.174452021718025,70
738505.49048920988570898771,61.9661293029785,-1.63515293598175,6.19672679901123,-0.0455836430191994,0.00113343144766986,42.4741439819336,-71.3269882202148,175.388519287109,137.309585571289,-2.09228849411011,-1.88642024993896,117.478942871094,62.2966651916504,-1.9052666425705,-0.388976514339447,0.392468839883804,-0.17239548265934,70
738505.49049152398947626352,61.939380645752,-1.64194703102112,6.11715507507324,-0.0455836430191994,0.00113343144766986,42.4741325378418,-71.3268356323242,175.009918212891,136.683349609375,-2.09876585006714,-1.85187482833862,117.412605285645,62.2623672485352,-1.90117430686951,-0.386555671691895,0.416920900344849,-0.17018860578537,70
738505.49049382866360247135,61.9125328063965,-1.65075969696045,6.03740692138672,-0.0455836430191994,0.00113343144766986,42.47412109375,-71.3266830444336,174.622680664062,136.044036865234,-2.10699510574341,-1.81673049926758,117.345664978027,62.2281036376953,-1.89926040172577,-0.387148350477219,0.441960066556931,-0.167773336172104,70
738505.49049619270954281092,61.8863677978516,-1.66137778759003,5.95931625366211,-0.0455836430191994,0.00113343144766986,42.4741134643555,-71.326530456543,174.236206054688,135.407455444336,-2.11680555343628,-1.7820565700531,117.280044555664,62.19482421875,-1.89955842494965,-0.38352832198143,0.466923415660858,-0.165213599801064,70
738505.49049853358883410692,61.8602638244629,-1.67405104637146,5.8809175491333,-0.0455836430191994,0.00113343144766986,42.4741020202637,-71.3263778686523,173.840133666992,134.756744384766,-2.12844467163086,-1.7469619512558,117.21411895752,62.1617240905762,-1.90205109119415,-0.377043902873993,0.492423921823502,-0.162434861063957,70
738505.49050095875281840563,61.834831237793,-1.68850684165955,5.80367136001587,-0.0455836430191994,0.00113343144766986,42.4740905761719,-71.3262176513672,173.442169189453,134.104858398438,-2.14167428016663,-1.71224761009216,117.149452209473,62.1295433044434,-1.90667724609375,-0.361151188611984,0.51790976524353,-0.159493759274483,70
738505.49050331127364188433,61.8107833862305,-1.70486688613892,5.72262001037598,-0.0455836430191994,0.00113343144766986,42.4740829467773,-71.3260650634766,173.045425415039,133.457183837891,-2.1558358669281,-1.68119871616364,117.086715698242,62.0985336303711,-1.91328179836273,-0.121893033385277,0.543127417564392,-0.156418204307556,70
738505.49050581292249262333,61.7862205505371,-1.7245979309082,5.62978887557983,-0.0455836430191994,0.00113343144766986,42.4740715026855,-71.3259048461914,172.615020751953,132.75715637207,-2.17064571380615,-1.65204215049744,117.020629882812,62.0661392211914,-1.92264485359192,0.441323101520538,0.570208609104156,-0.152910351753235,70
738505.49050812877248972654,61.7637977600098,-1.74416851997375,5.54949760437012,-0.0455836430191994,0.00113343144766986,42.4740600585938,-71.3257522583008,172.209976196289,132.10107421875,-2.18305945396423,-1.62152194976807,116.961044311523,62.0371322631836,-1.93337750434875,0.893640100955963,0.595384955406189,-0.149489507079124,70
738505.49051053251605480909,61.7407493591309,-1.76579344272614,5.48489284515381,-0.0455836430191994,0.00113343144766986,42.4740524291992,-71.3255920410156,171.792129516602,131.427001953125,-2.19586682319641,-1.57867157459259,116.902114868164,62.0090484619141,-1.94629096984863,0.927587151527405,0.621008336544037,-0.14580374956131,70
738505.49051290901843458414,61.7180404663086,-1.78847193717957,5.4359245300293,-0.0455836430191994,0.00113343144766986,42.4740409851074,-71.325439453125,171.37483215332,130.756729125977,-2.21088051795959,-1.52471721172333,116.845924377441,61.9827766418457,-1.96086812019348,0.632761716842651,0.646208167076111,-0.14199124276638,70
738505.49051531602162867785,61.6957893371582,-1.81223165988922,5.39055776596069,-0.0455836430191994,0.00113343144766986,42.4740333557129,-71.3252792358398,170.946701049805,130.07209777832,-2.22870588302612,-1.46461701393127,116.790802001953,61.9573440551758,-1.97742056846619,0.366708427667618,0.671631515026093,-0.137941583991051,70
738505.49051770160440355539,61.6744194030762,-1.83679819107056,5.34748458862305,-0.0455836430191994,0.00113343144766986,42.4740219116211,-71.3251266479492,170.513442993164,129.382354736328,-2.247971534729,-1.4015634059906,116.737571716309,61.9330558776855,-1.99557590484619,0.172369778156281,0.696902573108673,-0.133727923035622,70
738505.49051999754738062620,61.653980255127,-1.86116778850555,5.30636501312256,-0.0455836430191994,0.00113343144766986,42.4740142822266,-71.3249740600586,170.076248168945,128.689483642578,-2.26447534561157,-1.33631694316864,116.686317443848,61.9098930358887,-2.01511025428772,0.039923332631588,0.721929371356964,-0.129361137747765,70
738505.49052240478340536356,61.634162902832,-1.88528418540955,5.2653865814209,-0.0455836430191994,0.00113343144766986,42.4740028381348,-71.3248138427734,169.627243041992,127.980949401855,-2.2791953086853,-1.2648446559906,116.63623046875,61.8873863220215,-2.03614544868469,-0.0073059406131506,0.7471524477005,-0.124768994748592,70
738505.49052478617522865534,61.6159362792969,-1.90675830841064,5.22234439849854,-0.0455836430191994,0.00113343144766986,42.4739952087402,-71.3246612548828,169.184982299805,127.285827636719,-2.29058051109314,-1.14931750297546,116.58943939209,61.8662452697754,-2.05740475654602,0.198752641677856,0.771561145782471,-0.120166420936584,70
738505.49052720819599926472,61.5982551574707,-1.92847537994385,5.17786407470703,-0.0455836430191994,0.00113343144766986,42.4739837646484,-71.3245010375977,168.728439331055,126.570907592773,-2.30312037467957,-1.02964234352112,116.543418884277,61.8455696105957,-2.07952308654785,0.639267921447754,0.796347141265869,-0.115313902497292,70
738505.49052955606020987034,61.5816612243652,-1.95011246204376,5.1412525177002,-0.0455836430191994,0.00113343144766986,42.4739761352539,-71.324348449707,168.273834228516,125.861640930176,-2.31400489807129,-0.913732647895813,116.499641418457,61.8266639709473,-2.10141348838806,1.07596397399902,0.820635080337524,-0.110398322343826,70
738505.49053202103823423386,61.5649833679199,-1.97173285484314,5.1208028793335,-0.0455836430191994,0.00113343144766986,42.4739646911621,-71.3241882324219,167.812515258789,125.144515991211,-2.32705760002136,-0.792847156524658,116.456886291504,61.8090400695801,-2.1234016418457,1.22656774520874,0.844893991947174,-0.105325654149055,70
738505.49053438380360603333,61.5486869812012,-1.99482715129852,5.11824083328247,-0.0455836430191994,0.00113343144766986,42.4739570617676,-71.3240356445312,167.36279296875,124.447883605957,-2.33801531791687,-0.686696588993073,116.416496276855,61.7933387756348,-2.14455533027649,1.05045342445374,0.868167459964752,-0.100327998399734,70
738505.49053665297105908394,61.5322570800781,-2.01441693305969,5.12707901000977,-0.0455836430191994,0.00113343144766986,42.473949432373,-71.3238830566406,166.902862548828,123.737861633301,-2.34278345108032,-0.592607855796814,116.376235961914,61.7783432006836,-2.16608810424805,0.707049965858459,0.891586303710938,-0.095152884721756,70
738505.49053895077668130398,61.5169677734375,-2.03116083145142,5.14232015609741,-0.0455836430191994,0.00113343144766986,42.4739418029785,-71.3237380981445,166.454681396484,123.047889709473,-2.34767770767212,-0.499564975500107,116.338363647461,61.7649307250977,-2.18671607971191,0.320530503988266,0.91409695148468,-0.0900635272264481,70
738505.49054125498514622450,61.5019416809082,-2.04588603973389,5.15990352630615,-0.0455836430191994,0.00113343144766986,42.4739303588867,-71.3235931396484,165.999053955078,122.348182678223,-2.35523796081543,-0.404171079397202,116.301734924316,61.7519149780273,-2.20701169967651,-0.0107002565637231,0.936733841896057,-0.0848347023129463,70
738505.49054362904280424118,61.4869041442871,-2.05979633331299,5.17651748657227,-0.0455836430191994,0.00113343144766986,42.4739227294922,-71.3234329223633,165.521774291992,121.616729736328,-2.36356472969055,-0.306231528520584,116.26602935791,61.7387924194336,-2.22721529006958,-0.185786440968513,0.960241198539734,-0.0793073400855064,70
738505.49054596410132944584,61.4721984863281,-2.07190704345703,5.1928505897522,-0.0455836430191994,0.00113343144766986,42.4739112854004,-71.3232803344727,165.050857543945,120.896392822266,-2.36346912384033,-0.100538663566113,116.233940124512,61.7259216308594,-2.24583959579468,-0.250279456377029,0.983281433582306,-0.0738502368330956,70
738505.49054826202336698771,61.4566497802734,-2.0871639251709,5.22453546524048,-0.0455836430191994,0.00113343144766986,42.4739036560059,-71.3231353759766,164.588119506836,120.247825622559,-2.33441615104675,1.01025378704071,116.20548248291,61.7136268615723,-2.26303935050964,-0.321469962596893,1.005730509758,-0.0684943348169327,70
738505.49055054993368685246,61.4367828369141,-2.0783851146698,5.28898096084595,-0.0455836430191994,0.00113343144766986,42.4738960266113,-71.3229904174805,164.127899169922,119.613525390625,-2.31243944168091,2.3517951965332,116.179748535156,61.6990394592285,-2.27893471717834,-0.135728523135185,1.02808034420013,-0.0631309151649475,70
738505.49055303202476352453,61.4105949401855,-2.06589198112488,5.39419317245483,-0.0455836430191994,0.00113343144766986,42.4738845825195,-71.3228225708008,163.626556396484,118.921119689941,-2.2874767780304,2.92876315116882,116.153526306152,61.6816558837891,-2.2928261756897,0.230061411857605,1.05277919769287,-0.0572116002440453,70
738505.49055552121717482805,61.3824157714844,-2.05269312858582,5.51722478866577,-0.0455836430191994,0.00113343144766986,42.473876953125,-71.3226623535156,163.125595092773,118.227310180664,-2.3023898601532,3.06651091575623,116.128128051758,61.6640434265137,-2.30175280570984,0.431367665529251,1.0780576467514,-0.051289651542902,70
738505.49055796512402594090,61.3542900085449,-2.04593300819397,5.64481401443481,-0.0455836430191994,0.00113343144766986,42.4738655090332,-71.3225021362305,162.634490966797,117.54566192627,-2.31421041488647,3.19537281990051,116.103073120117,61.6473731994629,-2.30578684806824,0.544657766819,1.10343170166016,-0.0455169603228569,70
738505.49056039983406662941,61.3270874023438,-2.04488921165466,5.77218914031982,-0.0455836430191994,0.00113343144766986,42.4738540649414,-71.3223495483398,162.166046142578,116.89444732666,-2.3271472454071,3.28257775306702,116.07886505127,61.6320648193359,-2.3065550327301,0.582339942455292,1.12809586524963,-0.0401001833379269,70
738505.49056282849051058292,61.2985153198242,-2.04727482795715,5.90847778320312,-0.0455836430191994,0.00113343144766986,42.4738426208496,-71.3221893310547,161.677551269531,116.214599609375,-2.33746576309204,3.35938405990601,116.053169250488,61.6166343688965,-2.30571889877319,0.598976194858551,1.15417516231537,-0.0345401018857956,70
738505.49056518892757594585,61.2708511352539,-2.052729845047,6.04202938079834,-0.0455836430191994,0.00113343144766986,42.4738349914551,-71.3220367431641,161.204559326172,115.555938720703,-2.34362244606018,3.35344338417053,116.028160095215,61.6022491455078,-2.30462670326233,0.600717961788177,1.17966711521149,-0.0293174628168344,70
738505.49056767020374536514,61.2425804138184,-2.06023836135864,6.17839622497559,-0.0455836430191994,0.00113343144766986,42.4738235473633,-71.3218841552734,160.716171264648,114.875541687012,-2.34636497497559,3.26079702377319,116.002349853516,61.5879096984863,-2.30416536331177,0.594247937202454,1.20614874362946,-0.0240900982171297,70
738505.49057004321366548538,61.2146492004395,-2.06598496437073,6.3112530708313,-0.0455836430191994,0.00113343144766986,42.4738121032715,-71.3217239379883,160.226776123047,114.193496704102,-2.34182786941528,3.13842988014221,115.976760864258,61.5738067626953,-2.30486607551575,0.574585497379303,1.23280763626099,-0.0190637689083815,70
738505.49057234043721109629,61.1893539428711,-2.07012367248535,6.42919492721558,-0.0455836430191994,0.00113343144766986,42.4738006591797,-71.3215789794922,159.777267456055,113.566734313965,-2.33855891227722,3.02217125892639,115.953666687012,61.5610008239746,-2.30644488334656,0.553440690040588,1.25741958618164,-0.0146653987467289,70
738505.49057471659034490585,61.1632385253906,-2.07426309585571,6.54849815368652,-0.0455836430191994,0.00113343144766986,42.4737892150879,-71.3214263916016,159.305694580078,112.829368591309,-2.33470177650452,2.88424968719482,115.929740905762,61.5477600097656,-2.30881118774414,0.524984300136566,1.28338479995728,-0.010236662812531,70
738505.49057711614295840263,61.1361236572266,-2.07797145843506,6.66937112808228,-0.0455836430191994,0.00113343144766986,42.4737777709961,-71.3212661743164,158.806304931641,111.984794616699,-2.33156895637512,2.73629069328308,115.904777526855,61.5339279174805,-2.31182765960693,0.495105981826782,1.31106674671173,-0.00577658507972956,70
738505.49057946936227381229,61.1113891601562,-2.08665347099304,6.77532768249512,-0.0455836430191994,0.00113343144766986,42.4737663269043,-71.3211212158203,158.342895507812,111.216323852539,-2.30286335945129,2.56132769584656,115.88208770752,61.5212211608887,-2.31492948532104,0.482787102460861,1.33690738677979,-0.00188742461614311,70
738505.49058181419968605042,61.0844573974609,-2.07028269767761,6.88081741333008,-0.0455836430191994,0.00113343144766986,42.4737510681152,-71.3209686279297,157.866333007812,110.431884765625,-2.18464469909668,2.48479866981506,115.859008789062,61.5056343078613,-2.31849265098572,0.4515460729599,1.36369836330414,0.00189777440391481,70
738505.49058417032938450575,61.0554389953613,-2.03016710281372,6.98376703262329,-0.0455836430191994,0.00113343144766986,42.4737396240234,-71.3208160400391,157.400939941406,109.661476135254,-2.10590696334839,2.50885200500488,115.835792541504,61.4870796203613,-2.31971144676208,0.439879059791565,1.3906956911087,0.00541491759940982,70
738505.49058657826390117407,61.0243797302246,-1.98239493370056,7.09006309509277,-0.0455836430191994,0.00113343144766986,42.4737281799316,-71.3206634521484,156.932830810547,108.942848205566,-2.12391662597656,2.58410787582397,115.81078338623,61.4668502807617,-2.31494450569153,0.458654493093491,1.41929125785828,0.00879527814686298,70
738505.49058896908536553383,60.995189666748,-1.97600769996643,7.19610261917114,-0.0455836430191994,0.00113343144766986,42.4737167358398,-71.3205108642578,156.475952148438,108.241004943848,-2.27776670455933,2.66671347618103,115.784439086914,61.4499931335449,-2.30325126647949,0.462373942136765,1.44865238666534,0.0118994722142816,70
738505.49059134523849934340,60.9692535400391,-2.00856304168701,7.30327892303467,-0.0455836430191994,0.00113343144766986,42.4737014770508,-71.3203582763672,156.015350341797,107.535003662109,-2.42397856712341,2.75006794929504,115.757141113281,61.4379539489746,-2.28940677642822,0.475651025772095,1.47873413562775,0.0147689739242196,70
738505.49059374839998781681,60.9446220397949,-2.0581750869751,7.41205453872681,-0.0455836430191994,0.00113343144766986,42.473690032959,-71.3202056884766,155.547836303711,106.822860717773,-2.55226564407349,2.83279061317444,115.730293273926,61.4281845092773,-2.28010106086731,0.495678901672363,1.50880360603333,0.0173949934542179,70
738505.49059605714865028858,60.9216384887695,-2.12611103057861,7.52087879180908,-0.0455836430191994,0.00113343144766986,42.4736747741699,-71.3200531005859,155.076934814453,106.111343383789,-2.71172070503235,2.91406035423279,115.705307006836,61.4209251403809,-2.27961421012878,0.511166989803314,1.53799521923065,0.0197440087795258,70
738505.49059845600277185440,60.899528503418,-2.21753096580505,7.63580751419067,-0.0455836430191994,0.00113343144766986,42.4736633300781,-71.3199005126953,154.571075439453,105.355400085449,-2.86292004585266,2.99815630912781,115.681594848633,61.4164123535156,-2.29156374931335,0.529378950595856,1.56745111942291,0.0219473708420992,70
738505.49060080922208726406,60.8801879882812,-2.31650924682617,7.74979162216187,-0.0455836430191994,0.00113343144766986,42.4736480712891,-71.3197479248047,154.061157226562,104.60270690918,-2.99521136283875,3.07924103736877,115.661552429199,61.415168762207,-2.3173828125,0.547516644001007,1.59475636482239,0.0238423943519592,70
738505.49060330830980092287,60.8622207641602,-2.42822861671448,7.87381935119629,-0.0455836430191994,0.00113343144766986,42.4736328125,-71.3195877075195,153.497009277344,103.780372619629,-3.12671041488647,3.16494274139404,115.644218444824,61.4174499511719,-2.36082792282104,0.56507009267807,1.62203562259674,0.0256014745682478,70
738505.49060571205336600542,60.8473510742188,-2.5415244102478,7.99823951721191,-0.0455836430191994,0.00113343144766986,42.4736175537109,-71.3194351196289,152.921752929688,102.952331542969,-3.24917101860046,3.24838519096375,115.631904602051,61.4233779907227,-2.41814279556274,0.580460846424103,1.64673507213593,0.0270545892417431,70
738505.49060814082622528076,60.8353843688965,-2.65520477294922,8.12399005889893,-0.0455836430191994,0.00113343144766986,42.4736061096191,-71.3192825317383,152.33137512207,102.112434387207,-3.3661675453186,3.3302686214447,115.624870300293,61.4328384399414,-2.48737025260925,0.594330489635468,1.6689954996109,0.0282301716506481,70
738505.49061053653713315725,60.8260231018066,-2.77094626426697,8.25397300720215,-0.0455836430191994,0.00113343144766986,42.4735908508301,-71.3191299438477,151.712188720703,101.241241455078,-3.4819118976593,3.41245579719543,115.623405456543,61.4460067749023,-2.56801867485046,0.607543289661407,1.68922305107117,0.0291446130722761,70
738505.49061296205036342144,60.8192443847656,-2.88757538795471,8.38847827911377,-0.0455836430191994,0.00113343144766986,42.473575592041,-71.3189697265625,151.065948486328,100.470916748047,-3.59574699401855,3.49510526657104,115.62801361084,61.4628753662109,-2.65794014930725,0.593634963035583,1.70720744132996,0.0297830868512392,70
738505.49061540246475487947,60.8151893615723,-3.00248527526855,8.52438831329346,-0.0455836430191994,0.00113343144766986,42.473560333252,-71.3188171386719,150.403503417969,99.755615234375,-3.70592927932739,3.57644319534302,115.638824462891,61.4830665588379,-2.75361394882202,0.5848348736763,1.72261214256287,0.0301356166601181,70
738505.49061779107432812452,60.8137245178223,-3.11874222755432,8.66563415527344,-0.0455836430191994,0.00113343144766986,42.4735450744629,-71.3186645507812,149.704238891602,99.0033721923828,-3.81617116928101,3.65862059593201,115.656448364258,61.5071449279785,-2.85647487640381,0.589674830436707,1.73583900928497,0.030197924003005,70
738505.49062026315368711948,60.8143539428711,-3.23255515098572,8.80869674682617,-0.0455836430191994,0.00113343144766986,42.4735260009766,-71.3185043334961,148.989654541016,98.2373886108398,-3.92332863807678,3.7396867275238,115.680557250977,61.5339584350586,-2.96184659004211,0.574432134628296,1.74641704559326,0.0299620386213064,70
738505.49062269926071166992,60.809513092041,-3.34755849838257,8.95674133300781,-0.0455836430191994,0.00113343144766986,42.4735107421875,-71.3183517456055,148.234741210938,97.4308929443359,-4.03024530410767,3.82384395599365,115.711853027344,61.5566902160645,-3.07232165336609,0.557082056999207,1.75464332103729,0.029409147799015,70
738505.49062518938444554806,60.7865867614746,-3.46337413787842,9.10627841949463,-0.0455836430191994,0.00113343144766986,42.4734954833984,-71.3181915283203,147.446960449219,96.5919799804688,-4.13531684875488,3.91139602661133,115.747924804688,61.5623931884766,-3.1857168674469,0.527580082416534,1.76026332378387,0.0285187195986509,70
738505.49062762688845396042,60.7411575317383,-3.60483813285828,9.23571968078613,-0.0455836430191994,0.00113343144766986,42.4734764099121,-71.3180389404297,146.66145324707,95.7581481933594,-4.22180032730103,3.36363554000854,115.781684875488,61.5449562072754,-3.29616403579712,0.726063370704651,1.76302349567413,0.0273328199982643,70
738505.49063002690672874451,60.6760292053223,-3.73457479476929,9.32743072509766,-0.0455836430191994,0.00113343144766986,42.473461151123,-71.3178787231445,145.829025268555,94.8772048950195,-4.2527642250061,1.0453634262085,115.80770111084,61.5022659301758,-3.41294765472412,0.718575477600098,1.76271033287048,0.0257856529206038,70
738505.49063238059170544147,60.5990943908691,-3.83263468742371,9.3617525100708,-0.0455836430191994,0.00113343144766986,42.4734420776367,-71.3177337646484,145.022552490234,94.0254135131836,-4.27688598632812,-0.0381058752536774,115.817039489746,61.4376258850098,-3.52562260627747,0.292406260967255,1.75946772098541,0.0240177605301142,70
738505.49063486233353614807,60.4917755126953,-3.93393683433533,9.36722278594971,-0.0455836430191994,0.00113343144766986,42.4734268188477,-71.3175735473633,144.12922668457,93.083366394043,-4.36425113677979,0.0503872744739056,115.803016662598,61.3390235900879,-3.64703226089478,0.0990076288580894,1.7530266046524,0.0217748675495386,70
738505.49063723452854901552,60.3021125793457,-4.04333972930908,9.35989475250244,-0.0455836430191994,0.00113343144766986,42.4734077453613,-71.3174209594727,143.254867553711,92.1627578735352,-4.4617280960083,0.152311369776726,115.757965087891,61.1580009460449,-3.7603714466095,0.0941645428538322,1.74406337738037,0.0193637162446976,70
738505.49063963454682379961,60.0506744384766,-4.17576122283936,9.34593486785889,-0.0455836430191994,0.00113343144766986,42.4733924865723,-71.317268371582,142.358474731445,91.2204971313477,-4.57617616653442,0.243380218744278,115.664878845215,60.9168853759766,-3.8721227645874,0.170436874032021,1.73216986656189,0.0167128201574087,70
738505.49064199521671980619,59.7627754211426,-4.33567047119141,9.32953643798828,-0.0455836430191994,0.00113343144766986,42.4733734130859,-71.3171157836914,141.435348510742,90.2520904541016,-4.71810340881348,0.302307367324829,115.509811401367,60.6417999267578,-3.98541879653931,0.268559783697128,1.71686375141144,0.01386415399611,70
738505.49064434645697474480,59.4704170227051,-4.52436399459839,9.30722522735596,-0.0455836430191994,0.00113343144766986,42.4733581542969,-71.3169708251953,140.485229492188,89.2574615478516,-4.80441522598267,-0.184176951646805,115.288696289062,60.3641014099121,-4.10417175292969,0.455379456281662,1.69759702682495,0.0108627891167998,70
738505.49064676498528569937,59.1761779785156,-4.69396209716797,9.27352333068848,-0.0455836430191994,0.00113343144766986,42.4733428955078,-71.3168182373047,139.466445922852,88.1930313110352,-4.81869506835938,-0.757052302360535,114.993186950684,60.0820388793945,-4.23748826980591,0.481560379266739,1.67274689674377,0.00758182583376765,70
738505.49064926698338240385,58.8827323913574,-4.86468458175659,9.22603034973145,-0.0455836430191994,0.00113343144766986,42.4733238220215,-71.3166656494141,138.392974853516,87.0733108520508,-4.84302520751953,-1.19085693359375,114.633514404297,59.7993392944336,-4.38262939453125,0.391865462064743,1.64213645458221,0.00408578151836991,70
738505.49065176374278962612,58.5939407348633,-5.0172061920166,9.16994285583496,-0.0455836430191994,0.00113343144766986,42.4733047485352,-71.3165130615234,137.281036376953,85.9150924682617,-4.85522222518921,-1.30404329299927,114.226089477539,59.5189895629883,-4.5348539352417,0.366994947195053,1.60602617263794,0.000452299573225901,70
738505.49065414990764111280,58.319637298584,-5.15556621551514,9.11235332489014,-0.0455836430191994,0.00113343144766986,42.4732894897461,-71.3163681030273,136.175003051758,84.7643737792969,-4.84935188293457,-1.56111490726471,113.799644470215,59.2519607543945,-4.68461036682129,0.324030071496964,1.56609642505646,-0.00315489619970322,70
738505.49065651930868625641,58.0517997741699,-5.27791309356689,9.04724025726318,-0.0455836430191994,0.00113343144766986,42.473274230957,-71.3162155151367,135.044357299805,83.5891723632812,-4.84115982055664,-1.90051245689392,113.350662231445,58.9891548156738,-4.83344554901123,0.306489020586014,1.52153730392456,-0.00684291310608387,70
738505.49065890407655388117,57.7915802001953,-5.39330530166626,8.9666919708252,-0.0455836430191994,0.00113343144766986,42.473258972168,-71.3160705566406,133.892333984375,82.3927230834961,-4.72861289978027,-2.79475784301758,112.888092041016,58.7312164306641,-4.97847604751587,0.308565974235535,1.47267591953278,-0.0105729242786765,70
738505.49066126113757491112,57.5442161560059,-5.45673084259033,8.86144638061523,-0.0455836430191994,0.00113343144766986,42.4732398986816,-71.3159332275391,132.739196777344,81.1955642700195,-4.60448789596558,-3.72634100914001,112.422149658203,58.477668762207,-5.11561155319214,0.206768974661827,1.42038774490356,-0.0142815839499235,70
738505.49066372518427670002,57.5268478393555,-5.50171852111816,8.77334690093994,-0.0455836430191994,0.00113343144766986,42.4732246398926,-71.3157806396484,131.514221191406,79.9238510131836,-4.48126935958862,-4.20199632644653,111.937606811523,58.4515075683594,-5.24835252761841,-0.122154980897903,1.36179280281067,-0.0182032734155655,70
738505.49066614441107958555,57.4225463867188,-5.48977613449097,8.6552906036377,-0.0455836430191994,0.00113343144766986,42.4732093811035,-71.3156356811523,130.322830200195,78.8285675048828,-4.36331939697266,-4.35418033599854,111.510520935059,58.3301010131836,-5.36067485809326,-0.390402972698212,1.30225908756256,-0.0219807643443346,70
738505.49066855234559625387,57.340461730957,-5.45097303390503,8.53136825561523,-0.0455836430191994,0.00113343144766986,42.4731941223145,-71.3154830932617,129.118560791016,77.7528381347656,-4.28594398498535,-4.31226015090942,111.121040344238,58.2273635864258,-5.45246410369873,-0.72143292427063,1.24023497104645,-0.025769330561161,70
738505.49067096353974193335,57.3490371704102,-5.40309858322144,8.41670513153076,-0.0455836430191994,0.00113343144766986,42.4731788635254,-71.3153457641602,127.950889587402,76.7098083496094,-4.21888875961304,-4.20004892349243,110.78539276123,58.214656829834,-5.51742887496948,-0.941885054111481,1.17893362045288,-0.0293839443475008,70
738505.49067342630587518215,57.3736610412598,-5.34673118591309,8.29726886749268,-0.0455836430191994,0.00113343144766986,42.4731636047363,-71.3151931762695,126.736381530762,75.6251373291016,-4.15484571456909,-4.00925159454346,110.492958068848,58.2165718078613,-5.55996036529541,-1.04249799251556,1.1145144701004,-0.0330669693648815,70
738505.49067579850088804960,57.4059982299805,-5.2880277633667,8.19131755828857,-0.0455836430191994,0.00113343144766986,42.4731483459473,-71.3150482177734,125.59400177002,74.6052627563477,-4.13215255737305,-3.54224467277527,110.275871276855,58.2280807495117,-5.57843971252441,-1.04471290111542,1.05357873439789,-0.0364011526107788,70
738505.49067821644712239504,57.4514236450195,-5.22978639602661,8.0995922088623,-0.0455836430191994,0.00113343144766986,42.4731330871582,-71.3148956298828,124.439392089844,73.5749588012695,-4.1150221824646,-2.98882937431335,110.111267089844,58.2547874450684,-5.57849168777466,-1.00563907623291,0.991874098777771,-0.0396414957940578,70
738505.49068054952658712864,57.509407043457,-5.18649768829346,8.03936195373535,-0.0455836430191994,0.00113343144766986,42.4731178283691,-71.3147583007812,123.342643737793,72.5968933105469,-4.22981691360474,-1.76702237129211,110.003341674805,58.2997665405273,-5.56432580947876,-0.928644120693207,0.933282494544983,-0.0425645932555199,70
738505.49068293778691440821,57.5805778503418,-5.16226243972778,8.01520919799805,-0.0455836430191994,0.00113343144766986,42.4731025695801,-71.3146133422852,122.24382019043,71.6173782348633,-4.25882911682129,-0.74479728937149,109.940811157227,58.3645057678223,-5.54072856903076,-0.672385931015015,0.874680638313293,-0.0453327037394047,70
738505.49068540730513632298,57.6630897521973,-5.10461950302124,8.01461029052734,-0.0455836430191994,0.00113343144766986,42.473087310791,-71.3144683837891,121.095863342285,70.5947341918945,-4.05576944351196,-0.629837155342102,109.921333312988,58.4407653808594,-5.51140737533569,-0.404887288808823,0.813230454921722,-0.0480546802282333,70
738505.49068783246912062168,57.747184753418,-5.00033473968506,8.02030467987061,-0.0455836430191994,0.00113343144766986,42.473072052002,-71.3143157958984,119.986679077148,69.6087875366211,-3.8392231464386,-0.569345951080322,109.941993713379,58.5155181884766,-5.4765796661377,-0.296103209257126,0.753440856933594,-0.050548255443573,70
738505.49069028289522975683,57.8310241699219,-4.85985565185547,8.02819919586182,-0.0455836430191994,0.00113343144766986,42.4730606079102,-71.3141708374023,118.892227172852,68.6389999389648,-3.6147198677063,-0.511541545391083,109.995109558105,58.587516784668,-5.42975997924805,-0.248166084289551,0.694627165794373,-0.0529203526675701,70
738505.49069270316977053881,57.910327911377,-4.69670724868774,8.03722953796387,-0.0455836430191994,0.00113343144766986,42.4730453491211,-71.3140182495117,117.839569091797,67.7100372314453,-3.39971590042114,-0.450253307819366,110.071723937988,58.6537475585938,-5.36701488494873,-0.231948763132095,0.63891988992691,-0.0551493316888809,70
738505.49069515289738774300,57.9827690124512,-4.52039384841919,8.04673767089844,-0.0455836430191994,0.00113343144766986,42.473030090332,-71.3138732910156,116.844306945801,66.8359909057617,-3.19449138641357,-0.38925501704216,110.162689208984,58.7127380371094,-5.28704833984375,-0.227304950356483,0.587724387645721,-0.057232890278101,70
738505.49069762520957738161,58.0527191162109,-4.32124614715576,8.05689907073975,-0.0455836430191994,0.00113343144766986,42.473014831543,-71.313720703125,115.835487365723,65.9551696777344,-2.97687792778015,-0.341084808111191,110.26929473877,58.7682304382324,-5.18150615692139,-0.216932326555252,0.53803676366806,-0.0593585558235645,70
738505.49070006376132369041,58.1139602661133,-4.11754322052002,8.065505027771,-0.0455836430191994,0.00113343144766986,42.4729995727539,-71.3135681152344,114.895278930664,65.1398086547852,-2.77769994735718,-0.364262491464615,110.377784729004,58.8152923583984,-5.05859041213989,-0.208731561899185,0.49449548125267,-0.0613612160086632,70
738505.49070250650402158499,58.1678314208984,-3.914719581604,8.06992816925049,-0.0455836430191994,0.00113343144766986,42.4729843139648,-71.3134231567383,114.005561828613,64.3740158081055,-2.57059454917908,-0.472735196352005,110.485542297363,58.8552894592285,-4.9186372756958,-0.177704647183418,0.456528067588806,-0.0632980540394783,70
738505.49070498871151357889,58.2162437438965,-3.72669434547424,8.05576229095459,-0.0455836430191994,0.00113343144766986,42.4729690551758,-71.3132705688477,113.162269592285,63.6538391113281,-2.35081481933594,-1.47807705402374,110.589332580566,58.8890037536621,-4.76475429534912,-0.0609099231660366,0.424196720123291,-0.0651897564530373,70
738505.49070743122138082981,58.2659034729004,-3.52235007286072,7.98955631256104,-0.0455836430191994,0.00113343144766986,42.4729537963867,-71.3131256103516,112.338409423828,62.9559860229492,-2.09291505813599,-3.56663703918457,110.68962097168,58.9165115356445,-4.59566640853882,-0.161506295204163,0.396621823310852,-0.0670999139547348,70
738505.49070992763154208660,58.3163299560547,-3.28922557830811,7.85831594467163,-0.0455836430191994,0.00113343144766986,42.4729385375977,-71.3129653930664,111.555786132812,62.2995719909668,-1.8424152135849,-4.68873882293701,110.781806945801,58.9352760314941,-4.41531610488892,-0.633327543735504,0.374930828809738,-0.0689762830734253,70
738505.49071236304007470608,58.3620872497559,-3.05924820899963,7.70236396789551,-0.0455836430191994,0.00113343144766986,42.4729270935059,-71.3128204345703,110.841857910156,61.7077484130859,-1.91337156295776,-4.28429222106934,110.861701965332,58.9475936889648,-4.22840309143066,-0.956090569496155,0.360389411449432,-0.0707336515188217,70
738505.49071478890255093575,58.4015998840332,-2.92470908164978,7.5692310333252,-0.0455836430191994,0.00113343144766986,42.4729118347168,-71.3126678466797,110.166481018066,61.1528167724609,-2.05037450790405,-3.368088722229,110.932426452637,58.9626502990723,-4.03481245040894,-1.06312501430511,0.352460265159607,-0.0723670274019241,70
738505.49071736540645360947,58.4365272521973,-2.83767700195312,7.47444915771484,-0.0455836430191994,0.00113343144766986,42.4728965759277,-71.3125152587891,109.490264892578,60.857494354248,-2.215740442276,-1.64371562004089,110.998580932617,58.9809074401855,-3.83821868896484,-0.976534307003021,0.34974068403244,-0.0738900229334831,70
738505.49071990791708230972,58.4632225036621,-2.79612326622009,7.43880462646484,-0.0455836430191994,0.00113343144766986,42.4728813171387,-71.3123550415039,108.815414428711,60.5788192749023,-2.32129883766174,0.153516173362732,111.060447692871,59.0008697509766,-3.6550030708313,-0.684602856636047,0.351058036088943,-0.075219415128231,70
738505.49072248337324708700,58.480827331543,-2.76769924163818,7.45010852813721,-0.0455836430191994,0.00113343144766986,42.4728698730469,-71.3122024536133,108.159149169922,60.3106803894043,-2.19561386108398,0.845601856708527,111.116859436035,59.0183982849121,-3.50118565559387,-0.215045541524887,0.354747951030731,-0.0762975513935089,70
738505.49072500562760978937,58.4916687011719,-2.68998336791992,7.48452472686768,-0.0455836430191994,0.00113343144766986,42.4728546142578,-71.3120422363281,107.497535705566,60.0488433837891,-1.99845898151398,1.0056734085083,111.170349121094,59.0299034118652,-3.36885476112366,0.0956011638045311,0.36046114563942,-0.0772047638893127,70
738505.49072752112988382578,58.4963760375977,-2.57645487785339,7.52124166488647,-0.0455836430191994,0.00113343144766986,42.4728393554688,-71.3118896484375,106.880676269531,59.8175086975098,-1.79986810684204,0.766073524951935,111.215972900391,59.0341682434082,-3.25798559188843,0.248846083879471,0.368456721305847,-0.0779206454753876,70
738505.49073002976365387440,58.496280670166,-2.4371223449707,7.5522027015686,-0.0455836430191994,0.00113343144766986,42.4728240966797,-71.3117294311523,106.279075622559,59.6094512939453,-1.63213086128235,0.493786364793777,111.255180358887,59.032112121582,-3.15121793746948,0.236830919981003,0.380175024271011,-0.0785390436649323,70
738505.49073259602300822735,58.4918327331543,-2.28769159317017,7.57779121398926,-0.0455836430191994,0.00113343144766986,42.4728126525879,-71.3115768432617,105.714767456055,59.4352226257324,-1.57625341415405,0.511899590492249,111.285568237305,59.0250015258789,-3.04388117790222,0.195596218109131,0.396312564611435,-0.0790702402591705,70
738505.49073499476071447134,58.4865646362305,-2.19985461235046,7.60312175750732,-0.0455836430191994,0.00113343144766986,42.4727973937988,-71.3114242553711,105.193328857422,59.2924041748047,-1.7235494852066,0.570920407772064,111.307189941406,59.0196990966797,-2.93481874465942,0.147039279341698,0.416844666004181,-0.0795416459441185,70
738505.49073739233426749706,58.4828224182129,-2.17640972137451,7.62965536117554,-0.0455836430191994,0.00113343144766986,42.4727821350098,-71.3112716674805,104.683204650879,59.1600074768066,-1.85684013366699,0.637601137161255,111.322677612305,59.0185470581055,-2.82715773582458,0.128613844513893,0.441249281167984,-0.0799952298402786,70
738505.49073983298148959875,58.481575012207,-2.1888861656189,7.65651655197144,-0.0455836430191994,0.00113343144766986,42.472770690918,-71.3111267089844,104.182189941406,59.0304641723633,-1.99268746376038,0.618143737316132,111.334037780762,59.0212516784668,-2.73193383216858,0.144648611545563,0.467600435018539,-0.0804408639669418,70
738505.49074232939165085554,58.4837074279785,-2.23666095733643,7.68216943740845,-0.0455836430191994,0.00113343144766986,42.4727554321289,-71.3109741210938,103.662033081055,58.8908538818359,-2.12612771987915,0.489097446203232,111.343841552734,59.0284881591797,-2.65274310112,0.15116573870182,0.495602041482925,-0.0809077024459839,70
738505.49074470519553869963,58.4916114807129,-2.31254720687866,7.69467544555664,-0.0455836430191994,0.00113343144766986,42.4727401733398,-71.3108291625977,103.13777923584,58.7405738830566,-2.30083990097046,-0.31980037689209,111.353645324707,59.0408706665039,-2.59809064865112,0.223057806491852,0.522844612598419,-0.0813931077718735,70
738505.49074708472471684217,58.5076866149902,-2.41533493995667,7.68245220184326,-0.0455836430191994,0.00113343144766986,42.472728729248,-71.3106842041016,102.605606079102,58.574520111084,-2.48563385009766,-1.43231308460236,111.365356445312,59.0593185424805,-2.56968116760254,0.0644080564379692,0.548120021820068,-0.0818982273340225,70
738505.49074942222796380520,58.5310707092285,-2.52685713768005,7.64992141723633,-0.0455836430191994,0.00113343144766986,42.472713470459,-71.3105316162109,102.050010681152,58.3856086730957,-2.6592538356781,-1.48032832145691,111.381134033203,59.0829277038574,-2.56746101379395,-0.183872982859612,0.571007966995239,-0.0824355781078339,70
738505.49075176403857767582,58.5575523376465,-2.65242004394531,7.61511182785034,-0.0455836430191994,0.00113343144766986,42.4726982116699,-71.3103942871094,101.489059448242,58.1801071166992,-2.89879941940308,-1.39992165565491,111.401596069336,59.1101684570312,-2.58881855010986,-0.266923546791077,0.590259373188019,-0.0829741284251213,70
738505.49075421958696097136,58.5825614929199,-2.81020212173462,7.57909822463989,-0.0455836430191994,0.00113343144766986,42.4726867675781,-71.3102416992188,100.858352661133,57.9296112060547,-3.13281154632568,-1.29700589179993,111.430107116699,59.1376037597656,-2.63613152503967,-0.289103478193283,0.60688453912735,-0.0835566744208336,70
738505.49075653136242181063,58.5920791625977,-2.97172617912292,7.54466533660889,-0.0455836430191994,0.00113343144766986,42.4726715087891,-71.3100967407227,100.224586486816,57.6583290100098,-3.33195471763611,-1.21421480178833,111.462623596191,59.1505241394043,-2.70372653007507,-0.26372030377388,0.618039309978485,-0.0840965658426285,70
738505.49075927329249680042,58.5852699279785,-3.14634013175964,7.50954294204712,-0.0455836430191994,0.00113343144766986,42.4726600646973,-71.3099517822266,99.5437240600586,57.346996307373,-3.51247334480286,-1.13038241863251,111.497291564941,59.1483459472656,-2.7938334941864,-0.217500939965248,0.623993098735809,-0.0846090093255043,70
738505.49076160369440913200,58.5704650878906,-3.35445356369019,7.47033929824829,-0.0455836430191994,0.00113343144766986,42.4726448059082,-71.3097763061523,98.6913909912109,56.930908203125,-3.53338384628296,-1.02382683753967,111.533721923828,59.1401519775391,-2.92580437660217,-0.128079816699028,0.623056411743164,-0.0851597711443901,70
738505.49076401069760322571,58.5629386901855,-3.4697093963623,7.44105195999146,-0.0455836430191994,0.00113343144766986,42.4726295471191,-71.3096313476562,97.9450836181641,56.5499496459961,-3.45068502426147,-0.927603006362915,111.557411193848,59.1356544494629,-3.05116701126099,-0.0521821342408657,0.615294277667999,-0.0855578556656837,70
738505.49076639430131763220,58.5558013916016,-3.54926609992981,7.41488313674927,-0.0455836430191994,0.00113343144766986,42.4726181030273,-71.3094787597656,97.1626052856445,56.1408195495605,-3.42407298088074,-0.830921828746796,111.575408935547,59.1300239562988,-3.18445062637329,-0.00351187796331942,0.601837754249573,-0.0859032943844795,70
738505.49076877976767718792,58.5487632751465,-3.6173369884491,7.39323377609253,-0.0455836430191994,0.00113343144766986,42.4726028442383,-71.3093338012695,96.3857116699219,55.7277450561523,-3.46242928504944,-0.738830268383026,111.587417602539,59.1244697570801,-3.31025505065918,0.0263898056000471,0.584433495998383,-0.0861757397651672,70
738505.49077118257991969585,58.5419807434082,-3.68430614471436,7.37433576583862,-0.0455836430191994,0.00113343144766986,42.4725914001465,-71.3091812133789,95.5657348632812,54.9222564697266,-3.51983094215393,-0.672795534133911,111.595039367676,59.1195297241211,-3.43188452720642,0.0583041720092297,0.562585532665253,-0.0863923132419586,70
738505.49077357084024697542,58.536262512207,-3.76060342788696,7.35658836364746,-0.0455836430191994,0.00113343144766986,42.4725761413574,-71.3090438842773,94.7664413452148,54.0370101928711,-3.60187149047852,-0.802854239940643,111.598907470703,59.1164588928223,-3.53849697113037,0.11742839217186,0.538262367248535,-0.0865369886159897,70
738505.49077596736606210470,58.5326232910156,-3.85730075836182,7.32732057571411,-0.0455836430191994,0.00113343144766986,42.4725646972656,-71.3088912963867,93.9188613891602,53.1002388000488,-3.66189551353455,-1.59388089179993,111.600685119629,59.1154479980469,-3.64135050773621,0.188108459115028,0.509272754192352,-0.0866203084588051,70
738505.49077836214564740658,58.5336723327637,-3.93012666702271,7.27279663085938,-0.0455836430191994,0.00113343144766986,42.4725494384766,-71.3087463378906,93.0614852905273,52.1818885803223,-3.63116192817688,-2.70510005950928,111.601341247559,59.1145515441895,-3.73855996131897,0.0863383561372757,0.47632360458374,-0.0866381600499153,70
738505.49078081978950649500,58.5375747680664,-3.97233581542969,7.19556951522827,-0.0455836430191994,0.00113343144766986,42.4725379943848,-71.30859375,92.1873321533203,51.2819442749023,-3.48581671714783,-2.82713627815247,111.601356506348,59.1117858886719,-3.83152532577515,-0.16398598253727,0.439092963933945,-0.0865850821137428,70
738505.49078333633951842785,58.54052734375,-3.95520067214966,7.11061334609985,-0.0455836430191994,0.00113343144766986,42.4725227355957,-71.3084411621094,91.2866668701172,50.3548049926758,-3.3436803817749,-2.61080169677734,111.60026550293,59.1032791137695,-3.91753673553467,-0.296760857105255,0.39752209186554,-0.0864366218447685,70
738505.49078567104879766703,58.5398330688477,-3.92178702354431,7.04251194000244,-0.0455836430191994,0.00113343144766986,42.4725112915039,-71.3082962036133,90.4318923950195,49.4565467834473,-3.29040241241455,-1.82714653015137,111.597183227539,59.092212677002,-3.98375153541565,-0.43451714515686,0.356292635202408,-0.0861805379390717,70
738505.49078811123035848141,58.5331802368164,-3.89882111549377,7.00575399398804,-0.0455836430191994,0.00113343144766986,42.4724960327148,-71.3081436157227,89.5567245483398,48.483283996582,-3.24552249908447,-0.256611198186874,111.591522216797,59.0797309875488,-4.03318691253662,-0.365803360939026,0.313306570053101,-0.0857822075486183,70
738505.49079059658106416464,58.5170249938965,-3.83880233764648,7.00585317611694,-0.0455836430191994,0.00113343144766986,42.472484588623,-71.307991027832,88.6706848144531,47.4970741271973,-2.9940357208252,0.304521977901459,111.582778930664,59.0598030090332,-4.06585836410522,-0.0185957755893469,0.269180953502655,-0.0852194130420685,70
738505.49079296493437141180,58.4940605163574,-3.72279524803162,7.02228307723999,-0.0455836430191994,0.00113343144766986,42.4724731445312,-71.3078460693359,87.8514862060547,46.5830192565918,-2.71891808509827,0.390473812818527,111.569869995117,59.0315742492676,-4.07812690734863,0.159012511372566,0.228331387042999,-0.0845484286546707,70
738505.49079539603553712368,58.4635009765625,-3.56569004058838,7.04293441772461,-0.0455836430191994,0.00113343144766986,42.4724578857422,-71.3076934814453,87.0402450561523,45.6744499206543,-2.46310448646545,0.370100945234299,111.549301147461,58.9940528869629,-4.06655073165894,0.246713787317276,0.189327552914619,-0.0837457254528999,70
738505.49079776403959840536,58.4285316467285,-3.40654754638672,7.06361532211304,-0.0455836430191994,0.00113343144766986,42.4724464416504,-71.3075485229492,86.294677734375,44.8355369567871,-2.34318399429321,0.364940464496613,111.520927429199,58.9524612426758,-4.02930164337158,0.254296094179153,0.156431823968887,-0.0828959047794342,70
738505.49080008466262370348,58.3893623352051,-3.27333927154541,7.08580780029297,-0.0455836430191994,0.00113343144766986,42.4724349975586,-71.3074035644531,85.5611801147461,44.0063133239746,-2.37138652801514,0.432496905326843,111.482597351074,58.9087524414062,-3.96524691581726,0.236896693706512,0.128300204873085,-0.0819675549864769,70
738505.49080240563489496708,58.3496627807617,-3.18333315849304,7.10888195037842,-0.0455836430191994,0.00113343144766986,42.4724235534668,-71.307258605957,84.8688201904297,43.2208595275879,-2.38175535202026,0.460328429937363,111.437477111816,58.8672485351562,-3.88479542732239,0.234333664178848,0.106141716241837,-0.0810303464531898,70
738505.49080475652590394020,58.3080902099609,-3.11057877540588,7.13325595855713,-0.0455836430191994,0.00113343144766986,42.4724082946777,-71.3071212768555,84.1844482421875,42.4422760009766,-2.3689022064209,0.478759735822678,111.385177612305,58.8250999450684,-3.79417061805725,0.22822168469429,0.0880049839615822,-0.0800498202443123,70
738505.49080713605508208275,58.264949798584,-3.0519654750824,7.15845012664795,-0.0455836430191994,0.00113343144766986,42.4723968505859,-71.3069763183594,83.5097351074219,41.6728515625,-2.34727787971497,0.497740775346756,111.327041625977,58.7823295593262,-3.70114040374756,0.220306441187859,0.0732874572277069,-0.0790684446692467,70
738505.49080953607335686684,58.2204933166504,-3.00300598144531,7.18437767028809,-0.0455836430191994,0.00113343144766986,42.4723854064941,-71.3068313598633,82.8442153930664,40.912410736084,-2.32151365280151,0.517176330089569,111.26416015625,58.7389068603516,-3.61106634140015,0.211343601346016,0.0613799653947353,-0.0780990794301033,70
738505.49081197485793381929,58.1735954284668,-2.95985269546509,7.21173334121704,-0.0455836430191994,0.00113343144766986,42.4723701477051,-71.3066787719727,82.168586730957,40.1390495300293,-2.29363536834717,0.537556648254395,111.195358276367,58.6935844421387,-3.52471470832825,0.202111780643463,0.0515524744987488,-0.0771312713623047,70
738505.49081437336280941963,58.1258316040039,-2.92240643501282,7.23965406417847,-0.0455836430191994,0.00113343144766986,42.4723587036133,-71.306526184082,81.5030364990234,39.3669471740723,-2.26621198654175,0.558123290538788,111.123397827148,58.6478080749512,-3.44662618637085,0.193797886371613,0.0438169315457344,-0.0762094631791115,70
738505.49081669957377016544,58.0797538757324,-2.89063000679016,7.26720905303955,-0.0455836430191994,0.00113343144766986,42.4723434448242,-71.3063888549805,80.8693618774414,38.6587715148926,-2.24114298820496,0.577641248703003,111.051620483398,58.6039733886719,-3.37943243980408,0.186699479818344,0.0380484946072102,-0.0753693878650665,70
738505.49081914988346397877,58.0345344543457,-2.86251854896545,7.29593563079834,-0.0455836430191994,0.00113343144766986,42.4723320007324,-71.3062438964844,80.2319564819336,37.9181976318359,-2.21709084510803,0.590904951095581,110.976661682129,58.561351776123,-3.31873989105225,0.18339940905571,0.0336661338806152,-0.0745793730020523,70
738505.49082153616473078728,57.9913673400879,-2.84509801864624,7.3194694519043,-0.0455836430191994,0.00113343144766986,42.4723167419434,-71.3060913085938,79.5909194946289,37.176326751709,-2.19535374641418,0.157284826040268,110.89965057373,58.5206642150879,-3.26481199264526,0.233447402715683,0.0304970312863588,-0.0738496035337448,70
738505.49082390090916305780,57.9523429870605,-2.82859492301941,7.32848262786865,-0.0455836430191994,0.00113343144766986,42.4723052978516,-71.3059463500977,78.9691543579102,36.469123840332,-2.17804145812988,-0.419486224651337,110.824424743652,58.4823188781738,-3.2193603515625,0.175779297947884,0.0283563323318958,-0.073209784924984,70
738505.49082637089304625988,57.9156723022461,-2.81109666824341,7.32029390335083,-0.0455836430191994,0.00113343144766986,42.4722900390625,-71.3058013916016,78.313346862793,35.7136611938477,-2.08475065231323,-0.883090436458588,110.745162963867,58.4441108703613,-3.17818808555603,0.0553528741002083,0.0269072689116001,-0.0726057961583138,70
738505.49082880478817969561,57.8882484436035,-2.76365852355957,7.29960870742798,-0.0455836430191994,0.00113343144766986,42.4722785949707,-71.3056488037109,77.6880645751953,34.9896850585938,-1.95255374908447,-1.15001797676086,110.670074462891,58.4120826721191,-3.14360976219177,-0.0539181642234325,0.0264523457735777,-0.0720925256609917,70
738505.49083124590106308460,57.8801345825195,-2.69112467765808,7.27360963821411,-0.0455836430191994,0.00113343144766986,42.4722633361816,-71.3054962158203,77.0533142089844,34.3152389526367,-1.84379386901855,-1.19007742404938,110.595085144043,58.3974075317383,-3.10813236236572,-0.176417529582977,0.0279865432530642,-0.0716162398457527,70
738505.49083380517549812794,57.8953857421875,-2.6115448474884,7.24876070022583,-0.0455836430191994,0.00113343144766986,42.4722518920898,-71.3053436279297,76.4255981445312,33.6794891357422,-1.7769650220871,-1.12524163722992,110.527069091797,58.4058227539062,-3.06748557090759,-0.265743494033813,0.0329596474766731,-0.071162261068821,70
738505.49083627876825630665,57.9219360351562,-2.53051042556763,7.22660112380981,-0.0455836430191994,0.00113343144766986,42.4722366333008,-71.3051910400391,75.8235473632812,33.0457344055176,-1.71298921108246,-1.05413377285004,110.474632263184,58.4258346557617,-3.02066040039062,-0.322803407907486,0.0421840772032738,-0.0707304254174232,70
738505.49083864584099501371,57.9499053955078,-2.45130395889282,7.20673704147339,-0.0455836430191994,0.00113343144766986,42.472225189209,-71.305046081543,75.2666320800781,32.4703521728516,-1.65445160865784,-0.985290169715881,110.441474914551,58.4477310180664,-2.96950888633728,-0.356119513511658,0.0555435121059418,-0.0703176259994507,70
738505.49084109079558402300,57.977855682373,-2.36462092399597,7.18741846084595,-0.0455836430191994,0.00113343144766986,42.4722099304199,-71.3049011230469,74.7212448120117,31.9239501953125,-1.60797166824341,-0.914910733699799,110.424652099609,58.4694976806641,-2.91150569915771,-0.371584385633469,0.0740258693695068,-0.0698740631341934,70
738505.49084360070992261171,58.0081481933594,-2.28660917282104,7.16854906082153,-0.0455836430191994,0.00113343144766986,42.4721984863281,-71.3047485351562,74.1687850952148,31.3208065032959,-1.78504908084869,-0.833273470401764,110.422943115234,58.4941177368164,-2.84370994567871,-0.391654938459396,0.0995080694556236,-0.0693791955709457,70
738505.49084613099694252014,58.0420341491699,-2.29732704162598,7.15275430679321,-0.0455836430191994,0.00113343144766986,42.4721832275391,-71.3045959472656,73.6240310668945,30.7856674194336,-2.00608539581299,-0.724606394767761,110.435775756836,58.5262107849121,-2.77401638031006,-0.390811115503311,0.130425974726677,-0.0688482671976089,70
738505.49084868479985743761,58.0798873901367,-2.35016536712646,7.14328622817993,-0.0455836430191994,0.00113343144766986,42.47216796875,-71.3044357299805,73.0604095458984,30.1842784881592,-2.21448659896851,-0.36748418211937,110.46257019043,58.5646934509277,-2.71265387535095,-0.367461740970612,0.164585739374161,-0.0682597383856773,70
738505.49085120903328061104,58.1172752380371,-2.43605065345764,7.14638042449951,-0.0455836430191994,0.00113343144766986,42.4721565246582,-71.3042907714844,72.5000534057617,29.6313991546631,-2.4917197227478,0.138387322425842,110.500473022461,58.605655670166,-2.67144680023193,-0.319029033184052,0.197402566671371,-0.0676327496767044,70
738505.49085370707325637341,58.1534461975098,-2.5824716091156,7.1627459526062,-0.0455836430191994,0.00113343144766986,42.4721412658691,-71.3041305541992,71.8852767944336,29.1327438354492,-2.74698901176453,0.495027214288712,110.551559448242,58.6497840881348,-2.65450406074524,-0.150452628731728,0.228399261832237,-0.0669159516692162,70
738505.49085615295916795731,58.1843147277832,-2.73159718513489,7.18530511856079,-0.0455836430191994,0.00113343144766986,42.4721298217773,-71.3039779663086,71.2797012329102,28.6753368377686,-2.96678733825684,0.543281018733978,110.607955932617,58.6899032592773,-2.66792154312134,-0.0361339226365089,0.251132488250732,-0.0662091672420502,70
738505.49085851327981799841,58.2036056518555,-2.90571427345276,7.19918298721313,-0.0455836430191994,0.00113343144766986,42.4721183776855,-71.3038330078125,70.6597366333008,28.2064304351807,-3.12059307098389,-0.0200824681669474,110.668388366699,58.7190856933594,-2.70858502388,0.147721126675606,0.265247046947479,-0.0654959231615067,70
738505.49086094112135469913,58.207347869873,-3.05550861358643,7.19296264648438,-0.0455836430191994,0.00113343144766986,42.4721031188965,-71.3036880493164,69.9912185668945,27.6960849761963,-3.19283294677734,-0.948295295238495,110.732200622559,58.7296371459961,-2.77769589424133,0.145530238747597,0.269665420055389,-0.0647492185235023,70
738505.49086331448052078485,58.2046241760254,-3.18950343132019,7.16290712356567,-0.0455836430191994,0.00113343144766986,42.4720916748047,-71.3035430908203,69.3074569702148,27.1608905792236,-3.28164863586426,-1.57569539546967,110.790740966797,58.7303848266602,-2.86639952659607,-0.00140443001873791,0.263698369264603,-0.0640009120106697,70
738505.49086573137901723385,58.2055320739746,-3.31597995758057,7.11920404434204,-0.0455836430191994,0.00113343144766986,42.4720764160156,-71.3033905029297,68.5706329345703,26.574031829834,-3.44324922561646,-1.58345317840576,110.843200683594,58.7329788208008,-2.97345924377441,-0.14129564166069,0.246794849634171,-0.0632098764181137,70
738505.49086812639143317938,58.2152442932129,-3.47024393081665,7.07847309112549,-0.0455836430191994,0.00113343144766986,42.4720649719238,-71.3032455444336,67.834114074707,25.9971332550049,-3.7037501335144,-1.47660148143768,110.885406494141,58.7465896606445,-3.08522319793701,-0.200777798891068,0.220104902982712,-0.0624169930815697,70
738505.49087055108975619078,58.2310256958008,-3.65347099304199,7.04127931594849,-0.0455836430191994,0.00113343144766986,42.472053527832,-71.3031005859375,67.0276336669922,25.3464832305908,-3.96187400817871,-1.23769772052765,110.924362182617,58.7688674926758,-3.21161675453186,-0.205943435430527,0.179625749588013,-0.0615330152213573,70
738505.49087307928130030632,58.2451629638672,-3.86086440086365,7.00964403152466,-0.0455836430191994,0.00113343144766986,42.472038269043,-71.3029479980469,66.1659469604492,24.6403331756592,-4.12181901931763,-1.06377494335175,110.96248626709,58.7923469543457,-3.35170769691467,-0.148598164319992,0.122867502272129,-0.0605632998049259,70
738505.49087558919563889503,58.252498626709,-4.04331731796265,6.98205041885376,-0.0455836430191994,0.00113343144766986,42.4720268249512,-71.3027877807617,65.2559432983398,23.8865585327148,-3.99443006515503,-0.929587543010712,111.001388549805,58.8085975646973,-3.50560474395752,-0.0570362992584705,0.047371432185173,-0.0595028027892113,70
738505.49087813880760222673,58.251651763916,-4.10439109802246,6.95663785934448,-0.0455836430191994,0.00113343144766986,42.4720115661621,-71.3026351928711,64.3067321777344,23.0885620117188,-3.61382174491882,-0.822492480278015,111.040054321289,58.8089752197266,-3.66887187957764,0.0234150271862745,-0.0479758679866791,-0.0583318844437599,70
738505.49088080355431884527,58.2401466369629,-4.04547166824341,6.9358229637146,-0.0455836430191994,0.00113343144766986,42.4720001220703,-71.3024749755859,63.3416290283203,22.2445068359375,-3.25777363777161,-0.54528796672821,111.073501586914,58.7910385131836,-3.82325005531311,0.060788419097662,-0.159174874424934,-0.057024247944355,70
738505.49088329402729868889,58.2168426513672,-3.92403674125671,6.92444181442261,-0.0455836430191994,0.00113343144766986,42.4719848632812,-71.3023147583008,62.4062118530273,21.4110813140869,-2.98146295547485,-0.25019308924675,111.094680786133,58.758373260498,-3.94276213645935,0.107589572668076,-0.275550127029419,-0.0556210875511169,70
738505.49088583607226610184,58.1833915710449,-3.78292226791382,6.92374038696289,-0.0455836430191994,0.00113343144766986,42.4719734191895,-71.3021621704102,61.5217056274414,20.6214981079102,-2.79595041275024,0.0401008240878582,111.099822998047,58.715892791748,-4.01528644561768,0.153108686208725,-0.388936996459961,-0.0541510693728924,70
738505.49088833131827414036,58.1408538818359,-3.64644360542297,6.93267822265625,-0.0455836430191994,0.00113343144766986,42.4719581604004,-71.3020095825195,60.668270111084,19.8826103210449,-2.64320969581604,0.267723977565765,111.087860107422,58.6661529541016,-4.04257297515869,0.223861038684845,-0.498165905475616,-0.0526040196418762,70
738505.49089073843788355589,58.0905494689941,-3.51883935928345,6.9474835395813,-0.0455836430191994,0.00113343144766986,42.4719467163086,-71.3018646240234,59.8671836853027,19.189847946167,-2.49675536155701,0.332598447799683,111.059661865234,58.6102523803711,-4.03120374679565,0.269764721393585,-0.598906755447388,-0.0510331019759178,70
738505.49089330097194761038,58.0255889892578,-3.38036131858826,6.96553659439087,-0.0455836430191994,0.00113343144766986,42.4719314575195,-71.3017044067383,59.0531349182129,18.4896717071533,-2.33714556694031,0.400694817304611,111.012107849121,58.5398559570312,-3.98653244972229,0.298747569322586,-0.698598980903625,-0.0493153557181358,70
738505.49089571426156908274,57.9535179138184,-3.25343036651611,6.98426485061646,-0.0455836430191994,0.00113343144766986,42.4719200134277,-71.3015518188477,58.3095054626465,17.844446182251,-2.19199728965759,0.431618332862854,110.950073242188,58.463451385498,-3.92038869857788,0.322398006916046,-0.786301255226135,-0.0476772747933865,70
738505.49089813628233969212,57.8756294250488,-3.12880182266235,7.00361204147339,-0.0455836430191994,0.00113343144766986,42.4719085693359,-71.3014068603516,57.5997657775879,17.2579879760742,-2.05459141731262,0.426196277141571,110.871955871582,58.3817443847656,-3.837815284729,0.331704795360565,-0.866254985332489,-0.0460454784333706,70
738505.49090053467079997063,57.790454864502,-3.01042747497559,7.02136850357056,-0.0455836430191994,0.00113343144766986,42.4718933105469,-71.3012619018555,56.9095611572266,16.6623401641846,-1.94290912151337,0.316292822360992,110.776702880859,58.293212890625,-3.74205780029297,0.333901673555374,-0.93964695930481,-0.0443993769586086,70
738505.49090286495629698038,57.7020568847656,-2.90512323379517,7.03455877304077,-0.0455836430191994,0.00113343144766986,42.4718818664551,-71.3011169433594,56.2727813720703,16.1167850494385,-1.84284687042236,0.203610628843307,110.671356201172,58.2018241882324,-3.64325928688049,0.314929306507111,-1.0028555393219,-0.0428489744663239,70
738505.49090531736146658659,57.6029281616211,-2.80743050575256,7.04177045822144,-0.0455836430191994,0.00113343144766986,42.4718704223633,-71.3009719848633,55.6218910217285,15.5910873413086,-1.74116253852844,-0.0688419565558434,110.544799804688,58.0996170043945,-3.53447675704956,0.331176489591599,-1.06255662441254,-0.0412353500723839,70
738505.49090767290908843279,57.5063743591309,-2.7216112613678,7.03749418258667,-0.0455836430191994,0.00113343144766986,42.4718551635742,-71.3008270263672,55.0266761779785,15.0707302093506,-1.65397870540619,-0.554209649562836,110.412544250488,57.9992828369141,-3.43170380592346,0.28641939163208,-1.11262702941895,-0.0397672057151794,70
738505.49091017828322947025,57.4010200500488,-2.63604283332825,7.01577425003052,-0.0455836430191994,0.00113343144766986,42.4718437194824,-71.3006820678711,54.4036827087402,14.5168037414551,-1.56500399112701,-1.05349051952362,110.256004333496,57.8882293701172,-3.3225998878479,0.197286888957024,-1.16036367416382,-0.0382150821387768,70
738505.49091254116501659155,57.2969779968262,-2.55940699577332,6.98408937454224,-0.0455836430191994,0.00113343144766986,42.4718322753906,-71.3005294799805,53.8145561218262,14.0117321014404,-1.48095321655273,-1.09120714664459,110.091842651367,57.7777786254883,-3.22022151947021,0.0354803688824177,-1.20089685916901,-0.036747008562088,70
738505.49091497552581131458,57.192928314209,-2.48396801948547,6.95477247238159,-0.0455836430191994,0.00113343144766986,42.4718170166016,-71.3003921508789,53.2572898864746,13.5408706665039,-1.42096436023712,-0.762805938720703,109.922409057617,57.6677551269531,-3.1249942779541,-0.0374431014060974,-1.23496341705322,-0.0353472717106342,70
738505.49091740616131573915,57.0807075500488,-2.41639304161072,6.93439626693726,-0.0455836430191994,0.00113343144766986,42.4718055725098,-71.3002395629883,52.6916122436523,13.0401668548584,-1.37137186527252,-0.404704868793488,109.736602783203,57.5511245727539,-3.03019857406616,-0.0371178351342678,-1.26487600803375,-0.0338985174894333,70
738505.49091976694762706757,56.968189239502,-2.3656747341156,6.92462158203125,-0.0455836430191994,0.00113343144766986,42.471794128418,-71.3001022338867,52.1527137756348,12.5861740112305,-1.31833720207214,-0.137921988964081,109.548240661621,57.4362373352051,-2.94304895401001,0.0236683487892151,-1.2890248298645,-0.0324942320585251,70
738505.49092219665180891752,56.8518028259277,-2.31147480010986,6.92185974121094,-0.0455836430191994,0.00113343144766986,42.4717788696289,-71.2999572753906,51.621021270752,12.1870317459106,-1.20741486549377,-0.0303489994257689,109.352226257324,57.3182563781738,-2.86173224449158,0.0797227174043655,-1.30938839912415,-0.0310687273740768,70
738505.49092462321277707815,56.7297325134277,-2.26195383071899,6.91965770721436,-0.0455836430191994,0.00113343144766986,42.4717674255371,-71.2998046875,51.0906066894531,11.7394371032715,-1.00717091560364,-0.161373049020767,109.14631652832,57.1949348449707,-2.78536105155945,0.156724587082863,-1.32652747631073,-0.0295999012887478,70
738505.49092715559527277946,56.5963859558105,-2.15836381912231,6.91346454620361,-0.0455836430191994,0.00113343144766986,42.4717559814453,-71.2996520996094,50.5537528991699,11.2835636138916,-0.697860419750214,-0.281630903482437,108.923599243164,57.0579109191895,-2.71078658103943,0.135006308555603,-1.34012937545776,-0.0280684605240822,70
738505.49092958401888608932,56.4630546569824,-2.0373113155365,6.90519142150879,-0.0455836430191994,0.00113343144766986,42.4717407226562,-71.2995071411133,50.0680541992188,10.8878726959229,-0.463829219341278,-0.216257676482201,108.703956604004,56.9201965332031,-2.638587474823,0.116531930863857,-1.34491384029388,-0.0266160145401955,70
738505.49093199195340275764,56.3244667053223,-1.91046524047852,6.89866733551025,-0.0455836430191994,0.00113343144766986,42.4717292785645,-71.2993698120117,49.6114463806152,10.525972366333,-0.275952786207199,-0.1382045596838,108.476432800293,56.7775230407715,-2.56005787849426,0.0983364880084991,-1.33748579025269,-0.0251749809831381,70
738505.49093442456796765327,56.181526184082,-1.78658711910248,6.89444828033447,-0.0455836430191994,0.00113343144766986,42.4717178344727,-71.2992248535156,49.184326171875,10.1747512817383,-0.0997711718082428,-0.0317607223987579,108.241371154785,56.6311683654785,-2.47344303131104,0.0917863845825195,-1.31505727767944,-0.0237624403089285,70
738505.49093692272435873747,56.0314636230469,-1.65738213062286,6.8916130065918,-0.0455836430191994,0.00113343144766986,42.4717025756836,-71.2990798950195,48.777416229248,9.88348388671875,0.07340307533741,-0.0164126697927713,107.993309020996,56.4780158996582,-2.37703561782837,0.121814988553524,-1.27480173110962,-0.0223437957465649,70
738505.49093947547953575850,55.869010925293,-1.53936350345612,6.88136577606201,-0.0455836430191994,0.00113343144766986,42.4716911315918,-71.2989273071289,48.3699264526367,9.56284046173096,0.0646210685372353,-0.528321504592896,107.716285705566,56.3122482299805,-2.26496386528015,0.130216702818871,-0.92424350976944,-0.0208397675305605,70
738505.49094194662757217884,55.7218322753906,-1.46357917785645,6.85669326782227,-0.0455836430191994,0.00113343144766986,42.4716758728027,-71.2987823486328,48.0071678161621,9.28854560852051,-0.218832448124886,-0.967373311519623,107.448753356934,56.1611862182617,-2.15554356575012,0.0228411313146353,-0.378399938344955,-0.0194545071572065,70
738505.49094431172125041485,55.5934677124023,-1.50218486785889,6.82330083847046,-0.0455836430191994,0.00113343144766986,42.4716644287109,-71.2986450195312,47.665168762207,9.00983333587646,-0.54177463054657,-1.23651921749115,107.193428039551,56.0307731628418,-2.05630540847778,-0.0855002775788307,-0.162728071212769,-0.0181711427867413,70
738505.49094671453349292278,55.4709358215332,-1.57544505596161,6.78331136703491,-0.0455836430191994,0.00113343144766986,42.4716529846191,-71.2985000610352,47.3025245666504,8.74413585662842,-0.754629492759705,-1.31165993213654,106.933380126953,55.9063491821289,-1.97245478630066,-0.138100117444992,-0.06851577013731,-0.0168632082641125,70
738505.49094916612375527620,55.3524360656738,-1.68125307559967,6.73967599868774,-0.0455836430191994,0.00113343144766986,42.4716415405273,-71.2983627319336,46.9110679626465,8.42807865142822,-0.912808418273926,-1.46522808074951,106.670906066895,55.7865753173828,-1.91410529613495,-0.152033597230911,-0.028164254501462,-0.0155119532719254,70
738505.49095162539742887020,55.2395477294922,-1.78826010227203,6.68980741500854,-0.0455836430191994,0.00113343144766986,42.4716262817383,-71.2982177734375,46.4938316345215,8.03016471862793,-1.01168465614319,-1.78011465072632,106.413726806641,55.6718864440918,-1.88753545284271,-0.190668135881424,-0.0115083232522011,-0.0141272060573101,70
738505.49095408816356211901,55.1349296569824,-1.90385663509369,6.6323094367981,-0.0455836430191994,0.00113343144766986,42.4716148376465,-71.2980728149414,46.0599784851074,7.59714126586914,-1.0361499786377,-2.054936170578,106.168853759766,55.5650291442871,-1.8910858631134,-0.243053868412971,-0.00477212434634566,-0.012719901278615,70
738505.49095670005772262812,55.0299034118652,-1.98295652866364,6.56194162368774,-0.0455836430191994,0.00113343144766986,42.4716033935547,-71.2979278564453,45.5807800292969,7.12320470809937,-0.907599031925201,-2.28090834617615,105.919548034668,55.4552192687988,-1.92222499847412,-0.28291729092598,-0.00188463227823377,-0.0111608821898699,70
738505.49095924769062548876,54.928165435791,-2.03325319290161,6.48459959030151,-0.0455836430191994,0.00113343144766986,42.4715919494629,-71.2977752685547,45.089225769043,6.62999725341797,-0.801097333431244,-2.38638019561768,105.679298400879,55.3469734191895,-1.97078561782837,-0.356470942497253,-0.000745118886698037,-0.00950304884463549,70
738505.49096200335770845413,54.8083724975586,-2.0625147819519,6.39853382110596,-0.0455836430191994,0.00113343144766986,42.4715766906738,-71.2976226806641,44.5629844665527,6.09682178497314,-0.580561220645905,-2.29425239562988,105.434051513672,55.2191352844238,-2.02934908866882,-0.378129094839096,-0.000279999396298081,-0.00760975806042552,70
738505.49096439837012439966,54.5605239868164,-2.04229807853699,6.30283212661743,-0.0455836430191994,0.00113343144766986,42.471565246582,-71.297477722168,44.076530456543,5.61398506164551,-0.0216654650866985,-2.10297775268555,105.205978393555,54.9613265991211,-2.0818190574646,-0.281297922134399,-0.000114099093480036,-0.00572059489786625,70
738505.49096675007604062557,54.228271484375,-1.92039847373962,6.20466613769531,-0.0455836430191994,0.00113343144766986,42.4715538024902,-71.2973403930664,43.6270523071289,5.16863965988159,0.669235527515411,-1.88406574726105,104.951309204102,54.6158485412598,-2.12119245529175,-0.115446612238884,-4.83242438349407e-05,-0.00374357029795647,70
738505.49096918024588376284,53.8361473083496,-1.71989667415619,6.10827112197876,-0.0455836430191994,0.00113343144766986,42.4715423583984,-71.2972030639648,43.2046508789062,4.73973655700684,1.43301701545715,-1.57996106147766,104.623123168945,54.208854675293,-2.1367723941803,0.053136233240366,-2.02286792045925e-05,-0.00154323386959732,70
738505.49097155593335628510,53.4292602539062,-1.42297184467316,6.02358865737915,-0.0455836430191994,0.00113343144766986,42.4715309143066,-71.2970657348633,42.8351249694824,4.36916208267212,1.75504863262177,-1.10304653644562,104.202781677246,53.786563873291,-2.11393165588379,0.128089338541031,-8.40633038023952e-06,0.0008800292853266,70
738505.49097400042228400707,53.0284194946289,-1.23827564716339,5.96066379547119,-0.0455836430191994,0.00113343144766986,42.4715194702148,-71.2969360351562,42.5220756530762,4.07628679275513,1.22360157966614,-0.616744756698608,103.702964782715,53.3767395019531,-2.04369235038757,0.0941474810242653,-3.51309040524939e-06,0.0034926941152662,70
738505.49097645364236086607,52.6458511352539,-1.31476998329163,5.91434955596924,-0.0455836430191994,0.00113343144766986,42.4715118408203,-71.2967987060547,42.2157669067383,3.75329160690308,0.495471864938736,-0.414982378482819,103.142539978027,52.993335723877,-1.94319522380829,-0.0677375942468643,-1.46704417147703e-06,0.00630407966673374,70
738505.49097889871336519718,52.2821006774902,-1.52984881401062,5.8741307258606,-0.0455836430191994,0.00113343144766986,42.4715003967285,-71.2966613769531,41.8738174438477,3.42116689682007,0.0997025743126869,-0.306315660476685,102.537376403809,52.6332931518555,-1.85040235519409,-0.10640475153923,-6.07863682944298e-07,0.00931477919220924,70
738505.49098128185141831636,51.9375114440918,-1.70253145694733,5.83894824981689,-0.0455836430191994,0.00113343144766986,42.4714889526367,-71.2965316772461,41.4936332702637,3.03145146369934,0.117694199085236,-0.197339475154877,101.916122436523,52.2924194335938,-1.79744255542755,-0.085744172334671,-2.54975191182893e-07,0.0124367140233517,70
738505.49098362238146364689,51.6187629699707,-1.83982586860657,5.80958080291748,-0.0455836430191994,0.00113343144766986,42.4714775085449,-71.2964019775391,41.1010780334473,2.64896368980408,0.0365683324635029,-0.0627754777669907,101.309211730957,51.9772338867188,-1.78740584850311,-0.074778288602829,-1.11212038689246e-07,0.0155348787084222,70
738505.49098593799863010645,51.3032188415527,-1.98697948455811,5.78534698486328,-0.0455836430191994,0.00113343144766986,42.4714698791504,-71.2962799072266,40.6686592102051,2.2099347114563,-0.104276619851589,0.132891401648521,100.680191040039,51.6666107177734,-1.81265461444855,-0.0696406587958336,-4.73616914575814e-08,0.0188227593898773,70
738505.49098828667774796486,51.0005187988281,-2.13914489746094,5.77237462997437,-0.0455836430191994,0.00113343144766986,42.4714584350586,-71.2961502075195,40.2062797546387,1.75242722034454,-0.32122203707695,0.701725780963898,100.054580688477,51.3707046508789,-1.86762988567352,-0.0750750303268433,-2.01808667554815e-08,0.0221862718462944,70
738505.49099067307543009520,50.7120590209961,-2.2908182144165,5.77532815933228,-0.0455836430191994,0.00113343144766986,42.4714469909668,-71.2960205078125,39.7138023376465,1.23603022098541,-0.58936607837677,1.24040949344635,99.4405822753906,51.0912437438965,-1.94644713401794,0.000105937964690384,-8.61712123878533e-09,0.025590043514967,70
738505.49099300033412873745,50.4469909667969,-2.4479079246521,5.7912859916687,-0.0455836430191994,0.00113343144766986,42.4714393615723,-71.2958984375,39.1906471252441,0.718948066234589,-1.13451874256134,1.36533546447754,98.8416900634766,50.8372917175293,-2.04395890235901,0.0965656042098999,-3.6739831177357e-09,0.0290284343063831,70
738505.49099528486840426922,50.222785949707,-2.64288783073425,5.81240510940552,-0.0455836430191994,0.00113343144766986,42.4714279174805,-71.2957763671875,38.6529350280762,0.190864235162735,-1.76269364356995,1.40090525150299,98.2907180786133,50.6270370483398,-2.15223670005798,0.156721249222755,-1.62437829853701e-09,0.032324593514204,70
738505.49099763727281242609,49.7342948913574,0.473027229309082,6.00171756744385,-0.0455836430191994,0.00113343144766986,42.4714164733887,-71.295654296875,38.4239387512207,-0.0375913120806217,0.301965355873108,0.503640234470367,97.7354965209961,50.0973472595215,-2.21044492721558,0.106602162122726,-6.94432122916311e-10,0.0357324331998825,70
738505.49100003228522837162,49.3907203674316,0.895397543907166,6.02673244476318,-0.0455836430191994,0.00113343144766986,42.4714050292969,-71.2955322265625,38.5492973327637,0.0910111144185066,2.09063220024109,0.397741407155991,97.1572799682617,49.7651138305664,-1.9739316701889,0.507275819778442,-2.97892849276948e-10,0.039008866995573,70
738505.49100244592409580946,49.0859642028809,0.55387419462204,6.00920724868774,-0.0455836430191994,0.00113343144766986,42.4713935852051,-71.2954025268555,38.6707038879395,0.200108036398888,0.863616049289703,0.436572551727295,96.5359420776367,49.4555282592773,-1.55238544940948,0.349467515945435,-1.23926160999766e-10,0.0421993210911751,70
738505.49100480193737894297,48.8205299377441,0.0242897905409336,5.99483823776245,-0.0455836430191994,0.00113343144766986,42.4713859558105,-71.295280456543,38.6881866455078,0.214426875114441,-0.137438625097275,0.483445674180984,95.9294586181641,49.1872177124023,-1.15526735782623,0.257977157831192,-5.290607535402e-11,0.0450692996382713,70
738505.49100739613641053438,48.5471458435059,-0.547724485397339,5.98193359375,-0.0455836430191994,0.00113343144766986,42.4713745117188,-71.2951507568359,38.5736656188965,0.13194914162159,-1.23127388954163,0.506024539470673,95.2663116455078,48.9173698425293,-0.848821401596069,0.173094511032104,-2.04561367844747e-11,0.0480329692363739,70
738505.49100975668989121914,48.1124114990234,0.138695314526558,6.00179052352905,-0.0455836430191994,0.00113343144766986,42.471363067627,-71.2950286865234,38.4860763549805,0.0274662468582392,-0.784468293190002,0.280745804309845,94.6788787841797,48.4855117797852,-0.700298666954041,-0.847396314144135,-8.58553939747653e-12,0.0505208745598793,70
738505.49101238825824111700,47.6710662841797,0.257109373807907,6.01394653320312,-0.0455836430191994,0.00113343144766986,42.4713516235352,-71.2948989868164,38.5094833374023,0.0587139278650284,-0.635674715042114,0.232385322451591,94.0172348022461,48.0496025085449,-0.549193978309631,-0.718127012252808,-3.31940464698421e-12,0.0530318394303322,70
738505.49101476324722170830,47.3412628173828,0.144646555185318,5.98703098297119,-0.0455836430191994,0.00113343144766986,42.4713401794434,-71.2947769165039,38.5076332092285,0.0531228967010975,-0.877263784408569,0.213255450129509,93.3964233398438,47.7185554504395,-0.418975293636322,-0.196224942803383,-1.41247983361653e-12,0.0550634413957596,70
738505.49101713439449667931,46.9514427185059,0.184476643800735,5.99340200424194,-0.0455836430191994,0.00113343144766986,42.4713287353516,-71.2946624755859,38.5088539123535,0.0576394945383072,-0.883627414703369,0.1738191395998,92.7613143920898,47.3327865600586,-0.315357774496078,0.28915736079216,-6.022824925421e-13,0.0568958893418312,70
738505.49101948109455406666,46.5879364013672,0.218911975622177,6.00455904006958,-0.0455836430191994,0.00113343144766986,42.4713172912598,-71.2945404052734,38.5151634216309,0.0500161089003086,-0.835156619548798,0.14488323032856,92.1151351928711,46.973804473877,-0.232238188385963,0.537351310253143,-2.58440350283523e-13,0.0585238821804523,70
738505.49102179240435361862,46.4976959228516,0.165138065814972,6.04191398620605,-0.0455836430191994,0.00113343144766986,42.471305847168,-71.2944259643555,38.5137977600098,0.0458766222000122,-0.847175419330597,0.139178469777107,91.4641876220703,46.8888854980469,-0.166898399591446,0.649091064929962,-1.11010044201703e-13,0.059962309896946,70
738505.49102417659014463425,46.4320373535156,0.214963167905807,6.11441087722778,-0.0455836430191994,0.00113343144766986,42.4712982177734,-71.2943115234375,38.5221214294434,0.0519630089402199,-0.788833320140839,0.13622984290123,90.8623962402344,46.8333892822266,-0.117835260927677,0.36746621131897,-4.76390235311201e-14,0.061197891831398,70
738505.49102654040325433016,46.3735771179199,0.0905870944261551,6.15815019607544,-0.0455836430191994,0.00113343144766986,42.4712867736816,-71.2941970825195,38.5179328918457,0.0674183070659637,-0.890464723110199,0.106747426092625,90.3295822143555,46.78076171875,-0.0792768597602844,0.418688058853149,-2.00123561656679e-14,0.0622421205043793,70
738505.49102896533440798521,46.2534332275391,0.210540980100632,6.18644380569458,-0.0455836430191994,0.00113343144766986,42.4712753295898,-71.2940826416016,38.5118103027344,0.0435625948011875,-0.817875683307648,0.114656485617161,89.8894195556641,46.6657943725586,-0.0594489388167858,0.136159673333168,-8.50129191489694e-15,0.0630447492003441,70
738505.49103136535268276930,46.1678314208984,0.212611749768257,6.22094392776489,-0.0455836430191994,0.00113343144766986,42.471263885498,-71.2939605712891,38.5247039794922,0.0588175356388092,-0.739417731761932,0.137521430850029,89.5082550048828,46.5855560302734,-0.039770670235157,-0.0833399817347527,-0.55831778049469,0.0636215135455132,70
738505.49103371263481676579,46.1057243347168,0.155642464756966,6.24667453765869,-0.0455836430191994,0.00113343144766986,42.4712524414062,-71.2938461303711,38.5243530273438,0.061206266283989,-0.79066926240921,0.136941909790039,89.1959838867188,46.527229309082,-0.0233758166432381,-0.209285661578178,-1.66711163520813,0.0639427229762077,70
738505.49103608727455139160,46.0533447265625,0.115433894097805,6.26843309402466,-0.0455836430191994,0.00113343144766986,42.4712409973145,-71.2937316894531,38.5143623352051,0.0615311861038208,-0.790130794048309,0.149411886930466,88.9307708740234,46.4781379699707,-0.0165973510593176,-0.283526331186295,-2.14164090156555,0.0640397444367409,70
738505.49103843444027006626,45.9456748962402,0.26728954911232,6.28028774261475,-0.0455836430191994,0.00113343144766986,42.4712295532227,-71.2936172485352,38.5161514282227,0.0346246585249901,-0.649296402931213,0.168730959296227,88.7000732421875,46.3736839294434,-0.0159344505518675,-0.408941864967346,-2.34816575050354,0.063925102353096,70
738505.49104079441167414188,45.9526710510254,0.102139219641685,6.30858278274536,-0.0455836430191994,0.00113343144766986,42.4712181091309,-71.2935104370117,38.5225601196289,0.0784973129630089,-0.716890156269073,0.142703965306282,88.4992752075195,46.3837966918945,-0.00769979087635875,-0.283972173929214,-2.4342052936554,0.0636164471507072,70
738505.49104315985459834337,45.9428367614746,0.158376112580299,6.31917524337769,-0.0455836430191994,0.00113343144766986,42.4712066650391,-71.2933959960938,38.5069427490234,0.0494365021586418,-0.719948470592499,0.146142795681953,88.3271484375,46.3756523132324,-0.00913713499903679,-0.188410848379135,-2.47216773033142,0.0631046369671822,70
738505.49104548071045428514,45.9616584777832,0.172579452395439,6.35324382781982,-0.0455836430191994,0.00113343144766986,42.4711952209473,-71.2932815551758,38.5107879638672,0.0630432665348053,-0.659290850162506,0.122456081211567,88.1921234130859,46.3990058898926,-0.010639569722116,-0.193755626678467,-2.48798823356628,0.0624331161379814,70
738505.49104792205616831779,46.0856895446777,0.17254650592804,6.38041305541992,-0.0455836430191994,0.00113343144766986,42.4711837768555,-71.2931594848633,38.5065383911133,0.0543195679783821,-0.691298961639404,0.0999701395630836,88.0894470214844,46.5255889892578,-0.0104871699586511,-0.0502201914787292,-2.49514389038086,0.0615202486515045,70
738505.49105041392613202333,46.2396850585938,0.231507286429405,6.40045261383057,-0.0455836430191994,0.00113343144766986,42.4711723327637,-71.2930374145508,38.5153045654297,0.0570955090224743,-0.643489181995392,0.0796768292784691,88.0474319458008,46.6811294555664,-0.00796951726078987,-0.0034263962879777,-2.49800944328308,0.0604539625346661,70
738505.49105277960188686848,46.4605560302734,0.231992661952972,6.42756128311157,-0.0455836430191994,0.00113343144766986,42.4711608886719,-71.2929229736328,38.5293197631836,0.0629519671201706,-0.646996974945068,0.0983757525682449,88.0716247558594,46.9036293029785,0.00113609561230987,-0.294892609119415,-2.49916076660156,0.0592810735106468,70
738505.49105526367202401161,46.7112350463867,0.199941024184227,6.45572423934937,-0.0455836430191994,0.00113343144766986,42.4711494445801,-71.2928009033203,38.5410842895508,0.0692192241549492,-0.672256767749786,0.0911149606108665,88.1707611083984,47.1556549072266,0.0126884179189801,-0.249888271093369,-2.49964952468872,0.0579713471233845,70
738505.49105765065178275108,47.036922454834,0.0620523765683174,6.50182294845581,-0.0455836430191994,0.00113343144766986,42.4711380004883,-71.2926864624023,38.5299797058105,0.0885449945926666,-0.808570444583893,0.109252974390984,88.3520965576172,47.4842071533203,0.0171326287090778,-0.380124419927597,-2.49985456466675,0.0565450042486191,70
738505.49105996778234839439,47.3065605163574,0.122292786836624,6.5385627746582,-0.0455836430191994,0.00113343144766986,42.4711265563965,-71.2925643920898,38.5075302124023,0.0573167279362679,-0.785189270973206,0.108369685709476,88.6046829223633,47.7564468383789,0.00546052725985646,-0.254955381155014,-2.49993705749512,0.0551120564341545,70
738505.49106234416831284761,47.5244216918945,0.308050394058228,6.56457710266113,-0.0455836430191994,0.00113343144766986,42.4711151123047,-71.2924499511719,38.521800994873,0.0540016144514084,-0.595472991466522,0.102745302021503,88.9302291870117,47.9766540527344,-0.0033169281668961,-0.243591874837875,-2.49997329711914,0.0535562597215176,70
738505.49106466653756797314,47.8268203735352,0.212071612477303,6.60273838043213,-0.0455836430191994,0.00113343144766986,42.4710998535156,-71.2923355102539,38.5400657653809,0.0821896493434906,-0.687982797622681,0.123864196240902,89.2882995605469,48.2809066772461,0.00527272326871753,-0.367805242538452,-2.4999885559082,0.051984116435051,70
738505.49106701335404068232,48.1369972229004,0.165973320603371,6.6397533416748,-0.0455836430191994,0.00113343144766986,42.4710884094238,-71.2922134399414,38.5381050109863,0.0709076449275017,-0.771662592887878,0.135471999645233,89.6988677978516,48.5930480957031,0.0122284404933453,-0.306040436029434,-2.49999475479126,0.0503116622567177,70
738505.49106930906418710947,48.4210243225098,0.18876039981842,6.67380285263062,-0.0455836430191994,0.00113343144766986,42.471076965332,-71.2920989990234,38.5395355224609,0.0750059112906456,-0.728511691093445,0.133326694369316,90.1256103515625,48.8791465759277,0.0132174575701356,-0.24287460744381,-2.49999713897705,0.0486846044659615,70
738505.49107164563611149788,48.7321548461914,0.158778056502342,6.71042156219482,-0.0455836430191994,0.00113343144766986,42.4710655212402,-71.2919769287109,38.5389137268066,0.0856860429048538,-0.761719822883606,0.155157551169395,90.6000823974609,49.192253112793,0.0128656746819615,-0.310931861400604,-2.4999988079071,0.0469513535499573,70
738505.49107402341905981302,49.0409812927246,0.141101643443108,6.7444109916687,-0.0455836430191994,0.00113343144766986,42.4710540771484,-71.2918548583984,38.5308113098145,0.0804859474301338,-0.793649673461914,0.178885251283646,91.0962829589844,49.5027770996094,0.00848359894007444,-0.341150015592575,-2.49999952316284,0.0452041812241077,70
738505.49107637256383895874,49.3268547058105,0.232744157314301,6.77456712722778,-0.0455836430191994,0.00113343144766986,42.4710426330566,-71.2917327880859,38.5297470092773,0.0628711357712746,-0.693898439407349,0.185746550559998,91.6257476806641,49.7904357910156,0.00184446619823575,-0.190905064344406,-2.49999952316284,0.0433952473104,70
738505.49107885046396404505,49.6267318725586,0.240017026662827,6.80791091918945,-0.0455836430191994,0.00113343144766986,42.4710311889648,-71.2916030883789,38.5457763671875,0.0911784619092941,-0.632420003414154,0.192335337400436,92.1805191040039,50.0920944213867,0.00451526511460543,-0.174830734729767,-2.49999928474426,0.0415243059396744,70
738505.49108127783983945847,49.9475326538086,0.156524628400803,6.84242868423462,-0.0455836430191994,0.00113343144766986,42.4710159301758,-71.2914733886719,38.5451736450195,0.0947153940796852,-0.747347354888916,0.215369373559952,92.7502899169922,50.4142761230469,0.01010587438941,-0.251426577568054,-2.49999952316284,0.0396118722856045,70
738505.49108364991843700409,50.2439231872559,0.17293407022953,6.87259387969971,-0.0455836430191994,0.00113343144766986,42.471004486084,-71.2913513183594,38.5409355163574,0.0889784172177315,-0.680395364761353,0.235758617520332,93.2938461303711,50.7120742797852,0.00884140096604824,-0.243110910058022,-2.49999952316284,0.0377989262342453,70
738505.49108602211344987154,50.540454864502,0.160598814487457,6.90220928192139,-0.0455836430191994,0.00113343144766986,42.4709930419922,-71.2912292480469,38.5356521606445,0.0822613909840584,-0.375931531190872,0.254145443439484,93.852912902832,51.0098419189453,0.00485871406272054,-0.179274618625641,-2.5,0.035944864153862,70
738505.49108834657818078995,50.7985687255859,0.213039338588715,6.92891502380371,-0.0455836430191994,0.00113343144766986,42.4709815979004,-71.2910995483398,38.535026550293,0.0736304000020027,0.338676393032074,0.255591779947281,94.4047775268555,51.2693862915039,0.000350194313796237,0.0790818929672241,-2.5,0.0341254658997059,70
738505.49109069374389946461,51.0581359863281,0.326597422361374,6.96130704879761,-0.0455836430191994,0.00113343144766986,42.4709663391113,-71.2909774780273,38.5523376464844,0.0944771990180016,1.01313924789429,0.292584836483002,94.9558792114258,51.5315399169922,0.00269499630667269,0.064952053129673,-2.5,0.0322874337434769,70
738505.49109319970011711121,51.337718963623,0.532929420471191,6.99757385253906,-0.0455836430191994,0.00113343144766986,42.4709548950195,-71.2908401489258,38.6046409606934,0.149101868271828,1.58866548538208,0.347877025604248,95.5269241333008,51.8151664733887,0.0233078170567751,-0.0524101406335831,-2.5,0.0303493663668633,70
738505.49109563860110938549,51.5942077636719,0.79478257894516,7.03078889846802,-0.0455836430191994,0.00113343144766986,42.4709434509277,-71.2907104492188,38.7071990966797,0.257843375205994,2.07392930984497,0.394274145364761,96.0789489746094,52.0771141052246,0.0739801973104477,-0.094977043569088,-2.50000023841858,0.0284459609538317,70
738505.49109811510425060987,51.8400421142578,1.07217288017273,7.0628604888916,-0.0455836430191994,0.00113343144766986,42.4709281921387,-71.2905731201172,38.8720359802246,0.418279767036438,2.49159002304077,0.43241885304451,96.6354370117188,52.329948425293,0.166482612490654,-0.106613732874393,-2.50000023841858,0.026478223502636,70
738505.49110054143238812685,52.0629959106445,1.34083843231201,7.09237670898438,-0.0455836430191994,0.00113343144766986,42.4709167480469,-71.2904357910156,39.0906562805176,0.619705379009247,2.85776543617249,0.46848276257515,97.1616363525391,52.5609664916992,0.295517146587372,-0.10098735243082,-2.50000023841858,0.0245595537126064,70
738505.49110297986771911383,52.2736167907715,1.59643638134003,7.12096929550171,-0.0455836430191994,0.00113343144766986,42.4709014892578,-71.2903060913086,39.3605918884277,0.904686391353607,3.18579173088074,0.502854585647583,97.6616287231445,52.7805633544922,0.454994976520538,-0.0987564697861671,-2.5,0.0226580426096916,70
738505.49110530910547822714,52.4785766601562,1.83939480781555,7.14944267272949,-0.0455836430191994,0.00113343144766986,42.470890045166,-71.2901763916016,39.6765556335449,1.20808482170105,3.48258757591248,0.535516798496246,98.1348724365234,52.9952697753906,0.636130690574646,-0.107928656041622,-2.5,0.0207792315632105,70
738505.49110782623756676912,52.6825561523438,2.09409070014954,7.17807483673096,-0.0455836430191994,0.00113343144766986,42.470874786377,-71.2900314331055,40.0687484741211,1.59730744361877,3.78404879570007,0.570329666137695,98.6238250732422,53.2105407714844,0.849680364131927,-0.106715634465218,-2.5,0.0187466721981764,70
738505.49111018877010792494,52.8473320007324,2.32200193405151,7.20167350769043,-0.0455836430191994,0.00113343144766986,42.4708633422852,-71.2899017333984,40.4763374328613,2.02986788749695,4.04969882965088,0.602254331111908,99.053352355957,53.3862915039062,1.05652606487274,-0.0894033163785934,-2.5,0.0168853010982275,70
738505.49111256410833448172,52.9999389648438,2.55280947685242,7.22448444366455,-0.0455836430191994,0.00113343144766986,42.4708480834961,-71.2897720336914,40.9428329467773,2.48331952095032,4.31451892852783,0.635076701641083,99.4761047363281,53.5509452819824,1.27712404727936,-0.0679841935634613,-2.50000023841858,0.0149408644065261,70
738505.49111491825897246599,53.1359100341797,2.78197836875916,7.24606037139893,-0.0455836430191994,0.00113343144766986,42.4708366394043,-71.2896347045898,41.4564399719238,2.9986572265625,4.57426071166992,0.668034911155701,99.8761520385742,53.6998138427734,1.50203835964203,-0.0473225973546505,-2.50000047683716,0.012973491102457,70
738505.49111729045398533344,53.2534599304199,3.00849390029907,7.26623725891113,-0.0455836430191994,0.00113343144766986,42.4708251953125,-71.2895050048828,42.0134963989258,3.56655073165894,4.82918739318848,0.701104819774628,100.249488830566,53.8310317993164,1.72788286209106,-0.0283475071191788,-2.5,0.0109900217503309,70
738505.49111969175282865763,53.351993560791,3.23101353645325,7.28495311737061,-0.0455836430191994,0.00113343144766986,42.4708099365234,-71.2893753051758,42.6079444885254,4.14288377761841,5.07842922210693,0.733977794647217,100.592018127441,53.9439086914062,1.95141112804413,-0.0122454790398479,-2.5,0.00899799633771181,70
738505.49112203356344252825,53.434928894043,3.45781207084656,7.30291032791138,-0.0455836430191994,0.00113343144766986,42.4707984924316,-71.2892379760742,43.2617645263672,4.8217830657959,5.3319673538208,0.767793118953705,100.914840698242,54.0423965454102,2.1802659034729,0.00191613228525966,-2.5,0.00692601315677166,70
738505.49112444650381803513,53.4995155334473,3.68298411369324,7.31960964202881,-0.0455836430191994,0.00113343144766986,42.4707832336426,-71.2891006469727,43.9593963623047,5.51116991043091,5.58391618728638,0.801733791828156,101.207626342773,54.1233711242676,2.4080331325531,0.014308575540781,-2.50000047683716,0.00482610566541553,70
738505.49112685967702418566,53.5464096069336,3.90810418128967,7.33521747589111,-0.0455836430191994,0.00113343144766986,42.4707717895508,-71.2889709472656,44.705265045166,6.23519802093506,5.83622217178345,0.83601313829422,101.471412658691,54.1876068115234,2.63595914840698,0.0248578675091267,-2.50000023841858,0.00267091486603022,70
738505.49112925806548446417,53.575740814209,4.13318538665771,7.34979200363159,-0.0455836430191994,0.00113343144766986,42.4707565307617,-71.2888336181641,45.5010528564453,7.04674243927002,6.08904409408569,0.870698750019073,101.705703735352,54.2352561950684,2.86436057090759,0.0343939252197742,-2.50000023841858,0.0004568638978526,70
738505.49113161745481193066,53.5885581970215,4.35739469528198,7.36346817016602,-0.0455836430191994,0.00113343144766986,42.4707450866699,-71.2886962890625,46.3438453674316,7.87682199478149,6.33866786956787,0.905665099620819,101.90892791748,54.2673110961914,3.09225726127625,0.0421626232564449,-2.50000023841858,-0.00182145636063069,70
738505.49113400664646178484,53.5868148803711,4.57943344116211,7.37616586685181,-0.0455836430191994,0.00113343144766986,42.4707298278809,-71.2885665893555,47.2143936157227,8.74643611907959,6.51942586898804,0.931929409503937,102.077560424805,54.2855911254883,3.31465268135071,0.0466046780347824,-2.49999976158142,-0.00411710701882839,70
738505.49113637371920049191,53.5800857543945,4.77682733535767,7.38870429992676,-0.0455836430191994,0.00113343144766986,42.4707183837891,-71.2884292602539,48.1427230834961,9.67769622802734,6.50867366790771,0.942601382732391,102.219718933105,54.2976684570312,3.54007601737976,0.0283072907477617,-2.49999952316284,-0.00652332464233041,70
738505.49113880039658397436,53.5788078308105,4.92882490158081,7.40136766433716,-0.0455836430191994,0.00113343144766986,42.470703125,-71.2882919311523,49.1178932189941,10.6574611663818,6.24792146682739,0.947999060153961,102.337364196777,54.3117141723633,3.76415109634399,-0.00251722475513816,-2.5,-0.00903796311467886,70
738505.49114131194073706865,53.6031646728516,4.95794439315796,7.41532230377197,-0.0455836430191994,0.00113343144766986,42.4706916809082,-71.2881546020508,50.1573715209961,11.7081260681152,5.92049646377563,0.958532989025116,102.439071655273,54.3402938842773,3.985506772995,-0.0183789934962988,-2.49999976158142,-0.0117752077057958,70
738505.49114365014247596264,53.6383476257324,4.92013788223267,7.42890691757202,-0.0455836430191994,0.00113343144766986,42.4706764221191,-71.2880172729492,51.1215705871582,12.65602684021,5.92774868011475,0.987675487995148,102.520240783691,54.373420715332,4.16355085372925,0.0148356640711427,-2.49999976158142,-0.0143945403397083,70
738505.49114595819264650345,53.6590766906738,4.96220350265503,7.44316959381104,-0.0455836430191994,0.00113343144766986,42.4706649780273,-71.2878875732422,52.0581512451172,13.5990123748779,6.20393753051758,1.02605020999908,102.590766906738,54.3996429443359,4.30337810516357,0.0739002600312233,-2.50000023841858,-0.0170267596840858,70
738505.49114836857188493013,53.669994354248,5.04346036911011,7.45969295501709,-0.0455836430191994,0.00113343144766986,42.4706497192383,-71.2877502441406,53.0544586181641,14.5922174453735,6.42881011962891,1.0678471326828,102.656997680664,54.4201393127441,4.42278051376343,0.092632569372654,-2.49999976158142,-0.0198928844183683,70
738505.49115087720565497875,53.6745300292969,5.14176607131958,7.47841644287109,-0.0455836430191994,0.00113343144766986,42.4706382751465,-71.2876129150391,54.1097106933594,15.6448783874512,6.58663558959961,1.1247843503952,102.717445373535,54.4363822937012,4.52953672409058,0.0884837806224823,-2.49999976158142,-0.0229903552681208,70
738505.49115359666757285595,53.674144744873,5.25017166137695,7.50016641616821,-0.0455836430191994,0.00113343144766986,42.4706230163574,-71.2874603271484,55.2605934143066,16.7997970581055,6.73379373550415,1.18701076507568,102.772903442383,54.4493370056152,4.6344199180603,0.0837668180465698,-2.50000023841858,-0.026436323300004,70
738505.49115606176201254129,53.6691436767578,5.35690259933472,7.52275562286377,-0.0455836430191994,0.00113343144766986,42.4706077575684,-71.2873153686523,56.3941345214844,17.9415683746338,6.8656792640686,1.24673283100128,102.817588806152,54.4579200744629,4.73213291168213,0.0866370424628258,-2.49999976158142,-0.0298792123794556,70
738505.49115851521492004395,53.660530090332,5.45881128311157,7.54573440551758,-0.0455836430191994,0.00113343144766986,42.4705924987793,-71.2871780395508,57.4926643371582,19.0304107666016,6.98494338989258,1.30342495441437,102.852447509766,54.4627304077148,4.82472562789917,0.09438356757164,-2.49999976158142,-0.0332776494324207,70
738505.49116108112502843142,53.6479454040527,5.56361246109009,7.57109975814819,-0.0455836430191994,0.00113343144766986,42.4705772399902,-71.2870407104492,58.6497039794922,20.1840324401855,7.10380506515503,1.36208522319794,102.881118774414,54.4644584655762,4.92170095443726,0.104854829609394,-2.5,-0.0369533486664295,70
