time_s,sub_id,level,run_id,glideslope_error_deg,localizer_error_deg,airspeed_error_kts,total_error,HR_mean,HR_std,HR_min,HR_max,HR_range,BR_mean,BR_std,Rsp_amp_mean,Rsp_amp_std,elevation_mean,aileron_mean,gear_mean
14.687870442867279,35,4,06,-0.2497,-0.1328,-0.5522,0.9347,66.30148612594108,4.323693292462623,58.18181818181818,75.29411764705883,17.112299465240646,106.06157652283446,45.58948804931717,0.036445877508496226,0.010383811117415404,-0.028636890797401376,-0.003921568393707199,70.0
15.638438612222672,35,4,06,-0.2351,-0.1344,-0.3725,0.742,66.73851481219327,4.463133183607715,58.18181818181818,75.29411764705883,17.112299465240646,106.22383052595546,44.74090584511491,0.03433836199622119,0.009459322963214698,-0.021132519117222654,-0.003921568393707199,70.0
16.604214906692505,35,4,06,-0.2312,-0.1359,-0.2113,0.5784,66.85429095576603,4.457060169031886,58.18181818181818,75.29411764705883,17.112299465240646,111.3604018859149,45.680793675583324,0.03329066425841412,0.008680881569831309,-0.018680662158186798,-0.003921568393707199,70.0
17.67515055835247,35,4,06,-0.2398,-0.1346,-0.1833,0.5577,66.84398226554272,4.498633219101941,58.18181818181818,75.29411764705883,17.112299465240646,112.27085907285152,45.34121928288052,0.03365976616141389,0.00886577863778613,-0.018115658488757205,-0.003921568393707199,70.0
18.622178211808205,35,4,06,-0.252,-0.1334,0.035,0.4204,66.63127293111195,4.380130810374701,58.18181818181818,75.29411764705883,17.112299465240646,117.70785463847191,46.50875444151926,0.03282967184652101,0.008362021305260555,-0.019289162803303304,-0.003921568393707199,70.0
19.594603031873703,35,4,06,-0.2632,-0.1307,0.1104,0.5043,65.80698086632655,3.7951409467135964,58.18181818181818,74.96886711501932,16.78704893320114,117.67193727586023,46.06860402403372,0.03329376227359129,0.007885743336953176,-0.02090311732213451,-0.003921568393707199,70.0
20.71262151002884,35,4,06,-0.2704,-0.1282,-0.1503,0.5489,65.22155092832936,3.715371191471738,58.18181818181818,71.77570093457943,13.593882752761253,114.54835111301065,49.26924427412992,0.03341770207283184,0.00789744934468828,-0.02188731380299014,-0.003921568393707199,70.0
21.627603471279144,35,4,06,-0.2704,-0.1265,-0.3316,0.7285,64.6916972677567,3.6446381313028855,58.18181818181818,71.77570093457943,13.593882752761253,109.77172283750183,53.47466486301646,0.03301867858896723,0.008262135782114233,-0.024383950737063526,-0.003921568393707199,70.0
22.60296531021595,35,4,06,-0.2643,-0.1249,-0.0515,0.4407,64.61907588606559,3.592726461159404,58.18181818181818,71.77570093457943,13.593882752761253,101.87474083578368,52.45087002231793,0.034813586637157265,0.009060698008542555,-0.03065742155150422,-0.003921568393707199,70.0
23.617735505104065,35,4,06,-0.2554,-0.1234,0.1282,0.507,64.78956527464598,3.3514569807393104,59.02796653241676,71.77570093457943,12.74773440216267,98.136615646153,50.913780788784756,0.03520820455058136,0.009739746881839378,-0.03796493497518998,-0.003921568393707199,70.0
24.577557295560837,35,4,06,-0.251,-0.121,-0.1481,0.5201,64.78872109471551,3.3149158076183824,59.53488372093023,71.77570093457943,12.240817213649201,101.52975627538754,50.93840846208077,0.03579985338264915,0.009295989119248364,-0.042575709557590574,-0.003921568393707199,70.0
25.63577927649021,35,4,06,-0.2586,-0.1176,-0.5391,0.9153,64.63612776793605,3.106828129317092,59.53488372093023,71.77570093457943,12.240817213649201,104.73440782812584,52.50940084526259,0.03643618641600129,0.008961000555952567,-0.04324472484250482,-0.003921568393707199,70.0
26.615385711193085,35,4,06,-0.2672,-0.1146,-0.4472,0.829,64.42160726687901,3.0668005236034803,59.53488372093023,71.77570093457943,12.240817213649201,108.18931924879794,53.34627961276425,0.03598093827487328,0.009138413582794875,-0.04221778951000935,-0.003921568393707199,70.0
27.499166876077652,35,4,06,-0.2764,-0.1111,-0.5665,0.954,64.67399976084724,3.1448354641325467,59.53488372093023,71.77570093457943,12.240817213649201,104.0537315929547,52.27430350329844,0.03664091046869277,0.009218613478655402,-0.041482073163577174,-0.003921568393707199,70.0
28.71965914964676,35,4,06,-0.2885,-0.109,-0.2876,0.6851,64.5087006618558,2.8621095884528955,59.53488372093023,69.81818181818181,10.283298097251581,96.92169852421904,50.27325359047265,0.03837652643785323,0.010456227907696914,-0.04039934609085323,-0.003921568393707199,70.0
29.666948318481445,35,4,06,-0.2936,-0.1085,-0.2391,0.6412,64.60245822012898,2.8867363688953542,59.53488372093023,69.81818181818181,10.283298097251581,96.208541996537,49.91371417463915,0.037706129098876676,0.010946996092138634,-0.044719724021852036,-0.003921568393707199,70.0
30.70979118347168,35,4,06,-0.2914,-0.1094,-0.1841,0.5849,65.14941254568392,2.8400985273088013,59.53488372093023,69.81818181818181,10.283298097251581,104.90247121417221,50.48794540928218,0.036450801875715234,0.011136654324421031,-0.047146867904812116,-0.003921568393707199,70.0
31.72266036272049,35,4,06,-0.2824,-0.1104,-0.1065,0.4993,65.62919587295134,2.7760168041043403,60.0,69.81818181818181,9.818181818181813,107.87992949721334,47.202983954750344,0.03746623656258146,0.010996315066372981,-0.04824575044366778,-0.003921568393707199,70.0
32.70995132625103,35,4,06,-0.2699,-0.1103,-0.4492,0.8294,65.4484377654338,2.911948534893026,60.0,69.81818181818181,9.818181818181813,108.98986846613127,46.32826061173731,0.0371695462596693,0.010368928783408976,-0.045295996933567284,-0.003921568393707199,70.0
33.69983732700348,35,4,06,-0.2569,-0.1122,-0.6441,1.0132,66.03828739716403,2.71697479941975,60.10805427802497,71.11111111111111,11.003056833086141,115.52193738762384,46.47889692935717,0.03543974176936733,0.009417354624822922,-0.04034726048002436,-0.003921568393707199,70.0
34.630027413368225,35,4,06,-0.2441,-0.1132,-0.4603,0.8176,66.41160111951316,2.4929791360344904,60.95238095238095,71.11111111111111,10.158730158730165,113.86094137969184,46.02311836408152,0.03677072788734998,0.009639277483089627,-0.03941505877118483,-0.003921568393707199,70.0
35.71416959166527,35,4,06,-0.2317,-0.1154,-0.1832,0.5303,67.0205453743358,3.7128214770878336,60.95238095238095,79.9131870712053,18.96080611882435,106.93661716638292,44.87817138020725,0.037414190219993426,0.009768546773371871,-0.04166444442143626,-0.003921568393707199,70.0
36.651259660720825,35,4,06,-0.2315,-0.1166,-0.4218,0.7699,68.28337707509294,4.726431784464705,60.95238095238095,80.84210526315789,19.88972431077694,97.43321340838558,42.769692157215346,0.0381502260208772,0.009382948518757374,-0.04726826521353078,-0.003921568393707199,70.0
37.73178085684776,35,4,06,-0.2375,-0.1179,-0.1112,0.4666,68.11624054065115,4.759954848265995,60.95238095238095,80.84210526315789,19.88972431077694,91.58291490559974,44.27795294478803,0.0372826689313274,0.009546701372652417,-0.05179503667526519,-0.003921568393707199,70.0
38.641663268208504,35,4,06,-0.2438,-0.1198,-0.0093,0.3729,68.26934663466014,4.801207284329456,60.95238095238095,80.84210526315789,19.88972431077694,93.31031323481626,43.7511488144271,0.036670937079288764,0.008448414046357256,-0.059333845901374596,-0.003921568393707199,70.0
39.617809653282166,35,4,06,-0.2525,-0.1235,0.0562,0.4322,69.36199363336681,5.354955683191104,60.95238095238095,80.84210526315789,19.88972431077694,95.92568421582544,46.21848593131782,0.03666568916068703,0.008381769927302826,-0.06943140073486086,-0.003921568393707199,70.0
40.56924283504486,35,4,06,-0.2677,-0.1277,-0.2566,0.652,70.2314947438575,5.685829285065758,60.95238095238095,80.84210526315789,19.88972431077694,94.02597664218786,43.16139410528726,0.036295229891681255,0.008785167658115475,-0.08140683947306748,-0.003921568393707199,70.0
41.702378913760185,35,4,06,-0.2918,-0.1368,-0.045,0.4736,70.63267443197863,5.619309114521608,60.95238095238095,80.84210526315789,19.88972431077694,100.09508121458926,45.81090121470152,0.03475391235279701,0.008599270592368162,-0.08914971949075742,-0.003921568393707199,70.0
42.64603704214096,35,4,06,-0.3046,-0.147,0.2046,0.6562,71.57339914538575,4.944790488905622,60.95460678805788,80.84210526315789,19.88749847510001,108.36845553836767,48.757595975959184,0.033492212133169524,0.008339866458749326,-0.09487009920039256,-0.003921568393707199,70.0
43.56162250041962,35,4,06,-0.3075,-0.1589,-0.1977,0.6641,72.42706261699087,4.919118001291872,64.0,84.34911130491727,20.349111304917272,105.90016804754296,46.99950962720884,0.03424585475710631,0.0083290784182372,-0.09885681248097498,-0.003921568393707199,70.0
44.635314121842384,35,4,06,-0.3035,-0.1739,-0.4455,0.9229,74.42993012942557,6.009691514336432,65.64102564102564,89.30232558139535,23.661299940369716,101.62165603012537,45.38096670595888,0.0339983238314583,0.008005399091241512,-0.10051442461985119,-0.003921568393707199,70.0
45.58796435594559,35,4,06,-0.2861,-0.1875,-0.4418,0.9154,74.22525885328847,5.9785124409740975,65.64102564102564,89.30232558139535,23.661299940369716,108.6308741050445,47.636777339630186,0.032581906158927386,0.008137103536588886,-0.10006757232326038,-0.003921568393707199,70.0
46.64524085819721,35,4,06,-0.2582,-0.202,-0.6685,1.1287,73.62094663280361,5.904131842102552,65.64102564102564,89.30232558139535,23.661299940369716,111.84674181758291,45.03170015319953,0.03174707609981927,0.00822738724098292,-0.10004892407192115,-0.003921568393707199,70.0
47.56997935473919,35,4,06,-0.2334,-0.2144,-0.1805,0.6283,74.34208942084092,5.351411000746466,66.53751750758538,89.30232558139535,22.764808073809974,123.31500559209215,41.20013467764383,0.030902441164646095,0.00824610064113537,-0.10107793341632229,-0.003921568393707199,70.0
48.66509512066841,35,4,06,-0.1996,-0.2288,-0.27,0.6984,74.56019660578009,5.152494059259373,67.36842105263158,89.30232558139535,21.933904528763776,126.52325072856362,43.000714019811056,0.030719672246239303,0.008118717837741929,-0.09920646195058457,-0.003921568393707199,70.0
49.66301769018173,35,4,06,-0.173,-0.24,-0.6917,1.1047,73.21805456727932,6.079982268615065,61.44,89.30232558139535,27.862325581395353,117.3965683298956,43.31180245833384,0.03154125063359821,0.008281343650801107,-0.09535100592194849,-0.003921568393707199,70.0
50.60590133070946,35,4,06,-0.153,-0.2504,-0.5317,0.9351,72.63239034466372,6.076282337182743,61.44,89.30232558139535,27.862325581395353,113.10949195016762,44.672949972874655,0.032983923390543915,0.008354522619792753,-0.09259419488134198,-0.003921568393707199,70.0
51.71951428055763,35,4,06,-0.1319,-0.2629,-0.4616,0.8564,73.00671667699669,6.121821603988774,61.44,89.30232558139535,27.862325581395353,115.18866523798481,45.73488833761641,0.03255737487951511,0.009113414112021732,-0.09374279694424723,-0.003921568393707199,70.0
52.61167399585247,35,4,06,-0.1193,-0.2724,-0.8143,1.206,73.27472855966577,6.098112457448567,61.44,89.30232558139535,27.862325581395353,107.15718730057844,43.61942749663696,0.03434278517980024,0.009687784932029578,-0.09709295224059697,-0.003921568393707199,70.0
53.53814251720905,35,4,06,-0.1149,-0.2823,-0.9475,1.3447,72.83061350259162,5.862347597589174,61.44,89.30232558139535,27.862325581395353,102.09196897923057,45.04661550774297,0.03477556566704609,0.009727661157239144,-0.1006368239996608,-0.003921568393707199,70.0
54.55757975578308,35,4,06,-0.1162,-0.2927,-0.7053,1.1142,70.6605385211658,4.191381874286078,61.44,79.53158748461207,18.091587484612077,97.32569635488379,49.293591272148724,0.034213657166748526,0.009362174256995802,-0.10462971158185075,-0.003921568393707199,70.0
55.66574111580849,35,4,06,-0.121,-0.3043,-0.5586,0.9839,69.80286499527335,4.456087111525321,61.44,76.8,15.36,88.30088190703539,49.85800810818057,0.03503616855894838,0.008703286290272411,-0.10939890975659726,-0.003921568393707199,70.0
56.56265839934349,35,4,06,-0.127,-0.3126,-0.2837,0.7233,69.30462426236838,4.572137790905288,61.44,76.8,15.36,90.24634480751226,51.89812279546591,0.036099249450964876,0.00843978007263425,-0.11256772827989633,-0.003921568393707199,70.0
57.68188387155533,35,4,06,-0.1349,-0.3221,-0.2419,0.6989,69.33360589514533,4.599837699674261,61.44,76.8,15.36,78.04591139979682,48.168487653519634,0.039023928287455566,0.008653220156908331,-0.1141441523466469,-0.003921568393707199,70.0
58.67099538445473,35,4,06,-0.1415,-0.3299,-0.3911,0.8625,69.27740045124936,4.570201774633384,61.44,76.8,15.36,69.98000426994692,44.70438592060115,0.03939860625380433,0.009216055516204639,-0.11572057641339745,-0.003921568393707199,70.0
59.61543805897236,35,4,06,-0.1475,-0.3354,-0.572,1.0549,69.72127553468898,4.138190762150246,63.47107438016529,76.8,13.328925619834706,77.49846704145789,51.45715548209284,0.038056968041539026,0.010341978701385778,-0.11744880427916844,-0.003921568393707199,70.0
60.69103069603443,35,4,06,-0.1563,-0.3394,-0.5867,1.0824,69.6005547084195,4.080858017642182,63.47107438016529,76.8,13.328925619834706,80.44735113328662,52.28853174492782,0.0369672438982381,0.010612038591915797,-0.11734080427097832,-0.003921568393707199,70.0
61.57964989542961,35,4,06,-0.1591,-0.3395,-0.4452,0.9438,68.77191945500445,3.6254300947907168,63.47107438016529,76.8,13.328925619834706,75.96941296862636,46.81666848706589,0.0374084604642992,0.009782415259946602,-0.1119281214972338,-0.003921568393707199,70.0
62.721164524555206,35,4,06,-0.145,-0.3378,-0.2028,0.6856,67.90951231162403,3.1268734519337418,63.47107438016529,74.5631067961165,11.09203241595121,79.77428237272377,50.53673005876202,0.03550621308384709,0.009902563523330944,-0.10671965637297014,-0.003921568393707199,70.0
63.68193179368973,35,4,06,-0.1222,-0.3358,-0.2894,0.7474,67.00572250586508,3.4610037850244018,60.47244094488189,74.5631067961165,14.090665851234611,80.0331261429512,50.37283285576367,0.036271542462512886,0.010709448743887233,-0.10280318206773631,-0.003921568393707199,70.0
64.6584302186966,35,4,06,-0.1002,-0.3315,-0.6072,1.0389,67.45193396890541,3.4741261938392474,60.47244094488189,74.5631067961165,14.090665851234611,89.69535356139731,52.1115726368564,0.03574474443898499,0.010967181735579382,-0.09799176109609799,-0.003921568393707199,70.0
65.60874693095684,35,4,06,-0.0849,-0.3269,-0.5948,1.0066,68.36857369044573,3.627854692219486,60.47244094488189,74.5631067961165,14.090665851234611,92.62145136449782,47.79743714012985,0.0369197300130369,0.01152797620037926,-0.0926005830643355,-0.003921568393707199,70.0
66.68752804398537,35,4,06,-0.0731,-0.3192,-0.5494,0.9417,69.00112776636163,3.610497071353387,60.47244094488189,74.5631067961165,14.090665851234611,90.36586548175381,45.761550233079845,0.03662497531338754,0.012197549208408532,-0.08648704653078665,-0.003921568393707199,70.0
67.67163053154945,35,4,06,-0.0701,-0.3136,-0.6204,1.0041,68.56012635442657,3.277250448753555,60.47244094488189,73.14285714285714,12.67041619797525,99.58399743714025,44.33508010813875,0.03477509232672271,0.010872178007473064,-0.08099414815880224,-0.003921568393707199,70.0
68.6222892254591,35,4,06,-0.0749,-0.3082,-0.7429,1.126,68.43726689306558,3.2062159718672185,60.47244094488189,73.14285714285714,12.67041619797525,107.07785820871914,42.48818376031287,0.03375801209481313,0.009843827102501227,-0.07681495130614004,-0.003921568393707199,70.0
69.56214532256126,35,4,06,-0.0911,-0.3029,-1.0512,1.4452,68.55589571630371,3.1988951231167775,60.47244094488189,73.14285714285714,12.67041619797525,104.52421839974213,40.97058416090837,0.03377642271916457,0.009871431802531257,-0.07413807497271953,-0.003921568393707199,70.0
70.67074924707413,35,4,06,-0.1166,-0.2967,-0.797,1.2103,68.22384424423026,3.27741632028813,60.47244094488189,73.14285714285714,12.67041619797525,101.83300005407582,41.78058887562564,0.03360986400848086,0.01009860331329451,-0.07150137733738378,-0.003921568393707199,70.0
71.58649563789368,35,4,06,-0.1214,-0.2895,-0.5219,0.9328,68.11000652029365,3.3742713723482343,60.47244094488189,73.14285714285714,12.67041619797525,107.29649599937639,44.69059347329608,0.03304340080674466,0.010755706842229373,-0.06518241074287667,-0.003921568393707199,70.0
72.65570126473904,35,4,06,-0.0981,-0.2807,-0.3846,0.7634,67.55780304455263,4.089114641034525,59.07692307692308,73.14285714285714,14.065934065934059,108.07605481469412,42.260162978588355,0.03334012117075304,0.010737271020786858,-0.05747274808445067,-0.003921568393707199,70.0
73.57689924538136,35,4,06,-0.0513,-0.2704,-0.3167,0.6384,68.49529384860827,4.069656976317502,59.07692307692308,79.96387052674706,20.886947449823978,109.81519041283921,41.04845018881042,0.03173466568552124,0.009403742746767006,-0.0478935935534537,-0.003921568393707199,70.0
74.7007917612791,35,4,06,0.0135,-0.2578,-0.7591,1.0304,69.15219338010779,4.62670218433341,59.07692307692308,80.0,20.92307692307692,102.29942372118276,40.62219022728074,0.032431252983168964,0.009434277683840028,-0.0402198272563939,-0.003921568393707199,70.0
75.69084875285625,35,4,06,0.0555,-0.2444,-1.0064,1.3063,69.50744572512309,5.059540482769686,59.07692307692308,80.0,20.92307692307692,101.9888173890326,41.34736797967185,0.03102051070489078,0.008041673427757783,-0.032911647550480566,-0.003921568393707199,70.0
76.61756873130798,35,4,06,0.0823,-0.2321,-0.8851,1.1995,69.63653308279773,5.145549403089912,59.07692307692308,80.0,20.92307692307692,108.30704106914894,44.73456381105632,0.030015471931958946,0.007267101343563297,-0.024940495810437,-0.003921568393707199,70.0
77.73031666874886,35,4,06,0.0974,-0.2167,-0.789,1.1031,69.59431791991685,5.190208533333407,59.07692307692308,80.0,20.92307692307692,103.47780830319289,43.86807909367334,0.03214021569699253,0.011551446250799319,-0.017767652765744275,-0.003921568393707199,70.0
78.72106768190861,35,4,06,0.0987,-0.2021,-0.7286,1.0294,68.7831477290117,5.771414025509508,58.68467006009892,80.0,21.315329939901083,105.61981546276623,43.6306742452342,0.031096642489982954,0.011615198313411214,-0.008860025537323273,-0.003921568393707199,70.0
79.65504974126816,35,4,06,0.0875,-0.1907,-0.8047,1.0829,67.96614770173647,6.307507681752946,58.18181818181818,80.0,21.81818181818182,107.12059057176904,44.054049790763344,0.031390928296834965,0.011728642147823818,-0.0029393893332694924,-0.003921568393707199,70.0
80.60164488852024,35,4,06,0.0625,-0.1814,-0.7699,1.0138,67.88589667310522,6.37017839003589,58.18181818181818,80.0,21.81818181818182,112.88430842039878,45.832562689038,0.03207387572048283,0.01170220394953889,-0.0020400575983027416,-0.003921568393707199,70.0
81.72355592250824,35,4,06,0.0125,-0.1729,-0.8314,1.0168,67.58364588223712,6.51719749996276,58.18181818181818,80.0,21.81818181818182,103.80554497910349,44.03326698587676,0.03481521602774171,0.012196330833656127,-0.006681363590342794,-0.003921568393707199,70.0
82.65243843197823,35,4,06,-0.0369,-0.1677,-0.7074,0.912,68.77177935734483,6.208405687841014,58.18181818181818,80.0,21.81818181818182,100.05618769245051,44.3511069508694,0.03580684074947489,0.012163682632866452,-0.009682769535706822,-0.003921568393707199,70.0
83.60153809189796,35,4,06,-0.0769,-0.1631,-0.5267,0.7667,68.54235442662443,5.970976331160745,58.18181818181818,80.0,21.81818181818182,104.40263191151425,46.34273835939341,0.03621960659262412,0.012022793799965181,-0.006865561430184319,-0.003921568393707199,70.0
84.7183495759964,35,4,06,-0.0938,-0.1608,-0.2954,0.55,68.25684993788741,5.733375337620731,58.18181818181818,79.86712211086697,21.685303929048793,106.18056552393485,44.75200158554189,0.03760314714054592,0.012814588257086623,-0.0005292250897805405,-0.003921568393707199,70.0
85.61760038137436,35,4,06,-0.0863,-0.1619,-0.4371,0.6853,68.58578863418543,6.2955940914710435,58.18181818181818,82.58064516129032,24.39882697947214,106.05074453205698,44.094902905068196,0.03788732831858642,0.013134883569915837,0.006432902033406297,-0.003921568393707199,70.0
86.58087216317654,35,4,06,-0.0714,-0.1643,-0.4217,0.6574,68.82912552915742,6.500843794530209,58.18181818181818,82.58064516129032,24.39882697947214,105.39823570840603,42.960471868645456,0.039315265482638,0.013072925350416827,0.012104469228465621,-0.003921568393707199,70.0
87.68428601324558,35,4,06,-0.0578,-0.1688,-0.5848,0.8114,69.47741945191201,6.7482157316490765,58.18181818181818,82.58064516129032,24.39882697947214,105.18185225745033,42.708284392977816,0.03913608350086156,0.012200725923950545,0.017847057554941148,-0.003921568393707199,70.0
88.63529674708843,35,4,06,-0.052,-0.1759,-0.8723,1.1002,70.03654572461822,6.284912801267213,58.18181818181818,82.58064516129032,24.39882697947214,104.55790933694739,42.972940222316545,0.0394593079103782,0.012025326453921653,0.0252818972286251,-0.003921568393707199,70.0
89.58923444151878,35,4,06,-0.0491,-0.1879,-0.6471,0.8841,70.39972022038792,5.763452039353109,60.95238095238095,82.58064516129032,21.62826420890937,100.14354043076477,41.31976215232274,0.04083257158207169,0.011083573441326093,0.0340500605741033,-0.003921568393707199,70.0
90.70629738271236,35,4,06,-0.0476,-0.2072,-0.4115,0.6663,70.47766685441162,5.666251958453965,60.95238095238095,82.58064516129032,21.62826420890937,92.64452231146142,38.08826445325899,0.04061548254144151,0.011256811006187528,0.04452265820132112,-0.003921568393707199,70.0
91.63890145719051,35,4,06,-0.0487,-0.2281,-0.4403,0.7171,70.60211098445248,5.57042750511844,61.44,82.58064516129032,21.140645161290323,92.20207817275858,38.34834839289279,0.04059229880523153,0.011253817449068119,0.051627486803621614,-0.003921568393707199,70.0
92.58938916027546,35,4,06,-0.0563,-0.2511,-0.5497,0.8571,70.7804337978755,5.581782589294858,61.44,82.58064516129032,21.140645161290323,91.20451019471531,38.25177099525071,0.04068752613752589,0.011113547404017127,0.05301058395869202,-0.003921568393707199,70.0
93.67776587605476,35,4,06,-0.0723,-0.2785,-0.4771,0.8279,70.98295392418193,5.497184930006502,61.44,82.58064516129032,21.140645161290323,93.12519017733737,40.827541550861476,0.039599723935604625,0.01229956621248385,0.05061149112177346,-0.003921568393707199,70.0
94.60630640387535,35,4,06,-0.0883,-0.3009,-0.4054,0.7946,71.50487504679975,5.896466007252311,61.44,82.58064516129032,21.140645161290323,97.3863869302101,43.26748943057447,0.03773664151111843,0.011884393053912635,0.045060392469167716,-0.003921568393707199,70.0
95.58764286339283,35,4,06,-0.1037,-0.3219,-0.2065,0.6321,70.51305504037218,5.178253334624367,61.44,82.58064516129032,21.140645161290323,100.18949428399495,44.5335081851964,0.03759156791216186,0.011526642020313742,0.039111571702754734,-0.003921568393707199,70.0
96.65433391928673,35,4,06,-0.094,-0.3417,0.0878,0.5235,69.8422270826616,4.890608714198614,61.44,82.58064516129032,21.140645161290323,93.20103521940369,41.5217072986116,0.03736357301136397,0.010615883437056389,0.034154221064077235,-0.003921568393707199,70.0
97.61173166334629,35,4,06,-0.0616,-0.3568,0.2834,0.7018,69.04011057819798,4.595776806229175,61.44,82.58064516129032,21.140645161290323,99.63507213720315,45.79735730405475,0.0344737446439853,0.009410795797217113,0.029196870425399743,-0.003921568393707199,70.0
98.56368787586689,35,4,06,-0.0142,-0.3697,0.2496,0.6335,68.75623402106658,4.751606199337321,61.44,82.58064516129032,21.140645161290323,100.38562903608897,45.20177785315732,0.03476855180186158,0.009165866945689289,0.023248049658986757,-0.003921568393707199,70.0
99.68611188232899,35,4,06,0.0423,-0.385,-0.2557,0.683,68.68060407264646,4.827806341017581,61.44,82.58064516129032,21.140645161290323,98.56345085490008,44.81046046645522,0.034392833807235526,0.009549939981019377,0.018649907940822958,-0.003921568393707199,70.0
100.59469677507877,35,4,06,0.0717,-0.395,-0.6302,1.0969,68.55744246837232,4.905376374263014,61.44,82.58064516129032,21.140645161290323,106.21078230066462,46.66072657240469,0.03407690271849166,0.00965747204250044,0.008313794232284023,-0.003921568393707199,70.0
101.56920365989208,35,4,06,0.0805,-0.4051,-0.8515,1.3371,69.18649627061302,4.742445486242791,62.950819672131146,82.58064516129032,19.629825489159174,113.24676345951238,47.52478808389661,0.03262015814597509,0.00957339033775759,-0.003988590169077151,-0.003921568393707199,70.0
102.68549211323261,35,4,06,0.0595,-0.4136,-0.71,1.1831,68.73072978524722,4.502557399102297,62.950819672131146,82.58064516129032,19.629825489159174,117.21190099664122,48.54181172030481,0.03224470223404792,0.01016272051767459,-0.01683587504480532,-0.003921568393707199,70.0
103.64012382924557,35,4,06,0.0214,-0.4192,-0.5029,0.9435,69.28139427893582,5.0463768549455885,62.950819672131146,82.58064516129032,19.629825489159174,118.96178239169687,48.39463758672435,0.03302502112554112,0.009713471108957972,-0.02925845932320893,-0.003921568393707199,70.0
104.60226908326149,35,4,06,-0.023,-0.4243,-0.3531,0.8004,69.09039301739801,4.581988140841634,62.950819672131146,77.57575757575758,14.624937903626432,115.9644287354101,47.47761150981262,0.03394975780230074,0.010060114526271608,-0.0430047067175448,-0.003921568393707199,70.0
105.7119894772768,35,4,06,-0.0677,-0.4276,0.1625,0.6578,69.21028318569832,4.619349863887203,62.950819672131146,77.57575757575758,14.624937903626432,112.5818583206466,47.63879504889689,0.03443737897939294,0.010225947206628378,-0.055380148646193436,-0.003921568393707199,70.0
106.6596306860447,35,4,06,-0.0799,-0.4277,0.2904,0.798,69.08412951993176,4.641992745279959,62.950819672131146,77.57575757575758,14.624937903626432,114.35415567224632,47.39656856888741,0.03394032221147329,0.010472497833385956,-0.06328284382855286,-0.003921568393707199,70.0
107.5962882488966,35,4,06,-0.062,-0.427,0.2164,0.7054,68.97086264858174,4.697783653346826,62.950819672131146,77.57575757575758,14.624937903626432,112.67845590015217,47.718469469996045,0.0351167222230241,0.010410841281978115,-0.07107558509300442,-0.003921568393707199,70.0
108.72855931520462,35,4,06,-0.0056,-0.425,0.0459,0.4765,68.85685525801416,4.825015253729929,62.17570566912609,77.57575757575758,15.40005190663149,105.5703457694581,47.452712141830546,0.03624385818039092,0.010060580410967673,-0.08066877322974364,-0.003921568393707199,70.0
109.69995819032192,35,4,06,0.0556,-0.4216,-0.1055,0.5827,68.69590911148411,5.016950917934155,61.935483870967744,77.57575757575758,15.640273704789834,108.56438877720598,48.60077658803047,0.035277042591050155,0.009707897616939819,-0.08922155980758804,-0.003921568393707199,70.0
110.63307523727417,35,4,06,0.1086,-0.418,-0.4151,0.9417,68.5671973869199,5.15046854030791,61.935483870967744,77.57575757575758,15.640273704789834,108.67315280651765,48.3421748525682,0.03487733069239145,0.009835874248567158,-0.09467456805018289,-0.003921568393707199,70.0
111.6141501814127,35,4,06,0.1451,-0.4148,-0.5222,1.0821,68.41050990527006,4.99785540713271,61.935483870967744,77.57575757575758,15.640273704789834,109.76454060116211,48.17589207709253,0.033631016358496316,0.009125685074409131,-0.09547934824457535,-0.003921568393707199,70.0
112.61535175144672,35,4,06,0.1555,-0.4103,-0.4659,1.0317,68.25407273157495,5.046521270783479,61.935483870967744,77.57575757575758,15.640273704789834,106.96776528427583,46.301307240641144,0.03445983571370894,0.009041269435859065,-0.09676043857943328,-0.003921568393707199,70.0
113.60437273979187,35,4,06,0.145,-0.4032,-0.3371,0.8853,68.03146579480675,4.713201998667712,61.935483870967744,77.11376360419406,15.178279733226319,97.74679831560138,42.42958009604779,0.036699908227320624,0.01079492854382374,-0.09755003424185611,-0.003921568393707199,70.0
114.58778120577335,35,4,06,0.1146,-0.3963,-0.3933,0.9042,67.62832414260379,4.139358700365525,61.935483870967744,76.03960396039604,14.104120089428292,96.33741702647106,42.77367332576077,0.037552027039744494,0.011366017756091496,-0.09598485480707408,-0.003921568393707199,70.0
115.55018797516823,35,4,06,0.0824,-0.3861,-0.2655,0.734,67.87229791243544,4.36204939128385,61.935483870967744,76.03960396039604,14.104120089428292,96.52901838646407,42.666130676960755,0.03667738769610507,0.011913170217871976,-0.09064797530523842,-0.003921568393707199,70.0
116.67598150670528,35,4,06,0.0513,-0.3721,-0.0061,0.4295,68.64784536515536,4.920267212259224,61.935483870967744,76.03960396039604,14.104120089428292,95.06053996675476,42.027672852696966,0.038423749600430296,0.01254961594403723,-0.08579746268403055,-0.003921568393707199,70.0
117.65696592628956,35,4,06,0.0413,-0.3559,0.0644,0.4616,69.68506648479904,5.387632911293916,61.935483870967744,80.90146961537727,18.965985744409522,91.60486260901207,37.21528931281582,0.03723597557982203,0.013058673926799918,-0.08125477207495868,-0.003921568393707199,70.0
118.60079504549503,35,4,06,0.0552,-0.3416,0.0913,0.4881,71.56896466873246,5.979824649203509,61.935483870967744,82.58064516129032,20.645161290322577,101.63499290031616,43.273216338565305,0.035165437212140514,0.014063290627829704,-0.07786468380632292,-0.003921568393707199,70.0
119.58186998963356,35,4,06,0.0867,-0.3268,0.0211,0.4346,72.57740183963156,5.176758087884324,62.10391603632755,82.58064516129032,20.476729124962773,106.84026704204491,44.7677035844557,0.03465503350935362,0.014471683305555715,-0.07649306121927023,-0.003921568393707199,70.0
120.57832404971123,35,4,06,0.1181,-0.3132,-0.2268,0.6581,72.78573761593516,4.838359665337825,62.46231717081095,82.58064516129032,20.118327990479372,107.41301975479301,45.13077002132592,0.03515263045085402,0.014392527402840239,-0.07554339287945838,-0.003921568393707199,70.0
121.68226093053818,35,4,06,0.137,-0.297,-0.3064,0.7404,72.09915401899495,5.733533027849378,60.95238095238095,82.58064516129032,21.62826420890937,101.65503754042746,42.786386676333265,0.0368162072353806,0.013868505215254413,-0.0739270689395756,-0.003921568393707199,70.0
122.5668165832758,35,4,06,0.1424,-0.2841,-0.0772,0.5037,72.06499498712958,5.68429346082894,60.95238095238095,82.58064516129032,21.62826420890937,100.13525968642666,43.00746053592313,0.036239870147497646,0.013524952844622145,-0.07198748021171625,-0.003921568393707199,70.0
123.72242286801338,35,4,06,0.1403,-0.2679,-0.0367,0.4449,71.40273649983709,5.77131168572112,60.95238095238095,82.58064516129032,21.62826420890937,106.88047454054929,44.899829218154224,0.03450500562840477,0.011997070909942498,-0.07037115627183346,-0.003921568393707199,70.0
124.63782727718353,35,4,06,0.134,-0.2542,-0.2744,0.6626,71.27005618950979,5.808129307336145,60.95238095238095,82.58064516129032,21.62826420890937,113.81115479602013,46.20514843457612,0.03243506308235327,0.011098046494860665,-0.07082462239150797,-0.003921568393707199,70.0
125.60973912477493,35,4,06,0.1279,-0.2406,-0.3401,0.7086,70.7745385199975,5.857895225033502,60.95238095238095,82.58064516129032,21.62826420890937,120.44343914103315,45.69489928086688,0.03295204480247306,0.010801776485762441,-0.07711208327058328,-0.003921568393707199,70.0
126.72809958457947,35,4,06,0.1214,-0.2263,-0.2879,0.6356,70.25292551754345,5.714525100470516,60.95238095238095,82.58064516129032,21.62826420890937,123.19032485492521,46.01302486305305,0.03084384346307552,0.008995433768833896,-0.08559473428242585,-0.003921568393707199,70.0
127.66424417495728,35,4,06,0.1131,-0.216,-0.4586,0.7877,70.35128632792654,5.820734896326461,60.95238095238095,82.58064516129032,21.62826420890937,130.68483023991342,47.350395766565974,0.030969372534829443,0.009041274946870554,-0.09407738529426841,-0.003921568393707199,70.0
128.61620038747787,35,4,06,0.1018,-0.2076,-0.4779,0.7873,69.28232886873135,4.460915466530536,60.95238095238095,80.0,19.04761904761905,123.40520816678676,46.10638857754465,0.0332248041115077,0.008649706065987696,-0.10156988457969862,-0.003921568393707199,70.0
129.57843616604805,35,4,06,0.0821,-0.2002,-0.3891,0.6714,70.05853204199761,5.388753858317611,60.95238095238095,82.58064516129032,21.62826420890937,122.33831484211403,45.68516918172426,0.034744845009741454,0.007806340306138315,-0.10441736876964529,-0.003921568393707199,70.0
130.55734857916832,35,4,06,0.0657,-0.1968,-0.0327,0.2952,70.52745392510066,5.332974315656245,60.95238095238095,82.58064516129032,21.62826420890937,114.94773877643938,45.603779203245345,0.03551887473510312,0.007370310606608634,-0.10471879690885504,-0.003921568393707199,70.0
131.71934187412262,35,4,06,0.0514,-0.1933,0.0167,0.2614,71.47643377198003,4.551755233114017,65.52079876769838,82.58064516129032,17.05984639359194,115.70591960650688,44.65047242556556,0.03463550786972801,0.007458819285590752,-0.10471879690885504,-0.003921568393707199,70.0
132.67760463058949,35,4,06,0.0419,-0.1929,0.3014,0.5362,71.69616124714393,4.411049097061498,65.64102564102564,82.58064516129032,16.939619520264685,119.07520428426047,42.37773257271206,0.035068036725123285,0.007887832130477968,-0.10471879690885502,-0.003921568393707199,70.0
133.62714685499668,35,4,06,0.0402,-0.1954,0.4037,0.6393,71.71531503589803,4.394786788973187,65.64102564102564,82.58064516129032,16.939619520264685,119.53583218777348,43.40194906702313,0.03370567976999488,0.008896607714717389,-0.10471879690885502,-0.003921568393707199,70.0
134.61071625351906,35,4,06,0.0612,-0.1999,0.3261,0.5872,71.24427778508019,4.660020037509232,65.13246640617966,82.58064516129032,17.44817875511066,119.70562285138408,43.35552086440345,0.03378734672683926,0.008649192884231053,-0.10471879690885504,-0.003921568393707199,70.0
135.57330407202244,35,4,06,0.1113,-0.2081,0.1547,0.4741,71.10002596223552,4.7092527693378585,65.08474576271186,82.58064516129032,17.49589939857846,113.98767780221745,43.21491910576261,0.03284967400629178,0.008841161162584899,-0.10471879690885502,-0.003921568393707199,70.0
136.69469207525253,35,4,06,0.194,-0.2186,-0.228,0.6406,70.91338584758262,4.697511872595012,65.08474576271186,82.58064516129032,17.49589939857846,116.63792276961586,43.35953678324629,0.03369364310068309,0.008520698165977607,-0.10471879690885502,-0.003921568393707199,70.0
137.65079230070114,35,4,06,0.2623,-0.2305,-0.7633,1.2561,70.32185823544026,4.162742727001108,65.08474576271186,82.58064516129032,17.49589939857846,110.11254284487805,40.79827864818705,0.034007342247077264,0.00801833252561818,-0.10563473432109866,-0.003921568393707199,70.0
138.6066310107708,35,4,06,0.3115,-0.2424,-0.8532,1.4071,70.26690744763184,4.130560613592658,65.08474576271186,82.58064516129032,17.49589939857846,116.71583496627925,43.82890714301969,0.03253902000745573,0.007655063668571153,-0.10746660914558595,-0.003921568393707199,70.0
139.57915641367435,35,4,06,0.3294,-0.2545,-0.8246,1.4085,69.16309839741356,2.533685402969584,65.08474576271186,80.15109059811805,15.066344835406184,111.91189667252084,42.72701310200226,0.03306762621492495,0.008239387418779193,-0.10899317149932537,-0.003921568393707199,70.0
140.72914011776447,35,4,06,0.3086,-0.2685,-0.8696,1.4467,69.72152624606785,2.954200127033833,65.08474576271186,79.17525773195877,14.090511969246904,112.52910241175493,42.285184631839726,0.033340575064044496,0.008963464873801676,-0.11051973385306481,-0.003921568393707199,70.0
141.70890748500824,35,4,06,0.2574,-0.2802,-0.7998,1.3374,69.97438092513917,3.3195321596950054,65.08474576271186,79.17525773195877,14.090511969246904,117.03916153847759,44.21064531966068,0.033452726686042905,0.00879997359129096,-0.11204629620680422,-0.003921568393707199,70.0
142.67305433750153,35,4,06,0.1803,-0.2908,-0.5,0.9711,69.89405525329788,3.325448780375321,65.08474576271186,79.17525773195877,14.090511969246904,113.72115333058306,46.179984916270705,0.032591547264157486,0.008025680087776519,-0.11357285856054365,-0.003921568393707199,70.0
143.6418481171131,35,4,06,0.119,-0.301,-0.1068,0.5268,69.97402371034136,3.278670511220085,65.08474576271186,79.17525773195877,14.090511969246904,106.32406124084613,44.426915613174216,0.034461733052229694,0.00756528511455746,-0.11229624498922083,-0.003921568393707199,70.0
144.624562561512,35,4,06,0.0933,-0.3138,-0.1488,0.5559,70.31737706082278,3.1567336425567083,65.08474576271186,79.17525773195877,14.090511969246904,99.18622868229191,41.83192758560806,0.03575316473206232,0.0077455110706622695,-0.10670726244839335,-0.003921568393707199,70.0
145.56779824197292,35,4,06,0.0914,-0.3288,-0.4018,0.822,71.20886213772629,3.5975046591715008,67.36842105263158,80.84210526315789,13.473684210526315,100.53439501873984,41.54367461028425,0.036721804605929484,0.006868721011982107,-0.10220837306517822,-0.003921568393707199,70.0
146.7194214463234,35,4,06,0.1031,-0.3498,-0.5206,0.9735,71.56076209366843,3.5573229989539477,67.36842105263158,80.84210526315789,13.473684210526315,101.66013246922918,41.976030081891004,0.035655423910940766,0.007403536540491484,-0.09990279949628394,-0.003921568393707199,70.0
147.6965233683586,35,4,06,0.1078,-0.3689,-0.6316,1.1083,71.86343400979945,3.6244299903609636,67.36842105263158,80.84210526315789,13.473684210526315,101.87202656210209,41.62349055941309,0.03625460033439694,0.0069573117637504725,-0.09668128851514601,-0.003921568393707199,70.0
148.63905496895313,35,4,06,0.1048,-0.3847,-0.4844,0.9739,72.63633270659406,4.074417582961484,67.36842105263158,80.84210526315789,13.473684210526315,101.87130352762975,40.76948985446116,0.03676666630345676,0.006697311407728558,-0.0923051154788803,-0.003921568393707199,70.0
149.62461590766907,35,4,06,0.0989,-0.3996,-0.0231,0.5216,73.83857052852568,4.896616083191737,67.36842105263158,90.3529411764706,22.98452012383902,101.7156962837094,40.0807604184908,0.037238030084811136,0.007358737384910323,-0.08825058948535189,-0.003921568393707199,70.0
150.5883302539587,35,4,06,0.0938,-0.4123,-0.1564,0.6625,74.38010725339441,5.5798146783105285,67.36842105263158,90.3529411764706,22.98452012383902,102.0516908179034,39.78087555649028,0.03813612573360166,0.007935829254865976,-0.08441845356271821,-0.003921568393707199,70.0
151.55704356729984,35,4,06,0.0885,-0.4238,-0.2205,0.7328,73.51980186680947,6.138013525128543,63.47107438016529,90.3529411764706,26.881866796305303,94.02357620591394,37.25749892114451,0.040152021709716615,0.008802512420339118,-0.0805863176400845,-0.003921568393707199,70.0
152.5655072182417,35,4,06,0.0829,-0.4343,-0.0883,0.6055,73.34221248142998,6.301896532370369,63.47107438016529,90.3529411764706,26.881866796305303,95.25458579801459,42.55335116542555,0.04020174985919299,0.009311984762214707,-0.0767541817174508,-0.003921568393707199,70.0
153.732680529356,35,4,06,0.0811,-0.4405,0.0147,0.5363,72.64378951965367,7.1410924611753055,60.47244094488189,90.3529411764706,29.880500231588705,98.88041750509248,42.34828443484836,0.03843678361237802,0.010265444195700676,-0.07572522171987937,-0.003921568393707199,70.0
154.67522218823433,35,4,06,0.0782,-0.4442,-0.3649,0.8873,72.18478255898246,7.431385071713425,60.47244094488189,90.3529411764706,29.880500231588705,108.38143807356091,48.33897954724664,0.036668667376109396,0.0111219323340172,-0.07950133815699932,-0.003921568393707199,70.0
155.65353110432625,35,4,06,0.0683,-0.4429,-0.5644,1.0756,71.75887492238071,7.234057541064914,60.47244094488189,90.3529411764706,29.880500231588705,113.09111408690423,50.10947237352966,0.03602676772884017,0.011410914145899748,-0.08422973109226603,-0.003921568393707199,70.0
156.63892105221748,35,4,06,0.0465,-0.4373,-0.6177,1.1015,71.61515775560926,7.300294161804151,60.47244094488189,90.3529411764706,29.880500231588705,113.12903171490044,49.233188299679675,0.03663870810112877,0.011012729856263411,-0.0867218020207742,-0.003921568393707199,70.0
157.60046280920506,35,4,06,0.0198,-0.4293,-0.5209,0.97,71.16469823646904,7.343158299315897,60.47244094488189,90.3529411764706,29.880500231588705,116.05583540117479,49.06840360236729,0.037185516456531696,0.011061983655110337,-0.08681048631954659,-0.003921568393707199,70.0
158.5837807506323,35,4,06,0.0196,-0.4148,-0.1906,0.625,70.25941805088702,6.974439393089181,60.47244094488189,90.3529411764706,29.880500231588705,107.54910324655513,47.76121517038868,0.03873211786127787,0.01128456383670072,-0.0800822159597794,-0.003921568393707199,70.0
159.54808853566647,35,4,06,0.0536,-0.3994,-0.0043,0.4573,69.86513950464882,6.228160554001789,60.47244094488189,90.06103156052602,29.58859061564413,111.23436865488945,50.5416801038431,0.03658190495049229,0.011539943000747092,-0.0722177025003761,-0.003921568393707199,70.0
160.53029000759125,35,4,06,0.1021,-0.3828,-0.1675,0.6524,68.73654073875377,4.71853646575476,60.47244094488189,80.0,19.52755905511811,113.34315660434251,50.4624977282028,0.03457404105429447,0.010590965671329704,-0.06436610307690563,-0.003921568393707199,70.0
161.67093962430954,35,4,06,0.1635,-0.3602,-0.3447,0.8684,68.6405489488902,4.754688015518039,60.47244094488189,80.0,19.52755905511811,119.59164248493393,49.72451165557462,0.03276289376431722,0.008740584084473459,-0.05651450365343516,-0.003921568393707199,70.0
162.628860399127,35,4,06,0.2123,-0.3414,-0.6688,1.2225,68.18178235312112,5.074163594894135,60.47244094488189,80.0,19.52755905511811,118.19540857942904,46.23176861400808,0.03329057065199683,0.008802297648266086,-0.049732576482571095,-0.003921568393707199,70.0
163.61225880682468,35,4,06,0.2551,-0.3208,-0.4847,1.0606,68.60151793537294,4.7180496153265965,61.959791552848685,80.0,18.040208447151315,114.63856146408452,47.83839743267074,0.034081628367256075,0.008640320267264771,-0.0457254954470465,-0.003921568393707199,70.0
164.57242257893085,35,4,06,0.2867,-0.3023,-0.5745,1.1635,69.32867738456225,4.628440468248864,62.4390243902439,80.0,17.5609756097561,106.13525762689319,42.63270341791833,0.03465479392456237,0.008650066235921974,-0.04104135282194386,-0.003921568393707199,70.0
165.5815802514553,35,4,06,0.3012,-0.283,-0.8702,1.4544,68.65441447960318,4.780524551507142,61.44,80.0,18.560000000000002,99.79467624379504,40.28282858553362,0.03472476817655588,0.008530229962074034,-0.037243287544697516,-0.003921568393707199,70.0
166.53137393295765,35,4,06,0.291,-0.2662,-0.9509,1.5081,68.4309877093782,4.662360931837923,61.44,80.0,18.560000000000002,97.77737028951783,40.256261827834855,0.03535661743554752,0.008847458978542128,-0.03344522226745116,-0.003921568393707199,70.0
167.7096113562584,35,4,06,0.2405,-0.2418,-1.0929,1.5752,67.8642579614079,4.672766282053693,61.44,80.0,18.560000000000002,95.6972806575083,40.938547794037504,0.0346202386892598,0.009186238440893502,-0.03092969402524767,-0.003921568393707199,70.0
168.65499950945377,35,4,06,0.1677,-0.2219,-1.1697,1.5593,68.47703311856841,5.194984066218056,61.44,80.0,18.560000000000002,98.68547890306488,41.87003492514522,0.03396981243617227,0.008632436669716876,-0.03640942503789473,-0.003921568393707199,70.0
169.61706429719925,35,4,06,0.0709,-0.1997,-1.0691,1.3397,68.15359852401866,4.6639548364410945,61.44,77.57575757575758,16.13575757575758,93.03556410417492,37.368270785925965,0.0360221465729196,0.008626772706653426,-0.04288055824444572,-0.003921568393707199,70.0
170.60254476964474,35,4,06,-0.0373,-0.1732,-0.6913,0.9018,68.0403767566363,4.6902865358884585,61.44,77.57575757575758,16.13575757575758,90.9085424824721,36.44473973664265,0.03682710554545158,0.008454015696869967,-0.049684545007319385,-0.003921568393707199,70.0
171.6970570385456,35,4,06,-0.1532,-0.1425,-0.1393,0.435,68.60115848885823,4.681025554863638,61.44,77.57575757575758,16.13575757575758,92.96790336095034,36.55981341578696,0.0361874386268407,0.008837592225000003,-0.05376208236870857,-0.003921568393707199,70.0
172.59112782776356,35,4,06,-0.2297,-0.115,0.0629,0.4076,69.3215997760313,4.2529493211028795,61.44,77.57575757575758,16.13575757575758,98.77600378841699,40.478768833439496,0.03610633650044245,0.008785309378157262,-0.05450829523257338,-0.003921568393707199,70.0
173.69272112846375,35,4,06,-0.2616,-0.0815,-0.0638,0.4069,69.52223707211117,4.048254862680668,61.44,77.57575757575758,16.13575757575758,98.66017010648446,40.563212781475016,0.03728204118636566,0.008798239022353,-0.051631611574871034,-0.003921568393707199,70.0
174.6826071292162,35,4,06,-0.2243,-0.0503,-0.3075,0.5821,68.89611632896921,4.0900114707245505,61.44,77.57575757575758,16.13575757575758,97.37496099326835,41.10432704797632,0.037713878754448114,0.007778630313815755,-0.04928539860814523,-0.003921568393707199,70.0
175.6583210080862,35,4,06,-0.1775,-0.0196,-0.5703,0.7674,69.91236070177492,4.206903943585596,61.935483870967744,78.33921498338609,16.403731112418342,96.67446981812773,41.18221148741349,0.03869897890500755,0.007366253316336427,-0.049719765092819355,-0.003921568393707199,70.0
176.66505463421345,35,4,06,-0.1477,-0.0105,-0.692,0.8502,70.34387422207779,4.339831099682514,61.935483870967744,78.36734693877551,16.431863067807768,91.89166172467858,38.156918856226675,0.03900599002595613,0.007363200165517722,-0.0523839501502852,-0.003921568393707199,70.0
177.66660824418068,35,4,06,-0.1412,-0.0357,-0.7977,0.9746,70.83196670380494,3.857558999053099,64.53781512605042,78.36734693877551,13.829531812725094,88.13440719383374,34.31456327446692,0.04064806620539724,0.007327513453393086,-0.05504813520775105,-0.003921568393707199,70.0
178.6310065537691,35,4,06,-0.1563,-0.0528,-0.6853,0.8944,70.65629177036942,3.6367702608528294,64.53781512605042,78.36734693877551,13.829531812725094,89.13768616274086,36.06151612402604,0.039751692731128475,0.007898343122816004,-0.057712320265216895,-0.003921568393707199,70.0
179.59488183259964,35,4,06,-0.177,0.0642,-0.2831,0.5243,69.83177656311162,3.831576267386755,63.47107438016529,78.36734693877551,14.896272558610221,91.83691990047389,37.76410998480428,0.03961124133470415,0.007796047471740444,-0.06101784675013063,-0.003921568393707199,70.0
180.72698190808296,35,4,06,-0.1913,0.0717,-0.0899,0.3529,69.94627499417066,3.692102042152868,63.47107438016529,78.36734693877551,14.896272558610221,97.4375909408499,42.64470516630545,0.03860607190218651,0.00880533688342353,-0.06357352739164177,-0.003921568393707199,70.0
181.72221891582012,35,4,06,-0.2015,0.0771,-0.0313,0.3099,69.89650524838497,3.5428096202112043,63.47107438016529,78.36734693877551,14.896272558610221,91.27259178765514,39.01315223816421,0.04056891888832437,0.008508358080351344,-0.06850686342491266,-0.003921568393707199,70.0
182.65957050025463,35,4,06,-0.2188,0.0829,-0.1745,0.4762,70.15936617885352,3.6019481739287444,63.47107438016529,78.36734693877551,14.896272558610221,92.9562485621489,40.32748458182764,0.04063026088841516,0.009301478949331234,-0.07623202714375128,-0.003921568393707199,70.0
183.5959766060114,35,4,06,-0.2438,0.0887,-0.3149,0.6474,71.25914777753215,4.334076339737239,63.47107438016529,80.84210526315789,17.3710308829926,93.5318541278209,40.01011274468715,0.03997746341462589,0.00958261326299656,-0.08477481914003594,-0.003921568393707199,70.0
184.58724059164524,35,4,06,-0.2781,0.0961,-0.5625,0.9367,71.77970505585589,4.095032520421964,63.47107438016529,80.84210526315789,17.3710308829926,99.179274107263,42.73985772697945,0.0393822050131357,0.010047635150216259,-0.09213778240462908,-0.003921568393707199,70.0
185.69143898785114,35,4,06,-0.3185,0.1029,-0.4196,0.841,70.66295971745912,4.455454112345335,62.4390243902439,80.84210526315789,18.40308087291399,106.51329083963351,45.678377799790816,0.03848902310208455,0.010571801185033834,-0.0943676009774208,-0.003921568393707199,70.0
186.63526810705662,35,4,06,-0.3401,0.1076,-0.0741,0.5218,70.26874471882977,4.3179243151251905,62.4390243902439,80.84210526315789,18.40308087291399,109.85298871464093,44.32781295850752,0.03773244759992853,0.010636412368037378,-0.0943676009774208,-0.003921568393707199,70.0
187.6007929444313,35,4,06,-0.3471,0.1113,-0.1189,0.5773,69.94682497181502,4.616882110668762,62.4390243902439,80.84210526315789,18.40308087291399,112.4576864778423,42.76954404883561,0.035879530669204844,0.009994438844073524,-0.0943676009774208,-0.003921568393707199,70.0
188.5546501725912,35,4,06,-0.3506,0.1148,-0.3441,0.8095,69.58638578549817,4.490432254378316,62.4390243902439,80.84210526315789,18.40308087291399,115.46497217210856,42.77095090267146,0.035471793562105156,0.009899467115829967,-0.0943676009774208,-0.003921568393707199,70.0
189.72458951175213,35,4,06,-0.3443,0.1185,-0.2946,0.7574,70.42770537269311,4.566602554861387,62.4390243902439,80.84210526315789,18.40308087291399,119.0561718445038,43.97465015977082,0.03440379461869278,0.009348628510323247,-0.0943676009774208,-0.003921568393707199,70.0
190.7005649060011,35,4,06,-0.3316,0.1191,-0.3294,0.7801,70.40503039594721,4.636055231454787,62.4390243902439,80.84210526315789,18.40308087291399,117.07561889285084,43.23835172206624,0.03447516868375572,0.009060790970433745,-0.0943676009774208,-0.003921568393707199,70.0
191.65762066841125,35,4,06,-0.32,0.1173,-0.5439,0.9812,70.42444987088473,4.643093285563138,62.4390243902439,80.84210526315789,18.40308087291399,124.00492192871755,43.773904385572976,0.03230947924841401,0.008125025585733327,-0.0943676009774208,-0.003921568393707199,70.0
192.5688810646534,35,4,06,-0.3131,0.1158,-0.6295,1.0584,70.32661674802786,4.613124078074201,62.4390243902439,80.84210526315789,18.40308087291399,124.47839912921036,43.66189693021916,0.030705906345361144,0.007061790778402566,-0.0943676009774208,-0.003921568393707199,70.0
193.69052052497864,35,4,06,-0.3149,0.1095,-0.7492,1.1736,69.15747062862427,3.7043009722652593,62.4390243902439,78.36734693877551,15.928322548531611,131.48316348529283,42.77203418982474,0.030044566156636688,0.006052161645655626,-0.0943676009774208,-0.003921568393707199,70.0
194.67573948204517,35,4,06,-0.3195,0.1017,-0.5894,1.0106,68.65709551781386,3.561361985859244,62.4390243902439,78.36734693877551,15.928322548531611,126.36777415784941,43.794510564422374,0.03092220606553032,0.006498273738409912,-0.0943676009774208,-0.003921568393707199,70.0
195.6182811409235,35,4,06,-0.3305,0.0928,-0.8952,1.3185,68.6972863786874,3.5074346540304013,62.4390243902439,78.36734693877551,15.928322548531611,125.45540108042955,43.00024317401708,0.030496501312201586,0.006397121924199631,-0.0943676009774208,-0.003921568393707199,70.0
196.55657820403576,35,4,06,-0.3481,0.0805,-0.8811,1.3097,68.27143743442669,3.7021581441146094,62.4390243902439,78.36734693877551,15.928322548531611,128.30948158249151,44.9956721998517,0.029837630375682513,0.006049328505178635,-0.0943676009774208,-0.003921568393707199,70.0
197.70294092595577,35,4,06,-0.3782,0.0664,-0.7904,1.235,68.55687398542125,3.468450715135522,62.4390243902439,78.36734693877551,15.928322548531611,125.29667178043486,47.8393887938075,0.03266683034232816,0.010898426203680112,-0.0943676009774208,-0.003921568393707199,70.0
198.66482466459274,35,4,06,-0.3923,0.0529,-0.301,0.7462,68.64863252106333,3.4413486121149814,62.4390243902439,78.36734693877551,15.928322548531611,118.17638012551458,48.579406795613565,0.034549638334686376,0.011809058954651667,-0.0943676009774208,-0.003921568393707199,70.0
199.58031959831715,35,4,06,-0.3942,0.0398,-0.2653,0.6993,68.38840572997478,2.8495525530301475,62.4390243902439,75.72419331670145,13.285168926457544,117.87987446232762,48.4391111334245,0.033934765684524276,0.012063953011088358,-0.0943676009774208,-0.003921568393707199,70.0
200.54273642599583,35,4,06,-0.3899,0.0242,-0.2751,0.6892,68.37756774735813,2.8363130873258924,62.4390243902439,72.45283018867924,10.013805798435342,114.27037620275532,47.80625591182383,0.03584486998646938,0.012628887830411576,-0.0943676009774208,-0.003921568393707199,70.0
201.68416053056717,35,4,06,-0.369,-0.0044,-0.2605,0.6339,67.80989517034631,3.025479999807544,62.4390243902439,72.45283018867924,10.013805798435342,113.21017225129089,47.67511138905858,0.03721264554694965,0.012563654228377283,-0.0943676009774208,-0.003921568393707199,70.0
202.64622531831264,35,4,06,-0.3464,-0.0147,-0.4042,0.7653,67.500663569333,2.8146088973318344,62.4390243902439,71.77570093457943,9.336676544335532,105.77024316317498,45.09258100564958,0.0394060043975453,0.01207383892771739,-0.0943676009774208,-0.003921568393707199,70.0
203.65226492285728,35,4,06,-0.3273,-0.0367,-0.3332,0.6972,67.5981493776778,2.8379690714972763,62.4390243902439,71.77570093457943,9.336676544335532,105.40752879798065,44.4390215751014,0.03903417229241005,0.012403257005109934,-0.0943676009774208,-0.003921568393707199,70.0
204.60085161030293,35,4,06,-0.3231,-0.057,-0.6552,1.0353,67.61121684313116,2.8290698674119175,62.4390243902439,71.77570093457943,9.336676544335532,112.93507470577296,46.071510826009835,0.037279239245814964,0.013792201423962385,-0.0943676009774208,-0.003921568393707199,70.0
205.56991696357727,35,4,06,-0.3347,-0.0768,-0.5163,0.9278,68.17690417932643,2.7132430018489986,62.44753802013955,71.77570093457943,9.328162914439886,111.26596142753638,47.15401960802014,0.03925816868137501,0.014179733290204515,-0.0943676009774208,-0.003921568393707199,70.0
206.54329732060432,35,4,06,-0.3578,-0.0931,-0.1952,0.6461,68.43613306317879,2.4282634812652346,63.47107438016529,71.77570093457943,8.304626554414142,110.08342981458198,46.92427064834244,0.03915651581949296,0.014304479709983366,-0.0943676009774208,-0.003921568393707199,70.0
207.66771286725998,35,4,06,-0.3879,-0.1092,-0.2843,0.7814,68.72963409038202,2.6296367287228066,63.47107438016529,73.04342989947799,9.572355519312694,112.48689557078532,45.85496608715416,0.03682914522467895,0.012450279428743547,-0.0943676009774208,-0.003921568393707199,70.0
208.64783227443695,35,4,06,-0.4091,-0.1184,-0.3182,0.8457,68.84782202371966,2.7678884803641726,63.47107438016529,73.14285714285714,9.671782762691848,119.811330956338,46.27077642394027,0.03531045814926901,0.011939157286694133,-0.0943676009774208,-0.003921568393707199,70.0
209.64479930698872,35,4,06,-0.4134,-0.1259,-0.3812,0.9205,68.44322879769678,2.7343219523893985,63.47107438016529,73.14285714285714,9.671782762691848,113.40236230074251,45.84840655452926,0.03706348441359072,0.011957415824505113,-0.0943676009774208,-0.003921568393707199,70.0
210.60816161334515,35,4,06,-0.4005,-0.1292,-0.5042,1.0339,68.28703681199588,2.6593429552671846,63.47107438016529,73.14285714285714,9.671782762691848,111.74735008779598,46.92961667722728,0.03698676160842886,0.011749436544565757,-0.0943676009774208,-0.003921568393707199,70.0
211.59372255206108,35,4,06,-0.3823,-0.1337,-0.6472,1.1632,68.63016644255443,2.3189707727943736,65.08474576271186,73.14285714285714,8.058111380145277,104.41443823621498,45.74484848421294,0.03749994513276905,0.011562879558036861,-0.0943676009774208,-0.003921568393707199,70.0
212.58119456470013,35,4,06,-0.3653,-0.1331,-0.6682,1.1666,68.50395415372289,2.3155926420395656,65.08474576271186,73.14285714285714,8.058111380145277,103.59434831115854,46.274051766618015,0.03608426553133828,0.010968046401213957,-0.0943676009774208,-0.003921568393707199,70.0
213.56018744409084,35,4,06,-0.3572,-0.1314,-0.8115,1.3001,68.21204405929439,2.543729645840871,63.47107438016529,73.14285714285714,9.671782762691848,96.24688925282466,43.92450882491625,0.037945457724173126,0.011161634320624631,-0.0943676009774208,-0.003921568393707199,70.0
214.6892599761486,35,4,06,-0.3637,-0.1294,-0.9816,1.4747,68.899897886719,2.9299199814500927,63.47107438016529,76.03960396039604,12.568529580230745,95.60943040951685,44.60349427666616,0.03913932152485722,0.009883587427166645,-0.0943676009774208,-0.003921568393707199,70.0
215.66265039145947,35,4,06,-0.3812,-0.1294,-0.8296,1.3402,68.6283363587851,2.89526661188201,63.47107438016529,76.03960396039604,12.568529580230745,93.21259742969623,42.015842475369396,0.03756159616767505,0.008967129961702484,-0.0943676009774208,-0.003921568393707199,70.0
216.6442383080721,35,4,06,-0.4177,-0.1325,-0.9438,1.494,68.69120730254186,2.8565781678519877,63.47107438016529,76.03960396039604,12.568529580230745,93.27132695329877,41.66418523182337,0.03821470388471304,0.008285730845876587,-0.0943676009774208,-0.003921568393707199,70.0
217.65191741287708,35,4,06,-0.4679,-0.1368,-0.5985,1.2032,68.5492156471739,2.8547568844381197,63.47107438016529,76.03960396039604,12.568529580230745,98.23458928647449,45.37295905510274,0.037503968612851615,0.008696138347488731,-0.0943676009774208,-0.003921568393707199,70.0
218.62331628799438,35,4,06,-0.5196,-0.1434,-0.435,1.098,68.12235072360946,2.6990789021321855,63.47107438016529,76.03960396039604,12.568529580230745,96.9460109063939,45.04048248481176,0.037273882152170965,0.008862955986972357,-0.0943676009774208,-0.003921568393707199,70.0
219.61821131408215,35,4,06,-0.566,-0.1527,-0.3777,1.0964,68.78724472995134,3.238176367281301,63.47107438016529,76.8,13.328925619834706,101.7118556821305,46.83685580508571,0.03581673022836766,0.008756808490347153,-0.0943676009774208,-0.003921568393707199,70.0
220.6099983304739,35,4,06,-0.5854,-0.1645,-0.4591,1.209,68.97222498948352,3.2008491544224107,63.47107438016529,76.8,13.328925619834706,104.80269877739201,46.53283627610597,0.03596317769755302,0.008944448546460513,-0.0943676009774208,-0.003921568393707199,70.0
221.677041426301,35,4,06,-0.5628,-0.1797,-0.3894,1.1319,69.10867046179769,3.1579923126340845,63.47107438016529,76.8,13.328925619834706,105.33190948962113,46.1403062533108,0.03572632768213605,0.008814295761108797,-0.0943676009774208,-0.003921568393707199,70.0
222.61870801448822,35,4,06,-0.527,-0.1947,-0.6139,1.3356,69.29797686748296,3.085471109662975,63.47107438016529,76.8,13.328925619834706,112.53671624553422,46.84420317645994,0.03629127140737857,0.008720338957894388,-0.0943676009774208,-0.003921568393707199,70.0
223.55520464479923,35,4,06,-0.4807,-0.2086,-0.6429,1.3322,70.0117667897566,2.8278969273045385,65.08474576271186,76.8,11.715254237288136,114.74331686130793,45.65726719357484,0.03537730190159231,0.007807701773100855,-0.0943676009774208,-0.003921568393707199,70.0
224.69265572726727,35,4,06,-0.4245,-0.225,-0.8869,1.5364,69.73122846112264,2.5740175384896675,65.08474576271186,76.8,11.715254237288136,116.71452880432957,46.04011535708909,0.034723450112062515,0.007815051250875853,-0.0943676009774208,-0.003921568393707199,70.0
225.6747666746378,35,4,06,-0.3799,-0.2384,-0.8205,1.4388,70.69208927412963,3.33183124288925,65.08474576271186,80.0,14.915254237288138,118.0810547080471,46.363080764869814,0.035783004637449004,0.008022835268323536,-0.0943676009774208,-0.003921568393707199,70.0
226.60425268113613,35,4,06,-0.339,-0.246,-0.8492,1.4342,71.07166196855835,3.160172112495476,65.08474576271186,80.0,14.915254237288138,113.06382604825365,46.050768836737674,0.035583972082521086,0.008035732092202078,-0.0943676009774208,-0.003921568393707199,70.0
227.57504805922508,35,4,06,-0.3036,-0.251,-1.1864,1.741,70.92461824794752,3.1549069782903447,65.08474576271186,80.0,14.915254237288138,112.81790517382925,45.602544062332775,0.03564009698742633,0.007943786074935785,-0.0943676009774208,-0.003921568393707199,70.0
228.70498560369015,35,4,06,-0.2845,-0.2473,-1.4361,1.9679,70.95535435477335,3.0861613982008165,65.64102564102564,80.0,14.358974358974365,106.90898608726411,44.04302230099641,0.03725340489428309,0.008066212881315381,-0.0943676009774208,-0.003921568393707199,70.0
229.65020276606083,35,4,06,-0.2872,-0.2402,-1.2835,1.8109,70.91826584536258,2.942885721076123,65.64102564102564,80.0,14.358974358974365,104.99015760321649,42.79977879036688,0.037161905550049716,0.008726613284568469,-0.0943676009774208,-0.003921568393707199,70.0
230.6301511824131,35,4,06,-0.2998,-0.2251,-1.1336,1.6585,70.51739541841046,3.406097891627919,63.47107438016529,80.0,16.52892561983471,107.20936586457506,44.671667578199305,0.03742682887541131,0.009634124449890988,-0.0943676009774208,-0.003921568393707199,70.0
231.72388896346092,35,4,06,-0.3285,-0.2051,-1.1409,1.6745,70.57554402001017,3.5484418552523205,63.47107438016529,80.0,16.52892561983471,112.46197113119828,45.818949876327366,0.035794204343732615,0.010263404084792873,-0.0943676009774208,-0.003921568393707199,70.0
232.67377316951752,35,4,06,-0.3574,-0.1861,-1.2301,1.7736,71.2487519720942,3.935714703392119,63.47107438016529,80.0,16.52892561983471,113.85730067726499,46.3664007314287,0.03495738990951005,0.010419769619090198,-0.0943676009774208,-0.003921568393707199,70.0
233.6210623383522,35,4,06,-0.3767,-0.167,-1.0399,1.5836,71.37104412069934,4.1607377127271175,63.47107438016529,80.0,16.52892561983471,113.83543754300995,46.04919356430821,0.03447771218839126,0.010357462733733343,-0.0943676009774208,-0.003921568393707199,70.0
234.73172821104527,35,4,06,-0.3843,-0.1422,-0.847,1.3735,71.89532060359177,4.353229655104791,63.47107438016529,80.0,16.52892561983471,112.87724446366876,44.60408368993183,0.03462602810446649,0.010234618504001628,-0.0943676009774208,-0.003921568393707199,70.0
235.72956025600433,35,4,06,-0.3842,-0.1181,-0.7766,1.2789,71.22315469551779,3.944046798679513,63.47107438016529,79.17525773195877,15.704183351793475,114.1482608772632,45.1190973761844,0.0355719421357946,0.011296770604426704,-0.09575729859325122,-0.003921568393707199,70.0
236.65585778653622,35,4,06,-0.3918,-0.0933,-0.9006,1.3857,71.07771667994807,3.9642743283938175,63.47107438016529,79.17525773195877,15.704183351793475,112.19667711693674,47.26789046435965,0.03781449756465666,0.01275241420158665,-0.09814472783070344,-0.003921568393707199,70.0
237.61282302439213,35,4,06,-0.4119,-0.0673,-0.8507,1.3299,71.09938948268305,3.9484700330490132,63.47107438016529,79.17525773195877,15.704183351793475,109.18729164372598,48.80038684415075,0.038473536606312884,0.01248135031260644,-0.1008528565179627,-0.003921568393707199,70.0
238.5585632175207,35,4,06,-0.4283,-0.0392,-1.0005,1.468,71.69514179784504,3.860010765826102,63.47107438016529,79.17525773195877,15.704183351793475,115.56420986586039,48.63122970936319,0.03732589822100425,0.012245667956329717,-0.10316901921101337,-0.003921568393707199,70.0
239.53764662146568,35,4,06,-0.4256,-0.0137,-0.9052,1.3445,72.38029182286178,4.717162889270271,63.47107438016529,83.47826086956522,20.007186489399928,113.60031425287424,48.43044479314413,0.037784303379942284,0.011584110346246278,-0.10548518190406407,-0.003921568393707199,70.0
240.69834239780903,35,4,06,-0.3861,-0.0146,-0.9107,1.3114,73.10983596265912,4.230067931686452,64.74913745287549,83.47826086956522,18.72912341668973,109.19797990774978,46.99215352947229,0.03773675988778063,0.011391268627081766,-0.10805968582057039,-0.003921568393707199,70.0
241.70507602393627,35,4,06,-0.3371,-0.0355,-0.8713,1.2439,72.90319645739041,4.331946559907276,66.20689655172414,83.47826086956522,17.271364317841076,110.56387574509121,47.94639503295703,0.037803634655494904,0.011219723892397409,-0.11042039010387204,-0.003921568393707199,70.0
242.66955479979515,35,4,06,-0.2838,-0.0495,-1.0735,1.4068,72.62479784089824,4.116204977154721,66.20689655172414,83.47826086956522,17.271364317841076,110.05114515626369,47.506595283766295,0.037818160438930895,0.011204372212704794,-0.11278109438717371,-0.003921568393707199,70.0
243.64699870347977,35,4,06,-0.2372,0.0617,-1.1768,1.4757,72.70872501671616,3.9361226518488177,66.20689655172414,83.47826086956522,17.271364317841076,115.4560050922639,49.9229512995359,0.03770928461084263,0.011927709426609135,-0.11554913588014311,-0.003921568393707199,70.0
244.65702138841152,35,4,06,-0.1888,0.0712,-0.9207,1.1807,72.71746376093387,3.9063018899109485,66.20689655172414,83.47826086956522,17.271364317841076,107.49515950424161,48.77331369157514,0.039321728148186644,0.011637340892348767,-0.11795612848272517,-0.003921568393707199,70.0
245.59739045798779,35,4,06,-0.1481,0.0786,-1.0789,1.3056,73.82178558483649,4.654254974417801,66.20689655172414,84.3956043956044,18.188707843880252,109.55261505452863,49.84026123916751,0.036588960000630076,0.011633913370316523,-0.118918925523758,-0.003921568393707199,70.0
246.56170830130577,35,4,06,-0.1161,0.083,-1.0502,1.2493,73.83596508181446,4.717131440942645,66.20689655172414,84.3956043956044,18.188707843880252,119.11728591667229,48.796976294857615,0.03348744789193365,0.010389212636601447,-0.118918925523758,-0.003921568393707199,70.0
247.71160148084164,35,4,06,-0.0895,0.0904,-1.1069,1.2868,73.74189496403969,4.813407362521797,66.20689655172414,84.3956043956044,18.188707843880252,122.33210061768632,47.561667107322705,0.03200423779230403,0.0109793851204058,-0.118918925523758,-0.003921568393707199,70.0
248.65621514618397,35,4,06,-0.0758,0.0965,-0.9703,1.1426,74.12810604323298,5.060371784664223,66.20689655172414,84.3956043956044,18.188707843880252,116.00076064817335,48.57464705431058,0.03266774493709255,0.01148613673070437,-0.118918925523758,-0.003921568393707199,70.0
249.624415487051,35,4,06,-0.0723,0.1013,-1.0364,1.21,73.77421334887265,4.649874264424153,66.20689655172414,84.3956043956044,18.188707843880252,115.65321386757277,48.85195577022426,0.03374543404198196,0.012051103541686403,-0.118918925523758,-0.003921568393707199,70.0
250.57904720306396,35,4,06,-0.0917,0.1058,-1.1282,1.3257,74.26489000272346,4.6715798683888625,66.20689655172414,84.3956043956044,18.188707843880252,116.8088449565773,48.172177328529095,0.032534754794790254,0.010554869960287714,-0.118918925523758,-0.003921568393707199,70.0
251.72522887587547,35,4,06,-0.1312,0.1083,-0.7261,0.9656,75.33563726037849,4.190125399280593,66.20689655172414,84.3956043956044,18.188707843880252,113.1395774430047,45.375159049116846,0.03246175928089725,0.010483464214014734,-0.118918925523758,-0.003921568393707199,70.0
252.68418565392494,35,4,06,-0.1574,0.1116,-0.6563,0.9253,75.30772920506844,4.2358292762561724,66.20689655172414,84.3956043956044,18.188707843880252,115.36588883369004,47.672926620337954,0.032160378806725745,0.010651081374600056,-0.118918925523758,-0.003921568393707199,70.0
253.6780446767807,35,4,06,-0.1762,0.1137,-0.5011,0.791,75.33910961705126,4.263932230573513,66.20689655172414,84.3956043956044,18.188707843880252,116.7805636406526,47.54951961324686,0.03180866518205065,0.010194085448924502,-0.118918925523758,-0.003921568393707199,70.0
254.62991036474705,35,4,06,-0.1934,0.1175,-0.4174,0.7283,75.15764250384035,4.449816211324337,66.20689655172414,84.3956043956044,18.188707843880252,124.28705470676391,47.72748493268771,0.030146959285991842,0.0094244274010341,-0.118918925523758,-0.003921568393707199,70.0
255.61659783124924,35,4,06,-0.211,0.1216,-0.5951,0.9277,74.2517443517141,4.114032183074791,66.20689655172414,80.84210526315789,14.635208711433748,124.67139667048801,47.54042320083695,0.030504192808203278,0.009342420590705903,-0.118918925523758,-0.003921568393707199,70.0
256.59127570688725,35,4,06,-0.2375,0.1254,-0.6523,1.0152,74.63661183666757,3.809390863298233,66.20689655172414,80.84210526315789,14.635208711433748,123.19631956345339,47.98428570801034,0.03169027675823731,0.009257853465414547,-0.118918925523758,-0.003921568393707199,70.0
257.54737593233585,35,4,06,-0.2672,0.1313,-0.4925,0.891,75.34890411692203,3.1145201227868533,66.78260869565217,80.84210526315789,14.059496567505718,116.4779454908147,47.404685825465975,0.03369222220246461,0.008866564916921497,-0.118918925523758,-0.003921568393707199,70.0
258.7020266801119,35,4,06,-0.301,0.1388,-0.8007,1.2405,75.06743973692888,2.9460764237252475,66.78260869565217,78.90146413567446,12.118855440022287,117.25243077943564,46.78499985960533,0.03321222073058349,0.008297768374761386,-0.118918925523758,-0.003921568393707199,70.0
259.6806775778532,35,4,06,-0.3362,0.1455,-0.8262,1.3079,74.67446852680204,3.003538257976669,66.78260869565217,78.36734693877551,11.58473824312334,125.01768087962758,47.1734812686564,0.031965648889591414,0.008067805270703419,-0.118918925523758,-0.003921568393707199,70.0
260.6773931533098,35,4,06,-0.3617,0.1555,-0.8548,1.372,74.4003502923737,2.815204497231064,66.78260869565217,78.36734693877551,11.58473824312334,132.57607074973694,47.01164817971259,0.03068872401689146,0.008126195730499091,-0.118918925523758,-0.003921568393707199,70.0
261.63833141326904,35,4,06,-0.3581,0.1664,-0.8814,1.4059,73.80951571607345,2.5729279631145703,66.78260869565217,78.36734693877551,11.58473824312334,133.3429500254781,48.08683957070672,0.032185701302887025,0.00839391223118893,-0.118918925523758,-0.003921568393707199,70.0
262.5955581665039,35,4,06,-0.3259,0.1775,-0.6373,1.1407,74.06530795744155,2.54959685927768,66.78260869565217,78.36734693877551,11.58473824312334,130.0675966544988,47.12537350823392,0.03278470914356139,0.008101898684773566,-0.118918925523758,-0.003921568393707199,70.0
263.56289349496365,35,4,06,-0.2666,0.1882,-0.4677,0.9225,73.84578556112267,2.5357588752835323,66.78260869565217,78.36734693877551,11.58473824312334,122.89795530812576,46.90211751311704,0.03371422408965848,0.007807216239083196,-0.118918925523758,-0.003921568393707199,70.0
264.5481124520302,35,4,06,-0.1969,0.197,-0.5641,0.958,73.54402799965071,2.412768440915735,66.78260869565217,77.57575757575758,10.793148880105406,121.97243673197443,46.58468954772123,0.03398471056188886,0.007468016915885744,-0.118918925523758,-0.003921568393707199,70.0
265.71451127529144,35,4,06,-0.1444,0.2075,-0.8226,1.1745,73.85746999698827,2.209430731821004,69.1891891891892,77.57575757575758,8.386568386568385,114.80919804580685,45.52295298862836,0.03423910876310016,0.006988760696007287,-0.118918925523758,-0.003921568393707199,70.0
266.69368520379066,35,4,06,-0.1333,0.2186,-0.8918,1.2437,74.46990325492054,3.0067470920749146,69.1891891891892,86.80648152236301,17.617292333173822,109.28303048598141,43.410153041069464,0.034548419751320544,0.007211889039658488,-0.118918925523758,-0.003921568393707199,70.0
267.6512539386749,35,4,06,-0.147,0.231,-0.8696,1.2476,75.06770106561103,3.8610674362454853,69.1891891891892,87.27272727272727,18.083538083538073,109.82603933673049,42.996095708884184,0.03597267695540803,0.009782691949303526,-0.118918925523758,-0.003921568393707199,70.0
268.6155617237091,35,4,06,-0.1757,0.2422,-0.8899,1.3078,76.14514038504566,5.147294811518947,69.1891891891892,90.3529411764706,21.1637519872814,110.09708751050444,42.777739892127535,0.03584872395814325,0.009809383711392674,-0.118918925523758,-0.003921568393707199,70.0
269.5702839642763,35,4,06,-0.2018,0.2531,-0.8755,1.3304,76.52420305575426,5.09482068591231,69.1891891891892,90.3529411764706,21.1637519872814,107.54245236051068,39.404462151304266,0.035852594097847336,0.009261781736787851,-0.11534169130027301,-0.003921568393707199,70.0
270.7161236554384,35,4,06,-0.2095,0.2646,-0.6304,1.1045,75.98173426041524,5.495387714121686,68.05724377880901,90.3529411764706,22.295697397661584,100.61562352207963,34.11755863513104,0.035575391232783846,0.009509642888549417,-0.11019563259413616,-0.003921568393707199,70.0
271.6757643967867,35,4,06,-0.2042,0.274,-0.5447,1.0229,75.40495670148542,6.11279933373987,65.64102564102564,90.3529411764706,24.71191553544496,103.77684870349523,35.50357084580807,0.033886893255130696,0.010055216441042743,-0.1050495738879993,-0.003921568393707199,70.0
272.6537313312292,35,4,06,-0.191,0.2825,-0.6402,1.1137,75.55683349769507,6.3727653781001585,65.64102564102564,90.3529411764706,24.71191553544496,106.24077400416408,37.33950779709477,0.034166131307738504,0.0102842695074794,-0.09953066399868803,-0.003921568393707199,70.0
273.6258141696453,35,4,06,-0.1659,0.2903,-0.6527,1.1089,75.93238106244658,6.294408128931523,65.64102564102564,90.3529411764706,24.71191553544496,109.02630158044083,38.63727894630786,0.03430668088823808,0.010318101116103227,-0.09428370218066612,-0.003921568393707199,70.0
274.5984200388193,35,4,06,-0.153,0.2982,-0.9195,1.3707,76.53871098601626,6.053485540282945,65.64102564102564,90.3529411764706,24.71191553544496,103.16150934778443,35.86074057998202,0.03504447254633829,0.010445682020693924,-0.08858218602836135,-0.003921568393707199,70.0
275.72931312024593,35,4,06,-0.1505,0.3089,-0.8884,1.3478,76.4201601244212,6.087781222559965,65.64102564102564,90.3529411764706,24.71191553544496,111.23868516748584,39.95884427151081,0.034520591430389574,0.010970901126481645,-0.08343612732222451,-0.003921568393707199,70.0
276.6516275703907,35,4,06,-0.1534,0.3152,-0.6935,1.1621,76.45728335822479,6.141281375279772,65.64102564102564,90.3529411764706,24.71191553544496,114.74260083620803,41.35183288669244,0.03343920859653777,0.01110411774558901,-0.07829006861608766,-0.003921568393707199,70.0
277.60971933603287,35,4,06,-0.1523,0.3229,-0.3994,0.8746,75.89645866939331,5.786643931852608,65.64102564102564,90.3529411764706,24.71191553544496,121.98109571182131,41.84949181917601,0.03158403196622298,0.00844503681161074,-0.07299789491127123,-0.003921568393707199,70.0
278.59416380524635,35,4,06,-0.1435,0.3271,-0.3462,0.8168,74.66655418826903,4.58060105121863,65.64102564102564,84.3956043956044,18.75457875457876,121.5139115503747,42.85569872978656,0.032437845993952906,0.009498297534908627,-0.06696873946258657,-0.003921568393707199,70.0
279.54438999295235,35,4,06,-0.1343,0.3282,-0.446,0.9085,74.64924486628915,4.53501838500708,65.64102564102564,84.3956043956044,18.75457875457876,118.60560363235471,43.24961715164584,0.03272706870620173,0.009446141178461,-0.0653999149799347,-0.003921568393707199,70.0
280.70102222263813,35,4,06,-0.1298,0.3286,-0.4712,0.9296,75.62747498238959,4.412575305849415,65.64102564102564,84.3956043956044,18.75457875457876,116.54908161039721,44.837657675132924,0.033403445734429986,0.009022309285477943,-0.0653999149799347,-0.003921568393707199,70.0
281.65885247290134,35,4,06,-0.1302,0.3271,-0.7213,1.1786,76.33838104491558,3.411826999745498,65.92400570803508,84.3956043956044,18.471598687569312,111.37623917936583,43.32470287184941,0.03418211964732829,0.0083793352965777,-0.0653999149799347,-0.003921568393707199,70.0
282.6224762946367,35,4,06,-0.1423,0.3229,-0.7254,1.1906,75.68994745243329,3.4278916208406973,69.1891891891892,84.3956043956044,15.206415206415201,108.58359080580209,41.659144924131525,0.033519128302616476,0.008449487069199773,-0.0653999149799347,-0.003921568393707199,70.0
283.5774499922991,35,4,06,-0.1523,0.3169,-0.559,1.0282,75.73914237725167,3.512837234224301,69.1891891891892,84.3956043956044,15.206415206415201,104.99782608932166,40.74733340313641,0.03360903789748579,0.008517185400001253,-0.0653999149799347,-0.003921568393707199,70.0
284.7145590931177,35,4,06,-0.1713,0.3055,-0.7004,1.1772,76.41815702679162,4.279308241410877,69.1891891891892,86.82161798219248,17.632428793003285,105.16981003837122,40.54496448299026,0.0334477639764291,0.008185237085803116,-0.0653999149799347,-0.003921568393707199,70.0
285.69459803402424,35,4,06,-0.1842,0.291,-0.6496,1.1248,77.38272739453829,4.7602318700679085,69.1891891891892,87.27272727272727,18.083538083538073,97.9784548419513,34.70964570205912,0.0341804177157105,0.007493367815935556,-0.0653999149799347,-0.003921568393707199,70.0
286.6122554987669,35,4,06,-0.1966,0.2765,-0.7105,1.1836,78.05887054557176,5.538436495125243,69.1891891891892,91.42857142857144,22.239382239382252,95.20769122821142,30.919975372534914,0.03531888157846834,0.006780796041903601,-0.0653999149799347,-0.003921568393707199,70.0
287.5824373215437,35,4,06,-0.1953,0.2587,-0.5134,0.9674,78.13856930725736,5.572773447409513,69.1891891891892,91.42857142857144,22.239382239382252,87.87017029180144,22.991065909849674,0.03515388591158391,0.006363238170681841,-0.0653999149799347,-0.003921568393707199,70.0
288.5449346154928,35,4,06,-0.1704,0.2434,-0.5269,0.9407,77.98989339163683,5.699737461440376,69.1891891891892,91.42857142857144,22.239382239382252,87.8455618610802,22.091887174445922,0.03369884929275533,0.006053597039992357,-0.0653999149799347,-0.003921568393707199,70.0
289.55866880714893,35,4,06,-0.117,0.2288,-0.4489,0.7947,77.48150193060476,5.975971266111757,69.1891891891892,91.42857142857144,22.239382239382252,92.04785519519048,29.897732098393195,0.03293681553819402,0.006560646961749046,-0.0653999149799347,-0.003921568393707199,70.0
290.5597798526287,35,4,06,-0.0599,0.2183,-0.7532,1.0314,76.89725168388209,6.054665510748239,69.1891891891892,91.42857142857144,22.239382239382252,95.76443606426987,32.487365948187325,0.03234885170396841,0.0073621884591365035,-0.0653999149799347,-0.003921568393707199,70.0
291.5449183434248,35,4,06,-0.0162,0.212,-1.0285,1.2567,77.72119060500928,6.146474839310583,69.1891891891892,91.42857142857144,22.239382239382252,98.42638398469876,35.43528710110457,0.033717649060860264,0.008788856943833726,-0.0653999149799347,-0.003921568393707199,70.0
292.5277132540941,35,4,06,0.0048,0.2052,-0.8828,1.0928,79.24832621857324,5.994925230511282,71.11111111111111,91.42857142857144,20.31746031746033,93.10895031947453,31.145168165939516,0.0355515760698319,0.009647507916642754,-0.0653999149799347,-0.003921568393707199,70.0
293.68599504232407,35,4,06,0.0122,0.1993,-0.7876,0.9991,81.62257911278155,8.721859279051268,71.11111111111111,106.66666666666669,35.55555555555557,91.6356504680487,32.175381685554754,0.0338716249686137,0.01021919978490847,-0.0653999149799347,-0.003921568393707199,70.0
294.6529783308506,35,4,06,0.0174,0.1943,-0.6212,0.8329,82.26186224064168,9.098313130739283,71.11111111111111,106.66666666666669,35.55555555555557,90.52559922620817,32.70753022895101,0.03397943236418727,0.010308312266225087,-0.0653999149799347,-0.003921568393707199,70.0
295.5842848867178,35,4,06,0.0203,0.1931,-0.7864,0.9998,81.9592937495793,9.087281248026079,71.11111111111111,106.66666666666669,35.55555555555557,96.51015067031828,38.68496140497983,0.0339249508308279,0.010346469147214632,-0.0653999149799347,-0.003921568393707199,70.0
296.58263996243477,35,4,06,0.0122,0.1918,-0.706,0.91,80.80087000970363,9.026167010654502,71.11111111111111,106.66666666666669,35.55555555555557,97.03319164737977,38.96647486318252,0.032721632732526186,0.010240347693845811,-0.0653999149799347,-0.003921568393707199,70.0
297.7154340595007,35,4,06,-0.0171,0.1926,-0.9328,1.1425,80.89712856286629,8.942870831754082,71.11111111111111,106.66666666666669,35.55555555555557,103.61507819958433,43.03964153544151,0.032099847272202414,0.01072850839178526,-0.0653999149799347,-0.003921568393707199,70.0
298.70220199227333,35,4,06,-0.0449,0.1937,-0.7838,1.0224,81.77699539347074,8.46481843143995,71.11111111111111,106.66666666666669,35.55555555555557,108.69970647124617,44.65823465309986,0.032801084031641635,0.010347135699054237,-0.0653999149799347,-0.003921568393707199,70.0
299.70029555261135,35,4,06,-0.0634,0.1972,-0.5808,0.8414,82.47694071443209,7.848360479511997,71.25550353111478,106.66666666666669,35.4111631355519,104.75834522149944,42.215080396625645,0.03396947078632455,0.010156326674683724,-0.0653999149799347,-0.003921568393707199,70.0
300.6844785064459,35,4,06,-0.0946,0.2008,-0.9198,1.2152,82.78848783164024,7.529919465911047,75.29411764705883,106.66666666666669,31.37254901960786,103.00032980347221,40.70403934350027,0.03421847093294874,0.009983915948219976,-0.0653999149799347,-0.003921568393707199,70.0
301.642831787467,35,4,06,-0.1335,0.2084,-0.8053,1.1472,82.0818635501889,7.858285398226282,73.14285714285714,106.66666666666669,33.52380952380955,108.8283217451365,45.08742801316793,0.03229160271600022,0.009459609122074655,-0.0653999149799347,-0.003921568393707199,70.0
302.5911569595337,35,4,06,-0.1732,0.217,-0.6998,1.09,81.77883823143311,7.86405792418936,73.14285714285714,106.66666666666669,33.52380952380955,111.5617236209695,45.46928133325851,0.030393046001324715,0.008040050782223246,-0.061276868558846995,-0.003921568393707199,70.0
303.7321485579014,35,4,06,-0.1837,0.2303,-0.4167,0.8307,79.62991716538866,4.821393948378072,73.14285714285714,95.02428269961622,21.881425556759083,112.64153441252624,44.4375464092379,0.03317549773784476,0.00972762406075481,-0.053893492736208914,-0.003921568393707199,70.0
304.6834208071232,35,4,06,-0.1422,0.2417,-0.4836,0.8675,78.62402923147212,3.3594648105353926,73.14285714285714,87.27272727272727,14.129870129870127,113.07314122394243,47.02707075182778,0.03352287644535952,0.010389197104630443,-0.04651011691357083,-0.003921568393707199,70.0
305.64548559486866,35,4,06,-0.0748,0.2531,-0.5739,0.9018,78.10465433700048,3.2552935972479946,73.14285714285714,87.27272727272727,14.129870129870127,114.74307372728222,47.88247891282893,0.03322206436497731,0.010545228364004426,-0.03919423813475115,-0.003921568393707199,70.0
306.60175681114197,35,4,06,-0.0114,0.2642,-0.5381,0.8137,78.26116237271438,3.167111669564841,73.14285714285714,87.27272727272727,14.129870129870127,120.93090732277615,49.3859907250504,0.0326586761984035,0.01097774213689855,-0.03255249957482404,-0.003921568393707199,70.0
307.55267702043056,35,4,06,0.0267,0.28,-0.6831,0.9898,78.1857695684893,3.186638902832297,73.14285714285714,87.27272727272727,14.129870129870127,114.36009260588249,48.32032935116161,0.03390098334705414,0.010958011529297304,-0.02659775467159658,-0.003921568393707199,70.0
308.68555158376694,35,4,06,0.015,0.2982,-0.8865,1.1997,77.51270097016153,3.230588513735391,73.14285714285714,87.27272727272727,14.129870129870127,113.50614237994887,48.749691650157324,0.03280981108554235,0.011418635250386928,-0.020643009768369115,-0.003921568393707199,70.0
309.6150476485491,35,4,06,-0.0305,0.3164,-0.8426,1.1895,77.28993867332966,3.2536383120142602,73.14285714285714,87.27272727272727,14.129870129870127,113.68458334443885,49.26593560997051,0.03256373200855587,0.01135062811512439,-0.014476610207051606,-0.003921568393707199,70.0
310.56371480226517,35,4,06,-0.0885,0.3363,-0.7315,1.1563,77.31641715091526,3.296226399175154,73.14285714285714,87.27272727272727,14.129870129870127,113.7235451978424,49.12564646133451,0.033379258591032954,0.01143567949757908,-0.008634218981243523,-0.003921568393707199,70.0
311.7039319127798,35,4,06,-0.1415,0.3619,-0.6881,1.1915,78.21618849544498,3.9522712656796744,73.14285714285714,89.30232558139535,16.159468438538212,110.5489971493375,47.81981217683886,0.033246974208961465,0.01127947219040595,-0.002791827755435449,-0.003921568393707199,70.0
312.69330494105816,35,4,06,-0.1477,0.3785,-0.6032,1.1294,77.90497754427575,3.687368352716075,73.14285714285714,89.30232558139535,16.159468438538212,107.97599869778477,47.28295123488152,0.034856136548139474,0.011303781402317473,0.00024387240409852551,-0.003921568393707199,70.0
313.70202004909515,35,4,06,-0.1329,0.3974,-0.6451,1.1754,78.42460381352608,3.979549269245197,73.84615384615384,89.30232558139535,15.456171735241512,108.80430284190341,46.69619081936995,0.033640247533293144,0.010223270233275088,-0.0011847585153120998,-0.003921568393707199,70.0
314.7142857313156,35,4,06,-0.1164,0.4145,-0.5561,1.087,78.08863836105314,3.909761139884733,73.84615384615384,89.30232558139535,15.456171735241512,108.95235261141151,43.55663393319426,0.03512144866502207,0.012602854295340903,-0.0026133894347227246,-0.003921568393707199,70.0
315.69916270673275,35,4,06,-0.1039,0.4327,-0.6474,1.184,77.61859735015551,4.480939629394198,66.13582318710982,89.30232558139535,23.16650239428553,100.05467130933907,39.40657903656169,0.037043416784566345,0.013048705957045173,-0.0034705679863691,-0.003921568393707199,70.0
316.66606552898884,35,4,06,-0.1028,0.4497,-0.7043,1.2568,76.36253166602913,5.964420997292093,63.47107438016529,89.30232558139535,25.83125120123006,91.89797144909392,34.09635025394412,0.03898760968037005,0.012302003843426154,-0.0034705679863690996,-0.003921568393707199,70.0
317.6522299647331,35,4,06,-0.1156,0.4673,-0.8152,1.3981,75.80965738903818,6.211709033187711,63.47107438016529,89.30232558139535,25.83125120123006,98.03316240730119,39.631226106831726,0.03690975506180495,0.013360206369219597,-0.0034705679863690996,-0.003921568393707199,70.0
318.59165355563164,35,4,06,-0.151,0.4809,-1.0958,1.7277,75.62293109682285,6.328511399863579,63.47107438016529,89.30232558139535,25.83125120123006,93.34764014882366,36.510171608236384,0.038941495237965966,0.01280395272964531,-0.0034705679863691,-0.003921568393707199,70.0
319.7283402085304,35,4,06,-0.2213,0.4955,-0.7066,1.4234,74.63021004154052,6.91359342817834,63.47107438016529,89.30232558139535,25.83125120123006,90.02287120407595,35.194553718751074,0.04000231768314139,0.013044937754393509,-0.0034705679863690996,-0.003921568393707199,70.0
320.6891879439354,35,4,06,-0.2762,0.5088,-0.5377,1.3227,73.98609925744746,6.990947493055974,63.47107438016529,89.30232558139535,25.83125120123006,88.10800267341672,35.033187390435174,0.04194234001130648,0.013005269184499305,-0.0034705679863690996,-0.003921568393707199,70.0
321.6572977602482,35,4,06,-0.321,0.5195,-0.6113,1.4518,72.99571145388173,6.004114350136183,63.47107438016529,88.27586206896552,24.804787688800232,81.16865228293595,25.348193789889226,0.04413839568199628,0.011627115123353867,-0.0034705679863690996,-0.003921568393707199,70.0
322.6383727043867,35,4,06,-0.3581,0.5253,-0.5907,1.4741,72.97291003280137,5.982187589797936,63.47107438016529,88.27586206896552,24.804787688800232,80.46725936715202,25.42371447401637,0.04473723520173669,0.011841817267458055,-0.0034705679863690996,-0.003921568393707199,70.0
323.63102473318577,35,4,06,-0.3925,0.5296,-0.5398,1.4619,72.56562188618545,5.338037502928089,63.47107438016529,85.33333333333333,21.862258953168038,80.28249789440372,25.429548763096918,0.04464481821684717,0.011723014455753017,-0.0034705679863690996,-0.003921568393707199,70.0
324.64009188115597,35,4,06,-0.3984,0.5349,-0.4277,1.361,72.0743739706607,5.176163085404091,63.47107438016529,85.33333333333333,21.862258953168038,81.96737291591792,26.056677740836157,0.041932133487517016,0.011179845074391643,-0.0034705679863690996,-0.003921568393707199,70.0
325.6258238106966,35,4,06,-0.3856,0.5359,-0.4971,1.4186,71.58697105879104,5.439843200910125,63.47107438016529,85.33333333333333,21.862258953168038,91.14431987248837,39.47157662216635,0.03896919259199155,0.012951190654827117,-0.0034705679863691,-0.003921568393707199,70.0
326.57423950731754,35,4,06,-0.3634,0.5386,-0.3878,1.2898,72.48329394838322,4.93569911025556,64.53781512605042,85.33333333333333,20.79551820728291,93.36327331212043,40.24488682545984,0.03820497833342802,0.012856951579842676,-0.0034705679863691,-0.003921568393707199,70.0
327.56335102021694,35,4,06,-0.3301,0.5402,-0.3967,1.267,72.09020675673327,5.159652702123154,63.8466899027514,85.33333333333333,21.48664343058193,86.037267585905,34.424625786225256,0.039847566801094934,0.011355527287911176,-0.0034705679863691,-0.003921568393707199,70.0
328.59098576009274,35,4,06,-0.2977,0.5394,-0.4411,1.2782,71.67659251344443,5.410065324702217,63.47107438016529,85.33333333333333,21.862258953168038,83.45520102451437,36.1527699964673,0.03947521579919323,0.011166159500255882,-0.0034705679863690996,-0.003921568393707199,70.0
329.7250773757696,35,4,06,-0.267,0.5334,-0.7117,1.5121,72.49747947982246,5.127810793071311,63.47107438016529,85.33333333333333,21.862258953168038,89.66588137345859,41.15855292528332,0.03778078751935822,0.011119736423465646,-0.0034705679863690996,-0.003921568393707199,70.0
330.6813485920429,35,4,06,-0.2537,0.5304,-0.7026,1.4867,73.07725871271847,5.150930916541843,63.47107438016529,85.33333333333333,21.862258953168038,99.73330193855062,49.11835121371673,0.035179218829362216,0.010399048091384663,-0.0034705679863690996,-0.003921568393707199,70.0
331.6351152956486,35,4,06,-0.2458,0.5238,-0.7145,1.4841,73.54096261102328,5.411570465932837,63.47107438016529,85.33333333333333,21.862258953168038,102.67140175066814,49.557275958883615,0.03585571819643398,0.011575232633786072,-0.0034705679863690996,-0.003921568393707199,70.0
332.61852376163006,35,4,06,-0.2341,0.5159,-0.4132,1.1632,73.17398324717325,5.022724646018231,63.47107438016529,85.33333333333333,21.862258953168038,103.72486209873655,49.21639007157532,0.03414522171685651,0.011462234588381835,-0.0034705679863691,-0.003921568393707199,70.0
333.6014997214079,35,4,06,-0.2124,0.5044,-0.5057,1.2225,72.24199129754862,4.378273770229195,63.47107438016529,79.17525773195877,15.704183351793475,109.57545318605025,51.35677267941988,0.034130449815429495,0.011557074116656397,-0.0034705679863691,-0.003921568393707199,70.0
334.5832586288452,35,4,06,-0.2035,0.4957,-0.5577,1.2569,72.61602844201097,4.499905316149184,63.47107438016529,79.17525773195877,15.704183351793475,107.5400476689626,52.16105764345923,0.03450916646720724,0.011284334932763195,-0.0034705679863691,-0.003921568393707199,70.0
335.6901325285435,35,4,06,-0.1973,0.4838,-0.7657,1.4468,72.84589649598988,4.213152886534195,63.47107438016529,79.17525773195877,15.704183351793475,104.50288935035289,48.93436389176441,0.03587069557380752,0.010030108709175192,-0.0034705679863690996,-0.003921568393707199,70.0
336.6450257599354,35,4,06,-0.1997,0.4706,-0.6885,1.3588,72.7805411644348,4.1940693367211885,63.47107438016529,79.17525773195877,15.704183351793475,108.99019634235825,49.35284781083901,0.03599341025024446,0.010380210599142247,-0.0034705679863690996,-0.003921568393707199,70.0
337.6340467482805,35,4,06,-0.2138,0.4627,-0.8174,1.4939,73.76848190269347,3.898700714956641,63.47107438016529,79.17525773195877,15.704183351793475,111.69039217964567,47.965414206785674,0.03634157243933832,0.010832154547980002,-0.0034705679863690996,-0.003921568393707199,70.0
338.62254470586777,35,4,06,-0.2331,0.451,-0.4845,1.1686,73.95620004944524,3.598257040382853,66.20689655172414,79.17525773195877,12.968361180234623,120.08223520434794,45.658597247813915,0.03526007310748554,0.010760281098513787,-0.0034705679863691,-0.003921568393707199,70.0
339.5621493458748,35,4,06,-0.2384,0.4461,-0.2569,0.9414,74.04337709169826,3.7102143089169775,66.20689655172414,79.17525773195877,12.968361180234623,119.26876994671927,46.07406185502392,0.03533394717563195,0.010646894782114391,-0.0034705679863691,-0.003921568393707199,70.0
340.71170054376125,35,4,06,-0.2335,0.4395,-0.245,0.918,73.63524842456341,3.7045238637587836,66.20689655172414,79.17525773195877,12.968361180234623,111.17256746423166,43.14680772198823,0.03602723419866923,0.010035321279109138,-0.0034705679863691,-0.003921568393707199,70.0
341.635050997138,35,4,06,-0.2257,0.4338,-0.3668,1.0263,72.92957221449339,3.575628531370198,66.20689655172414,79.17525773195877,12.968361180234623,105.12495207674537,46.68317114695975,0.03537221409710705,0.008649256873378157,-0.0034705679863691,-0.003921568393707199,70.0
342.60290935635567,35,4,06,-0.2059,0.4305,-0.3216,0.958,73.2109070422028,3.8486295496231064,66.20689655172414,79.17525773195877,12.968361180234623,103.95326148159332,47.161122428245015,0.03709186552095153,0.008428998718670562,-0.0034705679863691,-0.003921568393707199,70.0
343.58752481639385,35,4,06,-0.1895,0.424,-0.5777,1.1912,73.5074128929788,3.7580210249297386,66.20689655172414,79.17525773195877,12.968361180234623,97.49448809233034,44.37017376026036,0.038416121568172826,0.009270360373528647,-0.0034705679863691,-0.003921568393707199,70.0
344.58285234868526,35,4,06,-0.1912,0.4186,-0.7809,1.3907,73.32366355519824,3.63003828648531,66.20689655172414,79.17525773195877,12.968361180234623,97.52248508275974,44.35791209173427,0.03974670515949012,0.00920051440038805,-0.0034705679863691,-0.003921568393707199,70.0
345.5630622804165,35,4,06,-0.2109,0.4163,-0.9395,1.5667,73.59054060705878,3.3759928620960955,66.20689655172414,79.17525773195877,12.968361180234623,98.90526184144306,46.02077787817978,0.03907089528887325,0.009898746912036927,-0.0034705679863691,-0.003921568393707199,70.0
346.5387761592865,35,4,06,-0.2614,0.4141,-0.9478,1.6233,73.66489030487303,3.6969933480859445,66.20689655172414,80.0,13.793103448275858,93.79071368725256,43.76075679869632,0.03870296643150619,0.009753011808483968,-0.0034705679863691,-0.003921568393707199,70.0
347.6856518536806,35,4,06,-0.3205,0.4115,-0.7062,1.4382,73.54396400895556,3.645660705420348,66.20689655172414,80.0,13.793103448275858,97.92380225150984,47.7087265860748,0.038891588006568466,0.01032500550280086,-0.0034705679863691,-0.003921568393707199,70.0
348.62101189792156,35,4,06,-0.3819,0.4144,-0.7367,1.533,73.44623227803761,3.587233562761057,67.36842105263158,80.0,12.631578947368425,92.15101908539286,44.25435086103242,0.039116790888586495,0.01061922772994596,-0.0034705679863691,-0.003921568393707199,70.0
349.7132007032633,35,4,06,-0.4311,0.4178,-0.4429,1.2918,73.44995528366876,3.536172442090537,67.36842105263158,80.0,12.631578947368425,86.93804325461457,40.1527884381809,0.03999440352460452,0.010350315169087222,-0.0034705679863691,-0.003921568393707199,70.0
350.668777897954,35,4,06,-0.4441,0.4228,-0.321,1.1879,73.44591317932802,3.473422821850136,67.36842105263158,80.0,12.631578947368425,84.93075284647207,38.12538093233891,0.0403990192424651,0.010160984972163596,-0.0034705679863691,-0.003921568393707199,70.0
351.65028534829617,35,4,06,-0.4321,0.4266,-0.2145,1.0732,73.52865976743867,3.210284195345483,67.36842105263158,80.0,12.631578947368425,88.25017917922453,35.52781125325381,0.040582154759155435,0.010704973788257743,-0.0034705679863691,-0.003921568393707199,70.0
352.6247017085552,35,4,06,-0.4136,0.4324,-0.3509,1.1969,74.08906555220588,4.505159227932133,67.36842105263158,88.27586206896552,20.907441016333948,88.83065432615403,35.310839473848404,0.04003482700174059,0.010431802057089564,-0.0034705679863691,-0.003921568393707199,70.0
353.57294641435146,35,4,06,-0.3862,0.437,-0.3821,1.2053,74.58540407259078,4.72021496133483,67.36842105263158,88.27586206896552,20.907441016333948,87.21408164630449,36.50161760758823,0.039685450014521485,0.01019017056245991,-0.0034705679863691,-0.003921568393707199,70.0
354.56602089107037,35,4,06,-0.3666,0.4437,-0.5441,1.3544,74.82400534358119,4.727311996242973,67.36842105263158,88.27586206896552,20.907441016333948,86.44294054634604,38.815790164617326,0.037695621276396696,0.010910459482068164,-0.0034705679863691,-0.003921568393707199,70.0
355.6453350931406,35,4,06,-0.3372,0.4497,-0.5949,1.3818,75.33248108067896,4.533376968996909,67.36842105263158,88.27586206896552,20.907441016333948,88.46652654262782,40.40889548816418,0.0380740891713537,0.010413409893211078,-0.0034705679863691,-0.003921568393707199,70.0
356.5494239330292,35,4,06,-0.3128,0.4553,-0.5229,1.291,75.12122853951318,4.410617410502624,67.36842105263158,88.27586206896552,20.907441016333948,95.68653096810438,46.270790634124396,0.03731346065382871,0.01123306778930962,-0.0034705679863691,-0.003921568393707199,70.0
357.66631588339806,35,4,06,-0.264,0.46,-0.244,0.968,75.69302856436984,4.896702248715898,67.36842105263158,88.27586206896552,20.907441016333948,97.80320693972706,47.0790598469713,0.03568146808579,0.01078475355382884,-0.0034705679863691,-0.003921568393707199,70.0
358.6013339459896,35,4,06,-0.1839,0.4636,-0.2768,0.9243,76.97491221671676,4.7081837339611425,69.81818181818181,88.27586206896552,18.45768025078371,107.14849835953638,51.57005065393116,0.03524357645375335,0.01060400765299104,-0.0034705679863691,-0.003921568393707199,70.0
359.5539841800928,35,4,06,-0.0771,0.4716,-0.3597,0.9084,77.34911548385058,4.696997710983658,69.81818181818181,88.27586206896552,18.45768025078371,116.98843645505515,53.921629690448746,0.03330203378285826,0.011199130939607536,-0.0034705679863691,-0.003921568393707199,70.0
360.65739803016186,35,4,06,0.0592,0.4774,-0.6553,1.1919,77.56296039268038,4.498286656133869,69.81818181818181,88.27586206896552,18.45768025078371,125.37953656916532,54.14983812910029,0.032096290326043886,0.011258516361170888,-0.0034705679863691,-0.003921568393707199,70.0
361.59406565129757,35,4,06,0.1797,0.4849,-0.6022,1.2668,77.67137697736493,4.373734143689585,69.81818181818181,88.27586206896552,18.45768025078371,132.51699913989944,52.863350552969514,0.029745486663625625,0.009669214332347334,-0.0020622957704795448,-0.003921568393707199,70.0
362.67483830451965,35,4,06,0.2944,0.4924,-0.5949,1.3817,76.6480989634515,3.743359001272107,69.81818181818181,86.29213483146067,16.47395301327886,140.1356055550134,51.07696770085519,0.028370559940071472,0.00842341290660044,0.0003556810530289382,-0.003921568393707199,70.0
363.6070903390646,35,4,06,0.371,0.5025,-0.4821,1.3556,76.32032692673272,3.6521686062518177,69.81818181818181,86.29213483146067,16.47395301327886,150.8405052942391,44.3369236734546,0.026155033139158766,0.0054625515677095525,0.0031013690211154927,-0.003921568393707199,70.0
364.68113400042057,35,4,06,0.4034,0.5185,-0.3437,1.2656,76.1968335554814,3.736340526118178,69.81818181818181,86.29213483146067,16.47395301327886,153.82444790742153,38.17445552035344,0.028458908128208543,0.008484856518025554,0.005354694470211318,-0.003921568393707199,70.0
365.619008615613,35,4,06,0.3716,0.5335,-0.4864,1.3915,76.17399277116242,3.9798646287404207,69.81818181818181,86.29213483146067,16.47395301327886,144.61907779905516,43.07982520222606,0.02953685097790127,0.009027515025001485,-0.000633964349550211,-0.003921568393707199,70.0
366.6138131171465,35,4,06,0.2564,0.5532,-0.4704,1.28,76.66633385960014,3.7299967995166003,70.45871559633028,86.29213483146067,15.833419235130393,136.0312698617666,46.67256113400806,0.03140391507063664,0.00946956373189346,-0.016744847462143504,-0.003921568393707199,70.0
367.5853829830885,35,4,06,0.0137,0.5733,-0.2996,0.8866,75.71634388973898,3.380810602140176,70.45871559633028,86.1588002337207,15.700084637390418,127.96892722122104,48.29403327941873,0.032393628142055625,0.009392995649500954,-0.032520097645896424,-0.003921568393707199,70.0
368.5744944959879,35,4,06,-0.3023,0.6031,-0.0921,0.9975,75.1809520031816,2.624686376594878,70.45871559633028,81.70212765957447,11.243412063244193,119.56461662690796,47.01331314934274,0.03346760738695433,0.009658190013486464,-0.03778551687609473,-0.003921568393707199,70.0
369.54458579421043,35,4,06,-0.5656,0.6373,-0.1227,1.3256,75.26176859077236,2.803467547538943,70.45871559633028,82.58064516129032,12.121929564960041,117.75647071789194,45.49146909622825,0.034255771124669834,0.008831778381557461,-0.04250283177309439,-0.003921568393707199,70.0
370.7037325948477,35,4,06,-0.6518,0.6794,-0.086,1.4172,75.1403731209998,3.028271112407854,69.81818181818181,82.58064516129032,12.762463343108507,113.86782809257167,42.100003095347525,0.034843419555687524,0.008451216946907139,-0.04722014667009406,-0.003921568393707199,70.0
371.636588126421,35,4,06,-0.5082,0.7206,-0.3222,1.551,75.61475676316235,3.161213612123937,69.81818181818181,82.58064516129032,12.762463343108507,107.21420194793204,40.248835532580514,0.037052473671516956,0.008305853205902677,-0.0543319537447622,-0.003921568393707199,70.0
372.5926984101534,35,4,06,-0.2823,0.7633,-0.6547,1.7003,75.68480518575784,3.1379542489042516,69.81818181818181,82.58064516129032,12.762463343108507,99.0094528698927,36.487028347054064,0.03838565321729657,0.008138486796643614,-0.06233743525479198,-0.003921568393707199,70.0
373.550870642066,35,4,06,-0.0593,0.8078,-0.8267,1.6938,75.51514532041469,3.2265017001286687,69.81818181818181,82.58064516129032,12.762463343108507,92.03951662860996,28.411222064440466,0.03912898297716024,0.007831856146082495,-0.07275323501716437,-0.003921568393707199,70.0
374.56468529999256,35,4,06,0.0972,0.8605,-0.8674,1.8251,76.11811289499897,3.679286876554892,69.81818181818181,84.3956043956044,14.577422577422581,95.63506512214505,34.3777382140661,0.03807411363916149,0.00788843702038378,-0.08233603498396963,-0.003921568393707199,70.0
375.7170930504799,35,4,06,0.1781,0.9163,-0.5586,1.653,76.33291110667192,3.4628721677313266,69.81818181818181,84.3956043956044,14.577422577422581,95.85383642946212,34.25893285467402,0.03843732505944568,0.007962414430527462,-0.0848339840483207,-0.003921568393707199,70.0
376.6712922602892,35,4,06,0.1496,0.9585,-0.5683,1.6764,76.26756551748494,3.4223080205123133,69.81818181818181,84.3956043956044,14.577422577422581,97.90892505639972,34.26059057187096,0.037683870114845815,0.007797494950342217,-0.07454467392884769,-0.003921568393707199,70.0
377.66843028366566,35,4,06,0.0511,1.0008,-0.3692,1.4211,77.42603976888358,4.048040104542824,69.81818181818181,89.30232558139535,19.484143763213538,107.87727636259388,41.51081823513139,0.036608040945839415,0.008596141796331065,-0.05804546548090145,-0.003921568393707199,70.0
378.61226946115494,35,4,06,-0.0317,1.0413,-0.36,1.433,77.80889763608585,4.321009357383327,69.81818181818181,89.30232558139535,19.484143763213538,110.66979753503696,41.71874477690266,0.03652210769962746,0.00840230456504485,-0.045728277755328096,-0.003921568393707199,70.0
379.5472875237465,35,4,06,-0.0815,1.0774,-0.5331,1.692,78.31944763374784,4.858198567720112,69.81818181818181,89.30232558139535,19.484143763213538,111.94919142560802,43.74812559981783,0.03640802204631871,0.008950187082391422,-0.03519968249691793,-0.003921568393707199,70.0
380.6995242834091,35,4,06,-0.0758,1.1197,-0.4637,1.6592,78.86110583615087,4.450411653167148,71.77570093457943,89.30232558139535,17.526624646815918,113.36252611130917,46.24002330930452,0.03771709423832304,0.009300324023671895,-0.024671087238507774,-0.003921568393707199,70.0
381.60991966724396,35,4,06,0.003,1.152,-0.2838,1.4388,78.56593724760987,4.552162033340319,71.77570093457943,89.30232558139535,17.526624646815918,111.84586018226442,47.52775929136401,0.036183053977627666,0.009261255622945424,-0.01281860939947501,-0.003921568393707199,70.0
382.6969988644123,35,4,06,0.1696,1.1805,-0.1681,1.5182,78.31859934657466,4.826210646232601,71.12738859840962,89.30232558139535,18.174936982985727,120.52929034891334,49.11090040636033,0.034558694454010504,0.009283214535777183,-0.0007682023390840893,-0.003921568393707199,70.0
383.56782495975494,35,4,06,0.3465,1.2028,-0.0744,1.6237,78.02238897788385,5.15981286166934,70.45871559633028,89.30232558139535,18.843609985065072,125.25736651972879,50.320887945982584,0.034804246961447405,0.008892122416691389,0.004099088018092355,-0.003921568393707199,70.0
384.65275168418884,35,4,06,0.5255,1.2169,-0.3069,2.0493,77.18074990913028,5.2242907812046635,70.45871559633028,89.30232558139535,18.843609985065072,119.04861062267787,50.008981990238695,0.035482891153975966,0.008667166876101064,-0.003108451919009263,-0.003921568393707199,70.0
385.7169382274151,35,4,06,0.5511,1.2248,-0.3846,2.1605,77.13189066879525,5.233096514766936,70.45871559633028,89.30232558139535,18.843609985065072,125.06041088927373,51.29807269210102,0.03391816070931535,0.008842830218750092,-0.021650350497414653,-0.003921568393707199,70.0
386.62889264523983,35,4,06,0.3469,1.228,-0.7309,2.3058,77.47462960106785,5.213985384207547,70.45871559633028,89.30232558139535,18.843609985065072,123.72744718536819,52.81779888777923,0.03368239248284978,0.008990657217143986,-0.046372223323719035,-0.003921568393707199,70.0
387.69766576588154,35,4,06,-0.132,1.2298,-0.5162,1.878,76.54096346532847,4.620278306152824,70.45871559633028,89.30232558139535,18.843609985065072,120.43053055592267,51.58445363982598,0.034026737757069624,0.00948449017628818,-0.071822547472336,-0.003921568393707199,70.0
388.5900869965553,35,4,06,-0.5081,1.22,-0.2938,2.0219,76.6692994408919,4.702686591528984,70.45871559633028,89.30232558139535,18.843609985065072,123.98063447703035,52.1066108648652,0.03204560075667788,0.010498964871896773,-0.10743613713844251,-0.003921568393707199,70.0
389.6852932870388,35,4,06,-0.6137,1.1979,-0.1047,1.9163,75.46947320951917,3.7973030776184378,70.45871559633028,86.29213483146067,15.833419235130393,118.29799100974215,49.12698890669701,0.03282609906881086,0.010133318158651379,-0.13313808207484804,-0.003921568393707199,70.0
390.6068332493305,35,4,06,-0.5288,1.1721,-0.0948,1.7957,75.17909311595108,3.640547313473085,70.45871559633028,86.29213483146067,15.833419235130393,114.19451342622183,47.730889177583215,0.03135380474967803,0.00912290721708262,-0.15241928195713875,-0.0039215683937072,70.0
391.675254330039,35,4,06,-0.2372,1.1337,-0.1122,1.4831,75.13409797117522,3.622538917802835,70.45871559633028,86.29213483146067,15.833419235130393,124.14083393050524,48.53022211083511,0.031136691591235627,0.009378791823598305,-0.17206601348112918,-0.003921568393707199,70.0
392.5996508449316,35,4,06,0.1191,1.0934,-0.2877,1.5002,75.35166694228981,3.479019480617915,70.45871559633028,86.29213483146067,15.833419235130393,119.90106865577145,48.65108662962701,0.03321772408871269,0.011435479367616335,-0.18732245928341776,-0.0039215683937072,70.0
393.71731728315353,35,4,06,0.5007,1.0378,-0.3202,1.8587,75.83299369321493,3.117756529449471,70.58334926725888,86.29213483146067,15.70878556420179,113.18573869022002,47.46677904124728,0.03335830554162159,0.011421372480736216,-0.2058647261424497,-0.003921568393707199,70.0
394.63955126702785,35,4,06,0.6631,0.985,-0.2653,1.9134,76.81943449201091,3.648294739315349,71.11111111111111,87.27272727272727,16.161616161616152,114.05115466077496,46.74100989443957,0.032200686171010434,0.011446226026397104,-0.21796617264097373,-0.003921568393707199,70.0
395.71739695966244,35,4,06,0.5487,0.9233,-0.5179,1.9899,77.48666184745063,4.274964745826242,71.11111111111111,87.27272727272727,16.161616161616152,108.32862170254654,43.65230567223032,0.03379117086225434,0.012448943414705513,-0.2170746562155809,-0.003921568393707199,70.0
396.6142237186432,35,4,06,0.2022,0.8646,-0.2025,1.2693,77.62229309426341,4.49869247051602,71.11111111111111,87.27272727272727,16.161616161616152,115.36642515770919,44.554753181984566,0.033095228677833446,0.01254713873752103,-0.21825844293290905,-0.003921568393707199,70.0
397.72541262209415,35,4,06,-0.3916,0.7849,0.0757,1.2522,78.22187257438394,4.607168853260519,71.11111111111111,87.27272727272727,16.161616161616152,111.6629241386473,42.28467324367914,0.03295684277412038,0.012025464581519908,-0.2115435513583096,-0.003921568393707199,70.0
398.6672602593899,35,4,06,-0.6562,0.7135,0.2631,1.6328,77.87444056420267,4.424907885464557,71.11111111111111,87.27272727272727,16.161616161616152,114.46768101223438,45.87375728185769,0.033489280174598846,0.01130640621858229,-0.19074979619364488,-0.003921568393707199,70.0
399.6376231312752,35,4,06,-0.4782,0.6381,-0.0253,1.1416,78.10326747811385,4.370079788129066,71.77570093457943,87.27272727272727,15.497026338147833,113.80252577152396,46.74095876472179,0.03319320132827485,0.011669322430926441,-0.16733222561715927,-0.003921568393707199,70.0
400.6186980754137,35,4,06,0.1052,0.5573,-0.0985,0.761,78.56739651575613,4.4539948259026785,71.77570093457943,87.27272727272727,15.497026338147833,120.17515348143418,48.55334529680742,0.03209372075975306,0.012441303701502636,-0.14423131490885108,-0.003921568393707199,70.0
401.5614911913872,35,4,06,0.8817,0.4824,-0.2011,1.5652,78.2510600220269,4.833076032374975,69.81818181818181,87.27272727272727,17.454545454545453,117.2770373180159,47.21121281964937,0.032691168558805064,0.012308640116675523,-0.13051361866571284,-0.003921568393707199,70.0
402.6626620441675,35,4,06,1.7893,0.3961,-0.4171,2.6025,78.85008830501093,4.760703526877478,69.81818181818181,87.27272727272727,17.454545454545453,119.30185139938139,47.33328560730486,0.030734125609311422,0.010311735409391542,-0.11854068957761213,-0.003921568393707199,70.0
403.5674449056387,35,4,06,2.4184,0.3277,-0.5951,3.3412,78.80502149142994,4.986277683353559,69.81818181818181,87.27272727272727,17.454545454545453,122.32347330533572,45.924961215115204,0.029738439632472594,0.010218600756764206,-0.11391422988984871,-0.003921568393707199,70.0
404.68294881284237,35,4,06,2.8066,0.2426,-0.6613,3.7105,78.25261819004479,4.884019369272853,69.81818181818181,86.60878076269992,16.79059894451811,128.85540279772584,45.51827657433375,0.029191932440969168,0.009649460916322529,-0.1147111686087161,-0.003921568393707199,70.0
405.5859211832285,35,4,06,2.6977,0.1716,-0.6255,3.4948,77.92265890863455,4.697645327099611,69.81818181818181,85.33333333333333,15.515151515151516,133.4407879510047,44.80802594522152,0.02876274121325827,0.007838701896470516,-0.1263581628359302,-0.003921568393707199,70.0
406.6820729523897,35,4,06,1.9783,0.0866,-0.5331,2.598,77.59013422127657,4.627308077191266,69.81818181818181,85.75200125706709,15.93381943888528,126.15133745128077,45.7469774594632,0.03106109093192046,0.00982354514840956,-0.1309835762664113,-0.003921568393707199,70.0
407.6102714985609,35,4,06,0.8708,0.0039,-0.1267,1.0014,77.48232609650161,4.631909563245677,69.81818181818181,86.29213483146067,16.47395301327886,122.40775876975594,47.78284088288827,0.03218826070062802,0.010219055402217025,-0.1337052130623272,-0.003921568393707199,70.0
