time_dn,aircraft_velocity_e_mps,aircraft_velocity_u_mps,aircraft_velocity_n_mps,aircraft_elevation_trim,aircraft_aileron_trim,aircraft_latitude_deg,aircraft_longitude_deg,aircraft_elevation_m,aircraft_agl_altitude_m,aircraft_pitch_deg,aircraft_roll_deg,aircraft_indicated_airspeed_kias,aircraft_groundspeed_mps,aircraft_climb_rate_mps,aircraft_yaw_deg,aircraft_ils_deflection_gs,aircraft_ils_deflection_h,aircraft_landing_gear
738279.50641947588883340359,60.6561698913574,-5.97668123245239,16.6356105804443,0.0117647647857666,0.00392162799835205,42.4966735839844,-71.5737686157227,1218.07751464844,1059.50012207031,-4.43876695632935,2.6357855796814,119.304534912109,63.1793899536133,-7.21720170974731,0.720818519592285,-0.553154110908508,-0.00572036113590002,70
738279.50642161199357360601,60.7174911499023,-5.60123729705811,16.9143695831299,0.0117647647857666,0.00392162799835205,42.4966430664062,-71.5736083984375,1216.74975585938,1057.77709960938,-5.2705659866333,1.56516778469086,119.311164855957,63.2778282165527,-7.03065061569214,-3.78629088401794,-0.559215784072876,-0.00908116158097982,70
738279.50642371631693094969,60.8217849731445,-5.55739641189575,16.9249668121338,0.0117647647857666,0.00392162799835205,42.4966163635254,-71.5734710693359,1215.6494140625,1056.33959960938,-4.53298616409302,0.31197914481163,119.427047729492,63.376880645752,-6.86273908615112,-1.32835757732391,-0.563989877700806,-0.0119390105828643,70
738279.50642594147939234972,60.921257019043,-5.19470405578613,16.8541259765625,0.0117647647857666,0.00392162799835205,42.4965858459473,-71.5733261108398,1214.53234863281,1054.86901855469,-3.59979677200317,-0.439846187829971,119.559928894043,63.4227561950684,-6.68814420700073,1.48173391819,-0.568718135356903,-0.0149852354079485,70
738279.50642801600042730570,60.9986000061035,-4.67815780639648,16.8876419067383,0.0117647647857666,0.00392162799835205,42.4965591430664,-71.5731964111328,1213.58227539062,1053.59008789062,-4.70592260360718,-0.365410387516022,119.804931640625,63.4657936096191,-6.50944519042969,-0.319121241569519,-0.572686851024628,-0.0178339295089245,70
738279.50643007562030106783,61.099178314209,-4.2722487449646,16.9184169769287,0.0117647647857666,0.00392162799835205,42.4965324401855,-71.5730590820312,1212.67724609375,1052.34436035156,-5.24573087692261,-0.323174089193344,120.364768981934,63.5420722961426,-6.2866382598877,-1.35842061042786,-0.576177179813385,-0.0208276808261871,70
738279.50643221358768641949,61.2058410644531,-3.90739011764526,16.9079074859619,0.0117647647857666,0.00392162799835205,42.4965057373047,-71.5729217529297,1211.86401367188,1051.19592285156,-5.12068367004395,-0.306590408086777,121.180549621582,63.6183929443359,-6.03207349777222,-0.9293252825737,-0.578956544399261,-0.0237785708159208,70
738279.50643425341695547104,61.2933921813965,-3.67081689834595,16.8925132751465,0.0117647647857666,0.00392162799835205,42.4964790344238,-71.5727920532227,1211.10510253906,1050.10278320312,-4.4354567527771,-0.227740958333015,122.012878417969,63.6844711303711,-5.75188398361206,-0.418267130851746,-0.581120669841766,-0.0267324093729258,70
738279.50643635808955878019,61.3866577148438,-3.31810903549194,16.8912677764893,0.0117647647857666,0.00392162799835205,42.496452331543,-71.5726623535156,1210.41882324219,1049.08935546875,-4.40938758850098,-0.0680482536554337,122.625061035156,63.754581451416,-5.46590662002563,-0.309139668941498,-0.5827277302742,-0.0296419858932495,70
738279.50643844937440007925,61.4868659973145,-3.11395478248596,16.924991607666,0.0117647647857666,0.00392162799835205,42.4964256286621,-71.5725173950195,1209.744140625,1048.06945800781,-4.65865802764893,0.183979511260986,122.899971008301,63.8497200012207,-5.15617275238037,-0.983552396297455,-0.583890020847321,-0.0327272936701775,70
738279.50644053902942687273,61.5501289367676,-3.0352463722229,16.9660415649414,0.0117647647857666,0.00392162799835205,42.4963989257812,-71.5723876953125,1209.10888671875,1047.09729003906,-3.89259171485901,0.428262323141098,122.901344299316,63.9177398681641,-4.86141777038574,-1.53424596786499,-0.584608554840088,-0.0357421487569809,70
738279.50644264370203018188,61.574878692627,-2.727055311203,16.997522354126,0.0117647647857666,0.00392162799835205,42.4963722229004,-71.5722503662109,1208.50146484375,1046.14978027344,-2.75656747817993,0.638294696807861,122.88842010498,63.9360466003418,-4.58460569381714,-1.45697200298309,-0.585033297538757,-0.0387899130582809,70
738279.50644476071465760469,61.6132049560547,-2.38863444328308,16.9560222625732,0.0117647647857666,0.00392162799835205,42.4963455200195,-71.5721130371094,1207.9580078125,1045.26794433594,-2.6089870929718,0.813136637210846,122.961822509766,63.9484100341797,-4.31811857223511,0.928170800209045,-0.585068762302399,-0.0418307185173035,70
738279.50644698750693351030,61.6958274841309,-2.07274031639099,16.90647315979,0.0117647647857666,0.00392162799835205,42.4963188171387,-71.5719680786133,1207.45495605469,1044.40942382812,-3.06275582313538,0.965688347816467,123.073570251465,64.00390625,-4.03422451019287,3.30757999420166,-0.584590315818787,-0.0450462400913239,70
738279.50644908205140382051,61.7589569091797,-2.03729248046875,16.9541435241699,0.0117647647857666,0.00392162799835205,42.4962882995605,-71.5718307495117,1206.99926757812,1043.61096191406,-2.32226014137268,1.10500979423523,123.036811828613,64.0762252807617,-3.76005172729492,2.32417893409729,-0.583652138710022,-0.048136442899704,70
738279.50645121047273278236,61.7389068603516,-1.96633923053741,17.0732879638672,0.0117647647857666,0.00392162799835205,42.4962615966797,-71.5716934204102,1206.53515625,1042.794921875,-0.462145626544952,1.2834597826004,122.730667114258,64.0863189697266,-3.50066041946411,-0.614066243171692,-0.582414746284485,-0.0513147637248039,70
738279.50645338825415819883,61.6622772216797,-1.61457324028015,17.1310234069824,0.0117647647857666,0.00392162799835205,42.4962348937988,-71.5715560913086,1206.12426757812,1042.04187011719,0.0101173771545291,1.45966398715973,122.344367980957,64.0180892944336,-3.27338409423828,-1.19129884243011,-0.580995917320251,-0.054410919547081,70
738279.50645550061017274857,61.5815658569336,-1.17577707767487,17.0949325561523,0.0117647647857666,0.00392162799835205,42.496208190918,-71.5714111328125,1205.78051757812,1041.34497070312,-0.603664994239807,1.51720201969147,122.324409484863,63.9211120605469,-3.0384464263916,0.77970564365387,-0.57911092042923,-0.0576285235583782,70
738279.50645756267476826906,61.4853591918945,-0.859461963176727,17.1731452941895,0.0117647647857666,0.00392162799835205,42.4961814880371,-71.5712738037109,1205.52124023438,1040.75158691406,-0.269721984863281,1.53639698028564,122.81177520752,63.8443832397461,-2.79929900169373,-1.39513611793518,-0.576794743537903,-0.0606718473136425,70
738279.50645966304000467062,61.3700904846191,-0.436842203140259,17.3286075592041,0.0117647647857666,0.00392162799835205,42.496150970459,-71.5711441040039,1205.32568359375,1040.22021484375,-0.152844235301018,1.63462674617767,123.352966308594,63.7711524963379,-2.54069662094116,-5.23817920684814,-0.573929071426392,-0.0637527778744698,70
738279.50646174862049520016,61.3039131164551,-0.0274988375604153,17.3827743530273,0.0117647647857666,0.00392162799835205,42.4961242675781,-71.5710067749023,1205.20874023438,1039.76391601562,-1.5695161819458,1.78464269638062,123.506256103516,63.7207298278809,-2.25510478019714,-4.89771127700806,-0.570413589477539,-0.0668854415416718,70
738279.50646378239616751671,61.2636451721191,0.084463819861412,17.2978744506836,0.0117647647857666,0.00392162799835205,42.4960975646973,-71.5708770751953,1205.13940429688,1039.4921875,-2.07512784004211,1.89581263065338,123.342910766602,63.6589164733887,-1.96063542366028,-0.708107590675354,-0.566434442996979,-0.0699340328574181,70
738279.50646580767352133989,61.1618576049805,0.126864850521088,17.2031803131104,0.0117647647857666,0.00392162799835205,42.4960708618164,-71.5707473754883,1205.07690429688,1039.28100585938,-0.432996094226837,1.9830629825592,123.234001159668,63.5353317260742,-1.67396259307861,2.84268021583557,-0.562099158763885,-0.0729910284280777,70
738279.50646796985529363155,60.9863471984863,0.651105523109436,17.2987785339355,0.0117647647857666,0.00392162799835205,42.4960441589355,-71.5706024169922,1205.07104492188,1038.84460449219,0.0556489750742912,2.23016905784607,123.298187255859,63.3956298828125,-1.3851181268692,0.597794592380524,-0.557137370109558,-0.0762986689805984,70
738279.50647012237459421158,60.8835678100586,0.61786425113678,17.3370571136475,0.0117647647857666,0.00392162799835205,42.4960136413574,-71.5704650878906,1205.11706542969,1038.646484375,-0.127374693751335,2.43973398208618,123.161849975586,63.3069038391113,-1.09193229675293,0.728794991970062,-0.551617860794067,-0.0796368271112442,70
738279.50647232029587030411,60.7290878295898,0.666117787361145,17.2770442962646,0.0117647647857666,0.00392162799835205,42.4959869384766,-71.5703277587891,1205.14428710938,1038.43579101562,1.55571568012238,2.57354211807251,122.726890563965,63.1423950195312,-0.832223653793335,3.83512020111084,-0.545983910560608,-0.0829052031040192,70
738279.50647451903205364943,60.4894104003906,1.09393811225891,17.3459224700928,0.0117647647857666,0.00392162799835205,42.4959564208984,-71.570182800293,1205.23364257812,1038.341796875,1.15480422973633,2.8455548286438,122.308868408203,62.9368476867676,-0.59014767408371,2.51758360862732,-0.539880096912384,-0.0863488763570786,70
738279.50647675327491015196,60.289608001709,1.12386763095856,17.4816188812256,0.0117647647857666,0.00392162799835205,42.4959297180176,-71.5700454711914,1205.36828613281,1038.51037597656,0.922699391841888,3.11654567718506,122.092575073242,62.783016204834,-0.355263322591782,-0.383204489946365,-0.533473968505859,-0.0897357761859894,70
738279.50647889554966241121,60.0370903015137,1.17687046527863,17.5780124664307,0.0117647647857666,0.00392162799835205,42.4958992004395,-71.5699081420898,1205.49633789062,1038.67321777344,2.85266494750977,3.27268290519714,121.986167907715,62.5685539245605,-0.13907590508461,-1.34603667259216,-0.526804208755493,-0.0931525230407715,70
738279.50648110080510377884,59.750244140625,1.55097508430481,17.6408557891846,0.0117647647857666,0.00392162799835205,42.4958686828613,-71.5697708129883,1205.66943359375,1038.880859375,3.00571274757385,3.35692310333252,121.899314880371,62.3193168640137,0.0510778799653053,-1.04963576793671,-0.520110547542572,-0.0965131521224976,70
738279.50648351735435426235,59.5049934387207,1.89486956596375,17.6971778869629,0.0117647647857666,0.00392162799835205,42.4958381652832,-71.5696182250977,1205.95178222656,1039.20275878906,1.24411880970001,3.4172830581665,121.720603942871,62.1097831726074,0.276273906230927,-0.393811106681824,-0.512000262737274,-0.100360050797462,70
738279.50648560584522783756,59.3299980163574,1.95755612850189,17.755392074585,0.0117647647857666,0.00392162799835205,42.4958076477051,-71.5694808959961,1206.22766113281,1039.51342773438,1.19146299362183,3.45962476730347,121.557838439941,61.960750579834,0.48398694396019,-0.185139030218124,-0.504511654376984,-0.103755697607994,70
738279.50648765393998473883,59.145866394043,2.1264009475708,17.7863693237305,0.0117647647857666,0.00392162799835205,42.4957809448242,-71.5693588256836,1206.50512695312,1039.82385253906,1.80045735836029,3.53525400161743,121.446678161621,61.7989463806152,0.673639297485352,1.10277998447418,-0.497213840484619,-0.106962345540524,70
738279.50648975011426955462,58.9637069702148,2.36398792266846,17.7963809967041,0.0117647647857666,0.00392162799835205,42.4957542419434,-71.569221496582,1206.83715820312,1040.19055175781,1.40486359596252,3.68074059486389,121.318176269531,61.6361770629883,0.867880344390869,3.11809062957764,-0.489315509796143,-0.110347591340542,70
738279.50649187748786062002,58.8002014160156,2.39046216011047,17.8705615997314,0.0117647647857666,0.00392162799835205,42.4957237243652,-71.569091796875,1207.19848632812,1040.58715820312,1.08121812343597,3.89091992378235,121.092514038086,61.5023155212402,1.06335473060608,2.68603324890137,-0.481022506952286,-0.113802954554558,70
738279.50649407587479799986,58.564811706543,2.31154918670654,18.0556812286377,0.0117647647857666,0.00392162799835205,42.4956932067871,-71.568962097168,1207.55737304688,1040.98303222656,2.42085456848145,4.14477777481079,120.816688537598,61.3285255432129,1.24671006202698,-1.0188227891922,-0.47230789065361,-0.117390528321266,70
738279.50649616343434900045,58.254035949707,2.53026461601257,18.2322254180908,0.0117647647857666,0.00392162799835205,42.4956665039062,-71.5688247680664,1207.92517089844,1041.38830566406,3.46084594726562,4.37754917144775,120.692245483398,61.0929565429688,1.39771139621735,-3.11790895462036,-0.463672012090683,-0.120949223637581,70
738279.50649831560440361500,57.976879119873,2.89858269691467,18.2761974334717,0.0117647647857666,0.00392162799835205,42.4956359863281,-71.5686950683594,1208.34704589844,1041.84753417969,2.85468626022339,4.51415157318115,120.817581176758,60.8583564758301,1.53948545455933,-0.465821236371994,-0.454992771148682,-0.124476067721844,70
738279.50650050316471606493,57.7766647338867,3.08734202384949,18.236400604248,0.0117647647857666,0.00392162799835205,42.49560546875,-71.5685653686523,1208.82788085938,1042.36645507812,2.40200805664062,4.55015182495117,121.060760498047,60.6649932861328,1.69970917701721,3.86804938316345,-0.445765316486359,-0.128103107213974,70
738279.50650265859439969063,57.5792655944824,3.0988883972168,18.2593994140625,0.0117647647857666,0.00392162799835205,42.4955749511719,-71.5684356689453,1209.33117675781,1042.90856933594,2.92250061035156,4.60024881362915,121.156845092773,60.484546661377,1.87180638313293,5.30852270126343,-0.436053663492203,-0.131824493408203,70
738279.50650477071758359671,57.3646774291992,3.19650650024414,18.3523979187012,0.0117647647857666,0.00392162799835205,42.495548248291,-71.5683059692383,1209.83435058594,1043.44982910156,2.95916509628296,4.69946241378784,120.92179107666,60.3136367797852,2.03112888336182,4.54762029647827,-0.42641270160675,-0.135478779673576,70
738279.50650692288763821125,57.1643104553223,3.29103922843933,18.4820156097412,0.0117647647857666,0.00392162799835205,42.4955177307129,-71.5681762695312,1210.35522460938,1044.00952148438,2.09578776359558,4.82314109802246,120.314750671387,60.1678848266602,2.18054795265198,3.0244128704071,-0.416578233242035,-0.139187544584274,70
738279.50650906201917678118,57.0108451843262,3.27213191986084,18.5841865539551,0.0117647647857666,0.00392162799835205,42.4954872131348,-71.5680465698242,1210.89086914062,1044.58508300781,1.18027806282043,4.03039693832397,119.462425231934,60.052604675293,2.31968688964844,2.55012249946594,-0.406476855278015,-0.142981797456741,70
738279.50651126191951334476,56.8699035644531,3.14475226402283,18.6296787261963,0.0117647647857666,0.00392162799835205,42.4954566955566,-71.5679092407227,1211.427734375,1045.16345214844,1.60627496242523,2.36519908905029,118.574691772461,59.9261245727539,2.44036841392517,2.79737973213196,-0.396002352237701,-0.1469437032938,70
738279.50651335297152400017,56.7234764099121,3.08215594291687,18.6109313964844,0.0117647647857666,0.00392162799835205,42.4954261779785,-71.5677871704102,1211.91430664062,1045.68933105469,2.77702236175537,0.744080722332001,117.850914001465,59.7780838012695,2.52183437347412,3.41462922096252,-0.38619327545166,-0.150705829262733,70
738279.50651547580491751432,56.5671005249023,3.21039438247681,18.6324119567871,0.0117647647857666,0.00392162799835205,42.4953956604004,-71.5676574707031,1212.41430664062,1046.22888183594,2.36576652526855,-0.804316937923431,117.111488342285,59.6431922912598,2.57756757736206,0.903959155082703,-0.376425504684448,-0.154520556330681,70
738279.50651760271284729242,56.4754180908203,2.96391677856445,18.6362113952637,0.0117647647857666,0.00392162799835205,42.4953651428223,-71.5675354003906,1212.91516113281,1046.77014160156,1.3462575674057,-4.05627536773682,116.139022827148,59.5446586608887,2.62229704856873,-1.97258651256561,-0.366459369659424,-0.158436611294746,70
738279.50651974522043019533,56.4166069030762,2.6184253692627,18.4264698028564,0.0117647647857666,0.00392162799835205,42.4953346252441,-71.5674057006836,1213.34619140625,1047.24108886719,2.24512457847595,-10.8605060577393,115.117851257324,59.4072761535645,2.63316082954407,-0.725203037261963,-0.356745958328247,-0.162357032299042,70
738279.50652216374874114990,56.380485534668,2.6207902431488,17.9119052886963,0.0117647647857666,0.00392162799835205,42.4953002929688,-71.5672607421875,1213.79931640625,1047.73706054688,2.71101260185242,-17.9084930419922,114.335090637207,59.215404510498,2.59241080284119,-0.737262308597565,-0.346250146627426,-0.166777849197388,70
738279.50652420858386904001,56.372745513916,2.51242613792419,17.5010032653809,0.0117647647857666,0.00392162799835205,42.4952735900879,-71.567138671875,1214.19091796875,1048.16381835938,2.08052539825439,-19.5524158477783,114.001174926758,59.0803184509277,2.53746962547302,-5.32365465164185,-0.337364584207535,-0.170616924762726,70
738279.50652624189388006926,56.3637084960938,2.30247020721436,17.1010227203369,0.0117647647857666,0.00392162799835205,42.495246887207,-71.5670166015625,1214.53967285156,1048.54553222656,2.38231015205383,-19.8931770324707,113.81217956543,58.945858001709,2.4710419178009,-8.8615198135376,-0.328830510377884,-0.174354389309883,70
738279.50652842572890222073,56.3462600708008,2.06253814697266,16.4951210021973,0.0117647647857666,0.00392162799835205,42.4952201843262,-71.56689453125,1214.86267089844,1048.88659667969,3.19340968132019,-21.2472591400146,113.70384979248,58.7472915649414,2.3797504901886,-7.07467222213745,-0.320147097110748,-0.178256019949913,70
738279.50653063587378710508,56.3145866394043,1.98508977890015,15.6429195404053,0.0117647647857666,0.00392162799835205,42.4951934814453,-71.566764831543,1215.16613769531,1049.16625976562,3.2279486656189,-23.7188758850098,113.747886657715,58.4805450439453,2.26210236549377,-3.42672729492188,-0.311519294977188,-0.182226553559303,70
738279.50653295859228819609,56.3118286132812,1.99574816226959,14.6928234100342,0.0117647647857666,0.00392162799835205,42.4951667785645,-71.5666198730469,1215.49182128906,1049.46179199219,1.72640192508698,-23.5212917327881,114.061325073242,58.2312965393066,2.1266450881958,-2.7785816192627,-0.302411884069443,-0.186452567577362,70
738279.50653521053027361631,56.3431930541992,1.8898651599884,13.9534635543823,0.0117647647857666,0.00392162799835205,42.4951400756836,-71.5664825439453,1215.79248046875,1049.73022460938,0.762641251087189,-23.4065933227539,114.546684265137,58.0760383605957,2.0097930431366,-4.70104074478149,-0.293944269418716,-0.190274193882942,70
738279.50653742917347699404,56.3565979003906,1.60109496116638,13.2922382354736,0.0117647647857666,0.00392162799835205,42.4951171875,-71.5663528442383,1216.04479980469,1049.947265625,1.54687654972076,-23.3598308563232,114.972358703613,57.9250640869141,1.89656889438629,-5.61743783950806,-0.285731136798859,-0.193908661603928,70
738279.50653961568605154753,56.3565559387207,1.47507131099701,12.5336942672729,0.0117647647857666,0.00392162799835205,42.4950981140137,-71.5662231445312,1216.25463867188,1050.11938476562,1.91062903404236,-23.3400783538818,115.117782592773,57.7523193359375,1.77335274219513,-5.15072774887085,-0.277998119592667,-0.197296380996704,70
738279.50654181337449699640,56.3805694580078,1.3799501657486,11.745080947876,0.0117647647857666,0.00392162799835205,42.4950790405273,-71.5660934448242,1216.44714355469,1050.55773925781,0.489233553409576,-23.2831230163574,114.872535705566,57.6074638366699,1.64428579807281,-4.34668922424316,-0.270547449588776,-0.200492992997169,70
738279.50654390640556812286,56.4310150146484,1.08125972747803,11.0613508224487,0.0117647647857666,0.00392162799835205,42.495059967041,-71.5659637451172,1216.60034179688,1052.24499511719,-0.730914056301117,-23.2232151031494,114.372055053711,57.5150604248047,1.5145879983902,-3.78995895385742,-0.263425230979919,-0.203445598483086,70
738279.50654602632857859135,56.448314666748,0.73367702960968,10.4645223617554,0.0117647647857666,0.00392162799835205,42.4950408935547,-71.5658416748047,1216.68444824219,1053.80932617188,-0.251036703586578,-22.9620571136475,113.898231506348,57.4147758483887,1.37209916114807,-4.3300952911377,-0.256876826286316,-0.206114396452904,70
738279.50654814834706485271,56.4445495605469,0.674123048782349,9.76746273040771,0.0117647647857666,0.00392162799835205,42.4950256347656,-71.5657119750977,1216.73413085938,1055.38110351562,-0.0301937032490969,-22.8392791748047,113.572189331055,57.2873878479004,1.19979822635651,-5.86961603164673,-0.250556081533432,-0.20867857336998,70
738279.50655022053979337215,56.4664306640625,0.442508429288864,9.1301212310791,0.0117647647857666,0.00392162799835205,42.4950103759766,-71.5655899047852,1216.75927734375,1056.85314941406,-0.791563808917999,-22.6975898742676,113.308059692383,57.2015113830566,1.02953732013702,-5.61445713043213,-0.244813844561577,-0.210919231176376,70
738279.50655228190589696169,56.5147972106934,0.196921154856682,8.47381782531738,0.0117647647857666,0.00392162799835205,42.4949989318848,-71.5654678344727,1216.74133300781,1057.95251464844,-1.49929594993591,-21.9619121551514,112.935684204102,57.1468887329102,0.856006801128387,-3.97101879119873,-0.239462494850159,-0.212930142879486,70
738279.50655437598470598459,56.5786590576172,-0.117740079760551,7.79596948623657,0.0117647647857666,0.00392162799835205,42.494987487793,-71.5653457641602,1216.67224121094,1058.75732421875,-1.97317385673523,-20.9490146636963,112.376304626465,57.1133575439453,0.665399134159088,-1.11265313625336,-0.234292760491371,-0.214807584881783,70
738279.50655634945724159479,56.6252746582031,-0.488917320966721,7.19210767745972,0.0117647647857666,0.00392162799835205,42.4949760437012,-71.5652236938477,1216.54406738281,1059.46008300781,-1.62567412853241,-20.0178470611572,111.735282897949,57.0822830200195,0.465901285409927,1.36468613147736,-0.229760706424713,-0.21640233695507,70
738279.50655841885600239038,56.6336135864258,-0.787669122219086,6.65233707427979,0.0117647647857666,0.00392162799835205,42.4949645996094,-71.5651016235352,1216.35473632812,1060.09545898438,-0.792247712612152,-19.0779914855957,111.139266967773,57.0284156799316,0.243270501494408,1.41400575637817,-0.225722581148148,-0.217798084020615,70
738279.50656055344734340906,56.5972442626953,-0.914171755313873,6.1369891166687,0.0117647647857666,0.00392162799835205,42.4949531555176,-71.5649795532227,1216.11743164062,1060.70593261719,-0.413168519735336,-18.0212268829346,110.777420043945,56.936336517334,-0.00605043862015009,-0.880872130393982,-0.222046211361885,-0.219032451510429,70
738279.50656296638771891594,56.570369720459,-1.00595104694366,5.61614656448364,0.0117647647857666,0.00392162799835205,42.494945526123,-71.5648498535156,1215.86755371094,1061.31115722656,-1.02419948577881,-16.8608341217041,110.839546203613,56.857364654541,-0.258219808340073,-2.08386468887329,-0.218659564852715,-0.220081716775894,70
738279.50656502787023782730,56.5573577880859,-1.37695288658142,4.97246789932251,0.0117647647857666,0.00392162799835205,42.4949378967285,-71.564697265625,1215.515625,1061.94177246094,0.0496546253561974,-15.5584354400635,111.221832275391,56.7922172546387,-0.53348582983017,1.84563159942627,-0.215113818645477,-0.221003204584122,70
738279.50656700495164841413,56.533332824707,-1.4583683013916,4.53300046920776,0.0117647647857666,0.00392162799835205,42.494930267334,-71.564582824707,1215.19921875,1062.39697265625,0.598401606082916,-14.4722938537598,111.368278503418,56.7335243225098,-0.748507499694824,1.36694145202637,-0.212684839963913,-0.221518531441689,70
738279.50656900205649435520,56.5078582763672,-1.50690150260925,4.25336599349976,0.0117647647857666,0.00392162799835205,42.4949226379395,-71.5644607543945,1214.87036132812,1062.8447265625,-0.448146939277649,-13.2969961166382,111.20329284668,56.6877403259277,-0.955614328384399,-3.24956178665161,-0.210469052195549,-0.221857100725174,70
738279.50657105643767863512,56.4858436584473,-1.88537502288818,4.06284046173096,0.0117647647857666,0.00392162799835205,42.4949188232422,-71.5643463134766,1214.51086425781,1063.26135253906,-1.16179144382477,-12.1284923553467,110.916191101074,56.663143157959,-1.14642977714539,-6.5157413482666,-0.208430886268616,-0.222018003463745,70
738279.50657314935233443975,56.4305839538574,-2.12296986579895,3.6810576915741,0.0117647647857666,0.00392162799835205,42.4949111938477,-71.5642166137695,1214.06616210938,1063.61364746094,0.11349006742239,-11.0785703659058,110.723129272461,56.5903549194336,-1.34913349151611,-3.86098909378052,-0.206720948219299,-0.222010582685471,70
738279.50657519348897039890,56.3719711303711,-2.11897873878479,3.2727963924408,0.0117647647857666,0.00392162799835205,42.4949073791504,-71.564094543457,1213.60803222656,1063.947265625,-0.164259016513824,-10.1308069229126,110.67130279541,56.5066375732422,-1.55751204490662,-1.82888078689575,-0.205402567982674,-0.221837416291237,70
738279.50657725217752158642,56.3631973266602,-2.19870114326477,3.03279829025269,0.0117647647857666,0.00392162799835205,42.4949035644531,-71.5639724731445,1213.16125488281,1064.26257324219,-1.5641154050827,-9.21301555633545,110.621658325195,56.4875373840332,-1.7443345785141,-3.87502264976501,-0.204321831464767,-0.221518859267235,70
738279.50657954253256320953,56.3685836791992,-2.51194953918457,2.86305093765259,0.0117647647857666,0.00392162799835205,42.4948997497559,-71.563835144043,1212.60791015625,1064.57202148438,-1.94400978088379,-8.15401840209961,110.455764770508,56.4971160888672,-1.93983924388885,-6.7747278213501,-0.20331372320652,-0.220983430743217,70
738279.50658160727471113205,56.3432807922363,-2.66356468200684,2.63934183120728,0.0117647647857666,0.00392162799835205,42.4948959350586,-71.5637130737305,1212.07531738281,1064.78503417969,-1.50165152549744,-7.28764247894287,110.306617736816,56.4679183959961,-2.11303782463074,-6.20463228225708,-0.202750489115715,-0.220361903309822,70
738279.50658367050345987082,56.3060531616211,-2.63729691505432,2.34217572212219,0.0117647647857666,0.00392162799835205,42.4948921203613,-71.563591003418,1211.52416992188,1064.99011230469,-2.14872980117798,-6.46601867675781,110.325469970703,56.4164237976074,-2.28706932067871,-3.76400685310364,-0.202452436089516,-0.219597965478897,70
738279.50658578437287360430,56.3134384155273,-2.58948087692261,2.05313158035278,0.0117647647857666,0.00392162799835205,42.4948883056641,-71.5634689331055,1210.97668457031,1065.20336914062,-3.64384841918945,-5.66414737701416,110.584159851074,56.4103202819824,-2.44325637817383,-1.68546915054321,-0.202269583940506,-0.218690320849419,70
738279.50658784643746912479,56.365650177002,-2.71092772483826,1.86495697498322,0.0117647647857666,0.00392162799835205,42.4948844909668,-71.563346862793,1210.43908691406,1065.39953613281,-4.27197885513306,-4.85087394714355,110.95906829834,56.461612701416,-2.5688099861145,-1.59985506534576,-0.202127516269684,-0.217700183391571,70
738279.50658994819968938828,56.4215621948242,-2.93404173851013,1.76297807693481,0.0117647647857666,0.00392162799835205,42.4948844909668,-71.5632247924805,1209.8515625,1065.56469726562,-3.54848074913025,-3.92708158493042,111.238815307617,56.5252990722656,-2.68515610694885,-3.07584547996521,-0.202107772231102,-0.216567277908325,70
738279.50659206346608698368,56.466007232666,-3.05330276489258,1.65880489349365,0.0117647647857666,0.00392162799835205,42.4948806762695,-71.5630950927734,1209.20983886719,1065.70166015625,-2.98410296440125,-3.18285059928894,111.219924926758,56.5728225708008,-2.80783724784851,-3.6395092010498,-0.202337592840195,-0.215275943279266,70
738279.50659412157256156206,56.5063972473145,-3.09151196479797,1.48908627033234,0.0117647647857666,0.00392162799835205,42.4948806762695,-71.5629730224609,1208.58337402344,1065.82067871094,-3.8817150592804,-3.16693782806396,110.937652587891,56.6104888916016,-2.92552542686462,-1.78675282001495,-0.202769204974174,-0.213945060968399,70
738279.50659635232295840979,56.5831451416016,-3.0975022315979,1.30580294132233,0.0117647647857666,0.00392162799835205,42.4948768615723,-71.5628356933594,1207.91369628906,1065.94445800781,-5.59119081497192,-3.19421172142029,110.599494934082,56.6829071044922,-3.04176712036133,-0.440182685852051,-0.20335853099823,-0.212420269846916,70
738279.50659858307335525751,56.658317565918,-3.23107838630676,1.06402766704559,0.0117647647857666,0.00392162799835205,42.4948768615723,-71.5627059936523,1207.2197265625,1066.04809570312,-5.98779487609863,-3.25496625900269,110.553283691406,56.7603492736816,-3.14634728431702,2.80016279220581,-0.20405301451683,-0.21078622341156,70
738279.50660069938749074936,56.7077865600586,-3.34237003326416,0.884486973285675,0.0117647647857666,0.00392162799835205,42.494873046875,-71.5625762939453,1206.52941894531,1066.12072753906,-4.97060823440552,-3.1731264591217,110.940544128418,56.8130836486816,-3.24327254295349,4.08889579772949,-0.204878017306328,-0.209130987524986,70
738279.50660295179113745689,56.7334175109863,-3.39487409591675,0.842408835887909,0.0117647647857666,0.00392162799835205,42.494873046875,-71.5624465942383,1205.81298828125,1066.17749023438,-3.89233255386353,-0.557076871395111,111.675331115723,56.8411445617676,-3.3412880897522,1.80411756038666,-0.205889627337456,-0.207364112138748,70
738279.50660521874669939280,56.7766609191895,-3.32820224761963,0.931520223617554,0.0117647647857666,0.00392162799835205,42.494873046875,-71.5623092651367,1205.07409667969,1066.24243164062,-3.90116810798645,3.94847440719604,112.527008056641,56.8817520141602,-3.43578433990479,-0.519581854343414,-0.207055792212486,-0.205441787838936,70
738279.50660751573741436005,56.8434829711914,-3.37779879570007,1.05433225631714,0.0117647647857666,0.00392162799835205,42.494873046875,-71.5621719360352,1204.32983398438,1066.82446289062,-4.46358728408813,7.15033626556396,113.203239440918,56.9535140991211,-3.51187038421631,0.811012029647827,-0.208238735795021,-0.203400313854218,70
738279.50660979968961328268,56.854118347168,-3.61845207214355,1.22013330459595,0.0117647647857666,0.00392162799835205,42.4948692321777,-71.5620346069336,1203.55053710938,1068.0166015625,-2.98725342750549,8.70804691314697,113.621856689453,56.9822158813477,-3.5804443359375,2.33257532119751,-0.20949749648571,-0.201334118843079,70
738279.50661202345509082079,56.8515434265137,-3.38126564025879,1.63334798812866,0.0117647647857666,0.00392162799835205,42.4948692321777,-71.5619049072266,1202.79382324219,1068.708984375,-2.9936625957489,10.3468780517578,114.018074035645,56.9754219055176,-3.65365648269653,-0.377376079559326,-0.210923850536346,-0.199257373809814,70
738279.50661414605565369129,56.9095573425293,-3.38505673408508,2.01786780357361,0.0117647647857666,0.00392162799835205,42.4948654174805,-71.5617752075195,1202.10314941406,1068.14050292969,-4.17927932739258,11.9673614501953,114.398857116699,57.045841217041,-3.70113277435303,-1.90196549892426,-0.212195053696632,-0.197269096970558,70
738279.50661630975082516670,56.9686889648438,-3.67925310134888,2.27216339111328,0.0117647647857666,0.00392162799835205,42.4948616027832,-71.5616455078125,1201.36791992188,1067.52990722656,-3.36263084411621,13.0647459030151,114.526626586914,57.1325759887695,-3.73701310157776,0.575118362903595,-0.213460549712181,-0.195262059569359,70
738279.50661848217714577913,56.9997215270996,-3.75316977500916,2.58392381668091,0.0117647647857666,0.00392162799835205,42.4948616027832,-71.5615158081055,1200.58703613281,1066.87719726562,-2.67246842384338,13.4760065078735,114.240219116211,57.1815643310547,-3.78852438926697,3.27654647827148,-0.214962974190712,-0.193248227238655,70
738279.50662065693177282810,57.0254783630371,-3.78189730644226,3.01762795448303,0.0117647647857666,0.00392162799835205,42.4948539733887,-71.5613861083984,1199.80627441406,1066.22546386719,-3.61285734176636,14.0526447296143,113.798431396484,57.2303581237793,-3.85009551048279,2.28538918495178,-0.216632768511772,-0.191284090280533,70
738279.50662280595861375332,57.0691032409668,-3.95335364341736,3.48876070976257,0.0117647647857666,0.00392162799835205,42.4948501586914,-71.5612564086914,1198.998046875,1065.55017089844,-4.18984270095825,15.3652973175049,113.525100708008,57.3121528625488,-3.91599273681641,0.30073294043541,-0.218447834253311,-0.189349621534348,70
738279.50662492308765649796,57.101016998291,-4.17719268798828,3.91514205932617,0.0117647647857666,0.00392162799835205,42.4948463439941,-71.5611267089844,1198.19104003906,1064.87170410156,-3.29668688774109,16.885705947876,113.489685058594,57.3873100280762,-3.98992419242859,0.405633568763733,-0.220373496413231,-0.187579169869423,70
738279.50662709423340857029,57.1165008544922,-4.28728246688843,4.3388500213623,0.0117647647857666,0.00392162799835205,42.4948387145996,-71.5609970092773,1197.32348632812,1064.13952636719,-2.47043967247009,18.3879241943359,113.498802185059,57.4412841796875,-4.08542013168335,3.62852382659912,-0.222655072808266,-0.185821741819382,70
738279.50662930216640233994,57.1442260742188,-4.34878540039062,4.81489753723145,0.0117647647857666,0.00392162799835205,42.4948310852051,-71.5608673095703,1196.41064453125,1063.36950683594,-3.35962677001953,19.911750793457,113.33723449707,57.5113716125488,-4.19521951675415,7.17471790313721,-0.225268587470055,-0.184091404080391,70
738279.50663150229956954718,57.1878089904785,-4.60625743865967,5.4128794670105,0.0117647647857666,0.00392162799835205,42.4948234558105,-71.5607299804688,1195.4892578125,1062.59008789062,-4.46930408477783,21.2870559692383,113.007797241211,57.6277923583984,-4.30568552017212,5.47038793563843,-0.228015303611755,-0.182514905929565,70
738279.50663378241006284952,57.2087898254395,-4.95704078674316,6.13957500457764,0.0117647647857666,0.00392162799835205,42.494815826416,-71.5605926513672,1194.45910644531,1061.71264648438,-4.4242901802063,21.6766624450684,112.661949157715,57.750431060791,-4.43950843811035,1.54472720623016,-0.231251835823059,-0.180988192558289,70
738279.50663608801551163197,57.2035102844238,-5.17480087280273,6.85962533950806,0.0117647647857666,0.00392162799835205,42.4948043823242,-71.5604629516602,1193.38940429688,1060.796875,-3.76492166519165,21.7953605651855,112.52555847168,57.8452644348145,-4.59948348999023,0.161667957901955,-0.234917432069778,-0.179631739854813,70
738279.50663814297877252102,57.1984748840332,-5.24748849868774,7.50222682952881,0.0117647647857666,0.00392162799835205,42.4947929382324,-71.5603256225586,1192.32312011719,1059.88354492188,-3.74547743797302,21.8445472717285,112.641189575195,57.9265480041504,-4.77281427383423,2.24135780334473,-0.238889470696449,-0.178478017449379,70
738279.50664037780370563269,57.2253074645996,-5.37017440795898,8.06258773803711,0.0117647647857666,0.00392162799835205,42.4947776794434,-71.5601959228516,1191.23522949219,1058.953125,-4.56674575805664,21.7608699798584,112.8486328125,58.0394706726074,-4.94671535491943,5.63222026824951,-0.243163093924522,-0.177482217550278,70
738279.50664255092851817608,57.2527732849121,-5.67164659500122,8.66402339935303,0.0117647647857666,0.00392162799835205,42.4947662353516,-71.5600662231445,1190.12915039062,1058.00402832031,-4.66891193389893,21.6760330200195,112.94140625,58.1817207336426,-5.11244010925293,4.71820211410522,-0.247585237026215,-0.176689833402634,70
738279.50664472673088312149,57.2472190856934,-5.92774152755737,9.36674118041992,0.0117647647857666,0.00392162799835205,42.4947509765625,-71.5599365234375,1188.96520996094,1057.00061035156,-4.30790281295776,21.6913928985596,112.850791931152,58.3105316162109,-5.28850841522217,1.7396559715271,-0.252393573522568,-0.176076129078865,70
738279.50664679659530520439,57.2349815368652,-6.01739931106567,10.0397062301636,0.0117647647857666,0.00392162799835205,42.4947357177734,-71.5598068237305,1187.79357910156,1055.98986816406,-4.77004384994507,21.7848377227783,112.718673706055,58.4195823669434,-5.47184944152832,1.73995685577393,-0.257498621940613,-0.175664484500885,70
738279.50664888834580779076,57.2439804077148,-6.08371925354004,10.6066789627075,0.0117647647857666,0.00392162799835205,42.4947204589844,-71.559684753418,1186.6279296875,1054.98583984375,-5.7113356590271,21.810359954834,112.775314331055,58.5353469848633,-5.64909887313843,4.72742319107056,-0.262791186571121,-0.175450354814529,70
738279.50665095821022987366,57.256233215332,-6.24501466751099,11.128547668457,0.0117647647857666,0.00392162799835205,42.494701385498,-71.5595626831055,1185.46838378906,1053.98669433594,-5.81668043136597,21.653787612915,113.105567932129,58.6610679626465,-5.81159448623657,6.94927549362183,-0.268145948648453,-0.175428375601768,70
738279.50665305030997842550,57.2422981262207,-6.39830636978149,11.7591934204102,0.0117647647857666,0.00146929477341473,42.494686126709,-71.5594329833984,1184.24279785156,1052.92919921875,-5.28427410125732,21.4155921936035,113.594009399414,58.7868804931641,-5.97321701049805,6.32731914520264,-0.27389195561409,-0.175601169466972,70
738279.50665515183936804533,57.2210960388184,-6.36193418502808,12.4814882278442,0.0117647647857666,-0.00352890510112047,42.4946670532227,-71.5593032836914,1182.994140625,1051.66955566406,-5.87374639511108,21.0574970245361,114.006294250488,58.9110832214355,-6.13072776794434,5.45683860778809,-0.27992770075798,-0.175978004932404,70
738279.50665722985286265612,57.2255325317383,-6.43848514556885,13.0843563079834,0.0117647647857666,-0.00352890510112047,42.4946441650391,-71.5591812133789,1181.77856445312,1050.42614746094,-7.34527969360352,20.6995544433594,114.325210571289,59.0543479919434,-6.26581192016602,6.15954685211182,-0.285917103290558,-0.176548913121223,70
738279.50665932265110313892,57.1909942626953,-6.67066144943237,13.6260461807251,0.0117647647857666,-0.00352890510112047,42.4946250915527,-71.5590515136719,1180.52380371094,1049.28234863281,-6.83970212936401,20.2166862487793,114.816719055176,59.1690521240234,-6.38836288452148,6.40493631362915,-0.292050093412399,-0.177325159311295,70
738279.50666143873240798712,57.094970703125,-6.64232540130615,14.3374538421631,0.0117647647857666,-0.00352890510112047,42.4946022033691,-71.5589294433594,1179.21752929688,1048.80969238281,-5.76012706756592,19.968677520752,115.638214111328,59.2411918640137,-6.51395797729492,4.54047727584839,-0.298575192689896,-0.178334906697273,70
738279.50666348973754793406,57.0170478820801,-6.49766159057617,15.1136226654053,0.0117647647857666,-0.00352890510112047,42.4945793151855,-71.5587997436523,1177.98571777344,1048.3828125,-6.42383193969727,20.0458068847656,116.510398864746,59.342945098877,-6.62015295028687,1.66382336616516,-0.304927229881287,-0.179508715867996,70
738279.50666559650562703609,57.0020866394043,-6.65772867202759,15.7972755432129,0.0117647647857666,-0.00352890510112047,42.4945526123047,-71.5586776733398,1176.70788574219,1047.9453125,-7.27469682693481,20.1479187011719,117.100059509277,59.5240898132324,-6.7029070854187,-0.219464853405952,-0.311471223831177,-0.180954560637474,70
738279.50666766811627894640,56.9600105285645,-7.00000095367432,16.311056137085,0.0117647647857666,-0.00352890510112047,42.4945297241211,-71.5585479736328,1175.40441894531,1047.46508789062,-5.91729116439819,20.0679817199707,117.243423461914,59.661491394043,-6.77931594848633,0.541247129440308,-0.317985683679581,-0.182585582137108,70
738279.50666967523284256458,56.8573722839355,-6.98150777816772,16.871618270874,0.0117647647857666,-0.00352890510112047,42.4945030212402,-71.5584335327148,1174.12585449219,1046.98034667969,-4.77420234680176,19.7599353790283,117.242385864258,59.7172813415527,-6.86860704421997,2.38999724388123,-0.324543625116348,-0.184363082051277,70
738279.50667172344401478767,56.7497062683105,-6.86528301239014,17.4931335449219,0.0117647647857666,-0.00352890510112047,42.4944763183594,-71.5583114624023,1172.82434082031,1046.50122070312,-5.47070360183716,17.7798137664795,117.376190185547,59.7801895141602,-6.95995235443115,2.57237434387207,-0.331458628177643,-0.18641684949398,70
738279.50667383836116641760,56.687183380127,-6.98834896087646,18.0734920501709,0.0117647647857666,-0.00352890510112047,42.4944496154785,-71.5581817626953,1171.46704101562,1045.31372070312,-5.76676416397095,15.1890678405762,117.63370513916,59.9076347351074,-7.03806924819946,0.451328694820404,-0.338677495718002,-0.188798561692238,70
738279.50667593500111252069,56.6536407470703,-7.13822746276855,18.492259979248,0.0117647647857666,-0.00352890510112047,42.4944190979004,-71.5580520629883,1170.10998535156,1044.08801269531,-4.62963151931763,12.5308742523193,117.720184326172,60.0212707519531,-7.10959720611572,0.88376647233963,-0.345833241939545,-0.19134359061718,70
738279.50667805597186088562,56.6401672363281,-7.01779985427856,18.7594337463379,0.0117647647857666,-0.00352890510112047,42.4943885803223,-71.5579299926758,1168.74584960938,1042.85339355469,-4.5471625328064,9.74596405029297,117.508819580078,60.0772361755371,-7.18299055099487,4.84837055206299,-0.353180140256882,-0.194123551249504,70
738279.50668017705902457237,56.6606101989746,-6.83502912521362,18.9605293273926,0.0117647647857666,-0.00352890510112047,42.4943580627441,-71.5578002929688,1167.40356445312,1041.63989257812,-6.05571889877319,6.85857915878296,117.212387084961,60.138542175293,-7.23968696594238,7.13383102416992,-0.360559970140457,-0.197140127420425,70
738279.50668229430448263884,56.6684913635254,-6.80404663085938,19.2197341918945,0.0117647647857666,-0.00352890510112047,42.494327545166,-71.5576782226562,1166.0888671875,1040.45129394531,-6.65785837173462,4.03278636932373,117.192710876465,60.2246742248535,-7.26735973358154,3.88694977760315,-0.367735475301743,-0.200329393148422,70
738279.50668436964042484760,56.663200378418,-6.74708461761475,19.4778709411621,0.0117647647857666,-0.00352890510112047,42.4942970275879,-71.5575485229492,1164.79821777344,1039.28283691406,-5.76193141937256,1.57447648048401,117.535400390625,60.2961769104004,-7.27454137802124,-0.62712562084198,-0.374696522951126,-0.203647673130035,70
738279.50668657163623720407,56.6989326477051,-6.50199556350708,19.6495513916016,0.0117647647857666,-0.00352890510112047,42.4942626953125,-71.5574188232422,1163.45434570312,1038.06726074219,-5.29244184494019,0.464349746704102,118.073089599609,60.358512878418,-7.2625584602356,-3.10135316848755,-0.381976008415222,-0.207370743155479,70
738279.50668870599474757910,56.7990989685059,-6.3222336769104,19.6516780853271,0.0117647647857666,-0.00352890510112047,42.4942321777344,-71.5572967529297,1162.21203613281,1036.94763183594,-5.87251806259155,0.590172588825226,118.481750488281,60.4342346191406,-7.22151279449463,-0.680451452732086,-0.3886778652668,-0.211080729961395,70
738279.50669096945784986019,56.9003562927246,-6.36109399795532,19.62353515625,0.0117647647857666,-0.00352890510112047,42.494197845459,-71.5571594238281,1160.88940429688,1035.75708007812,-5.37821483612061,0.554999649524689,118.663436889648,60.5243530273438,-7.1508617401123,1.90864777565002,-0.395571798086166,-0.215225636959076,70
738279.50669306272175163031,56.9300003051758,-6.37629556655884,19.6434211730957,0.0117647647857666,-0.00352890510112047,42.4941673278809,-71.5570297241211,1159.64965820312,1034.640625,-3.97783398628235,0.463195443153381,118.627349853516,60.5602684020996,-7.08266162872314,1.87625968456268,-0.401890933513641,-0.219183042645454,70
738279.50669522455427795649,56.9036407470703,-6.1967339515686,19.7070541381836,0.0117647647857666,-0.00352890510112047,42.4941329956055,-71.5569000244141,1158.40307617188,1033.51940917969,-3.37805032730103,0.406108856201172,118.512809753418,60.537525177002,-7.01799392700195,0.0566683895885944,-0.408274114131927,-0.223325505852699,70
738279.50669740838930010796,56.8935279846191,-5.91445016860962,19.7574882507324,0.0117647647857666,-0.00352890510112047,42.4941024780273,-71.556770324707,1157.20971679688,1032.45007324219,-4.30484580993652,0.34330090880394,118.454460144043,60.5162162780762,-6.9443211555481,-1.09551322460175,-0.414434134960175,-0.227537035942078,70
738279.50669957138597965240,56.9323768615723,-5.76400947570801,19.764102935791,0.0117647647857666,-0.00352890510112047,42.494068145752,-71.556640625,1156.017578125,1031.38623046875,-5.13355159759521,0.162346974015236,118.507446289062,60.5403938293457,-6.84386205673218,-0.697792053222656,-0.42046532034874,-0.231989070773125,70
738279.50670168898068368435,56.9707107543945,-5.77272939682007,19.752067565918,0.0117647647857666,-0.00352890510112047,42.4940376281738,-71.556510925293,1154.88977050781,1030.380859375,-4.52604103088379,-0.100183062255383,118.594398498535,60.5733451843262,-6.73413705825806,-0.0916067510843277,-0.425936043262482,-0.236280962824821,70
738279.50670379342045634985,56.9785079956055,-5.54186391830444,19.8149929046631,0.0117647647857666,-0.00352890510112047,42.4940071105957,-71.5563888549805,1153.78771972656,1029.40051269531,-4.27521276473999,-0.254540473222733,118.586334228516,60.5796699523926,-6.62613010406494,-2.31659030914307,-0.431214094161987,-0.240599349141121,70
738279.50670586072374135256,56.9989891052246,-5.23912954330444,19.8947734832764,0.0117647647857666,-0.00352890510112047,42.4939727783203,-71.556266784668,1152.76684570312,1028.49816894531,-5.68163728713989,-0.288003325462341,118.529266357422,60.59814453125,-6.50853729248047,-4.70944976806641,-0.436109960079193,-0.244875967502594,70
738279.50670800777152180672,57.0338478088379,-5.1815619468689,19.8598136901855,0.0117647647857666,-0.00352890510112047,42.4939422607422,-71.5561370849609,1151.74365234375,1027.59655761719,-5.54422950744629,-0.382436901330948,118.659629821777,60.6145248413086,-6.36900281906128,-3.04565143585205,-0.44076281785965,-0.249308615922928,70
738279.50671006168704479933,57.0694808959961,-5.00154066085815,19.7359447479248,0.0117647647857666,-0.00352890510112047,42.4939117431641,-71.5560073852539,1150.73889160156,1026.71435546875,-4.38128566741943,-0.5948446393013,119.035797119141,60.5924797058105,-6.2256293296814,0.743246614933014,-0.445165306329727,-0.253779768943787,70
738279.50671225565019994974,57.1099510192871,-4.71215772628784,19.6533527374268,0.0117647647857666,-0.00352890510112047,42.4938774108887,-71.5558776855469,1149.76062011719,1025.8623046875,-4.52184391021729,-1.42519128322601,119.428855895996,60.58056640625,-6.07229661941528,2.03962326049805,-0.449368357658386,-0.258391082286835,70
738279.50671452353708446026,57.1495552062988,-4.72481822967529,19.6214122772217,0.0117647647857666,-0.00352890510112047,42.4938430786133,-71.5557479858398,1148.7822265625,1025.0146484375,-4.72643661499023,-2.34887027740479,119.581672668457,60.6085433959961,-5.90213489532471,0.99886816740036,-0.453305572271347,-0.263154327869415,70
738279.50671668001450598240,57.140308380127,-4.87177658081055,19.5466690063477,0.0117647647857666,-0.00352890510112047,42.4938125610352,-71.5556106567383,1147.78173828125,1024.14465332031,-2.97958397865295,-3.27920937538147,119.476783752441,60.5873031616211,-5.74649143218994,0.734793901443481,-0.457068860530853,-0.26790577173233,70
738279.50671887386124581099,57.093692779541,-4.67198324203491,19.4107093811035,0.0117647647857666,-0.00352890510112047,42.4937782287598,-71.5554809570312,1146.81176757812,1023.30267333984,-1.87425541877747,-4.22188568115234,119.33780670166,60.4838218688965,-5.62547540664673,0.546779453754425,-0.460762232542038,-0.272551089525223,70
738279.50672102638054639101,57.0702209472656,-4.39366769790649,19.3073482513428,0.0117647647857666,-0.00352890510112047,42.4937477111816,-71.5553512573242,1145.888671875,1022.50952148438,-2.86893749237061,-5.26390743255615,119.258140563965,60.4076805114746,-5.51086902618408,-2.03742051124573,-0.464310228824615,-0.277238875627518,70
738279.50672316038981080055,57.084529876709,-4.40299320220947,19.2232646942139,0.0117647647857666,-0.00352890510112047,42.4937171936035,-71.5552215576172,1145.01013183594,1021.75842285156,-3.41947221755981,-6.7498950958252,119.109420776367,60.3950653076172,-5.390380859375,-4.77447891235352,-0.467484086751938,-0.281805992126465,70
738279.50672540988307446241,57.1382217407227,-4.23874521255493,18.9567546844482,0.0117647647857666,-0.00352890510112047,42.4936828613281,-71.5550842285156,1144.08386230469,1020.96850585938,-3.27237987518311,-9.28421974182129,118.783760070801,60.3498306274414,-5.26894426345825,-4.23833608627319,-0.470676451921463,-0.286649286746979,70
738279.50672758708242326975,57.2376594543457,-4.12877750396729,18.5457992553711,0.0117647647857666,-0.00352890510112047,42.49365234375,-71.5549545288086,1143.21643066406,1020.23742675781,-4.36143398284912,-11.7944746017456,118.4052734375,60.3087310791016,-5.15157032012939,-1.87663853168488,-0.473577886819839,-0.291345715522766,70
738279.50672965415287762880,57.383674621582,-4.07640600204468,18.0943660736084,0.0117647647857666,-0.00352890510112047,42.4936218261719,-71.5548324584961,1142.40466308594,1019.18017578125,-5.49441242218018,-14.0750064849854,118.083671569824,60.3067932128906,-5.03976106643677,-0.116208791732788,-0.476133495569229,-0.2957723736763,70
738279.50673174636904150248,57.5594329833984,-4.10549736022949,17.6484718322754,0.0117647647857666,-0.00352890510112047,42.493595123291,-71.5547027587891,1141.6005859375,1017.93859863281,-6.16340494155884,-16.1943969726562,117.857330322266,60.3441123962402,-4.93490886688232,0.0985909402370453,-0.478536784648895,-0.30013233423233,70
738279.50673394673503935337,57.7330055236816,-4.28091669082642,17.201229095459,0.0117647647857666,-0.00352890510112047,42.4935684204102,-71.554573059082,1140.73913574219,1016.62213134766,-5.60263729095459,-18.3017024993896,117.704971313477,60.3929481506348,-4.8432035446167,-0.680836856365204,-0.481021612882614,-0.304645836353302,70
738279.50673614756669849157,57.8775329589844,-4.50700807571411,16.694974899292,0.0117647647857666,-0.00352890510112047,42.493537902832,-71.5544357299805,1139.81005859375,1015.22863769531,-3.83133411407471,-20.4600048065186,117.506042480469,60.4056625366211,-4.78622531890869,-1.34783923625946,-0.483734875917435,-0.309196203947067,70
738279.50673832511529326439,57.9878921508789,-4.67151546478271,16.1052513122559,0.0117647647857666,-0.00352890510112047,42.4935111999512,-71.5543060302734,1138.87365722656,1015.64135742188,-2.47919726371765,-21.6792621612549,117.14860534668,60.3638801574707,-4.77554178237915,-1.66843116283417,-0.486644834280014,-0.313489735126495,70
738279.50674057076685130596,58.1074752807617,-4.69824647903442,15.3542490005493,0.0117647647857666,-0.00352890510112047,42.4934844970703,-71.5541687011719,1137.87292480469,1016.853515625,-2.7396764755249,-21.7098865509033,116.623962402344,60.2851982116699,-4.80259943008423,-1.01743030548096,-0.489987105131149,-0.317898064851761,70
738279.50674276216886937618,58.2415428161621,-4.72975730895996,14.6135778427124,0.0117647647857666,-0.00352890510112047,42.4934616088867,-71.5540313720703,1136.91943359375,1018.00048828125,-3.8233757019043,-21.5957927703857,116.204925537109,60.2329216003418,-4.8458948135376,0.0876948609948158,-0.493318110704422,-0.321926862001419,70
738279.50674510118551552296,58.3719329833984,-4.81906604766846,13.8570518493652,0.0117647647857666,-0.00352890510112047,42.4934349060059,-71.5538940429688,1135.88208007812,1019.21667480469,-3.84419965744019,-21.1974296569824,116.170692443848,60.1874046325684,-4.90098476409912,0.724159419536591,-0.497013241052628,-0.32609835267067,70
738279.50674733833875507116,58.4540481567383,-4.78776550292969,13.1585874557495,0.0117647647857666,-0.00352890510112047,42.4934120178223,-71.5537490844727,1134.85791015625,1020.39990234375,-2.86171627044678,-21.3489875793457,116.707710266113,60.1077919006348,-4.96043825149536,-1.16679406166077,-0.500763893127441,-0.329979181289673,70
738279.50674956862349063158,58.5493469238281,-4.46738481521606,12.4643964767456,0.0117647647857666,-0.00352890510112047,42.4933891296387,-71.5536117553711,1133.87890625,1021.60723876953,-3.19572186470032,-21.3446464538574,117.584602355957,60.0278663635254,-5.00847244262695,-5.63555526733398,-0.504471480846405,-0.333619982004166,70
738279.50675161706749349833,58.7061614990234,-4.34054374694824,11.8268375396729,0.0117647647857666,-0.00352890510112047,42.4933700561523,-71.5534820556641,1133.021484375,1022.77069091797,-4.90639162063599,-21.2421703338623,118.266296386719,60.0427169799805,-5.0178484916687,-6.84841728210449,-0.507642388343811,-0.336775958538055,70
738279.50675381405744701624,58.876579284668,-4.53820657730103,11.1372365951538,0.0117647647857666,-0.00352890510112047,42.493350982666,-71.5533447265625,1132.08239746094,1024.00939941406,-5.23791790008545,-20.779483795166,118.565963745117,60.0923042297363,-4.99946022033691,-4.08000230789185,-0.510837733745575,-0.339979916810989,70
738279.50675598846282809973,59.0155868530273,-4.58093404769897,10.5010261535645,0.0117647647857666,-0.00352890510112047,42.493335723877,-71.5532150268555,1131.13659667969,1024.68225097656,-4.92860078811646,-20.1719303131104,118.468551635742,60.1173515319824,-4.98590326309204,-4.3829493522644,-0.514010906219482,-0.3428795337677,70
738279.50675817229785025120,59.1436767578125,-4.50304746627808,9.95976448059082,0.0117647647857666,-0.00352890510112047,42.4933204650879,-71.5530776977539,1130.21899414062,1023.66381835938,-5.74254989624023,-19.4715404510498,118.2451171875,60.1452331542969,-4.97954654693604,-7.59772205352783,-0.517175316810608,-0.345495998859406,70
738279.50676029943861067295,59.2713279724121,-4.67443132400513,9.41016101837158,0.0117647647857666,-0.00352890510112047,42.4933052062988,-71.5529479980469,1129.29748535156,1022.64379882812,-6.05215501785278,-18.7652530670166,118.045310974121,60.1954460144043,-4.97331428527832,-6.61300563812256,-0.520316243171692,-0.347885578870773,70
738279.50676244019996374846,59.3700561523438,-4.8903956413269,8.74540996551514,0.0117647647857666,-0.00352890510112047,42.4932899475098,-71.5528106689453,1128.32897949219,1021.57891845703,-4.74705505371094,-18.1744556427002,117.82495880127,60.2096481323242,-4.98364543914795,-1.85609531402588,-0.523616671562195,-0.350067764520645,70
738279.50676463753916323185,59.4384384155273,-4.97861909866333,8.01450634002686,0.0117647647857666,-0.00352890510112047,42.4932746887207,-71.5526733398438,1127.3115234375,1020.46618652344,-3.66048860549927,-17.7793483734131,117.504745483398,60.1826133728027,-5.0219521522522,2.52883148193359,-0.527256965637207,-0.352068841457367,70
738279.50676691718399524689,59.4815559387207,-4.97263336181641,7.41572952270508,0.0353608876466751,-0.00352890510112047,42.4932632446289,-71.5525283813477,1126.25146484375,1019.31005859375,-3.70962333679199,-17.4289493560791,117.14501953125,60.14794921875,-5.08007335662842,0.916691243648529,-0.531256556510925,-0.353894025087357,70
738279.50676907750312238932,59.4906730651855,-5.01502752304077,6.95011472702026,0.0353608876466751,-0.00352890510112047,42.4932518005371,-71.5523986816406,1125.24401855469,1018.21392822266,-3.42240929603577,-17.3933773040771,117.000114440918,60.104866027832,-5.13796949386597,-2.2767813205719,-0.535149693489075,-0.355376303195953,70
738279.50677117495797574520,59.4672088623047,-5.01077175140381,6.40139245986938,0.0353608876466751,-0.00352890510112047,42.4932403564453,-71.5522613525391,1124.24011230469,1017.12396240234,-2.2756872177124,-17.4521389007568,117.219223022461,60.0202865600586,-5.19413185119629,-2.50593566894531,-0.539092242717743,-0.356619656085968,70
738279.50677331432234495878,59.4772338867188,-4.67500829696655,5.64361000061035,0.0353608876466751,-0.00352890510112047,42.4932327270508,-71.552131652832,1123.26806640625,1016.06890869141,-2.329026222229,-17.5486850738525,117.644912719727,59.9270172119141,-5.23939371109009,0.118467666208744,-0.543031930923462,-0.357641994953156,70
738279.50677542481571435928,59.5496711730957,-4.49774837493896,5.06032609939575,0.0353608876466751,-0.00352890510112047,42.4932250976562,-71.5519943237305,1122.35083007812,1015.07135009766,-3.97288346290588,-17.5849056243896,117.830535888672,59.9332962036133,-5.24715280532837,-1.61247861385345,-0.546703279018402,-0.358443737030029,70
738279.50677746057044714689,59.6259536743164,-4.62613868713379,4.65805816650391,0.0353608876466751,-0.00352890510112047,42.4932174682617,-71.551872253418,1121.48046875,1014.12670898438,-4.43384742736816,-17.534086227417,117.612846374512,59.9862747192383,-5.22337341308594,-4.44064712524414,-0.549938023090363,-0.358997851610184,70
738279.50677958340384066105,59.6685981750488,-4.75850200653076,4.20326948165894,0.0353608876466751,-0.00352890510112047,42.4932098388672,-71.5517349243164,1120.53674316406,1013.10668945312,-3.58046221733093,-17.1314563751221,117.073776245117,60.0054359436035,-5.19590663909912,-5.65124225616455,-0.553315341472626,-0.359364718198776,70
738279.50678167352452874184,59.6883506774902,-4.64777946472168,3.62881326675415,0.0353608876466751,-0.00352890510112047,42.4932022094727,-71.5516052246094,1119.6064453125,1012.10314941406,-3.70907592773438,-15.9530429840088,116.524223327637,59.9789047241211,-5.17965221405029,-4.65317678451538,-0.556731820106506,-0.359517812728882,70
738279.50678380904719233513,59.7335052490234,-4.54635143280029,3.05559754371643,0.0353608876466751,-0.00352890510112047,42.4931983947754,-71.5514678955078,1118.70153808594,1011.12738037109,-4.93911933898926,-14.6900434494019,116.182998657227,59.9841423034668,-5.16014671325684,-2.89927911758423,-0.56010502576828,-0.359462857246399,70
738279.50678595830686390400,59.7964172363281,-4.55569410324097,2.57432532310486,0.0353608876466751,-0.00352890510112047,42.4931945800781,-71.5513381958008,1117.77770996094,1010.13311767578,-4.96401453018188,-13.3866195678711,116.05916595459,60.0249366760254,-5.13186979293823,-2.25785875320435,-0.56345146894455,-0.359190493822098,70
738279.50678806880023330450,59.8271408081055,-4.63391876220703,2.19566798210144,0.0353608876466751,-0.00352890510112047,42.4931907653809,-71.5512008666992,1116.861328125,1009.14923095703,-3.75785040855408,-12.4924449920654,116.022552490234,60.0464897155762,-5.10497426986694,-2.75444531440735,-0.566710829734802,-0.358719885349274,70
738279.50679021445102989674,59.8115692138672,-4.62786912918091,1.85733997821808,0.0353608876466751,-0.00352890510112047,42.4931907653809,-71.5510635375977,1115.9150390625,1008.16680908203,-2.44407939910889,-11.6111536026001,115.93189239502,60.0190849304199,-5.08680534362793,-4.21873378753662,-0.570095717906952,-0.358027189970016,70
738279.50679228955414146185,59.766960144043,-4.49237728118896,1.51745498180389,0.0353608876466751,-0.00352890510112047,42.4931869506836,-71.5509338378906,1115.02514648438,1008.02557373047,-2.42717003822327,-10.657696723938,115.798812866211,59.9547653198242,-5.0738787651062,-4.82036304473877,-0.573343575000763,-0.357180893421173,70
738279.50679448805749416351,59.7202568054199,-4.3231725692749,1.10403227806091,0.0353608876466751,-0.00352890510112047,42.4931869506836,-71.5507965087891,1114.10571289062,1007.90570068359,-3.15947794914246,-9.63457584381104,115.77042388916,59.8867111206055,-5.04981756210327,-3.03125095367432,-0.576692342758179,-0.356074869632721,70
738279.50679665862116962671,59.6460800170898,-4.40254211425781,0.681270003318787,0.0353608876466751,-0.00352890510112047,42.4931831359863,-71.550666809082,1113.2216796875,1007.79699707031,-2.41570830345154,-8.75626468658447,116.035835266113,59.8122177124023,-5.01140689849854,1.19249498844147,-0.57976895570755,-0.354824960231781,70
738279.50679870753083378077,59.5657119750977,-4.05834007263184,0.387865275144577,0.0353608876466751,-0.00352890510112047,42.4931831359863,-71.5505294799805,1112.376953125,1007.70910644531,-1.52569544315338,-7.92641448974609,116.529273986816,59.7050628662109,-4.9702935218811,-0.0424088574945927,-0.582699537277222,-0.353435456752777,70
738279.50680079322773963213,59.5170936584473,-3.77455353736877,0.167504489421844,0.0353608876466751,-0.00352890510112047,42.4931831359863,-71.5503997802734,1111.61096191406,1007.69128417969,-2.72108578681946,-7.24946403503418,116.970764160156,59.6368980407715,-4.90323352813721,-2.09460639953613,-0.585294246673584,-0.351899087429047,70
738279.50680295669008046389,59.4400901794434,-3.80833220481873,-0.152538359165192,0.0353608876466751,-0.00352890510112047,42.4931869506836,-71.5502700805664,1110.82299804688,1007.68304443359,-2.26731944084167,-7.04683303833008,117.33521270752,59.5621604919434,-4.80311346054077,0.93101555109024,-0.587625324726105,-0.350134938955307,70
738279.50680515496060252190,59.3243103027344,-3.47830843925476,-0.440225481987,0.0353608876466751,-0.00352890510112047,42.4931869506836,-71.5501327514648,1110.06896972656,1007.93176269531,-1.52894032001495,-7.0389142036438,117.824890136719,59.4278221130371,-4.69579458236694,1.10300254821777,-0.589724063873291,-0.348231583833694,70
738279.50680729816667735577,59.2390365600586,-3.01501488685608,-0.609792172908783,0.0353608876466751,-0.00352890510112047,42.4931869506836,-71.5499954223633,1109.38330078125,1008.29705810547,-2.47438430786133,-6.89664459228516,118.546844482422,59.31884765625,-4.55879259109497,-2.96828126907349,-0.591454446315765,-0.346126973628998,70
738279.50680965103674679995,59.1842765808105,-2.86182904243469,-0.834724128246307,0.0353608876466751,-0.00352890510112047,42.4931907653809,-71.5498428344727,1108.67297363281,1008.77130126953,-2.43027758598328,-6.696692943573,119.314697265625,59.2593078613281,-4.35551595687866,-3.71624851226807,-0.592697620391846,-0.34356877207756,70
738279.50681173475459218025,59.1015968322754,-2.72771954536438,-1.12650585174561,0.0353608876466751,-0.00352890510112047,42.4931945800781,-71.5497131347656,1108.08825683594,1009.19250488281,-1.58024799823761,-6.57374000549316,119.659881591797,59.1752319335938,-4.16910886764526,-1.01557862758636,-0.593331098556519,-0.341301023960114,70
738279.50681384850759059191,59.0015182495117,-2.40667414665222,-1.40071845054626,0.0353608876466751,-0.00352890510112047,42.4931945800781,-71.5495834350586,1107.54846191406,1009.65667724609,-1.98604106903076,-6.4423451423645,119.771995544434,59.0671920776367,-3.97953391075134,-0.184748455882072,-0.593649625778198,-0.338914334774017,70
738279.50681607017759233713,58.9244346618652,-2.12372350692749,-1.57870674133301,0.0353608876466751,-0.00352890510112047,42.4931983947754,-71.549446105957,1107.04711914062,1010.20190429688,-2.79712700843811,-6.21524715423584,119.906494140625,58.9838256835938,-3.76778769493103,-2.40056562423706,-0.593525290489197,-0.336297690868378,70
738279.50681814260315150023,58.8494644165039,-1.98702645301819,-1.72047555446625,0.0353608876466751,-0.00352890510112047,42.4932022094727,-71.54931640625,1106.60266113281,1010.75305175781,-2.10337233543396,-5.92803335189819,120.185882568359,58.908130645752,-3.55551600456238,-3.78643774986267,-0.592964887619019,-0.333706140518188,70
738279.50682026357389986515,58.7574005126953,-1.73911166191101,-1.93994987010956,0.0353608876466751,-0.00352890510112047,42.4932060241699,-71.549186706543,1106.17431640625,1011.35620117188,-1.26172816753387,-5.64474296569824,120.453437805176,58.8151321411133,-3.33574390411377,-2.65988850593567,-0.592026591300964,-0.330901950597763,70
738279.50682243425399065018,58.6881294250488,-1.41727757453918,-2.19944047927856,0.0353608876466751,-0.00352890510112047,42.4932098388672,-71.5490570068359,1105.81640625,1012.00958251953,-2.4054548740387,-5.40173673629761,120.375617980957,58.7464294433594,-3.11588454246521,-0.852906882762909,-0.590691447257996,-0.328057676553726,70
738279.50682463659904897213,58.6350898742676,-1.49356341362,-2.32876515388489,0.0353608876466751,-0.00352890510112047,42.4932136535645,-71.5489196777344,1105.46630859375,1012.70080566406,-2.57904553413391,-5.05198335647583,119.965660095215,58.7003211975098,-2.88339924812317,-1.98851835727692,-0.588864862918854,-0.325018316507339,70
738279.50682684162165969610,58.5342483520508,-1.40437090396881,-2.43309688568115,0.0353608876466751,-0.00352890510112047,42.4932174682617,-71.5487823486328,1105.10205078125,1013.39532470703,-1.0899111032486,-4.59857654571533,119.55485534668,58.6016235351562,-2.67128777503967,-3.15384292602539,-0.586823463439941,-0.321824789047241,70
738279.50682906224392354488,58.4198875427246,-1.03035402297974,-2.6338005065918,0.0353608876466751,-0.00352890510112047,42.4932250976562,-71.5486450195312,1104.79455566406,1014.13641357422,-1.35733604431152,-4.00064325332642,119.298553466797,58.4883041381836,-2.4813084602356,-1.39328873157501,-0.584594011306763,-0.318569093942642,70
738279.50683131325058639050,58.347282409668,-1.03099274635315,-2.84188628196716,0.0353608876466751,-0.00352890510112047,42.4932289123535,-71.5485076904297,1104.52087402344,1014.93133544922,-1.74076318740845,-3.33355021476746,118.980262756348,58.4255485534668,-2.28497648239136,1.34627592563629,-0.581913650035858,-0.315160155296326,70
738279.50683351361658424139,58.2654571533203,-1.10623908042908,-2.96392941474915,0.0353608876466751,-0.00352890510112047,42.493236541748,-71.5483703613281,1104.2373046875,1016.0927734375,-0.464633136987686,-2.68318843841553,118.466873168945,58.3512840270996,-2.10868573188782,2.06682133674622,-0.579073786735535,-0.311721414327621,70
738279.50683576334267854691,58.1426277160645,-1.06439578533173,-2.99443745613098,0.0353608876466751,-0.00352890510112047,42.4932403564453,-71.5482330322266,1103.93627929688,1016.26422119141,0.408979177474976,-2.34519982337952,117.722152709961,58.2294158935547,-1.96049749851227,0.448731184005737,-0.576108992099762,-0.308061301708221,70
738279.50683795241639018059,58.026481628418,-0.849456906318665,-3.04186987876892,0.0353608876466751,-0.00352890510112047,42.4932479858398,-71.548095703125,1103.6796875,1016.07495117188,-0.660654902458191,-2.29871273040771,116.982002258301,58.1123657226562,-1.84353411197662,-0.335256487131119,-0.573225617408752,-0.304529517889023,70
738279.50684021506458520889,57.9544525146484,-0.786036849021912,-3.17963528633118,0.0353608876466751,-0.00352890510112047,42.4932518005371,-71.5479583740234,1103.44787597656,1015.78173828125,-2.00998425483704,-2.30259537696838,116.341888427734,58.046932220459,-1.72630071640015,1.71150553226471,-0.57003253698349,-0.30081781744957,70
738279.50684242416173219681,57.9054336547852,-0.966556668281555,-3.29702186584473,0.0353608876466751,-0.00352890510112047,42.4932594299316,-71.5478210449219,1103.19982910156,1015.20562744141,-1.33900499343872,-2.30063939094543,115.804626464844,58.0072746276855,-1.61917757987976,3.12045407295227,-0.566711008548737,-0.297056615352631,70
738279.50684462813660502434,57.8458595275879,-0.972720205783844,-3.29931163787842,0.0353608876466751,-0.00352890510112047,42.4932670593262,-71.5476913452148,1102.93701171875,1014.6240234375,-0.541581571102142,-2.23054003715515,115.178718566895,57.9480400085449,-1.54467141628265,0.716271042823792,-0.563568770885468,-0.29335418343544,70
738279.50684683653526008129,57.7904052734375,-0.915225744247437,-3.27234196662903,0.0353608876466751,-0.00352890510112047,42.4932708740234,-71.5475540161133,1102.67980957031,1014.04156494141,-1.49170303344727,-2.13887929916382,114.411476135254,57.8902130126953,-1.49140679836273,-2.31448864936829,-0.5604088306427,-0.289512455463409,70
738279.50684909569099545479,57.7379112243652,-1.05627572536469,-3.34332537651062,0.0353608876466751,-0.00352890510112047,42.493278503418,-71.5474243164062,1102.41613769531,1013.45635986328,-1.86841928958893,-2.08655214309692,113.736022949219,57.8442726135254,-1.45211100578308,-1.35814833641052,-0.557283461093903,-0.285675078630447,70
738279.50685135065577924252,57.6429901123047,-1.1781702041626,-3.49321699142456,0.0353608876466751,-0.00352890510112047,42.4932861328125,-71.5472793579102,1102.107421875,1012.80908203125,-0.637271463871002,-2.08331179618835,113.332321166992,57.7607574462891,-1.43597877025604,1.94542002677917,-0.554144084453583,-0.281587302684784,70
738279.50685357302427291870,57.5480041503906,-1.05683565139771,-3.57047343254089,0.029681783169508,-0.00352890510112047,42.4932899475098,-71.5471496582031,1101.81384277344,1012.19030761719,-0.373812645673752,-2.06496977806091,113.184494018555,57.668342590332,-1.44225466251373,1.98382604122162,-0.551289618015289,-0.277638077735901,70
738279.50685584626626223326,57.5159111022949,-0.92544811964035,-3.56184768676758,0.0120410360395908,-0.00352890510112047,42.4932975769043,-71.5470123291016,1101.55041503906,1011.59552001953,-2.13132762908936,-1.99345445632935,113.00772857666,57.6335258483887,-1.44445991516113,-1.01934194564819,-0.548319518566132,-0.273561269044876,70
738279.50685808074194937944,57.5302391052246,-1.12960767745972,-3.55679941177368,0.0120410360395908,-0.00352890510112047,42.4933052062988,-71.546875,1101.27551269531,1010.99304199219,-2.95552611351013,-1.88988637924194,112.634574890137,57.6511535644531,-1.43663561344147,-2.8222348690033,-0.545278191566467,-0.269510567188263,70
738279.50686031929217278957,57.5047912597656,-1.37178385257721,-3.64286422729492,0.0120410360395908,-0.00352890510112047,42.4933128356934,-71.5467376708984,1100.94274902344,1010.32391357422,-2.13686680793762,-1.82232618331909,112.14168548584,57.6363906860352,-1.44619333744049,-1.03901553153992,-0.542321681976318,-0.265320926904678,70
738279.50686254655010998249,57.4363822937012,-1.38850176334381,-3.76955103874207,0.0120410360395908,-0.00352890510112047,42.4933204650879,-71.5466079711914,1100.59899902344,1009.65551757812,-1.78730928897858,-1.82296860218048,111.808982849121,57.5766906738281,-1.48378622531891,1.47604215145111,-0.539760410785675,-0.261265486478806,70
738279.50686475192196667194,57.3873519897461,-1.31416916847229,-3.83422255516052,0.0120410360395908,-0.00352890510112047,42.4933280944824,-71.5464706420898,1100.26916503906,1009.00354003906,-2.5656566619873,-1.80988240242004,111.811309814453,57.5303077697754,-1.5314359664917,1.19722807407379,-0.537368714809418,-0.257212907075882,70
738279.50686706881970167160,57.3747482299805,-1.45124197006226,-3.79396796226501,0.0120410360395908,-0.00352890510112047,42.493335723877,-71.5463333129883,1099.92346191406,1008.32153320312,-2.67582154273987,-1.69240963459015,112.130180358887,57.5183639526367,-1.57549858093262,-2.02323365211487,-0.534885823726654,-0.252939343452454,70
738279.50686929712537676096,57.3379135131836,-1.59518241882324,-3.79150032997131,0.0120410360395908,-0.00352890510112047,42.4933395385742,-71.5461959838867,1099.53686523438,1007.59887695312,-1.19389951229095,-1.56174409389496,112.474555969238,57.4852714538574,-1.62691068649292,-2.86712408065796,-0.532555341720581,-0.24864074587822,70
738279.50687159900553524494,57.2550010681152,-1.48186004161835,-3.91492962837219,0.0120410360395908,-0.00352890510112047,42.4933471679688,-71.5460586547852,1099.15612792969,1006.8837890625,-1.42638409137726,-1.53433227539062,112.643478393555,57.4078178405762,-1.6874326467514,0.0482350885868073,-0.530424475669861,-0.244340047240257,70
738279.50687387934885919094,57.1894912719727,-1.52866411209106,-4.00989103317261,0.0120410360395908,-0.00352890510112047,42.4933547973633,-71.5459213256836,1098.78491210938,1006.67358398438,-2.30735087394714,-1.2725738286972,112.792060852051,57.3502769470215,-1.73761022090912,1.35106945037842,-0.528288841247559,-0.239994511008263,70
738279.50687609915621578693,57.1154518127441,-1.66698515415192,-3.97338795661926,0.0120410360395908,-0.00352890510112047,42.4933624267578,-71.5457916259766,1098.39196777344,1007.29400634766,-1.20145905017853,-0.50550651550293,113.165809631348,57.2777557373047,-1.78271043300629,-0.746949553489685,-0.526238441467285,-0.235682979226112,70
738279.50687832117546349764,57.0324974060059,-1.49274075031281,-3.89319658279419,0.0120410360395908,-0.00352890510112047,42.4933700561523,-71.545654296875,1098.00793457031,1007.90869140625,-0.52982085943222,0.494255721569061,113.697914123535,57.1847114562988,-1.83000385761261,-2.83379697799683,-0.524340271949768,-0.231408596038818,70
738279.50688054831698536873,57.0002479553223,-1.39632391929626,-3.90097403526306,0.0120410360395908,-0.00352890510112047,42.4933776855469,-71.545524597168,1097.66394042969,1008.55798339844,-2.05907344818115,2.00139093399048,113.978332519531,57.1506385803223,-1.85745537281036,-1.03898680210114,-0.522348880767822,-0.227134346961975,70
738279.50688278663437813520,56.9826393127441,-1.73716604709625,-3.88973045349121,0.0120410360395908,-0.00352890510112047,42.4933853149414,-71.5453872680664,1097.28002929688,1009.18316650391,-2.05690240859985,3.57823038101196,113.801292419434,57.1416549682617,-1.86983895301819,0.737060904502869,-0.520245254039764,-0.222771227359772,70
738279.50688495661597698927,56.9383125305176,-1.80159115791321,-3.69685626029968,0.0120410360395908,-0.00352890510112047,42.4933929443359,-71.5452575683594,1096.86328125,1009.74786376953,-1.06143510341644,4.95285367965698,113.450370788574,57.0866355895996,-1.90129005908966,-1.37435281276703,-0.518440008163452,-0.218524366617203,70
738279.50688721204642206430,56.9086112976074,-1.66029155254364,-3.47218108177185,0.0120410360395908,-0.00352890510112047,42.4934005737305,-71.5451202392578,1096.44812011719,1010.35034179688,-2.02394413948059,5.0253438949585,113.220596313477,57.0386085510254,-1.9456387758255,-2.59217000007629,-0.51673698425293,-0.214104607701302,70
738279.50688936538062989712,56.9181060791016,-1.80308759212494,-3.39046120643616,0.0120410360395908,-0.00352890510112047,42.493408203125,-71.5449905395508,1096.05126953125,1010.92834472656,-2.69978857040405,4.9459376335144,113.076713562012,57.0475006103516,-1.97981774806976,-0.387349784374237,-0.515091180801392,-0.209891945123672,70
738279.50689153780695050955,56.9197082519531,-1.92078936100006,-3.27773523330688,0.0120410360395908,-0.00352890510112047,42.4934120178223,-71.5448608398438,1095.63073730469,1010.98913574219,-2.14269948005676,4.84599828720093,112.871887207031,57.0463523864746,-2.01742577552795,0.513886094093323,-0.513566553592682,-0.205742225050926,70
738279.50689373875502496958,56.8910255432129,-2.0732946395874,-3.17926430702209,0.0120410360395908,-0.00352890510112047,42.4934196472168,-71.5447311401367,1095.17578125,1009.92230224609,-1.32513332366943,4.6940712928772,112.636878967285,57.0174980163574,-2.06766438484192,1.74078071117401,-0.512192964553833,-0.201519370079041,70
738279.50689595879521220922,56.8318748474121,-2.212895154953,-3.06842279434204,0.0120410360395908,-0.00352890510112047,42.4934234619141,-71.5446014404297,1094.68444824219,1008.80981445312,-0.628596603870392,4.50058269500732,112.403549194336,56.9576530456543,-2.13462710380554,2.40453910827637,-0.511040329933167,-0.197248846292496,70
738279.50689825788140296936,56.7561149597168,-2.26902031898499,-2.91921710968018,0.0120410360395908,-0.00352890510112047,42.4934310913086,-71.5444641113281,1094.15844726562,1007.64306640625,-0.695223569869995,4.27311277389526,112.237236022949,56.8764152526855,-2.21813273429871,1.83594560623169,-0.510108470916748,-0.192864254117012,70
738279.50690054742153733969,56.6915283203125,-2.22630929946899,-2.75677537918091,0.0120410360395908,-0.00352890510112047,42.4934349060059,-71.5443267822266,1093.64221191406,1006.49786376953,-1.53586578369141,4.03274917602539,112.269912719727,56.8021621704102,-2.30242133140564,0.76021671295166,-0.509358048439026,-0.188605323433876,70
738279.50690261984709650278,56.6467475891113,-2.27084231376648,-2.62145042419434,0.0120410360395908,-0.00352890510112047,42.4934425354004,-71.5441970825195,1093.16174316406,1005.43145751953,-1.79852020740509,3.82911396026611,112.569763183594,56.7528228759766,-2.37158584594727,0.137573391199112,-0.508705973625183,-0.184683814644814,70
738279.50690484652295708656,56.5888977050781,-2.33193039894104,-2.56104755401611,0.0120410360395908,-0.00352890510112047,42.4934463500977,-71.5440673828125,1092.64758300781,1004.30419921875,-1.07774472236633,3.59684872627258,113.070426940918,56.6948013305664,-2.43616342544556,2.07442855834961,-0.508083939552307,-0.180582359433174,70
738279.50690703745931386948,56.5296249389648,-2.36262965202332,-2.52708578109741,0.0120410360395908,-0.00352890510112047,42.4934501647949,-71.5439376831055,1092.12915039062,1003.17822265625,-0.692093908786774,3.34411811828613,113.457000732422,56.635383605957,-2.49551558494568,4.20932292938232,-0.507554590702057,-0.176558390259743,70
738279.50690924306400120258,56.5065155029297,-2.3347761631012,-2.40091013908386,0.0120410360395908,-0.00352890510112047,42.4934577941895,-71.5438079833984,1091.59521484375,1002.74371337891,-1.60446906089783,3.13914704322815,113.418960571289,56.6056709289551,-2.55228352546692,2.77255010604858,-0.507108390331268,-0.172501504421234,70
738279.50691144261509180069,56.5288619995117,-2.50742506980896,-2.24356245994568,0.0120410360395908,-0.00352890510112047,42.4934616088867,-71.5436782836914,1091.06188964844,1002.66583251953,-3.21559143066406,2.98146843910217,112.936309814453,56.62890625,-2.6002790927887,-0.138798400759697,-0.506699621677399,-0.168522223830223,70
738279.50691374577581882477,56.5361175537109,-2.78803062438965,-2.13900518417358,0.0120410360395908,-0.00352890510112047,42.493465423584,-71.5435409545898,1090.44702148438,1002.52911376953,-2.97109627723694,2.81363677978516,112.270614624023,56.6452217102051,-2.66015815734863,-0.677584648132324,-0.506472408771515,-0.164366349577904,70
738279.50691599072888493538,56.5119514465332,-2.85352182388306,-2.12860751152039,0.0120410360395908,-0.00352890510112047,42.4934692382812,-71.5434036254883,1089.81762695312,1002.36486816406,-2.62148594856262,2.55743598937988,111.827651977539,56.6239700317383,-2.74207544326782,1.86451351642609,-0.506601095199585,-0.160375773906708,70
738279.50691830553114414215,56.5076942443848,-2.79227304458618,-2.1398458480835,0.0120410360395908,-0.00352890510112047,42.4934730529785,-71.5432662963867,1089.17492675781,1002.19885253906,-3.57736539840698,2.22994947433472,111.70036315918,56.6170959472656,-2.83462858200073,4.10790061950684,-0.50695937871933,-0.156314894556999,70
738279.50692056457046419382,56.5699424743652,-2.81409621238708,-2.0903468132019,0.0120410360395908,-0.00352890510112047,42.4934768676758,-71.5431289672852,1088.54248046875,1002.04132080078,-4.98428964614868,1.93647372722626,111.766021728516,56.6784553527832,-2.91528511047363,3.32181549072266,-0.507365822792053,-0.152312487363815,70
738279.50692288496065884829,56.6507530212402,-3.03456258773804,-1.96733462810516,0.0120410360395908,-0.00352890510112047,42.4934844970703,-71.5429916381836,1087.86706542969,1001.66656494141,-4.98528289794922,1.74518573284149,111.802139282227,56.7660713195801,-2.98854994773865,0.297745674848557,-0.507853925228119,-0.14824852347374,70
738279.50692522118333727121,56.7017822265625,-3.25361132621765,-1.83938467502594,0.0120410360395908,-0.00352890510112047,42.4934883117676,-71.542854309082,1087.1494140625,1001.15539550781,-4.01002740859985,1.6173152923584,111.700401306152,56.8248291015625,-3.07238674163818,-2.19029140472412,-0.50860208272934,-0.144255697727203,70
738279.50692739849910140038,56.7389144897461,-3.13303828239441,-1.81421673297882,0.0120410360395908,-0.00352890510112047,42.4934921264648,-71.5427169799805,1086.46826171875,1000.58410644531,-4.55756855010986,1.40315306186676,111.595085144043,56.854305267334,-3.16358208656311,-1.21649265289307,-0.509575963020325,-0.140514492988586,70
738279.50692961853928864002,56.7812156677246,-3.42341899871826,-1.81321632862091,0.0120410360395908,-0.00352890510112047,42.4934959411621,-71.5425872802734,1085.76623535156,999.744384765625,-4.55933094024658,1.16300761699677,111.645606994629,56.913215637207,-3.24915838241577,-0.455403953790665,-0.510650277137756,-0.136772692203522,70
738279.50693178293295204639,56.8209915161133,-3.58906579017639,-1.71353960037231,0.0120410360395908,-0.00352890510112047,42.4934997558594,-71.5424575805664,1085.02941894531,998.872131347656,-3.08862090110779,1.02745532989502,111.685394287109,56.9600105285645,-3.34555602073669,-2.74348425865173,-0.511983811855316,-0.133151888847351,70
738279.50693403475452214479,56.859302520752,-3.5552122592926,-1.69263398647308,0.0120410360395908,-0.00352890510112047,42.4934997558594,-71.5423278808594,1084.26953125,998.621704101562,-3.7144136428833,0.87261438369751,111.465980529785,56.9954795837402,-3.45587038993835,-2.33073568344116,-0.513637125492096,-0.129450559616089,70
738279.50693640485405921936,56.890869140625,-3.84081816673279,-1.81024825572968,0.0120410360395908,-0.00352890510112047,42.4935035705566,-71.5421829223633,1083.43701171875,998.611938476562,-4.6043872833252,0.628204345703125,111.038024902344,57.0491027832031,-3.56925344467163,1.83236467838287,-0.515565812587738,-0.125523269176483,70
738279.50693870952818542719,56.9162216186523,-3.99305415153503,-1.80436933040619,0.0120410360395908,-0.00352890510112047,42.4935111999512,-71.5420455932617,1082.5615234375,998.553771972656,-3.95625996589661,0.394272357225418,110.776039123535,57.084644317627,-3.6933867931366,1.38875877857208,-0.517822504043579,-0.121656075119972,70
738279.50694097706582397223,56.9341201782227,-3.95617890357971,-1.71206140518188,0.0120410360395908,-0.00352890510112047,42.4935111999512,-71.5419082641602,1081.70739746094,998.485534667969,-3.85367107391357,0.205972254276276,110.86865234375,57.0970802307129,-3.82079029083252,-1.7909882068634,-0.520302653312683,-0.117947638034821,70
738279.50694320024922490120,56.9927406311035,-3.82159757614136,-1.64874374866486,0.0120410360395908,-0.00352890510112047,42.4935150146484,-71.5417785644531,1080.89672851562,998.291015625,-5.11423683166504,0.0380517840385437,111.222785949707,57.1445121765137,-3.93112635612488,-3.92951226234436,-0.522805988788605,-0.114349216222763,70
738279.50694550550542771816,57.0928993225098,-3.86854863166809,-1.70318067073822,0.0120410360395908,-0.00352890510112047,42.4935188293457,-71.5416412353516,1080.05224609375,998.0146484375,-6.2331018447876,-0.149108037352562,111.657539367676,57.249153137207,-4.0165548324585,-2.36874127388,-0.525365114212036,-0.11054802685976,70
738279.50694775849115103483,57.1636581420898,-4.05424547195435,-1.84166324138641,0.0120410360395908,-0.00352890510112047,42.493522644043,-71.54150390625,1079.18615722656,997.41650390625,-5.64164924621582,-0.39286282658577,111.974700927734,57.3368339538574,-4.08424234390259,1.50140511989594,-0.52792626619339,-0.106799982488155,70
738279.50694999750703573227,57.2131233215332,-3.95942139625549,-1.92353284358978,0.0120410360395908,-0.00352890510112047,42.4935264587402,-71.5413665771484,1078.32067871094,996.628234863281,-5.23546600341797,-0.644103646278381,112.233383178711,57.3822135925293,-4.15257024765015,2.58501958847046,-0.530615746974945,-0.103124909102917,70
738279.50695221254136413336,57.2934303283691,-3.84802269935608,-1.88044679164886,0.0120410360395908,-0.00352890510112047,42.4935302734375,-71.5412368774414,1077.52124023438,995.884338378906,-6.48171806335449,-0.757539212703705,112.674736022949,57.4532890319824,-4.20262098312378,-0.684721946716309,-0.533192813396454,-0.0995664000511169,70
738279.50695432303473353386,57.3629379272461,-4.08557033538818,-1.94254064559937,0.0120410360395908,-0.00352890510112047,42.4935340881348,-71.5411071777344,1076.71887207031,995.135925292969,-5.59507179260254,-0.846816778182983,113.217498779297,57.5410461425781,-4.2338490486145,0.51257199048996,-0.535629332065582,-0.0961032584309578,70
738279.50695658044423907995,57.4262237548828,-4.01724100112915,-2.08447575569153,0.0120410360395908,-0.00352890510112047,42.493537902832,-71.5409698486328,1075.85607910156,994.21826171875,-4.93479633331299,-1.0315865278244,113.529541015625,57.6042900085449,-4.27257776260376,3.58115172386169,-0.538340210914612,-0.0924194380640984,70
738279.50695881037972867489,57.4968757629395,-4.02814054489136,-2.08881092071533,0.0120410360395908,-0.00352890510112047,42.4935455322266,-71.5408325195312,1075.00439453125,993.1044921875,-6.11954879760742,-1.12906289100647,113.570663452148,57.6756401062012,-4.30587434768677,1.39412605762482,-0.541090667247772,-0.0887061655521393,70
738279.50696100899949669838,57.5504302978516,-4.19034719467163,-2.03012537956238,0.0120410360395908,-0.00352890510112047,42.4935493469238,-71.5407028198242,1074.12939453125,991.969421386719,-5.53598594665527,-1.02986466884613,113.697937011719,57.7384834289551,-4.33692359924316,-1.73357439041138,-0.543871104717255,-0.0850044712424278,70
738279.50696319411508738995,57.5907020568848,-4.15229368209839,-2.02268147468567,0.0120410360395908,-0.00352890510112047,42.4935531616211,-71.5405731201172,1073.27270507812,990.860534667969,-4.6727557182312,-0.497073709964752,114.033683776855,57.7756156921387,-4.37579154968262,-2.40926790237427,-0.546715497970581,-0.0814137011766434,70
738279.50696540554054081440,57.6546325683594,-3.98563528060913,-2.08115148544312,0.0120410360395908,-0.00352890510112047,42.4935569763184,-71.5404357910156,1072.41772460938,989.746215820312,-5.40347194671631,0.138287767767906,114.414260864258,57.8296928405762,-4.41052389144897,-0.85100656747818,-0.549651145935059,-0.0777043849229813,70
738279.50696755643002688885,57.7586135864258,-4.03967046737671,-2.08312892913818,0.0120410360395908,-0.00352890510112047,42.4935607910156,-71.5403060913086,1071.58471679688,988.655639648438,-6.54647016525269,0.783728539943695,114.592712402344,57.9371681213379,-4.42547416687012,-1.07329118251801,-0.552426278591156,-0.074018657207489,70
738279.50696976820472627878,57.8413543701172,-4.24921751022339,-1.99313819408417,0.0120410360395908,-0.00352890510112047,42.4935646057129,-71.540168762207,1070.72082519531,987.534912109375,-5.9206371307373,1.5268931388855,114.571533203125,58.0314636230469,-4.43662261962891,-3.22292160987854,-0.555198132991791,-0.0703224018216133,70
738279.50697200826834887266,57.8931999206543,-4.22922229766846,-1.90704023838043,0.0120410360395908,-0.00352890510112047,42.4935684204102,-71.5400390625,1069.83630371094,986.39306640625,-5.07109308242798,2.486736536026,114.572372436523,58.0787887573242,-4.46229839324951,-3.68404030799866,-0.558152914047241,-0.0666091963648796,70
738279.50697414379101246595,57.936595916748,-4.14458656311035,-1.8725106716156,0.0120410360395908,-0.00352890510112047,42.4935722351074,-71.5399017333984,1068.97058105469,985.270874023438,-5.36505699157715,3.71829795837402,114.791610717773,58.1148262023926,-4.49063444137573,-1.51167583465576,-0.561161577701569,-0.0628968700766563,70
738279.50697639503050595522,58.0109100341797,-4.00749397277832,-1.84318995475769,0.0120410360395908,-0.00352890510112047,42.4935760498047,-71.5397644042969,1068.10949707031,984.147888183594,-5.98280048370361,4.81998729705811,115.222229003906,58.1783752441406,-4.50771951675415,1.52763915061951,-0.564157724380493,-0.0591074973344803,70
738279.50697866489645093679,58.1100387573242,-3.94048953056335,-1.77382469177246,0.0120410360395908,-0.00352890510112047,42.493579864502,-71.5396347045898,1067.27099609375,983.048400878906,-6.22794675827026,5.7874641418457,115.717460632324,58.2704925537109,-4.50495719909668,3.74557638168335,-0.566977083683014,-0.0553391762077808,70
738279.50698091345839202404,58.209716796875,-4.00402307510376,-1.63333916664124,0.0120410360395908,-0.00352890510112047,42.4935836791992,-71.5394897460938,1066.39978027344,981.906188964844,-5.68434858322144,5.78028964996338,116.108383178711,58.3701210021973,-4.48732900619507,4.17099189758301,-0.569764733314514,-0.0514271818101406,70
738279.50698321091476827860,58.2831993103027,-4.09762382507324,-1.42106628417969,0.0120410360395908,-0.00352890510112047,42.4935874938965,-71.5393524169922,1065.5400390625,980.784973144531,-4.79935550689697,5.79407787322998,116.215866088867,58.4443435668945,-4.47213792800903,2.52304816246033,-0.572458326816559,-0.0476537495851517,70
738279.50698552723042666912,58.3493766784668,-4.11442375183105,-1.14985775947571,0.0120410360395908,-0.00352890510112047,42.4935913085938,-71.5392074584961,1064.62109375,979.590576171875,-4.76156044006348,5.89395427703857,116.039321899414,58.505558013916,-4.46821451187134,0.156205862760544,-0.575396478176117,-0.0436694957315922,70
738279.50698779232334345579,58.4127082824707,-4.14294624328613,-0.972198009490967,0.0120410360395908,-0.00352890510112047,42.4935913085938,-71.5390701293945,1063.74389648438,978.451293945312,-5.36798763275146,5.97251653671265,115.768493652344,58.567512512207,-4.4721736907959,0.83358371257782,-0.578254044055939,-0.0399227440357208,70
738279.50699000980239361525,58.4528923034668,-4.29797792434692,-0.862547934055328,0.0120410360395908,-0.00352890510112047,42.493595123291,-71.538932800293,1062.84606933594,977.291442871094,-4.79056978225708,5.982750415802,115.630928039551,58.6170387268066,-4.48413228988647,3.18411731719971,-0.581188797950745,-0.0362027585506439,70
738279.50699226267170161009,58.4622116088867,-4.39736413955688,-0.69296133518219,0.0120410360395908,-0.00352890510112047,42.493595123291,-71.5387954711914,1061.92956542969,976.115905761719,-3.28942775726318,6.00224113464355,115.653869628906,58.6314506530762,-4.51313591003418,3.54390740394592,-0.584276854991913,-0.0325581952929497,70
738279.50699443917255848646,58.4676322937012,-4.35214281082153,-0.418526381254196,0.0120410360395908,-0.00352890510112047,42.4935989379883,-71.5386581420898,1061.01770019531,974.947937011719,-2.99988651275635,6.10144758224487,115.650405883789,58.6308822631836,-4.55526876449585,1.05479407310486,-0.587510883808136,-0.0289881769567728,70
738279.50699661090038716793,58.5119094848633,-4.3582878112793,-0.157155677676201,0.0120410360395908,-0.00352890510112047,42.4935989379883,-71.5385284423828,1060.12744140625,973.805603027344,-4.12755346298218,6.22628545761108,115.432968139648,58.6742095947266,-4.59459018707275,-0.861429154872894,-0.590738713741302,-0.0255070868879557,70
738279.50699883874040096998,58.5658340454102,-4.58263635635376,0.0060709398239851,0.0120410360395908,-0.00352890510112047,42.4935989379883,-71.5383911132812,1059.18237304688,972.601379394531,-4.33149862289429,6.25639963150024,114.930053710938,58.7448501586914,-4.63359642028809,0.126563116908073,-0.594115018844604,-0.0219659991562366,70
738279.50700099230743944645,58.5788116455078,-4.76877927780151,0.13322214782238,0.0120410360395908,-0.00352890510112047,42.4935989379883,-71.5382537841797,1058.23974609375,971.412353515625,-3.4315402507782,6.17325162887573,114.356597900391,58.7727508544922,-4.68711185455322,1.89286625385284,-0.597568392753601,-0.0186613127589226,70
738279.50700313842389732599,58.5720100402832,-4.73278379440308,0.315211653709412,0.0120410360395908,-0.00352890510112047,42.4935989379883,-71.5381240844727,1057.27600097656,970.200378417969,-3.27493190765381,6.0290265083313,113.93074798584,58.7637557983398,-4.75949382781982,2.11705780029297,-0.601326167583466,-0.015377470292151,70
738279.50700545008294284344,58.6056213378906,-4.59458351135254,0.58817046880722,0.0120410360395908,-0.00352890510112047,42.4935989379883,-71.5379867553711,1056.279296875,968.941772460938,-4.68928146362305,5.88219594955444,113.774185180664,58.7883911132812,-4.83308601379395,-0.350266069173813,-0.60539448261261,-0.0119568090885878,70
738279.50700770621187984943,58.6873054504395,-4.70735883712769,0.835906267166138,0.0120410360395908,-0.00352890510112047,42.4935989379883,-71.537841796875,1055.29638671875,967.154296875,-5.53460836410522,5.75994539260864,113.807456970215,58.8817253112793,-4.88577175140381,-2.53033471107483,-0.609358847141266,-0.00863470695912838,70
738279.50700996082741767168,58.7365455627441,-5.01303815841675,0.928834795951843,0.0120410360395908,-0.00352890510112047,42.4935989379883,-71.5377044677734,1054.26293945312,964.053283691406,-3.95989799499512,5.55932760238647,113.73038482666,58.9574012756348,-4.939368724823,0.0522330142557621,-0.613420307636261,-0.00541878072544932,70
738279.50701225118245929480,58.7546234130859,-4.92890453338623,0.993864595890045,0.0120410360395908,-0.00352890510112047,42.4935989379883,-71.5375671386719,1053.19970703125,960.884643554688,-3.9681761264801,5.2829008102417,113.450614929199,58.9693794250488,-5.01295280456543,3.69429540634155,-0.617861747741699,-0.00221292651258409,70
738279.50701446738094091415,58.7874603271484,-5.04140710830688,1.17843997478485,0.0120410360395908,-0.00352890510112047,42.493595123291,-71.5374221801758,1052.15295410156,957.756713867188,-4.88069486618042,5.62265729904175,113.293601989746,59.0149993896484,-5.08242702484131,1.97712624073029,-0.622348070144653,0.00088320963550359,70
738279.50701672153081744909,58.8158073425293,-5.28122425079346,1.43123006820679,0.0120410360395908,-0.00352890510112047,42.493595123291,-71.5372848510742,1051.08642578125,954.653442382812,-3.82187366485596,7.12343597412109,113.363037109375,59.0697784423828,-5.15430450439453,-0.878457605838776,-0.626903235912323,0.00384327373467386,70
738279.50701902876608073711,58.8450393676758,-5.27097082138062,1.65026760101318,0.0120410360395908,-0.00352890510112047,42.4935913085938,-71.5371398925781,1049.92785644531,951.323791503906,-3.37876772880554,9.26474857330322,113.392570495605,59.1036834716797,-5.247145652771,1.04432964324951,-0.632070064544678,0.00693714478984475,70
738279.50702140445355325937,58.8919525146484,-5.29173946380615,1.84699022769928,0.0120410360395908,-0.00352890510112047,42.4935913085938,-71.536994934082,1048.79309082031,948.022766113281,-5.49430894851685,11.3577632904053,113.190567016602,59.1580581665039,-5.33325147628784,4.8650426864624,-0.637327432632446,0.00994239281862974,70
738279.50702374323736876249,58.8926811218262,-5.69258213043213,2.26655101776123,0.0120410360395908,-0.00352890510112047,42.4935874938965,-71.5368499755859,1047.58581542969,944.662231445312,-4.74722862243652,13.4874410629272,113.128761291504,59.210563659668,-5.42214584350586,1.78695523738861,-0.642760992050171,0.0128443324938416,70
738279.50702599785290658474,58.9629707336426,-5.32521057128906,2.88674640655518,0.0120410360395908,-0.00352890510112047,42.4935836791992,-71.5367126464844,1046.44189453125,941.430114746094,-5.64204454421997,15.6665849685669,113.427124023438,59.2732925415039,-5.52401828765869,0.264367163181305,-0.648355543613434,0.0155673595145345,70
738279.50702819414436817169,59.0353126525879,-5.61935424804688,3.22997117042542,0.0120410360395908,-0.00352890510112047,42.493579864502,-71.5365753173828,1045.29968261719,938.631713867188,-6.18119287490845,17.7303218841553,113.803260803223,59.3900489807129,-5.60064649581909,3.72420191764832,-0.653870522975922,0.0182014126330614,70
738279.50703044550027698278,59.0786056518555,-5.65157508850098,3.90083503723145,0.0120410360395908,-0.00352890510112047,42.4935722351074,-71.5364379882812,1044.12707519531,935.814758300781,-5.62919139862061,19.8685035705566,114.116737365723,59.4763679504395,-5.67866849899292,1.50906765460968,-0.659513533115387,0.0207060258835554,70
738279.50703261140733957291,59.1170463562012,-5.68796014785767,4.58104419708252,0.0120410360395908,-0.00352890510112047,42.4935684204102,-71.5363006591797,1042.99658203125,933.088439941406,-6.21675825119019,22.0787620544434,114.577423095703,59.5664672851562,-5.75312900543213,1.16424810886383,-0.665109872817993,0.0230084899812937,70
738279.50703482807148247957,59.1723747253418,-5.68114423751831,5.32483148574829,0.0120410360395908,-0.00352890510112047,42.4935569763184,-71.5361633300781,1041.822265625,930.583923339844,-6.59762620925903,24.3179912567139,115.277732849121,59.6824836730957,-5.82361650466919,2.74243545532227,-0.670977532863617,0.0252576638013124,70
738279.50703716778662055731,59.2231407165527,-5.74570798873901,6.12421655654907,0.0120410360395908,-0.00352890510112047,42.4935493469238,-71.5360107421875,1040.56628417969,928.158630371094,-6.56772375106812,25.6283397674561,116.202705383301,59.8155479431152,-5.88806676864624,5.43803882598877,-0.677277326583862,0.0274822525680065,70
738279.50703936791978776455,59.2353515625,-5.91433095932007,6.85241222381592,0.0120410360395908,-0.00352890510112047,42.493537902832,-71.5358810424805,1039.38415527344,925.900268554688,-5.87651824951172,25.4853363037109,117.040969848633,59.922966003418,-5.94385290145874,7.19832754135132,-0.683178007602692,0.0293241143226624,70
738279.50704154057893902063,59.1977233886719,-6.12725639343262,7.60448741912842,0.0120410360395908,-0.00352890510112047,42.4935264587402,-71.5357437133789,1038.16235351562,923.603576660156,-4.98057699203491,25.4030418395996,117.64298248291,59.9978485107422,-6.01019668579102,7.46603059768677,-0.689306974411011,0.0309680365025997,70
738279.50704370578750967979,59.1345748901367,-6.03954935073853,8.55381774902344,0.0120410360395908,-0.00352890510112047,42.4935150146484,-71.5356063842773,1036.94458007812,921.333984375,-5.44708442687988,25.4812793731689,117.84839630127,60.0544891357422,-6.091628074646,5.84898567199707,-0.695612192153931,0.0323729328811169,70
738279.50704587087966501713,59.0903663635254,-6.26377725601196,9.339430809021,0.0120410360395908,-0.00352890510112047,42.4934997558594,-71.5354690551758,1035.73095703125,919.070922851562,-7.10724925994873,24.632905960083,117.802864074707,60.1509017944336,-6.16928052902222,4.71867179870605,-0.70202249288559,0.0335513651371002,70
738279.50704809499438852072,59.0216331481934,-6.56407833099365,10.0325794219971,0.0120410360395908,-0.00352890510112047,42.4934844970703,-71.5353317260742,1034.39404296875,916.64306640625,-5.95808744430542,21.9360790252686,117.865509033203,60.2270126342773,-6.26269769668579,5.25349235534668,-0.708990335464478,0.0345193296670914,70
738279.50705023703631013632,58.9566383361816,-6.44010972976685,10.7510595321655,0.0120410360395908,-0.00352890510112047,42.493465423584,-71.5352020263672,1033.11560058594,914.3310546875,-5.7876033782959,19.083869934082,118.088188171387,60.2739219665527,-6.37092256546021,5.92315912246704,-0.715982139110565,0.0351757034659386,70
738279.50705247442238032818,58.9397926330566,-6.45524978637695,11.4570741653442,0.0120410360395908,-0.00352890510112047,42.4934463500977,-71.5350646972656,1031.81335449219,911.962707519531,-7.29374361038208,16.1296329498291,118.220603942871,60.3890228271484,-6.4720892906189,2.68727254867554,-0.723296225070953,0.0355825275182724,70
738279.50705555535387247801,58.9212303161621,-6.81483316421509,12.0402994155884,0.0120410360395908,-0.00352890510112047,42.4934272766113,-71.5349197387695,1030.38269042969,909.403198242188,-6.69730424880981,12.9194488525391,118.058219909668,60.5237312316895,-6.56995725631714,-1.09883344173431,-0.731173753738403,0.0357041172683239,70
738279.50705771346110850573,58.9009971618652,-6.4808988571167,12.5856275558472,0.0120410360395908,-0.00352890510112047,42.4934005737305,-71.5347366333008,1028.5986328125,906.22314453125,-6.13426208496094,8.82208442687988,117.891899108887,60.5782737731934,-6.70585680007935,0.712437927722931,-0.741381764411926,0.0354132130742073,70
738279.50706000009085983038,58.9380912780762,-6.39120054244995,12.9550161361694,0.0120410360395908,-0.00352890510112047,42.4933776855469,-71.5345916748047,1027.22021484375,903.717468261719,-6.93815088272095,5.50319337844849,118.146347045898,60.6826057434082,-6.77545309066772,-1.63029074668884,-0.749473094940186,0.0348458476364613,70
738279.50706245563924312592,58.9925231933594,-6.35299301147461,13.2280282974243,0.0120410360395908,-0.00352890510112047,42.493350982666,-71.5344314575195,1025.73669433594,901.026550292969,-5.75425052642822,1.94663619995117,118.404945373535,60.7902870178223,-6.81096172332764,-3.73917436599731,-0.757944464683533,0.0339141227304935,70
738279.50706471106968820095,59.0712738037109,-5.96063184738159,13.2266139984131,0.0120410360395908,-0.00352890510112047,42.4933280944824,-71.534294128418,1024.46008300781,898.685180664062,-6.47986078262329,-0.505520224571228,118.520904541016,60.8267021179199,-6.8135552406311,-1.368537068367,-0.765351474285126,0.0328319557011127,70
738279.50706700736191123724,59.1527938842773,-5.81059980392456,13.1652555465698,0.0120410360395908,-0.00352890510112047,42.4933052062988,-71.5341491699219,1023.21569824219,896.464416503906,-6.98935890197754,-0.845920026302338,118.948112487793,60.8780746459961,-6.76480388641357,-0.0419035218656063,-0.77244508266449,0.0315007120370865,70
738279.50706925184931606054,59.192440032959,-5.63724946975708,13.1987009048462,0.0120410360395908,-0.00352890510112047,42.4932861328125,-71.5340118408203,1022.03668212891,894.968627929688,-5.1714015007019,-0.754336357116699,119.754470825195,60.9075469970703,-6.68408679962158,-1.82694470882416,-0.778881669044495,0.0300488527864218,70
738279.50707158888690173626,59.2590637207031,-5.19151020050049,13.1724090576172,0.0120410360395908,-0.00352890510112047,42.4932594299316,-71.5338592529297,1020.84350585938,894.034057617188,-5.21620845794678,-0.492252141237259,120.537284851074,60.9270133972168,-6.56484699249268,-1.13536882400513,-0.785360813140869,0.0283182729035616,70
738279.50707382254768162966,59.3372268676758,-5.1550350189209,13.0460348129272,0.0120410360395908,-0.00352890510112047,42.493236541748,-71.5337219238281,1019.75323486328,893.146850585938,-5.63731670379639,-0.636920034885406,120.84415435791,60.9727821350098,-6.41017627716064,2.40475559234619,-0.790942251682281,0.026546586304903,70
738279.50707608112134039402,59.3516616821289,-5.17819023132324,13.0057468414307,0.0120410360395908,-0.00352890510112047,42.4932174682617,-71.5335845947266,1018.68255615234,892.272094726562,-4.14890813827515,-0.730043888092041,120.847061157227,60.9801826477051,-6.25350666046143,2.50029563903809,-0.796056032180786,0.0247303154319525,70
738279.50707831024192273617,59.3260383605957,-4.92470502853394,13.0787057876587,0.0120410360395908,-0.00352890510112047,42.4931945800781,-71.5334396362305,1017.61938476562,891.409240722656,-3.77071452140808,-0.624820172786713,120.75740814209,60.9498481750488,-6.10526895523071,-0.838642001152039,-0.801110923290253,0.02280268445611,70
738279.50708052248228341341,59.3378295898438,-4.6477484703064,13.1096220016479,0.0120410360395908,-0.00352890510112047,42.4931716918945,-71.5333023071289,1016.62835693359,890.615844726562,-4.67042589187622,-0.487508296966553,120.686729431152,60.9462203979492,-5.95515918731689,-1.87851452827454,-0.805751264095306,0.0208470486104488,70
738279.50708286568988114595,59.3824501037598,-4.55994033813477,13.0510883331299,0.0120410360395908,-0.00352890510112047,42.4931488037109,-71.5331573486328,1015.642578125,889.833374023438,-4.75923728942871,-0.449705451726913,120.619453430176,60.9704780578613,-5.78773307800293,0.218112990260124,-0.810098767280579,0.0187733098864555,70
738279.50708515720907598734,59.4021415710449,-4.47863483428955,12.9778413772583,0.0120410360395908,-0.00352890510112047,42.4931259155273,-71.5330123901367,1014.65789794922,889.053039550781,-3.84081888198853,-0.473321080207825,120.455787658691,60.9679985046387,-5.62069797515869,2.15550827980042,-0.814180433750153,0.0166394338011742,70
738279.50708752230275422335,59.3885917663574,-4.21085929870605,13.0105905532837,0.0120410360395908,-0.00352890510112047,42.4931030273438,-71.5328674316406,1013.6982421875,888.299987792969,-4.0429310798645,-0.38314101099968,120.241035461426,60.9426918029785,-5.45886421203613,0.283954322338104,-0.81804895401001,0.0144403222948313,70
738279.50708975165616720915,59.3855934143066,-4.02223873138428,13.1181297302246,0.0120410360395908,-0.00352890510112047,42.4930839538574,-71.5327301025391,1012.82342529297,887.625854492188,-4.86349725723267,-0.196796625852585,120.161743164062,60.9500846862793,-5.29617738723755,-3.08382201194763,-0.821387827396393,0.0122997406870127,70
738279.50709201581776142120,59.3829689025879,-4.06265783309937,13.1673717498779,0.0120410360395908,-0.00352890510112047,42.4930610656738,-71.532585144043,1011.943359375,886.950073242188,-3.61156129837036,-0.0959674939513206,120.224548339844,60.9608192443848,-5.12966680526733,-3.56575417518616,-0.824419438838959,0.0101115694269538,70
738279.50709430756978690624,59.3515663146973,-3.94390416145325,13.0822219848633,0.0120410360395908,-0.00352890510112047,42.4930381774902,-71.5324401855469,1011.06756591797,886.278747558594,-2.03551316261292,-0.198464050889015,120.200477600098,60.9040832519531,-4.98035335540771,-0.245431065559387,-0.827309906482697,0.00788470264524221,70
738279.50709662772715091705,59.3189735412598,-3.70310235023499,12.9977960586548,0.0120410360395908,-0.00352890510112047,42.4930152893066,-71.5322952270508,1010.23748779297,885.650634765625,-2.48205614089966,-0.389916360378265,119.914779663086,60.8390998840332,-4.84183597564697,1.65522015094757,-0.829974293708801,0.00565064372494817,70
738279.50709902413655072451,59.2912635803223,-3.6456286907196,12.9964265823364,0.0120410360395908,-0.00352890510112047,42.492992401123,-71.5321502685547,1009.39190673828,885.018310546875,-3.24472689628601,-0.612567067146301,119.427558898926,60.8083152770996,-4.69146966934204,0.311550110578537,-0.832436501979828,0.00326911080628633,70
738279.50710131169762462378,59.2316970825195,-3.59677958488464,12.9627475738525,0.0120410360395908,-0.00352890510112047,42.4929695129395,-71.5320053100586,1008.58605957031,884.415832519531,-2.32726883888245,-0.876279950141907,119.121391296387,60.7401313781738,-4.5565619468689,0.230862602591515,-0.834570825099945,0.000995645183138549,70
738279.50710362615063786507,59.1533851623535,-3.3390588760376,12.8945665359497,0.0120410360395908,-0.00352890510112047,42.4929466247559,-71.5318603515625,1007.82885742188,883.858764648438,-2.04054713249207,-1.14779222011566,119.185760498047,60.6344985961914,-4.43182325363159,0.641797542572021,-0.836491405963898,-0.00125979934819043,70
738279.50710586388595402241,59.0884666442871,-3.02594375610352,12.786714553833,0.0120410360395908,-0.00352890510112047,42.4929237365723,-71.5317153930664,1007.11676025391,883.347778320312,-2.45435476303101,-1.41403007507324,119.570442199707,60.5318336486816,-4.29617357254028,1.67074275016785,-0.838068962097168,-0.003550497116521,70
738279.50710815691854804754,59.0696792602539,-2.66265368461609,12.6710691452026,0.0120410360395908,-0.00352890510112047,42.4929008483887,-71.5315780639648,1006.49395751953,882.97265625,-3.32624697685242,-1.66158413887024,120.101913452148,60.4720840454102,-4.14135408401489,2.48711466789246,-0.839096665382385,-0.00577166862785816,70
738279.50711043330375105143,59.0783348083496,-2.42665696144104,12.6132192611694,0.0120410360395908,-0.00352890510112047,42.4928817749023,-71.5314331054688,1005.90838623047,883.109741210938,-3.71974039077759,-1.89539110660553,120.600082397461,60.4585113525391,-3.94722175598145,1.36248350143433,-0.839521706104279,-0.00807486101984978,70
738279.50711273390334099531,59.0568962097168,-2.3166036605835,12.6046628952026,0.0120410360395908,-0.00352890510112047,42.4928588867188,-71.5312881469727,1005.35241699219,883.274963378906,-2.92696619033813,-2.07103753089905,120.838027954102,60.4314575195312,-3.73533201217651,-0.837343394756317,-0.839392721652985,-0.0103576667606831,70
738279.50711496756412088871,59.0092620849609,-2.16907453536987,12.5793905258179,0.0120410360395908,-0.00352890510112047,42.4928359985352,-71.5311508178711,1004.85003662109,883.454528808594,-2.32651829719543,-2.09673237800598,120.853988647461,60.3741569519043,-3.53687429428101,-2.12516021728516,-0.83891361951828,-0.0124990297481418,70
738279.50711721892002969980,58.9787216186523,-1.99956154823303,12.4881591796875,0.0120410360395908,-0.00352890510112047,42.4928169250488,-71.5310134887695,1004.37023925781,883.674682617188,-2.64260411262512,-2.01897048950195,120.741706848145,60.3194999694824,-3.33817481994629,-1.16751933097839,-0.838084697723389,-0.0146940173581243,70
738279.50711947074159979820,58.9590339660645,-2.13222193717957,12.3568239212036,0.0120410360395908,-0.00352890510112047,42.4927940368652,-71.530876159668,1003.89739990234,883.889709472656,-1.76481902599335,-2.0214695930481,120.49723815918,60.2777328491211,-3.15313005447388,1.21003913879395,-0.836985528469086,-0.0168457813560963,70
738279.50712171162012964487,58.887939453125,-2.2047643661499,12.2612161636353,0.0120410360395908,-0.00352890510112047,42.4927749633789,-71.5307312011719,1003.38891601562,883.969543457031,0.174053654074669,-2.08711171150208,119.959365844727,60.1912612915039,-3.00153303146362,1.79271554946899,-0.83586597442627,-0.0190212316811085,70
738279.50712406600359827280,58.7795600891113,-2.04711937904358,12.1720762252808,0.0120410360395908,-0.00352890510112047,42.4927520751953,-71.5305938720703,1002.89263916016,883.561462402344,-0.0282422974705696,-2.17822885513306,119.07543182373,60.0615234375,-2.88714385032654,1.36013293266296,-0.834792852401733,-0.0211813524365425,70
738279.50712637638207525015,58.7012672424316,-2.02853560447693,12.0527372360229,0.0120410360395908,-0.00352890510112047,42.492733001709,-71.5304489135742,1002.40301513672,883.16259765625,-1.2975127696991,-2.3459587097168,118.112129211426,59.9601745605469,-2.78633618354797,1.73829483985901,-0.833572506904602,-0.0233762990683317,70
738279.50712850526906549931,58.6309051513672,-1.99979627132416,11.9311809539795,0.0120410360395908,-0.00352890510112047,42.4927139282227,-71.5303115844727,1001.94445800781,882.78955078125,-1.48022437095642,-2.5764491558075,117.512306213379,59.8659782409668,-2.70516538619995,2.04405331611633,-0.832340002059937,-0.025412917137146,70
738279.50713076628744602203,58.535099029541,-1.89247798919678,11.8376617431641,0.0120410360395908,-0.00352890510112047,42.4926910400391,-71.5301742553711,1001.48974609375,882.421813964844,-1.07048165798187,-2.82520270347595,117.409118652344,59.7500610351562,-2.63392353057861,0.877491772174835,-0.831018209457397,-0.0274611040949821,70
738279.50713287841062992811,58.4360427856445,-1.62896704673767,11.8019390106201,0.0120410360395908,-0.00352890510112047,42.4926719665527,-71.5300369262695,1001.08648681641,882.102600097656,-1.31279456615448,-2.98063087463379,117.725898742676,59.6381645202637,-2.56491494178772,-2.17860960960388,-0.82958310842514,-0.0294103790074587,70
738279.50713505875319242477,58.384635925293,-1.31843268871307,11.7942304611206,0.0120410360395908,-0.00352890510112047,42.4926528930664,-71.5299072265625,1000.73516845703,881.836547851562,-2.60986590385437,-2.89240097999573,118.188179016113,59.5785827636719,-2.47444009780884,-5.48228168487549,-0.827767372131348,-0.0313697084784508,70
738279.50713726808317005634,58.3915061950684,-1.20119571685791,11.7418556213379,0.0120410360395908,-0.00352890510112047,42.4926338195801,-71.5297698974609,1000.43322753906,881.603698730469,-3.50247716903687,-2.68730473518372,118.515914916992,59.5724945068359,-2.35828995704651,-6.08096122741699,-0.825544536113739,-0.0332429371774197,70
738279.50713952037040144205,58.3836898803711,-1.21477949619293,11.599983215332,0.0120410360395908,-0.00352890510112047,42.4926147460938,-71.5296325683594,1000.11541748047,881.260864257812,-2.86215567588806,-2.56621026992798,118.661994934082,59.5373039245605,-2.22126579284668,-3.730313539505,-0.822827994823456,-0.0352152436971664,70
738279.50714176741894334555,58.3390808105469,-1.00624799728394,11.4530916213989,0.0120410360395908,-0.00352890510112047,42.4925956726074,-71.5294952392578,999.817199707031,880.938171386719,-2.33314776420593,-2.63661098480225,118.774833679199,59.4611968994141,-2.09051561355591,-2.23380446434021,-0.819926917552948,-0.0371645838022232,70
738279.50714398908894509077,58.3036155700684,-0.740866661071777,11.3830890655518,0.0120410360395908,-0.00352890510112047,42.4925765991211,-71.5293579101562,999.577453613281,880.6748046875,-2.9521381855011,-2.60115194320679,118.998100280762,59.409049987793,-1.95702874660492,-3.38608360290527,-0.816770076751709,-0.0390447564423084,70
738279.50714611168950796127,58.2942733764648,-0.738829493522644,11.3211832046509,0.0120410360395908,-0.00352890510112047,42.4925575256348,-71.5292282104492,999.37548828125,880.223510742188,-2.74302625656128,-2.53571963310242,119.210922241211,59.3880233764648,-1.81990337371826,-3.63158750534058,-0.813428997993469,-0.0407785475254059,70
738279.50714837166015058756,58.2642593383789,-0.838940322399139,11.15172290802,0.0120410360395908,-0.00352890510112047,42.4925384521484,-71.5290908813477,999.145446777344,878.546813964844,-1.06171715259552,-2.50106310844421,119.165725708008,59.3278045654297,-1.68288207054138,-0.283461838960648,-0.809710741043091,-0.0425930060446262,70
738279.50715059519279748201,58.1917419433594,-0.694472432136536,10.9436750411987,0.0120410360395908,-0.00352890510112047,42.4925193786621,-71.5289535522461,998.916259765625,876.832580566406,-0.610197305679321,-2.05304765701294,118.697402954102,59.2159194946289,-1.56652343273163,3.01152634620667,-0.805858373641968,-0.0444293394684792,70
738279.50715294142719358206,58.1217498779297,-0.616444051265717,10.8444814682007,0.0120410360395908,-0.00352890510112047,42.4925003051758,-71.5288009643555,998.702575683594,875.08251953125,-1.57237005233765,-1.34771049022675,118.000465393066,59.1279983520508,-1.45825469493866,2.79616570472717,-0.801718175411224,-0.0462884902954102,70
738279.50715522526297718287,58.0500411987305,-0.65063214302063,10.8544797897339,0.0120410360395908,-0.00352890510112047,42.4924812316895,-71.5286636352539,998.501647949219,873.407165527344,-1.64951157569885,-0.635773062705994,117.447296142578,59.0597190856934,-1.36376357078552,0.466724246740341,-0.797597229480743,-0.0480201318860054,70
738279.50715748732909560204,57.9452362060547,-0.689885914325714,10.8822212219238,0.0120410360395908,-0.00352890510112047,42.4924621582031,-71.5285263061523,998.290222167969,871.72607421875,-0.368010282516479,0.0567304491996765,117.165313720703,58.9622688293457,-1.28706622123718,-0.973974585533142,-0.79345977306366,-0.0497064106166363,70
738279.50715976068750023842,57.8172950744629,-0.568106353282928,10.842324256897,0.0120410360395908,-0.00352890510112047,42.4924430847168,-71.5283889770508,998.0888671875,870.060974121094,0.377146631479263,0.683361530303955,117.069320678711,58.8278694152832,-1.22840166091919,0.561781406402588,-0.78934234380722,-0.0513549633324146,70
738279.50716210831888020039,57.7239723205566,-0.305792152881622,10.7430295944214,0.0120410360395908,-0.00352890510112047,42.4924278259277,-71.5282440185547,997.926879882812,868.399353027344,-0.978448331356049,1.25583636760712,116.914199829102,58.715950012207,-1.16752219200134,4.13695335388184,-0.784957647323608,-0.0530239827930927,70
738279.50716436863876879215,57.6189651489258,-0.867455124855042,10.811785697937,0.0120410360395908,-0.00352890510112047,42.4924087524414,-71.5281143188477,997.739196777344,866.791564941406,-0.826568961143494,1.8508597612381,116.61124420166,58.6309852600098,-1.10391652584076,2.16703057289124,-0.780608296394348,-0.0545791275799274,70
738279.50716659403406083584,57.4390716552734,-0.320837438106537,10.9801254272461,0.0120410360395908,-0.00352890510112047,42.4923896789551,-71.5279769897461,997.529357910156,865.126098632812,0.376518368721008,2.52591419219971,116.472099304199,58.4800262451172,-1.07795000076294,-0.539007782936096,-0.776436865329742,-0.0561535358428955,70
738279.50716890720650553703,57.3428115844727,-0.255902856588364,10.9713153839111,0.0120410360395908,-0.00352890510112047,42.4923706054688,-71.52783203125,997.422241210938,863.549133300781,-1.01371276378632,3.02999544143677,116.554382324219,58.3835029602051,-1.02812564373016,2.23903226852417,-0.771876931190491,-0.0577366761863232,70
738279.50717116508167237043,57.2035751342773,-0.383253574371338,11.1125135421753,0.0120410360395908,-0.00352890510112047,42.4923515319824,-71.5276947021484,997.261047363281,861.929626464844,0.641273975372314,3.56868314743042,116.532180786133,58.2742156982422,-0.968039274215698,0.139651700854301,-0.76714426279068,-0.0593047440052032,70
738279.50717338151298463345,57.0212135314941,0.0527433082461357,11.3346948623657,0.0120410360395908,-0.00352890510112047,42.4923324584961,-71.5275650024414,997.165954589844,860.429016113281,-0.4279665350914,4.08759164810181,116.419456481934,58.1368789672852,-0.913164675235748,-2.77234840393066,-0.762505829334259,-0.0608206577599049,70
738279.50717563356738537550,56.8940238952637,0.076574832201004,11.4379501342773,0.0120410360395908,-0.00352890510112047,42.4923133850098,-71.5274276733398,997.10791015625,860.741638183594,-0.859346389770508,4.46443700790405,116.553039550781,58.0324249267578,-0.828988134860992,-1.76422154903412,-0.757383108139038,-0.0623911917209625,70
738279.50717805966269224882,56.759147644043,0.194180846214294,11.5541009902954,0.0120410360395908,-0.00352890510112047,42.4922943115234,-71.5272903442383,997.051818847656,861.16455078125,0.206730842590332,4.82622528076172,116.945808410645,57.9235343933105,-0.728038847446442,-0.56178480386734,-0.751668035984039,-0.0640948042273521,70
738279.50718038156628608704,56.6444549560547,0.487972438335419,11.7772064208984,0.0120410360395908,-0.00352890510112047,42.4922714233398,-71.5271453857422,997.054504394531,861.520202636719,-1.0744811296463,5.30420589447021,117.086303710938,57.8578872680664,-0.617863714694977,-2.10189294815063,-0.74578469991684,-0.0657837241888046,70
738279.50718270312063395977,56.5786170959473,0.285722553730011,11.8706560134888,0.0120410360395908,-0.00352890510112047,42.4922523498535,-71.5270080566406,997.058654785156,861.887145996094,-1.38103818893433,5.7987847328186,116.789558410645,57.8111915588379,-0.48983433842659,0.209048122167587,-0.739383459091187,-0.0675594210624695,70
738279.50718501198571175337,56.4665145874023,0.18493065237999,11.8876552581787,0.0120410360395908,-0.00352890510112047,42.4922294616699,-71.5268707275391,997.021301269531,862.233825683594,0.185923606157303,6.26677751541138,116.35230255127,57.7045745849609,-0.391292899847031,5.04234170913696,-0.733196556568146,-0.0693276971578598,70
738279.50718731537926942110,56.3156814575195,0.184686273336411,11.9998626708984,0.0120410360395908,-0.00352890510112047,42.4922103881836,-71.5267333984375,996.980773925781,862.680541992188,0.679669678211212,6.85733366012573,115.96949005127,57.580265045166,-0.326399773359299,6.70914316177368,-0.727143049240112,-0.071151539683342,70
738279.50718961982056498528,56.1432838439941,0.175497278571129,12.3225402832031,0.0120410360395908,-0.00352890510112047,42.4921875,-71.5265960693359,996.943176269531,863.124694824219,0.191392496228218,7.51257658004761,115.616325378418,57.4799461364746,-0.28337886929512,2.30091166496277,-0.721217930316925,-0.0729995444417,70
738279.50719174754340201616,55.9944000244141,0.00820507854223251,12.6631746292114,0.0120410360395908,-0.00352890510112047,42.4921684265137,-71.5264663696289,996.890014648438,863.52783203125,0.268849164247513,8.02102184295654,115.222160339355,57.4084396362305,-0.258713901042938,-2.0207359790802,-0.715676367282867,-0.0747865960001945,70
738279.50719397468492388725,55.8392639160156,-0.144237086176872,12.8649435043335,0.0120410360395908,-0.00352890510112047,42.4921493530273,-71.5263366699219,996.801208496094,863.905090332031,1.19664645195007,7.92660999298096,114.747100830078,57.3022766113281,-0.259690880775452,-0.841625869274139,-0.710228621959686,-0.0766789317131042,70
738279.50719611963722854853,55.6635322570801,-0.114849954843521,12.9647274017334,0.0120410360395908,-0.00352890510112047,42.4921264648438,-71.5262069702148,996.704711914062,864.270141601562,1.1953809261322,7.66357612609863,114.319648742676,57.1535301208496,-0.285293191671371,3.23046731948853,-0.705064296722412,-0.0786261036992073,70
738279.50719835271593183279,55.4977149963379,0.00680059101432562,13.121509552002,0.0120410360395908,-0.00352890510112047,42.4921035766602,-71.5260772705078,996.623657226562,864.655395507812,-0.0488473810255527,7.45665550231934,114.078987121582,57.0278053283691,-0.316789925098419,4.65933704376221,-0.699920058250427,-0.0806679427623749,70
738279.50720063888002187014,55.3694839477539,0.0455233603715897,13.3476104736328,0.0120410360395908,-0.00352890510112047,42.4920806884766,-71.5259475708008,996.55810546875,865.069519042969,-1.10821211338043,7.26870155334473,114.097412109375,56.9556007385254,-0.337143003940582,3.52382826805115,-0.694551587104797,-0.0828517377376556,70
738279.50720285309944301844,55.2597427368164,-0.0511461682617664,13.6022005081177,0.0120410360395908,-0.00352890510112047,42.492057800293,-71.5258178710938,996.485778808594,865.469665527344,-0.867269456386566,7.0923752784729,114.21662902832,56.9092407226562,-0.34686204791069,1.333860039711,-0.689208924770355,-0.0850751549005508,70
738279.50720500736497342587,55.159236907959,-0.153932228684425,13.8166007995605,0.0120410360395908,-0.00352890510112047,42.4920349121094,-71.5256958007812,996.394836425781,866.462219238281,-0.290322691202164,6.93821573257446,114.153030395508,56.8635520935059,-0.359873622655869,0.614264070987701,-0.684113740921021,-0.0873046293854713,70
738279.50720720924437046051,55.0744323730469,-0.201150476932526,13.9651355743408,0.0120410360395908,-0.00352890510112047,42.4920120239258,-71.5255661010742,996.290710449219,867.959411621094,-0.791636824607849,6.75684261322021,113.741493225098,56.8177642822266,-0.382756412029266,2.15767097473145,-0.679104924201965,-0.089644581079483,70
738279.50720941391773521900,55.026180267334,-0.470276743173599,14.0672187805176,0.0120410360395908,-0.00352890510112047,42.4919891357422,-71.5254364013672,996.156799316406,869.44580078125,-1.55074191093445,6.58782148361206,113.030784606934,56.7977867126465,-0.41652125120163,4.0694637298584,-0.67418897151947,-0.0921000689268112,70
738279.50721170089673250914,54.9455757141113,-0.718720376491547,14.2604885101318,0.0120410360395908,-0.00352890510112047,42.4919662475586,-71.5253067016602,995.969482421875,870.890563964844,-1.49220359325409,6.45655965805054,112.220596313477,56.7705421447754,-0.477387309074402,2.65279054641724,-0.669581294059753,-0.0946621149778366,70
738279.50721395132131874561,54.8066711425781,-0.889940917491913,14.5813608169556,0.0120410360395908,-0.00352890510112047,42.4919395446777,-71.5251693725586,995.725830078125,872.368408203125,-1.21631634235382,6.43840551376343,111.572998046875,56.7201843261719,-0.576494812965393,-2.04100799560547,-0.665195226669312,-0.097462959587574,70
738279.50721615215297788382,54.7016677856445,-0.891709566116333,14.8696279525757,0.0120410360395908,-0.00352890510112047,42.4919166564941,-71.5250473022461,995.485412597656,873.734558105469,-2.00129580497742,6.51703214645386,111.262481689453,56.6936798095703,-0.688855528831482,-4.46644163131714,-0.661469459533691,-0.100160129368305,70
738279.50721835612785071135,54.677188873291,-0.953929543495178,15.0445423126221,0.0120410360395908,-0.00352890510112047,42.4918899536133,-71.5249176025391,995.245910644531,875.083190917969,-3.38935685157776,6.57102632522583,111.124359130859,56.7172203063965,-0.798817157745361,-2.91204404830933,-0.657961487770081,-0.102911375463009,70
738279.50722053216304630041,54.679988861084,-1.26847517490387,15.147144317627,0.0120410360395908,-0.00352890510112047,42.4918670654297,-71.5247955322266,994.964721679688,876.417602539062,-3.33842039108276,6.52313613891602,111.009117126465,56.7533798217773,-0.908077120780945,-0.143102720379829,-0.654577970504761,-0.105804517865181,70
738279.50722270295955240726,54.6242179870605,-1.50491011142731,15.3345470428467,0.0120410360395908,-0.00352890510112047,42.4918403625488,-71.5246658325195,994.631591796875,877.661499023438,-1.91119074821472,6.48474454879761,110.872970581055,56.7557754516602,-1.03160834312439,-0.619264602661133,-0.651668429374695,-0.108716443181038,70
738279.50722492532804608345,54.5085983276367,-1.46807169914246,15.6290149688721,0.0120410360395908,-0.00352890510112047,42.4918174743652,-71.524543762207,994.279663085938,878.907775878906,-1.82026255130768,6.55598497390747,110.8505859375,56.7239685058594,-1.17319846153259,-3.49968099594116,-0.649128019809723,-0.111763909459114,70
738279.50722713011782616377,54.4243202209473,-1.47392296791077,15.8554639816284,0.0120410360395908,-0.00352890510112047,42.4917869567871,-71.5244140625,993.923217773438,880.210327148438,-2.72191572189331,6.60070562362671,111.121826171875,56.7060394287109,-1.31122350692749,-3.45012044906616,-0.646670877933502,-0.115029998123646,70
738279.50722938089165836573,54.355899810791,-1.64488852024078,15.9284286499023,0.0120410360395908,-0.00352890510112047,42.4917602539062,-71.524284362793,993.557739257812,881.447692871094,-2.06491589546204,6.47034931182861,111.632499694824,56.6655502319336,-1.42909371852875,0.437640458345413,-0.644407272338867,-0.118269130587578,70
738279.50723167427349835634,54.2439613342285,-1.68481755256653,15.9944515228271,0.0120410360395908,-0.00352890510112047,42.4917335510254,-71.5241546630859,993.150329589844,882.715393066406,-0.903083741664886,6.23975992202759,112.19115447998,56.5779838562012,-1.54806876182556,4.08253908157349,-0.642268180847168,-0.121765650808811,70
738279.50723375822417438030,54.1186408996582,-1.52775239944458,16.1528186798096,0.0120410360395908,-0.00352890510112047,42.4917068481445,-71.5240325927734,992.785522460938,882.403625488281,-1.76824927330017,6.08031988143921,112.56795501709,56.4984512329102,-1.64761435985565,3.98847508430481,-0.640397310256958,-0.125095099210739,70
738279.50723594531882554293,54.0266799926758,-1.54107582569122,16.3731594085693,0.0120410360395908,-0.00352890510112047,42.4916801452637,-71.5239105224609,992.444152832031,881.241577148438,-3.37857985496521,5.95654106140137,112.820404052734,56.4742202758789,-1.71866202354431,1.38313949108124,-0.638474345207214,-0.128459438681602,70
738279.50723816803656518459,53.9517478942871,-1.72596943378448,16.5401630401611,0.0120410360395908,-0.00352890510112047,42.4916534423828,-71.5237884521484,992.051513671875,880.055114746094,-3.08327126502991,5.74274349212646,113.092918395996,56.4565925598145,-1.77624952793121,0.930915772914886,-0.636416733264923,-0.132158845663071,70
738279.50724035000894218683,53.8940582275391,-1.69185650348663,16.6620845794678,0.0120410360395908,-0.00352890510112047,42.491626739502,-71.5236587524414,991.6572265625,878.895568847656,-2.76623511314392,5.52724170684814,113.343330383301,56.4363098144531,-1.83199739456177,2.38689851760864,-0.634579539299011,-0.135807171463966,70
738279.50724251486826688051,53.8752136230469,-1.64928412437439,16.8406105041504,0.0120410360395908,-0.00352890510112047,42.4915962219238,-71.5235366821289,991.276306152344,877.752258300781,-4.12846994400024,5.41784763336182,113.375068664551,56.4700355529785,-1.87971830368042,1.80523252487183,-0.63278466463089,-0.139545574784279,70
738279.50724478927440941334,53.8773994445801,-1.94569444656372,17.0711479187012,0.0120410360395908,-0.00352890510112047,42.491569519043,-71.5234069824219,990.862243652344,876.568298339844,-4.88767528533936,5.41334867477417,113.028205871582,56.5507202148438,-1.92013549804688,-0.916402041912079,-0.630991280078888,-0.143434971570969,70
738279.50724698591511696577,53.8520431518555,-2.29278755187988,17.2666606903076,0.0120410360395908,-0.00352890510112047,42.4915390014648,-71.5232849121094,990.380310058594,875.320495605469,-3.84832763671875,5.42333364486694,112.42699432373,56.5989151000977,-1.9819757938385,-2.02339386940002,-0.629530370235443,-0.147400066256523,70
738279.50724923121742904186,53.7859306335449,-2.43321537971497,17.3552894592285,0.0120410360395908,-0.00352890510112047,42.491512298584,-71.5231552124023,989.851196289062,874.029602050781,-2.62934637069702,5.39125537872314,111.95532989502,56.5690116882324,-2.08063960075378,0.741116166114807,-0.628585994243622,-0.151447519659996,70
738279.50725150015205144882,53.6998748779297,-2.3693699836731,17.4129447937012,0.0120410360395908,-0.00352890510112047,42.4914817810059,-71.5230255126953,989.309753417969,872.71630859375,-2.59180545806885,5.32590818405151,111.967422485352,56.5022239685059,-2.20110392570496,4.18886232376099,-0.628014504909515,-0.155651986598969,70
738279.50725371041335165501,53.6320304870605,-2.29658532142639,17.5289878845215,0.0120410360395908,-0.00352890510112047,42.4914512634277,-71.5229034423828,988.794372558594,871.444702148438,-3.15585231781006,5.22371292114258,112.491279602051,56.4706535339355,-2.30998396873474,4.97209310531616,-0.627563118934631,-0.159865140914917,70
738279.50725598027929663658,53.5662040710449,-2.36025166511536,17.7223205566406,0.0120410360395908,-0.00352890510112047,42.4914207458496,-71.5227737426758,988.274108886719,870.166381835938,-2.98029780387878,5.06737422943115,113.199417114258,56.4711380004883,-2.39807367324829,2.93765640258789,-0.627098679542542,-0.164186805486679,70
738279.50725820800289511681,53.496410369873,-2.53576397895813,17.8797817230225,0.0120410360395908,-0.00352890510112047,42.4913902282715,-71.5226516723633,987.729309082031,868.868774414062,-1.98951554298401,4.85712957382202,113.695594787598,56.4622230529785,-2.47431373596191,2.00230836868286,-0.626715123653412,-0.168571680784225,70
738279.50726049626246094704,53.4055366516113,-2.73974585533142,18.0306949615479,0.0120410360395908,-0.00352890510112047,42.4913597106934,-71.5225219726562,987.140075683594,867.523620605469,-0.993764817714691,4.65822696685791,113.738960266113,56.433708190918,-2.55630779266357,1.08845913410187,-0.626571714878082,-0.173087820410728,70
738279.50726269977167248726,53.3139381408691,-2.88822293281555,18.1599788665771,0.0120410360395908,-0.00352890510112047,42.4913291931152,-71.5223999023438,986.525451660156,866.341674804688,-1.06052839756012,4.49944972991943,113.280136108398,56.3959465026855,-2.65093278884888,0.751796245574951,-0.62676602602005,-0.17760905623436,70
738279.50726493436377495527,53.2536964416504,-2.99403285980225,18.2600326538086,0.0120410360395908,-0.00352890510112047,42.4912986755371,-71.5222702026367,985.892822265625,865.610412597656,-2.29617929458618,4.35385847091675,112.499038696289,56.3768501281738,-2.75631022453308,1.30610835552216,-0.627277970314026,-0.182159662246704,70
738279.50726712530013173819,53.2270698547363,-3.16712021827698,18.3475074768066,0.0120410360395908,-0.00352890510112047,42.491268157959,-71.5221481323242,985.23583984375,864.857116699219,-3.5587842464447,4.17592525482178,111.67845916748,56.3895606994629,-2.86788487434387,1.93226110935211,-0.628068566322327,-0.186783194541931,70
738279.50726944918278604746,53.2008972167969,-3.45326232910156,18.4506397247314,0.0120410360395908,-0.00352890510112047,42.4912338256836,-71.5220184326172,984.509338378906,864.061279296875,-3.37836956977844,3.9481565952301,111.027450561523,56.4153022766113,-2.99440598487854,1.74937975406647,-0.629243552684784,-0.191628843545914,70
738279.50727176561485975981,53.1601791381836,-3.61230874061584,18.5896091461182,0.0120410360395908,-0.00352890510112047,42.4912033081055,-71.5218887329102,983.724975585938,863.62109375,-2.83425402641296,3.79236507415771,110.568450927734,56.4324989318848,-3.14337992668152,0.786048650741577,-0.630928158760071,-0.196626648306847,70
738279.50727403792552649975,53.1429252624512,-3.69037246704102,18.7059650421143,0.0120410360395908,-0.00352890510112047,42.4911689758301,-71.5217590332031,982.93505859375,863.172790527344,-3.59693741798401,3.74333786964417,110.17219543457,56.4597396850586,-3.29916572570801,0.930103719234467,-0.632983863353729,-0.201592206954956,70
738279.50727627228479832411,53.1547775268555,-3.89870643615723,18.7682495117188,0.0120410360395908,-0.00352890510112047,42.491138458252,-71.5216369628906,982.137329101562,862.710754394531,-4.47381401062012,3.70163440704346,109.817016601562,56.5055541992188,-3.44919610023499,2.46491169929504,-0.635275840759277,-0.206504583358765,70
738279.50727860443294048309,53.1254577636719,-4.23702716827393,18.8419742584229,0.0120410360395908,-0.00352890510112047,42.4911041259766,-71.5215072631836,981.250183105469,862.174011230469,-3.64051413536072,3.59950613975525,109.664070129395,56.5268669128418,-3.61199641227722,2.86027860641479,-0.6380615234375,-0.21168564260006,70
738279.50728089653421193361,53.0025901794434,-4.38460493087769,19.0180511474609,0.0120410360395908,-0.00352890510112047,42.4910697937012,-71.5213775634766,980.30810546875,861.582824707031,-1.72105240821838,3.57869935035706,109.875877380371,56.4817314147949,-3.79529118537903,-0.237997815012932,-0.641416251659393,-0.216878145933151,70
738279.50728321494534611702,52.8795738220215,-4.26833438873291,19.2780017852783,0.0120410360395908,-0.00352890510112047,42.491039276123,-71.5212478637695,979.379638671875,861.012634277344,-2.52784729003906,3.67481446266174,110.29305267334,56.4456329345703,-3.97963953018188,-4.79375457763672,-0.645171761512756,-0.222145110368729,70
738279.50728551298379898071,52.8724174499512,-4.44415616989136,19.4096069335938,0.0120410360395908,-0.00352890510112047,42.4910049438477,-71.521125793457,978.457641601562,860.449768066406,-3.77208280563354,3.63924407958984,110.548515319824,56.4975738525391,-4.13412952423096,-4.52612209320068,-0.648972868919373,-0.227410420775414,70
738279.50728785479441285133,52.9133262634277,-4.74622678756714,19.3999996185303,0.0120410360395908,-0.00352890510112047,42.4909706115723,-71.52099609375,977.461181640625,859.819946289062,-3.51518392562866,3.3842761516571,110.413383483887,56.5571098327637,-4.28174114227295,-0.275009006261826,-0.653109192848206,-0.232849687337875,70
738279.50729019846767187119,52.9473114013672,-4.78554725646973,19.4028587341309,0.0120410360395908,-0.00352890510112047,42.4909362792969,-71.5208587646484,976.412841796875,859.144226074219,-4.26252365112305,3.09916234016418,109.990547180176,56.5931968688965,-4.44013786315918,2.72802925109863,-0.657769381999969,-0.238459751009941,70
738279.50729262246750295162,52.9710998535156,-4.79749155044556,19.5710105895996,0.0120410360395908,-0.00352890510112047,42.4908981323242,-71.5207290649414,975.348327636719,858.573547363281,-6.54221296310425,2.97186326980591,109.66951751709,56.6743125915527,-4.59171152114868,-0.156983390450478,-0.662781536579132,-0.244253799319267,70
738279.50729501782916486263,53.0069923400879,-5.09102869033813,19.7408275604248,0.0120410360395908,-0.00352890510112047,42.4908638000488,-71.5205917358398,974.242736816406,858.261169433594,-6.57005929946899,2.9001886844635,109.742462158203,56.7922515869141,-4.72855997085571,-2.48623180389404,-0.667996168136597,-0.250101298093796,70
738279.50729729339946061373,53.0643196105957,-5.18315029144287,19.8110065460205,0.0120410360395908,-0.00352890510112047,42.4908294677734,-71.5204696655273,973.163879394531,857.929931640625,-5.59675788879395,2.82390832901001,110.067863464355,56.8784942626953,-4.86305093765259,-0.886770963668823,-0.673267424106598,-0.255624055862427,70
738279.50729960401076823473,53.128475189209,-5.16275215148926,19.898509979248,0.0120410360395908,-0.00352890510112047,42.490795135498,-71.5203399658203,972.061767578125,857.594177246094,-6.28365755081177,2.83095049858093,110.462280273438,56.9670028686523,-4.99803829193115,-0.0400125980377197,-0.678925812244415,-0.261345684528351,70
738279.50730197899974882603,53.1678733825684,-5.38261890411377,20.0764751434326,0.0120410360395908,-0.00352890510112047,42.4907569885254,-71.5202026367188,970.909484863281,857.232604980469,-6.62552833557129,2.93083310127258,110.880615234375,57.0864295959473,-5.12219572067261,-2.50030493736267,-0.684887528419495,-0.267294257879257,70
738279.50730426702648401260,53.2016220092773,-5.62903690338135,20.1803150177002,0.0120410360395908,-0.00352890510112047,42.49072265625,-71.5200729370117,969.728637695312,856.828735351562,-5.14567136764526,2.95515918731689,111.313369750977,57.1781768798828,-5.24738931655884,-2.02606868743896,-0.69104790687561,-0.273147284984589,70
738279.50730668683536350727,53.2138748168945,-5.84371042251587,20.2084941864014,0.0120410360395908,-0.00352890510112047,42.4906845092773,-71.5199356079102,968.442016601562,856.359985351562,-3.65268683433533,2.83706331253052,111.625625610352,57.2210502624512,-5.39522552490234,0.576937913894653,-0.697999000549316,-0.279395282268524,70
738279.50730903411749750376,53.209342956543,-5.97217893600464,20.2079544067383,0.0120410360395908,-0.00352890510112047,42.4906463623047,-71.5198059082031,967.146057128906,855.86572265625,-3.20848536491394,2.37122225761414,111.722465515137,57.229907989502,-5.55294990539551,3.12804794311523,-0.705283761024475,-0.28554180264473,70
738279.50731132028158754110,53.2331695556641,-5.99595785140991,20.2009201049805,0.0120410360395908,-0.00352890510112047,42.4906120300293,-71.5196762084961,965.882446289062,855.375061035156,-4.22187566757202,1.2337372303009,111.657684326172,57.2520637512207,-5.70600271224976,4.68082714080811,-0.712650239467621,-0.29151663184166,70
738279.50731359189376235008,53.3267517089844,-6.01799964904785,20.1800193786621,0.0120410360395908,-0.00352890510112047,42.4905776977539,-71.5195465087891,964.618041992188,854.8837890625,-6.06435966491699,-0.276878833770752,111.488746643066,57.3340377807617,-5.84549140930176,5.4136381149292,-0.720199227333069,-0.297540813684464,70
738279.50731660833116620779,53.4349060058594,-6.42936134338379,20.2598609924316,0.0120410360395908,-0.00352890510112047,42.490535736084,-71.5193939208984,963.126831054688,854.270935058594,-6.36935949325562,-2.85291409492493,111.116973876953,57.5072822570801,-5.99020290374756,1.44018495082855,-0.729009747505188,-0.30449840426445,70
738279.50731895363423973322,53.5137596130371,-6.70121765136719,20.3573913574219,0.0120410360395908,-0.00352890510112047,42.4904937744141,-71.5192489624023,961.52294921875,852.415588378906,-5.53629112243652,-5.23538637161255,110.461708068848,57.6459197998047,-6.16163396835327,-4.46215295791626,-0.738642334938049,-0.311564415693283,70
738279.50732138857711106539,53.6237449645996,-6.71722221374512,20.2325744628906,0.0120410360395908,-0.00352890510112047,42.4904556274414,-71.5191116333008,960.046569824219,850.710327148438,-6.32872581481934,-7.25428628921509,110.087738037109,57.7060165405273,-6.33431434631348,-4.97202157974243,-0.747934937477112,-0.317963898181915,70
738279.50732375448569655418,53.7988548278809,-6.78635454177856,19.9013652801514,0.0120410360395908,-0.00352890510112047,42.490421295166,-71.5189743041992,958.55517578125,848.983154296875,-6.87468576431274,-8.90500164031982,110.406463623047,57.761890411377,-6.49888753890991,-1.10216069221497,-0.757558465003967,-0.324444383382797,70
738279.50732607417739927769,53.9691543579102,-6.93331623077393,19.5523719787598,0.0120410360395908,-0.00352890510112047,42.4903869628906,-71.5188446044922,957.125549316406,847.324768066406,-5.81640481948853,-8.97595024108887,111.238021850586,57.8189888000488,-6.64060974121094,2.13068747520447,-0.766822576522827,-0.33054107427597,70
738279.50732839992269873619,54.1165618896484,-6.97144985198975,19.3244037628174,0.0120410360395908,-0.00352890510112047,42.490348815918,-71.5187072753906,955.649780273438,845.610473632812,-4.9680323600769,-9.06353378295898,112.018157958984,57.8846778869629,-6.77833223342896,0.205213248729706,-0.776498079299927,-0.336742728948593,70
738279.50733066094107925892,54.2632904052734,-6.92366790771484,19.2080726623535,0.0120410360395908,-0.00352890510112047,42.4903182983398,-71.5185775756836,954.190063476562,843.909973144531,-6.6838059425354,-9.07532405853271,112.21216583252,57.9775123596191,-6.8999400138855,-5.15435647964478,-0.786269068717957,-0.342884838581085,70
738279.50733291660435497761,54.4376754760742,-7.07207059860229,18.9818534851074,0.0120410360395908,-0.00352890510112047,42.4902839660645,-71.5184478759766,952.751647949219,842.232238769531,-8.22193908691406,-9.18674659729004,112.112861633301,58.0842971801758,-6.99720191955566,-5.27755641937256,-0.795862019062042,-0.348847270011902,70
738279.50733521964866667986,54.6305770874023,-7.16641902923584,18.5666122436523,0.0120410360395908,-0.00352890510112047,42.4902496337891,-71.5183181762695,951.264038085938,840.495666503906,-7.7884693145752,-9.45046806335449,112.397605895996,58.1427268981934,-7.08998584747314,-0.485176205635071,-0.805758237838745,-0.354837715625763,70
738279.50733750755898654461,54.8372764587402,-7.01620101928711,18.1859722137451,0.0120410360395908,-0.00352890510112047,42.4902191162109,-71.518180847168,949.787780761719,839.271850585938,-7.45438766479492,-9.6353588104248,113.297264099121,58.1986541748047,-7.17697763442993,0.991255164146423,-0.8157958984375,-0.360747575759888,70
738279.50733977276831865311,55.044116973877,-6.93193864822388,17.9620933532715,0.0120410360395908,-0.00352890510112047,42.4901885986328,-71.5180511474609,948.376342773438,838.406921386719,-7.99408006668091,-9.63199710845947,114.371109008789,58.3141784667969,-7.23638439178467,-1.65913307666779,-0.825501680374146,-0.366427272558212,70
738279.50734202272724360228,55.2330932617188,-7.19755220413208,17.7115650177002,0.0120410360395908,-0.00352890510112047,42.4901580810547,-71.5179214477539,946.915222167969,837.500549316406,-7.40920686721802,-9.6755895614624,115.09171295166,58.4482574462891,-7.27497482299805,-1.19228804111481,-0.835300445556641,-0.372125864028931,70
738279.50734420306980609894,55.3835487365723,-7.33085346221924,17.3665618896484,0.0120410360395908,-0.00352890510112047,42.4901275634766,-71.5177993774414,945.488891601562,836.595581054688,-5.98018503189087,-9.86185932159424,115.352310180664,58.5036430358887,-7.32088422775269,1.58523225784302,-0.844786524772644,-0.377411663532257,70
738279.50734643975738435984,55.5276184082031,-7.21212768554688,17.042329788208,0.0120410360395908,-0.00352890510112047,42.4900970458984,-71.5176620483398,943.987915039062,835.640930175781,-6.09305191040039,-9.97658252716064,115.50341796875,58.5300979614258,-7.38065958023071,1.00767171382904,-0.855033338069916,-0.38291609287262,70
738279.50734865805134177208,55.6655769348145,-7.22962522506714,16.8576850891113,0.0120410360395908,-0.00352890510112047,42.4900703430176,-71.5175323486328,942.544372558594,834.725219726562,-6.74405670166016,-9.95317459106445,115.713439941406,58.6097755432129,-7.42861270904541,-2.54356384277344,-0.864988684654236,-0.38814315199852,70
738279.50735091546084731817,55.7968368530273,-7.52522087097168,16.6782073974609,0.0120410360395908,-0.00352890510112047,42.4900436401367,-71.5174026489258,941.044860839844,833.759216308594,-5.68556070327759,-9.89670181274414,115.787406921387,58.7203407287598,-7.47278070449829,-4.0023365020752,-0.875141203403473,-0.393329977989197,70
738279.50735316425561904907,55.950122833252,-7.57413721084595,16.3338680267334,0.0120410360395908,-0.00352890510112047,42.4900131225586,-71.5172653198242,939.489013671875,832.740356445312,-4.91314268112183,-9.96054935455322,115.389556884766,58.7756652832031,-7.53667306900024,-1.66148841381073,-0.885739803314209,-0.398469984531403,70
738279.50735571363475173712,56.1160087585449,-7.60610198974609,15.9754991531372,0.0120410360395908,-0.00352890510112047,42.4899826049805,-71.5171279907227,937.853881835938,831.6650390625,-6.33636665344238,-10.1684522628784,114.578659057617,58.8394050598145,-7.61323070526123,-0.585640370845795,-0.897118747234344,-0.403779804706573,70
738279.50735809060279279947,56.2595291137695,-7.87487697601318,15.705774307251,0.0120410360395908,-0.00352890510112047,42.4899520874023,-71.516975402832,936.074340820312,830.477172851562,-6.29800319671631,-10.4644203186035,113.814186096191,58.9391174316406,-7.69913053512573,-2.16875290870667,-0.909453690052032,-0.409272074699402,70
738279.50736042403150349855,56.4090042114258,-7.87484836578369,15.3601188659668,0.0120410360395908,-0.00352890510112047,42.4899253845215,-71.5168380737305,934.371398925781,829.326232910156,-5.57647609710693,-10.8050422668457,113.439277648926,58.9908676147461,-7.79662609100342,-2.04815721511841,-0.921413064002991,-0.414257347583771,70
738279.50736269506160169840,56.6258888244629,-7.6108341217041,14.8538551330566,0.0120410360395908,-0.00352890510112047,42.4898986816406,-71.5167007446289,932.748291015625,828.23486328125,-7.32569694519043,-11.264500617981,113.316581726074,59.0343360900879,-7.88551425933838,1.22251570224762,-0.933177649974823,-0.418973505496979,70
738279.50736498320475220680,56.789924621582,-7.9394211769104,14.5264596939087,0.0120410360395908,-0.00352890510112047,42.4898719787598,-71.5165634155273,931.139892578125,827.147888183594,-8.04405498504639,-11.8185787200928,113.433547973633,59.1535949707031,-7.94291067123413,1.34400117397308,-0.944678485393524,-0.423515141010284,70
738279.50736730301287025213,56.9035224914551,-7.98801708221436,14.3040056228638,0.0120410360395908,-0.00352890510112047,42.4898490905762,-71.5164260864258,929.507446289062,826.159912109375,-6.07801151275635,-12.0423965454102,113.818962097168,59.2150650024414,-8.00585460662842,-2.87738013267517,-0.956183910369873,-0.427829444408417,70
738279.50736959499772638083,57.066032409668,-7.74972772598267,13.9555406570435,0.0120410360395908,-0.00352890510112047,42.4898262023926,-71.5162887573242,927.870483398438,825.754699707031,-6.49981212615967,-12.0311059951782,114.438827514648,59.2566223144531,-8.07004737854004,-4.62047910690308,-0.968120694160461,-0.432110846042633,70
738279.50737195170950144529,57.2544364929199,-7.93612098693848,13.4693393707275,0.0120410360395908,-0.00352890510112047,42.4897994995117,-71.5161514282227,926.210693359375,825.349609375,-6.59777307510376,-12.092679977417,115.040313720703,59.3504486083984,-8.10973358154297,-0.123669788241386,-0.980121254920959,-0.436317622661591,70
738279.50737432809546589851,57.4364852905273,-8.07852363586426,12.9547328948975,0.0120410360395908,-0.00352890510112047,42.4897766113281,-71.5160064697266,924.461853027344,824.890258789062,-5.37178754806519,-12.336163520813,115.262428283691,59.4309463500977,-8.15243625640869,3.35624527931213,-0.992579281330109,-0.440471142530441,70
738279.50737661554012447596,57.574951171875,-8.08001518249512,12.6110019683838,0.0120410360395908,-0.00352890510112047,42.4897537231445,-71.5158615112305,922.781433105469,824.443176269531,-5.68555402755737,-12.4816303253174,115.042381286621,59.4911689758301,-8.20398616790771,0.41911119222641,-1.00470900535583,-0.444257795810699,70
738279.50737881835084408522,57.7192497253418,-7.99296045303345,12.341833114624,0.0120410360395908,-0.00352890510112047,42.4897346496582,-71.5157318115234,921.156005859375,824.019592285156,-7.16199016571045,-12.4978437423706,114.70654296875,59.5627403259277,-8.25275230407715,-4.22849798202515,-1.01660180091858,-0.447776108980179,70
738279.50738111359532922506,57.8933601379395,-7.93120336532593,12.0520601272583,0.0120410360395908,-0.00352890510112047,42.4897117614746,-71.5155944824219,919.546752929688,822.724975585938,-8.33128356933594,-12.4326705932617,114.655624389648,59.6640357971191,-8.28723526000977,-6.87883472442627,-1.02844452857971,-0.451140224933624,70
738279.50738333130721002817,58.080680847168,-7.8780198097229,11.6392421722412,0.0120410360395908,-0.00352890510112047,42.4896926879883,-71.5154571533203,917.93359375,820.8623046875,-8.10883045196533,-12.4341430664062,115.134178161621,59.7570114135742,-8.30525970458984,-5.43494749069214,-1.04027771949768,-0.454371511936188,70
738279.50738565844949334860,58.2945861816406,-7.70919227600098,11.126766204834,0.0120410360395908,-0.00352890510112047,42.489673614502,-71.5153121948242,916.276916503906,818.945190429688,-7.84702205657959,-12.5466947555542,116.023208618164,59.8455963134766,-8.30659675598145,-2.85465502738953,-1.05245578289032,-0.457573741674423,70
738279.50738801655825227499,58.5391845703125,-7.57210445404053,10.6873836517334,0.0120410360395908,-0.00352890510112047,42.4896545410156,-71.5151672363281,914.645385742188,817.050048828125,-8.85561370849609,-12.6482954025269,116.778129577637,59.9866065979004,-8.28111839294434,-3.22472715377808,-1.06445586681366,-0.460618168115616,70
738279.50739036442246288061,58.7283592224121,-7.75517845153809,10.3072900772095,0.0120410360395908,-0.00352890510112047,42.4896354675293,-71.5150146484375,912.988830566406,815.126342773438,-8.46986484527588,-12.643256187439,117.170745849609,60.1282234191895,-8.23646926879883,-3.09854650497437,-1.07632565498352,-0.463491171598434,70
738279.50739266665186733007,58.8676834106445,-7.73425769805908,9.78002071380615,0.0120410360395908,-0.00352890510112047,42.489616394043,-71.5148773193359,911.370178222656,813.53857421875,-6.90525150299072,-12.7379217147827,117.491027832031,60.1736793518066,-8.20561599731445,0.450953662395477,-1.08783197402954,-0.46606582403183,70
738279.50739492825232446194,59.0172729492188,-7.42882633209229,9.24470043182373,0.0120410360395908,-0.00352890510112047,42.4896011352539,-71.5147323608398,909.808471679688,812.183898925781,-7.01140785217285,-12.8225374221802,118.01953125,60.1970977783203,-8.17861080169678,1.31249284744263,-1.09919536113739,-0.468430638313293,70
738279.50739715807139873505,59.1747741699219,-7.31786060333252,8.89123630523682,0.0120410360395908,-0.00352890510112047,42.4895858764648,-71.5145950317383,908.308044433594,810.884948730469,-7.51784896850586,-11.8743753433228,118.654609680176,60.2848167419434,-8.12842559814453,-1.58551585674286,-1.110111951828,-0.470580339431763,70
738279.50739946553949266672,59.3151626586914,-7.35081338882446,8.58838272094727,0.0120410360395908,-0.00352890510112047,42.4895706176758,-71.5144500732422,906.773193359375,809.554016113281,-6.78055334091187,-9.31345844268799,119.105545043945,60.3828048706055,-8.05988693237305,-2.96483039855957,-1.12101030349731,-0.472588181495667,70
738279.50740159593988209963,59.4130516052246,-7.27064085006714,8.2780647277832,0.0120410360395908,-0.00352890510112047,42.489559173584,-71.5143203735352,905.327514648438,808.298278808594,-6.11865901947021,-7.37327766418457,119.23876953125,60.4259834289551,-7.99669075012207,-1.51627397537231,-1.13118541240692,-0.474291115999222,70
738279.50740385276731103659,59.5124816894531,-7.00781202316284,7.93960666656494,0.0120410360395908,-0.00352890510112047,42.4895439147949,-71.5141754150391,903.885925292969,807.048156738281,-6.78823518753052,-7.35219383239746,119.304992675781,60.4473533630371,-7.9293041229248,0.650854349136353,-1.14143204689026,-0.475860446691513,70
738279.50740609783679246902,59.6329917907715,-6.81153726577759,7.65977478027344,0.0120410360395908,-0.00352890510112047,42.4895324707031,-71.5140380859375,902.475219726562,805.828857421875,-7.4097056388855,-7.28911256790161,119.584815979004,60.5075454711914,-7.84114074707031,0.756289482116699,-1.1514390707016,-0.477270513772964,70
738279.50740831869188696146,59.7333908081055,-6.72637224197388,7.47803592681885,0.0120410360395908,-0.00352890510112047,42.4895172119141,-71.5139007568359,901.102233886719,804.6435546875,-6.49799823760986,-6.8779501914978,120.052658081055,60.5742797851562,-7.73508214950562,-1.05964326858521,-1.16095852851868,-0.478494197130203,70
738279.50741057388950139284,59.8452529907227,-6.39659643173218,7.31610059738159,0.0120410360395908,-0.00352890510112047,42.4895057678223,-71.5137557983398,899.746215820312,803.4765625,-6.18748712539673,-6.31394672393799,120.383926391602,60.6291694641113,-7.6177134513855,-3.35431265830994,-1.17029345035553,-0.479572534561157,70
738279.50741278904024511576,59.9776954650879,-6.20823764801025,7.02694988250732,0.0120410360395908,-0.00352890510112047,42.4894943237305,-71.5136184692383,898.478942871094,802.393432617188,-7.78863573074341,-5.91119480133057,120.364852905273,60.7062110900879,-7.47771787643433,-0.488157212734222,-1.17896723747253,-0.480478584766388,70
738279.50741498789284378290,60.0581855773926,-6.32167720794678,6.79958200454712,0.0120410360395908,-0.00352890510112047,42.4894828796387,-71.5134811401367,897.2119140625,801.306945800781,-6.72657251358032,-5.8810019493103,120.278526306152,60.7715682983398,-7.32742929458618,1.18388545513153,-1.18717169761658,-0.481238335371017,70
738279.50741723936516791582,60.1446075439453,-6.00482797622681,6.63611268997192,0.0120410360395908,-0.00352890510112047,42.4894714355469,-71.5133361816406,895.932250976562,800.211486816406,-5.90014410018921,-5.77420377731323,120.288864135742,60.8068237304688,-7.18643045425415,-0.574176430702209,-1.19546031951904,-0.48187780380249,70
738279.50741943542379885912,60.266731262207,-5.8428258895874,6.41243362426758,0.0120410360395908,-0.00352890510112047,42.4894638061523,-71.5131988525391,894.730163574219,799.189453125,-6.89860486984253,-5.71107292175293,120.213653564453,60.8879051208496,-7.03988552093506,0.512271046638489,-1.20323145389557,-0.482374787330627,70
738279.50742169329896569252,60.3579521179199,-6.0386962890625,6.13943338394165,0.0120410360395908,-0.00352890510112047,42.4894523620605,-71.513053894043,893.5185546875,798.154968261719,-6.03650712966919,-5.80516719818115,119.871078491211,60.9691772460938,-6.89397192001343,3.96388006210327,-1.21065020561218,-0.48274901509285,70
738279.50742391950916498899,60.3948211669922,-5.96117162704468,5.9841480255127,0.0120410360395908,-0.00352890510112047,42.4894409179688,-71.5129089355469,892.269287109375,797.084350585938,-4.77976608276367,-5.88100385665894,119.349662780762,60.9826202392578,-6.77531909942627,2.04617142677307,-1.21823334693909,-0.483006119728088,70
738279.50742610695306211710,60.4184265136719,-5.65714359283447,5.93164968490601,0.0120410360395908,-0.00352890510112047,42.4894332885742,-71.5127716064453,891.075744628906,796.067138671875,-5.37098836898804,-5.8563084602356,119.026550292969,60.9719123840332,-6.67416381835938,-3.06933975219727,-1.22565400600433,-0.483137845993042,70
738279.50742841977626085281,60.4748573303223,-5.49165487289429,5.84829425811768,0.0120410360395908,-0.00352890510112047,42.4894218444824,-71.5126266479492,889.906982421875,795.078002929688,-5.81340789794922,-5.815016746521,119.099540710449,61.0046653747559,-6.55981302261353,-5.73268890380859,-1.23284482955933,-0.483157575130463,70
738279.50743067823350429535,60.5275230407715,-5.38501405715942,5.59830760955811,0.0120410360395908,-0.00352890510112047,42.4894142150879,-71.5124816894531,888.767333984375,794.115051269531,-4.95097494125366,-5.89937448501587,119.39623260498,61.0239334106445,-6.43634557723999,-2.9374098777771,-1.23961079120636,-0.483075201511383,70
738279.50743308884557336569,60.5701599121094,-5.16695022583008,5.33071231842041,0.0120410360395908,-0.00352890510112047,42.4894027709961,-71.5123291015625,887.609680175781,793.140625,-4.91684246063232,-6.05746793746948,119.649391174316,61.0234222412109,-6.29999303817749,-1.49742114543915,-1.24636816978455,-0.482880771160126,70
738279.50743538641836494207,60.6102142333984,-4.93706607818604,5.14584827423096,0.0120410360395908,-0.00352890510112047,42.4893951416016,-71.5121841430664,886.514221191406,792.223266601562,-5.31541538238525,-6.15404939651489,119.821128845215,61.0282936096191,-6.15532302856445,-2.99093890190125,-1.25258076190948,-0.482584357261658,70
738279.50743761204648762941,60.6415100097656,-4.73879766464233,4.98693466186523,0.0120410360395908,-0.00352890510112047,42.489387512207,-71.5120391845703,885.513549804688,791.390808105469,-5.32464742660522,-5.98326969146729,120.073211669922,61.0304756164551,-6.00521659851074,-4.4512095451355,-1.25806701183319,-0.482206523418427,70
738279.50743986188899725676,60.6372947692871,-4.57064533233643,4.79258251190186,0.0120410360395908,-0.00352890510112047,42.4893798828125,-71.5118942260742,884.524108886719,790.572021484375,-4.3835506439209,-5.17022132873535,120.55736541748,60.9978790283203,-5.84113597869873,-4.03027772903442,-1.26324284076691,-0.481723010540009,70
738279.50744213955476880074,60.5939254760742,-4.30202150344849,4.54572248458862,0.0120410360395908,-0.00352890510112047,42.489372253418,-71.5117492675781,883.578857421875,789.794982910156,-3.4542407989502,-4.1595196723938,121.240333557129,60.9162940979004,-5.67043447494507,-1.53259289264679,-1.2679899930954,-0.481145977973938,70
738279.50744445098098367453,60.5637893676758,-3.90382480621338,4.31251096725464,0.0120410360395908,-0.00352890510112047,42.4893646240234,-71.511604309082,882.675659179688,789.062377929688,-3.77579545974731,-2.98721504211426,121.933586120605,60.8425025939941,-5.47939395904541,0.588188648223877,-1.27232241630554,-0.480454742908478,70
738279.50744668196421116590,60.5607719421387,-3.80302762985229,4.28191757202148,0.0120410360395908,-0.00352890510112047,42.4893569946289,-71.5114593505859,881.849365234375,788.402099609375,-4.36951112747192,-0.553701817989349,122.339797973633,60.8309555053711,-5.26709365844727,-1.60830950737,-1.27588045597076,-0.479675471782684,70
738279.50744894810486584902,60.5058288574219,-3.76390790939331,4.35003519058228,0.0120410360395908,-0.00352890510112047,42.4893493652344,-71.5113220214844,881.054138183594,787.765869140625,-2.90059328079224,2.38957285881042,122.469718933105,60.7786560058594,-5.06499004364014,-3.09120059013367,-1.27888333797455,-0.478841692209244,70
738279.50745111983269453049,60.4321517944336,-3.2704381942749,4.38871335983276,0.0120410360395908,-0.00352890510112047,42.4893455505371,-71.5111770629883,880.306213378906,787.181091308594,-3.12838244438171,5.24474954605103,122.615364074707,60.6794967651367,-4.86644887924194,0.156914845108986,-1.28163063526154,-0.477913796901703,70
738279.50745337386615574360,60.3984832763672,-3.12709665298462,4.51488780975342,0.0120410360395908,-0.00352890510112047,42.4893379211426,-71.5110397338867,879.630493164062,786.666687011719,-3.54247856140137,8.00417137145996,122.826530456543,60.6476707458496,-4.65325975418091,2.09285855293274,-1.2837108373642,-0.47694006562233,70
738279.50745562452357262373,60.3443946838379,-3.10830211639404,4.87460136413574,0.0120410360395908,-0.00352890510112047,42.489330291748,-71.5108947753906,878.937805175781,786.142578125,-2.43364572525024,10.9394912719727,122.861473083496,60.6207008361816,-4.43231582641602,-0.359671354293823,-1.28538858890533,-0.475882261991501,70
738279.50745785457547754049,60.2488861083984,-2.90206956863403,5.33123826980591,0.0120410360395908,-0.00352890510112047,42.4893226623535,-71.5107498168945,878.281982421875,785.721069335938,-2.22667789459229,13.9782361984253,122.68766784668,60.5538787841797,-4.23115921020508,-0.700787365436554,-1.28675746917725,-0.474814504384995,70
738279.50746018229983747005,60.1553192138672,-2.73178505897522,5.73555135726929,0.0120410360395908,-0.00352890510112047,42.4893112182617,-71.5106048583984,877.646057128906,785.363586425781,-2.59392023086548,17.1701526641846,122.538650512695,60.4898452758789,-4.03359031677246,4.20751953125,-1.28780019283295,-0.47371643781662,70
738279.50746237102430313826,60.0603332519531,-2.71191000938416,6.18871355056763,0.0120410360395908,-0.00352890510112047,42.4893035888672,-71.5104598999023,877.048522949219,785.038818359375,-2.30573320388794,20.1080226898193,122.489585876465,60.4392127990723,-3.85144472122192,8.17511558532715,-1.28846907615662,-0.472693532705307,70
738279.50746456708293408155,59.922607421875,-2.75117492675781,6.8637957572937,0.0120410360395908,-0.00352890510112047,42.4892921447754,-71.5103225708008,876.460266113281,784.721008300781,-1.55548393726349,22.9145183563232,122.458534240723,60.3771438598633,-3.69418787956238,7.08003902435303,-1.28895604610443,-0.471758991479874,70
738279.50746678211726248264,59.7590065002441,-2.74346041679382,7.74693822860718,0.0120410360395908,-0.00352890510112047,42.4892807006836,-71.5101852416992,875.861877441406,784.403503417969,-1.82507038116455,24.5716991424561,122.260955810547,60.321475982666,-3.56305003166199,4.08140134811401,-1.28941106796265,-0.470898389816284,70
738279.50746900576632469893,59.6269989013672,-2.80272078514099,8.61305332183838,0.0120410360395908,-0.00352890510112047,42.4892654418945,-71.5100479125977,875.252990722656,784.086242675781,-3.04711222648621,24.3212547302246,121.767288208008,60.3110160827637,-3.45779228210449,2.50138258934021,-1.28985905647278,-0.470158934593201,70
738279.50747123605106025934,59.4937286376953,-3.06878924369812,9.29859924316406,0.0120410360395908,-0.00352890510112047,42.4892501831055,-71.5099105834961,874.618774414062,783.745666503906,-2.89484357833862,24.0016174316406,121.173202514648,60.2941551208496,-3.3863832950592,3.12014126777649,-1.29040455818176,-0.469605028629303,70
738279.50747354130726307631,59.273998260498,-3.12332153320312,10.0968151092529,0.0120410360395908,-0.00352890510112047,42.4892349243164,-71.509765625,873.911010742188,783.353698730469,-1.72433567047119,22.334436416626,120.819511413574,60.208869934082,-3.36007642745972,3.43298602104187,-1.29132747650146,-0.469237625598907,70
738279.50747581140603870153,59.0436325073242,-2.86478590965271,10.9593982696533,0.0120410360395908,-0.00352890510112047,42.4892158508301,-71.5096206665039,873.256164550781,783.010681152344,-2.24185156822205,20.7010631561279,120.939239501953,60.1204299926758,-3.36095547676086,2.59094619750977,-1.29240298271179,-0.469125866889954,70
738279.50747813133057206869,58.8865661621094,-2.75467157363892,11.7074508666992,0.0120410360395908,-0.00352890510112047,42.4891967773438,-71.5094833374023,872.627014160156,782.708312988281,-3.21422052383423,19.0437488555908,121.320297241211,60.1022491455078,-3.34875631332397,2.30675148963928,-1.29330563545227,-0.469280391931534,70
738279.50748039491008967161,58.7438125610352,-2.83409285545349,12.2253999710083,0.0120410360395908,-0.00352890510112047,42.4891777038574,-71.5093383789062,871.993774414062,782.405578613281,-2.33882284164429,17.3000354766846,121.60807800293,60.0693588256836,-3.3224778175354,5.15112257003784,-1.29400956630707,-0.469731748104095,70
738279.50748266046866774559,58.560962677002,-2.52403974533081,12.7254638671875,0.0120410360395908,-0.00352890510112047,42.4891548156738,-71.5092010498047,871.407958984375,782.14111328125,-2.38684272766113,15.6793231964111,121.727783203125,59.980785369873,-3.29478740692139,8.53712177276611,-1.29461908340454,-0.470447838306427,70
738279.50748569658026099205,58.3946495056152,-2.35150814056396,13.3222227096558,0.0120410360395908,-0.00352890510112047,42.4891319274902,-71.5090560913086,870.853698730469,781.929321289062,-3.95437741279602,14.1418504714966,121.877265930176,59.9411888122559,-3.23708081245422,6.12525606155396,-1.294881939888,-0.47150394320488,70
738279.50748770474456250668,58.2201805114746,-2.50603747367859,13.9917058944702,0.0120410360395908,-0.00352890510112047,42.4891014099121,-71.5088729858398,870.113830566406,781.641723632812,-2.83305907249451,12.1514482498169,121.917106628418,59.9302711486816,-3.13575744628906,2.72021722793579,-1.29478883743286,-0.473342567682266,70
738279.50748962163925170898,58.1232452392578,-2.41699647903442,14.307300567627,0.0120410360395908,-0.00352890510112047,42.4890823364258,-71.5087585449219,869.653198242188,781.465087890625,-2.73194122314453,10.9139127731323,121.579521179199,59.9070281982422,-3.08315515518188,3.77105855941772,-1.29472315311432,-0.474705398082733,70
738279.50749151909258216619,58.0378570556641,-2.41387343406677,14.6103086471558,0.0120410360395908,-0.00352890510112047,42.4890594482422,-71.5086441040039,869.192749023438,781.297241210938,-3.6103527545929,9.65607643127441,120.943885803223,59.8972511291504,-3.03246521949768,3.3488461971283,-1.29459595680237,-0.476309061050415,70
738279.50749334471765905619,57.9479827880859,-2.57252597808838,14.9113159179688,0.0120410360395908,-0.00352890510112047,42.4890403747559,-71.5085296630859,868.737182617188,781.123596191406,-3.63676953315735,8.43683528900146,120.215774536133,59.8910179138184,-2.9902606010437,0.767367422580719,-1.29445815086365,-0.478025108575821,70
738279.50749513739719986916,57.8351020812988,-2.68101215362549,15.1945877075195,0.0120410360395908,-0.00352890510112047,42.4890174865723,-71.508415222168,868.263671875,780.930297851562,-2.6233241558075,7.20341825485229,119.547248840332,59.8578491210938,-2.9654688835144,-1.67799198627472,-1.2944403886795,-0.479885041713715,70
738279.50749702996108680964,57.7125701904297,-2.59598684310913,15.4077253341675,0.0120410360395908,-0.00352890510112047,42.4889984130859,-71.5083084106445,867.781555175781,780.734436035156,-1.80490016937256,5.90047597885132,119.052505493164,59.790283203125,-2.95786142349243,-1.91464936733246,-1.29456663131714,-0.481945902109146,70
738279.50749890820588916540,57.613395690918,-2.3736891746521,15.5139017105103,0.0120410360395908,-0.00352890510112047,42.4889755249023,-71.5081939697266,867.319396972656,780.56396484375,-2.04166913032532,4.53299760818481,118.784133911133,59.7128067016602,-2.9531581401825,0.174555554986,-1.29469358921051,-0.484201937913895,70
738279.50750089064240455627,57.552131652832,-2.22372937202454,15.5576295852661,0.0120410360395908,-0.00352890510112047,42.4889526367188,-71.5080718994141,866.862487792969,780.41796875,-2.68671011924744,3.14423799514771,118.687309265137,59.6593055725098,-2.93243741989136,2.37426710128784,-1.29462432861328,-0.486773014068604,70
738279.50750282208900898695,57.493221282959,-2.21204614639282,15.6267490386963,0.0120410360395908,-0.00352890510112047,42.4889297485352,-71.5079498291016,866.420837402344,780.283325195312,-2.45256733894348,2.31071877479553,118.653251647949,59.6201210021973,-2.89469623565674,1.93724155426025,-1.29432439804077,-0.489456743001938,70
738279.50750467122998088598,57.4160461425781,-2.18766927719116,15.7181262969971,0.0120410360395908,-0.00352890510112047,42.4889068603516,-71.5078430175781,866.011596679688,780.161743164062,-1.96916902065277,2.12146902084351,118.591842651367,59.56884765625,-2.85239052772522,0.230341553688049,-1.29391741752625,-0.492082566022873,70
738279.50750659347977489233,57.3176460266113,-2.12460207939148,15.8254137039185,0.0120410360395908,-0.00352890510112047,42.488883972168,-71.5077285766602,865.597778320312,780.043640136719,-1.64154052734375,2.00573921203613,118.488800048828,59.5001678466797,-2.80634617805481,-1.81392228603363,-1.29341065883636,-0.49489164352417,70
738279.50750843924470245838,57.2206420898438,-1.98652291297913,15.9250059127808,0.0120410360395908,-0.00352890510112047,42.4888610839844,-71.5076141357422,865.201538085938,779.943298339844,-1.90065205097198,1.95559895038605,118.384300231934,59.4285621643066,-2.75709056854248,-3.26466774940491,-1.29279673099518,-0.497798085212708,70
738279.50751027907244861126,57.1525726318359,-1.82339417934418,15.9904718399048,0.0120410360395908,-0.00352890510112047,42.4888381958008,-71.5074996948242,864.845397949219,779.8720703125,-2.56005644798279,1.93700039386749,118.33324432373,59.3753852844238,-2.70151209831238,-3.39646124839783,-1.29203581809998,-0.500680267810822,70
738279.50751236628275364637,57.1064300537109,-1.72756707668304,16.016752243042,0.0120410360395908,-0.00352890510112047,42.4888114929199,-71.5073776245117,864.45703125,779.814636230469,-2.91387891769409,1.88981187343597,118.358558654785,59.3351936340332,-2.62272834777832,-2.03220987319946,-1.29087817668915,-0.50413191318512,70
738279.50751419411972165108,57.0702514648438,-1.74457156658173,16.0181369781494,0.0120410360395908,-0.00352890510112047,42.4887924194336,-71.5072631835938,864.12646484375,779.768920898438,-2.32916522026062,1.81443285942078,118.392417907715,59.3012466430664,-2.54801106452942,-0.533901214599609,-1.28968989849091,-0.507179319858551,70
738279.50751627667341381311,57.0403480529785,-1.60677969455719,16.0054187774658,0.0120410360395908,-0.00352890510112047,42.4887657165527,-71.5071411132812,863.759704589844,779.730590820312,-2.16309452056885,1.70709180831909,118.265884399414,59.26513671875,-2.46241760253906,1.45112764835358,-1.28817808628082,-0.510769128799438,70
738279.50751836632844060659,57.0063400268555,-1.64953708648682,16.0580730438232,0.0120410360395908,-0.00352890510112047,42.4887390136719,-71.5070114135742,863.399658203125,779.697143554688,-2.6069188117981,1.67246806621552,117.814956665039,59.2478332519531,-2.37792873382568,0.774288773536682,-1.28651475906372,-0.514415740966797,70
738279.50752028112765401602,56.9795608520508,-1.68584001064301,16.140209197998,0.0120410360395908,-0.00352890510112047,42.4887161254883,-71.5068969726562,863.063659667969,779.661071777344,-3.25954818725586,1.7201361656189,117.159225463867,59.2454109191895,-2.30922842025757,-0.616155564785004,-1.28494238853455,-0.517827033996582,70
738279.50752220011781901121,56.9613914489746,-1.77154219150543,16.204776763916,0.0120410360395908,-0.00352890510112047,42.4886932373047,-71.5067825317383,862.722534179688,779.6162109375,-3.72131180763245,1.78379392623901,116.437591552734,59.2480659484863,-2.25470042228699,-1.12148666381836,-1.28341066837311,-0.521231353282928,70
738279.50752411538269370794,56.9329833984375,-1.91510713100433,16.2208442687988,0.0120410360395908,-0.00352890510112047,42.4886703491211,-71.5066680908203,862.35693359375,779.452941894531,-3.31181192398071,1.79284644126892,115.825241088867,59.229621887207,-2.21806144714355,-0.0376074723899364,-1.28195452690125,-0.524726390838623,70
738279.50752602994907647371,56.8750801086426,-1.99099051952362,16.1992683410645,0.0120410360395908,-0.00352890510112047,42.4886474609375,-71.5065536499023,861.966918945312,779.2412109375,-2.09242177009583,1.72909355163574,115.492126464844,59.1705589294434,-2.2048168182373,1.9404571056366,-1.28066515922546,-0.528292179107666,70
738279.50752789259422570467,56.8160972595215,-1.8132312297821,16.2287845611572,0.0120410360395908,-0.00352890510112047,42.4886245727539,-71.5064468383789,861.598999023438,779.045959472656,-1.8297917842865,1.69521582126617,115.420684814453,59.1162414550781,-2.20841026306152,2.0861234664917,-1.27955079078674,-0.531782686710358,70
738279.50752972578629851341,56.7835578918457,-1.77367496490479,16.3566761016846,0.0120410360395908,-0.00352890510112047,42.4886016845703,-71.5063323974609,861.259582519531,778.879089355469,-3.12673759460449,1.74488592147827,115.326454162598,59.119026184082,-2.20816397666931,-0.916199624538422,-1.27837014198303,-0.535285711288452,70
738279.50753160461317747831,56.7503890991211,-2.14282846450806,16.4361743927002,0.0120410360395908,-0.00352890510112047,42.4885787963867,-71.5062255859375,860.886962890625,778.678955078125,-2.78435206413269,1.76227617263794,115.030967712402,59.121452331543,-2.2068727016449,-2.18264222145081,-1.2771714925766,-0.538799166679382,70
738279.50753347843419760466,56.674861907959,-2.21698212623596,16.4157333374023,0.0120410360395908,-0.00352890510112047,42.4885520935059,-71.5061111450195,860.459411621094,778.429992675781,-1.19104361534119,1.69825053215027,114.664360046387,59.0460090637207,-2.22937202453613,0.0368030183017254,-1.27620673179626,-0.542471408843994,70
738279.50753542466554790735,56.5762825012207,-2.01283478736877,16.4029808044434,0.0120410360395908,-0.00352890510112047,42.4885292053223,-71.5059967041016,860.06005859375,778.205078125,-1.22687077522278,1.6393871307373,114.530403137207,58.9405212402344,-2.26614880561829,1.41048681735992,-1.27545690536499,-0.546096742153168,70
738279.50753728742711246014,56.4911041259766,-2.00296926498413,16.4615516662598,0.0120410360395908,-0.00352890510112047,42.4885063171387,-71.5058822631836,859.671997070312,777.99560546875,-1.63433313369751,1.58682358264923,114.699409484863,58.8747787475586,-2.29552149772644,0.167588621377945,-1.27464020252228,-0.549836575984955,70
738279.50753927743062376976,56.4011383056641,-2.00331544876099,16.4937057495117,0.0120410360395908,-0.00352890510112047,42.4884796142578,-71.5057601928711,859.254577636719,777.76904296875,-1.02741038799286,1.44212448596954,115.052093505859,58.7974815368652,-2.31701970100403,0.0521966703236103,-1.27371668815613,-0.553836047649384,70
738279.50754102028440684080,56.3386268615723,-1.99040484428406,16.5085468292236,0.0120410360395908,-0.00352890510112047,42.4884643554688,-71.5056915283203,859.009765625,777.636657714844,-0.607376754283905,1.32825934886932,115.286010742188,58.7412528991699,-2.3265335559845,-0.0315279848873615,-1.27316355705261,-0.556209981441498,70
738279.50754300388507544994,56.3386268615723,-1.99040484428406,16.5085468292236,0.0120410360395908,-0.00352890510112047,42.4884643554688,-71.5056915283203,859.009765625,777.636657714844,-0.607376754283905,1.32825934886932,115.286010742188,58.7412528991699,-2.3265335559845,-0.0315279848873615,-1.27316355705261,-0.556209981441498,70
738279.50754491868428885937,56.3386268615723,-1.99040484428406,16.5085468292236,0.0120410360395908,-0.00352890510112047,42.4884643554688,-71.5056915283203,859.009765625,777.636657714844,-0.607376754283905,1.32825934886932,115.286010742188,58.7412528991699,-2.3265335559845,-0.0315279848873615,-1.27316355705261,-0.556209981441498,70
738279.50754678866360336542,56.3386268615723,-1.99040484428406,16.5085468292236,0.0120410360395908,-0.00352890510112047,42.4884643554688,-71.5056915283203,859.009765625,777.636657714844,-0.607376754283905,1.32825934886932,115.286010742188,58.7412528991699,-2.3265335559845,-0.0315279848873615,-1.27316355705261,-0.556209981441498,70
738279.50754875421989709139,56.3386268615723,-1.99040484428406,16.5085468292236,0.0120410360395908,-0.00352890510112047,42.4884643554688,-71.5056915283203,859.009765625,777.636657714844,-0.607376754283905,1.32825934886932,115.286010742188,58.7412528991699,-2.3265335559845,-0.0315279848873615,-1.27316355705261,-0.556209981441498,70
738279.50755064026452600956,56.3386268615723,-1.99040484428406,16.5085468292236,0.0120410360395908,-0.00352890510112047,42.4884643554688,-71.5056915283203,859.009765625,777.636657714844,-0.607376754283905,1.32825934886932,115.286010742188,58.7412528991699,-2.3265335559845,-0.0315279848873615,-1.27316355705261,-0.556209981441498,70
738279.50755258242134004831,56.3386268615723,-1.99040484428406,16.5085468292236,0.0120410360395908,-0.00352890510112047,42.4884643554688,-71.5056915283203,859.009765625,777.636657714844,-0.607376754283905,1.32825934886932,115.286010742188,58.7412528991699,-2.3265335559845,-0.0315279848873615,-1.27316355705261,-0.556209981441498,70
738279.50755450665019452572,56.3386268615723,-1.99040484428406,16.5085468292236,0.0120410360395908,-0.00352890510112047,42.4884643554688,-71.5056915283203,859.009765625,777.636657714844,-0.607376754283905,1.32825934886932,115.286010742188,58.7412528991699,-2.3265335559845,-0.0315279848873615,-1.27316355705261,-0.556209981441498,70
738279.50755638384725898504,56.3386268615723,-1.99040484428406,16.5085468292236,0.0120410360395908,-0.00352890510112047,42.4884643554688,-71.5056915283203,859.009765625,777.636657714844,-0.607376754283905,1.32825934886932,115.286010742188,58.7412528991699,-2.3265335559845,-0.0315279848873615,-1.27316355705261,-0.556209981441498,70
738279.50755832367576658726,56.3386268615723,-1.99040484428406,16.5085468292236,0.0120410360395908,-0.00352890510112047,42.4884643554688,-71.5056915283203,859.009765625,777.636657714844,-0.607376754283905,1.32825934886932,115.286010742188,58.7412528991699,-2.3265335559845,-0.0315279848873615,-1.27316355705261,-0.556209981441498,70
738279.50756022287532687187,56.3386268615723,-1.99040484428406,16.5085468292236,0.0120410360395908,-0.00352890510112047,42.4884643554688,-71.5056915283203,859.009765625,777.636657714844,-0.607376754283905,1.32825934886932,115.286010742188,58.7412528991699,-2.3265335559845,-0.0315279848873615,-1.27316355705261,-0.556209981441498,70
738279.50756212603300809860,56.3386268615723,-1.99040484428406,16.5085468292236,0.0120410360395908,-0.00352890510112047,42.4884643554688,-71.5056915283203,859.009765625,777.636657714844,-0.607376754283905,1.32825934886932,115.286010742188,58.7412528991699,-2.3265335559845,-0.0315279848873615,-1.27316355705261,-0.556209981441498,70
738279.50756401394028216600,56.3386268615723,-1.99040484428406,16.5085468292236,0.0120410360395908,-0.00352890510112047,42.4884643554688,-71.5056915283203,859.009765625,777.636657714844,-0.607376754283905,1.32825934886932,115.286010742188,58.7412528991699,-2.3265335559845,-0.0315279848873615,-1.27316355705261,-0.556209981441498,70
738279.50756590475793927908,56.3386268615723,-1.99040484428406,16.5085468292236,0.0120410360395908,-0.00352890510112047,42.4884643554688,-71.5056915283203,859.009765625,777.636657714844,-0.607376754283905,1.32825934886932,115.286010742188,58.7412528991699,-2.3265335559845,-0.0315279848873615,-1.27316355705261,-0.556209981441498,70
738279.50756786030251532793,56.3386268615723,-1.99040484428406,16.5085468292236,0.0120410360395908,-0.00352890510112047,42.4884643554688,-71.5056915283203,859.009765625,777.636657714844,-0.607376754283905,1.32825934886932,115.286010742188,58.7412528991699,-2.3265335559845,-0.0315279848873615,-1.27316355705261,-0.556209981441498,70
738279.50756977696437388659,56.3386268615723,-1.99040484428406,16.5085468292236,0.0120410360395908,-0.00352890510112047,42.4884643554688,-71.5056915283203,859.009765625,777.636657714844,-0.607376754283905,1.32825934886932,115.286010742188,58.7412528991699,-2.3265335559845,-0.0315279848873615,-1.27316355705261,-0.556209981441498,70
738279.50757174042519181967,56.3386268615723,-1.99040484428406,16.5085468292236,0.0120410360395908,-0.00352890510112047,42.4884643554688,-71.5056915283203,859.009765625,777.636657714844,-0.607376754283905,1.32825934886932,115.286010742188,58.7412528991699,-2.3265335559845,-0.0315279848873615,-1.27316355705261,-0.556209981441498,70
738279.50757358630653470755,56.3386268615723,-1.99040484428406,16.5085468292236,0.0120410360395908,-0.00352890510112047,42.4884643554688,-71.5056915283203,859.009765625,777.636657714844,-0.607376754283905,1.32825934886932,115.286010742188,58.7412528991699,-2.3265335559845,-0.0315279848873615,-1.27316355705261,-0.556209981441498,70
738279.50757550552953034639,56.3386268615723,-1.99040484428406,16.5085468292236,0.0120410360395908,-0.00352890510112047,42.4884643554688,-71.5056915283203,859.009765625,777.636657714844,-0.607376754283905,1.32825934886932,115.286010742188,58.7412528991699,-2.3265335559845,-0.0315279848873615,-1.27316355705261,-0.556209981441498,70
738279.50757743651047348976,56.3386268615723,-1.99040484428406,16.5085468292236,0.0120410360395908,-0.00352890510112047,42.4884643554688,-71.5056915283203,859.009765625,777.636657714844,-0.607376754283905,1.32825934886932,115.286010742188,58.7412528991699,-2.3265335559845,-0.0315279848873615,-1.27316355705261,-0.556209981441498,70
738279.50757938297465443611,56.3386268615723,-1.99040484428406,16.5085468292236,0.0120410360395908,-0.00352890510112047,42.4884643554688,-71.5056915283203,859.009765625,777.636657714844,-0.607376754283905,1.32825934886932,115.286010742188,58.7412528991699,-2.3265335559845,-0.0315279848873615,-1.27316355705261,-0.556209981441498,70
738279.50758132140617817640,56.3386268615723,-1.99040484428406,16.5085468292236,0.0120410360395908,-0.00352890510112047,42.4884643554688,-71.5056915283203,859.009765625,777.636657714844,-0.607376754283905,1.32825934886932,115.286010742188,58.7412528991699,-2.3265335559845,-0.0315279848873615,-1.27316355705261,-0.556209981441498,70
738279.50758321420289576054,56.3386268615723,-1.99040484428406,16.5085468292236,0.0120410360395908,-0.00352890510112047,42.4884643554688,-71.5056915283203,859.009765625,777.636657714844,-0.607376754283905,1.32825934886932,115.286010742188,58.7412528991699,-2.3265335559845,-0.0315279848873615,-1.27316355705261,-0.556209981441498,70
738279.50758515705820173025,56.3386268615723,-1.99040484428406,16.5085468292236,0.0120410360395908,-0.00352890510112047,42.4884643554688,-71.5056915283203,859.009765625,777.636657714844,-0.607376754283905,1.32825934886932,115.286010742188,58.7412528991699,-2.3265335559845,-0.0315279848873615,-1.27316355705261,-0.556209981441498,70
738279.50758713262621313334,56.3386268615723,-1.99040484428406,16.5085468292236,0.0120410360395908,-0.00352890510112047,42.4884643554688,-71.5056915283203,859.009765625,777.636657714844,-0.607376754283905,1.32825934886932,115.286010742188,58.7412528991699,-2.3265335559845,-0.0315279848873615,-1.27316355705261,-0.556209981441498,70
738279.50758904893882572651,56.3386268615723,-1.99040484428406,16.5085468292236,0.0120410360395908,-0.00352890510112047,42.4884643554688,-71.5056915283203,859.009765625,777.636657714844,-0.607376754283905,1.32825934886932,115.286010742188,58.7412528991699,-2.3265335559845,-0.0315279848873615,-1.27316355705261,-0.556209981441498,70
738279.50759094662498682737,56.3386268615723,-1.99040484428406,16.5085468292236,0.0120410360395908,-0.00352890510112047,42.4884643554688,-71.5056915283203,859.009765625,777.636657714844,-0.607376754283905,1.32825934886932,115.286010742188,58.7412528991699,-2.3265335559845,-0.0315279848873615,-1.27316355705261,-0.556209981441498,70
738279.50759284570813179016,56.3386268615723,-1.99040484428406,16.5085468292236,0.0120410360395908,-0.00352890510112047,42.4884643554688,-71.5056915283203,859.009765625,777.636657714844,-0.607376754283905,1.32825934886932,115.286010742188,58.7412528991699,-2.3265335559845,-0.0315279848873615,-1.27316355705261,-0.556209981441498,70
738279.50759474746882915497,56.3386268615723,-1.99040484428406,16.5085468292236,0.0120410360395908,-0.00352890510112047,42.4884643554688,-71.5056915283203,859.009765625,777.636657714844,-0.607376754283905,1.32825934886932,115.286010742188,58.7412528991699,-2.3265335559845,-0.0315279848873615,-1.27316355705261,-0.556209981441498,70
738279.50759666482917964458,56.3386268615723,-1.99040484428406,16.5085468292236,0.0120410360395908,-0.00352890510112047,42.4884643554688,-71.5056915283203,859.009765625,777.636657714844,-0.607376754283905,1.32825934886932,115.286010742188,58.7412528991699,-2.3265335559845,-0.0315279848873615,-1.27316355705261,-0.556209981441498,70
738279.50759901816491037607,56.3386268615723,-1.99040484428406,16.5085468292236,0.0120410360395908,-0.00352890510112047,42.4884643554688,-71.5056915283203,859.009765625,777.636657714844,-0.607376754283905,1.32825934886932,115.286010742188,58.7412528991699,-2.3265335559845,-0.0315279848873615,-1.27316355705261,-0.556209981441498,70
738279.50760110339615494013,56.3386268615723,-1.99040484428406,16.5085468292236,0.0120410360395908,-0.00352890510112047,42.4884643554688,-71.5056915283203,859.009765625,777.636657714844,-0.607376754283905,1.32825934886932,115.286010742188,58.7412528991699,-2.3265335559845,-0.0315279848873615,-1.27316355705261,-0.556209981441498,70
738279.50760321144480258226,56.3386268615723,-1.99040484428406,16.5085468292236,0.0120410360395908,-0.00352890510112047,42.4884643554688,-71.5056915283203,859.009765625,777.636657714844,-0.607376754283905,1.32825934886932,115.286010742188,58.7412528991699,-2.3265335559845,-0.0315279848873615,-1.27316355705261,-0.556209981441498,70
738279.50760536245070397854,56.3386268615723,-1.99040484428406,16.5085468292236,0.0120410360395908,-0.00352890510112047,42.4884643554688,-71.5056915283203,859.009765625,777.636657714844,-0.607376754283905,1.32825934886932,115.286010742188,58.7412528991699,-2.3265335559845,-0.0315279848873615,-1.27316355705261,-0.556209981441498,70
738279.50760750286281108856,56.3386268615723,-1.99040484428406,16.5085468292236,0.0120410360395908,-0.00352890510112047,42.4884643554688,-71.5056915283203,859.009765625,777.636657714844,-0.607376754283905,1.32825934886932,115.286010742188,58.7412528991699,-2.3265335559845,-0.0315279848873615,-1.27316355705261,-0.556209981441498,70
738279.50760960648767650127,56.3386268615723,-1.99040484428406,16.5085468292236,0.0120410360395908,-0.00352890510112047,42.4884643554688,-71.5056915283203,859.009765625,777.636657714844,-0.607376754283905,1.32825934886932,115.286010742188,58.7412528991699,-2.3265335559845,-0.0315279848873615,-1.27316355705261,-0.556209981441498,70
738279.50761168345343321562,56.3386268615723,-1.99040484428406,16.5085468292236,0.0120410360395908,-0.00352890510112047,42.4884643554688,-71.5056915283203,859.009765625,777.636657714844,-0.607376754283905,1.32825934886932,115.286010742188,58.7412528991699,-2.3265335559845,-0.0315279848873615,-1.27316355705261,-0.556209981441498,70
738279.50761380267795175314,56.3386268615723,-1.99040484428406,16.5085468292236,0.0120410360395908,-0.00352890510112047,42.4884643554688,-71.5056915283203,859.009765625,777.636657714844,-0.607376754283905,1.32825934886932,115.286010742188,58.7412528991699,-2.3265335559845,-0.0315279848873615,-1.27316355705261,-0.556209981441498,70
738279.50761598406825214624,56.3386268615723,-1.99040484428406,16.5085468292236,0.0120410360395908,-0.00352890510112047,42.4884643554688,-71.5056915283203,859.009765625,777.636657714844,-0.607376754283905,1.32825934886932,115.286010742188,58.7412528991699,-2.3265335559845,-0.0315279848873615,-1.27316355705261,-0.556209981441498,70
738279.50761801644694060087,56.3386268615723,-1.99040484428406,16.5085468292236,0.0120410360395908,-0.00352890510112047,42.4884643554688,-71.5056915283203,859.009765625,777.636657714844,-0.607376754283905,1.32825934886932,115.286010742188,58.7412528991699,-2.3265335559845,-0.0315279848873615,-1.27316355705261,-0.556209981441498,70
738279.50762013730127364397,56.3386268615723,-1.99040484428406,16.5085468292236,0.0120410360395908,-0.00352890510112047,42.4884643554688,-71.5056915283203,859.009765625,777.636657714844,-0.607376754283905,1.32825934886932,115.286010742188,58.7412528991699,-2.3265335559845,-0.0315279848873615,-1.27316355705261,-0.556209981441498,70
738279.50762224569916725159,56.3386268615723,-1.99040484428406,16.5085468292236,0.0120410360395908,-0.00352890510112047,42.4884643554688,-71.5056915283203,859.009765625,777.636657714844,-0.607376754283905,1.32825934886932,115.286010742188,58.7412528991699,-2.3265335559845,-0.0315279848873615,-1.27316355705261,-0.556209981441498,70
738279.50762431742623448372,56.3386268615723,-1.99040484428406,16.5085468292236,0.0120410360395908,-0.00352890510112047,42.4884643554688,-71.5056915283203,859.009765625,777.636657714844,-0.607376754283905,1.32825934886932,115.286010742188,58.7412528991699,-2.3265335559845,-0.0315279848873615,-1.27316355705261,-0.556209981441498,70
738279.50762650882825255394,56.3386268615723,-1.99040484428406,16.5085468292236,0.0120410360395908,-0.00352890510112047,42.4884643554688,-71.5056915283203,859.009765625,777.636657714844,-0.607376754283905,1.32825934886932,115.286010742188,58.7412528991699,-2.3265335559845,-0.0315279848873615,-1.27316355705261,-0.556209981441498,70
738279.50762869522441178560,56.3386268615723,-1.99040484428406,16.5085468292236,0.0120410360395908,-0.00352890510112047,42.4884643554688,-71.5056915283203,859.009765625,777.636657714844,-0.607376754283905,1.32825934886932,115.286010742188,58.7412528991699,-2.3265335559845,-0.0315279848873615,-1.27316355705261,-0.556209981441498,70
738279.50763077766168862581,56.3386268615723,-1.99040484428406,16.5085468292236,0.0120410360395908,-0.00352890510112047,42.4884643554688,-71.5056915283203,859.009765625,777.636657714844,-0.607376754283905,1.32825934886932,115.286010742188,58.7412528991699,-2.3265335559845,-0.0315279848873615,-1.27316355705261,-0.556209981441498,70
738279.50763277208898216486,56.3386268615723,-1.99040484428406,16.5085468292236,0.0120410360395908,-0.00352890510112047,42.4884643554688,-71.5056915283203,859.009765625,777.636657714844,-0.607376754283905,1.32825934886932,115.286010742188,58.7412528991699,-2.3265335559845,-0.0315279848873615,-1.27316355705261,-0.556209981441498,70
738279.50763485732022672892,56.3386268615723,-1.99040484428406,16.5085468292236,0.0120410360395908,-0.00352890510112047,42.4884643554688,-71.5056915283203,859.009765625,777.636657714844,-0.607376754283905,1.32825934886932,115.286010742188,58.7412528991699,-2.3265335559845,-0.0315279848873615,-1.27316355705261,-0.556209981441498,70
738279.50763691216707229614,56.3386268615723,-1.99040484428406,16.5085468292236,0.0120410360395908,-0.00352890510112047,42.4884643554688,-71.5056915283203,859.009765625,777.636657714844,-0.607376754283905,1.32825934886932,115.286010742188,58.7412528991699,-2.3265335559845,-0.0315279848873615,-1.27316355705261,-0.556209981441498,70
738279.50763898796867579222,56.3386268615723,-1.99040484428406,16.5085468292236,0.0120410360395908,-0.00352890510112047,42.4884643554688,-71.5056915283203,859.009765625,777.636657714844,-0.607376754283905,1.32825934886932,115.286010742188,58.7412528991699,-2.3265335559845,-0.0315279848873615,-1.27316355705261,-0.556209981441498,70
738279.50764113932382315397,56.3386268615723,-1.99040484428406,16.5085468292236,0.0120410360395908,-0.00352890510112047,42.4884643554688,-71.5056915283203,859.009765625,777.636657714844,-0.607376754283905,1.32825934886932,115.286010742188,58.7412528991699,-2.3265335559845,-0.0315279848873615,-1.27316355705261,-0.556209981441498,70
738279.50764314597472548485,56.3386268615723,-1.99040484428406,16.5085468292236,0.0120410360395908,-0.00352890510112047,42.4884643554688,-71.5056915283203,859.009765625,777.636657714844,-0.607376754283905,1.32825934886932,115.286010742188,58.7412528991699,-2.3265335559845,-0.0315279848873615,-1.27316355705261,-0.556209981441498,70
738279.50764524843543767929,56.3386268615723,-1.99040484428406,16.5085468292236,0.0120410360395908,-0.00352890510112047,42.4884643554688,-71.5056915283203,859.009765625,777.636657714844,-0.607376754283905,1.32825934886932,115.286010742188,58.7412528991699,-2.3265335559845,-0.0315279848873615,-1.27316355705261,-0.556209981441498,70
738279.50764732551760971546,56.3386268615723,-1.99040484428406,16.5085468292236,0.0120410360395908,-0.00352890510112047,42.4884643554688,-71.5056915283203,859.009765625,777.636657714844,-0.607376754283905,1.32825934886932,115.286010742188,58.7412528991699,-2.3265335559845,-0.0315279848873615,-1.27316355705261,-0.556209981441498,70
738279.50764943053945899010,56.3386268615723,-1.99040484428406,16.5085468292236,0.0120410360395908,-0.00352890510112047,42.4884643554688,-71.5056915283203,859.009765625,777.636657714844,-0.607376754283905,1.32825934886932,115.286010742188,58.7412528991699,-2.3265335559845,-0.0315279848873615,-1.27316355705261,-0.556209981441498,70
738279.50765161938033998013,56.3386268615723,-1.99040484428406,16.5085468292236,0.0120410360395908,-0.00352890510112047,42.4884643554688,-71.5056915283203,859.009765625,777.636657714844,-0.607376754283905,1.32825934886932,115.286010742188,58.7412528991699,-2.3265335559845,-0.0315279848873615,-1.27316355705261,-0.556209981441498,70
738279.50765376316849142313,56.3386268615723,-1.99040484428406,16.5085468292236,0.0120410360395908,-0.00352890510112047,42.4884643554688,-71.5056915283203,859.009765625,777.636657714844,-0.607376754283905,1.32825934886932,115.286010742188,58.7412528991699,-2.3265335559845,-0.0315279848873615,-1.27316355705261,-0.556209981441498,70
738279.50765581754967570305,56.3386268615723,-1.99040484428406,16.5085468292236,0.0120410360395908,-0.00352890510112047,42.4884643554688,-71.5056915283203,859.009765625,777.636657714844,-0.607376754283905,1.32825934886932,115.286010742188,58.7412528991699,-2.3265335559845,-0.0315279848873615,-1.27316355705261,-0.556209981441498,70
738279.50765792245510965586,56.3386268615723,-1.99040484428406,16.5085468292236,0.0120410360395908,-0.00352890510112047,42.4884643554688,-71.5056915283203,859.009765625,777.636657714844,-0.607376754283905,1.32825934886932,115.286010742188,58.7412528991699,-2.3265335559845,-0.0315279848873615,-1.27316355705261,-0.556209981441498,70
738279.50766003713943064213,56.3386268615723,-1.99040484428406,16.5085468292236,0.0120410360395908,-0.00352890510112047,42.4884643554688,-71.5056915283203,859.009765625,777.636657714844,-0.607376754283905,1.32825934886932,115.286010742188,58.7412528991699,-2.3265335559845,-0.0315279848873615,-1.27316355705261,-0.556209981441498,70
738279.50766216136980801821,56.3386268615723,-1.99040484428406,16.5085468292236,0.0120410360395908,-0.00352890510112047,42.4884643554688,-71.5056915283203,859.009765625,777.636657714844,-0.607376754283905,1.32825934886932,115.286010742188,58.7412528991699,-2.3265335559845,-0.0315279848873615,-1.27316355705261,-0.556209981441498,70
738279.50766434811521321535,56.2084884643555,-1.90089428424835,16.5235404968262,0.0120410360395908,-0.00352890510112047,42.4884376525879,-71.5055618286133,858.567687988281,777.402160644531,-0.432379275560379,1.12259697914124,115.678916931152,58.6177024841309,-2.33722686767578,-0.111504316329956,-1.27210891246796,-0.56069415807724,70
738279.50766657688654959202,56.1005096435547,-1.73917531967163,16.5214138031006,0.0120410360395908,-0.00352890510112047,42.488410949707,-71.5054244995117,858.150817871094,777.193115234375,-1.40561890602112,0.963821172714233,115.960006713867,58.5085372924805,-2.33279991149902,0.125453755259514,-1.27092337608337,-0.565170049667358,70
738279.50766889424994587898,56.0357513427734,-1.64956104755402,16.526309967041,0.0120410360395908,-0.00352890510112047,42.4883804321289,-71.5052947998047,857.744262695312,777.002990722656,-2.48789572715759,0.798282861709595,116.185417175293,58.4452323913574,-2.30463528633118,0.140771016478539,-1.26943349838257,-0.569853842258453,70
738279.50767106038983911276,55.9797134399414,-1.75394749641418,16.529468536377,0.0120410360395908,-0.00352890510112047,42.488353729248,-71.5051651000977,857.35546875,776.528503417969,-2.08752608299255,-0.664989054203033,116.406211853027,58.3954467773438,-2.26379823684692,-0.0551228746771812,-1.26783227920532,-0.574294686317444,70
738279.50767326727509498596,55.9122657775879,-1.75521051883698,16.447811126709,0.0120410360395908,-0.00352890510112047,42.4883270263672,-71.5050354003906,856.951171875,775.899536132812,-0.905355274677277,-2.82040190696716,116.620063781738,58.3077430725098,-2.22799682617188,0.930753469467163,-1.26622939109802,-0.57878577709198,70
738279.50767585448920726776,55.8481712341309,-1.65859460830688,16.2203426361084,0.0120410360395908,-0.00352890510112047,42.4882965087891,-71.5048828125,856.502685546875,775.193603515625,-0.897996962070465,-5.2487907409668,116.756187438965,58.1796264648438,-2.19438743591309,3.04247856140137,-1.26440823078156,-0.583986759185791,70
738279.50767800433095544577,55.8310928344727,-1.62598180770874,15.9563465118408,0.0120410360395908,-0.00352890510112047,42.4882659912109,-71.504753112793,856.117309570312,774.576477050781,-1.75647950172424,-7.42174053192139,116.740821838379,58.0892372131348,-2.16183352470398,4.088059425354,-1.2626770734787,-0.588575899600983,70
738279.50768018153030425310,55.8129920959473,-1.73125469684601,15.7199850082397,0.0120410360395908,-0.00352890510112047,42.4882392883301,-71.5046234130859,855.73291015625,773.965393066406,-1.63773715496063,-9.41133785247803,116.686561584473,58.0103912353516,-2.13090085983276,2.77301621437073,-1.26093947887421,-0.593031942844391,70
738279.50768238853197544813,55.7552185058594,-1.76892471313477,15.5175762176514,0.0120410360395908,-0.00352890510112047,42.4882164001465,-71.5044937133789,855.333190917969,773.338195800781,-0.73907083272934,-9.63123989105225,116.710319519043,57.9013710021973,-2.11261653900146,-1.12010204792023,-1.2592921257019,-0.597468435764313,70
738279.50768462335690855980,55.6628913879395,-1.58364379405975,15.3123741149902,0.0120410360395908,-0.00352890510112047,42.4881896972656,-71.5043640136719,854.934814453125,772.706787109375,-0.417668908834457,-9.6820182800293,116.898384094238,57.7523498535156,-2.10517907142639,-5.7988395690918,-1.25769674777985,-0.601968705654144,70
738279.50768696772865951061,55.6605110168457,-1.42048335075378,14.9388446807861,0.0120410360395908,-0.00352890510112047,42.4881629943848,-71.5042343139648,854.576538085938,772.106201171875,-1.69665336608887,-9.86521053314209,117.192741394043,57.647891998291,-2.0826563835144,-4.72005891799927,-1.25584352016449,-0.606565415859222,70
738279.50768936949316412210,55.7091674804688,-1.59789705276489,14.4376382827759,0.0120410360395908,-0.00352890510112047,42.4881362915039,-71.5040817260742,854.173645019531,771.435607910156,-1.50420427322388,-10.1661415100098,117.251472473145,57.57177734375,-2.0393545627594,0.292769491672516,-1.25356030464172,-0.611512124538422,70
738279.50769158743787556887,55.7239608764648,-1.59703516960144,14.0495691299438,0.0120410360395908,-0.00352890510112047,42.488109588623,-71.5039520263672,853.790161132812,770.806335449219,-1.36401677131653,-10.2713737487793,116.92798614502,57.4900054931641,-2.01131343841553,0.926931202411652,-1.25155353546143,-0.615870833396912,70
738279.50769389246124774218,55.7016334533691,-1.60723972320557,13.8217926025391,0.0120410360395908,-0.00352890510112047,42.4880867004395,-71.5038146972656,853.402038574219,770.16357421875,-2.16915988922119,-10.1354389190674,116.447265625,57.413387298584,-1.99201643466949,-3.2663197517395,-1.24953782558441,-0.620262682437897,70
738279.50769623613450676203,55.6961250305176,-1.70525896549225,13.514123916626,0.0120410360395908,-0.00352890510112047,42.4880638122559,-71.5036773681641,852.993103027344,769.496032714844,-1.89537358283997,-10.00208568573,116.13069152832,57.3375778198242,-1.98258554935455,-3.32106351852417,-1.2475677728653,-0.624580502510071,70
738279.50769856874831020832,55.6797142028809,-1.79332447052002,13.1249227523804,0.0120410360395908,-0.00352890510112047,42.4880409240723,-71.503547668457,852.570678710938,768.814025878906,-1.00800728797913,-9.94177532196045,116.051177978516,57.2338218688965,-1.98855090141296,-0.954542815685272,-1.24576020240784,-0.628743171691895,70
738279.50770077598281204700,55.6421775817871,-1.81915998458862,12.7416915893555,0.0120410360395908,-0.00352890510112047,42.4880180358887,-71.5034103393555,852.146362304688,768.133239746094,-0.395578235387802,-9.89394092559814,116.086112976074,57.111400604248,-2.0086977481842,0.503831684589386,-1.24416029453278,-0.632676362991333,70
738279.50770302163437008858,55.6020851135254,-1.80292570590973,12.4350624084473,0.0120410360395908,-0.00352890510112047,42.4879951477051,-71.5032806396484,851.735961914062,767.471801757812,-0.665728747844696,-9.80316257476807,116.077262878418,57.004150390625,-2.03468060493469,-0.552712321281433,-1.24271190166473,-0.636366069316864,70
738279.50770528276916593313,55.5631332397461,-1.83320581912994,12.1890544891357,0.0120410360395908,-0.00352890510112047,42.4879760742188,-71.5031509399414,851.302795410156,767.468383789062,-1.13664579391479,-9.68475246429443,115.947044372559,56.9139289855957,-2.06166672706604,-3.28719830513,-1.24123644828796,-0.640117228031158,70
738279.50770747067872434855,55.4958877563477,-2.08792304992676,11.9452667236328,0.0120410360395908,-0.00352890510112047,42.4879570007324,-71.5030212402344,850.865112304688,767.493347167969,-0.487362891435623,-9.60964488983154,115.783935546875,56.8053016662598,-2.0903377532959,-3.76239061355591,-1.23992872238159,-0.643537878990173,70
738279.50770969665609300137,55.4136581420898,-1.88741219043732,11.5104084014893,0.0120410360395908,-0.00352890510112047,42.4879341125488,-71.5028915405273,850.416687011719,767.507751464844,-0.0174246653914452,-9.61426734924316,115.826538085938,56.6279563903809,-2.13406825065613,-0.966802418231964,-1.23885655403137,-0.646863758563995,70
738279.50771186151541769505,55.3876800537109,-1.71890640258789,11.1523923873901,0.0120410360395908,-0.00352890510112047,42.4879188537598,-71.5027618408203,850.014282226562,767.56298828125,-1.57894170284271,-9.62605285644531,115.99633026123,56.5254402160645,-2.16407704353333,-0.958331167697906,-1.237713098526,-0.650051891803741,70
738279.50771407014690339565,55.3926277160645,-1.95045721530914,10.9578275680542,0.0120410360395908,-0.00352890510112047,42.4878997802734,-71.5026321411133,849.598022460938,767.605407714844,-2.06137108802795,-9.61287117004395,115.932632446289,56.4997482299805,-2.17320251464844,-3.62526750564575,-1.23639106750488,-0.653126239776611,70
738279.50771638518199324608,55.379711151123,-2.13701987266541,10.7226839065552,0.0120410360395908,-0.00352890510112047,42.4878807067871,-71.5025024414062,849.119140625,767.597717285156,-1.30849921703339,-9.59663677215576,115.442985534668,56.4486923217773,-2.19340205192566,-4.89585542678833,-1.23521161079407,-0.656158447265625,70
738279.50771864852868020535,55.3565254211426,-2.07671666145325,10.352915763855,0.0120410360395908,-0.00352890510112047,42.4878616333008,-71.5023727416992,848.629150390625,767.579895019531,-2.03864240646362,-9.62466907501221,114.785827636719,56.3545951843262,-2.23351001739502,-3.3953595161438,-1.23431527614594,-0.659068584442139,70
738279.50772083632182329893,55.3645782470703,-2.15519070625305,10.0154075622559,0.0120410360395908,-0.00352890510112047,42.4878463745117,-71.5022430419922,848.173461914062,767.564819335938,-3.03328609466553,-9.69481468200684,114.373168945312,56.3044357299805,-2.27229070663452,-2.04949879646301,-1.23355889320374,-0.661662697792053,70
738279.50772318651434034109,55.3699607849121,-2.3807384967804,9.74699020385742,0.0120410360395908,-0.00352890510112047,42.4878273010254,-71.5021057128906,847.64501953125,767.507019042969,-2.08879852294922,-9.76323986053467,114.152191162109,56.2717018127441,-2.32064771652222,-2.88368082046509,-1.23291516304016,-0.664318442344666,70
738279.50772547360975295305,55.3625793457031,-2.38951635360718,9.46116065979004,0.0120410360395908,-0.00352890510112047,42.4878120422363,-71.5019760131836,847.094848632812,767.424499511719,-1.67645502090454,-9.81674575805664,113.851593017578,56.2159996032715,-2.38706398010254,-4.19403123855591,-1.23259902000427,-0.666817843914032,70
738279.50772776512894779444,55.3763999938965,-2.4153196811676,9.0866060256958,0.0120410360395908,-0.00352890510112047,42.4877967834473,-71.501838684082,846.546997070312,767.342834472656,-3.1060209274292,-9.93507671356201,113.358337402344,56.1689033508301,-2.45666289329529,-2.78591632843018,-1.23245692253113,-0.669171512126923,70
738279.50773012347053736448,55.4034080505371,-2.61615657806396,8.66573524475098,0.0120410360395908,-0.00352890510112047,42.4877815246582,-71.5017013549805,845.966491699219,767.226440429688,-3.44345784187317,-10.1484403610229,112.915168762207,56.1380157470703,-2.52680850028992,0.447171747684479,-1.23247516155243,-0.671383142471313,70
738279.50773263396695256233,55.4617614746094,-2.68886947631836,8.22437000274658,0.0120410360395908,-0.00352890510112047,42.4877662658691,-71.5015563964844,845.313171386719,766.918334960938,-3.69211912155151,-10.0233421325684,112.63835144043,56.1326789855957,-2.61324119567871,1.7705283164978,-1.23280024528503,-0.673625409603119,70
738279.50773488334380090237,55.521167755127,-2.77582597732544,8.03600788116455,0.0120410360395908,-0.00352890510112047,42.4877510070801,-71.5014266967773,844.709533691406,766.425231933594,-4.47983884811401,-9.34665203094482,112.372413635254,56.168342590332,-2.69447946548462,-2.71227240562439,-1.23332583904266,-0.675450682640076,70
738279.50773722457233816385,55.5886573791504,-3.10000324249268,7.8432469367981,0.0120410360395908,-0.00352890510112047,42.487735748291,-71.5012893676758,844.055419921875,765.883422851562,-4.78921985626221,-8.69090938568115,111.975021362305,56.2247772216797,-2.78385710716248,-4.26653146743774,-1.23412561416626,-0.677156329154968,70
738279.50773951504379510880,55.6047134399414,-3.45531606674194,7.49279594421387,0.0120410360395908,-0.00352890510112047,42.4877243041992,-71.5011520385742,843.313232421875,765.254638671875,-3.18549585342407,-8.7317361831665,111.591842651367,56.2135696411133,-2.90386581420898,-0.337066203355789,-1.23549699783325,-0.678730249404907,70
738279.50774171599186956882,55.5713806152344,-3.42373180389404,7.13864326477051,0.0120410360395908,-0.00352890510112047,42.4877128601074,-71.5010223388672,842.57080078125,764.6201171875,-2.18459105491638,-8.84427928924561,111.513153076172,56.1325263977051,-3.05091214179993,1.17862117290497,-1.23744416236877,-0.680088460445404,70
738279.50774391740560531616,55.5579452514648,-3.31574606895447,6.92755270004272,0.0120410360395908,-0.00352890510112047,42.4877014160156,-71.5008926391602,841.876831054688,763.797424316406,-3.28298926353455,-8.87080860137939,111.764022827148,56.0862770080566,-3.19018697738647,-2.18396711349487,-1.23957526683807,-0.681268811225891,70
738279.50774607888888567686,55.5886154174805,-3.39308381080627,6.70600986480713,0.0120410360395908,-0.00352890510112047,42.4876899719238,-71.5007705688477,841.179565429688,762.389404296875,-3.99509906768799,-8.88564682006836,112.173118591309,56.0943641662598,-3.30562019348145,-3.55349087715149,-1.24172353744507,-0.682324469089508,70
738279.50774841872043907642,55.6249122619629,-3.58378529548645,6.36663293838501,0.0120410360395908,-0.00352890510112047,42.487678527832,-71.5006332397461,840.415588378906,760.877990722656,-3.41621470451355,-8.98270702362061,112.524917602539,56.1026573181152,-3.41153597831726,-0.896332204341888,-1.24409890174866,-0.683300256729126,70
738279.50775056937709450722,55.6485939025879,-3.66472744941711,5.99307060241699,0.0120410360395908,-0.00352890510112047,42.4876670837402,-71.5005035400391,839.658325195312,759.406311035156,-3.12146329879761,-9.14895534515381,112.613510131836,56.0902252197266,-3.51235008239746,1.87257432937622,-1.2466356754303,-0.684096038341522,70
738279.50775285321287810802,55.6756248474121,-3.68782019615173,5.68967342376709,0.0120410360395908,-0.00352890510112047,42.4876594543457,-71.500373840332,838.883972167969,757.907104492188,-3.96551966667175,-9.29404544830322,112.510948181152,56.0869636535645,-3.61221766471863,1.18821883201599,-1.24943089485168,-0.684764266014099,70
738279.50775515125133097172,55.6756057739258,-3.95039129257202,5.49131393432617,0.0120410360395908,-0.00352890510112047,42.4876480102539,-71.5002365112305,838.029174804688,756.278747558594,-3.76125001907349,-9.34290599822998,112.486595153809,56.0850563049316,-3.71315670013428,-1.92214322090149,-1.25261294841766,-0.685321033000946,70
738279.50775735755451023579,55.6406555175781,-3.99173617362976,5.1740083694458,0.0120410360395908,-0.00352890510112047,42.4876403808594,-71.5001068115234,837.200500488281,754.735229492188,-2.03443813323975,-9.40927791595459,112.791969299316,56.0230903625488,-3.81622672080994,-0.829977929592133,-1.25591826438904,-0.685690104961395,70
738279.50775953370612114668,55.6133804321289,-3.80265188217163,4.75854158401489,0.0120410360395908,-0.00352890510112047,42.4876327514648,-71.4999771118164,836.410583496094,753.47314453125,-2.29012179374695,-9.55526638031006,113.267715454102,55.9459762573242,-3.91390562057495,1.55441737174988,-1.25935554504395,-0.685917615890503,70
738279.50776176457293331623,55.6074142456055,-3.91648840904236,4.47080039978027,0.0120410360395908,-0.00352890510112047,42.4876251220703,-71.4998474121094,835.604858398438,752.244201660156,-2.88688850402832,-9.68097877502441,113.672554016113,55.9241600036621,-3.98864483833313,0.544485569000244,-1.26282501220703,-0.686014652252197,70
738279.50776414189022034407,55.5547828674316,-4.06104469299316,4.22765779495239,0.0120410360395908,-0.00352890510112047,42.4876174926758,-71.4997100830078,834.706298828125,750.895568847656,-1.66943180561066,-9.77794075012207,113.979209899902,55.8632202148438,-4.05894660949707,-1.92756533622742,-1.26664412021637,-0.685958862304688,70
738279.50776626926381140947,55.4840965270996,-3.97695302963257,3.8955545425415,0.0120410360395908,-0.00352890510112047,42.4876136779785,-71.4995880126953,833.894592285156,749.677490234375,-1.44122576713562,-10.0785274505615,114.309341430664,55.7626800537109,-4.12192916870117,-1.67976951599121,-1.27028965950012,-0.685767352581024,70
738279.50776850036345422268,55.4283294677734,-3.93530464172363,3.51573634147644,0.0120410360395908,-0.00352890510112047,42.487606048584,-71.4994583129883,833.073303222656,748.442626953125,-1.91646683216095,-10.6287679672241,114.707611083984,55.6789627075195,-4.17358016967773,-0.711592674255371,-1.27403390407562,-0.685429334640503,70
738279.50777072121854871511,55.4043159484863,-3.84879040718079,3.10363268852234,0.0120410360395908,-0.00352890510112047,42.4876022338867,-71.4993286132812,832.254577636719,747.207336425781,-2.72578763961792,-11.2078170776367,115.091041564941,55.6244926452637,-4.20898294448853,-0.0667033642530441,-1.27777695655823,-0.684945642948151,70
738279.50777290319092571735,55.4199028015137,-3.79106259346008,2.69366240501404,0.0120410360395908,-0.00352890510112047,42.4875984191895,-71.4991989135742,831.47216796875,746.021057128906,-3.52948689460754,-11.7769622802734,115.367195129395,55.614688873291,-4.22413778305054,0.234919756650925,-1.28130531311035,-0.684334456920624,70
738279.50777519494295120239,55.4514846801758,-3.91305351257324,2.30035161972046,0.0120410360395908,-0.00352890510112047,42.4875946044922,-71.4990692138672,830.656921386719,744.792053222656,-3.51867580413818,-12.3518009185791,115.455833435059,55.6369552612305,-4.22619342803955,0.304915100336075,-1.28485441207886,-0.683545708656311,70
738279.50777738145552575588,55.4710884094238,-4.09441423416138,1.95574295520782,0.0120410360395908,-0.00352890510112047,42.4875907897949,-71.4989395141602,829.795654296875,743.509887695312,-3.01346349716187,-12.8707838058472,115.240798950195,55.656364440918,-4.23379898071289,-1.38582944869995,-1.28859233856201,-0.682566702365875,70
738279.50777960522100329399,55.4737319946289,-4.20162057876587,1.63561987876892,0.0120410360395908,-0.00352890510112047,42.4875869750977,-71.4988098144531,828.940551757812,742.253479003906,-2.94755816459656,-13.3066606521606,114.753952026367,55.6566619873047,-4.25978899002075,-3.89731645584106,-1.2924325466156,-0.681467533111572,70
738279.50778184074442833662,55.4890213012695,-4.24047517776489,1.25002539157867,0.0120410360395908,-0.00352890510112047,42.4875869750977,-71.4986801147461,828.058776855469,741.5283203125,-4.13465690612793,-13.7497262954712,114.15943145752,55.664852142334,-4.30296611785889,-5.26893997192383,-1.29660391807556,-0.680178999900818,70
738279.50778405857272446156,55.5273361206055,-4.37348508834839,0.799921214580536,0.0120410360395908,-0.00352890510112047,42.4875831604004,-71.4985504150391,827.171752929688,741.365295410156,-5.14393281936646,-14.2105770111084,113.709228515625,55.7050476074219,-4.35435581207275,-4.13699436187744,-1.30091524124146,-0.678741157054901,70
738279.50778632482979446650,55.5680084228516,-4.58993005752563,0.314301252365112,0.0120410360395908,-0.00352890510112047,42.4875831604004,-71.4984130859375,826.220275878906,741.160095214844,-4.9204568862915,-14.69140625,113.47518157959,55.7581367492676,-4.4211254119873,-2.39503383636475,-1.30563712120056,-0.677076578140259,70
738279.50778845371678471565,55.6092224121094,-4.71656131744385,-0.0991188958287239,0.0120410360395908,-0.00352890510112047,42.4875831604004,-71.498291015625,825.296203613281,740.934936523438,-4.59230089187622,-15.0040683746338,113.337623596191,55.8089714050293,-4.50240898132324,-3.34951305389404,-1.31042397022247,-0.675360143184662,70
738279.50779065804090350866,55.6448669433594,-4.91142463684082,-0.458428204059601,0.0120410360395908,-0.00352890510112047,42.4875869750977,-71.498161315918,824.307800292969,740.672912597656,-4.87829780578613,-14.9581642150879,113.114868164062,55.8630790710449,-4.60257816314697,-5.93200159072876,-1.31575393676758,-0.673388600349426,70
738279.50779281766153872013,55.672679901123,-5.06060409545898,-0.882002294063568,0.0120410360395908,-0.00352890510112047,42.4875869750977,-71.4980392456055,823.304382324219,740.383117675781,-5.18341875076294,-14.7698354721069,112.884307861328,55.9091644287109,-4.71588325500488,-6.04588174819946,-1.32137930393219,-0.67127251625061,70
738279.50779506273102015257,55.6667709350586,-5.28908967971802,-1.42165374755859,0.0120410360395908,-0.00352890510112047,42.4875907897949,-71.4979019165039,822.185852050781,740.031616210938,-4.84513854980469,-13.9703874588013,112.783576965332,55.9355392456055,-4.85187149047852,-2.63399815559387,-1.32786381244659,-0.668780744075775,70
738279.50779729906935244799,55.6216354370117,-5.42686748504639,-1.96228766441345,0.0120410360395908,-0.00352890510112047,42.4875946044922,-71.4977722167969,821.096374511719,739.663452148438,-3.90859651565552,-12.7914810180664,112.95011138916,55.9201927185059,-4.99326133728027,1.22588849067688,-1.33443081378937,-0.666249096393585,70
738279.50779952679295092821,55.5703010559082,-5.40506362915039,-2.4216411113739,0.0120410360395908,-0.00352890510112047,42.4875984191895,-71.4976425170898,819.972839355469,739.275634765625,-3.53288531303406,-10.32994556427,113.420799255371,55.8850364685059,-5.14226341247559,2.03519296646118,-1.34152436256409,-0.663448095321655,70
738279.50780184357427060604,55.5689430236816,-5.25447607040405,-2.66083908081055,0.0120410360395908,-0.00352890510112047,42.4876022338867,-71.4975051879883,818.856628417969,739.012939453125,-4.33338022232056,-6.82089900970459,114.091773986816,55.8802032470703,-5.27482795715332,-1.61488354206085,-1.34886229038239,-0.660374701023102,70
738279.50780411157757043839,55.5816192626953,-5.49195766448975,-2.72710776329041,0.0120410360395908,-0.00352890510112047,42.4876098632812,-71.4973678588867,817.712829589844,738.916809082031,-3.57812213897705,-3.15809082984924,114.593551635742,55.9188270568848,-5.37909173965454,-4.40937900543213,-1.35622787475586,-0.657071113586426,70
738279.50780629960354417562,55.5702056884766,-5.24415731430054,-2.86752653121948,0.0120410360395908,-0.00352890510112047,42.4876136779785,-71.4972457885742,816.634765625,738.834106445312,-4.05243158340454,0.18658584356308,114.776412963867,55.8907127380371,-5.4668607711792,-1.92159032821655,-1.36337769031525,-0.653750538825989,70
738279.50780862453393638134,55.5992202758789,-5.32480621337891,-2.79114556312561,0.0120410360395908,-0.00352890510112047,42.487621307373,-71.4971084594727,815.498596191406,738.768798828125,-4.92221832275391,3.44636344909668,114.962242126465,55.9233169555664,-5.52696990966797,-3.24146056175232,-1.37091755867004,-0.649967730045319,70
738279.50781098974402993917,55.6496963500977,-5.37508773803711,-2.65975284576416,0.0120410360395908,-0.00352890510112047,42.4876251220703,-71.4969635009766,814.295959472656,738.673034667969,-4.00770044326782,4.86662530899048,115.125282287598,55.9719085693359,-5.57320976257324,-2.55030107498169,-1.37872135639191,-0.64589387178421,70
738279.50781322794500738382,55.700138092041,-5.31789207458496,-2.6101861000061,0.0120410360395908,-0.00352890510112047,42.4876289367676,-71.4968338012695,813.202209472656,738.6005859375,-4.96572208404541,5.72322463989258,114.97599029541,56.0142707824707,-5.60762310028076,1.2063239812851,-1.38596153259277,-0.642034292221069,70
738279.50781555101275444031,55.7534637451172,-5.54529476165771,-2.48198318481445,0.0120410360395908,-0.00352890510112047,42.4876365661621,-71.496696472168,812.054382324219,738.507080078125,-5.41656446456909,7.04047441482544,114.626037597656,56.0834999084473,-5.63415956497192,2.1068127155304,-1.3934291601181,-0.637938797473907,70
738279.50781786476727575064,55.7939796447754,-5.66094541549683,-2.19837808609009,0.0120410360395908,-0.00352890510112047,42.4876403808594,-71.4965667724609,810.849182128906,738.370727539062,-4.37338352203369,7.47689342498779,114.412582397461,56.1235008239746,-5.67681932449341,0.137801140546799,-1.40126943588257,-0.633715808391571,70
738279.50782017817255109549,55.8522758483887,-5.52826023101807,-1.95952749252319,0.0120410360395908,-0.00352890510112047,42.4876441955566,-71.4964294433594,809.671936035156,738.250671386719,-4.81632375717163,7.42849779129028,114.422119140625,56.1594009399414,-5.73030948638916,0.981955945491791,-1.40924060344696,-0.629509329795837,70
738279.50782245106529444456,55.9325561523438,-5.648277759552,-1.82581663131714,0.0120410360395908,-0.00352890510112047,42.4876480102539,-71.4962921142578,808.499938964844,738.138488769531,-5.60456991195679,7.21954298019409,114.415771484375,56.2466659545898,-5.77353763580322,3.58173489570618,-1.4171975851059,-0.625285148620605,70
738279.50782480649650096893,55.990665435791,-5.92660856246948,-1.61273241043091,0.0120410360395908,-0.00352890510112047,42.4876518249512,-71.4961547851562,807.261657714844,737.97705078125,-4.77868413925171,6.65788412094116,114.220359802246,56.3265495300293,-5.82275819778442,2.7414493560791,-1.42544603347778,-0.620996236801147,70
738279.50782708299811929464,56.0094184875488,-5.93004989624023,-1.28982281684875,0.0120410360395908,-0.00352890510112047,42.4876556396484,-71.4960250854492,806.003601074219,737.789611816406,-4.09665298461914,6.20284461975098,114.04679107666,56.3372344970703,-5.89457368850708,-0.511560201644897,-1.43402802944183,-0.616766214370728,70
738279.50782928836997598410,56.0385208129883,-5.77863311767578,-1.11065363883972,0.0120410360395908,-0.00352890510112047,42.4876594543457,-71.4958877563477,804.811950683594,737.210266113281,-4.84709930419922,5.67810201644897,114.179878234863,56.3466262817383,-5.96568822860718,0.818539023399353,-1.44248557090759,-0.612716853618622,70
738279.50783172482624650002,56.0921859741211,-5.80921459197998,-1.04964911937714,0.0120410360395908,-0.00352890510112047,42.4876594543457,-71.4957504272461,803.562744140625,736.067993164062,-5.09483909606934,4.96434640884399,114.543350219727,56.401969909668,-6.02009391784668,4.43046951293945,-1.45135045051575,-0.608447909355164,70
738279.50783397431951016188,56.1619606018066,-5.87696886062622,-0.941514253616333,0.0120410360395908,-0.00352890510112047,42.487663269043,-71.4956130981445,802.280639648438,734.894409179688,-4.76455974578857,4.17161130905151,114.724060058594,56.4764633178711,-6.06244373321533,5.06419324874878,-1.46034014225006,-0.604188740253448,70
738279.50783622590824961662,56.2441291809082,-5.86806392669678,-0.74030876159668,0.0120410360395908,-0.00352890510112047,42.487663269043,-71.495475769043,801.068359375,733.78466796875,-5.85156631469727,3.40988159179688,114.488677978516,56.5542602539062,-6.09811449050903,1.74094605445862,-1.46890008449554,-0.600228011608124,70
738279.50783845270052552223,56.3155746459961,-6.13003921508789,-0.611554026603699,0.0120410360395908,-0.00352890510112047,42.4876670837402,-71.4953460693359,799.840148925781,732.657409667969,-6.26853704452515,2.78429198265076,114.058563232422,56.6515235900879,-6.13452529907227,0.169392764568329,-1.47744452953339,-0.59637576341629,70
738279.50784073211252689362,56.3930549621582,-6.19511079788208,-0.502100169658661,0.0120410360395908,-0.00352890510112047,42.4876670837402,-71.4952163696289,798.564514160156,731.484741210938,-6.15979957580566,2.20842051506042,113.740776062012,56.7345428466797,-6.18885803222656,-0.633079409599304,-1.4864639043808,-0.59250009059906,70
738279.50784302235115319490,56.4237289428711,-6.32959222793579,-0.42351433634758,0.0120410360395908,-0.00352890510112047,42.4876708984375,-71.4950790405273,797.246704101562,730.271606445312,-5.22324991226196,1.68542695045471,113.748344421387,56.779224395752,-6.25595140457153,-0.780097544193268,-1.49589383602142,-0.588613629341125,70
738279.50784539140295237303,56.4321899414062,-6.28109693527222,-0.40007022023201,0.0120410360395908,-0.00352890510112047,42.4876708984375,-71.4949417114258,795.90966796875,729.040405273438,-4.26303005218506,1.28504967689514,114.173545837402,56.7820777893066,-6.33191919326782,0.453029185533524,-1.50568926334381,-0.584734797477722,70
738279.50784778886009007692,56.4347686767578,-6.17529106140137,-0.378434360027313,0.0120410360395908,-0.00352890510112047,42.4876708984375,-71.4947891235352,794.513854980469,727.756225585938,-4.05909538269043,0.98718535900116,114.830574035645,56.7728881835938,-6.40227174758911,0.915429413318634,-1.51608645915985,-0.58069771528244,70
738279.50785014743451029062,56.4874267578125,-6.00919628143311,-0.313422411680222,0.0120410360395908,-0.00352890510112047,42.4876747131348,-71.4946517944336,793.213317871094,726.5625,-5.21186494827271,0.828979849815369,115.364624023438,56.8070220947266,-6.44312047958374,-0.621827960014343,-1.52589881420135,-0.576897025108337,70
738279.50785246910527348518,56.5282287597656,-6.22487926483154,-0.264811336994171,0.0120410360395908,-0.00352890510112047,42.4876747131348,-71.4945220947266,791.939392089844,725.392028808594,-4.93692111968994,0.706230163574219,115.570129394531,56.8705520629883,-6.45780801773071,-1.3964958190918,-1.5352224111557,-0.573260068893433,70
738279.50785489461850374937,56.5428199768066,-6.09142446517944,-0.342676848173141,0.0120410360395908,-0.00352890510112047,42.4876747131348,-71.4943771362305,790.559692382812,724.12353515625,-4.47494173049927,0.457203567028046,115.61360168457,56.8710250854492,-6.47607040405273,1.84485685825348,-1.54536187648773,-0.569367527961731,70
738279.50785721035208553076,56.5962371826172,-5.94506025314331,-0.381710797548294,0.0120410360395908,-0.00352890510112047,42.487678527832,-71.4942321777344,789.266174316406,722.937622070312,-5.72643375396729,0.186411425471306,115.720474243164,56.9089050292969,-6.47913646697998,2.45506453514099,-1.55506265163422,-0.565648913383484,70
738279.50785951828584074974,56.6698722839355,-6.10544300079346,-0.322181761264801,0.0120410360395908,-0.00352890510112047,42.487678527832,-71.4940948486328,787.980834960938,721.758605957031,-5.57094526290894,0.0123627642169595,115.780624389648,56.998722076416,-6.46441650390625,-0.0129206078127027,-1.56445240974426,-0.561998665332794,70
738279.50786182365845888853,56.7479438781738,-6.08025169372559,-0.323532700538635,0.0120410360395908,-0.00352890510112047,42.487678527832,-71.4939575195312,786.718933105469,720.558898925781,-5.3603515625,-0.14046636223793,115.559631347656,57.0736656188965,-6.45612859725952,-0.0566902011632919,-1.57363200187683,-0.558480262756348,70
738279.50786410376895219088,56.8415336608887,-6.02102708816528,-0.41125676035881,0.0120410360395908,-0.00352890510112047,42.4876823425293,-71.4938201904297,785.45166015625,719.335510253906,-6.8817982673645,-0.357592642307281,115.073455810547,57.161018371582,-6.44966650009155,2.05205988883972,-1.58296644687653,-0.554912626743317,70
738279.50786641507875174284,56.948657989502,-6.16920900344849,-0.455271393060684,0.0120410360395908,-0.00352890510112047,42.4876823425293,-71.4936828613281,784.179870605469,718.107482910156,-7.64907455444336,-0.564255833625793,114.638137817383,57.2836456298828,-6.44194412231445,2.22055697441101,-1.59223031997681,-0.551370859146118,70
738279.50786873430479317904,57.0615043640137,-6.28590726852417,-0.401551097631454,0.0120410360395908,-0.00352890510112047,42.4876823425293,-71.4935455322266,782.828918457031,716.801940917969,-6.90624189376831,-0.645857334136963,114.403411865234,57.4080924987793,-6.44969177246094,-0.464858591556549,-1.60201036930084,-0.547690212726593,70
738279.50787096016574651003,57.1917343139648,-6.22293663024902,-0.365790605545044,0.0120410360395908,-0.00352890510112047,42.4876861572266,-71.493408203125,781.542236328125,715.558532714844,-7.21438789367676,-0.642621994018555,114.248580932617,57.5304527282715,-6.47276020050049,-2.10491609573364,-1.61151719093323,-0.544191479682922,70
738279.50787321419920772314,57.3274765014648,-6.36708784103394,-0.41228586435318,0.0120410360395908,-0.00352890510112047,42.4876861572266,-71.4932708740234,780.25537109375,714.31494140625,-7.99351072311401,-0.667883396148682,114.030387878418,57.6814460754395,-6.49768114089966,-1.0087388753891,-1.62104594707489,-0.540699303150177,70
738279.50787542015314102173,57.4702262878418,-6.45469522476196,-0.482148617506027,0.0120410360395908,-0.00352890510112047,42.4876861572266,-71.4931411743164,778.969970703125,713.071899414062,-8.04365634918213,-0.748028874397278,113.774925231934,57.8335762023926,-6.5320086479187,0.504867732524872,-1.63054513931274,-0.537275731563568,70
738279.50787764287088066339,57.5954322814941,-6.58599615097046,-0.551256000995636,0.0120410360395908,-0.00352890510112047,42.4876899719238,-71.4930114746094,777.681823730469,711.825622558594,-7.77720642089844,-0.865834414958954,113.544357299805,57.9733810424805,-6.57784223556519,1.67096698284149,-1.64012539386749,-0.533890902996063,70
738279.50787985231727361679,57.6989479064941,-6.7348461151123,-0.602528691291809,0.0120410360395908,-0.00352890510112047,42.4876899719238,-71.4928741455078,776.292724609375,710.480834960938,-7.03433847427368,-0.996224045753479,113.406074523926,58.0938034057617,-6.64148807525635,1.99145615100861,-1.65052533149719,-0.530284643173218,70
738279.50788210926111787558,57.7706298828125,-6.81086158752441,-0.614507853984833,0.0120410360395908,-0.00352890510112047,42.4876937866211,-71.4927368164062,774.912231445312,709.143676757812,-6.3167872428894,-1.08371436595917,113.460067749023,58.1739730834961,-6.7186713218689,1.02714347839355,-1.661008477211,-0.526751756668091,70
738279.50788438704330474138,57.8487815856934,-6.69222640991211,-0.570316791534424,0.0120410360395908,-0.00352890510112047,42.4876937866211,-71.4925994873047,773.496276855469,707.772277832031,-6.44112110137939,-1.08442032337189,113.763069152832,58.2373809814453,-6.80325222015381,-1.6903874874115,-1.67201042175293,-0.52309376001358,70
738279.50788666005246341228,57.9434623718262,-6.81347560882568,-0.572399258613586,0.0120410360395908,-0.00352890510112047,42.4876937866211,-71.4924621582031,772.105712890625,706.425903320312,-6.87572622299194,-1.01767385005951,114.240203857422,58.3454856872559,-6.87112808227539,-2.15758872032166,-1.68291330337524,-0.519446790218353,70
738279.50788892828859388828,58.0052604675293,-6.92212104797363,-0.653992831707001,0.0120410360395908,-0.00352890510112047,42.4876976013184,-71.492317199707,770.679992675781,705.044494628906,-5.47136497497559,-1.02981984615326,114.622283935547,58.4204902648926,-6.93601179122925,-0.0248563177883625,-1.69391715526581,-0.515803277492523,70
738279.50789127184543758631,58.0513038635254,-6.71939563751221,-0.629752397537231,0.0120410360395908,-0.00352890510112047,42.4876976013184,-71.4921798706055,769.238342285156,703.650817871094,-5.74458980560303,-0.993168473243713,114.965316772461,58.4422836303711,-7.00100898742676,-1.96211647987366,-1.70537602901459,-0.512042939662933,70
738279.50789345428347587585,58.0871658325195,-6.74979019165039,-0.628452122211456,0.0120410360395908,-0.00352890510112047,42.4877014160156,-71.4920425415039,767.885498046875,702.343566894531,-5.63793706893921,-0.939668655395508,115.508972167969,58.4813957214355,-7.04011583328247,-2.44242310523987,-1.71613800525665,-0.508462727069855,70
738279.50789568165782839060,58.1045188903809,-6.67606735229492,-0.740860879421234,0.0120410360395908,-0.00352890510112047,42.4877014160156,-71.4919052124023,766.501953125,701.006652832031,-4.44556570053101,-1.00896680355072,116.210304260254,58.4914817810059,-7.06521034240723,0.618004560470581,-1.72708189487457,-0.504777729511261,70
738279.50789794255979359150,58.127513885498,-6.41213703155518,-0.827073514461517,0.0120410360395908,-0.00352890510112047,42.4877052307129,-71.4917678833008,765.167602539062,699.718505859375,-4.81270933151245,-1.13705134391785,116.769653320312,58.4859580993652,-7.07070398330688,1.67909932136536,-1.73779439926147,-0.50111323595047,70
738279.50790020416025072336,58.1542358398438,-6.40505409240723,-0.809006989002228,0.0120410360395908,-0.00352890510112047,42.4877052307129,-71.4916305541992,763.855773925781,698.453125,-5.09628248214722,-1.2014479637146,117.199653625488,58.5114898681641,-7.04432725906372,-0.519153714179993,-1.74820506572723,-0.497411340475082,70
738279.50790244422387331724,58.1683082580566,-6.24343347549438,-0.857556819915771,0.0120410360395908,-0.00352890510112047,42.4877090454102,-71.4914932250977,762.578491210938,697.221252441406,-4.11649322509766,-1.29300451278687,117.713661193848,58.5086975097656,-7.00240182876587,-0.0706884935498238,-1.7581969499588,-0.493770003318787,70
738279.50790472875814884901,58.2060012817383,-5.82554626464844,-0.991621375083923,0.0120410360395908,-0.00352890510112047,42.4877090454102,-71.4913558959961,761.306579589844,695.997009277344,-4.63159561157227,-1.49036645889282,118.40503692627,58.5052032470703,-6.93414735794067,2.0992124080658,-1.76831388473511,-0.489916622638702,70
738279.50790709338616579771,58.2807807922363,-5.66090774536133,-1.05637431144714,0.0120410360395908,-0.00352890510112047,42.4877128601074,-71.4912109375,760.065734863281,694.804992675781,-5.34294748306274,-1.68372547626495,119.026260375977,58.5645904541016,-6.81833696365356,1.43424141407013,-1.77798104286194,-0.485930681228638,70
738279.50790936162229627371,58.3274002075195,-5.58629512786865,-1.08269476890564,0.0120410360395908,-0.00352890510112047,42.4877166748047,-71.4910736083984,758.880249023438,693.666931152344,-4.78737258911133,-1.82488191127777,119.340393066406,58.604305267334,-6.68048715591431,0.056007694453001,-1.78681838512421,-0.482053965330124,70
738279.50791165768168866634,58.3185539245605,-5.42473888397217,-1.11514282226562,0.0120410360395908,-0.00352890510112047,42.4877166748047,-71.4909286499023,757.726867675781,692.560424804688,-4.29177093505859,-1.93629240989685,119.421951293945,58.5809288024902,-6.53923082351685,-0.934398829936981,-1.79522860050201,-0.478188037872314,70
738279.50791395991109311581,58.2936210632324,-5.15352869033813,-1.22418344020844,0.0120410360395908,-0.00352890510112047,42.487720489502,-71.4907913208008,756.596618652344,691.478088378906,-4.83187961578369,-2.10054516792297,119.50659942627,58.5337829589844,-6.38906002044678,0.0773362368345261,-1.80343472957611,-0.474200695753098,70
738279.50791623175609856844,58.2798309326172,-4.95762825012207,-1.35024440288544,0.0120410360395908,-0.00352890510112047,42.4877243041992,-71.4906539916992,755.541137695312,690.469299316406,-5.32843208312988,-2.29532051086426,119.668579101562,58.5058975219727,-6.22839021682739,1.16206645965576,-1.81092274188995,-0.470281511545181,70
738279.50791848159860819578,58.2602386474609,-4.89220476150513,-1.43015432357788,0.0120410360395908,-0.00352890510112047,42.4877281188965,-71.4905090332031,754.502868652344,689.47802734375,-4.84244823455811,-2.46357083320618,119.821716308594,58.4827690124512,-6.05794525146484,0.702734351158142,-1.81798136234283,-0.466301381587982,70
738279.50792075542267411947,58.2328910827637,-4.74894857406616,-1.45624232292175,0.0120410360395908,-0.00352890510112047,42.4877281188965,-71.4903793334961,753.516540527344,688.537048339844,-4.42911815643311,-2.55425143241882,119.783233642578,58.4443550109863,-5.89813804626465,-1.30653941631317,-1.82449793815613,-0.462424874305725,70
738279.50792306859511882067,58.2143783569336,-4.56615495681763,-1.49606537818909,0.0120410360395908,-0.00352890510112047,42.4877319335938,-71.490234375,752.500244140625,687.569152832031,-5.22692728042603,-2.6029155254364,119.485488891602,58.4123458862305,-5.73226451873779,-2.81245303153992,-1.83109569549561,-0.45822736620903,70
738279.50792537780944257975,58.2131690979004,-4.47070217132568,-1.60792362689972,0.0120410360395908,-0.00352890510112047,42.487735748291,-71.4900894165039,751.525146484375,686.641784667969,-6.12606763839722,-2.66570210456848,119.093955993652,58.4067230224609,-5.56979513168335,-1.79925465583801,-1.8372278213501,-0.454045444726944,70
738279.50792791426647454500,58.196949005127,-4.46618509292603,-1.74530053138733,0.0120410360395908,-0.00352890510112047,42.4877395629883,-71.4899520874023,750.5869140625,685.749816894531,-5.69815635681152,-2.75363087654114,118.850158691406,58.394157409668,-5.42122316360474,-0.011336961761117,-1.84288704395294,-0.449970036745071,70
738279.50793034106027334929,58.1646347045898,-4.30539083480835,-1.8452056646347,0.0120410360395908,-0.00352890510112047,42.4877433776855,-71.4897842407227,749.44921875,684.669006347656,-4.91405057907104,-2.81567311286926,118.838645935059,58.3529434204102,-5.26019048690796,-0.585070371627808,-1.8496481180191,-0.444829881191254,70
738279.50793264620006084442,58.1626663208008,-4.14799213409424,-1.90357458591461,0.0120410360395908,-0.00352890510112047,42.4877471923828,-71.4896392822266,748.511291503906,683.779907226562,-5.31624937057495,-2.82863211631775,118.91911315918,58.3414535522461,-5.13145589828491,-1.83384275436401,-1.85515081882477,-0.440431475639343,70
738279.50793503539171069860,58.1929626464844,-4.14066982269287,-1.98922622203827,0.0120410360395908,-0.00352890510112047,42.4877510070801,-71.4894943237305,747.599365234375,682.916320800781,-5.464599609375,-2.84571290016174,118.866897583008,58.3739929199219,-5.00556039810181,-1.73383939266205,-1.86027872562408,-0.436016470193863,70
738279.50793732865713536739,58.214469909668,-4.24020862579346,-2.12574553489685,0.0120410360395908,-0.00352890510112047,42.4877586364746,-71.4893569946289,746.687194824219,682.0517578125,-4.56602001190186,-2.91665697097778,118.602882385254,58.4073829650879,-4.89642524719238,0.111268550157547,-1.86519932746887,-0.431617319583893,70
738279.50793963961768895388,58.2242584228516,-4.21523284912109,-2.25762510299683,0.0120410360395908,-0.00352890510112047,42.4877624511719,-71.4892120361328,745.77880859375,681.190246582031,-3.80151748657227,-3.02145266532898,118.241096496582,58.4202842712402,-4.81572818756104,1.10546684265137,-1.87011098861694,-0.427232831716537,70
738279.50794204522389918566,58.2619934082031,-4.07489681243896,-2.32709884643555,0.0120410360395908,-0.00352890510112047,42.4877662658691,-71.4890670776367,744.846008300781,680.306823730469,-4.21764135360718,-3.09088516235352,117.953262329102,58.4506645202637,-4.74903154373169,-0.635362386703491,-1.87524747848511,-0.422556042671204,70
738279.50794451008550822735,58.3458023071289,-4.06555080413818,-2.38531017303467,0.0120410360395908,-0.00352890510112047,42.4877700805664,-71.4889144897461,743.906616210938,679.418151855469,-4.50206804275513,-3.13123822212219,117.803993225098,58.5358963012695,-4.6826605796814,-2.25686979293823,-1.88032817840576,-0.417689174413681,70
738279.50794688740279525518,58.4208717346191,-4.12691164016724,-2.50106739997864,0.0120410360395908,-0.00352890510112047,42.4877777099609,-71.48876953125,742.974548339844,678.535766601562,-3.71061372756958,-3.20175909996033,117.615447998047,58.6198348999023,-4.62605905532837,-1.62402439117432,-1.88522160053253,-0.412880688905716,70
738279.50794940663035959005,58.4733619689941,-4.05873918533325,-2.66852736473083,0.0120410360395908,-0.00352890510112047,42.4877815246582,-71.4886169433594,742.028137207031,677.639953613281,-3.66474413871765,-3.35236287117004,117.252975463867,58.6747703552246,-4.58405828475952,-0.229952067136765,-1.89022445678711,-0.407928586006165,70
738279.50795184005983173847,58.5339965820312,-3.97519373893738,-2.78654479980469,0.0120410360395908,-0.00352890510112047,42.4877891540527,-71.4884643554688,741.099060058594,676.761779785156,-4.60416984558105,-3.42775106430054,116.879829406738,58.7349624633789,-4.54564523696899,-1.1885153055191,-1.89515340328217,-0.402906268835068,70
738279.50795429304707795382,58.5879173278809,-4.00194454193115,-2.85317778587341,0.0120410360395908,-0.00352890510112047,42.48779296875,-71.4883193969727,740.177124023438,675.890502929688,-4.33031034469604,-3.21457552909851,116.797233581543,58.7937088012695,-4.50555086135864,-3.03092050552368,-1.89992570877075,-0.397827714681625,70
738279.50795669760555028915,58.6295356750488,-3.78129887580872,-3.02378463745117,0.0120410360395908,-0.00352890510112047,42.4878005981445,-71.488166809082,739.283020019531,675.046142578125,-3.6886887550354,-3.04179739952087,116.995895385742,58.8291091918945,-4.47048473358154,-1.29007422924042,-1.90454983711243,-0.392785310745239,70
738279.50795909122098237276,58.7021026611328,-3.7294282913208,-3.22697067260742,0.0120410360395908,-0.00352890510112047,42.4878082275391,-71.4880218505859,738.43896484375,674.251892089844,-4.95393037796021,-2.93907928466797,117.08430480957,58.9089012145996,-4.41717767715454,0.905628204345703,-1.90884923934937,-0.387668967247009,70
738279.50796140846796333790,58.7480850219727,-3.82423448562622,-3.28550267219543,0.0120410360395908,-0.00352890510112047,42.4878120422363,-71.4878768920898,737.591064453125,673.452453613281,-4.00200462341309,-2.72177314758301,117.021774291992,58.9640274047852,-4.36062049865723,-0.797158002853394,-1.91284453868866,-0.382640451192856,70
738279.50796389032620936632,58.7916374206543,-3.50004768371582,-3.42042779922485,0.0120410360395908,-0.00352890510112047,42.4878196716309,-71.4877243041992,736.741882324219,672.653991699219,-4.38047409057617,-2.51089191436768,117.101921081543,58.9949645996094,-4.30800199508667,-0.268237203359604,-1.91697108745575,-0.377275556325912,70
738279.50796625099610537291,58.8645935058594,-3.53003883361816,-3.59999775886536,0.0120410360395908,-0.00352890510112047,42.4878273010254,-71.4875717163086,735.940002441406,671.902099609375,-4.83197116851807,-2.35132551193237,117.281929016113,59.0801277160645,-4.23653888702393,2.02922892570496,-1.92063319683075,-0.371932744979858,70
738279.50796862819697707891,58.9240455627441,-3.58214783668518,-3.66030311584473,0.0120410360395908,-0.00352890510112047,42.4878349304199,-71.4874267578125,735.144775390625,671.155395507812,-3.84327554702759,-2.09229898452759,117.297004699707,59.1461982727051,-4.16745376586914,0.884736001491547,-1.92403173446655,-0.366679251194,70
738279.50797088560648262501,58.9512825012207,-3.47327780723572,-3.64634013175964,0.0120410360395908,-0.00352890510112047,42.4878425598145,-71.4872817993164,734.358459472656,670.41748046875,-3.53874826431274,-1.74133360385895,117.215591430664,59.1659812927246,-4.11082410812378,-1.92586076259613,-1.92740845680237,-0.361367672681808,70
738279.50797318934928625822,58.9685821533203,-3.32163643836975,-3.68269443511963,0.0120410360395908,-0.00352890510112047,42.487850189209,-71.4871444702148,733.625793457031,669.731689453125,-3.88746643066406,-1.41358828544617,117.314659118652,59.1767616271973,-4.05584287643433,-2.25884819030762,-1.93052911758423,-0.356161743402481,70
738279.50797552918083965778,58.9683456420898,-3.22920060157776,-3.78903460502625,0.0120410360395908,-0.00352890510112047,42.4878578186035,-71.4869995117188,732.890747070312,669.045227050781,-3.28776216506958,-1.14301860332489,117.754219055176,59.1781234741211,-3.98909711837769,-0.0673010796308517,-1.93348443508148,-0.350693166255951,70
738279.50797778123524039984,58.9481048583984,-3.05506038665771,-3.8636748790741,0.0120410360395908,-0.00352890510112047,42.487865447998,-71.4868621826172,732.204772949219,668.406127929688,-2.29910588264465,-0.920925796031952,118.361755371094,59.1535339355469,-3.91616058349609,0.95716005563736,-1.93607497215271,-0.345369637012482,70
738279.50798004807438701391,58.9547233581543,-2.72037744522095,-3.8424699306488,0.0120410360395908,-0.00352890510112047,42.4878692626953,-71.4867172241211,731.564697265625,667.813415527344,-2.74071621894836,-0.716980159282684,118.893501281738,59.142406463623,-3.82549571990967,-1.14286673069,-1.93830633163452,-0.339927971363068,70
738279.50798231933731585741,58.9760246276855,-2.63700079917908,-3.86977910995483,0.0120410360395908,-0.00352890510112047,42.4878768920898,-71.4865798950195,730.966125488281,667.26220703125,-3.08583402633667,-0.720390498638153,119.259773254395,59.1616439819336,-3.70659279823303,-0.960087299346924,-1.93996584415436,-0.334442257881165,70
738279.50798468186985701323,58.9542274475098,-2.4457643032074,-3.98939490318298,0.0120410360395908,-0.00352890510112047,42.4878845214844,-71.4864273071289,730.371215820312,666.716125488281,-2.07608199119568,-0.866539895534515,119.711013793945,59.1396484375,-3.57059407234192,1.9518768787384,-1.94123506546021,-0.3287353515625,70
738279.50798713439144194126,58.9252586364746,-2.02422690391541,-4.06203079223633,0.0120410360395908,-0.00352890510112047,42.4878959655762,-71.4862823486328,729.833801269531,666.228454589844,-2.08182239532471,-1.02991020679474,120.343215942383,59.0997772216797,-3.41547083854675,2.2073438167572,-1.94199132919312,-0.3228540122509,70
738279.50798941659741103649,58.9374580383301,-1.78533363342285,-4.0401816368103,0.0120410360395908,-0.00352890510112047,42.4879035949707,-71.4861373901367,729.384216308594,665.827026367188,-2.4736430644989,-0.698461055755615,120.929206848145,59.1027450561523,-3.23274278640747,-0.389829248189926,-1.9419322013855,-0.317132979631424,70
738279.50799175642896443605,58.9385223388672,-1.67994689941406,-3.99587798118591,0.0120410360395908,-0.00352890510112047,42.4879112243652,-71.4859924316406,728.958923339844,665.450256347656,-1.63658916950226,0.586102902889252,121.280982971191,59.0977058410645,-3.02898144721985,-1.99372100830078,-1.94118928909302,-0.31132099032402,70
738279.50799405889119952917,58.8970832824707,-1.44046270847321,-4.02817344665527,0.0120410360395908,-0.00352890510112047,42.4879188537598,-71.4858474731445,728.572448730469,665.111694335938,-1.15834867954254,1.87410497665405,121.392364501953,59.0522422790527,-2.82699298858643,0.590777516365051,-1.93996608257294,-0.30554461479187,70
738279.50799635704606771469,58.8726043701172,-1.20742702484131,-4.01549386978149,0.0120410360395908,-0.00352890510112047,42.4879264831543,-71.4857025146484,728.240417480469,664.827331542969,-1.75608110427856,3.19673109054565,121.369979858398,59.0217399597168,-2.62224268913269,2.43607807159424,-1.93819856643677,-0.299767374992371,70
738279.50799865974113345146,58.8755302429199,-1.1773567199707,-3.87392640113831,0.0120410360395908,-0.00352890510112047,42.4879341125488,-71.4855651855469,727.942199707031,664.575134277344,-1.49794697761536,4.56746387481689,121.260818481445,59.0145874023438,-2.42294788360596,1.17651116847992,-1.9359757900238,-0.294168561697006,70
738279.50800101819913834333,58.8692054748535,-1.1101359128952,-3.65860986709595,0.0120410360395908,-0.00352890510112047,42.4879417419434,-71.4854202270508,727.629699707031,664.311706542969,-0.608144342899323,6.02055835723877,120.92626953125,58.9932289123535,-2.22688817977905,0.129618391394615,-1.93328249454498,-0.288144916296005,70
738279.50800334708765149117,58.8483772277832,-0.999167382717133,-3.48159217834473,0.0120410360395908,-0.00352890510112047,42.4879493713379,-71.4852752685547,727.346618652344,664.076477050781,-0.844824254512787,7.36822605133057,120.315757751465,58.9597434997559,-2.0567512512207,1.93595170974731,-1.93040072917938,-0.282276570796967,70
738279.50800563092343509197,58.8217697143555,-1.01685094833374,-3.24648690223694,0.0120410360395908,-0.00352890510112047,42.4879531860352,-71.4851303100586,727.074523925781,663.85205078125,-0.959205269813538,8.67464160919189,119.665519714355,58.9200668334961,-1.90498852729797,2.33006000518799,-1.9272803068161,-0.276438027620316,70
738279.50800786749459803104,58.7629280090332,-0.984753847122192,-2.86706113815308,0.0120410360395908,-0.00352890510112047,42.4879608154297,-71.484992980957,726.805114746094,663.62890625,0.0394153147935867,9.44665718078613,119.306411743164,58.8410682678223,-1.78221166133881,-0.248044788837433,-1.9241532087326,-0.270802170038223,70
738279.50801013142336159945,58.6917304992676,-0.738182067871094,-2.46192836761475,0.0120410360395908,-0.00352890510112047,42.487964630127,-71.4848556518555,726.563842773438,663.434326171875,0.156562641263008,9.39669895172119,119.254974365234,58.7479820251465,-1.67586302757263,-1.40011167526245,-1.92085421085358,-0.265121340751648,70
738279.50801240769214928150,58.6504898071289,-0.609317362308502,-2.18920135498047,0.0120410360395908,-0.00352890510112047,42.4879722595215,-71.4847106933594,726.366638183594,663.283325195312,-0.40697380900383,9.2646427154541,119.273811340332,58.6944961547852,-1.56640827655792,0.579184055328369,-1.91721618175507,-0.259562194347382,70
738279.50801462738309055567,58.6096153259277,-0.534330904483795,-1.93185698986053,0.0120410360395908,-0.00352890510112047,42.4879760742188,-71.4845733642578,726.18359375,663.145874023438,-0.220678403973579,9.12459564208984,119.194816589355,58.6438789367676,-1.45498239994049,2.06824231147766,-1.91328597068787,-0.25416088104248,70
738279.50801690923981368542,58.5542831420898,-0.470674246549606,-1.65628826618195,0.0120410360395908,-0.00352890510112047,42.487979888916,-71.4844360351562,726.014953613281,663.023376464844,-0.0528951212763786,9.00529098510742,119.064559936523,58.5795936584473,-1.3440625667572,2.69539761543274,-1.90903353691101,-0.248768478631973,70
738279.50801920716185122728,58.4818000793457,-0.393299162387848,-1.34552335739136,0.0120410360395908,-0.00352890510112047,42.487979888916,-71.4842987060547,725.857177734375,662.912109375,0.129609346389771,8.91664791107178,118.968482971191,58.4986000061035,-1.23695003986359,2.28492951393127,-1.90449547767639,-0.243407189846039,70
738279.50802148343063890934,58.3986396789551,-0.24439363181591,-0.996031701564789,0.0120410360395908,-0.00352890510112047,42.4879837036133,-71.4841537475586,725.721252441406,662.822021484375,0.00714779272675514,8.8628568649292,118.993553161621,58.4076461791992,-1.13434064388275,1.11666905879974,-1.89971530437469,-0.23815193772316,70
738279.50802372000180184841,58.327091217041,-0.0197801906615496,-0.644490003585815,0.0120410360395908,-0.00352890510112047,42.4879875183105,-71.484016418457,725.626403808594,662.771850585938,-0.479781538248062,8.81795692443848,119.184234619141,58.3306541442871,-1.03077781200409,0.181093335151672,-1.89473509788513,-0.233152776956558,70
738279.50802602118346840143,58.272777557373,0.170009255409241,-0.305041015148163,0.0120410360395908,-0.00352890510112047,42.4879875183105,-71.4838790893555,725.574768066406,662.765747070312,-0.720048069953918,8.74820232391357,119.525772094727,58.2738227844238,-0.910115301609039,-0.31168332695961,-1.88916921615601,-0.228157639503479,70
738279.50802830047905445099,58.2100715637207,0.177032515406609,-0.0138766393065453,0.0120410360395908,-0.00352890510112047,42.4879875183105,-71.4837341308594,725.536560058594,662.772277832031,0.534182727336884,8.60992908477783,119.875915527344,58.2103424072266,-0.780918478965759,-0.289185225963593,-1.88325428962708,-0.223391368985176,70
738279.50803056755103170872,58.113208770752,0.349984705448151,0.315069198608398,0.0120410360395908,-0.00352890510112047,42.4879875183105,-71.4835968017578,725.5166015625,662.796630859375,1.31508708000183,8.44860363006592,119.978012084961,58.115119934082,-0.65699827671051,-1.04717814922333,-1.87713384628296,-0.218811213970184,70
738279.50803285010624676943,58.0251579284668,0.525025904178619,0.660566866397858,0.0120410360395908,-0.00352890510112047,42.4879875183105,-71.4834594726562,725.536071777344,662.861022949219,0.548523366451263,8.30878829956055,119.768142700195,58.0312919616699,-0.52792102098465,-2.41507196426392,-1.87052965164185,-0.214281737804413,70
738279.50803522183559834957,57.9549369812012,0.512154757976532,0.919435799121857,0.0120410360395908,-0.00352890510112047,42.4879875183105,-71.4833145141602,725.568786621094,662.939331054688,0.462045103311539,8.91505432128906,119.431327819824,57.9644927978516,-0.393982976675034,-1.46095240116119,-1.86345183849335,-0.20984198153019,70
738279.50803747226018458605,57.8686714172363,0.566805303096771,1.13303780555725,0.0120410360395908,-0.00352890510112047,42.4879875183105,-71.4831771850586,725.603454589844,663.019409179688,1.052689909935,9.98687934875488,119.11986541748,57.8825378417969,-0.27236407995224,1.92802357673645,-1.85618591308594,-0.205564588308334,70
738279.50803973351139575243,57.7873420715332,0.722661852836609,1.4328989982605,0.0120410360395908,-0.00352890510112047,42.4879837036133,-71.483039855957,725.661193847656,663.121520996094,0.594892382621765,11.0852880477905,118.805000305176,57.8096237182617,-0.164517745375633,3.4206166267395,-1.84888899326324,-0.201533243060112,70
738279.50804199802223592997,57.7426147460938,0.771710872650146,1.80811834335327,0.0120410360395908,-0.00352890510112047,42.4879837036133,-71.4829025268555,725.740600585938,663.244934082031,-0.333709985017776,12.2181787490845,118.453834533691,57.7760696411133,-0.0593358129262924,2.80955791473389,-1.84135711193085,-0.197671204805374,70
738279.50804425310343503952,57.6950531005859,0.699511647224426,2.23113036155701,0.0120410360395908,-0.00352890510112047,42.487979888916,-71.4827651977539,725.814086914062,663.362670898438,-0.154958382248878,13.3717079162598,118.124145507812,57.7424163818359,0.038218267261982,1.58979105949402,-1.8335987329483,-0.193934306502342,70
738279.50804650958161801100,57.6060791015625,0.739242494106293,2.66122603416443,0.0120410360395908,-0.00352890510112047,42.4879760742188,-71.4826278686523,725.881225585938,663.473266601562,0.536939203739166,14.4661827087402,117.982429504395,57.6722526550293,0.114867962896824,2.31385612487793,-1.82594072818756,-0.190406009554863,70
738279.50804880086798220873,57.496898651123,0.92511248588562,3.11218547821045,0.0120410360395908,-0.00352890510112047,42.4879722595215,-71.4824905395508,725.976135253906,663.612548828125,0.355750977993011,15.5276126861572,118.131286621094,57.5884971618652,0.181897401809692,4.72414970397949,-1.81800651550293,-0.186955690383911,70
738279.50805109378416091204,57.423469543457,1.00370669364929,3.64969944953918,0.0120410360395908,-0.00352890510112047,42.487964630127,-71.4823532104492,726.101013183594,663.781127929688,-0.250467240810394,16.5740852355957,118.44100189209,57.5480880737305,0.254051357507706,4.07014131546021,-1.80988430976868,-0.183728963136673,70
738279.50805337447673082352,57.3545989990234,0.92439216375351,4.2667818069458,0.0120410360395908,-0.00352890510112047,42.4879608154297,-71.4822082519531,726.222045898438,663.946716308594,0.140083894133568,17.5016536712646,118.629859924316,57.5205154418945,0.329223215579987,1.59426546096802,-1.80134582519531,-0.180625393986702,70
738279.50805562292225658894,57.2677574157715,0.937068819999695,4.84249019622803,0.0120410360395908,-0.00352890510112047,42.4879531860352,-71.4820785522461,726.330932617188,664.098266601562,0.385931640863419,17.6693916320801,118.547630310059,57.4797706604004,0.387948662042618,1.84180545806885,-1.79314112663269,-0.177860945463181,70
738279.50805789616424590349,57.1746673583984,0.977733969688416,5.35651063919067,0.0120410360395908,-0.00352890510112047,42.4879417419434,-71.4819412231445,726.453369140625,664.264892578125,-0.125834375619888,17.5159473419189,118.300926208496,57.4333610534668,0.437767893075943,4.67532634735107,-1.78455424308777,-0.17520073056221,70
738279.50806020211894065142,57.0853271484375,0.888640463352203,5.86430597305298,0.0120410360395908,-0.00352890510112047,42.4879341125488,-71.481803894043,726.568176269531,664.423156738281,-0.037956215441227,17.5689430236816,118.095771789551,57.392635345459,0.478397130966187,5.53006982803345,-1.77605974674225,-0.172825112938881,70
738279.50806251529138535261,56.9595909118652,0.821439623832703,6.50542020797729,0.0120410360395908,-0.00352890510112047,42.487922668457,-71.4816665649414,726.664672851562,664.563110351562,0.723939895629883,17.8230781555176,117.94841003418,57.3357696533203,0.50235641002655,2.90860295295715,-1.76762390136719,-0.17068737745285,70
738279.50806483812630176544,56.8294830322266,0.799807906150818,7.17258834838867,0.0120410360395908,-0.00352890510112047,42.4879112243652,-71.4815216064453,726.757446289062,664.700317382812,0.706899762153625,18.1035690307617,117.673904418945,57.2859115600586,0.509532570838928,1.32625353336334,-1.75908088684082,-0.168757736682892,70
738279.50806714314967393875,56.7392387390137,0.691184043884277,7.72160768508911,0.0120410360395908,-0.00352890510112047,42.4878997802734,-71.4813842773438,726.838073730469,664.824523925781,0.144337400794029,18.3431205749512,117.150161743164,57.266414642334,0.504574239253998,2.63629531860352,-1.75078058242798,-0.167144909501076,70
738279.50806933827698230743,56.6555519104004,0.468688368797302,8.20389652252197,0.0120410360395908,-0.00352890510112047,42.4878845214844,-71.4812545776367,726.880493164062,664.908447265625,0.423871725797653,18.4762878417969,116.515090942383,57.248363494873,0.483035624027252,3.94162607192993,-1.7430431842804,-0.165875270962715,70
738279.50807161477860063314,56.5149841308594,0.328373700380325,8.78473281860352,0.0120410360395908,-0.00352890510112047,42.4878692626953,-71.4811172485352,726.885803222656,664.955810546875,1.16306293010712,18.478328704834,115.964965820312,57.1946067810059,0.433708012104034,3.1682722568512,-1.73557019233704,-0.164848074316978,70
738279.50807380629703402519,56.3360366821289,0.365790635347366,9.46994209289551,0.0120410360395908,-0.00352890510112047,42.4878540039062,-71.4809875488281,726.882080078125,664.993713378906,0.962657034397125,18.4829254150391,115.644668579102,57.1275978088379,0.364123195409775,0.937390923500061,-1.72847509384155,-0.1640984416008,70
738279.50807605381123721600,56.2032432556152,0.227678015828133,10.064998626709,0.0120410360395908,-0.00352890510112047,42.4878387451172,-71.4808578491211,726.878112792969,665.031066894531,0.500717222690582,18.3719425201416,115.536643981934,57.0978126525879,0.294091105461121,-0.121470369398594,-1.72155249118805,-0.163636356592178,70
738279.50807835615705698729,56.0488548278809,0.142718404531479,10.5941543579102,0.0120410360395908,-0.00352890510112047,42.4878234863281,-71.4807205200195,726.839477539062,665.033264160156,1.4377955198288,18.1589012145996,115.526084899902,57.0414810180664,0.218605056405067,1.13274371623993,-1.71490120887756,-0.163463249802589,70
738279.50808063487056642771,55.8431739807129,0.387359380722046,11.2453784942627,0.0120410360395908,-0.00352890510112047,42.4878044128418,-71.480583190918,726.825134277344,665.061645507812,0.656305849552155,17.9236526489258,115.659866333008,56.965503692627,0.140818253159523,1.83298826217651,-1.70809435844421,-0.16359044611454,70
738279.50808289984706789255,55.7145729064941,0.401872932910919,11.816065788269,0.0120410360395908,-0.00352890510112047,42.4877815246582,-71.4804534912109,726.8408203125,665.118835449219,-0.376475900411606,17.7091541290283,115.964027404785,56.9551963806152,0.0948207601904869,2.09191870689392,-1.70123851299286,-0.164028212428093,70
738279.50808516342658549547,55.6055374145508,0.334651350975037,12.3177309036255,0.0120410360395908,-0.00352890510112047,42.4877624511719,-71.4803161621094,726.842224121094,664.817016601562,0.19283452630043,17.2929878234863,116.26538848877,56.9544944763184,0.0687255859375,3.74266076087952,-1.69422054290771,-0.164784133434296,70
738279.50808741920627653599,55.4835243225098,0.34406578540802,12.798321723938,0.0120410360395908,-0.00352890510112047,42.4877395629883,-71.4801864624023,726.841064453125,664.256225585938,0.25054407119751,15.7182569503784,116.368103027344,56.941520690918,0.0488305948674679,5.62586832046509,-1.68719685077667,-0.165861383080482,70
738279.50808963447343558073,55.3831901550293,0.357915341854095,13.2418794631958,0.0120410360395908,-0.00352890510112047,42.4877166748047,-71.4800567626953,726.844177246094,663.724365234375,-0.652448654174805,13.613320350647,116.236465454102,56.9453544616699,0.0356208309531212,5.65004777908325,-1.68046891689301,-0.167184486985207,70
738279.50809185602702200413,55.2997512817383,0.269302099943161,13.6921062469482,0.0120410360395908,-0.00352890510112047,42.4876976013184,-71.4799270629883,726.840576171875,663.176391601562,-1.32981550693512,11.4896831512451,115.962997436523,56.9702453613281,0.0265475604683161,2.90816640853882,-1.67361426353455,-0.168822407722473,70
738279.50809422717429697514,55.2080497741699,0.137403950095177,14.1153144836426,0.0120410360395908,-0.00352890510112047,42.4876708984375,-71.4797897338867,726.810913085938,662.580078125,-0.786604642868042,9.30475521087646,115.693336486816,56.9841194152832,0.0100522097200155,-0.201345726847649,-1.66660916805267,-0.170837834477425,70
738279.50809646712150424719,55.112232208252,0.0997332185506821,14.4306745529175,0.0120410360395908,-0.00352890510112047,42.4876480102539,-71.4796600341797,726.768249511719,661.978515625,-0.0262364652007818,7.20162963867188,115.554481506348,56.9702758789062,-0.0196267534047365,-1.26367163658142,-1.65991687774658,-0.173112541437149,70
738279.50809878297150135040,55.018497467041,0.0568552017211914,14.655125617981,0.0120410360395908,-0.00352890510112047,42.487621307373,-71.4795303344727,726.713256835938,661.377624511719,0.772196471691132,5.4174976348877,115.514533996582,56.9369049072266,-0.0574293918907642,-1.65879571437836,-1.65354859828949,-0.175603076815605,70
738279.50810117530636489391,54.9421501159668,0.149628847837448,14.7212553024292,0.0120410360395908,-0.00352890510112047,42.4875946044922,-71.4793853759766,726.664672851562,660.7392578125,0.725734531879425,3.41645646095276,115.47974395752,56.8803787231445,-0.0999995544552803,1.50051331520081,-1.64677286148071,-0.178587839007378,70
738279.50810347730293869972,54.910026550293,0.197787761688232,14.7182817459106,0.0120410360395908,-0.00352890510112047,42.4875679016113,-71.4792556762695,726.634826660156,660.159240722656,0.210681915283203,1.5109224319458,115.371231079102,56.8487281799316,-0.127035409212112,3.5652539730072,-1.64036774635315,-0.181602790951729,70
738279.50810578325763344765,54.8834228515625,0.153974011540413,14.7726678848267,0.0120410360395908,-0.00352890510112047,42.4875411987305,-71.479118347168,726.602233886719,659.557861328125,-0.0817701146006584,0.887505829334259,115.11181640625,56.8370094299316,-0.141938492655754,1.80545008182526,-1.63365375995636,-0.184940159320831,70
738279.50810816348530352116,54.845142364502,0.173829853534698,14.8672866821289,0.0120410360395908,-0.00352890510112047,42.4875144958496,-71.4789810180664,726.564819335938,658.943786621094,-0.475882142782211,0.766313910484314,114.735198974609,56.8247833251953,-0.152718529105186,-1.15860533714294,-1.62684381008148,-0.188516274094582,70
738279.50811053696088492870,54.8405342102051,0.31890144944191,14.8879451751709,0.0120410360395908,-0.00352890510112047,42.4874877929688,-71.4788513183594,726.552612304688,658.364929199219,-1.75897240638733,0.175669103860855,114.473815917969,56.8263740539551,-0.154629588127136,-1.27789413928986,-1.62007009983063,-0.192181304097176,70
738279.50811280659399926662,54.877368927002,0.217792078852654,14.8078145980835,0.0120410360395908,-0.00352890510112047,42.4874649047852,-71.4787139892578,726.539916992188,657.788635253906,-1.57050001621246,-1.21586287021637,114.515121459961,56.840518951416,-0.142572969198227,0.940576732158661,-1.61316108703613,-0.19595068693161,70
738279.50811506679747253656,54.8832702636719,0.236759081482887,14.7330894470215,0.0120410360395908,-0.00352890510112047,42.4874382019043,-71.4785842895508,726.515258789062,657.22021484375,-0.277016013860703,-2.51410865783691,114.738357543945,56.8268737792969,-0.133734375238419,1.21697115898132,-1.60651350021362,-0.199686631560326,70
738279.50811733421869575977,54.8672294616699,0.398450255393982,14.6332635879517,0.0120410360395908,-0.00352890510112047,42.4874114990234,-71.4784545898438,726.512817382812,656.659057617188,-0.229475006461143,-3.72156071662903,114.999504089355,56.7864761352539,-0.123483739793301,0.406455338001251,-1.5996401309967,-0.203622996807098,70
738279.50811958836857229471,54.8649597167969,0.390919238328934,14.4564647674561,0.0120410360395908,-0.00352890510112047,42.4873886108398,-71.4783172607422,726.538940429688,656.29296875,-0.535054445266724,-4.80497026443481,115.358016967773,56.7389297485352,-0.0964817106723785,1.26456201076508,-1.59265148639679,-0.207531556487083,70
738279.50812199269421398640,54.8521385192871,0.593137562274933,14.2264165878296,0.0120410360395908,-0.00352890510112047,42.487361907959,-71.4781799316406,726.577209472656,656.58544921875,0.161034509539604,-5.96049404144287,115.981498718262,56.6700973510742,-0.057044230401516,1.33530151844025,-1.58496832847595,-0.211778223514557,70
738279.50812424661125987768,54.8370208740234,0.69747132062912,14.0042724609375,0.0120410360395908,-0.00352890510112047,42.4873352050781,-71.4780502319336,726.638793945312,656.720764160156,0.54259318113327,-7.0772180557251,116.648040771484,56.6012802124023,-0.00544352317228913,0.454039961099625,-1.57740962505341,-0.215791150927544,70
738279.50812660472001880407,54.8382949829102,0.812611997127533,13.7713899612427,0.0120410360395908,-0.00352890510112047,42.4873123168945,-71.477912902832,726.724853515625,656.7958984375,0.401352435350418,-8.1927547454834,117.173500061035,56.5468826293945,0.0602863542735577,-1.25505101680756,-1.56942355632782,-0.219879388809204,70
738279.50812893896363675594,54.8722496032715,0.848522365093231,13.5144901275635,0.0120410360395908,-0.00352890510112047,42.4872894287109,-71.4777755737305,726.828735351562,656.886657714844,0.00467014173045754,-8.86762619018555,117.363296508789,56.5183601379395,0.13786219060421,-2.71300888061523,-1.56097888946533,-0.224021106958389,70
738279.50813120882958173752,54.9146461486816,0.761923015117645,13.2101240158081,0.0120410360395908,-0.00352890510112047,42.4872665405273,-71.4776458740234,726.92236328125,656.965148925781,0.250127851963043,-8.95465850830078,117.210868835449,56.4863357543945,0.211439967155457,-2.0311439037323,-1.55262398719788,-0.227988734841347,70
738279.50813355727586895227,54.9236679077148,0.8144850730896,12.857518196106,0.0120410360395908,-0.00352890510112047,42.4872436523438,-71.4775161743164,727.005737304688,657.030700683594,0.795695602893829,-9.07645511627197,116.932579040527,56.4144325256348,0.26857990026474,-1.18076348304749,-1.54430150985718,-0.231900557875633,70
738279.50813583482522517443,54.9320678710938,1.01593446731567,12.5855302810669,0.0120410360395908,-0.00352890510112047,42.4872207641602,-71.4773788452148,727.127990722656,657.13232421875,-0.149355486035347,-9.14815807342529,116.731033325195,56.3645248413086,0.321187019348145,-4.13312482833862,-1.53575265407562,-0.23578929901123,70
738279.50813810224644839764,54.9870109558105,0.866497397422791,12.3356189727783,0.0120410360395908,-0.00352890510112047,42.4871978759766,-71.4772491455078,727.251037597656,657.232849121094,-0.23558583855629,-9.00411701202393,116.482772827148,56.3603553771973,0.380501747131348,-5.01240968704224,-1.52702343463898,-0.239545047283173,70
738279.50814039877150207758,55.0336837768555,0.785368978977203,11.9400358200073,0.0120410360395908,-0.00352890510112047,42.4871788024902,-71.4771118164062,727.3427734375,657.29931640625,0.607950747013092,-8.28917407989502,116.027854919434,56.3195114135742,0.423271834850311,-1.25945389270782,-1.51838088035583,-0.243182778358459,70
738279.50814268377143889666,55.0491218566895,0.839013159275055,11.5813627243042,0.0120410360395908,-0.00352890510112047,42.4871559143066,-71.4769821166992,727.437316894531,657.36572265625,0.217700406908989,-7.18839359283447,115.511199951172,56.2604446411133,0.446614682674408,0.632793307304382,-1.50994551181793,-0.246672824025154,70
738279.50814508239272981882,55.0430374145508,0.743618249893188,11.4042711257935,0.0120410360395908,-0.00352890510112047,42.4871368408203,-71.4768447875977,727.531433105469,657.428100585938,0.181359112262726,-4.8734245300293,115.167579650879,56.2169570922852,0.461539387702942,-1.62292122840881,-1.50111424922943,-0.25020894408226,70
738279.50814746727701276541,54.9981803894043,0.65827488899231,11.3310813903809,0.0120410360395908,-0.00352890510112047,42.487117767334,-71.4767074584961,727.603149414062,657.466918945312,1.30616736412048,-1.6079934835434,115.051742553711,56.1571578979492,0.460571080446243,-3.80232000350952,-1.49235856533051,-0.25361767411232,70
738279.50814990198705345392,54.9357376098633,0.732865631580353,11.2676515579224,0.0120410360395908,-0.00352890510112047,42.4870948791504,-71.4765701293945,727.676879882812,657.724975585938,1.43810331821442,1.53228986263275,114.945732116699,56.084156036377,0.445851862430573,-2.50111842155457,-1.48380160331726,-0.256869345903397,70
738279.50815229502040892839,54.9031257629395,0.672239005565643,11.2351684570312,0.0120410360395908,-0.00352890510112047,42.4870758056641,-71.4764251708984,727.7578125,658.379821777344,0.507334232330322,2.09193062782288,114.635475158691,56.0449295043945,0.432063072919846,0.0870474651455879,-1.47500336170197,-0.260086953639984,70
738279.50815468386281281710,54.8635711669922,0.488851696252823,11.3021354675293,0.0120410360395908,-0.00352890510112047,42.4870567321777,-71.4762878417969,727.8056640625,658.987426757812,0.73346471786499,2.00209069252014,114.188980102539,56.0177536010742,0.412268757820129,-0.860510349273682,-1.4665275812149,-0.263112753629684,70
738279.50815703033003956079,54.7841911315918,0.382451236248016,11.3905782699585,0.0120410360395908,-0.00352890510112047,42.4870338439941,-71.4761505126953,727.820373535156,659.557800292969,1.62929809093475,1.89912438392639,113.799644470215,55.9571189880371,0.372297704219818,-2.24253296852112,-1.45843255519867,-0.266030699014664,70
738279.50815940916072577238,54.7019729614258,0.461123138666153,11.4137601852417,0.0120410360395908,-0.00352890510112047,42.4870147705078,-71.4760131835938,727.839721679688,660.128295898438,1.33960127830505,1.80350005626678,113.562271118164,55.881950378418,0.319960623979568,-1.31752038002014,-1.45065093040466,-0.268866568803787,70
738279.50816169078461825848,54.6692657470703,0.366784512996674,11.3665685653687,0.0120410360395908,-0.00352890510112047,42.4869956970215,-71.4758834838867,727.858520507812,660.682983398438,0.976636290550232,1.67273342609406,113.384201049805,55.8396110534668,0.274291485548019,1.34209251403809,-1.44311094284058,-0.271578788757324,70
738279.50816395680885761976,54.631591796875,0.184404999017715,11.3550138473511,0.0120410360395908,-0.00352890510112047,42.4869766235352,-71.4757537841797,727.844177246094,661.204956054688,1.68016767501831,1.00416004657745,113.114204406738,55.7994728088379,0.225257843732834,2.15803551673889,-1.43571829795837,-0.274262070655823,70
738279.50816657603718340397,54.5452499389648,0.164651870727539,11.4139423370361,0.0120410360395908,-0.00352890510112047,42.4869537353516,-71.4756088256836,727.806579589844,661.760803222656,1.76168656349182,-0.310965061187744,112.686141967773,55.7269172668457,0.155878588557243,-0.441141366958618,-1.42788028717041,-0.277222663164139,70
738279.50816906616091728210,54.4992332458496,0.114778034389019,11.4004259109497,0.0120410360395908,-0.00352890510112047,42.486930847168,-71.475456237793,727.7646484375,662.31689453125,0.725258409976959,-2.05544137954712,112.254837036133,55.6789855957031,0.0837194249033928,-1.85023307800293,-1.42019259929657,-0.280176520347595,70
738279.50817139644641429186,54.5028076171875,0.0395608656108379,11.2577075958252,0.0120410360395908,-0.00352890510112047,42.4869117736816,-71.4753265380859,727.71484375,662.802185058594,0.145087033510208,-3.96915626525879,111.95442199707,55.6533355712891,0.0213818196207285,-0.508512854576111,-1.413449883461,-0.282793700695038,70
738279.50817368621937930584,54.5269317626953,-0.0580422133207321,11.0131540298462,0.0120410360395908,-0.00352890510112047,42.4868927001953,-71.4751968383789,727.644775390625,663.271240234375,0.209042027592659,-5.9759521484375,111.756080627441,55.628044128418,-0.0427202619612217,1.82211363315582,-1.40681552886963,-0.285432517528534,70
738279.50817598705179989338,54.5647277832031,-0.0927016139030457,10.7532043457031,0.0120410360395908,-0.00352890510112047,42.486873626709,-71.4750595092773,727.562622070312,663.721008300781,-0.117324367165565,-7.70085620880127,111.58740234375,55.6142921447754,-0.109281167387962,1.99829041957855,-1.40045666694641,-0.288018405437469,70
738279.50817889731843024492,54.6360664367676,-0.116604946553707,10.5134515762329,0.0120410360395908,-0.00352890510112047,42.4868545532227,-71.4749221801758,727.470458984375,663.633605957031,-1.4431539773941,-8.17541313171387,111.347137451172,55.6385307312012,-0.178461804986,-0.534667432308197,-1.39378678798676,-0.290771067142487,70
738279.50818119582254439592,54.7400779724121,-0.334138810634613,10.2065410614014,0.0120410360395908,-0.00352890510112047,42.4868316650391,-71.4747619628906,727.33935546875,663.493469238281,-2.03223919868469,-8.41694736480713,111.119354248047,55.6844787597656,-0.252781093120575,-1.05442488193512,-1.38636684417725,-0.293826907873154,70
738279.50818343821447342634,54.809814453125,-0.311632841825485,9.82558536529541,0.0120410360395908,-0.00352890510112047,42.48681640625,-71.4746322631836,727.203796386719,663.350891113281,-1.46908903121948,-8.62339401245117,111.272109985352,55.6844253540039,-0.322906970977783,1.51850295066833,-1.38063502311707,-0.296201378107071,70
738279.50818569725379347801,54.887809753418,-0.18344883620739,9.53531455993652,0.0120410360395908,-0.00352890510112047,42.4867973327637,-71.474494934082,727.096008300781,663.236450195312,-2.18148493766785,-8.70653343200684,111.770362854004,55.7102088928223,-0.386541754007339,0.222636327147484,-1.37507522106171,-0.298463106155396,70
738279.50818799773696810007,54.9750862121582,-0.392051577568054,9.36581420898438,0.0120410360395908,-0.00352890510112047,42.4867820739746,-71.474365234375,726.973327636719,663.107177734375,-1.96562886238098,-8.6848316192627,112.30876159668,55.7685585021973,-0.434577792882919,-2.92985415458679,-1.36928057670593,-0.300691932439804,70
738279.50819031998980790377,55.0290069580078,-0.415757238864899,9.07207202911377,0.0120410360395908,-0.00352890510112047,42.4867668151855,-71.4742279052734,726.820251464844,662.947692871094,-1.01407027244568,-8.32495784759521,112.68733215332,55.7733535766602,-0.487113535404205,-2.40126276016235,-1.36368489265442,-0.302811741828918,70
738279.50819287402555346489,55.0702857971191,-0.346620976924896,8.72444438934326,0.0120410360395908,-0.00352890510112047,42.4867477416992,-71.4740829467773,726.664123535156,662.784912109375,-1.24410176277161,-7.78379821777344,113.159622192383,55.7581596374512,-0.544014453887939,-1.37201738357544,-1.35770440101624,-0.305012494325638,70
738279.50819532258901745081,55.1230583190918,-0.284469604492188,8.42462539672852,0.0120410360395908,-0.00352890510112047,42.4867324829102,-71.4739456176758,726.528991699219,662.643737792969,-1.61657702922821,-7.59036302566528,113.74040222168,55.7638473510742,-0.583112418651581,-1.21379709243774,-1.35188126564026,-0.306972146034241,70
738279.50819765904452651739,55.1721839904785,-0.309621810913086,8.18593406677246,0.0120410360395908,-0.00352890510112047,42.4867172241211,-71.4738082885742,726.402526855469,662.511657714844,-1.17720437049866,-7.50288724899292,114.317245483398,55.7770156860352,-0.604227423667908,-1.98443496227264,-1.34618520736694,-0.308705031871796,70
738279.50819989305455237627,55.2013244628906,-0.352665424346924,7.9580717086792,0.0120410360395908,-0.00352890510112047,42.4867057800293,-71.4736785888672,726.270446777344,662.374389648438,-0.29998454451561,-7.48253917694092,114.708724975586,55.7731246948242,-0.618280291557312,-2.52366161346436,-1.34063386917114,-0.310253441333771,70
738279.50820222182665020227,55.2218132019043,-0.327003568410873,7.67337465286255,0.0120410360395908,-0.00352890510112047,42.4866905212402,-71.4735412597656,726.1337890625,662.232604980469,-0.225369498133659,-7.53869104385376,114.799606323242,55.7533531188965,-0.631827890872955,-1.83436441421509,-1.33497536182404,-0.311711043119431,70
738279.50820448319427669048,55.2595710754395,-0.282102912664413,7.32139253616333,0.0120410360395908,-0.00352890510112047,42.4866790771484,-71.4734039306641,726.012329101562,662.1064453125,-1.24081063270569,-7.59376049041748,114.640380859375,55.7431831359863,-0.639516770839691,0.585606694221497,-1.32939910888672,-0.313002467155457,70
738279.50820684584323316813,55.2907218933105,-0.474693596363068,7.04363441467285,0.0120410360395908,-0.00352890510112047,42.4866676330566,-71.473274230957,725.866394042969,661.956115722656,-0.704712867736816,-7.41806888580322,114.49267578125,55.7395935058594,-0.644643306732178,1.11827802658081,-1.32374668121338,-0.314170688390732,70
738279.50820916413795202971,55.2901992797852,-0.387831091880798,6.82614898681641,0.0120410360395908,-0.00352890510112047,42.4866561889648,-71.4731369018555,725.709167480469,661.503723144531,0.140626475214958,-7.1740026473999,114.461219787598,55.7113342285156,-0.6626797914505,-1.16159796714783,-1.31825590133667,-0.31519541144371,70
738279.50821144646033644676,55.3238487243652,-0.332847565412521,6.57666492462158,0.0120410360395908,-0.00352890510112047,42.486644744873,-71.4729995727539,725.575378417969,661.026245117188,-0.726389586925507,-6.83192586898804,114.332160949707,55.7143745422363,-0.676779389381409,-1.60931158065796,-1.31274080276489,-0.316067665815353,70
738279.50821379513945430517,55.3793182373047,-0.566321015357971,6.30746459960938,0.0120410360395908,-0.00352890510112047,42.4866333007812,-71.4728698730469,725.417114257812,660.522155761719,-0.791251301765442,-6.34960460662842,113.954650878906,55.740234375,-0.686072766780853,0.106337673962116,-1.30717635154724,-0.316784888505936,70
738279.50821605080273002386,55.3897094726562,-0.641481697559357,6.12570714950562,0.0120410360395908,-0.00352890510112047,42.4866218566895,-71.4727325439453,725.226013183594,659.988525390625,-0.162990495562553,-5.90492725372314,113.495170593262,55.7311019897461,-0.713228702545166,-1.29995405673981,-1.30195963382721,-0.317347049713135,70
738279.50821831077337265015,55.378002166748,-0.54277515411377,6.03068780899048,0.0120410360395908,-0.00352890510112047,42.4866104125977,-71.4726028442383,725.046081542969,659.472778320312,-0.695444285869598,-5.37077951431274,113.211784362793,55.7080497741699,-0.751586139202118,-5.07714462280273,-1.29706716537476,-0.3177630007267,70
738279.50822054746095091105,55.4064445495605,-0.565080642700195,5.89509344100952,0.0120410360395908,-0.00352890510112047,42.4866027832031,-71.4724731445312,724.876281738281,659.057861328125,-1.40972113609314,-4.81807088851929,113.156494140625,55.722038269043,-0.783407211303711,-5.85212707519531,-1.2921427488327,-0.318048059940338,70
738279.50822280475404113531,55.443229675293,-0.718233168125153,5.66630554199219,0.0120410360395908,-0.00352890510112047,42.4865913391113,-71.4723434448242,724.686584472656,658.663757324219,-0.861181557178497,-4.50821304321289,113.177513122559,55.7366523742676,-0.812170267105103,-2.64730262756348,-1.28731620311737,-0.318216949701309,70
738279.50822504796087741852,55.461669921875,-0.752241611480713,5.43091917037964,0.0120410360395908,-0.00352890510112047,42.4865837097168,-71.4722061157227,724.47607421875,658.246887207031,-0.384183704853058,-4.58236312866211,113.102813720703,55.7320175170898,-0.850488662719727,-0.112717375159264,-1.28265297412872,-0.31827312707901,70
738279.50822743470780551434,55.4753608703613,-0.750405073165894,5.28786134719849,0.0120410360395908,-0.00352890510112047,42.486572265625,-71.4720687866211,724.256286621094,657.811096191406,-1.01804494857788,-4.52732944488525,112.92797088623,55.7318572998047,-0.894906640052795,-1.43238997459412,-1.27793180942535,-0.318207263946533,70
738279.50822973437607288361,55.4909515380859,-0.882478952407837,5.18000841140747,0.0120410360395908,-0.00352890510112047,42.4865646362305,-71.4719390869141,724.026428222656,657.367919921875,-1.07364618778229,-4.24474334716797,112.845024108887,55.739185333252,-0.937823951244354,-2.83516001701355,-1.27336406707764,-0.318020403385162,70
738279.50823208759538829327,55.4857559204102,-0.945160686969757,4.969313621521,0.0120410360395908,-0.00352890510112047,42.4865570068359,-71.4718017578125,723.767944335938,656.892700195312,-0.0410204082727432,-4.00731563568115,112.953422546387,55.7158546447754,-0.989377915859222,-0.558883726596832,-1.26895534992218,-0.317712277173996,70
738279.50823446211870759726,55.4793586730957,-0.867646634578705,4.74139356613159,0.0120410360395908,-0.00352890510112047,42.4865493774414,-71.4716567993164,723.514282226562,656.420532226562,-0.161882311105728,-3.7854950428009,113.088035583496,55.6883544921875,-1.0441517829895,1.52272367477417,-1.26468455791473,-0.317283540964127,70
738279.50823677459266036749,55.5037612915039,-0.956993520259857,4.63369464874268,0.0120410360395908,-0.00352890510112047,42.4865417480469,-71.4715270996094,723.271850585938,655.967834472656,-0.855682075023651,-3.51992535591125,113.039611816406,55.7050666809082,-1.08667373657227,0.212600558996201,-1.2605721950531,-0.316765129566193,70
738279.50823901162948459387,55.5282440185547,-1.10310769081116,4.51798629760742,0.0120410360395908,-0.00352890510112047,42.4865341186523,-71.4713897705078,722.995788574219,655.479736328125,-0.465960919857025,-3.27234792709351,112.821350097656,55.7226600646973,-1.13065624237061,0.0410977937281132,-1.25656712055206,-0.316131621599197,70
738279.50824132049456238747,55.5465202331543,-1.22519707679749,4.36951494216919,0.0120410360395908,-0.00352890510112047,42.4865264892578,-71.4712600708008,722.702270507812,654.977416992188,-0.202084675431252,-3.05420970916748,112.477882385254,55.7315902709961,-1.18451142311096,1.08349096775055,-1.25289630889893,-0.315409868955612,70
738279.50824357522651553154,55.5528221130371,-1.35551500320435,4.28783226013184,0.0120410360395908,-0.00352890510112047,42.4865188598633,-71.4711303710938,722.381103515625,654.446350097656,-0.225429370999336,-2.43332815170288,112.070014953613,55.7345390319824,-1.25090146064758,0.129529148340225,-1.24951100349426,-0.314597278833389,70
738279.50824601401109248400,55.5551986694336,-1.42451429367065,4.22700643539429,0.0120410360395908,-0.00352890510112047,42.4865112304688,-71.4709854125977,722.016235351562,653.856628417969,-0.723863422870636,-1.71026659011841,111.733901977539,55.7339859008789,-1.33472716808319,-0.990424871444702,-1.24624085426331,-0.313624233007431,70
738279.50824839819688349962,55.5774993896484,-1.39887464046478,4.15280866622925,0.0120410360395908,-0.00352890510112047,42.4865036010742,-71.4708480834961,721.6611328125,653.284423828125,-1.71441161632538,-1.0387145280838,111.656280517578,55.7499885559082,-1.41803920269012,-0.847140431404114,-1.24332714080811,-0.31259697675705,70
738279.50825078692287206650,55.6412353515625,-1.43780934810638,4.06726503372192,0.0120410360395908,-0.00352890510112047,42.4864959716797,-71.470703125,721.293823242188,652.691589355469,-2.44047403335571,-0.569186508655548,111.844619750977,55.8082160949707,-1.49405217170715,0.232967764139175,-1.24038326740265,-0.31143519282341,70
738279.50825305038597434759,55.7147521972656,-1.54296410083771,4.02841997146606,0.0120410360395908,-0.00352890510112047,42.4864883422852,-71.470573425293,720.931030273438,652.115112304688,-2.19050288200378,-0.750380575656891,112.067733764648,55.8815040588379,-1.55766665935516,0.0980654284358025,-1.23769128322601,-0.310267269611359,70
738279.50825538556091487408,55.7693481445312,-1.6736626625061,4.02679204940796,0.0120410360395908,-0.00352890510112047,42.4864845275879,-71.4704360961914,720.547424316406,651.520812988281,-1.50532913208008,-0.909634530544281,112.151405334473,55.9395790100098,-1.62192833423615,-1.15996539592743,-1.23523986339569,-0.309056341648102,70
738279.50825795810669660568,55.8056755065918,-1.70760715007782,3.99922299385071,0.0120410360395908,-0.00352890510112047,42.4864768981934,-71.4702911376953,720.098937988281,650.839233398438,-1.37440764904022,-1.09221243858337,112.0537109375,55.9748458862305,-1.70318472385406,-1.70960557460785,-1.23287510871887,-0.307635396718979,70
738279.50826075463555753231,55.858211517334,-1.72627139091492,3.87323641777039,0.0120410360395908,-0.00352890510112047,42.4864692687988,-71.4701309204102,719.616149902344,650.102600097656,-2.36111330986023,-1.3332188129425,111.988464355469,56.0189399719238,-1.78811860084534,0.218198359012604,-1.23050940036774,-0.306010037660599,70
738279.50826331321150064468,55.9099502563477,-1.88008439540863,3.77206158638,0.0120410360395908,-0.00352890510112047,42.4864616394043,-71.469970703125,719.124389648438,649.363525390625,-1.75439214706421,-1.54009199142456,112.21639251709,56.0685806274414,-1.86189043521881,0.934504389762878,-1.22834694385529,-0.304383099079132,70
738279.50826569099444895983,55.9535980224609,-1.69908678531647,3.76777958869934,0.0120410360395908,-0.00352890510112047,42.4864540100098,-71.4698333740234,718.683532714844,648.698913574219,-1.82612562179565,-1.62253701686859,112.509284973145,56.1060447692871,-1.92721712589264,-1.51279950141907,-1.22658443450928,-0.302864640951157,70
738279.50826810917351394892,56.0162887573242,-1.8301864862442,3.63816356658936,0.0120410360395908,-0.00352890510112047,42.4864501953125,-71.4696884155273,718.246643066406,648.034362792969,-2.5489673614502,-1.73296499252319,112.672988891602,56.1641387939453,-1.97238516807556,0.5504150390625,-1.22468340396881,-0.301264703273773,70
738279.50827036763075739145,56.042423248291,-1.89191687107086,3.488205909729,0.0120410360395908,-0.00352890510112047,42.486442565918,-71.4695510864258,717.801635742188,647.374084472656,-1.5024870634079,-1.84668564796448,112.882263183594,56.1827392578125,-2.01303362846375,2.88307189941406,-1.22300636768341,-0.299711167812347,70
738279.50827268115244805813,56.0619125366211,-1.70888066291809,3.44830465316772,0.0120410360395908,-0.00352890510112047,42.4864387512207,-71.4694137573242,717.379821777344,646.737670898438,-1.714115858078,-1.86309492588043,113.262680053711,56.1938514709473,-2.05169653892517,1.01214230060577,-1.22143113613129,-0.298104166984558,70
738279.50827506021596491337,56.1242065429688,-1.77176868915558,3.43166017532349,0.0120410360395908,-0.00352890510112047,42.4864311218262,-71.4692764282227,716.953430175781,646.454223632812,-2.28587198257446,-1.84629714488983,113.634246826172,56.2569274902344,-2.07028937339783,-0.945437073707581,-1.21957683563232,-0.296353876590729,70
738279.50827739527449011803,56.1660232543945,-1.85174024105072,3.30380010604858,0.0120410360395908,-0.00352890510112047,42.4864273071289,-71.4691390991211,716.513244628906,646.413208007812,-1.46756899356842,-1.91385281085968,113.78564453125,56.293571472168,-2.08375477790833,1.14051640033722,-1.21780097484589,-0.294618785381317,70
738279.50827975966967642307,56.1865539550781,-1.67308342456818,3.22708892822266,0.0120410360395908,-0.00352890510112047,42.4864196777344,-71.468994140625,716.076171875,646.263916015625,-2.03026556968689,-1.95993375778198,113.900497436523,56.3040161132812,-2.09871220588684,0.474359482526779,-1.21602559089661,-0.292764842510223,70
738279.50828211463522166014,56.2293548583984,-1.68722462654114,3.22559142112732,0.0120410360395908,-0.00352890510112047,42.4864158630371,-71.4688568115234,715.675231933594,646.022399902344,-2.46824336051941,-1.9459263086319,114.178817749023,56.3470611572266,-2.09664916992188,-1.99150156974792,-1.21412801742554,-0.290942639112473,70
738279.50828437670134007931,56.2721672058105,-1.71535694599152,3.14140796661377,0.0120410360395908,-0.00352890510112047,42.4864082336426,-71.4687194824219,715.264343261719,645.770263671875,-1.60738027095795,-1.97455382347107,114.523399353027,56.3858833312988,-2.08828783035278,-1.15109431743622,-1.21215963363647,-0.289075136184692,70
738279.50828679499682039022,56.3051109313965,-1.57175159454346,2.9663519859314,0.0120410360395908,-0.00352890510112047,42.4864044189453,-71.4685821533203,714.861999511719,645.529296875,-1.84051883220673,-2.0555145740509,114.740386962891,56.405101776123,-2.07731199264526,1.8303736448288,-1.21010208129883,-0.287117630243301,70
738279.50828913704026490450,56.3562660217285,-1.53368484973907,2.85304141044617,0.0120410360395908,-0.00352890510112047,42.486400604248,-71.4684448242188,714.484436035156,645.310424804688,-2.59102416038513,-2.10471606254578,114.851379394531,56.4492797851562,-2.05355477333069,2.19206690788269,-1.20785474777222,-0.285131275653839,70
738279.50829149177297949791,56.3901100158691,-1.60158169269562,2.83193135261536,0.0120410360395908,-0.00352890510112047,42.4863967895508,-71.4682998657227,714.099060058594,645.083251953125,-1.93268775939941,-2.11243343353271,115.011520385742,56.48388671875,-2.02410292625427,-0.0227126739919186,-1.20547580718994,-0.283093214035034,70
738279.50829386361874639988,56.3966293334961,-1.49658274650574,2.78646969795227,0.0120410360395908,-0.00352890510112047,42.4863891601562,-71.4681625366211,713.702453613281,644.850524902344,-1.02856838703156,-2.15145802497864,115.282493591309,56.4852561950684,-1.99893629550934,-1.22231757640839,-1.20300817489624,-0.280918180942535,70
738279.50829618645366281271,56.4203796386719,-1.34659039974213,2.67825627326965,0.0120410360395908,-0.00352890510112047,42.486385345459,-71.4680252075195,713.351379394531,644.657287597656,-1.50547695159912,-2.26972556114197,115.491737365723,56.4999618530273,-1.96801745891571,-0.588689506053925,-1.20045220851898,-0.278773963451385,70
738279.50829850137233734131,56.469295501709,-1.36039590835571,2.61646389961243,0.0120410360395908,-0.00352890510112047,42.4863815307617,-71.467887878418,713.013732910156,644.475280761719,-1.84309673309326,-2.40795373916626,115.47590637207,56.5462455749512,-1.92473173141479,-1.65175795555115,-1.19765567779541,-0.276605367660522,70
738279.50830082513857632875,56.5166969299316,-1.38002252578735,2.56232833862305,0.0120410360395908,-0.00352890510112047,42.4863777160645,-71.4677429199219,712.670349121094,644.289123535156,-1.73278868198395,-2.57135725021362,115.250289916992,56.5915794372559,-1.87988913059235,-2.9284873008728,-1.19469881057739,-0.274361401796341,70
738279.50830309791490435600,56.5440292358398,-1.43006610870361,2.4871187210083,0.0120410360395908,-0.00352890510112047,42.4863739013672,-71.4676132202148,712.328918457031,644.099792480469,-1.31936359405518,-2.73743224143982,114.940071105957,56.6167678833008,-1.84347629547119,-3.36840534210205,-1.19181191921234,-0.272148638963699,70
738279.50830530701205134392,56.5479621887207,-1.42672431468964,2.386305809021,0.0120410360395908,-0.00352890510112047,42.4863700866699,-71.4674758911133,711.987060546875,643.989440917969,-1.02922940254211,-2.88856101036072,114.683731079102,56.6162719726562,-1.81909763813019,-3.13206386566162,-1.18902134895325,-0.269922614097595,70
738279.50830790575128048658,56.5462608337402,-1.32001459598541,2.21821427345276,0.0120410360395908,-0.00352890510112047,42.4863662719727,-71.4673233032227,711.606079101562,643.854370117188,-1.44258785247803,-3.0383882522583,114.599784851074,56.6051445007324,-1.7983992099762,-1.71546185016632,-1.18579864501953,-0.267265886068344,70
738279.50831071415450423956,56.5778732299805,-1.23159742355347,2.05606174468994,0.0120410360395908,-0.00352890510112047,42.4863624572754,-71.4671630859375,711.231567382812,643.737121582031,-2.08995461463928,-2.42071199417114,114.782821655273,56.6286125183105,-1.76918029785156,-1.06122899055481,-1.18221056461334,-0.264411687850952,70
738279.50831328716594725847,56.6262817382812,-1.20664083957672,1.90832459926605,0.0120410360395908,-0.00352890510112047,42.4863586425781,-71.4670104980469,710.884216308594,643.637145996094,-2.06068730354309,-1.1998051404953,115.046463012695,56.6712760925293,-1.73102080821991,0.3950155377388,-1.17851090431213,-0.261613577604294,70
738279.50831572723109275103,56.665599822998,-1.246258020401,1.83146893978119,0.0120410360395908,-0.00352890510112047,42.4863548278809,-71.4668655395508,710.54833984375,643.537231445312,-1.51133859157562,-0.0431420020759106,115.189178466797,56.7088851928711,-1.6935613155365,0.985071361064911,-1.1748548746109,-0.258872002363205,70
738279.50831808114890009165,56.6932983398438,-1.23438155651093,1.845623254776,0.0120410360395908,-0.00352890510112047,42.4863548278809,-71.4667282104492,710.231811523438,643.440795898438,-1.44916009902954,1.05187523365021,115.13648223877,56.736759185791,-1.66580581665039,0.016189293935895,-1.17144346237183,-0.256256371736526,70
738279.50832043378613889217,56.7323837280273,-1.15317749977112,1.90423464775085,0.0120410360395908,-0.00352890510112047,42.4863510131836,-71.4665832519531,709.912902832031,643.350769042969,-2.27781271934509,2.05536675453186,114.952072143555,56.7760467529297,-1.64145994186401,-0.904141783714294,-1.16786313056946,-0.2534559071064,70
738279.50832272018305957317,56.7602844238281,-1.42899441719055,1.90087699890137,0.0120410360395908,-0.00352890510112047,42.4863471984863,-71.4664459228516,709.594543457031,643.250122070312,-1.9152227640152,2.29265141487122,114.844146728516,56.8100814819336,-1.62008261680603,0.781985878944397,-1.16439950466156,-0.250758051872253,70
738279.50832496269140392542,56.766242980957,-1.23454427719116,1.93990159034729,0.0120410360395908,-0.00352890510112047,42.4863471984863,-71.46630859375,709.258972167969,643.131530761719,-0.963052690029144,2.27837777137756,114.874900817871,56.8127937316895,-1.62079811096191,1.50771033763885,-1.16119146347046,-0.248022347688675,70
738279.50832718203309923410,56.8021926879883,-1.26576745510101,2.07397556304932,0.0120410360395908,-0.00352890510112047,42.4863433837891,-71.466178894043,708.970520019531,643.051391601562,-1.97181677818298,2.58129644393921,114.809448242188,56.854133605957,-1.61788773536682,-1.29507446289062,-1.15802764892578,-0.24537056684494,70
738279.50832945026922971010,56.8121910095215,-1.34744393825531,2.09353852272034,0.0120410360395908,-0.00352890510112047,42.4863395690918,-71.4660415649414,708.6337890625,642.934448242188,-1.20439207553864,3.08830690383911,114.674415588379,56.8667182922363,-1.61680293083191,0.667922496795654,-1.1546938419342,-0.242546632885933,70
738279.50833178521133959293,56.8095588684082,-1.06959199905396,2.15433573722839,0.0120410360395908,-0.00352890510112047,42.4863357543945,-71.4659042358398,708.328735351562,642.849304199219,-1.76543998718262,3.57470011711121,114.748840332031,56.8604545593262,-1.61916768550873,1.75443172454834,-1.15138828754425,-0.239715337753296,70
738279.50833409407641738653,56.8513031005859,-1.0904848575592,2.30783581733704,0.0120410360395908,-0.00352890510112047,42.4863319396973,-71.4657669067383,708.049621582031,642.789306640625,-2.17181515693665,4.13275671005249,115.013748168945,56.908576965332,-1.6007274389267,-0.172048956155777,-1.14778661727905,-0.236892879009247,70
738279.50833641504868865013,56.8898010253906,-1.16749787330627,2.4590277671814,0.0120410360395908,-0.00352890510112047,42.486328125,-71.4656295776367,707.751708984375,642.715515136719,-1.31472682952881,4.71282386779785,115.199501037598,56.9548873901367,-1.57436990737915,-0.808073818683624,-1.14395713806152,-0.234009623527527,70
738279.50833875511307269335,56.8962669372559,-1.13601446151733,2.56082081794739,0.0120410360395908,-0.00352890510112047,42.4863243103027,-71.4654846191406,707.450134277344,642.637084960938,-0.841515898704529,5.25143718719482,115.172752380371,56.9651985168457,-1.55432498455048,1.06460416316986,-1.14017283916473,-0.231163412332535,70
738279.50834108225535601377,56.8977584838867,-1.05657005310059,2.67103314399719,0.0120410360395908,-0.00352890510112047,42.4863204956055,-71.4653472900391,707.161193847656,642.5732421875,-1.48155045509338,5.79361343383789,115.069511413574,56.9702186584473,-1.53541946411133,2.83170104026794,-1.13630867004395,-0.228323742747307,70
738279.50834341091103851795,56.9064064025879,-1.07800400257111,2.86343288421631,0.0120410360395908,-0.00352890510112047,42.4863166809082,-71.4652099609375,706.884765625,642.516479492188,-1.6020382642746,6.38710832595825,115.10245513916,56.988597869873,-1.51274800300598,1.94504415988922,-1.13241326808929,-0.225586086511612,70
738279.50834571628365665674,56.895133972168,-1.10387921333313,3.13892817497253,0.0120410360395908,-0.00352890510112047,42.4863128662109,-71.4650650024414,706.586303710938,642.449401855469,-0.643731951713562,7.11376476287842,115.32250213623,56.9923439025879,-1.49137783050537,0.0217961464077234,-1.12827956676483,-0.222737491130829,70
738279.50834792747627943754,56.8774681091309,-0.997119784355164,3.33351826667786,0.0120410360395908,-0.00352890510112047,42.4863052368164,-71.4649353027344,706.321960449219,642.39794921875,-0.367978096008301,7.78680467605591,115.512245178223,56.9837951660156,-1.47556638717651,1.77315402030945,-1.12446916103363,-0.220182925462723,70
738279.50835021736565977335,56.8739929199219,-1.03292036056519,3.47437071800232,0.0120410360395908,-0.00352890510112047,42.4863014221191,-71.4647979736328,706.060607910156,642.355407714844,-0.718217849731445,8.45537281036377,115.498489379883,56.9893798828125,-1.45412707328796,5.01700592041016,-1.12041938304901,-0.21761429309845,70
738279.50835252064280211926,56.8452072143555,-1.18257701396942,3.72432804107666,0.0120410360395908,-0.00352890510112047,42.4862937927246,-71.4646606445312,705.7724609375,642.287719726562,0.00189025478903204,9.16290473937988,115.324966430664,56.9793548583984,-1.43763780593872,4.57467412948608,-1.11635494232178,-0.215099900960922,70
738279.50835492834448814392,56.7619705200195,-1.13729047775269,4.1405029296875,0.0120410360395908,-0.00352890510112047,42.4862899780273,-71.4645156860352,705.453308105469,642.204528808594,0.542094588279724,9.95254325866699,115.161201477051,56.9241485595703,-1.43838357925415,1.5490311384201,-1.11221468448639,-0.2124954611063,70
738279.50835718237794935703,56.7039108276367,-1.01654171943665,4.49082469940186,0.0120410360395908,-0.00352890510112047,42.4862823486328,-71.4643859863281,705.179016113281,642.147827148438,-0.233497470617294,10.6059322357178,115.062881469727,56.8905487060547,-1.44202888011932,1.50081622600555,-1.10841882228851,-0.210211083292961,70
738279.50835946365259587765,56.6831398010254,-1.03721272945404,4.77488565444946,0.0120410360395908,-0.00352890510112047,42.4862747192383,-71.4642486572266,704.914672851562,641.852966308594,-0.997994422912598,11.0277624130249,114.97484588623,56.8933525085449,-1.43530476093292,3.36540055274963,-1.10441601276398,-0.207999467849731,70
738279.50836178299505263567,56.6514587402344,-1.1135892868042,5.11802673339844,0.0120410360395908,-0.00352890510112047,42.4862670898438,-71.464111328125,704.630676269531,641.529663085938,-0.678216457366943,10.9710454940796,114.892532348633,56.8930740356445,-1.4267019033432,3.16152834892273,-1.10031390190125,-0.205877885222435,70
738279.50836401397828012705,56.5917091369629,-1.04137253761292,5.54728078842163,0.0120410360395908,-0.00352890510112047,42.486255645752,-71.4639739990234,704.358581542969,641.219543457031,-0.729289591312408,10.9373302459717,114.868942260742,56.8724746704102,-1.4240266084671,0.710729718208313,-1.09642660617828,-0.203971534967422,70
738279.50836631318088620901,56.5458717346191,-0.963607728481293,5.98921298980713,0.0120410360395908,-0.00352890510112047,42.4862480163574,-71.4638366699219,704.092895507812,640.913696289062,-1.31461417675018,10.8882246017456,114.981407165527,56.8703308105469,-1.41679322719574,-1.23026645183563,-1.09227323532104,-0.202122181653976,70
738279.50836887629702687263,56.5142135620117,-0.89106673002243,6.38398933410645,0.0120410360395908,-0.00352890510112047,42.4862365722656,-71.4636917114258,703.812072753906,640.588989257812,-1.04195535182953,10.7163963317871,115.239921569824,56.8806266784668,-1.39979755878448,-0.536121845245361,-1.08759760856628,-0.200300663709641,70
738279.50837155501358211040,56.4749603271484,-0.815088391304016,6.78238296508789,0.0120410360395908,-0.00352890510112047,42.4862213134766,-71.4635314941406,703.539611816406,640.269775390625,-1.0533539056778,10.4302043914795,115.530784606934,56.8866081237793,-1.36911034584045,0.0227809175848961,-1.08240902423859,-0.198611751198769,70
738279.50837399752344936132,56.4480209350586,-0.708317995071411,7.12543487548828,0.0120410360395908,-0.00352890510112047,42.4862098693848,-71.4633865356445,703.308288574219,639.995361328125,-1.51308834552765,10.1947889328003,115.7568359375,56.9003753662109,-1.32903933525085,0.918833374977112,-1.07739365100861,-0.197298794984818,70
738279.50837639695964753628,56.4455833435059,-0.598893761634827,7.46942901611328,0.0120410360395908,-0.00352890510112047,42.4861946105957,-71.4632415771484,703.102172851562,639.745910644531,-2.32354235649109,10.0619602203369,115.952423095703,56.9407997131348,-1.27587008476257,1.47322964668274,-1.07207369804382,-0.19619882106781,70
738279.50837877148296684027,56.4465408325195,-0.59758996963501,7.80036640167236,0.0120410360395908,-0.00352890510112047,42.4861831665039,-71.4630966186523,702.912963867188,639.514343261719,-2.24806666374207,10.012598991394,116.181259155273,56.9860916137695,-1.21418631076813,1.58546733856201,-1.06661891937256,-0.195338264107704,70
738279.50838104484137147665,56.4094352722168,-0.582407891750336,8.11454486846924,0.0120410360395908,-0.00352890510112047,42.4861679077148,-71.4629669189453,702.730102539062,639.290649414062,-1.24206125736237,9.98822116851807,116.508949279785,56.9930648803711,-1.15666532516479,1.94717609882355,-1.06124675273895,-0.194701001048088,70
738279.50838337803725153208,56.3586502075195,-0.382007658481598,8.42751026153564,0.0120410360395908,-0.00352890510112047,42.486156463623,-71.4628295898438,702.567932128906,639.08642578125,-0.920827567577362,9.95434951782227,116.950531005859,56.9865455627441,-1.09951114654541,3.39562726020813,-1.05558621883392,-0.194239363074303,70
738279.50838569621555507183,56.3322525024414,-0.530676543712616,8.78788757324219,0.0120410360395908,-0.00352890510112047,42.486141204834,-71.4626846313477,702.414428710938,638.890747070312,-0.706818699836731,9.97693824768066,117.147094726562,57.0160636901855,-1.03491389751434,1.22773385047913,-1.04965555667877,-0.193980634212494,70
738279.50838800694327801466,56.2632865905762,-0.666742026805878,9.14915943145752,0.0120410360395908,-0.00352890510112047,42.4861259460449,-71.4625549316406,702.221557617188,638.655822753906,0.625797748565674,10.0177583694458,116.885330200195,57.006217956543,-0.988698959350586,-0.349019765853882,-1.04385006427765,-0.193913951516151,70
738279.50839028810150921345,56.1646995544434,-0.555927395820618,9.43041706085205,0.0120410360395908,-0.00352890510112047,42.4861068725586,-71.4624176025391,702.03515625,638.427429199219,0.435243457555771,10.0060634613037,116.403480529785,56.9536247253418,-0.966748416423798,1.78700852394104,-1.03827691078186,-0.194042295217514,70
738279.50839263806119561195,56.0980758666992,-0.619283676147461,9.72076225280762,0.0120410360395908,-0.00352890510112047,42.4860916137695,-71.4622802734375,701.851623535156,638.200622558594,-0.178376644849777,9.96921157836914,115.955101013184,56.937427520752,-0.949525237083435,2.36336946487427,-1.03252029418945,-0.194377541542053,70
738279.50839491898659616709,56.0352554321289,-0.751832604408264,10.05544090271,0.0120410360395908,-0.00352890510112047,42.4860725402832,-71.4621429443359,701.653076171875,637.959838867188,0.187906518578529,9.8877649307251,115.56925201416,56.9352874755859,-0.942234635353088,0.931429088115692,-1.02698934078217,-0.194898769259453,70
738279.50839718373026698828,55.9592742919922,-0.83669775724411,10.4025344848633,0.0120410360395908,-0.00352890510112047,42.4860572814941,-71.4620056152344,701.432373046875,637.696838378906,0.697206139564514,9.78334903717041,115.116111755371,56.9240989685059,-0.952965557575226,-0.42199370265007,-1.02169573307037,-0.195603743195534,70
738279.50839951669331640005,55.8837776184082,-0.914366781711578,10.7143592834473,0.0120410360395908,-0.00352890510112047,42.4860382080078,-71.4618682861328,701.1884765625,637.409484863281,0.619960188865662,9.40924167633057,114.531105041504,56.9089660644531,-0.982411801815033,-0.471433013677597,-1.01656186580658,-0.196519762277603,70
738279.50840186711866408587,55.8275108337402,-0.950569212436676,10.9543399810791,0.0120410360395908,-0.00352890510112047,42.4860191345215,-71.4617309570312,700.935241699219,637.112854003906,-0.143130600452423,8.4306697845459,113.906356811523,56.900016784668,-1.02477407455444,1.15351951122284,-1.01168406009674,-0.197628989815712,70
738279.50840417959261685610,55.7912368774414,-1.00177705287933,11.1344518661499,0.0120410360395908,-0.00352890510112047,42.4860000610352,-71.4615936279297,700.671691894531,636.805480957031,-0.733905255794525,6.66066932678223,113.433609008789,56.9002799987793,-1.07312703132629,2.86475944519043,-1.00694835186005,-0.19894628226757,70
738279.50840645947027951479,55.7495231628418,-1.0042587518692,11.2823839187622,0.0120410360395908,-0.00352890510112047,42.4859809875488,-71.4614639282227,700.407104492188,636.497680664062,-0.643807947635651,4.84815692901611,113.310913085938,56.8885765075684,-1.12228763103485,3.48194622993469,-1.00242495536804,-0.200424402952194,70
738279.50840878940653055906,55.6982078552246,-0.93669581413269,11.4187097549438,0.0120410360395908,-0.00352890510112047,42.4859619140625,-71.4613265991211,700.146728515625,636.193664550781,-0.428572088479996,3.0707061290741,113.564117431641,56.8643531799316,-1.16683733463287,2.69335508346558,-0.997923076152802,-0.202090159058571,70
738279.50841109838802367449,55.6675910949707,-0.816131234169006,11.5272607803345,0.0120410360395908,-0.00352890510112047,42.4859390258789,-71.4611892700195,699.908386230469,635.911804199219,-0.838649392127991,1.45129811763763,114.004051208496,56.8544120788574,-1.19609129428864,1.24042320251465,-0.993346571922302,-0.203903958201408,70
738279.50841354043222963810,55.686393737793,-0.788190901279449,11.5735054016113,0.0120410360395908,-0.00352890510112047,42.4859199523926,-71.461051940918,699.679382324219,635.606567382812,-1.485631108284,0.271841138601303,114.376136779785,56.8818244934082,-1.20332932472229,0.556139290332794,-0.988373696804047,-0.2059406042099,70
738279.50841619388666003942,55.7178573608398,-0.919073224067688,11.5485944747925,0.0120410360395908,-0.00352890510112047,42.485897064209,-71.4608993530273,699.411437988281,635.245727539062,-0.985174894332886,0.220836594700813,114.518478393555,56.9095306396484,-1.1978052854538,1.51745283603668,-0.982771813869476,-0.208345770835876,70
738279.50841883395332843065,55.6920776367188,-0.805477678775787,11.5492782592773,0.0120410360395908,-0.00352890510112047,42.4858741760254,-71.4607391357422,699.130981445312,634.869323730469,-0.610531449317932,0.207945823669434,114.574966430664,56.8827018737793,-1.19827151298523,1.0623140335083,-0.977088093757629,-0.21097631752491,70
738279.50842132244724780321,55.669319152832,-0.629617273807526,11.6342725753784,0.0120410360395908,-0.00352890510112047,42.4858512878418,-71.4605941772461,698.909484863281,634.559265136719,-1.55574488639832,0.291848510503769,114.813026428223,56.8755264282227,-1.18784213066101,-1.79516959190369,-0.971679508686066,-0.213507950305939,70
738279.50842367520090192556,55.6938552856445,-0.644152462482452,11.6696109771729,0.0120410360395908,-0.00352890510112047,42.4858322143555,-71.4604568481445,698.714477539062,634.279907226562,-1.71518361568451,0.328815549612045,115.133110046387,56.9069442749023,-1.15790998935699,-2.21259737014771,-0.966206550598145,-0.215992048382759,70
738279.50842602702323347330,55.7153015136719,-0.677447080612183,11.6260585784912,0.0120410360395908,-0.00352890510112047,42.4858093261719,-71.4603118896484,698.506164550781,633.986083984375,-0.79089367389679,0.278693407773972,115.340293884277,56.9194068908691,-1.12352693080902,-0.172092258930206,-0.960529625415802,-0.218595251441002,70
738279.50842842925339937210,55.7118988037109,-0.602459192276001,11.601879119873,0.0120410360395908,-0.00352890510112047,42.4857864379883,-71.4601669311523,698.303894042969,633.696960449219,-0.705354809761047,0.220918342471123,115.356666564941,56.9103012084961,-1.09214818477631,0.477033287286758,-0.95471602678299,-0.221293121576309,70
738279.50843070109840482473,55.7072601318359,-0.457933723926544,11.5808820724487,0.0120410360395908,-0.00352890510112047,42.485767364502,-71.4600372314453,698.139221191406,633.452880859375,-1.29958617687225,0.0849905759096146,115.322463989258,56.9001350402832,-1.05989527702332,0.653083682060242,-0.949257254600525,-0.223793551325798,70
738279.50843371741939336061,55.6976127624512,-0.304565876722336,11.6022520065308,0.0120410360395908,-0.00352890510112047,42.4857444763184,-71.4598846435547,697.983215332031,633.204895019531,-1.64502573013306,-0.115663908421993,115.545303344727,56.8940162658691,-1.00642240047455,-0.876770198345184,-0.94257265329361,-0.226779773831367,70
738279.50843606924172490835,55.6844444274902,-0.139070376753807,11.628002166748,0.0120410360395908,-0.00352890510112047,42.4857215881348,-71.4597244262695,697.850830078125,632.972473144531,-1.19175732135773,-0.273540019989014,116.164558410645,56.8857383728027,-0.925815522670746,-2.24580478668213,-0.934778690338135,-0.230056673288345,70
738279.50843846914358437061,55.6989669799805,0.0220216438174248,11.5754384994507,0.0120410360395908,-0.00352890510112047,42.4856986999512,-71.4595794677734,697.773803710938,632.870544433594,-1.30943274497986,-0.382916748523712,116.666717529297,56.8890686035156,-0.840150594711304,-0.971164166927338,-0.927681624889374,-0.23282852768898,70
738279.50844080792739987373,55.7351226806641,0.10250011831522,11.5340309143066,0.0120410360395908,-0.00352890510112047,42.4856796264648,-71.4594421386719,697.727233886719,632.805053710938,-1.93580424785614,-0.785634458065033,116.868957519531,56.9161491394043,-0.740329563617706,-0.620072543621063,-0.920218884944916,-0.235586941242218,70
738279.50844313041307032108,55.7264060974121,0.0428639352321625,11.5643720626831,0.0120410360395908,-0.00352890510112047,42.4856605529785,-71.4593124389648,697.667541503906,632.726745605469,-0.966594219207764,-1.1843945980072,116.877151489258,56.9136962890625,-0.642481088638306,-2.80243229866028,-0.912617921829224,-0.23831507563591,70
738279.50844555790536105633,55.7175521850586,0.356084257364273,11.4518175125122,0.0120410360395908,-0.00352890510112047,42.4856376647949,-71.4591674804688,697.644836425781,632.684509277344,-1.18270671367645,-1.64737689495087,116.964942932129,56.883358001709,-0.549206495285034,-0.976478457450867,-0.904504537582397,-0.24118909239769,70
738279.50844798772595822811,55.7546043395996,0.31840381026268,11.3239459991455,0.0120410360395908,-0.00352890510112047,42.4856185913086,-71.4590225219727,697.653625488281,632.673217773438,-1.29995322227478,-2.14331340789795,117.09285736084,56.8938407897949,-0.440622568130493,0.581162631511688,-0.89569479227066,-0.244133993983269,70
738279.50845045153982937336,55.7510681152344,0.321549445390701,11.29443359375,0.0120410360395908,-0.00352890510112047,42.485595703125,-71.4588775634766,697.646423339844,632.64599609375,-0.158698886632919,-2.21601462364197,116.988166809082,56.8845252990723,-0.341575890779495,-1.4705353975296,-0.886718153953552,-0.247056439518929,70
738279.50845301686786115170,55.7342948913574,0.406113535165787,11.2145671844482,0.0120410360395908,-0.00352890510112047,42.4855766296387,-71.4587326049805,697.658325195312,632.637268066406,-0.368420153856277,-2.19616007804871,116.670761108398,56.8528213500977,-0.254268378019333,-1.78203046321869,-0.877350866794586,-0.250055700540543,70
738279.50845576322171837091,55.737003326416,0.459802210330963,11.0498657226562,0.0120410360395908,-0.00352890510112047,42.4855537414551,-71.4585723876953,697.684204101562,632.640808105469,-0.597957789897919,-2.22659063339233,116.327102661133,56.8236274719238,-0.168827518820763,0.356435179710388,-0.867045640945435,-0.253258645534515,70
738279.50845833122730255127,55.7315330505371,0.471911936998367,10.8694763183594,0.0120410360395908,-0.00352890510112047,42.4855308532715,-71.4584197998047,697.716735839844,632.651489257812,-0.0365822799503803,-2.33611869812012,116.139869689941,56.7835540771484,-0.0944552719593048,2.47257351875305,-0.856816351413727,-0.256335526704788,70
738279.50846078956965357065,55.6921272277832,0.507851719856262,10.745849609375,0.0120410360395908,-0.00352890510112047,42.4855079650879,-71.4582672119141,697.751403808594,632.665283203125,0.813637316226959,-2.46701622009277,116.07502746582,56.7216377258301,-0.0342218801379204,2.32009506225586,-0.846964716911316,-0.259209990501404,70
738279.50846324185840785503,55.6374893188477,0.620034575462341,10.6873455047607,0.0120410360395908,-0.00352890510112047,42.4854888916016,-71.4581298828125,697.800903320312,632.694702148438,0.767146527767181,-2.57664060592651,115.984252929688,56.6580429077148,0.0177402067929506,0.0480666682124138,-0.837398767471313,-0.261910706758499,70
738279.50846561032813042402,55.6112670898438,0.556531727313995,10.6268625259399,0.0120410360395908,-0.00352890510112047,42.4854698181152,-71.4579925537109,697.867614746094,632.741821289062,0.0581051707267761,-2.69902944564819,115.769462585449,56.6202545166016,0.0728507041931152,-1.40873289108276,-0.82781982421875,-0.264501750469208,70
738279.50846793747041374445,55.5613441467285,0.511244773864746,10.4763231277466,0.0120410360395908,-0.00352890510112047,42.4854507446289,-71.4578475952148,697.902648925781,632.756774902344,1.14756202697754,-2.91417956352234,115.590545654297,56.5427093505859,0.116480983793736,-0.162121579051018,-0.818064332008362,-0.267105251550674,70
738279.50847030850127339363,55.4962463378906,0.747434973716736,10.3757934570312,0.0120410360395908,-0.00352890510112047,42.4854354858398,-71.4577102661133,697.966979980469,632.801208496094,0.71972268819809,-3.07121157646179,115.579696655273,56.4628105163574,0.14751398563385,-1.59598195552826,-0.808439075946808,-0.269636064767838,70
738279.50847259862348437309,55.4985733032227,0.741616427898407,10.2886791229248,0.0120410360395908,-0.00352890510112047,42.4854164123535,-71.4575805664062,698.055236816406,632.870239257812,-0.297975361347198,-3.19774055480957,115.506385803223,56.4490776062012,0.189374223351479,-2.50057053565979,-0.798872292041779,-0.272014170885086,70
738279.50847496697679162025,55.5162200927734,0.617102086544037,10.0851106643677,0.0120410360395908,-0.00352890510112047,42.4853973388672,-71.4574432373047,698.123657226562,632.918762207031,0.0216014329344034,-3.36621236801147,115.214096069336,56.4281959533691,0.232227653264999,0.506298124790192,-0.788865566253662,-0.274428486824036,70
738279.50847725733183324337,55.5088157653809,0.726259589195251,9.86093807220459,0.0120410360395908,-0.00352890510112047,42.4853820800781,-71.4573059082031,698.18994140625,632.965148925781,-0.132378786802292,-3.46796536445618,114.879325866699,56.382568359375,0.259830206632614,2.81909132003784,-0.7790687084198,-0.276758015155792,70
738279.50847962498664855957,55.514404296875,0.741818428039551,9.75789642333984,0.0120410360395908,-0.00352890510112047,42.4853630065918,-71.4571685791016,698.2783203125,633.033508300781,-0.870418071746826,-3.36612105369568,114.723770141602,56.3703460693359,0.287910133600235,1.09406673908234,-0.769082605838776,-0.279038667678833,70
738279.50848195713479071856,55.5266342163086,0.614241302013397,9.67307472229004,0.0120410360395908,-0.00352890510112047,42.4853477478027,-71.45703125,698.346801757812,633.081848144531,-0.0478761084377766,-2.99985909461975,114.683403015137,56.3662376403809,0.312753111124039,0.0675102770328522,-0.759076654911041,-0.281238317489624,70
738279.50848429952748119831,55.5217552185059,0.66989940404892,9.5126485824585,0.0120410360395908,-0.00352890510112047,42.4853286743164,-71.4568939208984,698.409484863281,633.124145507812,0.360097825527191,-2.64960241317749,114.55298614502,56.3347549438477,0.323072612285614,1.55403280258179,-0.749066233634949,-0.28339409828186,70
738279.50848671013955026865,55.5144805908203,0.683076083660126,9.40138244628906,0.0120410360395908,-0.00352890510112047,42.4853134155273,-71.4567565917969,698.486450195312,633.180358886719,-0.373225599527359,-2.28921103477478,114.35131072998,56.3090591430664,0.330483168363571,1.36762523651123,-0.738905489444733,-0.285504043102264,70
738279.50848906487226486206,55.4963340759277,0.680339395999908,9.37249565124512,0.0120410360395908,-0.00352890510112047,42.485294342041,-71.4566192626953,698.556701660156,633.229736328125,-0.271067500114441,-1.99248373508453,114.270530700684,56.286319732666,0.336603552103043,-0.889073550701141,-0.728713810443878,-0.287538111209869,70
738279.50849151122383773327,55.4574508666992,0.730262398719788,9.3528299331665,0.0120410360395908,-0.00352890510112047,42.485279083252,-71.4564743041992,698.635986328125,633.288024902344,0.0855924338102341,-1.96042275428772,114.405601501465,56.2453308105469,0.342087805271149,-2.8955397605896,-0.718440532684326,-0.289511561393738,70
738279.50849394069518893957,55.3968315124512,0.805597960948944,9.30936622619629,0.0120410360395908,-0.00352890510112047,42.4852600097656,-71.4563369750977,698.730041503906,633.360717773438,0.654928028583527,-2.1168966293335,114.772514343262,56.1793746948242,0.353107988834381,-4.0344820022583,-0.707819044589996,-0.291466385126114,70
738279.50849631219170987606,55.3276329040527,0.922081708908081,9.21501445770264,0.0120410360395908,-0.00352890510112047,42.4852447509766,-71.4561920166016,698.842468261719,633.452087402344,0.984685242176056,-2.31763696670532,115.266799926758,56.0973587036133,0.374304741621017,-3.72383260726929,-0.697204411029816,-0.293323069810867,70
738279.50849880615714937449,55.2774772644043,1.08188509941101,9.05286693572998,0.0120410360395908,-0.00352890510112047,42.4852294921875,-71.4560470581055,698.987976074219,633.576049804688,0.614763557910919,-2.53674054145813,115.729202270508,56.0243186950684,0.41289746761322,-1.8800173997879,-0.686035871505737,-0.295173794031143,70
738279.50850119697861373425,55.272045135498,1.08855223655701,8.87514972686768,0.0120410360395908,-0.00352890510112047,42.4852104187012,-71.4559097290039,699.148864746094,633.715942382812,0.168036431074142,-2.7136173248291,115.936302185059,55.9906463623047,0.468890994787216,0.13513395190239,-0.674836456775665,-0.29690608382225,70
738279.50850359129253774881,55.2523460388184,0.96373051404953,8.75452899932861,0.0120410360395908,-0.00352890510112047,42.4851951599121,-71.4557723999023,699.295043945312,633.840393066406,0.928441524505615,-2.61685347557068,115.818923950195,55.9499092102051,0.527227520942688,0.0316314324736595,-0.663151502609253,-0.298626005649567,70
738279.50850623007863759995,55.1769561767578,1.03729474544525,8.68670749664307,0.0120410360395908,-0.00352890510112047,42.485179901123,-71.4556198120117,699.442260742188,633.964782714844,1.34386813640594,-2.41537380218506,115.512283325195,55.8661918640137,0.56970089673996,-2.01476430892944,-0.650979101657867,-0.300364255905151,70
738279.50850890274159610271,55.1280250549316,1.13344788551331,8.55045986175537,0.0120410360395908,-0.00352890510112047,42.4851608276367,-71.4554595947266,699.627136230469,634.125366210938,0.395185887813568,-2.21053194999695,115.215057373047,55.7986946105957,0.610397934913635,-1.46162450313568,-0.637945115566254,-0.302130937576294,70
738279.50851135724224150181,55.1307373046875,0.955573439598083,8.35119438171387,0.0120410360395908,-0.00352890510112047,42.4851455688477,-71.455322265625,699.781860351562,634.258178710938,0.659255385398865,-2.05879044532776,114.946601867676,55.7678565979004,0.647247135639191,2.01031017303467,-0.626074433326721,-0.303629130125046,70
738279.50851390126626938581,55.1050872802734,0.968368172645569,8.26029586791992,0.0120410360395908,-0.00352890510112047,42.4851303100586,-71.4551696777344,699.917724609375,634.37109375,1.00116491317749,-1.76580500602722,114.432060241699,55.7291717529297,0.663459420204163,1.2832156419754,-0.613881230354309,-0.305128961801529,70
738279.50851652922574430704,55.0873413085938,0.856848120689392,8.24154567718506,0.0120410360395908,-0.00352890510112047,42.4851150512695,-71.4550170898438,700.058959960938,634.488525390625,-0.0309248007833958,-1.36028635501862,113.700317382812,55.7070236206055,0.666233539581299,-0.942150473594666,-0.601416349411011,-0.306602299213409,70
738279.50851897709071636200,55.0744514465332,0.645728290081024,8.12751293182373,0.0120410360395908,-0.00352890510112047,42.4850997924805,-71.4548797607422,700.144348144531,634.551574707031,0.779431343078613,-1.03756260871887,113.147773742676,55.6746673583984,0.647905588150024,1.09449112415314,-0.590012669563293,-0.307902246713638,70
738279.50852135848253965378,55.0437316894531,0.664456427097321,8.06441783905029,0.0120410360395908,-0.00352890510112047,42.4850845336914,-71.4547424316406,700.210815429688,634.596862792969,0.944396674633026,-0.697441935539246,112.770332336426,55.6353187561035,0.604975938796997,1.32524538040161,-0.579571664333344,-0.309083938598633,70
738279.50852389866486191750,55.0295104980469,0.474377304315567,8.13253688812256,0.0120410360395908,-0.00352890510112047,42.4850692749023,-71.4545974731445,700.265563964844,634.628845214844,0.379683375358582,-0.289473205804825,112.310371398926,55.629222869873,0.548376977443695,-2.20355653762817,-0.568653047084808,-0.310293555259705,70
738279.50852631195448338985,54.9999542236328,0.21429318189621,8.15542316436768,0.0120410360395908,-0.00352890510112047,42.4850540161133,-71.4544525146484,700.265869140625,634.32568359375,1.09342610836029,0.00444961106404662,111.809417724609,55.6017227172852,0.473367631435394,-3.09862542152405,-0.558449625968933,-0.311415284872055,70
738279.50852865434717386961,54.9192848205566,0.226838827133179,8.06113147735596,0.0120410360395908,-0.00352890510112047,42.4850387573242,-71.4543151855469,700.240478515625,632.647399902344,1.66128599643707,0.159557640552521,111.552383422852,55.5082092285156,0.374343663454056,-0.225282192230225,-0.54896879196167,-0.312484234571457,70
738279.50853099266532808542,54.8537483215332,0.33783084154129,7.978590965271,0.0120410360395908,-0.00352890510112047,42.4850273132324,-71.4541778564453,700.235778808594,631.047241210938,0.795465171337128,0.265941798686981,111.668197631836,55.4319915771484,0.280981838703156,1.5675208568573,-0.540017664432526,-0.313479095697403,70
738279.50853332586120814085,54.8342704772949,0.174021050333977,7.9898362159729,0.0120410360395908,-0.00352890510112047,42.4850120544434,-71.4540481567383,700.231201171875,629.452453613281,0.447058916091919,0.298616915941238,111.952049255371,55.4135780334473,0.208429038524628,0.356493532657623,-0.531034767627716,-0.314446836709976,70
738279.50853594182990491390,54.7915229797363,0.0751449391245842,8.00971221923828,0.0120410360395908,-0.00352890510112047,42.4849967956543,-71.4538955688477,700.184387207031,627.597839355469,1.30215847492218,0.10412222892046,112.100608825684,55.3739318847656,0.128783687949181,-0.65063750743866,-0.521055161952972,-0.315523028373718,70
738279.50853833882138133049,54.7364387512207,0.102361842989922,7.94415521621704,0.0120410360395908,-0.00352890510112047,42.4849815368652,-71.4537506103516,700.134582519531,625.877197265625,0.892721951007843,-0.107476443052292,112.080413818359,55.3100166320801,0.0533163733780384,0.756150126457214,-0.512116372585297,-0.316475629806519,70
738279.50854072009678930044,54.7057914733887,0.0948048532009125,7.8767032623291,0.0120410360395908,-0.00352890510112047,42.4849700927734,-71.45361328125,700.091491699219,625.055419921875,0.0362894348800182,-0.312620908021927,112.130462646484,55.27001953125,-0.0101599907502532,1.56666374206543,-0.50350558757782,-0.31737157702446,70
738279.50854325818363577127,54.6779136657715,0.00646906485781074,7.86504030227661,0.0120410360395908,-0.00352890510112047,42.4849548339844,-71.4534683227539,700.031494140625,624.485534667969,0.360832244157791,-0.521068692207336,112.382301330566,55.2406845092773,-0.0680137053132057,0.318115025758743,-0.494290500879288,-0.318316340446472,70
738279.50854555610567331314,54.6451873779297,0.0166747123003006,7.85584735870361,0.0120410360395908,-0.00352890510112047,42.4849395751953,-71.4533386230469,699.969116210938,623.962768554688,0.737802922725677,-0.706274926662445,112.64282989502,55.2069854736328,-0.117231428623199,-0.726180672645569,-0.486102283000946,-0.319150269031525,70
738279.50854794331826269627,54.6478958129883,0.195046648383141,7.73448896408081,0.0120410360395908,-0.00352890510112047,42.4849243164062,-71.4532012939453,699.932861328125,623.462951660156,-0.68064421415329,-0.909139513969421,112.73388671875,55.19287109375,-0.154907450079918,1.55676543712616,-0.477849364280701,-0.319972336292267,70
738279.50855030631646513939,54.6999778747559,0.0311973486095667,7.65173196792603,0.0120410360395908,-0.00352890510112047,42.4849128723145,-71.4530639648438,699.892639160156,622.937683105469,-1.72748839855194,-1.05391097068787,112.614624023438,55.2325782775879,-0.171942010521889,2.19815421104431,-0.469041228294373,-0.320809453725815,70
738279.50855256849899888039,54.7167320251465,-0.109823517501354,7.67628908157349,0.0120410360395908,-0.00352890510112047,42.4848976135254,-71.4529342651367,699.817565917969,622.404602050781,-0.999961733818054,-1.08911180496216,112.496147155762,55.2526741027832,-0.192468270659447,-0.378701150417328,-0.460883319377899,-0.321567535400391,70
738279.50855485838837921619,54.7132034301758,-0.0493160933256149,7.71704292297363,0.0120410360395908,-0.00352890510112047,42.4848861694336,-71.4527969360352,699.738647460938,621.870178222656,-0.791445374488831,-1.06593692302704,112.522804260254,55.2547721862793,-0.225227653980255,-3.03094434738159,-0.45301416516304,-0.322294801473618,70
738279.50855724117718636990,54.7400550842285,-0.0462020337581635,7.65693092346191,0.0120410360395908,-0.00352890510112047,42.4848709106445,-71.4526596069336,699.666870117188,621.434509277344,-1.20586454868317,-1.10312640666962,112.669456481934,55.2729988098145,-0.256743162870407,-2.04481101036072,-0.444809019565582,-0.323038309812546,70
738279.50855968345422297716,54.7745628356934,-0.100366719067097,7.55143070220947,0.0120410360395908,-0.00352890510112047,42.4848594665527,-71.452522277832,699.586730957031,621.259765625,-0.939675688743591,-1.20380163192749,112.815933227539,55.2927360534668,-0.283235847949982,0.0252599585801363,-0.436565458774567,-0.323768496513367,70
738279.50856222293805330992,54.7832489013672,-0.183625638484955,7.44550752639771,0.0120410360395908,-0.00352890510112047,42.4848442077637,-71.4523773193359,699.484313964844,621.054321289062,-0.164338946342468,-1.33563935756683,112.906288146973,55.2871932983398,-0.313594490289688,1.39769697189331,-0.427974700927734,-0.32452529668808,70
738279.50856472435407340527,54.7455406188965,-0.169098421931267,7.3854341506958,0.0120410360395908,-0.00352890510112047,42.4848289489746,-71.4522323608398,699.37451171875,620.83935546875,0.171168088912964,-1.44146800041199,112.998252868652,55.2417182922363,-0.349617928266525,0.666164040565491,-0.419567734003067,-0.32524386048317,70
738279.50856702646706253290,54.6910247802734,-0.0795337334275246,7.36218452453613,0.0120410360395908,-0.00352890510112047,42.4848175048828,-71.4521026611328,699.285583496094,621.001281738281,-0.270567953586578,-1.51529443264008,113.197563171387,55.184383392334,-0.378733307123184,-1.15642035007477,-0.4117751121521,-0.325871765613556,70
738279.50856927584391087294,54.6384620666504,-0.0339748412370682,7.31416893005371,0.0120410360395908,-0.00352890510112047,42.484806060791,-71.4519729614258,699.215515136719,621.294860839844,-0.516733109951019,-1.61157500743866,113.531593322754,55.1258544921875,-0.392919927835464,-1.77719461917877,-0.404217392206192,-0.326440960168839,70
738279.50857164233457297087,54.5717620849609,-0.0752231255173683,7.19014072418213,0.0120410360395908,-0.00352890510112047,42.4847946166992,-71.4518356323242,699.140563964844,621.594787597656,0.173046886920929,-1.79015135765076,113.943778991699,55.0434455871582,-0.396016269922256,-0.0497033782303333,-0.396270573139191,-0.327006161212921,70
738279.50857407995499670506,54.485954284668,-0.0290510486811399,7.04732131958008,0.0120410360395908,-0.00352890510112047,42.4847793579102,-71.4516906738281,699.060119628906,621.917602539062,0.480553030967712,-1.99430739879608,114.212249755859,54.939826965332,-0.395546913146973,1.22811651229858,-0.387647986412048,-0.327584624290466,70
738279.50857642618939280510,54.4233665466309,-0.0166438054293394,7.0047721862793,0.0120410360395908,-0.00352890510112047,42.4847679138184,-71.4515609741211,698.994384765625,622.227905273438,-0.442087918519974,-2.11437749862671,114.12100982666,54.8723068237305,-0.389202982187271,-0.906873941421509,-0.379491686820984,-0.328080624341965,70
738279.50857875251676887274,54.3820648193359,-0.184002712368965,7.00503301620483,0.0120410360395908,-0.00352890510112047,42.4847564697266,-71.4514236450195,698.912109375,622.513732910156,-0.770602107048035,-2.196040391922,113.771018981934,54.8316841125488,-0.382584124803543,-3.60253643989563,-0.371485650539398,-0.328535705804825,70
738279.50858108175452798605,54.3344230651855,-0.316236436367035,6.93486595153809,0.0120410360395908,-0.00352890510112047,42.4847450256348,-71.4512939453125,698.793395996094,622.767456054688,-0.170129150152206,-2.30354571342468,113.337020874023,54.7761077880859,-0.393936395645142,-3.59297609329224,-0.363644331693649,-0.328954815864563,70
738279.50858354312367737293,54.285099029541,-0.423731625080109,6.80131816864014,0.0120410360395908,-0.00352890510112047,42.4847297668457,-71.4511566162109,698.648559570312,623.010925292969,-0.131470263004303,-2.43153834342957,112.884078979492,54.7111434936523,-0.428889870643616,-1.98607230186462,-0.355807840824127,-0.329363167285919,70
738279.50858578982297331095,54.2596168518066,-0.516759276390076,6.65377759933472,0.0120410360395908,-0.00352890510112047,42.4847183227539,-71.4510192871094,698.492370605469,623.217102050781,-0.603523015975952,-2.54224419593811,112.439834594727,54.6685066223145,-0.478256404399872,-0.248488292098045,-0.348782509565353,-0.329709887504578,70
738279.50858818832784891129,54.2650299072266,-0.665587544441223,6.52182197570801,0.0120410360395908,-0.00352890510112047,42.4847068786621,-71.4508895874023,698.309631347656,623.402526855469,-1.23935723304749,-2.6338837146759,111.913055419922,54.6595878601074,-0.541918098926544,0.641832828521729,-0.341928362846375,-0.330014765262604,70
738279.50859063863754272461,54.2782897949219,-0.938464224338531,6.43169546127319,0.0120410360395908,-0.00352890510112047,42.4846954345703,-71.4507522583008,698.077941894531,623.545166015625,-1.17317223548889,-2.69888591766357,111.273750305176,54.6660766601562,-0.624753654003143,0.276335805654526,-0.335381150245667,-0.330275267362595,70
738279.50859328405931591988,54.256160736084,-1.25466799736023,6.34674835205078,0.0120410360395908,-0.00352890510112047,42.4846839904785,-71.4505996704102,697.749938964844,623.724670410156,-0.297384232282639,-2.73642539978027,110.532493591309,54.6405181884766,-0.75203275680542,-0.372032046318054,-0.32893967628479,-0.330494076013565,70
738279.50859557685907930136,54.1985816955566,-1.24016928672791,6.20948362350464,0.0120410360395908,-0.00352890510112047,42.4846725463867,-71.4504623413086,697.426574707031,624.146667480469,-0.437812745571136,-2.78922700881958,110.094230651855,54.5672264099121,-0.89396595954895,0.517778635025024,-0.32397598028183,-0.330628991127014,70
738279.50859783089254051447,54.1721153259277,-1.27179610729218,6.0484447479248,0.0120410360395908,-0.00352890510112047,42.4846611022949,-71.4503326416016,697.123596191406,624.550170898438,-1.33898270130157,-2.8696117401123,110.087425231934,54.523567199707,-1.02641808986664,1.99532294273376,-0.319585412740707,-0.330705493688583,70
738279.50860017433296889067,54.156867980957,-1.41602349281311,5.95239734649658,0.0120410360395908,-0.00352890510112047,42.4846534729004,-71.4502029418945,696.779846191406,624.951965332031,-0.958746671676636,-2.9468560218811,110.429328918457,54.5013999938965,-1.15529930591583,1.19777429103851,-0.315174102783203,-0.330723613500595,70
738279.50860250112600624561,54.1261024475098,-1.38730490207672,5.913414478302,0.0120410360395908,-0.00352890510112047,42.4846420288086,-71.450065612793,696.43017578125,625.326049804688,-0.638264536857605,-2.98676347732544,110.815040588379,54.4658432006836,-1.27438879013062,-1.37217533588409,-0.31120690703392,-0.330674082040787,70
738279.50860483769793063402,54.1118431091309,-1.37464725971222,5.80760812759399,0.0120410360395908,-0.00352890510112047,42.4846305847168,-71.4499359130859,696.102783203125,625.706604003906,-1.63994097709656,-3.04822325706482,111.11540222168,54.4399604797363,-1.37312662601471,-1.42046058177948,-0.307410359382629,-0.330565422773361,70
738279.50860717927571386099,54.1056900024414,-1.58122551441193,5.62769317626953,0.0120410360395908,-0.00352890510112047,42.4846229553223,-71.4497985839844,695.733520507812,626.074890136719,-1.22964441776276,-3.17696809768677,111.44189453125,54.4205551147461,-1.45850467681885,0.992645740509033,-0.303524166345596,-0.330386519432068,70
738279.50860955577809363604,54.070384979248,-1.66333222389221,5.49499940872192,0.0120410360395908,-0.00352890510112047,42.4846115112305,-71.4496688842773,695.332885742188,626.408996582031,-0.0816608071327209,-3.18152570724487,111.785942077637,54.3743324279785,-1.54619336128235,1.17214584350586,-0.300000637769699,-0.33014315366745,70
738279.50861196743790060282,54.0334663391113,-1.64155542850494,5.4270977973938,0.0120410360395908,-0.00352890510112047,42.4846038818359,-71.4495315551758,694.926696777344,626.744201660156,-0.449276059865952,-2.63867807388306,111.985931396484,54.330135345459,-1.6341804265976,-0.761577606201172,-0.296735405921936,-0.329827398061752,70
738279.50861460901796817780,54.0353088378906,-1.83045184612274,5.31497764587402,0.0120410360395908,-0.00352890510112047,42.4845924377441,-71.4493789672852,694.457092285156,627.100036621094,-1.35042428970337,-2.03199625015259,111.858917236328,54.3269195556641,-1.72137141227722,-0.321956425905228,-0.293270438909531,-0.329389184713364,70
738279.50861703162081539631,54.0218849182129,-2.06152367591858,5.18260478973389,0.0120410360395908,-0.00352890510112047,42.4845848083496,-71.4492416381836,693.973999023438,627.37158203125,-0.917336106300354,-1.6780731678009,111.578277587891,54.3090553283691,-1.8090283870697,1.47035813331604,-0.290532618761063,-0.328918874263763,70
738279.50861931894905865192,53.992359161377,-1.9768625497818,5.15816497802734,0.0120410360395908,-0.00352890510112047,42.4845733642578,-71.449104309082,693.508056640625,627.615051269531,-1.38116037845612,-1.79815220832825,111.425193786621,54.2742042541504,-1.90509235858917,-0.623338401317596,-0.2884461581707,-0.328407347202301,70
738279.50862163852434605360,54.0162658691406,-2.06261372566223,5.1746711730957,0.0120410360395908,-0.00352890510112047,42.4845657348633,-71.4489822387695,693.054504394531,627.861328125,-2.55380940437317,-1.88749301433563,111.378395080566,54.3027496337891,-1.99094009399414,-3.44740414619446,-0.286522209644318,-0.327843606472015,70
738279.50862390676047652960,54.0692977905273,-2.32380485534668,5.08026790618896,0.0120410360395908,-0.00352890510112047,42.4845581054688,-71.448844909668,692.554992675781,628.066955566406,-2.34636616706848,-2.02513527870178,111.215377807617,54.3571357727051,-2.07505536079407,-2.0009970664978,-0.284822702407837,-0.32721734046936,70
738279.50862636219244450331,54.1210708618164,-2.42596411705017,4.90614652633667,0.0120410360395908,-0.00352890510112047,42.484546661377,-71.4487075805664,691.972595214844,627.957153320312,-2.58020853996277,-2.20340442657471,110.786674499512,54.3971138000488,-2.18337392807007,0.98115873336792,-0.283548533916473,-0.32647317647934,70
738279.50862868293188512325,54.1819801330566,-2.6011049747467,4.81437587738037,0.0120410360395908,-0.00352890510112047,42.4845390319824,-71.4485702514648,691.406799316406,626.989685058594,-3.60977220535278,-2.31038379669189,110.349098205566,54.4576072692871,-2.29235792160034,0.841682195663452,-0.2827989757061,-0.325718581676483,70
738279.50863106118049472570,54.2597198486328,-2.76129674911499,4.73670053482056,0.0120410360395908,-0.00352890510112047,42.4845314025879,-71.4484405517578,690.788635253906,625.961181640625,-3.766197681427,-2.3798234462738,110.051094055176,54.5360260009766,-2.4133129119873,0.385954737663269,-0.282527506351471,-0.324890285730362,70
738279.50863346387632191181,54.3278121948242,-2.94587779045105,4.66644191741943,0.0120410360395908,-0.00352890510112047,42.4845237731934,-71.4483032226562,690.131713867188,624.891235351562,-3.4442937374115,-2.42357754707336,109.94807434082,54.6073722839355,-2.54573345184326,-0.0881704241037369,-0.282804757356644,-0.323991924524307,70
738279.50863581569865345955,54.3775405883789,-3.12583899497986,4.58312845230103,0.0120410360395908,-0.00352890510112047,42.4845161437988,-71.4481658935547,689.439819335938,623.788513183594,-2.77613854408264,-2.45545148849487,110.019500732422,54.6597938537598,-2.68796920776367,0.0318661965429783,-0.283660620450974,-0.323033541440964,70
738279.50863816647324711084,54.4159317016602,-3.25469064712524,4.4739408493042,0.0120410360395908,-0.00352890510112047,42.4845085144043,-71.4480285644531,688.73583984375,622.725646972656,-2.44982981681824,-2.49370431900024,110.170341491699,54.696460723877,-2.83438324928284,0.901160180568695,-0.285051494836807,-0.322045147418976,70
738279.50864062109030783176,54.4710350036621,-3.29851055145264,4.34721374511719,0.0120410360395908,-0.00352890510112047,42.4845008850098,-71.4478912353516,687.968078613281,621.623046875,-3.086270570755,-2.54254174232483,110.30738067627,54.7436943054199,-2.99115133285522,1.69267296791077,-0.28703573346138,-0.320922881364822,70
738279.50864299072418361902,54.550708770752,-3.44035243988037,4.28046417236328,0.0120410360395908,-0.00352890510112047,42.4844932556152,-71.44775390625,687.208557128906,620.5390625,-4.07643461227417,-2.56854581832886,110.326957702637,54.8264350891113,-3.13214921951294,0.604525506496429,-0.289286613464355,-0.31977379322052,70
738279.50864526082295924425,54.6125679016113,-3.63890099525452,4.25923871994019,0.0120410360395908,-0.00352890510112047,42.4844856262207,-71.447624206543,686.465576171875,619.519775390625,-4.15737199783325,-2.55925369262695,110.27717590332,54.8991355895996,-3.25892949104309,-1.36533403396606,-0.29174816608429,-0.318648368120193,70
738279.50864765164442360401,54.654655456543,-3.79071235656738,4.23698425292969,0.0120410360395908,-0.00352890510112047,42.4844779968262,-71.4474868774414,685.630126953125,618.509338378906,-3.74420070648193,-2.52171802520752,110.276824951172,54.9495468139648,-3.40065050125122,-3.11783313751221,-0.294924795627594,-0.317368298768997,70
738279.50865003489889204502,54.6994590759277,-3.81327867507935,4.16060924530029,0.0120410360395908,-0.00352890510112047,42.4844703674316,-71.4473495483398,684.768920898438,617.47119140625,-4.01368474960327,-2.49791383743286,110.447311401367,54.9898376464844,-3.54595160484314,-3.09401273727417,-0.298649996519089,-0.316015213727951,70
738279.50865248835179954767,54.7801513671875,-3.80685377120972,4.00880765914917,0.0120410360395908,-0.00352890510112047,42.4844627380371,-71.4472122192383,683.905456542969,616.430847167969,-4.93333530426025,-2.53647232055664,110.788108825684,55.0584030151367,-3.67821764945984,-0.926970183849335,-0.302659809589386,-0.314595341682434,70
738279.50865487859118729830,54.8711395263672,-4.01453161239624,3.8811240196228,0.0120410360395908,-0.00352890510112047,42.4844551086426,-71.4470748901367,683.036560058594,615.38916015625,-4.8650598526001,-2.61327576637268,111.14771270752,55.1545257568359,-3.79037022590637,0.344241380691528,-0.306762099266052,-0.313148438930511,70
738279.50865742273163050413,54.9429969787598,-4.10117244720459,3.83365726470947,0.0120410360395908,-0.00352890510112047,42.4844512939453,-71.4469299316406,682.103149414062,614.277465820312,-4.27128744125366,-2.62854170799255,111.396301269531,55.2290649414062,-3.90591645240784,-1.3002370595932,-0.311421036720276,-0.311582565307617,70
738279.50865982694085687399,55.0131759643555,-4.06237983703613,3.76069259643555,0.0120410360395908,-0.00352890510112047,42.4844436645508,-71.4467849731445,681.14013671875,613.13037109375,-4.93939733505249,-2.61318421363831,111.65225982666,55.2910041809082,-4.0195894241333,-2.09891033172607,-0.316573679447174,-0.309895426034927,70
738279.50866226328071206808,55.0867156982422,-4.14646100997925,3.60648465156555,0.0120410360395908,-0.00352890510112047,42.4844360351562,-71.4466400146484,680.214660644531,612.029663085938,-4.96032047271729,-2.66254091262817,112.109931945801,55.3601493835449,-4.11076593399048,0.0463829301297665,-0.321608573198318,-0.308228462934494,70
738279.50866471405606716871,55.1398010253906,-4.22451400756836,3.44231057167053,0.0120410360395908,-0.00352890510112047,42.484432220459,-71.4465026855469,679.259033203125,610.898010253906,-3.81886911392212,-2.77938008308411,112.733345031738,55.4084281921387,-4.19376945495605,1.99631774425507,-0.32689157128334,-0.306470155715942,70
738279.50866714958101511002,55.1837730407715,-4.1184401512146,3.41613459587097,0.0120410360395908,-0.00352890510112047,42.4844245910645,-71.4463653564453,678.334167480469,609.801940917969,-3.8461377620697,-2.84769082069397,113.281036376953,55.4425849914551,-4.26678991317749,-1.13139724731445,-0.332222700119019,-0.304687023162842,70
738279.50866960547864437103,55.2502746582031,-4.18018007278442,3.38909077644348,0.0120410360395908,-0.00352890510112047,42.4844169616699,-71.4462203979492,677.379089355469,608.66845703125,-4.55087614059448,-2.8988893032074,113.600250244141,55.5117340087891,-4.32138395309448,-3.54704117774963,-0.337705016136169,-0.302752643823624,70
738279.50867207522969692945,55.2979736328125,-4.42514228820801,3.21496343612671,0.0120410360395908,-0.00352890510112047,42.4844131469727,-71.4460754394531,676.386779785156,607.497802734375,-3.9021520614624,-3.00085544586182,113.735145568848,55.5678291320801,-4.36897754669189,-0.781774520874023,-0.34332287311554,-0.300740122795105,70
738279.50867444288451224566,55.3545989990234,-4.22128295898438,3.03756237030029,0.0120410360395908,-0.00352890510112047,42.4844093322754,-71.445930480957,675.415588378906,606.354064941406,-3.87227392196655,-3.0556526184082,113.804496765137,55.5983619689941,-4.42464208602905,0.521387457847595,-0.34914043545723,-0.298713982105255,70
738279.50867676653433591127,55.4405479431152,-4.19234657287598,2.97398471832275,0.0120410360395908,-0.00352890510112047,42.4844017028809,-71.44580078125,674.536254882812,605.314331054688,-5.11725330352783,-3.12409567832947,113.742485046387,55.6783142089844,-4.46089124679565,-1.54616594314575,-0.354481428861618,-0.296761274337769,70
738279.50867925141938030720,55.5288772583008,-4.36783885955811,2.85298705101013,0.0120410360395908,-0.00352890510112047,42.4843978881836,-71.4456558227539,673.5595703125,604.164489746094,-5.00175762176514,-3.21127891540527,113.529815673828,55.7734184265137,-4.48818969726562,-1.09938991069794,-0.360214412212372,-0.294554561376572,70
738279.50868179497774690390,55.6148109436035,-4.26683712005615,2.63353085517883,0.0120410360395908,-0.00352890510112047,42.4843940734863,-71.4455032348633,672.527465820312,602.951293945312,-5.29939365386963,-3.35891032218933,113.370796203613,55.8403854370117,-4.52235460281372,1.37433874607086,-0.366466909646988,-0.292139708995819,70
738279.50868429639376699924,55.7151031494141,-4.2841420173645,2.5141236782074,0.0120410360395908,-0.00352890510112047,42.4843902587891,-71.4453582763672,671.536071777344,601.783935546875,-5.80115461349487,-3.42445945739746,113.535430908203,55.9361000061035,-4.54496574401855,0.444147735834122,-0.372516065835953,-0.289700388908386,70
738279.50868661073036491871,55.8026313781738,-4.388267993927,2.44001507759094,0.0120410360395908,-0.00352890510112047,42.4843864440918,-71.4452209472656,670.577575683594,600.659484863281,-4.80944204330444,-3.39843368530273,113.853210449219,56.0280647277832,-4.56267213821411,-0.861211121082306,-0.378264725208282,-0.287317454814911,70
738279.50868904823437333107,55.8931007385254,-4.2488112449646,2.2685227394104,0.0120410360395908,-0.00352890510112047,42.4843788146973,-71.4450759887695,669.600158691406,599.512023925781,-4.93975114822388,-3.42323565483093,114.054740905762,56.1002464294434,-4.58455514907837,0.554140985012054,-0.384303778409958,-0.284770905971527,70
738279.50869171507656574249,55.9811248779297,-4.33509683609009,2.11083507537842,0.0120410360395908,-0.00352890510112047,42.4843788146973,-71.4449310302734,668.608703613281,598.281066894531,-5.58364772796631,-3.48490262031555,114.154685974121,56.1883850097656,-4.5943922996521,1.24225425720215,-0.390367716550827,-0.28205007314682,70
738279.50869409763254225254,56.0524291992188,-4.35277795791626,2.04385590553284,0.0120410360395908,-0.00352890510112047,42.484375,-71.4447784423828,667.567749023438,596.963073730469,-4.58157348632812,-3.45970058441162,114.397621154785,56.2583236694336,-4.60655355453491,-0.8894944190979,-0.396677374839783,-0.279161483049393,70
738279.50869648554362356663,56.1390342712402,-4.18661022186279,1.91731345653534,0.0120410360395908,-0.00352890510112047,42.4843711853027,-71.4446334838867,666.615051269531,595.750183105469,-5.05957269668579,-3.36322951316833,114.680130004883,56.327564239502,-4.61643743515015,-0.820564448833466,-0.402628660202026,-0.276360481977463,70
738279.50869882071856409311,56.2362098693848,-4.26128673553467,1.74944829940796,0.0120410360395908,-0.00352890510112047,42.4843673706055,-71.4444961547852,665.691101074219,594.572448730469,-5.43214845657349,-3.21695327758789,114.821472167969,56.4245529174805,-4.61078596115112,0.991691410541534,-0.408224284648895,-0.273532748222351,70
738279.50870118907187134027,56.3163681030273,-4.34642744064331,1.64165723323822,0.0120410360395908,-0.00352890510112047,42.4843635559082,-71.4443588256836,664.742065429688,593.368408203125,-4.83749008178711,-3.06741237640381,114.819244384766,56.5076942443848,-4.60556650161743,0.8194580078125,-0.413867205381393,-0.270583122968674,70
738279.50870351411867886782,56.373046875,-4.31227493286133,1.58794319629669,0.0120410360395908,-0.00352890510112047,42.4843635559082,-71.444221496582,663.813110351562,592.191345214844,-4.52347183227539,-2.89180588722229,114.794158935547,56.5600357055664,-4.60917806625366,-0.871994972229004,-0.419495463371277,-0.267630070447922,70
738279.50870585825759917498,56.4420166015625,-4.21266078948975,1.52482771873474,0.0120410360395908,-0.00352890510112047,42.4843597412109,-71.4440841674805,662.893249511719,591.021545410156,-5.02555322647095,-2.69612646102905,114.866355895996,56.6195449829102,-4.61224365234375,-1.88793504238129,-0.425162971019745,-0.264569222927094,70
738279.50870822987053543329,56.5314102172852,-4.22414350509644,1.40184533596039,0.0120410360395908,-0.00352890510112047,42.4843597412109,-71.4439392089844,661.960571289062,589.832824707031,-5.20560598373413,-2.5358099937439,115.019424438477,56.7063407897949,-4.60527753829956,-0.597858726978302,-0.430808633565903,-0.261343479156494,70
738279.50871057074982672930,56.609130859375,-4.29801225662231,1.25757074356079,0.0120410360395908,-0.00352890510112047,42.4843559265137,-71.4438018798828,661.026794433594,588.646728515625,-4.50902128219604,-2.43104338645935,115.087814331055,56.7859840393066,-4.59661674499512,1.36069905757904,-0.436341613531113,-0.258079022169113,70
738279.50871295935939997435,56.6622886657715,-4.30679082870483,1.15400063991547,0.0120410360395908,-0.00352890510112047,42.4843559265137,-71.4436569213867,660.082946777344,587.450500488281,-4.11502885818481,-2.29751992225647,115.010444641113,56.8374443054199,-4.5952787399292,1.67392241954803,-0.441991418600082,-0.254716098308563,70
738279.50871521746739745140,56.7046661376953,-4.2609224319458,1.11459243297577,0.0120410360395908,-0.00352890510112047,42.4843521118164,-71.4435195922852,659.170959472656,586.293518066406,-4.34543085098267,-1.97262835502625,114.924560546875,56.8754539489746,-4.59791040420532,0.177419826388359,-0.447532325983047,-0.251376003026962,70
738279.50871759303845465183,56.749397277832,-4.21117830276489,1.09591770172119,0.0120410360395908,-0.00352890510112047,42.4843521118164,-71.4433822631836,658.234558105469,585.102478027344,-4.52441740036011,-1.29002964496613,114.995765686035,56.9159851074219,-4.59692430496216,-1.16117739677429,-0.4532310962677,-0.247809454798698,70
738279.50871986069250851870,56.7774658203125,-4.18456649780273,1.05695426464081,0.0120410360395908,-0.00352890510112047,42.4843521118164,-71.443244934082,657.351135253906,583.977233886719,-3.93766951560974,-0.681551694869995,115.294906616211,56.9412727355957,-4.58980989456177,-0.77094841003418,-0.458539456129074,-0.24437141418457,70
738279.50872217351570725441,56.7890510559082,-4.08407974243164,1.00317144393921,0.0120410360395908,-0.00352890510112047,42.4843482971191,-71.4431076049805,656.46630859375,582.84716796875,-3.259446144104,-0.285099536180496,115.750968933105,56.9445533752441,-4.57654094696045,0.412054657936096,-0.463816344738007,-0.240808412432671,70
738279.50872454408090561628,56.810474395752,-3.89740657806396,0.988695561885834,0.0120410360395908,-0.00352890510112047,42.4843482971191,-71.4429626464844,655.578002929688,581.703308105469,-3.67388606071472,-0.184566348791122,116.193000793457,56.9525871276855,-4.54799509048462,0.241405069828033,-0.46904331445694,-0.237024798989296,70
738279.50872677145525813103,56.8490676879883,-3.84194993972778,1.02777969837189,0.0120410360395908,-0.00352890510112047,42.4843482971191,-71.4428329467773,654.759765625,580.642578125,-4.21167993545532,-0.254282653331757,116.451210021973,56.9880104064941,-4.50047588348389,-1.51715135574341,-0.473591506481171,-0.233393833041191,70
738279.50872897764202207327,56.8794212341309,-3.82025861740112,1.03841841220856,0.0120410360395908,-0.00352890510112047,42.4843444824219,-71.4427032470703,653.982177734375,579.633972167969,-3.82777404785156,-0.329580396413803,116.577156066895,57.0170288085938,-4.44637680053711,-2.08413028717041,-0.477666169404984,-0.229899182915688,70
738279.50873113784473389387,56.9109382629395,-3.62027406692505,0.969177007675171,0.0120410360395908,-0.00352890510112047,42.4843444824219,-71.4425659179688,653.227600097656,578.644897460938,-4.04641628265381,-0.484590590000153,116.665260314941,57.0342063903809,-4.38441133499146,-0.58848637342453,-0.481546998023987,-0.226309522986412,70
738279.50873343693092465401,56.9247398376465,-3.5526134967804,0.957726776599884,0.0120410360395908,-0.00352890510112047,42.4843444824219,-71.4424362182617,652.456359863281,577.630065917969,-3.51674318313599,-0.621061742305756,116.820541381836,57.043529510498,-4.30780363082886,-1.21220922470093,-0.485196143388748,-0.222536608576775,70
738279.50873581902123987675,56.9437637329102,-3.36974596977234,0.926821351051331,0.0120410360395908,-0.00352890510112047,42.4843406677246,-71.4422836303711,651.662170410156,576.574157714844,-3.62444305419922,-0.773274064064026,117.042999267578,57.050910949707,-4.21615266799927,-1.30104684829712,-0.488716781139374,-0.218436270952225,70
738279.50873819284606724977,56.9819145202637,-3.24670386314392,0.841514229774475,0.0120410360395908,-0.00352890510112047,42.4843406677246,-71.4421463012695,650.918701171875,575.576843261719,-4.1681809425354,-0.934962749481201,117.178253173828,57.0805358886719,-4.11551332473755,0.150643140077591,-0.49165016412735,-0.214441820979118,70
738279.50874047190882265568,57.0412406921387,-3.1738715171814,0.739231169223785,0.0120410360395908,-0.00352890510112047,42.4843406677246,-71.442008972168,650.221069335938,574.634460449219,-4.71222686767578,-1.08669674396515,117.173065185547,57.1342544555664,-4.01167726516724,1.78526699542999,-0.494064956903458,-0.210554972290993,70
738279.50874270836357027292,57.0951232910156,-3.2241096496582,0.653008878231049,0.0120410360395908,-0.00352890510112047,42.4843406677246,-71.4418716430664,649.53857421875,573.712829589844,-4.51069498062134,-1.23473632335663,117.045303344727,57.1898078918457,-3.91227746009827,2.72530961036682,-0.496151596307755,-0.206712365150452,70
738279.50874503049999475479,57.1173439025879,-3.2427065372467,0.62266343832016,0.0120410360395908,-0.00352890510112047,42.4843368530273,-71.4417343139648,648.839660644531,572.772399902344,-3.72888898849487,-1.31791865825653,116.887062072754,57.2127075195312,-3.82778429985046,1.80480134487152,-0.498204290866852,-0.202787980437279,70
738279.50874753505922853947,57.1217613220215,-3.08714985847473,0.633242249488831,0.0120410360395908,-0.00352890510112047,42.4843368530273,-71.4415893554688,648.10400390625,571.777038574219,-3.66674661636353,-1.33792984485626,116.855285644531,57.208625793457,-3.75464034080505,-0.410275667905807,-0.500379920005798,-0.198493540287018,70
738279.50875011517200618982,57.1510009765625,-2.98530220985413,0.588431417942047,0.0120410360395908,-0.00352890510112047,42.4843368530273,-71.4414291381836,647.345092773438,570.7373046875,-4.13462162017822,-1.36102199554443,117.061256408691,57.2319412231445,-3.67477965354919,-0.513339281082153,-0.502383828163147,-0.193796023726463,70
738279.50875241414178162813,57.1755256652832,-3.01146912574768,0.490160822868347,0.0120410360395908,-0.00352890510112047,42.4843368530273,-71.441291809082,646.673706054688,569.817321777344,-3.45005679130554,-1.43580722808838,117.284332275391,57.2568778991699,-3.60330152511597,1.247633934021,-0.503868281841278,-0.18963435292244,70
738279.50875464710406959057,57.1819610595703,-2.91558599472046,0.44240415096283,0.0120410360395908,-0.00352890510112047,42.4843368530273,-71.4411544799805,646.027526855469,568.929626464844,-3.12159776687622,-1.48918187618256,117.362686157227,57.2579536437988,-3.54140496253967,0.901734352111816,-0.505204916000366,-0.185536369681358,70
738279.50875681242905557156,57.1855506896973,-2.8059458732605,0.450475305318832,0.0120410360395908,-0.00352890510112047,42.4843368530273,-71.4410247802734,645.4404296875,568.282836914062,-3.64227795600891,-1.48226714134216,117.350769042969,57.2561225891113,-3.48361921310425,-1.07789897918701,-0.506270885467529,-0.181644842028618,70
738279.50875917635858058929,57.184211730957,-2.87333083152771,0.445509254932404,0.0120410360395908,-0.00352890510112047,42.4843368530273,-71.4408874511719,644.7998046875,567.846923828125,-3.32783436775208,-1.45050406455994,117.428070068359,57.2580909729004,-3.41614770889282,-2.09803938865662,-0.507170736789703,-0.177281245589256,70
738279.50876141421031206846,57.1685256958008,-2.79426455497742,0.380294650793076,0.0120410360395908,-0.00352890510112047,42.4843368530273,-71.4407501220703,644.178405761719,567.421936035156,-2.18497896194458,-1.47670185565948,117.568984985352,57.2380332946777,-3.36118531227112,-1.16568565368652,-0.50798499584198,-0.173078000545502,70
738279.50876378966495394707,57.1526985168457,-2.71681904792786,0.379331141710281,0.0120410360395908,-0.00352890510112047,42.4843368530273,-71.4406051635742,643.558532714844,567.005798339844,-2.30769085884094,-1.49293482303619,117.547378540039,57.2184906005859,-3.30710363388062,-2.77818846702576,-0.50867623090744,-0.168669834733009,70
738279.50876610551495105028,57.1175804138184,-2.81067109107971,0.385016590356827,0.0120410360395908,-0.00352890510112047,42.4843368530273,-71.4404678344727,642.944152832031,566.590270996094,-1.7895804643631,-1.51121735572815,117.337356567383,57.18798828125,-3.25642704963684,-4.03931617736816,-0.509198307991028,-0.16434109210968,70
738279.50876833766233175993,57.043155670166,-2.67180037498474,0.285283118486404,0.0120410360395908,-0.00352890510112047,42.4843368530273,-71.4403305053711,642.337646484375,566.180969238281,-1.31143999099731,-1.62383496761322,117.167991638184,57.1064033508301,-3.21798539161682,-2.10133457183838,-0.509748756885529,-0.160009875893593,70
738279.50877076096367090940,56.9821090698242,-2.46227407455444,0.155267268419266,0.0120410360395908,-0.00352890510112047,42.4843368530273,-71.4401931762695,641.750122070312,565.798034667969,-2.09380412101746,-1.78597843647003,117.187599182129,57.0354957580566,-3.17227649688721,-0.299079120159149,-0.510076105594635,-0.155462026596069,70
738279.50877321220468729734,56.9479103088379,-2.48944425582886,0.109692327678204,0.0120410360395908,-0.00352890510112047,42.4843368530273,-71.4400405883789,641.145324707031,565.40966796875,-2.03799176216125,-1.71774506568909,117.304496765137,57.0023994445801,-3.10566854476929,-1.3818633556366,-0.509946286678314,-0.150607421994209,70
738279.50877554947510361671,56.8970413208008,-2.38351249694824,0.0612611770629883,0.0120410360395908,-0.00352890510112047,42.4843368530273,-71.4399032592773,640.589782714844,565.053894042969,-1.64437282085419,-1.0441666841507,117.337265014648,56.9469757080078,-3.04358601570129,-1.52560973167419,-0.509628295898438,-0.146113932132721,70
738279.50877787207718938589,56.8428802490234,-2.19457840919495,-0.0412903428077698,0.0120410360395908,-0.00352890510112047,42.4843368530273,-71.4397583007812,640.068237304688,564.732543945312,-2.38455271720886,-0.39770033955574,117.369026184082,56.8852424621582,-2.97571110725403,0.510933995246887,-0.509018063545227,-0.141554981470108,70
738279.50878034951165318489,56.8034820556641,-2.15324020385742,-0.10163851827383,0.0120410360395908,-0.00352890510112047,42.4843368530273,-71.4396133422852,639.541076660156,564.416381835938,-2.41382479667664,0.279414534568787,117.553741455078,56.844367980957,-2.88981151580811,1.51397597789764,-0.507902324199677,-0.13666994869709,70
738279.50878296920564025640,56.7597274780273,-2.01849675178528,-0.073719747364521,0.0120410360395908,-0.00352890510112047,42.4843368530273,-71.4394607543945,639,564.099853515625,-1.92737531661987,1.05166685581207,117.829284667969,56.795654296875,-2.79287362098694,0.683706283569336,-0.506317019462585,-0.131406977772713,70
738279.50878560706041753292,56.7217903137207,-1.91967260837555,-0.0130921248346567,0.0120410360395908,-0.00352890510112047,42.4843406677246,-71.4393005371094,638.46923828125,563.799743652344,-2.01578283309937,1.84820318222046,117.935478210449,56.7542686462402,-2.68863224983215,0.08444794267416,-0.504243135452271,-0.125958502292633,70
738279.50878815387841314077,56.7119979858398,-1.84616410732269,0.0332232527434826,0.0120410360395908,-0.00352890510112047,42.4843406677246,-71.4391479492188,637.996276855469,563.540710449219,-2.6528639793396,2.56090712547302,117.740631103516,56.7420501708984,-2.59109783172607,0.75825959444046,-0.501942694187164,-0.120899453759193,70
738279.50879052910022437572,56.7164649963379,-1.87534201145172,0.0636519640684128,0.0120410360395908,-0.00352890510112047,42.4843406677246,-71.4390029907227,637.537170410156,563.291259765625,-2.95968818664551,3.22357797622681,117.32063293457,56.7474975585938,-2.49972367286682,2.33931589126587,-0.499415099620819,-0.115919291973114,70
738279.50879275985062122345,56.7066040039062,-1.93807852268219,0.125535413622856,0.0120410360395908,-0.00352890510112047,42.4843406677246,-71.4388656616211,637.101867675781,563.04931640625,-2.52826833724976,3.82969069480896,116.87818145752,56.7398529052734,-2.43006896972656,3.11601495742798,-0.497032850980759,-0.11131788790226,70
738279.50879509758669883013,56.6804542541504,-1.87585937976837,0.258339047431946,0.0120410360395908,-0.00352890510112047,42.4843406677246,-71.4387283325195,636.655517578125,562.803283691406,-2.48486518859863,4.49842929840088,116.517311096191,56.7120742797852,-2.37578153610229,2.62981772422791,-0.494601905345917,-0.106521897017956,70
738279.50879741797689348459,56.6588020324707,-1.80665767192841,0.450880974531174,0.0120410360395908,-0.00352890510112047,42.4843406677246,-71.438591003418,636.224792480469,562.570373535156,-2.81512975692749,5.22123146057129,116.346031188965,56.6893920898438,-2.33115339279175,1.22194266319275,-0.492128312587738,-0.101789064705372,70
738279.50879976956639438868,56.657901763916,-1.74877393245697,0.675469398498535,0.0120410360395908,-0.00352890510112047,42.4843406677246,-71.4384536743164,635.801025390625,562.348266601562,-3.24349117279053,6.00349521636963,116.320526123047,56.688907623291,-2.28721570968628,0.0967680066823959,-0.489439725875854,-0.0969785675406456,70
738279.50880211615003645420,56.6604614257812,-1.79619944095612,0.884133875370026,0.0120410360395908,-0.00352890510112047,42.4843406677246,-71.4383087158203,635.377075195312,562.126525878906,-2.99439477920532,6.78763961791992,116.331405639648,56.6958198547363,-2.24380326271057,0.285415917634964,-0.486578017473221,-0.092198446393013,70
738279.50880448357202112675,56.6323204040527,-1.86980473995209,1.09562230110168,0.0120410360395908,-0.00352890510112047,42.4843368530273,-71.4381713867188,634.936401367188,561.888977050781,-2.12031221389771,7.56335639953613,116.305206298828,56.673770904541,-2.21069836616516,1.11195456981659,-0.48371547460556,-0.087447926402092,70
738279.50880683737341314554,56.5695610046387,-1.77732062339783,1.37850475311279,0.0120410360395908,-0.00352890510112047,42.4843368530273,-71.4380340576172,634.503356933594,561.655822753906,-1.8558464050293,8.34910011291504,116.298950195312,56.6142616271973,-2.19208383560181,0.860014796257019,-0.481003016233444,-0.0828493535518646,70
738279.50880915834568440914,56.511116027832,-1.75109589099884,1.73043441772461,0.0120410360395908,-0.00352890510112047,42.4843330383301,-71.4378890991211,634.085083007812,561.439636230469,-2.17538523674011,9.19086837768555,116.44506072998,56.5647163391113,-2.17289447784424,-0.768523037433624,-0.478154122829437,-0.0782819390296936,70
738279.50881160388235002756,56.453369140625,-1.85492634773254,2.0366313457489,0.0120410360395908,-0.00352890510112047,42.4843292236328,-71.4377517700195,633.643615722656,561.204284667969,-1.18675076961517,9.88545322418213,116.697616577148,56.5205421447754,-2.15426015853882,-0.0711690336465836,-0.475180268287659,-0.073726661503315,70
738279.50881429901346564293,56.3619346618652,-1.77204561233521,2.39543604850769,0.0120410360395908,-0.00352890510112047,42.4843254089355,-71.4375839233398,633.13818359375,560.935913085938,-1.05290937423706,10.3818597793579,116.762908935547,56.4406394958496,-2.14414048194885,1.9775869846344,-0.471865087747574,-0.0686029642820358,70
738279.50881681754253804684,56.2830047607422,-1.7969719171524,2.78600716590881,0.0120410360395908,-0.00352890510112047,42.4843215942383,-71.4374389648438,632.679382324219,560.694641113281,-1.5435186624527,10.3315401077271,116.638633728027,56.380558013916,-2.13448548316956,1.25356578826904,-0.468758404254913,-0.0641257241368294,70
738279.50881927844602614641,56.2056541442871,-1.75969469547272,3.13062524795532,0.0120410360395908,-0.00352890510112047,42.484317779541,-71.4372940063477,632.237854003906,560.463562011719,-1.68270134925842,10.2585077285767,116.579360961914,56.3202667236328,-2.12631630897522,2.14190602302551,-0.465732574462891,-0.0599737092852592,70
738279.50882170535624027252,56.131046295166,-1.72216987609863,3.46839880943298,0.0120410360395908,-0.00352890510112047,42.4843101501465,-71.4371490478516,631.802490234375,560.23876953125,-1.75274646282196,10.1772518157959,116.651954650879,56.2644653320312,-2.11628937721252,3.06159543991089,-0.462638854980469,-0.0560037009418011,70
738279.50882415415253490210,56.0770835876465,-1.6622486114502,3.79054856300354,0.0120410360395908,-0.00352890510112047,42.4843063354492,-71.4370040893555,631.384033203125,560.028259277344,-2.24086833000183,10.077522277832,116.741004943848,56.2296257019043,-2.10182929039001,4.14078855514526,-0.459469705820084,-0.0522810406982899,70
738279.50882652879226952791,56.0543937683105,-1.67981946468353,4.12284231185913,0.0120410360395908,-0.00352890510112047,42.4842987060547,-71.4368591308594,630.968872070312,559.822509765625,-2.89631199836731,9.97857189178467,116.676445007324,56.2309036254883,-2.08093976974487,4.23192501068115,-0.456118613481522,-0.0487297400832176,70
738279.50882878352422267199,56.0289268493652,-1.85465049743652,4.47170782089233,0.0120410360395908,-0.00352890510112047,42.4842910766602,-71.4367294311523,630.562866210938,559.61181640625,-2.77305674552917,9.91911602020264,116.394401550293,56.237678527832,-2.06461930274963,2.2412326335907,-0.452991336584091,-0.0456249713897705,70
738279.50883108517155051231,55.9577484130859,-1.86640667915344,4.88885116577148,0.0120410360395908,-0.00352890510112047,42.4842834472656,-71.4365921020508,630.120483398438,559.369323730469,-2.1798620223999,9.91769409179688,116.028266906738,56.2019004821777,-2.06793761253357,-0.278918594121933,-0.450080901384354,-0.0426302179694176,70
738279.50883330078795552254,55.8965950012207,-1.78897345066071,5.19415807723999,0.0120410360395908,-0.00352890510112047,42.4842758178711,-71.4364624023438,629.72021484375,558.699401855469,-2.61823868751526,9.87466335296631,115.87476348877,56.1659088134766,-2.07975625991821,0.757122993469238,-0.447468817234039,-0.0400026477873325,70
738279.50883557368069887161,55.8435096740723,-1.89232230186462,5.49804401397705,0.0120410360395908,-0.00352890510112047,42.4842643737793,-71.4363250732422,629.292297363281,557.702758789062,-2.15581178665161,9.79431438446045,115.935394287109,56.1454086303711,-2.09013867378235,1.016681432724,-0.444699257612228,-0.0374339558184147,70
738279.50883790873922407627,55.7671394348145,-1.85989046096802,5.89829015731812,0.0120410360395908,-0.00352890510112047,42.4842567443848,-71.4361877441406,628.84765625,556.681579589844,-1.65619885921478,9.75686454772949,115.988204956055,56.1090278625488,-2.10656714439392,-0.890037655830383,-0.442010283470154,-0.0350430980324745,70
738279.50884024845436215401,55.6988067626953,-1.80667328834534,6.25035095214844,0.0120410360395908,-0.00352890510112047,42.484245300293,-71.4360504150391,628.411865234375,555.663024902344,-2.31669139862061,9.70470523834229,115.931198120117,56.0775184631348,-2.12042760848999,-0.884824693202972,-0.439278155565262,-0.0328480675816536,70
738279.50884254963602870703,55.6487693786621,-1.87973737716675,6.52640008926392,0.0120410360395908,-0.00352890510112047,42.4842338562012,-71.4359130859375,627.980590820312,554.66357421875,-2.28046488761902,9.58233833312988,115.873016357422,56.0616912841797,-2.1274893283844,0.365241885185242,-0.436536639928818,-0.0309383478015661,70
738279.50884483882691711187,55.5866546630859,-1.94478416442871,6.79924201965332,0.0120410360395908,-0.00352890510112047,42.4842224121094,-71.4357833862305,627.543884277344,553.673156738281,-1.56600332260132,9.41925811767578,115.833572387695,56.0347061157227,-2.1378607749939,1.10729002952576,-0.433953166007996,-0.0292944237589836,70
738279.50884705106727778912,55.5169143676758,-1.93863379955292,7.10497999191284,0.0120410360395908,-0.00352890510112047,42.4842109680176,-71.4356536865234,627.105590820312,552.687072753906,-1.35812497138977,9.27544212341309,115.734252929688,56.0032730102539,-2.15446829795837,0.776908576488495,-0.431534886360168,-0.0278687570244074,70
738279.50884934130590409040,55.4685707092285,-1.96360003948212,7.41311931610107,0.0120410360395908,-0.00352890510112047,42.4841995239258,-71.4355163574219,626.663940429688,551.694152832031,-1.9539966583252,9.21359729766846,115.452796936035,55.9961814880371,-2.17238473892212,0.217700570821762,-0.429163068532944,-0.0266398098319769,70
738279.50885159941390156746,55.440258026123,-2.12150502204895,7.661461353302,0.0120410360395908,-0.00352890510112047,42.4841842651367,-71.4353866577148,626.209167480469,550.696594238281,-2.20921301841736,9.29162311553955,114.970161437988,56.0073318481445,-2.19298219680786,0.889350056648254,-0.42692768573761,-0.0256364475935698,70
738279.50885390245821326971,55.4034004211426,-2.23857927322388,7.86532258987427,0.0120410360395908,-0.00352890510112047,42.4841728210449,-71.4352493286133,625.713500976562,549.6435546875,-2.06031012535095,9.10420799255371,114.377098083496,56.0036735534668,-2.22817373275757,3.26117539405823,-0.424939781427383,-0.0248134918510914,70
738279.50885612587444484234,55.3438758850098,-2.29932594299316,8.13168525695801,0.0120410360395908,-0.00352890510112047,42.4841613769531,-71.4351272583008,625.220825195312,548.619567871094,-2.12557578086853,8.95249080657959,113.904800415039,55.9853172302246,-2.27666568756104,2.90441846847534,-0.423398613929749,-0.0242222938686609,70
738279.50885844987351447344,55.2804565429688,-2.30890512466431,8.48629379272461,0.0120410360395908,-0.00352890510112047,42.4841461181641,-71.4349899291992,624.693664550781,547.530700683594,-2.66034150123596,8.88939762115479,113.669418334961,55.9756813049316,-2.33639550209045,0.59553325176239,-0.422049820423126,-0.0237945728003979,70
738279.50886060891207307577,55.2429008483887,-2.3929340839386,8.80447483062744,0.0120410360395908,-0.00352890510112047,42.484130859375,-71.4348602294922,624.19140625,546.503356933594,-2.77899479866028,8.86513423919678,113.669464111328,55.9912757873535,-2.39186358451843,-0.928021788597107,-0.420946896076202,-0.023585295304656,70
738279.50886281963903456926,55.2080497741699,-2.52491044998169,9.05099105834961,0.0120410360395908,-0.00352890510112047,42.4841156005859,-71.4347305297852,623.669616699219,545.461364746094,-2.08367443084717,8.78621578216553,113.724327087402,56.0020027160645,-2.4499409198761,-0.191015675663948,-0.420077204704285,-0.0235601216554642,70
738279.50886507204268127680,55.1454772949219,-2.58947491645813,9.25387382507324,0.0120410360395908,-0.00352890510112047,42.4841003417969,-71.4346008300781,623.096923828125,544.342895507812,-1.33883392810822,8.34861183166504,113.708236694336,55.9764518737793,-2.52056384086609,2.19670748710632,-0.419531911611557,-0.0237349085509777,70
738279.50886729988269507885,55.067024230957,-2.5505805015564,9.47337627410889,0.0120410360395908,-0.00352890510112047,42.4840850830078,-71.4344711303711,622.546630859375,543.263305664062,-1.82521998882294,7.87630128860474,113.704635620117,55.9341354370117,-2.59030652046204,3.09502673149109,-0.419244825839996,-0.0240978207439184,70
738279.50886957941111177206,54.9863929748535,-2.63942551612854,9.73535633087158,0.0120410360395908,-0.00352890510112047,42.4840698242188,-71.4343414306641,621.981506347656,542.164184570312,-1.76204311847687,7.42166090011597,113.875389099121,55.9039077758789,-2.65247869491577,1.68079614639282,-0.41904228925705,-0.0246588718146086,70
738279.50887174485251307487,54.9088745117188,-2.61568021774292,9.95999526977539,0.0120410360395908,-0.00352890510112047,42.4840507507324,-71.434211730957,621.420593261719,541.082397460938,-1.37978136539459,6.95205450057983,114.161865234375,55.8661613464355,-2.70977377891541,1.69449555873871,-0.419008016586304,-0.0253818538039923,70
738279.50887406663969159126,54.8532791137695,-2.51261472702026,10.1143703460693,0.0120410360395908,-0.00352890510112047,42.4840354919434,-71.43408203125,620.854614257812,539.976196289062,-2.09725666046143,6.41293048858643,114.402557373047,55.8345413208008,-2.75802540779114,3.78850293159485,-0.418994158506393,-0.0263204220682383,70
738279.50887637364212423563,54.8208160400391,-2.59090304374695,10.2782173156738,0.0120410360395908,-0.00352890510112047,42.484016418457,-71.4339447021484,620.284606933594,538.860717773438,-2.71798968315125,5.83708572387695,114.505249023438,55.8361587524414,-2.78824377059937,3.9899594783783,-0.418850302696228,-0.0274553541094065,70
738279.50887865375261753798,54.7607765197754,-2.6743700504303,10.5316390991211,0.0120410360395908,-0.00352890510112047,42.4839973449707,-71.4338150024414,619.710021972656,537.757751464844,-2.42207145690918,5.31970882415771,114.514312744141,55.8284034729004,-2.81376171112061,0.735401213169098,-0.418792992830276,-0.02872602827847,70
738279.50888105283956974745,54.7076110839844,-2.61026120185852,10.7784337997437,0.0120410360395908,-0.00352890510112047,42.4839782714844,-71.4336776733398,619.096801757812,536.580444335938,-2.73056077957153,4.81378269195557,114.530639648438,55.8203430175781,-2.84308409690857,-1.2704975605011,-0.41889613866806,-0.0302709210664034,70
738279.50888344831764698029,54.7034530639648,-2.66368198394775,10.8941249847412,0.0120410360395908,-0.00352890510112047,42.483959197998,-71.4335403442383,618.501770019531,535.433898925781,-3.24167132377625,4.27023696899414,114.526870727539,55.8412475585938,-2.86419582366943,0.189751878380775,-0.418980300426483,-0.0319588370621204,70
738279.50888577068690210581,54.6875610351562,-2.79829668998718,10.9961223602295,0.0120410360395908,-0.00352890510112047,42.4839401245117,-71.4334106445312,617.885620117188,534.271850585938,-2.57641649246216,3.7395453453064,114.469627380371,55.8522567749023,-2.88670444488525,0.985547065734863,-0.419187694787979,-0.0337998233735561,70
738279.50888805720023810863,54.6435623168945,-2.76365184783936,11.1371974945068,0.0120410360395908,-0.00352890510112047,42.4839210510254,-71.4332733154297,617.26806640625,533.114685058594,-2.36096358299255,3.28533697128296,114.415802001953,55.8354148864746,-2.91886425018311,0.13586200773716,-0.419658899307251,-0.0357754305005074,70
738279.50889048899989575148,54.607723236084,-2.72987294197083,11.2648296356201,0.0120410360395908,-0.00352890510112047,42.4839019775391,-71.4331359863281,616.620056152344,531.941040039062,-2.88538312911987,2.83133578300476,114.446098327637,55.8242950439453,-2.9514946937561,-0.433708667755127,-0.420245468616486,-0.0380390211939812,70
738279.50889272475615143776,54.595272064209,-2.66963672637939,11.3534259796143,0.0120410360395908,-0.00352890510112047,42.4838790893555,-71.4329986572266,616.027954101562,531.250549316406,-3.33974671363831,2.54889178276062,114.615661621094,55.8271560668945,-2.97299766540527,-0.232685849070549,-0.4207444190979,-0.0402644164860249,70
738279.50889506621751934290,54.5917587280273,-2.6460018157959,11.4060182571411,0.0120410360395908,-0.00352890510112047,42.4838600158691,-71.4328689575195,615.428466796875,530.549560546875,-3.26266050338745,2.4768545627594,114.939308166504,55.833309173584,-2.98255681991577,0.887002110481262,-0.421126157045364,-0.0426936112344265,70
738279.50889736786484718323,54.5799255371094,-2.63837909698486,11.4448823928833,0.0120410360395908,-0.00352890510112047,42.4838409423828,-71.432731628418,614.847106933594,529.869262695312,-2.75421571731567,2.38040351867676,115.318840026855,55.8293342590332,-2.98285341262817,1.9923460483551,-0.42139521241188,-0.0451652556657791,70
738279.50889964227098971605,54.5538177490234,-2.64188599586487,11.5032958984375,0.0120410360395908,-0.00352890510112047,42.4838218688965,-71.4326019287109,614.265319824219,529.18798828125,-2.37904620170593,2.31204962730408,115.638793945312,55.8159866333008,-2.97816467285156,2.12927651405334,-0.42160439491272,-0.0477444045245647,70
738279.50890190480276942253,54.5207252502441,-2.62512803077698,11.5859088897705,0.0120410360395908,-0.00352890510112047,42.4838027954102,-71.4324722290039,613.699340820312,528.524719238281,-2.35528779029846,2.28813529014587,115.820259094238,55.7999496459961,-2.97184181213379,1.41879141330719,-0.421783119440079,-0.0503452755510807,70
738279.50890417583286762238,54.4897994995117,-2.63425922393799,11.6792821884155,0.0120410360395908,-0.00352890510112047,42.4837799072266,-71.4323425292969,613.125732421875,527.935974121094,-2.51145029067993,2.27839660644531,115.865036010742,55.7896308898926,-2.96401572227478,0.520611226558685,-0.421932518482208,-0.0530727729201317,70
738279.50890639843419194221,54.4553833007812,-2.6894793510437,11.751914024353,0.0120410360395908,-0.00352890510112047,42.4837608337402,-71.4322204589844,612.559143066406,527.617553710938,-2.24903249740601,2.23596882820129,115.829521179199,55.7739143371582,-2.95809364318848,0.28713247179985,-0.422094225883484,-0.0558067336678505,70
738279.50890866830013692379,54.4041900634766,-2.71973657608032,11.7962245941162,0.0120410360395908,-0.00352890510112047,42.4837417602539,-71.4320907592773,611.96728515625,527.280212402344,-1.62926530838013,2.14253544807434,115.79759979248,55.7347640991211,-2.9588189125061,0.85949718952179,-0.422369331121445,-0.0586998127400875,70
738279.50891096109990030527,54.3445892333984,-2.61994767189026,11.8294134140015,0.0120410360395908,-0.00352890510112047,42.4837226867676,-71.4319534301758,611.375061035156,526.944641113281,-1.53127479553223,2.02904534339905,115.809455871582,55.6788444519043,-2.96462774276733,1.55211019515991,-0.422739297151566,-0.0616912618279457,70
738279.50891320465598255396,54.3104019165039,-2.57250452041626,11.9178619384766,0.0120410360395908,-0.00352890510112047,42.483699798584,-71.4318237304688,610.812805175781,526.670593261719,-2.40407466888428,1.9422060251236,115.797561645508,55.6621322631836,-2.96167421340942,0.196161225438118,-0.422962009906769,-0.0647130385041237,70
738279.50891551177483052015,54.2873649597168,-2.72058796882629,12.0163650512695,0.0120410360395908,-0.00352890510112047,42.4836807250977,-71.4316940307617,610.227905273438,526.528137207031,-2.18897986412048,1.84068465232849,115.606101989746,55.6678771972656,-2.95335268974304,-1.29410696029663,-0.423093289136887,-0.0678198412060738,70
738279.50891777721699327230,54.2646026611328,-2.65525555610657,12.0526542663574,0.0120410360395908,-0.00352890510112047,42.4836578369141,-71.4315643310547,609.63671875,526.378173828125,-2.18891882896423,1.70541369915009,115.297966003418,55.6503715515137,-2.95478463172913,-0.557550847530365,-0.423391580581665,-0.0709806010127068,70
738279.50892004126217216253,54.2698097229004,-2.57353806495667,12.092921257019,0.0120410360395908,-0.00352890510112047,42.4836387634277,-71.4314346313477,609.065002441406,526.248474121094,-3.11204195022583,1.56281507015228,115.08016204834,55.660343170166,-2.95427775382996,-0.313354432582855,-0.423653244972229,-0.0742173939943314,70
738279.50892233091872185469,54.2967491149902,-2.67685437202454,12.1842174530029,0.0120410360395908,-0.00352890510112047,42.4836158752441,-71.4313049316406,608.498596191406,526.117126464844,-3.17720246315002,1.42823815345764,114.967750549316,55.7113761901855,-2.94699692726135,-1.82579016685486,-0.423783540725708,-0.0774566680192947,70
738279.50892460031900554895,54.3374519348145,-2.66756582260132,12.2479543685913,0.0120410360395908,-0.00352890510112047,42.4835968017578,-71.4311752319336,607.910339355469,525.968078613281,-2.80917692184448,1.29584658145905,114.781623840332,55.7645683288574,-2.94622921943665,-2.00691080093384,-0.424018442630768,-0.0807783231139183,70
738279.50892695283982902765,54.4053115844727,-2.63681125640869,12.2364435195923,0.0120410360395908,-0.00352890510112047,42.4835739135742,-71.4310455322266,607.321105957031,525.829956054688,-3.61387085914612,1.13060736656189,114.521537780762,55.8267097473145,-2.94740533828735,-0.0595835670828819,-0.42427995800972,-0.0842510908842087,70
738279.50892914936412125826,54.4672203063965,-2.73506093025208,12.2658624649048,0.0120410360395908,-0.00352890510112047,42.4835548400879,-71.4309158325195,606.741943359375,525.6845703125,-3.28881430625916,0.978804886341095,114.437812805176,55.8982086181641,-2.94846439361572,-0.0279559232294559,-0.424520552158356,-0.0876179188489914,70
738279.50893145252484828234,54.5203514099121,-2.63122987747192,12.3345766067505,0.0120410360395908,-0.00352890510112047,42.4835319519043,-71.430778503418,606.133544921875,525.532836914062,-2.82774114608765,0.883253931999207,114.588073730469,55.9601097106934,-2.95636534690857,-1.0496084690094,-0.424887329339981,-0.09122584015131,70
738279.50893367175012826920,54.5926361083984,-2.54522252082825,12.3371810913086,0.0120410360395908,-0.00352890510112047,42.4835090637207,-71.4306488037109,605.581481933594,525.413879394531,-3.35618185997009,0.804500162601471,114.798889160156,56.0271377563477,-2.95634412765503,0.0406075678765774,-0.425100713968277,-0.0946741998195648,70
738279.50893593428190797567,54.6659164428711,-2.61295938491821,12.3007526397705,0.0120410360395908,-0.00352890510112047,42.4834899902344,-71.4305191040039,605.017578125,525.290710449219,-3.13431835174561,0.698255240917206,114.992706298828,56.0936584472656,-2.94614553451538,1.94974529743195,-0.425126582384109,-0.0982273072004318,70
738279.50893815432209521532,54.6986618041992,-2.62169122695923,12.3092517852783,0.0120410360395908,-0.00352890510112047,42.4834671020508,-71.4303894042969,604.451782226562,525.160278320312,-2.27449703216553,0.620754063129425,115.206932067871,56.1278419494629,-2.93786811828613,1.92050719261169,-0.4251589179039,-0.101758740842342,70
738279.50894043582957237959,54.6993751525879,-2.51065444946289,12.3784866333008,0.0120410360395908,-0.00352890510112047,42.4834480285645,-71.4302597045898,603.889709472656,525.040283203125,-1.99844837188721,0.619137406349182,115.497253417969,56.1386871337891,-2.93070077896118,-0.0881398767232895,-0.425182521343231,-0.105371080338955,70
738279.50894278893247246742,54.7165184020996,-2.41819167137146,12.4486532211304,0.0120410360395908,-0.00352890510112047,42.4834251403809,-71.4301300048828,603.343566894531,524.941833496094,-2.34057974815369,0.61998724937439,115.820388793945,56.1668434143066,-2.91341543197632,-1.64999032020569,-0.424989461898804,-0.109061419963837,70
738279.50894504156894981861,54.7591552734375,-2.46216773986816,12.4504899978638,0.0120410360395908,-0.00352890510112047,42.4834060668945,-71.4300003051758,602.808654785156,524.848083496094,-2.18612170219421,-0.144293561577797,116.033828735352,56.210693359375,-2.8859076499939,-1.00276637077332,-0.424554467201233,-0.112724207341671,70
738279.50894752040039747953,54.8219795227051,-2.39031362533569,12.3939647674561,0.0120410360395908,-0.00352890510112047,42.4833793640137,-71.4298477172852,602.191528320312,524.740783691406,-2.11769509315491,-1.58737707138062,115.977912902832,56.2563209533691,-2.85422706604004,-0.00376692251302302,-0.423954099416733,-0.117026045918465,70
738279.50894979224540293217,54.8963356018066,-2.29472017288208,12.310733795166,0.0120410360395908,-0.00352890510112047,42.4833602905273,-71.4297180175781,601.6796875,524.668334960938,-3.13682150840759,-2.84559726715088,115.68049621582,56.3065490722656,-2.82347297668457,0.102385930716991,-0.42326432466507,-0.120697602629662,70
738279.50895192660391330719,54.9783363342285,-2.3131992816925,12.2397184371948,0.0120410360395908,-0.00352890510112047,42.4833374023438,-71.4295883178711,601.192321777344,524.605529785156,-3.70736408233643,-4.01175117492676,115.413330078125,56.3717918395996,-2.78761029243469,-1.003178358078,-0.42237788438797,-0.124254524707794,70
738279.50895415677223354578,55.0687866210938,-2.35379266738892,12.0896730422974,0.0120410360395908,-0.00352890510112047,42.4833183288574,-71.4294662475586,600.69482421875,524.851318359375,-3.15034437179565,-5.12624311447144,115.327728271484,56.4293518066406,-2.75387787818909,-0.313388496637344,-0.421408832073212,-0.127843111753464,70
738279.50895657262299209833,55.1689605712891,-2.3078830242157,11.874828338623,0.0120410360395908,-0.00352890510112047,42.4832954406738,-71.429328918457,600.151428222656,525.292358398438,-2.62349486351013,-6.10950422286987,115.371757507324,56.4796600341797,-2.72498202323914,0.4690782725811,-0.420352041721344,-0.131784066557884,70
738279.50895917427260428667,55.2883987426758,-2.24064779281616,11.6391448974609,0.0120410360395908,-0.00352890510112047,42.4832725524902,-71.4291763305664,599.578125,525.7900390625,-3.06668376922607,-7.1192193031311,115.372932434082,56.5446510314941,-2.69474458694458,-0.11668448895216,-0.419069200754166,-0.136045053601265,70
738279.50896167766768485308,55.393383026123,-2.33889555931091,11.4344787597656,0.0120410360395908,-0.00352890510112047,42.4832534790039,-71.4290313720703,599.018981933594,526.261535644531,-2.81833600997925,-8.05667781829834,115.295700073242,56.6095809936523,-2.66589307785034,-1.63748514652252,-0.41769152879715,-0.140053361654282,70
738279.50896390283014625311,55.4748649597168,-2.33293509483337,11.1646518707275,0.0120410360395908,-0.00352890510112047,42.4832305908203,-71.4288940429688,598.489624023438,526.6875,-2.16150951385498,-8.86880016326904,115.265525817871,56.6352615356445,-2.65095043182373,-1.62642443180084,-0.416513383388519,-0.143680363893509,70
738279.50896611902862787247,55.5543098449707,-2.22918224334717,10.8489751815796,0.0120410360395908,-0.00352890510112047,42.4832153320312,-71.4287719726562,598.010864257812,527.097839355469,-2.28610157966614,-8.91634082794189,115.352691650391,56.6476020812988,-2.64191293716431,-0.790359020233154,-0.415425717830658,-0.146977439522743,70
738279.50896835501771420240,55.6565093994141,-2.20167088508606,10.53537940979,0.0120410360395908,-0.00352890510112047,42.4831962585449,-71.4286346435547,597.515197753906,527.551330566406,-2.64159822463989,-8.86779975891113,115.517784118652,56.6876411437988,-2.62572169303894,-0.433932602405548,-0.414077758789062,-0.150416225194931,70
738279.50897066097240895033,55.7484550476074,-2.30917119979858,10.2657718658447,0.0120410360395908,-0.00352890510112047,42.4831771850586,-71.4285049438477,597.007873535156,527.987365722656,-1.90466070175171,-8.66370296478271,115.595748901367,56.732780456543,-2.60838007926941,-0.628517985343933,-0.412644445896149,-0.153713122010231,70
738279.50897294539026916027,55.8187217712402,-2.31044316291809,9.94874286651611,0.0120410360395908,-0.00352890510112047,42.4831619262695,-71.4283676147461,596.487060546875,528.422180175781,-1.32889604568481,-8.45966243743896,115.496719360352,56.7454452514648,-2.60056805610657,0.049315020442009,-0.411302387714386,-0.156911388039589,70
738279.50897527846973389387,55.8638801574707,-2.23806071281433,9.66085815429688,0.0120410360395908,-0.00352890510112047,42.4831428527832,-71.4282302856445,595.970031738281,528.866271972656,-1.5954704284668,-8.22649955749512,115.353004455566,56.7372398376465,-2.59775447845459,-0.735919535160065,-0.409990280866623,-0.159976094961166,70
738279.50897756323684006929,55.9141464233398,-2.09557962417603,9.40165424346924,0.0120410360395908,-0.00352890510112047,42.4831275939941,-71.428092956543,595.484130859375,529.326599121094,-2.42948436737061,-7.94405937194824,115.388168334961,56.7377662658691,-2.5889732837677,-2.15872573852539,-0.408552348613739,-0.16282294690609,70
738279.50897983380127698183,55.9847259521484,-1.97140061855316,9.13946723937988,0.0120410360395908,-0.00352890510112047,42.4831123352051,-71.4279632568359,595.030578613281,529.809204101562,-2.91590189933777,-7.62678861618042,115.707832336426,56.7600708007812,-2.56388139724731,-2.63744187355042,-0.406783849000931,-0.165475487709045,70
738279.50898220529779791832,56.0571327209473,-1.93412625789642,8.861403465271,0.0120410360395908,-0.00352890510112047,42.483097076416,-71.4278259277344,594.56640625,530.333740234375,-2.37709426879883,-7.07748317718506,116.260398864746,56.7861518859863,-2.51955723762512,-2.18250393867493,-0.404505908489227,-0.168099820613861,70
738279.50898456596769392490,56.10791015625,-1.83231425285339,8.61949348449707,0.0120410360395908,-0.00352890510112047,42.483081817627,-71.4276809692383,594.121887207031,530.866088867188,-1.78098928928375,-6.16082620620728,116.780700683594,56.7956924438477,-2.46683073043823,-2.35772013664246,-0.401951551437378,-0.170497551560402,70
738279.50898710382170975208,56.155345916748,-1.71463906764984,8.39304828643799,0.0120410360395908,-0.00352890510112047,42.4830627441406,-71.4275360107422,593.680603027344,531.4501953125,-1.96070277690887,-5.17139053344727,117.09546661377,56.8049850463867,-2.40136790275574,-2.28663611412048,-0.398890405893326,-0.172821715474129,70
738279.50898949452675879002,56.2031936645508,-1.69606387615204,8.15872287750244,0.0120410360395908,-0.00352890510112047,42.4830474853516,-71.4273910522461,593.254577636719,532.047241210938,-2.02735471725464,-4.30298709869385,117.178565979004,56.8176078796387,-2.32733845710754,-0.617520809173584,-0.395428895950317,-0.174931854009628,70
738279.50899171689525246620,56.2221565246582,-1.69160282611847,7.95726203918457,0.0120410360395908,-0.00352890510112047,42.4830360412598,-71.4272613525391,592.8623046875,532.595092773438,-1.34280169010162,-3.6067008972168,117.19807434082,56.8076629638672,-2.26179695129395,0.96864116191864,-0.392047792673111,-0.176683783531189,70
738279.50899398105684667826,56.2113952636719,-1.5361510515213,7.82391166687012,0.0120410360395908,-0.00352890510112047,42.4830207824707,-71.4271240234375,592.485168457031,533.158996582031,-0.975923001766205,-3.11949062347412,117.267288208008,56.7740631103516,-2.20167398452759,0.44867205619812,-0.388523310422897,-0.178273141384125,70
738279.50899625045713037252,56.2189674377441,-1.38317096233368,7.74381160736084,0.0120410360395908,-0.00352890510112047,42.4830093383789,-71.4269943237305,592.1455078125,533.753356933594,-1.58528113365173,-3.09335017204285,117.34098815918,56.7666435241699,-2.1351101398468,-1.1343457698822,-0.384661048650742,-0.179696545004845,70
738279.50899884803220629692,56.2592620849609,-1.4203919172287,7.61163234710693,0.0120410360395908,-0.00352890510112047,42.4829940795898,-71.4268417358398,591.776000976562,534.428833007812,-1.66646301746368,-3.17218995094299,117.237030029297,56.7896041870117,-2.04956555366516,-0.716131865978241,-0.379851698875427,-0.181125611066818,70
738279.50900138134602457285,56.2835655212402,-1.39496195316315,7.43004417419434,0.0120410360395908,-0.00352890510112047,42.4829788208008,-71.4266891479492,591.385925292969,535.122253417969,-1.20733332633972,-3.3116602897644,116.894676208496,56.789005279541,-1.96971619129181,0.639197587966919,-0.374674111604691,-0.182422131299973,70
738279.50900363770779222250,56.2943572998047,-1.28102838993073,7.32539367675781,0.0120410360395908,-0.00352890510112047,42.482967376709,-71.4265518188477,591.065979003906,535.741516113281,-1.63046276569366,-3.40732431411743,116.577850341797,56.7834243774414,-1.9087131023407,-0.516791701316833,-0.370041131973267,-0.183398380875587,70
738279.50900608440861105919,56.3254089355469,-1.24144494533539,7.2257661819458,0.0120410360395908,-0.00352890510112047,42.4829521179199,-71.4264068603516,590.722045898438,536.454650878906,-1.90000593662262,-3.51329898834229,116.329833984375,56.8005676269531,-1.83907473087311,-1.9086982011795,-0.364518225193024,-0.184361413121223,70
738279.50900845997966825962,56.3575477600098,-1.2218633890152,7.10988330841064,0.0120410360395908,-0.00352890510112047,42.4829406738281,-71.42626953125,590.41552734375,537.109069824219,-1.64351487159729,-3.63821530342102,116.16869354248,56.8173980712891,-1.77840852737427,-2.16288590431213,-0.359269797801971,-0.185106813907623,70
738279.50901069247629493475,56.3804321289062,-1.23191106319427,6.96844530105591,0.0120410360395908,-0.00352890510112047,42.4829292297363,-71.4261322021484,590.112365722656,537.755920410156,-1.19953429698944,-3.76141047477722,116.002685546875,56.8227958679199,-1.72447490692139,-1.64720225334167,-0.353951036930084,-0.185738414525986,70
738279.50901310204062610865,56.3958206176758,-1.22792899608612,6.80283832550049,0.0120410360395908,-0.00352890510112047,42.4829177856445,-71.4259872436523,589.799926757812,538.386169433594,-1.04401922225952,-3.41586065292358,115.784286499023,56.8179092407227,-1.67876100540161,-0.741755485534668,-0.348435252904892,-0.186280354857445,70
738279.50901558180339634418,56.4137649536133,-1.19497513771057,6.65246534347534,0.0120410360395908,-0.00352890510112047,42.4829063415527,-71.4258422851562,589.471313476562,539.250366210938,-1.46364605426788,-2.37516593933105,115.520095825195,56.8172187805176,-1.6396609544754,-0.241682037711143,-0.342508792877197,-0.186732664704323,70
738279.50901790673378854990,56.4273910522461,-1.13151955604553,6.60683441162109,0.0120410360395908,-0.00352890510112047,42.4828948974609,-71.4257049560547,589.179870605469,539.560485839844,-1.9591828584671,-1.35686898231506,115.347549438477,56.8241233825684,-1.60694670677185,-1.78909003734589,-0.336901813745499,-0.187041491270065,70
738279.50902026984840631485,56.4313621520996,-1.03613638877869,6.57589817047119,0.0120410360395908,-0.00352890510112047,42.4828796386719,-71.4255599975586,588.882690429688,539.496826171875,-1.65101444721222,-1.156742811203,115.390632629395,56.8226585388184,-1.57272922992706,-2.45361995697021,-0.330905109643936,-0.187250629067421,70
738279.50902267068158835173,56.4641914367676,-0.882977843284607,6.43717288970947,0.0120410360395908,-0.00352890510112047,42.4828681945801,-71.4254150390625,588.629760742188,539.476989746094,-2.34655427932739,-1.33675158023834,115.60383605957,56.836799621582,-1.52723681926727,0.120720490813255,-0.324541598558426,-0.187359005212784,70
738279.50902507302816957235,56.480052947998,-0.942898869514465,6.37912654876709,0.0120410360395908,-0.00352890510112047,42.4828567504883,-71.4252777099609,588.377136230469,539.452880859375,-1.64116024971008,-1.45411717891693,115.82763671875,56.8469772338867,-1.47117733955383,-0.187104657292366,-0.317904263734818,-0.187376216053963,70
738279.50902744987979531288,56.4598121643066,-0.742130756378174,6.32002925872803,0.0120410360395908,-0.00352890510112047,42.4828491210938,-71.4251327514648,588.137329101562,539.339111328125,-1.23509967327118,-1.52065348625183,116.121772766113,56.8172874450684,-1.41628623008728,-0.618436217308044,-0.310971260070801,-0.187305435538292,70
738279.50902998959645628929,56.4591941833496,-0.61798369884491,6.18607711791992,0.0120410360395908,-0.00352890510112047,42.4828338623047,-71.4249801635742,587.921997070312,539.251647949219,-1.51240360736847,-1.60284149646759,116.552108764648,56.8004417419434,-1.342125415802,1.09486711025238,-0.302971631288528,-0.187134087085724,70
738279.50903233082499355078,56.4653625488281,-0.577125132083893,6.07288646697998,0.0120410360395908,-0.00352890510112047,42.4828262329102,-71.4248428344727,587.740356445312,539.188781738281,-1.13584315776825,-1.67327070236206,116.876190185547,56.7939262390137,-1.2641236782074,2.14910435676575,-0.29524102807045,-0.186899483203888,70
738279.50903460639528930187,56.4553680419922,-0.580290973186493,6.0067720413208,0.0120410360395908,-0.00352890510112047,42.4828147888184,-71.4247055053711,587.564147949219,539.133361816406,-0.48346620798111,-1.72652769088745,116.99243927002,56.7769889831543,-1.18805289268494,1.64115118980408,-0.28739008307457,-0.186598971486092,70
738279.50903692818246781826,56.4257850646973,-0.561433970928192,5.98414850234985,0.0120410360395908,-0.00352890510112047,42.4828033447266,-71.4245681762695,587.387756347656,539.078369140625,-0.184297859668732,-1.7634117603302,116.863792419434,56.7449951171875,-1.12021279335022,-0.208440363407135,-0.279368221759796,-0.186224058270454,70
738279.50903923111036419868,56.3965759277344,-0.505155861377716,5.96485090255737,0.0120410360395908,-0.00352890510112047,42.482795715332,-71.424430847168,587.222412109375,539.032653808594,-0.562195479869843,-1.81284117698669,116.570899963379,56.7133865356445,-1.06193518638611,-1.9115514755249,-0.271348297595978,-0.185793906450272,70
738279.50904153322335332632,56.3763084411621,-0.50635039806366,5.89020299911499,0.0120410360395908,-0.00352890510112047,42.4827842712402,-71.4242935180664,587.064819335938,538.994995117188,-0.84279066324234,-1.92187452316284,116.281318664551,56.6854400634766,-1.00811231136322,-1.63192510604858,-0.263141393661499,-0.185304269194603,70
738279.50904403510503470898,56.3423080444336,-0.489998042583466,5.75184917449951,0.0120410360395908,-0.00352890510112047,42.4827728271484,-71.4241485595703,586.885620117188,538.947448730469,-0.10045014321804,-2.10690808296204,116.152534484863,56.6372604370117,-0.958705067634583,0.084683008491993,-0.25405278801918,-0.184693545103073,70
738279.50904635246843099594,56.3058204650879,-0.335431307554245,5.68031311035156,0.0120410360395908,-0.00352890510112047,42.4827613830566,-71.4240036010742,586.73779296875,538.925842285156,-0.328605830669403,-2.25861048698425,116.12109375,56.5926132202148,-0.916466653347015,-1.00651359558105,-0.245193153619766,-0.184039652347565,70
738279.50904860859736800194,56.2927627563477,-0.337099730968475,5.62514686584473,0.0120410360395908,-0.00352890510112047,42.4827537536621,-71.4238662719727,586.617065429688,538.921508789062,-0.76587587594986,-2.39567065238953,116.020523071289,56.5741195678711,-0.87069833278656,-2.08283996582031,-0.236711531877518,-0.183388203382492,70
738279.50905086647253483534,56.2668304443359,-0.362848877906799,5.49607706069946,0.0120410360395908,-0.00352890510112047,42.4827461242676,-71.4237365722656,586.485717773438,538.908935546875,-0.329406768083572,-2.58811092376709,115.893836975098,56.5357818603516,-0.825481116771698,-0.806863844394684,-0.227899059653282,-0.182660520076752,70
738279.50905314856208860874,56.229377746582,-0.173388943076134,5.32709074020386,0.0120410360395908,-0.00352890510112047,42.4827346801758,-71.4235992431641,586.372314453125,538.914611816406,-0.485218584537506,-2.80694842338562,115.885612487793,56.4814224243164,-0.784900546073914,0.754913687705994,-0.218974530696869,-0.1818817704916,70
738279.50905559759121388197,56.2311248779297,-0.11352701485157,5.20834064483643,0.0120410360395908,-0.00352890510112047,42.4827270507812,-71.4234619140625,586.285766601562,538.951965332031,-1.23833918571472,-2.99764704704285,115.947380065918,56.4719314575195,-0.731157600879669,0.22622449696064,-0.209276005625725,-0.181003645062447,70
738279.50905788270756602287,56.2381401062012,-0.225727871060371,5.11131000518799,0.0120410360395908,-0.00352890510112047,42.4827156066895,-71.4233169555664,586.186767578125,538.977111816406,-0.618387520313263,-3.08831810951233,115.901550292969,56.4703903198242,-0.673581838607788,-0.450558423995972,-0.199280023574829,-0.180048018693924,70
738279.50906021625269204378,56.2090835571289,-0.183991819620132,4.96124696731567,0.0120410360395908,-0.00352890510112047,42.4827079772949,-71.4231796264648,586.082153320312,538.992553710938,0.00437174784019589,-2.73048210144043,115.739898681641,56.4279098510742,-0.631768047809601,0.553743422031403,-0.189633682370186,-0.179042637348175,70
738279.50906241475604474545,56.1661262512207,-0.0595953539013863,4.8294153213501,0.0120410360395908,-0.00352890510112047,42.4827003479004,-71.4230499267578,586.002319335938,539.027526855469,-0.408671498298645,-2.29850840568542,115.64949798584,56.373405456543,-0.597161293029785,0.98107773065567,-0.180285528302193,-0.178005993366241,70
738279.50906473945360630751,56.1311073303223,0.0107158767059445,4.75240087509155,0.0120410360395908,-0.00352890510112047,42.4826927185059,-71.4229202270508,585.938415527344,539.080932617188,-0.5519078373909,-1.69207000732422,115.770164489746,56.3319320678711,-0.556109845638275,0.199614286422729,-0.170458018779755,-0.176868289709091,70
738279.50906708382535725832,56.0982055664062,0.103808857500553,4.69316720962524,0.0120410360395908,-0.00352890510112047,42.4826850891113,-71.4227752685547,585.889038085938,539.155334472656,-0.422433823347092,-0.517794191837311,116.033134460449,56.2942733764648,-0.505277097225189,-0.129855245351791,-0.159757658839226,-0.175580188632011,70
738279.50906960852444171906,56.0571212768555,0.165949285030365,4.67651700973511,0.0120410360395908,-0.00352890510112047,42.4826774597168,-71.4226303100586,585.853515625,539.249633789062,-0.187188565731049,0.662120044231415,116.28441619873,56.2520980834961,-0.44382032752037,-0.294441848993301,-0.148140579462051,-0.174136340618134,70
738279.50907194882165640593,56.016788482666,0.210042029619217,4.67800092697144,0.0120410360395908,-0.00352890510112047,42.4826698303223,-71.422492980957,585.830505371094,539.346923828125,-0.0641869530081749,0.80689525604248,116.39225769043,56.2121734619141,-0.383912533521652,0.0347108542919159,-0.137084230780602,-0.172734946012497,70
738279.50907440599985420704,55.9852104187012,0.261237591505051,4.66440534591675,0.0120410360395908,-0.00352890510112047,42.4826583862305,-71.4223480224609,585.817016601562,539.459594726562,-0.320986926555634,0.718178510665894,116.313369750977,56.1797904968262,-0.321066439151764,0.832898139953613,-0.125222161412239,-0.17118638753891,70
738279.50907684140838682652,55.9748916625977,0.205385357141495,4.62603187561035,0.0120410360395908,-0.00352890510112047,42.4826507568359,-71.4222030639648,585.806701660156,539.575988769531,-0.578563451766968,0.645592272281647,116.033958435059,56.1660995483398,-0.260429799556732,2.1416494846344,-0.113080523908138,-0.169577121734619,70
738279.50907910766545683146,55.9382934570312,0.0621932856738567,4.68272066116333,0.0120410360395908,-0.00352890510112047,42.4826431274414,-71.4220657348633,585.769775390625,539.658264160156,0.27582660317421,0.626015663146973,115.653541564941,56.1339874267578,-0.218821063637733,0.211809143424034,-0.101702161133289,-0.168017715215683,70
738279.50908136821817606688,55.8577423095703,0.106564104557037,4.7725510597229,0.0120410360395908,-0.00352890510112047,42.4826354980469,-71.4219360351562,585.724731445312,539.728637695312,0.936488330364227,0.585105419158936,115.33137512207,56.0613594055176,-0.201570153236389,-2.38343739509583,-0.0909278318285942,-0.166469633579254,70
738279.50908367265947163105,55.7836723327637,0.22823578119278,4.77718067169189,0.0120410360395908,-0.00352890510112047,42.4826278686523,-71.4217987060547,585.7001953125,539.822570800781,0.486753344535828,0.442861407995224,115.146682739258,55.9883155822754,-0.19133847951889,-2.05321383476257,-0.0798550993204117,-0.164851501584053,70
738279.50908592843916267157,55.7393188476562,0.227309629321098,4.69995498657227,0.0120410360395908,-0.00352890510112047,42.4826202392578,-71.4216690063477,585.687866210938,539.926452636719,0.20095506310463,0.231932058930397,115.074630737305,55.9375801086426,-0.174819007515907,0.411766052246094,-0.0687670037150383,-0.16325144469738,70
738279.50908816698938608170,55.6877670288086,0.213247060775757,4.64790058135986,0.0120410360395908,-0.00352890510112047,42.4826126098633,-71.4215316772461,585.670959472656,540.024719238281,0.559447169303894,0.0348500609397888,115.047264099121,55.8818016052246,-0.156810328364372,1.38637721538544,-0.0576580613851547,-0.161651864647865,70
738279.50909049401525408030,55.6159057617188,0.2877436876297,4.65311145782471,0.0120410360395908,-0.00352890510112047,42.4826049804688,-71.4214019775391,585.659973144531,540.132995605469,0.584791481494904,-0.119727283716202,115.046310424805,55.8109588623047,-0.139649122953415,0.163134023547173,-0.0460855774581432,-0.159978792071342,70
738279.50909276632592082024,55.5562362670898,0.402531862258911,4.66419649124146,0.0120410360395908,-0.00352890510112047,42.4825973510742,-71.4212646484375,585.672241210938,540.26123046875,-0.00733486237004399,-0.258608549833298,115.102645874023,55.7531356811523,-0.116469502449036,-1.13579022884369,-0.0346158035099506,-0.158341556787491,70
738279.50909514178056269884,55.5155639648438,0.42641207575798,4.61603116989136,0.0120410360395908,-0.00352890510112047,42.4825897216797,-71.4211273193359,585.697082519531,540.406005859375,-0.0602874755859375,-0.43235582113266,115.244338989258,55.7087745666504,-0.0811849609017372,-0.443572044372559,-0.0224130172282457,-0.156622692942619,70
738279.50909741106443107128,55.4722480773926,0.439033150672913,4.53716564178467,0.0120410360395908,-0.00352890510112047,42.4825820922852,-71.4209899902344,585.723083496094,540.550598144531,0.430903524160385,-0.616918206214905,115.392318725586,55.6592254638672,-0.0423234924674034,0.90948885679245,-0.0101351225748658,-0.154915526509285,70
738279.50909973622765392065,55.4219055175781,0.485603392124176,4.49195909500122,0.0120410360395908,-0.00352890510112047,42.4825744628906,-71.4208602905273,585.7568359375,540.7021484375,0.446695953607559,-0.760388135910034,115.432609558105,55.6057662963867,-0.004012206569314,0.693063020706177,0.00221104547381401,-0.153198093175888,70
738279.50910193915478885174,55.3763580322266,0.526407301425934,4.48573303222656,0.0120410360395908,-0.00352890510112047,42.4825668334961,-71.4207305908203,585.797119140625,540.85595703125,0.12088880687952,-0.8744056224823,115.357604980469,55.5602378845215,0.0333448313176632,-0.782081186771393,0.0142806712538004,-0.151527509093285,70
738279.50910422648303210735,55.3344078063965,0.531147539615631,4.47714996337891,0.0120410360395908,-0.00352890510112047,42.4825592041016,-71.4205932617188,585.843017578125,541.017395019531,-0.00539424829185009,-0.995575070381165,115.248428344727,55.5177803039551,0.0713443756103516,-1.98469090461731,0.0267314016819,-0.149802789092064,70
738279.50910651683807373047,55.2798271179199,0.52873307466507,4.42421388626099,0.0120410360395908,-0.00352890510112047,42.482551574707,-71.4204635620117,585.888427734375,541.179931640625,0.421708047389984,-1.14897131919861,115.212951660156,55.4591064453125,0.106329351663589,-1.69425654411316,0.0394624955952168,-0.148032993078232,70
738279.50910876237321645021,55.2109870910645,0.59449028968811,4.32851600646973,0.0120410360395908,-0.00352890510112047,42.4825439453125,-71.4203338623047,585.938659667969,541.344055175781,0.77948522567749,-1.32265543937683,115.301979064941,55.3835983276367,0.135772600769997,-0.389188647270203,0.0519077517092228,-0.146301165223122,70
738279.50911103072576224804,55.1502494812012,0.722245037555695,4.22872066497803,0.0120410360395908,-0.00352890510112047,42.482536315918,-71.4202041625977,586.008178710938,541.526550292969,0.473225951194763,-1.48659098148346,115.45378112793,55.3168487548828,0.167246863245964,0.462155878543854,0.0644646510481834,-0.144552439451218,70
738279.50911326461937278509,55.1218948364258,0.706822216510773,4.18757343292236,0.0120410360395908,-0.00352890510112047,42.4825286865234,-71.4200744628906,586.096130371094,541.725769042969,-0.105010852217674,-1.6062023639679,115.521659851074,55.2852478027344,0.208921700716019,-0.707990884780884,0.0774096250534058,-0.142766684293747,70
738279.50911556754726916552,55.0828285217285,0.685303628444672,4.11891317367554,0.0120410360395908,-0.00352890510112047,42.4825248718262,-71.4199371337891,586.170288085938,541.913452148438,0.309328407049179,-1.93219614028931,115.416328430176,55.2408638000488,0.250227630138397,-0.772973656654358,0.0909861400723457,-0.140870198607445,70
738279.50911778630688786507,55.0488357543945,0.817222416400909,3.95805859565735,0.0120410360395908,-0.00352890510112047,42.4825172424316,-71.419807434082,586.2607421875,542.113342285156,-0.405517786741257,-3.29264664649963,115.281852722168,55.1969985961914,0.285023659467697,1.06223011016846,0.104137040674686,-0.139017850160599,70
738279.50912013265769928694,55.0550003051758,0.718723058700562,3.82373976707458,0.0120410360395908,-0.00352890510112047,42.4825096130371,-71.419677734375,586.356994628906,542.321716308594,-0.73585718870163,-4.32097864151001,115.164901733398,55.1923065185547,0.32453265786171,0.686224341392517,0.117835849523544,-0.137079820036888,70
738279.50912240135949105024,55.0599327087402,0.63201504945755,3.71240496635437,0.0120410360395908,-0.00352890510112047,42.4825057983398,-71.4195404052734,586.428588867188,542.506164550781,-0.124291598796844,-4.35093879699707,114.920753479004,55.1885643005371,0.352554827928543,-0.706409692764282,0.13154162466526,-0.135078638792038,70
738279.50912470754701644182,55.0611190795898,0.605989038944244,3.54922866821289,0.0120410360395908,-0.00352890510112047,42.4824981689453,-71.4194107055664,586.492858886719,542.682312011719,-0.370884835720062,-4.39103603363037,114.474365234375,55.1787185668945,0.363420635461807,-0.351550608873367,0.144923716783524,-0.133036941289902,70
738279.50912699452601373196,55.0652770996094,0.463501513004303,3.35611271858215,0.0120410360395908,-0.00352890510112047,42.482494354248,-71.4192733764648,586.541137695312,542.845031738281,-0.542264044284821,-4.43734455108643,113.952125549316,55.1694030761719,0.360333740711212,0.937744140625,0.158409088850021,-0.130879953503609,70
738279.50912925088778138161,55.0444526672363,0.318760961294174,3.20881652832031,0.0120410360395908,-0.00352890510112047,42.4824867248535,-71.4191436767578,586.556762695312,542.974365234375,0.302660942077637,-4.4497537612915,113.583099365234,55.1388244628906,0.336092084646225,0.629384517669678,0.171418562531471,-0.128659456968307,70
738279.50913150154519826174,54.9977836608887,0.317763954401016,3.11267757415771,0.0120410360395908,-0.00352890510112047,42.4824829101562,-71.4190139770508,586.559387207031,543.086120605469,0.849800229072571,-4.18910026550293,113.403717041016,55.0867118835449,0.293531656265259,-1.28880703449249,0.183494716882706,-0.126452207565308,70
738279.50913380982819944620,54.9618377685547,0.320142269134521,3.00404191017151,0.0120410360395908,-0.00352890510112047,42.482479095459,-71.4188766479492,586.565734863281,543.207336425781,0.3908911049366,-3.77401351928711,113.263870239258,55.0448036193848,0.243388921022415,-2.41260242462158,0.195992052555084,-0.124027773737907,70
738279.50913608283735811710,54.9462242126465,0.148592442274094,2.87733459472656,0.0120410360395908,-0.00352890510112047,42.4824714660645,-71.4187545776367,586.554565429688,543.30419921875,0.347279787063599,-3.44396781921387,113.080230712891,55.0217094421387,0.196979835629463,-1.82299494743347,0.207624852657318,-0.121678695082664,70
738279.50913834269158542156,54.9032897949219,0.0688257962465286,2.69287180900574,0.0120410360395908,-0.00352890510112047,42.4824676513672,-71.4186172485352,586.514404296875,543.379028320312,0.896668255329132,-3.4356472492218,112.852653503418,54.9693336486816,0.136907026171684,0.203825145959854,0.219604283571243,-0.119079411029816,70
738279.50914048810955137014,54.8429641723633,0.100487872958183,2.53771305084229,0.0120410360395908,-0.00352890510112047,42.4824638366699,-71.4184951782227,586.47412109375,543.445068359375,0.840982913970947,-3.4720823764801,112.750144958496,54.9017372131348,0.0754430815577507,0.821835696697235,0.230376988649368,-0.116602025926113,70
738279.50914270151406526566,54.7962112426758,0.18460088968277,2.43314576148987,0.0120410360395908,-0.00352890510112047,42.4824600219727,-71.4183654785156,586.445983886719,543.526794433594,0.060785386711359,-3.2247896194458,112.824783325195,54.8505172729492,0.0191045626997948,-0.48806169629097,0.241437077522278,-0.11394090950489,70
738279.50914493447635322809,54.787410736084,0.184228524565697,2.34971737861633,0.0120410360395908,-0.00352890510112047,42.4824562072754,-71.4182357788086,586.427185058594,543.617797851562,-0.590982615947723,-2.87913775444031,112.995567321777,54.8380851745605,-0.0205188523977995,-1.64069747924805,0.252617985010147,-0.111185103654861,70
738279.50914705893956124783,54.7932243347168,0.0909876003861427,2.24355959892273,0.0120410360395908,-0.00352890510112047,42.4824523925781,-71.4181137084961,586.397155761719,543.694396972656,-0.457825690507889,-2.54904770851135,113.095611572266,54.8392105102539,-0.0485807470977306,-1.15652537345886,0.263513058423996,-0.108430057764053,70
738279.50914927432313561440,54.7898559570312,0.0248868148773909,2.11976289749146,0.0120410360395908,-0.00352890510112047,42.4824485778809,-71.4179840087891,586.352172851562,543.763244628906,-0.251604676246643,-2.47938919067383,113.054168701172,54.8308525085449,-0.0778250172734261,-0.128503739833832,0.274605959653854,-0.105490170419216,70
738279.50915157166309654713,54.782642364502,-0.0321093015372753,2.01266932487488,0.0120410360395908,-0.00352890510112047,42.4824485778809,-71.417854309082,586.293090820312,543.979125976562,-0.357784897089005,-2.44434332847595,112.897338867188,54.8196105957031,-0.112037539482117,0.120027586817741,0.285670459270477,-0.102414019405842,70
738279.50915375491604208946,54.7813987731934,-0.0636769011616707,1.94079375267029,0.0120410360395908,-0.00352890510112047,42.4824447631836,-71.4177322387695,586.227905273438,543.873474121094,-0.809216678142548,-2.30313539505005,112.709899902344,54.815803527832,-0.149456173181534,-0.700781464576721,0.296246111392975,-0.0993432924151421,70
738279.50915597041603177786,54.7899551391602,-0.113749444484711,1.89577519893646,0.0120410360395908,-0.00352890510112047,42.4824409484863,-71.4176025390625,586.154174804688,543.75830078125,-1.15640640258789,-1.83937835693359,112.573684692383,54.8228607177734,-0.189301162958145,-1.95425367355347,0.306886494159698,-0.0961100459098816,70
738279.50915826752316206694,54.7969207763672,-0.199147671461105,1.85148787498474,0.0120410360395908,-0.00352890510112047,42.4824371337891,-71.4174728393555,586.065307617188,543.627197265625,-0.908142030239105,-1.24996912479401,112.542671203613,54.8285522460938,-0.232035681605339,-2.36584639549255,0.317496418952942,-0.0927334353327751,70
738279.50916052935644984245,54.7847480773926,-0.312059283256531,1.79734742641449,0.0120410360395908,-0.00352890510112047,42.4824371337891,-71.4173355102539,585.950988769531,544.134887695312,-0.0241398084908724,-0.97038596868515,112.584777832031,54.815113067627,-0.282242864370346,-1.7619149684906,0.327769041061401,-0.0892988815903664,70
738279.50916285463608801365,54.7731285095215,-0.24067023396492,1.71358239650726,0.0120410360395908,-0.00352890510112047,42.4824333190918,-71.4172058105469,585.843627929688,544.409973144531,-0.484689235687256,-1.0429265499115,112.589073181152,54.8004531860352,-0.33746463060379,-0.636271417140961,0.337978333234787,-0.0857193917036057,70
738279.50916508131194859743,54.778003692627,-0.361191064119339,1.69587659835815,0.0120410360395908,-0.00352890510112047,42.4824295043945,-71.4170761108398,585.728881835938,544.006103515625,-0.804945647716522,-1.06677842140198,112.497657775879,54.8054389953613,-0.384553998708725,-1.65149092674255,0.347898334264755,-0.0821686685085297,70
738279.50916733255144208670,54.771167755127,-0.454277485609055,1.66286289691925,0.0120410360395908,-0.00352890510112047,42.4824295043945,-71.4169464111328,585.589538574219,543.164672851562,-0.425095856189728,-0.799241244792938,112.389747619629,54.7982864379883,-0.435343652963638,-1.80838060379028,0.357566058635712,-0.0785531625151634,70
738279.50916957075241953135,54.7621803283691,-0.448304682970047,1.5815623998642,0.0120410360395908,-0.00352890510112047,42.4824256896973,-71.4168167114258,585.444702148438,543.063659667969,-0.60669618844986,0.352834403514862,112.332786560059,54.7868461608887,-0.490953087806702,0.0715236142277718,0.366934776306152,-0.0748821869492531,70
738279.50917180348187685013,54.7827033996582,-0.529339015483856,1.52784514427185,0.0120410360395908,-0.00352890510112047,42.482421875,-71.4166870117188,585.297180175781,542.854431152344,-1.13770520687103,1.70292329788208,112.274314880371,54.8065605163574,-0.543322205543518,1.87475681304932,0.376164257526398,-0.0711565539240837,70
738279.50917408685199916363,54.8054313659668,-0.763314366340637,1.57816803455353,0.0120410360395908,-0.00352890510112047,42.482421875,-71.4165573120117,585.110900878906,542.605895996094,-0.567831039428711,3.07317733764648,112.088645935059,54.8334655761719,-0.600091576576233,1.42511510848999,0.385182052850723,-0.0673525109887123,70
738279.50917639641556888819,54.7914199829102,-0.848523557186127,1.70555806159973,0.0120410360395908,-0.00352890510112047,42.4824180603027,-71.4164276123047,584.887145996094,542.318664550781,0.0151346307247877,4.26824378967285,111.785690307617,54.8245239257812,-0.6767218708992,0.366653084754944,0.393856525421143,-0.06338781863451,70
738279.50917870248667895794,54.7649574279785,-0.874052047729492,1.8032044172287,0.0120410360395908,-0.00352890510112047,42.4824180603027,-71.4162902832031,584.656005859375,542.024169921875,-0.382053703069687,4.55517911911011,111.559959411621,54.8016052246094,-0.762830674648285,1.4888688325882,0.402109384536743,-0.0593763664364815,70
738279.50918092869687825441,54.7464179992676,-0.977417051792145,1.87483143806458,0.0120410360395908,-0.00352890510112047,42.4824142456055,-71.4161605834961,584.418151855469,541.724975585938,-0.40123587846756,4.41898679733276,111.558410644531,54.7872276306152,-0.845515191555023,2.96978497505188,0.409864693880081,-0.0554617084562778,70
738279.50918313988950103521,54.7209930419922,-1.04133546352386,1.99640226364136,0.0120410360395908,-0.00352890510112047,42.4824104309082,-71.4160385131836,584.171325683594,541.419555664062,0.115030489861965,4.30529928207397,111.71826171875,54.7672996520996,-0.925593256950378,2.53563761711121,0.417019009590149,-0.0516922511160374,70
738279.50918531441129744053,54.6933403015137,-1.05015921592712,2.15693831443787,0.0120410360395908,-0.00352890510112047,42.4824066162109,-71.4159088134766,583.917419433594,541.106994628906,0.0199676305055618,4.20315408706665,111.868141174316,54.7459297180176,-1.0046911239624,1.01329100131989,0.42398989200592,-0.0478897355496883,70
738279.50918758928310126066,54.6834564208984,-1.06752514839172,2.3035295009613,0.0120410360395908,-0.00352890510112047,42.4824028015137,-71.4157791137695,583.65625,540.786315917969,-0.702306568622589,4.0839147567749,111.906288146973,54.7423629760742,-1.07745730876923,0.0977570116519928,0.430981785058975,-0.0440126471221447,70
738279.50918984052259474993,54.6885528564453,-1.15635645389557,2.40121793746948,0.0120410360395908,-0.00352890510112047,42.4823989868164,-71.4156494140625,583.378662109375,540.448364257812,-1.11873400211334,3.92378425598145,111.878410339355,54.7534561157227,-1.14288330078125,0.645060777664185,0.437999308109283,-0.0400910414755344,70
738279.50919214333407580853,54.683650970459,-1.23723459243774,2.47686910629272,0.0120410360395908,-0.00352890510112047,42.4823951721191,-71.4155197143555,583.081604003906,540.091125488281,-0.838141322135925,3.73139667510986,111.916885375977,54.7536964416504,-1.20649409294128,1.62220919132233,0.444789737462997,-0.0362074486911297,70
738279.50919436092954128981,54.6700477600098,-1.21795797348022,2.57862973213196,0.0120410360395908,-0.00352890510112047,42.4823913574219,-71.4153900146484,582.791442871094,539.743591308594,-0.768830895423889,3.55670857429504,112.077247619629,54.7443771362305,-1.267134308815,1.42369115352631,0.45106503367424,-0.0325476042926311,70
738279.50919659703504294157,54.6834030151367,-1.15011978149414,2.72941851615906,0.0120410360395908,-0.00352890510112047,42.4823875427246,-71.4152603149414,582.505798339844,539.398864746094,-1.64420020580292,3.43750667572021,112.279220581055,54.763557434082,-1.31976580619812,-0.298358589410782,0.457542568445206,-0.0287907402962446,70
738279.50919884163886308670,54.7224349975586,-1.30710136890411,2.83003616333008,0.0120410360395908,-0.00352890510112047,42.4823837280273,-71.4151306152344,582.209533691406,539.044555664062,-1.82819497585297,3.41687226295471,112.353233337402,54.8111534118652,-1.35907018184662,-0.542786955833435,0.464001297950745,-0.0251316428184509,70
738279.50920110614970326424,54.7427139282227,-1.36612248420715,2.87924337387085,0.0120410360395908,-0.00352890510112047,42.4823799133301,-71.4150009155273,581.887145996094,538.6640625,-1.4114750623703,3.33644843101501,112.315185546875,54.8353996276855,-1.40253376960754,1.04555034637451,0.470221042633057,-0.0215250384062529,70
738279.50920334993861615658,54.7536582946777,-1.30465006828308,2.95106863975525,0.0120410360395908,-0.00352890510112047,42.4823760986328,-71.4148788452148,581.594360351562,538.31787109375,-1.83376395702362,3.16694593429565,112.322212219238,54.8486480712891,-1.44519948959351,1.34094774723053,0.475761711597443,-0.0182240176945925,70
738279.50920561037492007017,54.7891387939453,-1.34121465682983,3.08752393722534,0.0120410360395908,-0.00352890510112047,42.4823684692383,-71.4147338867188,581.250305175781,537.910461425781,-2.35825109481812,3.13331174850464,112.483139038086,54.8924522399902,-1.48633444309235,-0.279428958892822,0.482391983270645,-0.0143952779471874,70
738279.50920792284887284040,54.8308219909668,-1.46850168704987,3.1979775428772,0.0120410360395908,-0.00352890510112047,42.482364654541,-71.4146041870117,580.917297363281,537.520202636719,-1.84956109523773,3.50846862792969,112.655738830566,54.9436302185059,-1.52011299133301,-0.87184202671051,0.488334625959396,-0.010990678332746,70
738279.50921018514782190323,54.8598175048828,-1.47085738182068,3.28179788589478,0.0120410360395908,-0.00352890510112047,42.4823608398438,-71.4144744873047,580.566040039062,537.111145019531,-1.65465641021729,3.76163935661316,112.69507598877,54.9775695800781,-1.56077468395233,0.0814905688166618,0.494103014469147,-0.00759366061538458,70
738279.50921253778506070375,54.8851203918457,-1.52533972263336,3.39375901222229,0.0120410360395908,-0.00352890510112047,42.4823532104492,-71.4143371582031,580.2099609375,536.491760253906,-2.04584836959839,3.68783926963806,112.661392211914,55.0110969543457,-1.6022697687149,-0.124463304877281,0.499759197235107,-0.00423500733450055,70
738279.50921481824479997158,54.898796081543,-1.63340151309967,3.5461061000824,0.0120410360395908,-0.00352890510112047,42.482349395752,-71.4142074584961,579.83447265625,535.603454589844,-1.61133539676666,3.65922665596008,112.712287902832,55.0374488830566,-1.64605855941772,-1.57479453086853,0.505199491977692,-0.00095572299323976,70
738279.50921719183679670095,54.9071807861328,-1.60866785049438,3.66489624977112,0.0120410360395908,-0.00352890510112047,42.4823417663574,-71.4140701293945,579.443359375,534.688110351562,-1.30717194080353,3.62537503242493,112.864227294922,55.052864074707,-1.69661819934845,-1.28759908676147,0.510470569133759,0.00232376204803586,70
738279.50921950442716479301,54.9266090393066,-1.7021518945694,3.71323323249817,0.0120410360395908,-0.00352890510112047,42.4823341369629,-71.413932800293,579.048828125,533.7685546875,-1.4428426027298,3.55210423469543,112.987632751465,55.0782852172852,-1.74381577968597,0.75335967540741,0.515633106231689,0.00551491556689143,70
738279.50922179070767015219,54.9431419372559,-1.72912454605103,3.76206374168396,0.0120410360395908,-0.00352890510112047,42.4823303222656,-71.4138031005859,578.657348632812,532.874145507812,-1.37142539024353,3.44996666908264,113.03980255127,55.0989265441895,-1.79015493392944,2.2886266708374,0.520372688770294,0.0084923580288887,70
738279.50922413542866706848,54.955005645752,-1.77473819255829,3.84132361412048,0.0120410360395908,-0.00352890510112047,42.4823226928711,-71.4136657714844,578.240844726562,531.931274414062,-1.3289395570755,3.32198715209961,113.052177429199,55.11767578125,-1.83850991725922,2.53646612167358,0.52515035867691,0.0115550337359309,70
738279.50922654289752244949,54.9518547058105,-1.83381962776184,3.95905423164368,0.0120410360395908,-0.00352890510112047,42.4823150634766,-71.4135284423828,577.811706542969,530.973510742188,-1.07790875434875,3.18593263626099,113.071395874023,55.1247978210449,-1.88669896125793,1.39171946048737,0.529758214950562,0.0145577918738127,70
738279.50922890263609588146,54.9291877746582,-1.85026514530182,4.10491609573364,0.0120410360395908,-0.00352890510112047,42.4823112487793,-71.4133911132812,577.37451171875,530.007385253906,-0.842547476291656,3.05417442321777,113.157264709473,55.1134223937988,-1.93526673316956,-0.491212874650955,0.534159719944,0.0174892358481884,70
738279.50923126330599188805,54.8996162414551,-1.77536523342133,4.2375636100769,0.0120410360395908,-0.00352890510112047,42.4823036193848,-71.4132537841797,576.941223144531,529.042541503906,-1.07953834533691,2.91962957382202,113.355926513672,55.0915298461914,-1.97967433929443,-1.66397953033447,0.538471639156342,0.0203609149903059,70
738279.50923389289528131485,54.8921356201172,-1.71729505062103,4.30570459365845,0.0120410360395908,-0.00352890510112047,42.4822959899902,-71.4131164550781,576.511169433594,528.061889648438,-1.68897664546967,2.7436089515686,113.654472351074,55.0875205993652,-2.00954556465149,-0.83693253993988,0.543076515197754,0.0232549160718918,70
738279.50923667359165847301,54.8960075378418,-1.75765037536621,4.35457754135132,0.0120410360395908,-0.00352890510112047,42.4822845458984,-71.4129486083984,576.024108886719,526.950134277344,-1.58134329319,2.51910328865051,113.949272155762,55.0964889526367,-2.02391242980957,0.376790374517441,0.548521161079407,0.0264598019421101,70
738279.50923903647344559431,54.8864364624023,-1.77844107151031,4.42954349517822,0.0120410360395908,-0.00352890510112047,42.4822769165039,-71.4128036499023,575.573303222656,525.932678222656,-1.37092876434326,2.34637260437012,114.019966125488,55.0936012268066,-2.03218460083008,0.0911105871200562,0.553456485271454,0.0292371343821287,70
738279.50924157665576785803,54.8698081970215,-1.77898609638214,4.53080558776855,0.0120410360395908,-0.00352890510112047,42.4822692871094,-71.4126663208008,575.131652832031,524.93408203125,-1.85951292514801,2.23000288009644,113.911697387695,55.0852890014648,-2.03960990905762,-1.16942226886749,0.558267533779144,0.0318892821669579,70
738279.50924395862966775894,54.8549842834473,-1.75948894023895,4.60502576828003,0.0120410360395908,-0.00352890510112047,42.4822616577148,-71.4125213623047,574.702026367188,523.960388183594,-2.19764089584351,2.11213803291321,113.845420837402,55.0760498046875,-2.04499816894531,-1.43912422657013,0.562968730926514,0.0344056487083435,70
738279.50924631068482995033,54.8447036743164,-1.77258658409119,4.607262134552,0.0120410360395908,-0.00352890510112047,42.4822540283203,-71.4123840332031,574.277282714844,522.998779296875,-2.0109703540802,1.93739092350006,113.950859069824,55.0664176940918,-2.04824638366699,0.362428247928619,0.567627906799316,0.0368274413049221,70
738279.50924859195947647095,54.8398170471191,-1.73531222343445,4.61252975463867,0.0120410360395908,-0.00352890510112047,42.4822463989258,-71.4122543334961,573.869873046875,522.073486328125,-2.08452796936035,1.75471305847168,114.09041595459,55.0608024597168,-2.05052065849304,1.49678158760071,0.572131037712097,0.0391049645841122,70
738279.50925095041748136282,54.8563232421875,-1.72634172439575,4.66229486465454,0.0120410360395908,-0.00352890510112047,42.4822387695312,-71.4121246337891,573.480224609375,521.179382324219,-2.7812807559967,1.60919487476349,114.088928222656,55.0811538696289,-2.04864525794983,0.813762485980988,0.576595842838287,0.0412710607051849,70
738279.50925328175071626902,54.8882026672363,-1.84945821762085,4.72148847579956,0.0120410360395908,-0.00352890510112047,42.4822311401367,-71.4119873046875,573.049194335938,520.207824707031,-3.04794311523438,1.4746687412262,113.88321685791,55.1219367980957,-2.04601645469666,-0.0558220446109772,0.581398844718933,0.0435593351721764,70
738279.50925559329334646463,54.9081153869629,-1.97636342048645,4.73648071289062,0.0120410360395908,-0.00352890510112047,42.4822235107422,-71.4118499755859,572.614013671875,519.259765625,-2.59583640098572,1.33096265792847,113.601280212402,55.1474533081055,-2.05614185333252,0.555182158946991,0.585700869560242,0.0456831231713295,70
738279.50925783393904566765,54.9123001098633,-2.03182077407837,4.72898721694946,0.0120410360395908,-0.00352890510112047,42.4822158813477,-71.4117202758789,572.164672851562,518.302001953125,-2.23464345932007,1.18084120750427,113.369148254395,55.1529884338379,-2.08329820632935,1.63322758674622,0.58959299325943,0.0477523058652878,70
738279.50926009227987378836,54.9185371398926,-2.03143048286438,4.73144960403442,0.0120410360395908,-0.00352890510112047,42.4822082519531,-71.4115905761719,571.707641601562,517.331665039062,-2.43804168701172,1.04760229587555,113.254440307617,55.1593971252441,-2.12118768692017,2.03099894523621,0.593237102031708,0.0498020425438881,70
738279.50926241651177406311,54.9417915344238,-2.08355665206909,4.76990509033203,0.0120410360395908,-0.00352890510112047,42.4821968078613,-71.4114532470703,571.230041503906,516.321716308594,-2.72648906707764,0.948294758796692,113.222961425781,55.187801361084,-2.16211152076721,1.1568922996521,0.596866130828857,0.051897007972002,70
738279.50926467310637235641,54.9649429321289,-2.2229278087616,4.82100343704224,0.0120410360395908,-0.00352890510112047,42.4821891784668,-71.4113235473633,570.7568359375,515.342712402344,-2.41261744499207,0.8824063539505,113.16877746582,55.2207260131836,-2.2036497592926,0.0599634498357773,0.600119709968567,0.0538606308400631,70
738279.50926701107528060675,54.9779853820801,-2.31418442726135,4.83708477020264,0.0120410360395908,-0.00352890510112047,42.4821815490723,-71.4111938476562,570.249816894531,514.319580078125,-1.96643102169037,0.816039025783539,113.013359069824,55.2388610839844,-2.25639343261719,0.316193819046021,0.603063404560089,0.0558532029390335,70
738279.50926926988177001476,54.9834251403809,-2.35950469970703,4.81595849990845,0.0120410360395908,-0.00352890510112047,42.4821739196777,-71.4110565185547,569.732482910156,513.288391113281,-2.13441252708435,0.741461098194122,112.803955078125,55.2443466186523,-2.31791353225708,1.52590668201447,0.605611681938171,0.0578136891126633,70
738279.50927152961958199739,54.9939575195312,-2.41489100456238,4.80174160003662,0.0120410360395908,-0.00352890510112047,42.4821662902832,-71.4109268188477,569.203125,512.241821289062,-2.49569749832153,0.667201697826385,112.674263000488,55.2559852600098,-2.38247346878052,2.14615869522095,0.607899188995361,0.0597655586898327,70
738279.50927377480547875166,54.9984512329102,-2.51656746864319,4.829665184021,0.0120410360395908,-0.00352890510112047,42.4821586608887,-71.4107971191406,568.6650390625,511.193817138672,-2.21673655509949,0.607451558113098,112.703147888184,55.2674255371094,-2.44691300392151,1.32773149013519,0.609890401363373,0.0616712458431721,70
738279.50927598285488784313,54.9878273010254,-2.57632684707642,4.87984657287598,0.0120410360395908,-0.00352890510112047,42.4821510314941,-71.4106674194336,568.128723144531,510.164489746094,-1.64596402645111,0.562855660915375,112.825828552246,55.2640151977539,-2.51247477531433,-0.00128432898782194,0.611500442028046,0.0635044351220131,70
738279.50927825272083282471,54.9757690429688,-2.54543566703796,4.90829133987427,0.0120410360395908,-0.00352890510112047,42.4821434020996,-71.4105377197266,567.561218261719,509.492340087891,-1.80639898777008,0.496963798999786,112.929168701172,55.2531051635742,-2.58158755302429,-0.476714730262756,0.612929046154022,0.0654346644878387,70
738279.50928052491508424282,54.9743881225586,-2.59352111816406,4.89845275878906,0.0120410360395908,-0.00352890510112047,42.4821357727051,-71.4104080200195,566.998962402344,509.044281005859,-2.41606020927429,0.363901644945145,112.953605651855,55.2530937194824,-2.64093279838562,0.0295528396964073,0.614261507987976,0.0673352032899857,70
738279.50928281433880329132,54.9621696472168,-2.67454266548157,4.91094923019409,0.0120410360395908,-0.00352890510112047,42.4821243286133,-71.410270690918,566.424194335938,508.582763671875,-2.20071768760681,0.163483902812004,113.005210876465,55.2459106445312,-2.69458770751953,-0.486649185419083,0.615431368350983,0.0692014396190643,70
738279.50928517046850174665,54.9449043273926,-2.60622334480286,4.95167827606201,0.0120410360395908,-0.00352890510112047,42.4821166992188,-71.4101409912109,565.832763671875,508.107360839844,-2.19087409973145,0.0416476465761662,113.169708251953,55.2291069030762,-2.747802734375,-1.95923328399658,0.61642324924469,0.0711056515574455,70
738279.50928745698183774948,54.9641075134277,-2.53619980812073,4.94892168045044,0.0120410360395908,-0.00352890510112047,42.4821090698242,-71.4100036621094,565.265563964844,507.654846191406,-2.97737598419189,-0.0821664929389954,113.369140625,55.2447052001953,-2.78679633140564,-1.94982445240021,0.617463648319244,0.0729776173830032,70
738279.50928971159737557173,55.0087699890137,-2.64663863182068,4.88006496429443,0.0120410360395908,-0.00352890510112047,42.4821014404297,-71.4098739624023,564.70263671875,507.204986572266,-3.17681670188904,-0.23483008146286,113.45930480957,55.2881927490234,-2.81019496917725,0.00455648312345147,0.618616461753845,0.0747977644205093,70
738279.50929198402445763350,55.0413970947266,-2.71422719955444,4.82790327072144,0.0120410360395908,-0.00352890510112047,42.4820938110352,-71.4097442626953,564.119689941406,506.735473632812,-2.83035826683044,-0.149836778640747,113.399810791016,55.3193550109863,-2.83466410636902,0.96518337726593,0.61960381269455,0.0766144618391991,70
738279.50929418916348367929,55.066047668457,-2.66480660438538,4.84634733200073,0.0120410360395908,-0.00352890510112047,42.4820861816406,-71.4096145629883,563.56005859375,506.285247802734,-3.28638648986816,0.311123430728912,113.302070617676,55.343090057373,-2.86160159111023,-0.249561592936516,0.620373010635376,0.0783654898405075,70
738279.50929647148586809635,55.1107177734375,-2.72026920318604,4.86599922180176,0.0120410360395908,-0.00352890510112047,42.4820785522461,-71.4094848632812,562.96826171875,505.809326171875,-3.73343062400818,0.857751131057739,113.267440795898,55.391960144043,-2.88564133644104,-0.673369526863098,0.621176362037659,0.0802368819713593,70
738279.50929880770854651928,55.1607131958008,-2.82909655570984,4.84183168411255,0.0120410360395908,-0.00352890510112047,42.4820671081543,-71.4093475341797,562.347229003906,505.305877685547,-3.27062892913818,1.37990975379944,113.264106750488,55.4450340270996,-2.91186714172363,1.01480734348297,0.621845126152039,0.0821412652730942,70
738279.50930111808702349663,55.2056427001953,-2.8153383731842,4.85559606552124,0.0120410360395908,-0.00352890510112047,42.4820594787598,-71.4092178344727,561.727966308594,504.802276611328,-3.32455086708069,1.89995682239532,113.173454284668,55.490234375,-2.94546175003052,1.75263559818268,0.622226297855377,0.0840056240558624,70
738279.50930345372762531042,55.2390289306641,-2.93934631347656,4.9840087890625,0.0120410360395908,-0.00352890510112047,42.4820518493652,-71.4090805053711,561.10009765625,504.291534423828,-4.0253472328186,2.4962842464447,113.026100158691,55.5412483215332,-2.97795104980469,-0.856276035308838,0.622532546520233,0.0859076976776123,70
738279.50930574967060238123,55.2700653076172,-3.00168752670288,5.05497407913208,0.0120410360395908,-0.00352890510112047,42.4820442199707,-71.4089431762695,560.445190429688,503.751098632812,-3.27585411071777,3.04656791687012,112.999572753906,55.5818557739258,-3.01872897148132,-0.284826338291168,0.622514963150024,0.087785080075264,70
738279.50930799939669668674,55.3119812011719,-2.9422562122345,5.11205148696899,0.0120410360395908,-0.00352890510112047,42.4820365905762,-71.4088134765625,559.808349609375,503.226684570312,-3.64751505851746,3.5074610710144,113.063514709473,55.6255798339844,-3.06482076644897,1.13335764408112,0.62222146987915,0.0896244868636131,70
738279.50931024970486760139,55.3559913635254,-3.09004473686218,5.24197959899902,0.0120410360395908,-0.00352890510112047,42.4820251464844,-71.4086837768555,559.1669921875,502.695861816406,-3.80428624153137,3.9702308177948,113.080551147461,55.6894302368164,-3.10595893859863,0.0580938495695591,0.62186598777771,0.0914353728294373,70
738279.50931240676436573267,55.3762817382812,-3.18956971168518,5.38697528839111,0.0120410360395908,-0.00352890510112047,42.4820175170898,-71.4085540771484,558.519470214844,502.154022216797,-3.20082473754883,4.43047332763672,113.045845031738,55.7290344238281,-3.1524600982666,-0.724022388458252,0.621215879917145,0.0931614264845848,70
738279.50931458070408552885,55.3797874450684,-3.20207262039185,5.5139627456665,0.0120410360395908,-0.00352890510112047,42.4820098876953,-71.4084320068359,557.86181640625,501.60107421875,-2.96564078330994,4.70953941345215,113.074287414551,55.7456550598145,-3.20701360702515,-0.237374648451805,0.620218634605408,0.0948649495840073,70
738279.50931684556417167187,55.3871917724609,-3.1675922870636,5.6283597946167,0.0120410360395908,-0.00352890510112047,42.4819984436035,-71.4082946777344,557.187133789062,501.033325195312,-3.20398831367493,4.64642095565796,113.252052307129,55.7624702453613,-3.26233053207397,0.873869597911835,0.619004666805267,0.0965848714113235,70
738279.50931912392843514681,55.4063606262207,-3.17236471176147,5.74846220016479,0.0120410360395908,-0.00352890510112047,42.481990814209,-71.4081649780273,556.509643554688,500.462707519531,-3.35452485084534,4.57637023925781,113.547744750977,55.7940292358398,-3.30878806114197,1.50114631652832,0.61775928735733,0.0982602164149284,70
738279.50932139786891639233,55.4228439331055,-3.23049092292786,5.89627695083618,0.0120410360395908,-0.00352890510112047,42.4819793701172,-71.4080352783203,555.8291015625,499.887023925781,-3.08171534538269,4.53207015991211,113.829795837402,55.8291473388672,-3.34686756134033,1.04861176013947,0.616489887237549,0.0998602733016014,70
738279.50932368822395801544,55.4308967590332,-3.26971888542175,6.06440353393555,0.0120410360395908,-0.00352890510112047,42.4819717407227,-71.4078979492188,555.122192382812,499.286010742188,-2.90530610084534,4.57456016540527,113.986770629883,55.8574295043945,-3.38366913795471,0.263150751590729,0.615050375461578,0.101434625685215,70
738279.50932593643665313721,55.4308891296387,-3.33786416053772,6.21190500259399,0.0120410360395908,-0.00352890510112047,42.4819602966309,-71.4077682495117,554.427734375,498.692230224609,-2.8776228427887,4.67957258224487,114.023918151855,55.8776550292969,-3.41988301277161,0.0867446735501289,0.613478481769562,0.102875456213951,70
738279.50932815030682832003,55.429069519043,-3.34741926193237,6.35116195678711,0.0120410360395908,-0.00352890510112047,42.4819488525391,-71.4076385498047,553.723510742188,498.311370849609,-2.99114036560059,4.6354832649231,114.060745239258,55.8920783996582,-3.4582359790802,0.383494585752487,0.611694872379303,0.104242391884327,70
738279.50933037512004375458,55.4229621887207,-3.35799145698547,6.48034524917603,0.0120410360395908,-0.00352890510112047,42.4819374084473,-71.4075088500977,553.022644042969,498.041961669922,-2.92177605628967,4.5492787361145,114.193756103516,55.901481628418,-3.49450278282166,0.78289932012558,0.609802901744843,0.105512984097004,70
738279.50933264824561774731,55.403076171875,-3.36049151420593,6.62064743041992,0.0120410360395908,-0.00352890510112047,42.4819259643555,-71.4073791503906,552.306335449219,497.765350341797,-2.49945902824402,4.43667507171631,114.467498779297,55.8983612060547,-3.52770900726318,0.728413164615631,0.607794046401978,0.10671915858984,70
738279.50933487911242991686,55.371524810791,-3.31457018852234,6.77977466583252,0.0120410360395908,-0.00352890510112047,42.4819183349609,-71.4072494506836,551.609741210938,497.498565673828,-2.16006469726562,4.32677030563354,114.820693969727,55.8834266662598,-3.55461716651917,-0.022858427837491,0.605799674987793,0.107799850404263,70
738279.50933719135355204344,55.352367401123,-3.15373659133911,6.96030235290527,0.0120410360395908,-0.00352890510112047,42.4819030761719,-71.407112121582,550.910583496094,497.243560791016,-2.67175483703613,4.21993207931519,115.152435302734,55.8773345947266,-3.57018446922302,-1.03699827194214,0.603866398334503,0.108821973204613,70
738279.50933942082338035107,55.3697929382324,-3.20205426216125,7.01546907424927,0.0120410360395908,-0.00352890510112047,42.4818916320801,-71.406982421875,550.242370605469,497.008239746094,-3.23261880874634,4.05275249481201,115.312858581543,55.904239654541,-3.56532740592957,1.31366682052612,0.602330386638641,0.109710603952408,70
738279.50934171886183321476,55.375057220459,-3.24124813079834,7.0786190032959,0.0120410360395908,-0.00352890510112047,42.4818801879883,-71.406852722168,549.559753417969,496.757965087891,-2.84220552444458,3.88420367240906,115.334053039551,55.9196701049805,-3.55544400215149,2.84535980224609,0.600871622562408,0.11049123108387,70
738279.50934399769175797701,55.364315032959,-3.16239547729492,7.25323247909546,0.0120410360395908,-0.00352890510112047,42.4818687438965,-71.4067153930664,548.868896484375,496.509826660156,-3.03232145309448,3.82030820846558,115.340400695801,55.9268913269043,-3.54643249511719,0.866999506950378,0.599359154701233,0.111191280186176,70
738279.50934631016571074724,55.3661689758301,-3.21396207809448,7.43471097946167,0.0120410360395908,-0.00352890510112047,42.4818572998047,-71.4065780639648,548.173706054688,496.273162841797,-3.16321420669556,3.80464100837708,115.364723205566,55.955493927002,-3.53280234336853,-1.0157915353775,0.597953736782074,0.111800312995911,70
738279.50934857025276869535,55.3662986755371,-3.26710057258606,7.53253078460693,0.0120410360395908,-0.00352890510112047,42.4818420410156,-71.4064483642578,547.481262207031,496.042755126953,-2.51356220245361,3.73120951652527,115.349853515625,55.9717788696289,-3.52397274971008,-0.0221563447266817,0.596528470516205,0.112287402153015,70
738279.50935084372758865356,55.3527603149414,-3.19598841667175,7.6185507774353,0.0120410360395908,-0.00352890510112047,42.4818305969238,-71.4063186645508,546.786315917969,495.813934326172,-2.48693346977234,3.61852741241455,115.275428771973,55.9659233093262,-3.52195835113525,1.13660109043121,0.594976007938385,0.112682685256004,70
738279.50935319007840007544,55.3419952392578,-3.14937329292297,7.7554349899292,0.0120410360395908,-0.00352890510112047,42.4818153381348,-71.4061813354492,546.085510253906,495.593200683594,-3.04674744606018,3.42176675796509,115.237976074219,55.971435546875,-3.51619076728821,0.302283823490143,0.593482315540314,0.112978309392929,70
738279.50935544446110725403,55.336353302002,-3.1810462474823,7.88843488693237,0.0120410360395908,-0.00352890510112047,42.481803894043,-71.4060440063477,545.408874511719,495.327545166016,-2.82621073722839,3.22644901275635,115.305778503418,55.9862365722656,-3.50572872161865,-0.555174112319946,0.592176139354706,0.113159365952015,70
738279.50935773213859647512,55.3315124511719,-3.12846517562866,7.9675350189209,0.0120410360395908,-0.00352890510112047,42.4817886352539,-71.4059143066406,544.721862792969,494.279571533203,-2.44805431365967,2.9932177066803,115.406585693359,55.989688873291,-3.49572515487671,0.435292989015579,0.590867638587952,0.113240748643875,70
738279.50935999769717454910,55.328498840332,-3.13284635543823,8.01612281799316,0.0120410360395908,-0.00352890510112047,42.4817771911621,-71.4057769775391,544.051208496094,493.251098632812,-2.62298798561096,2.74445819854736,115.441886901855,55.9938888549805,-3.48204278945923,1.62659382820129,0.58969384431839,0.113222345709801,70
738279.50936227908823639154,55.3192901611328,-3.0747811794281,8.07526111602783,0.0120410360395908,-0.00352890510112047,42.481761932373,-71.405647277832,543.381896972656,492.2255859375,-2.53136944770813,2.47221374511719,115.459060668945,55.9900703430176,-3.46710348129272,2.08306074142456,0.588601112365723,0.113105647265911,70
738279.50936463568359613419,55.3125648498535,-3.01191687583923,8.14272117614746,0.0120410360395908,-0.00352890510112047,42.481746673584,-71.4055099487305,542.72021484375,491.204620361328,-2.7031843662262,2.19104146957397,115.500495910645,55.9897766113281,-3.44808912277222,1.91045033931732,0.587644100189209,0.112903222441673,70
738279.50936692021787166595,55.306324005127,-2.99197554588318,8.22170734405518,0.0120410360395908,-0.00352890510112047,42.4817352294922,-71.4053802490234,542.066284179688,490.192169189453,-2.74337720870972,1.88265228271484,115.546058654785,55.9940872192383,-3.42305660247803,1.1172901391983,0.586896240711212,0.112610444426537,70
738279.50936922244727611542,55.3003463745117,-2.96841406822205,8.2908878326416,0.0120410360395908,-0.00352890510112047,42.4817199707031,-71.4052429199219,541.414123535156,489.291534423828,-2.71497678756714,1.39655435085297,115.587104797363,55.9971313476562,-3.39554977416992,0.463759988546371,0.586294829845428,0.112238943576813,70
738279.50937164237257093191,55.310863494873,-2.88059186935425,8.31458187103271,0.0120410360395908,-0.00352890510112047,42.4817047119141,-71.4051055908203,540.747375488281,488.747772216797,-3.02335500717163,0.562042772769928,115.626403808594,56.0064430236816,-3.36565351486206,0.773918807506561,0.585816740989685,0.111771203577518,70
738279.50937394250649958849,55.3512840270996,-2.88097333908081,8.26894664764404,0.0120410360395908,-0.00352890510112047,42.481689453125,-71.4049682617188,540.120239257812,488.239105224609,-3.46912407875061,-0.332787930965424,115.637748718262,56.0396308898926,-3.3312520980835,2.14098596572876,0.585612773895264,0.111251592636108,70
738279.50937635533045977354,55.3774871826172,-2.97907590866089,8.29792594909668,0.0120410360395908,-0.00352890510112047,42.4816741943359,-71.4048309326172,539.466674804688,487.706115722656,-3.03318905830383,-0.755287051200867,115.539024353027,56.0749168395996,-3.29878973960876,0.185872673988342,0.585495948791504,0.110662661492825,70
738279.50937866687308996916,55.382266998291,-2.95209980010986,8.34325695037842,0.0120410360395908,-0.00352890510112047,42.4816627502441,-71.4046936035156,538.794616699219,487.156555175781,-2.87578415870667,-0.761282861232758,115.346664428711,56.0849380493164,-3.27927899360657,-2.1408576965332,0.58522355556488,0.110009051859379,70
738279.50938098074402660131,55.3945579528809,-2.92268538475037,8.31149578094482,0.0120410360395908,-0.00352890510112047,42.4816474914551,-71.4045562744141,538.154357910156,486.634521484375,-3.10159134864807,-0.636253774166107,115.24927520752,56.0908203125,-3.26605677604675,-1.59495437145233,0.584949970245361,0.109338842332363,70
738279.50938337540719658136,55.4079551696777,-2.93550419807434,8.22781658172607,0.0120410360395908,-0.00352890510112047,42.481632232666,-71.404426574707,537.499450683594,486.100769042969,-2.61896300315857,-0.675963699817657,115.345314025879,56.0923843383789,-3.25429224967957,0.462293177843094,0.584718883037567,0.10861124843359,70
738279.50938574236351996660,55.4180603027344,-2.83524298667908,8.19104957580566,0.0120410360395908,-0.00352890510112047,42.481616973877,-71.4042816162109,536.838256835938,485.563812255859,-2.43620419502258,-0.756808221340179,115.493309020996,56.0918273925781,-3.24387788772583,0.464085012674332,0.58451771736145,0.107837021350861,70
738279.50938809476792812347,55.4390869140625,-2.79022669792175,8.19405746459961,0.0120410360395908,-0.00352890510112047,42.4816017150879,-71.4041442871094,536.21923828125,485.065002441406,-3.24208402633667,-0.790248453617096,115.488899230957,56.1107864379883,-3.22529649734497,-0.753892719745636,0.584576904773712,0.107083544135094,70
738279.50939047068823128939,55.4620666503906,-2.88091206550598,8.1462574005127,0.0120410360395908,-0.00352890510112047,42.4815864562988,-71.4040069580078,535.577453613281,484.546020507812,-3.06203293800354,-0.858299374580383,115.419479370117,56.1311149597168,-3.20172500610352,-0.0958116203546524,0.584819793701172,0.106308341026306,70
738279.50939293403644114733,55.4707908630371,-2.82013487815857,8.08622264862061,0.0120410360395908,-0.00352890510112047,42.481575012207,-71.4038619995117,534.90673828125,484.003295898438,-2.51505565643311,-0.950564503669739,115.446304321289,56.1279678344727,-3.18529438972473,0.52038961648941,0.584989547729492,0.10549434274435,70
738279.50939543941058218479,55.4813079833984,-2.74377012252808,8.07366752624512,0.0120410360395908,-0.00352890510112047,42.481559753418,-71.4037170410156,534.258666992188,483.482757568359,-2.74514889717102,-1.010502576828,115.536499023438,56.1327705383301,-3.16770243644714,-0.599950313568115,0.585281014442444,0.104692034423351,70
738279.50939782802015542984,55.5041007995605,-2.74328994750977,8.05474090576172,0.0120410360395908,-0.00352890510112047,42.4815444946289,-71.4035720825195,533.606994628906,482.960968017578,-2.83199691772461,-1.07139360904694,115.558883666992,56.1525573730469,-3.14282774925232,-1.2630295753479,0.585830867290497,0.10388557612896,70
738279.50940017565153539181,55.5161895751953,-2.7713634967804,8.00419044494629,0.0120410360395908,-0.00352890510112047,42.4815292358398,-71.4034423828125,532.999938964844,482.473999023438,-2.47154760360718,-1.15209782123566,115.492973327637,56.1586570739746,-3.12032675743103,-0.804293930530548,0.586430549621582,0.103156931698322,70
738279.50940248649567365646,55.5143394470215,-2.72719526290894,7.92566251754761,0.0120410360395908,-0.00352890510112047,42.4815139770508,-71.4033050537109,532.377990722656,481.975799560547,-2.2907919883728,-1.25369691848755,115.425758361816,56.1435241699219,-3.10209512710571,0.113038875162601,0.587037742137909,0.102422080934048,70
738279.50940474041271954775,55.5148086547852,-2.63645243644714,7.86186504364014,0.0120410360395908,-0.00352890510112047,42.481502532959,-71.4031677246094,531.804931640625,481.52001953125,-2.58946466445923,-1.34418904781342,115.454299926758,56.1306838989258,-3.08386039733887,0.258960366249084,0.587723672389984,0.101749509572983,70
738279.50940696301404386759,55.5270729064941,-2.58935022354126,7.82688331604004,0.0120410360395908,-0.00352890510112047,42.4814872741699,-71.4030380249023,531.250122070312,481.081878662109,-2.7933144569397,-1.42629945278168,115.572563171387,56.1357345581055,-3.05858516693115,-0.501043200492859,0.588653862476349,0.101102322340012,70
738279.50940913055092096329,55.5400466918945,-2.62628602981567,7.79600954055786,0.0120410360395908,-0.00352890510112047,42.4814758300781,-71.4029159545898,530.705810546875,480.651702880859,-2.39629030227661,-1.5125480890274,115.662841796875,56.1459884643555,-3.03004360198975,-1.11104786396027,0.589748501777649,0.100497461855412,70
738279.50941133243031799793,55.5527420043945,-2.55194520950317,7.7123556137085,0.0120410360395908,-0.00352890510112047,42.4814643859863,-71.4027862548828,530.156860351562,480.219207763672,-2.40150117874146,-1.62736129760742,115.625274658203,56.1435661315918,-3.00314140319824,-0.24163818359375,0.590927064418793,0.0999117270112038,70
738279.50941357098054140806,55.5729064941406,-2.51433992385864,7.6229076385498,0.0120410360395908,-0.00352890510112047,42.4814491271973,-71.4026489257812,529.597900390625,479.782409667969,-2.96814703941345,-1.75795638561249,115.506729125977,56.1496086120605,-2.97195839881897,0.304646253585815,0.59235668182373,0.0993345752358437,70
738279.50941576680634170771,55.5872459411621,-2.55020642280579,7.58267116546631,0.0120410360395908,-0.00352890510112047,42.4814376831055,-71.4025192260742,529.068420410156,479.368347167969,-2.80417990684509,-1.86660826206207,115.439224243164,56.1599731445312,-2.94162917137146,-0.635279417037964,0.593858063220978,0.0988258719444275,70
738279.50941794749815016985,55.5988845825195,-2.50628709793091,7.54577684402466,0.0120410360395908,-0.00352890510112047,42.4814262390137,-71.4023895263672,528.528259277344,478.946197509766,-2.50393390655518,-1.96152901649475,115.419700622559,56.1645469665527,-2.91547703742981,-1.63434886932373,0.59541267156601,0.0983475968241692,70
738279.50942025205586105585,55.6240921020508,-2.46136927604675,7.48941612243652,0.0120410360395908,-0.00352890510112047,42.4814109802246,-71.4022598266602,527.983459472656,478.523345947266,-2.86224246025085,-2.05113101005554,115.353408813477,56.1799697875977,-2.88917398452759,-2.04766845703125,0.597135365009308,0.0978953987360001,70
738279.50942254741676151752,55.6666030883789,-2.45805621147156,7.40259647369385,0.0120410360395908,-0.00352890510112047,42.4813995361328,-71.4021301269531,527.447692871094,478.108551025391,-3.26572680473328,-2.1359531879425,115.190170288086,56.2104187011719,-2.86220169067383,-1.4333348274231,0.598993241786957,0.0974825993180275,70
738279.50942480750381946564,55.7177619934082,-2.47324562072754,7.28108310699463,0.0120410360395908,-0.00352890510112047,42.481388092041,-71.4019927978516,526.906494140625,477.690032958984,-3.45133447647095,-2.23339056968689,114.972724914551,56.2458877563477,-2.83727025985718,0.0726498663425446,0.600947737693787,0.0971081703901291,70
738279.50942709855735301971,55.7606239318848,-2.51343750953674,7.15698146820068,0.0120410360395908,-0.00352890510112047,42.481372833252,-71.40185546875,526.350646972656,477.259552001953,-3.21417045593262,-2.31050610542297,114.786674499512,56.2742118835449,-2.81775951385498,1.2816104888916,0.602931439876556,0.0967850536108017,70
738279.50942934374324977398,55.7780570983887,-2.54596066474915,7.06956624984741,0.0120410360395908,-0.00352890510112047,42.4813613891602,-71.401725769043,525.793823242188,476.827117919922,-2.6741840839386,-2.09092402458191,114.715263366699,56.2819023132324,-2.80753183364868,1.17707931995392,0.604792594909668,0.0965218767523766,70
738279.50943164876662194729,55.76953125,-2.49493789672852,7.03718042373657,0.0120410360395908,-0.00352890510112047,42.4813499450684,-71.4015884399414,525.238525390625,476.396362304688,-2.32248759269714,-1.74008786678314,114.796432495117,56.2671051025391,-2.80504035949707,-0.433838814496994,0.606552004814148,0.0963302403688431,70
738279.50943389779422432184,55.7715225219727,-2.39937877655029,7.01077651977539,0.0120410360395908,-0.00352890510112047,42.4813385009766,-71.4014587402344,524.705932617188,475.987701416016,-2.62592768669128,-1.39519286155701,115.009963989258,56.2616271972656,-2.79998660087585,-1.54802584648132,0.608407497406006,0.0962070822715759,70
738279.50943616742733865976,55.7917327880859,-2.43816137313843,6.93475484848022,0.0120410360395908,-0.00352890510112047,42.4813270568848,-71.4013214111328,524.176391601562,475.530364990234,-2.52992558479309,-1.12960731983185,115.206130981445,56.2739105224609,-2.78661298751831,-0.502755582332611,0.610493540763855,0.0961417257785797,70
738279.50943843391723930836,55.8049125671387,-2.42704057693481,6.86353063583374,0.0120410360395908,-0.00352890510112047,42.481315612793,-71.4011917114258,523.648193359375,474.992492675781,-2.31681656837463,-0.904546856880188,115.249435424805,56.2777671813965,-2.77355432510376,0.339794546365738,0.612602710723877,0.096137247979641,70
738279.50944071647245436907,55.8130149841309,-2.35950827598572,6.83300256729126,0.0120410360395908,-0.00352890510112047,42.4813041687012,-71.4010543823242,523.12158203125,474.455596923828,-2.79455804824829,-0.645756304264069,115.173797607422,56.2792129516602,-2.75994968414307,-0.111814089119434,0.614816725254059,0.0961924195289612,70
738279.50944294978398829699,55.8277015686035,-2.37090492248535,6.8162145614624,0.0120410360395908,-0.00352890510112047,42.4812927246094,-71.4009246826172,522.603393554688,473.926971435547,-3.03529667854309,-0.368301004171371,115.130867004395,56.2922210693359,-2.74191451072693,-0.521915137767792,0.617193162441254,0.0962986424565315,70
738279.50944517855532467365,55.8477554321289,-2.37246417999268,6.76962471008301,0.0120410360395908,-0.00352890510112047,42.4812812805176,-71.4007949829102,522.0947265625,473.407928466797,-2.6910605430603,-0.126853242516518,115.142265319824,56.3065567016602,-2.72512865066528,0.477667927742004,0.61956125497818,0.096451036632061,70
738279.50944743235595524311,55.8737869262695,-2.30305624008179,6.74827289581299,0.0120410360395908,-0.00352890510112047,42.4812698364258,-71.4006652832031,521.583068847656,472.88525390625,-2.99475359916687,0.130498021841049,115.10474395752,56.3269348144531,-2.70904207229614,0.654825150966644,0.622046053409576,0.0966550931334496,70
738279.50944957835599780083,55.904369354248,-2.33518409729004,6.77553653717041,0.0120410360395908,-0.00352890510112047,42.481258392334,-71.4005355834961,521.097534179688,472.389190673828,-3.42936873435974,0.414668709039688,114.974990844727,56.3618621826172,-2.69061589241028,-0.40423983335495,0.624578416347504,0.0968901142477989,70
738279.50945175392553210258,55.9253005981445,-2.40928959846497,6.79276847839355,0.0120410360395908,-0.00352890510112047,42.4812469482422,-71.4004058837891,520.595886230469,471.877075195312,-3.12998509407043,0.699524402618408,114.819114685059,56.3878135681152,-2.67584204673767,-0.589729070663452,0.627123117446899,0.0971634015440941,70
738279.50945393170695751905,55.9362525939941,-2.37271595001221,6.77651405334473,0.0120410360395908,-0.00352890510112047,42.4812355041504,-71.400276184082,520.089599609375,471.360290527344,-2.8741466999054,0.963092803955078,114.74592590332,56.3951721191406,-2.67000579833984,0.591226100921631,0.629543781280518,0.0974687859416008,70
738279.50945610716007649899,55.9435768127441,-2.33983516693115,6.77088785171509,0.0120410360395908,-0.00352890510112047,42.4812240600586,-71.400146484375,519.593566894531,470.853668212891,-2.97799038887024,1.20106780529022,114.805732727051,56.4003868103027,-2.6663830280304,1.40456593036652,0.631959676742554,0.0977970212697983,70
738279.50945835735183209181,55.9510498046875,-2.28883028030396,6.79516935348511,0.0120410360395908,-0.00352890510112047,42.4812126159668,-71.400016784668,519.099060058594,470.348449707031,-3.03114652633667,1.38735461235046,114.992713928223,56.4086265563965,-2.65998411178589,1.44341206550598,0.634514093399048,0.0981427580118179,70
738279.50946084863971918821,55.9545364379883,-2.25703716278076,6.85827159881592,0.0120410360395908,-0.00352890510112047,42.481201171875,-71.3998718261719,518.537231445312,469.774627685547,-2.83929228782654,1.43084919452667,115.298736572266,56.4184379577637,-2.64564418792725,0.654776453971863,0.637679100036621,0.0985722690820694,70
738279.50946300849318504333,55.9433746337891,-2.26323986053467,6.92775774002075,0.0120410360395908,-0.00352890510112047,42.4811897277832,-71.3997421264648,518.055053710938,469.282623291016,-2.3489465713501,1.39271473884583,115.550750732422,56.4161071777344,-2.62946248054504,-0.313730984926224,0.640557825565338,0.0989579856395721,70
738279.50946525752078741789,55.9144248962402,-2.25112295150757,6.98726177215576,0.0120410360395908,-0.00352890510112047,42.4811782836914,-71.3996124267578,517.569152832031,468.889617919922,-1.8183319568634,1.35504007339478,115.745895385742,56.3942565917969,-2.61340761184692,-0.836408078670502,0.643517971038818,0.0993523150682449,70
738279.50946763996034860611,55.8696022033691,-2.1667377948761,7.00896024703979,0.0120410360395908,-0.00352890510112047,42.4811668395996,-71.3994674682617,517.057556152344,468.642303466797,-1.68610441684723,1.29350435733795,115.918365478516,56.3492012023926,-2.59586620330811,-0.130920007824898,0.646777391433716,0.0997672230005264,70
738279.50946997280698269606,55.8322410583496,-2.10692453384399,7.01592302322388,0.0120410360395908,-0.00352890510112047,42.4811553955078,-71.3993377685547,516.584594726562,468.422607421875,-1.80419993400574,1.2021461725235,116.127601623535,56.3107604980469,-2.57231903076172,0.596601486206055,0.650147438049316,0.100149415433407,70
738279.50947216991335153580,55.796875,-2.09108877182007,7.05772686004639,0.0120410360395908,-0.00352890510112047,42.481143951416,-71.3992004394531,516.109985351562,468.160949707031,-1.4671505689621,1.09943127632141,116.321250915527,56.2803268432617,-2.54192304611206,0.0252540502697229,0.653811573982239,0.100516401231289,70
738279.50947437202557921410,55.769603729248,-2.01483821868896,7.09743690490723,0.0120410360395908,-0.00352890510112047,42.4811325073242,-71.3990783691406,515.672546386719,467.828674316406,-1.60928630828857,0.998489499092102,116.332626342773,56.2555046081543,-2.51083612442017,-0.472406804561615,0.657436430454254,0.100838214159012,70
738279.50947655737400054932,55.7643394470215,-1.98191976547241,7.09573936462402,0.0120410360395908,-0.00352890510112047,42.4811210632324,-71.3989486694336,515.2421875,467.500122070312,-2.34284639358521,0.869359314441681,116.125762939453,56.2489051818848,-2.47444319725037,0.230369403958321,0.661352396011353,0.101144134998322,70
738279.50947878777515143156,55.766056060791,-2.05152368545532,7.07610750198364,0.0120410360395908,-0.00352890510112047,42.4811058044434,-71.3988189697266,514.798522949219,466.934814453125,-2.52419757843018,0.706314325332642,115.809173583984,56.2506256103516,-2.43680691719055,1.17189919948578,0.665506958961487,0.10144155472517,70
738279.50948103226255625486,55.7557487487793,-2.04014492034912,7.09768056869507,0.0120410360395908,-0.00352890510112047,42.4810943603516,-71.398681640625,514.345336914062,466.064849853516,-2.29921650886536,0.563537001609802,115.546180725098,56.2427139282227,-2.40832686424255,0.557816624641418,0.669626951217651,0.101726688444614,70
738279.50948326603975147009,55.7537078857422,-1.96283411979675,7.14619731903076,0.0120410360395908,-0.00352890510112047,42.4810829162598,-71.398551940918,513.908142089844,464.819519042969,-2.6989917755127,0.468496352434158,115.372566223145,56.244083404541,-2.38555479049683,-0.824016690254211,0.67373514175415,0.101990394294262,70
738279.50948546861764043570,55.7728309631348,-1.99214243888855,7.16136169433594,0.0120410360395908,-0.00352890510112047,42.481071472168,-71.3984222412109,513.481323242188,463.593322753906,-3.07437992095947,0.381754845380783,115.219467163086,56.265998840332,-2.36167216300964,-0.949224770069122,0.677961528301239,0.102236032485962,70
738279.50948790425900369883,55.7787551879883,-2.06754374504089,7.1451096534729,0.0120410360395908,-0.00352890510112047,42.4810600280762,-71.3982849121094,512.995971679688,462.227447509766,-2.6787440776825,0.275901854038239,115.041954040527,56.2725219726562,-2.34133219718933,-0.172301471233368,0.682616770267487,0.102485544979572,70
738279.50949011079501360655,55.7514228820801,-2.0232400894165,7.15434169769287,0.0120410360395908,-0.00352890510112047,42.4810485839844,-71.3981475830078,512.540649414062,460.950897216797,-2.51325130462646,0.214421436190605,114.939521789551,56.2449951171875,-2.33300852775574,-0.552839457988739,0.686821341514587,0.102699279785156,70
738279.50949236459564417601,55.7181510925293,-1.99095118045807,7.1870288848877,0.0120410360395908,-0.00352890510112047,42.4810333251953,-71.3980178833008,512.098571777344,459.690673828125,-2.78914046287537,0.19877228140831,114.971374511719,56.215030670166,-2.32612037658691,-1.64427697658539,0.691053330898285,0.102909132838249,70
738279.50949464191216975451,55.6875839233398,-2.06143474578857,7.16891860961914,0.0120410360395908,-0.00352890510112047,42.4810218811035,-71.3978881835938,511.646209716797,458.414276123047,-2.3823344707489,0.153232142329216,115.083274841309,56.1849594116211,-2.31879234313965,-0.879653096199036,0.695381879806519,0.103100903332233,70
738279.50949693541042506695,55.6478309631348,-2.05702567100525,7.1077127456665,0.0120410360395908,-0.00352890510112047,42.4810104370117,-71.3977508544922,511.181396484375,457.117218017578,-1.9347026348114,0.0631867870688438,115.138381958008,56.1376190185547,-2.31771802902222,0.952076554298401,0.699649035930634,0.103275701403618,70
738279.50949917302932590246,55.6051177978516,-2.03628969192505,7.07964706420898,0.0120410360395908,-0.00352890510112047,42.4809989929199,-71.3976211547852,510.732360839844,455.855560302734,-2.24595880508423,-0.016727177426219,115.084251403809,56.0909690856934,-2.31922316551208,1.19869339466095,0.703781127929688,0.103437185287476,70
738279.50950144359376281500,55.5600242614746,-2.1076717376709,7.0922155380249,0.0120410360395908,-0.00352890510112047,42.4809875488281,-71.3974838256836,510.266540527344,454.558074951172,-2.33334851264954,-0.0854098871350288,114.984222412109,56.0504951477051,-2.32106137275696,0.10846982896328,0.708011388778687,0.103603042662144,70
738279.50950365036260336637,55.5037612915039,-2.16746544837952,7.09965419769287,0.0120410360395908,-0.00352890510112047,42.4809761047363,-71.3973541259766,509.799621582031,453.285888671875,-1.80518579483032,-0.146201476454735,114.929382324219,55.9979515075684,-2.32976627349854,-0.542941272258759,0.71193540096283,0.103764288127422,70
738279.50950593547895550728,55.4455604553223,-2.13547563552856,7.06241464614868,0.0120410360395908,-0.00352890510112047,42.4809608459473,-71.3972244262695,509.319732666016,451.979888916016,-1.6488573551178,-0.227152660489082,114.934669494629,55.9343185424805,-2.3459632396698,0.183558225631714,0.715761423110962,0.103930898010731,70
738279.50950809195637702942,55.402946472168,-2.13084650039673,7.02450895309448,0.0120410360395908,-0.00352890510112047,42.4809494018555,-71.3970947265625,508.869812011719,450.747344970703,-1.95968890190125,-0.307047784328461,114.934875488281,55.8871269226074,-2.36033225059509,0.669577658176422,0.719360530376434,0.104089371860027,70
738279.50951025541871786118,55.3608131408691,-2.21194505691528,7.01716566085815,0.0120410360395908,-0.00352890510112047,42.4809417724609,-71.39697265625,508.41015625,449.503753662109,-1.91893529891968,-0.377197504043579,114.881546020508,55.8475875854492,-2.37332725524902,0.08549914509058,0.722943067550659,0.104251250624657,70
738279.50951242540031671524,55.3026428222656,-2.26957368850708,7.01988649368286,0.0120410360395908,-0.00352890510112047,42.4809303283691,-71.396842956543,507.932983398438,448.238830566406,-1.5057121515274,-0.435413360595703,114.793891906738,55.7925796508789,-2.39181566238403,-0.732905209064484,0.726347684860229,0.104427896440029,70
738279.50951471505686640739,55.2391662597656,-2.25180006027222,6.98693037033081,0.0120410360395908,-0.00352890510112047,42.4809150695801,-71.3967132568359,507.442291259766,446.941772460938,-1.49454414844513,-0.351758897304535,114.732421875,55.7248001098633,-2.4162745475769,-0.398466467857361,0.729619383811951,0.104614362120628,70
738279.50951696420088410378,55.1927146911621,-2.23121070861816,6.93431711196899,0.0120410360395908,-0.00352890510112047,42.4809036254883,-71.3965835571289,506.950988769531,445.562683105469,-1.88604056835175,-0.111297249794006,114.70694732666,55.6713447570801,-2.43963861465454,0.572868347167969,0.732848048210144,0.104812309145927,70
738279.50951923220418393612,55.1645469665527,-2.23782253265381,6.89595127105713,0.0120410360395908,-0.00352890510112047,42.4808921813965,-71.3964538574219,506.459930419922,444.085784912109,-2.32952380180359,0.10235296189785,114.658050537109,55.6389198303223,-2.45800352096558,1.15609955787659,0.736099004745483,0.105016775429249,70
738279.50952147203497588634,55.1450576782227,-2.30060076713562,6.88930606842041,0.0120410360395908,-0.00352890510112047,42.4808807373047,-71.3963241577148,505.967987060547,442.621551513672,-2.49320936203003,0.297994136810303,114.544120788574,55.6213340759277,-2.47326111793518,0.914703786373138,0.739278435707092,0.105221629142761,70
738279.50952367635909467936,55.1228408813477,-2.38020515441895,6.91590356826782,0.0120410360395908,-0.00352890510112047,42.4808692932129,-71.3961944580078,505.471160888672,441.171508789062,-2.47039651870728,0.503526031970978,114.34553527832,55.6059608459473,-2.49166584014893,-0.061524648219347,0.742228925228119,0.105434909462929,70
738279.50952591665554791689,55.0962104797363,-2.44934964179993,6.96152114868164,0.0120410360395908,-0.00352890510112047,42.4808578491211,-71.3960647583008,504.942321777344,439.656127929688,-2.61032438278198,0.749589800834656,114.07088470459,55.5882606506348,-2.51878476142883,-1.19534146785736,0.744995296001434,0.105671741068363,70
738279.50952806801069527864,55.0755157470703,-2.48598670959473,6.99483728408813,0.0120410360395908,-0.00352890510112047,42.4808464050293,-71.3959426879883,504.439605712891,438.232391357422,-2.93568205833435,0.997950673103333,113.832679748535,55.573558807373,-2.55110549926758,-1.50359678268433,0.747301042079926,0.105897754430771,70
738279.50953029794618487358,55.0600547790527,-2.53489804267883,7.00356435775757,0.0120410360395908,-0.00352890510112047,42.4808349609375,-71.3958053588867,503.889923095703,436.690368652344,-3.13175868988037,1.25541627407074,113.697410583496,55.5615425109863,-2.5903685092926,-0.662529528141022,0.749542474746704,0.10613976418972,70
738279.50953247037250548601,55.041374206543,-2.60014772415161,7.00048112869263,0.0120410360395908,-0.00352890510112047,42.4808235168457,-71.3956832885742,503.355010986328,435.210388183594,-2.84919929504395,1.48700070381165,113.730133056641,55.5456619262695,-2.63083696365356,0.577728688716888,0.751442551612854,0.106363728642464,70
738279.50953475339338183403,55.0112037658691,-2.63967823982239,7.01811695098877,0.0120410360395908,-0.00352890510112047,42.4808120727539,-71.3955535888672,502.787536621094,433.659332275391,-2.39747190475464,1.73921072483063,113.882217407227,55.5198554992676,-2.67663240432739,1.26001727581024,0.75314736366272,0.106596685945988,70
738279.50953693175688385963,54.9790573120117,-2.64786243438721,7.06929683685303,0.0120410360395908,-0.00352890510112047,42.4808006286621,-71.3954238891602,502.233459472656,433.675018310547,-2.3713173866272,2.02476620674133,114.027656555176,55.4948921203613,-2.72172856330872,1.0562002658844,0.754582643508911,0.106821231544018,70
738279.50953920558094978333,54.9566879272461,-2.71449065208435,7.13306379318237,0.0120410360395908,-0.00352890510112047,42.4807891845703,-71.3952941894531,501.658935546875,434.335601806641,-2.6549756526947,2.32922554016113,114.056373596191,55.4841117858887,-2.76535987854004,0.814189434051514,0.75590717792511,0.10704517364502,70
738279.50954147079028189182,54.929141998291,-2.85676407814026,7.19355916976929,0.0120410360395908,-0.00352890510112047,42.4807777404785,-71.3951568603516,501.049530029297,434.984191894531,-2.49177241325378,2.60139012336731,113.937561035156,55.4717864990234,-2.81206083297729,0.954878628253937,0.756981492042542,0.107257470488548,70
738279.50954373844433575869,54.8870391845703,-2.91453862190247,7.26923274993896,0.0120410360395908,-0.00352890510112047,42.4807662963867,-71.3950271606445,500.433746337891,435.594146728516,-2.29227995872498,2.88486552238464,113.778915405273,55.4429740905762,-2.86700510978699,0.8379807472229,0.75757247209549,0.107433713972569,70
738279.50954600959084928036,54.8492393493652,-2.90659809112549,7.38308382034302,0.0120410360395908,-0.00352890510112047,42.4807510375977,-71.3948974609375,499.8173828125,436.196350097656,-2.76864790916443,3.33745718002319,113.668632507324,55.4201889038086,-2.92582702636719,-0.0673148483037949,0.757813394069672,0.107586354017258,70
738279.50954823440406471491,54.8332138061523,-2.97181177139282,7.50699996948242,0.0120410360395908,-0.00352890510112047,42.4807395935059,-71.3947677612305,499.193328857422,436.792572021484,-3.27201008796692,3.78478741645813,113.597961425781,55.4244346618652,-2.98102498054504,-0.685359418392181,0.757881581783295,0.107697732746601,70
738279.50955057411920279264,54.8302268981934,-3.08228850364685,7.60313749313354,0.0120410360395908,-0.00352890510112047,42.4807281494141,-71.3946380615234,498.535888671875,437.378753662109,-3.27175951004028,4.12911605834961,113.491592407227,55.440616607666,-3.03676748275757,0.165227442979813,0.757688403129578,0.107761576771736,70
738279.50955293106380850077,54.8200263977051,-3.16580986976624,7.68957090377808,0.0120410360395908,-0.00352890510112047,42.480712890625,-71.3945007324219,497.841217041016,437.955657958984,-3.25375318527222,4.05073118209839,113.322929382324,55.4471549987793,-3.09931254386902,1.47064852714539,0.75706148147583,0.107768200337887,70
738279.50955521338619291782,54.8069267272949,-3.19306516647339,7.79552745819092,0.0120410360395908,-0.00352890510112047,42.4807014465332,-71.3943710327148,497.148101806641,438.509704589844,-3.60313200950623,3.87727332115173,113.20728302002,55.4505653381348,-3.1648211479187,1.77496600151062,0.756039917469025,0.107711456716061,70
738279.50955742888618260622,54.7964324951172,-3.2367377281189,7.92871379852295,0.0120410360395908,-0.00352890510112047,42.4806861877441,-71.3942413330078,496.475982666016,439.031799316406,-3.81744194030762,3.7289412021637,113.243522644043,55.4616088867188,-3.22594165802002,0.884678065776825,0.754801630973816,0.10758825391531,70
738279.50955970282666385174,54.7827796936035,-3.30015134811401,8.07004547119141,0.0120410360395908,-0.00352890510112047,42.4806709289551,-71.3941116333008,495.783813476562,439.544158935547,-3.50572371482849,3.58738255500793,113.421096801758,55.4722442626953,-3.285400390625,-0.115848541259766,0.753307938575745,0.107388563454151,70
738279.50956201925873756409,54.770923614502,-3.29407286643982,8.17263889312744,0.0120410360395908,-0.00352890510112047,42.4806594848633,-71.3939819335938,495.078857421875,440.046417236328,-3.22341465950012,3.43609285354614,113.636245727539,55.4751892089844,-3.34408807754517,0.336668223142624,0.751529395580292,0.107108615338802,70
738279.50956427236087620258,54.7610855102539,-3.3313193321228,8.25556468963623,0.0120410360395908,-0.00352890510112047,42.4806442260742,-71.3938446044922,494.364532470703,440.562408447266,-3.60381031036377,3.27281022071838,113.802894592285,55.47998046875,-3.396155834198,0.93796968460083,0.749604761600494,0.106735996901989,70
738279.50956650567241013050,54.7311134338379,-3.39092826843262,8.391188621521,0.0120410360395908,-0.00352890510112047,42.4806289672852,-71.3937149047852,493.657531738281,441.037231445312,-3.15029907226562,3.16217184066772,113.977027893066,55.474365234375,-3.44192147254944,-0.440539121627808,0.747584342956543,0.106289982795715,70
738279.50956872804090380669,54.7118034362793,-3.30156016349792,8.49021244049072,0.0120410360395908,-0.00352890510112047,42.4806175231934,-71.3935852050781,492.964324951172,441.512176513672,-3.32114768028259,3.06227469444275,114.193588256836,55.4649925231934,-3.48427486419678,-0.231625944375992,0.745409071445465,0.105762243270874,70
738279.50957100011873990297,54.7130088806152,-3.3590726852417,8.53723526000977,0.0120410360395908,-0.00352890510112047,42.4806022644043,-71.3934631347656,492.270843505859,441.809997558594,-3.59833717346191,2.93583011627197,114.377975463867,55.4768524169922,-3.51481795310974,1.1775815486908,0.743296504020691,0.105137564241886,70
738279.50957321934401988983,54.7028274536133,-3.44247174263,8.60266304016113,0.0120410360395908,-0.00352890510112047,42.4805870056152,-71.3933334350586,491.555297851562,441.061767578125,-3.2066068649292,2.82395482063293,114.47248840332,55.4820327758789,-3.54202747344971,1.66999638080597,0.741065919399261,0.10442191362381,70
738279.50957545067649334669,54.6759605407715,-3.4985990524292,8.69819068908691,0.0120410360395908,-0.00352890510112047,42.4805717468262,-71.3932037353516,490.832336425781,440.306457519531,-2.83603191375732,2.75894618034363,114.511779785156,55.4739532470703,-3.57304668426514,1.05418038368225,0.738585591316223,0.103629216551781,70
738279.50957777490839362144,54.6344032287598,-3.52119064331055,8.82659816741943,0.0120410360395908,-0.00352890510112047,42.4805564880371,-71.39306640625,490.078918457031,439.519744873047,-2.8740861415863,2.72059154510498,114.500778198242,55.4547157287598,-3.609375,-0.432190328836441,0.735745191574097,0.10271318256855,70
738279.50958033313509076834,54.5843811035156,-3.53199100494385,8.93475341796875,0.0120410360395908,-0.00352890510112047,42.480541229248,-71.3929214477539,489.235809326172,438.639678955078,-3.22832703590393,2.63534498214722,114.448387145996,55.423454284668,-3.65031242370605,-0.819406747817993,0.732347369194031,0.101581528782845,70
738279.50958258705213665962,54.5376434326172,-3.56633877754211,8.97595024108887,0.0120410360395908,-0.00352890510112047,42.480525970459,-71.3927917480469,488.488555908203,437.859924316406,-3.31102085113525,2.48744225502014,114.415184020996,55.386287689209,-3.68354654312134,0.312138557434082,0.729215323925018,0.100507095456123,70
738279.50958489766344428062,54.4831466674805,-3.62864661216736,9.00930404663086,0.0120410360395908,-0.00352890510112047,42.4805107116699,-71.3926544189453,487.685089111328,437.022033691406,-3.09847807884216,2.29739785194397,114.401756286621,55.342098236084,-3.71808123588562,1.32979369163513,0.725707232952118,0.0992651730775833,70
738279.50958722480572760105,54.430721282959,-3.57466411590576,9.08795547485352,0.0120410360395908,-0.00352890510112047,42.4804916381836,-71.3925170898438,486.890441894531,436.193298339844,-3.54223966598511,2.14534115791321,114.344795227051,55.2998428344727,-3.75181818008423,0.686064720153809,0.72203129529953,0.097943551838398,70
738279.50958934589289128780,54.3900184631348,-3.60798048973083,9.1529655456543,0.0120410360395908,-0.00352890510112047,42.4804763793945,-71.3923950195312,486.162872314453,435.297332763672,-3.95630693435669,2.02090835571289,114.299530029297,55.2726745605469,-3.77631807327271,0.270666182041168,0.718645453453064,0.0966667160391808,70
738279.50959156616590917110,54.3510475158691,-3.65033531188965,9.18668746948242,0.0120410360395908,-0.00352890510112047,42.4804611206055,-71.3922653198242,485.413116455078,434.296844482422,-3.75090789794922,1.87430727481842,114.347434997559,55.2427062988281,-3.79902982711792,0.885195851325989,0.715100824832916,0.0952919200062752,70
738279.50959378178231418133,54.3138046264648,-3.61652731895447,9.21881008148193,0.0120410360395908,-0.00352890510112047,42.4804458618164,-71.3921356201172,484.665771484375,433.251098632812,-3.66760563850403,1.73892223834991,114.497604370117,55.2091941833496,-3.8214693069458,1.37585306167603,0.711427688598633,0.0938502475619316,70
738279.50959607830736786127,54.2856330871582,-3.60351777076721,9.27880096435547,0.0120410360395908,-0.00352890510112047,42.4804306030273,-71.3920135498047,483.922393798828,432.208404541016,-4.01604747772217,1.6450606584549,114.662658691406,55.1906814575195,-3.83857011795044,0.826388537883759,0.707742869853973,0.0923375487327576,70
738279.50959830428473651409,54.265796661377,-3.65226459503174,9.34951877593994,0.0120410360395908,-0.00352890510112047,42.4804153442383,-71.3918838500977,483.162292480469,431.144256591797,-4.13779306411743,1.56170618534088,114.753929138184,55.1863136291504,-3.85077857971191,0.0448236279189587,0.704011917114258,0.0907313302159309,70
738279.50960057636257261038,54.2422142028809,-3.73279976844788,9.40619659423828,0.0120410360395908,-0.00352890510112047,42.4804000854492,-71.3917541503906,482.388732910156,430.066986083984,-3.86153483390808,1.47315669059753,114.752822875977,55.178150177002,-3.86484098434448,-0.217885464429855,0.700137138366699,0.0890680477023125,70
738279.50960286811459809542,54.204174041748,-3.76521134376526,9.43668937683105,0.0120410360395908,-0.00352890510112047,42.4803848266602,-71.3916244506836,481.583557128906,428.950592041016,-3.61659216880798,1.3766496181488,114.718673706055,55.1481666564941,-3.88667130470276,0.275392591953278,0.695876359939575,0.087286189198494,70
738279.50960515451151877642,54.1671714782715,-3.75263333320618,9.46078681945801,0.0120410360395908,-0.00352890510112047,42.4803657531738,-71.391487121582,480.773468017578,427.827789306641,-3.80465984344482,1.28650999069214,114.732048034668,55.1150741577148,-3.91272711753845,0.742261171340942,0.691365718841553,0.0854269415140152,70
738279.50960741657763719559,54.1411781311035,-3.78510594367981,9.50447750091553,0.0120410360395908,-0.00352890510112047,42.4803504943848,-71.3913650512695,480.003173828125,426.760498046875,-3.9950737953186,1.21639561653137,114.793991088867,55.0992698669434,-3.93591284751892,0.393549054861069,0.686990141868591,0.083610013127327,70
738279.50960968679282814264,54.1212310791016,-3.90982151031494,9.57994842529297,0.0120410360395908,-0.00352890510112047,42.4803352355957,-71.3912353515625,479.189025878906,425.639862060547,-3.60409927368164,1.17559766769409,114.803863525391,55.101448059082,-3.96176648139954,-0.782269179821014,0.682285130023956,0.0816729962825775,70
738279.50961200054734945297,54.1090354919434,-3.92984175682068,9.61800384521484,0.0120410360395908,-0.00352890510112047,42.4803161621094,-71.3910980224609,478.355773925781,424.498107910156,-3.57439351081848,1.13205933570862,114.656372070312,55.097526550293,-3.99670767784119,-0.506041884422302,0.677167177200317,0.0796696096658707,70
738279.50961427541915327311,54.0913619995117,-4.00332069396973,9.62926864624023,0.0120410360395908,-0.00352890510112047,42.4803009033203,-71.3909683227539,477.520538330078,423.356292724609,-3.88434839248657,1.05643594264984,114.439277648926,55.0874290466309,-4.03536128997803,0.250828057527542,0.67180323600769,0.0776245817542076,70
738279.50961644214112311602,54.0639991760254,-4.10240888595581,9.66046524047852,0.0120410360395908,-0.00352890510112047,42.4802856445312,-71.3908462524414,476.707824707031,422.252288818359,-3.61068677902222,0.961773633956909,114.274291992188,55.0733184814453,-4.07727146148682,0.0812090113759041,0.666384339332581,0.0756447687745094,70
738279.50961860048118978739,54.0417098999023,-4.11823415756226,9.69256210327148,0.0120410360395908,-0.00352890510112047,42.4802703857422,-71.3907241821289,475.877777099609,421.128479003906,-3.54149270057678,0.798496186733246,114.13899230957,55.0582618713379,-4.12638902664185,-0.0950599834322929,0.660530269145966,0.0735903382301331,70
738279.50962076347786933184,54.0316467285156,-4.14990758895874,9.69770526885986,0.0120410360395908,-0.00352890510112047,42.4802551269531,-71.3906021118164,475.07568359375,420.0439453125,-3.85999584197998,0.607021450996399,114.001014709473,55.0516662597656,-4.17444276809692,0.369245946407318,0.654653966426849,0.0715727359056473,70
738279.50962297327350825071,54.0290489196777,-4.18778514862061,9.6927318572998,0.0120410360395908,-0.00352890510112047,42.4802360534668,-71.3904724121094,474.209716796875,418.875244140625,-4.23632478713989,0.42028483748436,113.860473632812,55.0511093139648,-4.22429370880127,0.887757003307343,0.64814293384552,0.0693647190928459,70
738279.50962528388481587172,54.0234985351562,-4.24888896942139,9.68933963775635,0.0120410360395908,-0.00352890510112047,42.4802207946777,-71.3903503417969,473.341644287109,417.707183837891,-4.36083745956421,0.262062162160873,113.76651763916,55.049747467041,-4.27194166183472,1.06624686717987,0.641465604305267,0.0671424269676208,70
738279.50962761475238949060,54.0039253234863,-4.30843448638916,9.70149517059326,0.0120410360395908,-0.00352890510112047,42.4802017211914,-71.3902130126953,472.408935546875,416.456756591797,-4.21761798858643,0.115932047367096,113.753799438477,55.0373115539551,-4.32300615310669,0.562235116958618,0.634088575839996,0.0647420287132263,70
738279.50962987169623374939,53.9801712036133,-4.32989072799683,9.72854518890381,0.0120410360395908,-0.00352890510112047,42.4801864624023,-71.3900833129883,471.525848388672,415.275482177734,-4.18185377120972,0.0264794267714024,113.829788208008,55.0204658508301,-4.37144994735718,-0.380657643079758,0.626871645450592,0.0624712482094765,70
738279.50963214994408190250,53.9692153930664,-4.35902738571167,9.74121856689453,0.0120410360395908,-0.00352890510112047,42.4801712036133,-71.3899536132812,470.602752685547,414.042388916016,-4.33515501022339,-0.0391769260168076,113.960517883301,55.0142593383789,-4.41961717605591,-0.662234604358673,0.619141638278961,0.0600736364722252,70
738279.50963435007724910975,53.9820671081543,-4.38957357406616,9.73610210418701,0.0120410360395908,-0.00352890510112047,42.480152130127,-71.3898315429688,469.718353271484,412.862609863281,-4.56365442276001,-0.108217880129814,114.058815002441,55.0283889770508,-4.46221399307251,-0.312734603881836,0.611596286296844,0.0577732846140862,70
738279.50963656790554523468,54.0094909667969,-4.47193479537964,9.71629428863525,0.0120410360395908,-0.00352890510112047,42.4801368713379,-71.3897018432617,468.825378417969,411.674896240234,-4.63458156585693,-0.197010144591331,114.072555541992,55.058422088623,-4.50272989273071,0.421681523323059,0.60388195514679,0.0554489195346832,70
738279.50963872892316430807,54.0378189086914,-4.57488489151001,9.6929931640625,0.0120410360395908,-0.00352890510112047,42.4801216125488,-71.3895797729492,467.915405273438,410.470611572266,-4.52168560028076,-0.295846670866013,113.98038482666,55.0905609130859,-4.54655122756958,1.05215966701508,0.595862150192261,0.0531124360859394,70
738279.50964094814844429493,54.0593605041504,-4.65843725204468,9.68448066711426,0.0120410360395908,-0.00352890510112047,42.4801063537598,-71.3894500732422,466.982330322266,409.241363525391,-4.57117462158203,-0.376195281744003,113.804916381836,55.1171875,-4.59798955917358,0.978483319282532,0.587367117404938,0.0507487989962101,70
738279.50964324444066733122,54.0762939453125,-4.7485523223877,9.69356536865234,0.0120410360395908,-0.00352890510112047,42.4800872802734,-71.3893280029297,466.020843505859,407.979461669922,-4.83761930465698,-0.425958007574081,113.605972290039,55.1430854797363,-4.65700960159302,0.291763484477997,0.578307569026947,0.0483338758349419,70
738279.50964542885776609182,54.0934028625488,-4.84621524810791,9.69971942901611,0.0120410360395908,-0.00352890510112047,42.4800720214844,-71.3891983032227,465.053009033203,406.714965820312,-4.91515016555786,-0.470098108053207,113.44376373291,55.16943359375,-4.72157526016235,-0.167948812246323,0.568902909755707,0.0459448583424091,70
738279.50964766158722341061,54.1087875366211,-4.96456384658813,9.68374252319336,0.0120410360395908,-0.00352890510112047,42.4800567626953,-71.3890686035156,464.044097900391,405.403289794922,-4.68386888504028,-0.558533430099487,113.337173461914,55.1922340393066,-4.79452657699585,0.0942779630422592,0.558789849281311,0.0435061268508434,70
738279.50964999652933329344,54.1239891052246,-5.05928516387939,9.64228630065918,0.0120410360395908,-0.00352890510112047,42.480037689209,-71.3889465332031,463.009094238281,404.063995361328,-4.40669012069702,-0.86720871925354,113.27392578125,55.2084808349609,-4.87551307678223,0.894532322883606,0.548048615455627,0.0410463809967041,70
738279.50965238560456782579,54.1449851989746,-5.12035703659058,9.59735679626465,0.0120410360395908,-0.00352890510112047,42.4800224304199,-71.3888092041016,461.911499023438,402.648010253906,-4.53983545303345,-1.27418684959412,113.216232299805,55.2268676757812,-4.96515989303589,1.183225274086,0.53624039888382,0.038470309227705,70
738279.50965471123345196247,54.1719245910645,-5.17596578598022,9.5768518447876,0.0120410360395908,-0.00352890510112047,42.4800033569336,-71.388671875,460.807434082031,401.227020263672,-4.95732736587524,-1.65983498096466,113.150924682617,55.2549018859863,-5.05356454849243,0.230830013751984,0.524023652076721,0.0359157919883728,70
738279.50965718133375048637,54.18212890625,-5.28583145141602,9.5739631652832,0.0120410360395908,-0.00352890510112047,42.4799880981445,-71.3885269165039,459.588012695312,399.681823730469,-4.97593545913696,-1.79427349567413,113.124794006348,55.2748031616211,-5.1477837562561,-1.49181711673737,0.510271728038788,0.0331375002861023,70
738279.50965951709076762199,54.2131652832031,-5.22866868972778,9.515305519104,0.0120410360395908,-0.00352890510112047,42.4799690246582,-71.3883895874023,458.463104248047,398.260925292969,-5.48653602600098,-1.89383292198181,113.238906860352,55.289665222168,-5.23099994659424,-1.28762674331665,0.497132867574692,0.0306110866367817,70
738279.50966183841228485107,54.2655792236328,-5.29703187942505,9.45526123046875,0.0120410360395908,-0.00352890510112047,42.4799537658691,-71.3882598876953,457.354583740234,396.860260009766,-5.89451551437378,-1.9879035949707,113.442375183105,55.337272644043,-5.29847431182861,-1.01219522953033,0.484093308448792,0.0281305816024542,70
738279.50966417673043906689,54.3187980651855,-5.39382362365723,9.40507888793945,0.0120410360395908,-0.00352890510112047,42.4799346923828,-71.3881301879883,456.248046875,395.467102050781,-5.55553865432739,-2.05643606185913,113.610511779785,55.3902587890625,-5.35814380645752,-0.996017932891846,0.471072614192963,0.0257216189056635,70
738279.50966649339534342289,54.3678779602051,-5.39022636413574,9.32776546478271,0.0120410360395908,-0.00352890510112047,42.4799194335938,-71.3879928588867,455.090942382812,394.012054443359,-5.52018260955811,-2.11483263969421,113.737419128418,55.424976348877,-5.41977167129517,-0.411691844463348,0.457177847623825,0.0232351962476969,70
738279.50966880132909864187,54.4149742126465,-5.42526865005493,9.24796962738037,0.0120410360395908,-0.00352890510112047,42.4799041748047,-71.3878631591797,453.947509765625,392.573547363281,-5.76899480819702,-2.18752074241638,113.903129577637,55.4612312316895,-5.47430038452148,0.0488318800926208,0.443233966827393,0.0208075903356075,70
738279.50967108597978949547,54.4594802856445,-5.49147367477417,9.19223785400391,0.0120410360395908,-0.00352890510112047,42.4798889160156,-71.3877334594727,452.821472167969,391.159851074219,-5.45798349380493,-2.25821089744568,114.103141784668,55.5021476745605,-5.52268505096436,-0.234631180763245,0.429455578327179,0.0184816494584084,70
738279.50967333733569830656,54.5101585388184,-5.49912214279175,9.14760398864746,0.0120410360395908,-0.00352890510112047,42.4798736572266,-71.3876037597656,451.701690673828,389.755401611328,-5.42303228378296,-2.30188989639282,114.239700317383,55.5452651977539,-5.56936073303223,-0.834999918937683,0.4155592918396,0.0162238366901875,70
738279.50967553385999053717,54.5630989074707,-5.53004217147827,9.08039569854736,0.0120410360395908,-0.00352890510112047,42.4798583984375,-71.3874740600586,450.606384277344,388.391662597656,-5.72038793563843,-2.34553599357605,114.295997619629,55.5892677307129,-5.61102437973022,-0.621154189109802,0.401825100183487,0.0140564003959298,70
738279.50967771292198449373,54.6066207885742,-5.60251235961914,8.99446105957031,0.0120410360395908,-0.00352890510112047,42.4798431396484,-71.3873519897461,449.514404296875,387.745971679688,-5.59899997711182,-2.41646432876587,114.349273681641,55.6252784729004,-5.64988660812378,0.10920761525631,0.388088017702103,0.0119596505537629,70
738279.50968002167064696550,54.6450347900391,-5.64135217666626,8.91341876983643,0.0120410360395908,-0.00352890510112047,42.4798278808594,-71.3872222900391,448.362579345703,387.280029296875,-5.29816341400146,-2.50008344650269,114.447532653809,55.6538734436035,-5.69209432601929,0.320739954710007,0.373434156179428,0.00981600489467382,70
738279.50968246033880859613,54.6793518066406,-5.64791584014893,8.85809803009033,0.0120410360395908,-0.00352890510112047,42.479808807373,-71.387077331543,447.059875488281,386.729736328125,-5.25362682342529,-2.57626962661743,114.583694458008,55.6794052124023,-5.74000644683838,-0.748984634876251,0.356614649295807,0.00744944484904408,70
738279.50968478829599916935,54.7223663330078,-5.62955188751221,8.80751037597656,0.0120410360395908,-0.00352890510112047,42.479793548584,-71.3869400024414,445.880157470703,386.233093261719,-5.56237840652466,-2.64429783821106,114.703437805176,55.7117729187012,-5.77868461608887,-1.57730340957642,0.341191947460175,0.0053807757794857,70
738279.50968708971049636602,54.7816314697266,-5.63565540313721,8.72500228881836,0.0120410360395908,-0.00352890510112047,42.4797782897949,-71.3868103027344,444.69970703125,385.737731933594,-5.83945894241333,-2.74270582199097,114.80313873291,55.7576293945312,-5.80950593948364,-1.30074727535248,0.325697243213654,0.00336896954104304,70
738279.50968940695747733116,54.842170715332,-5.67273807525635,8.61073398590088,0.0120410360395908,-0.00352890510112047,42.4797630310059,-71.3866729736328,443.520294189453,385.240692138672,-5.81184720993042,-2.87923765182495,114.884552001953,55.8031196594238,-5.83422136306763,-0.213634118437767,0.310216903686523,0.00141934806015342,70
738279.50969180243555456400,54.905158996582,-5.67300367355347,8.48538780212402,0.0120410360395908,-0.00352890510112047,42.4797477722168,-71.3865356445312,442.299652099609,384.724792480469,-5.79362058639526,-3.02867078781128,114.969947814941,55.8458671569824,-5.85711908340454,0.681063711643219,0.294112026691437,-0.000533907150384039,70
738279.50969411060214042664,54.9678649902344,-5.68455123901367,8.39097023010254,0.0120410360395908,-0.00352890510112047,42.4797325134277,-71.3864059448242,441.089324951172,384.213104248047,-5.9456639289856,-3.13586020469666,115.055961608887,55.8944435119629,-5.87696981430054,0.396690726280212,0.278059899806976,-0.00238468847237527,70
738279.50969636894296854734,55.0317420959473,-5.73993349075317,8.32294750213623,0.0120410360395908,-0.00352890510112047,42.4797210693359,-71.3862762451172,439.929473876953,383.7197265625,-5.97226476669312,-3.19711256027222,115.113479614258,55.9527549743652,-5.89443445205688,-0.381235539913177,0.262650698423386,-0.0040682046674192,70
738279.50969877047464251518,55.1009559631348,-5.83634853363037,8.24446296691895,0.0120410360395908,-0.00352890510112047,42.4797058105469,-71.3861389160156,438.714630126953,383.194305419922,-5.65728902816772,-3.24959826469421,115.100570678711,56.0191879272461,-5.91650342941284,-0.670009851455688,0.246480822563171,-0.00573106622323394,70
738279.50970113102812319994,55.1688079833984,-5.90831184387207,8.13710498809814,0.0120410360395908,-0.00352890510112047,42.4796905517578,-71.3859939575195,437.415161132812,382.622314453125,-5.37698316574097,-3.3171010017395,114.98365020752,56.0777854919434,-5.95021629333496,-0.331005096435547,0.228987231850624,-0.00739888614043593,70
738279.50970339961349964142,55.2243690490723,-5.93970251083374,8.03561973571777,0.0120410360395908,-0.00352890510112047,42.4796752929688,-71.3858642578125,436.162292480469,382.066497802734,-5.53105878829956,-3.38708209991455,114.827919006348,56.1211395263672,-5.99048089981079,-0.392948657274246,0.211826100945473,-0.00890059396624565,70
738279.50970569567289203405,55.2732543945312,-5.9693169593811,7.93947553634644,0.0120410360395908,-0.00352890510112047,42.479663848877,-71.3857269287109,434.91845703125,381.511871337891,-5.73446321487427,-3.46338224411011,114.724899291992,56.1587066650391,-6.03299856185913,-0.714702486991882,0.194569930434227,-0.0103010693565011,70
738279.50970816577319055796,55.3217811584473,-5.99866533279419,7.83613586425781,0.0120410360395908,-0.00352890510112047,42.4796485900879,-71.3855819702148,433.604064941406,380.922546386719,-5.66102457046509,-3.562166929245,114.74178314209,56.1950912475586,-6.07763147354126,-1.00014650821686,0.176159903407097,-0.0116857038810849,70
738279.50971072539687156677,55.373592376709,-5.99064636230469,7.70460224151611,0.0120410360395908,-0.00352890510112047,42.4796333312988,-71.3854370117188,432.226745605469,380.304229736328,-5.53600740432739,-3.70978856086731,114.893585205078,56.2270698547363,-6.12164258956909,-0.733040392398834,0.156661480665207,-0.0130289616063237,70
738279.50971305056009441614,55.4339828491211,-5.94770050048828,7.55953550338745,0.0120410360395908,-0.00352890510112047,42.4796180725098,-71.3852996826172,430.944793701172,379.732574462891,-5.77477502822876,-3.85145926475525,115.094795227051,56.2623176574707,-6.15526485443115,-0.126122742891312,0.138340666890144,-0.014170746318996,70
738279.50971537129953503609,55.500057220459,-5.9324688911438,7.42720174789429,0.0120410360395908,-0.00352890510112047,42.479606628418,-71.3851623535156,429.733642578125,379.196960449219,-6.09586048126221,-3.98265075683594,115.284797668457,56.3082046508789,-6.17647838592529,0.0697332546114922,0.1209966391325,-0.0151608129963279,70
738279.50971775606740266085,55.5651741027832,-5.95174360275269,7.30179405212402,0.0120410360395908,-0.00352890510112047,42.4795951843262,-71.3850250244141,428.442321777344,378.625335693359,-5.97867870330811,-4.08051776885986,115.482559204102,56.3580360412598,-6.19018220901489,-0.246911376714706,0.102576106786728,-0.0161078963428736,70
738279.50972033198922872543,55.6252937316895,-5.92438554763794,7.16950559616089,0.0120410360395908,-0.00352890510112047,42.4795799255371,-71.3848724365234,427.045715332031,378.007934570312,-5.72785091400146,-3.94489550590515,115.716674804688,56.3974609375,-6.20039653778076,-0.713934898376465,0.0826003029942513,-0.01700709015131,70
738279.50972250290215015411,55.679027557373,-5.85883617401123,7.04487323760986,0.0120410360395908,-0.00352890510112047,42.4795684814453,-71.3847427368164,425.884246826172,377.500671386719,-5.82267618179321,-3.76886200904846,115.945182800293,56.427921295166,-6.2032732963562,-0.541791498661041,0.0658852159976959,-0.0176391191780567,70
738279.50972486357204616070,55.7455596923828,-5.81782007217407,6.90140390396118,0.0120410360395908,-0.00352890510112047,42.4795570373535,-71.3846054077148,424.619903564453,376.955535888672,-5.9245753288269,-3.58159899711609,116.211570739746,56.4716186523438,-6.19620084762573,0.0657936111092567,0.0477219372987747,-0.0182204209268093,70
738279.50972712866496294737,55.8026123046875,-5.81981945037842,6.7924165725708,0.0120410360395908,-0.00352890510112047,42.4795417785645,-71.3844757080078,423.430541992188,376.175445556641,-5.76134729385376,-3.40223836898804,116.413787841797,56.5149459838867,-6.18194341659546,-0.0308890677988529,0.0307595785707235,-0.0186482183635235,70
738279.50972936872858554125,55.8546752929688,-5.74925994873047,6.71055936813354,0.0120410360395908,-0.00352890510112047,42.4795341491699,-71.3843383789062,422.260009765625,375.243682861328,-5.78031492233276,-3.18983316421509,116.52717590332,56.5493621826172,-6.16449403762817,-0.79796975851059,0.0140733383595943,-0.0189599394798279,70
738279.50973163021262735128,55.9098205566406,-5.70475578308105,6.62183237075806,0.0120410360395908,-0.00352890510112047,42.4795227050781,-71.3842086791992,421.081420898438,374.307983398438,-6.02385330200195,-2.95908451080322,116.598609924316,56.5888748168945,-6.14085626602173,-0.971323072910309,-0.00270170625299215,-0.0191590320318937,70
738279.50973387004341930151,55.9639015197754,-5.69908237457275,6.52258729934692,0.0120410360395908,-0.00352890510112047,42.4795112609863,-71.3840789794922,419.929595947266,373.394287109375,-5.89666604995728,-2.74864292144775,116.679176330566,56.6302223205566,-6.11339998245239,-0.436167269945145,-0.0189606416970491,-0.0192413851618767,70
738279.50973604456521570683,56.0130271911621,-5.6662654876709,6.43955850601196,0.0120410360395908,-0.00352890510112047,42.4794998168945,-71.3839492797852,418.817993164062,372.513153076172,-5.68980073928833,-2.54267358779907,116.752799987793,56.6659851074219,-6.08658361434937,-0.263677328824997,-0.0346039719879627,-0.0192164145410061,70
738279.50973825005348771811,56.0623550415039,-5.62349843978882,6.37411451339722,0.0120410360395908,-0.00352890510112047,42.4794883728027,-71.3838195800781,417.680541992188,371.613311767578,-5.78472757339478,-2.33279705047607,116.776733398438,56.7030944824219,-6.05822801589966,-0.53375107049942,-0.0506076440215111,-0.01908846385777,70
738279.50974038313142955303,56.109790802002,-5.60905170440674,6.3182806968689,0.0120410360395908,-0.00352890510112047,42.4794807434082,-71.3836898803711,416.608215332031,370.766082763672,-5.90802145004272,-2.17200756072998,116.747451782227,56.742317199707,-6.03009033203125,-0.698929011821747,-0.0656279847025871,-0.0188785586506128,70
738279.50974271993618458509,56.1557540893555,-5.61819171905518,6.24836540222168,0.0120410360395908,-0.00352890510112047,42.4794692993164,-71.3835525512695,415.426818847656,369.832702636719,-5.74511051177979,-2.01199698448181,116.695106506348,56.7809371948242,-6.00019025802612,-0.378924041986465,-0.0820823311805725,-0.018540695309639,70
738279.50974501040764153004,56.1925354003906,-5.59667491912842,6.17241144180298,0.0120410360395908,-0.00352890510112047,42.4794578552246,-71.3834228515625,414.258850097656,368.910095214844,-5.483971118927,-1.96648097038269,116.676223754883,56.8068885803223,-5.97481489181519,0.158462464809418,-0.0983525887131691,-0.0181075800210238,70
738279.50974734837654978037,56.228572845459,-5.54038095474243,6.10750818252563,0.0120410360395908,-0.00352890510112047,42.4794464111328,-71.3832855224609,413.087921142578,367.986968994141,-5.49417972564697,-2.04051780700684,116.712997436523,56.8300094604492,-5.95117044448853,0.163053005933762,-0.11472861468792,-0.0175726655870676,70
738279.50974958157166838646,56.270076751709,-5.51583957672119,6.05824041366577,0.0120410360395908,-0.00352890510112047,42.479434967041,-71.3831481933594,411.951904296875,367.093200683594,-5.54643392562866,-2.10314226150513,116.772529602051,56.8634185791016,-5.9260892868042,-0.252301692962646,-0.130579471588135,-0.0169635359197855,70
738279.50975183967966586351,56.3204040527344,-5.50428104400635,5.99294996261597,0.0120410360395908,-0.00352890510112047,42.4794273376465,-71.3830108642578,410.813201904297,366.197845458984,-5.31920480728149,-2.19187068939209,116.826347351074,56.9051895141602,-5.90008878707886,-0.0854194462299347,-0.146376445889473,-0.0162587873637676,70
738279.50975402025505900383,56.380298614502,-5.44804716110229,5.91848421096802,0.0120410360395908,-0.00352890510112047,42.4794158935547,-71.3828811645508,409.732635498047,365.349609375,-5.15905666351318,-2.30274176597595,116.885459899902,56.9512748718262,-5.87577056884766,0.270222842693329,-0.161369010806084,-0.0155150750651956,70
738279.50975624646525830030,56.4566955566406,-5.35260772705078,5.85068845748901,0.0120410360395908,-0.00352890510112047,42.4794082641602,-71.3827514648438,408.641723632812,364.496734619141,-5.32625102996826,-2.41666889190674,116.990379333496,57.0108680725098,-5.84745168685913,0.116239197552204,-0.176522985100746,-0.0146800633519888,70
738279.50975845940411090851,56.5417861938477,-5.28077268600464,5.80018138885498,0.0120410360395908,-0.00352890510112047,42.4793968200684,-71.3826217651367,407.579254150391,363.669860839844,-5.48218679428101,-2.51131582260132,117.150970458984,57.0832901000977,-5.81159400939941,-0.580788314342499,-0.191168114542961,-0.0137728545814753,70
738279.50976061681285500526,56.6250343322754,-5.23949813842773,5.75081348419189,0.0120410360395908,-0.00352890510112047,42.4793891906738,-71.3824920654297,406.546875,362.868865966797,-5.33734655380249,-2.58718681335449,117.322677612305,57.1569671630859,-5.76953363418579,-1.16184258460999,-0.205196276307106,-0.012809356674552,70
738279.50976291822735220194,56.7100982666016,-5.145920753479,5.66711711883545,0.0120410360395908,-0.00352890510112047,42.479377746582,-71.3823547363281,405.444580078125,362.016571044922,-5.21427392959595,-2.66981315612793,117.456893920898,57.2243995666504,-5.71970319747925,-0.944919049739838,-0.220021992921829,-0.0116907292976975,70
738279.50976523070130497217,56.7850074768066,-5.07825565338135,5.56511688232422,0.0120410360395908,-0.00352890510112047,42.4793701171875,-71.3822174072266,404.372772216797,361.192199707031,-5.36490726470947,-2.76307058334351,117.522071838379,57.282600402832,-5.66431617736816,-0.412196069955826,-0.234279230237007,-0.010503520257771,70
738279.50976747798267751932,56.8430480957031,-5.04572725296021,5.48241710662842,0.0120410360395908,-0.00352890510112047,42.4793586730957,-71.382080078125,403.324890136719,360.387939453125,-5.09158658981323,-2.8443398475647,117.571533203125,57.3292999267578,-5.6063175201416,-0.618262529373169,-0.247954800724983,-0.00925378687679768,70
738279.50976978871040046215,56.8972091674805,-4.94834518432617,5.40042924880981,0.0120410360395908,-0.00352890510112047,42.4793510437012,-71.3819427490234,402.281524658203,359.590362548828,-4.88804244995117,-2.90859365463257,117.632080078125,57.3667411804199,-5.54778289794922,-0.982935905456543,-0.261461675167084,-0.00790567323565483,70
738279.50977235392201691866,56.9642791748047,-4.86798334121704,5.28738927841187,0.0120410360395908,-0.00352890510112047,42.4793395996094,-71.3817977905273,401.17529296875,358.749755859375,-4.99854469299316,-2.98621582984924,117.675628662109,57.4158782958984,-5.48021936416626,-0.626042723655701,-0.275608062744141,-0.00634972797706723,70
738279.50977492600213736296,57.0440063476562,-4.80629301071167,5.16398429870605,0.0120410360395908,-0.00352890510112047,42.4793319702148,-71.3816375732422,399.991333007812,357.708801269531,-4.87632513046265,-3.07779169082642,117.669494628906,57.4785652160645,-5.40356302261353,-0.360836952924728,-0.290413677692413,-0.00454376172274351,70
738279.50977751589380204678,57.1139183044434,-4.76167726516724,5.04913473129272,0.0120410360395908,-0.00352890510112047,42.479320526123,-71.3814849853516,398.915252685547,356.573516845703,-4.65877819061279,-3.16377520561218,117.624267578125,57.534049987793,-5.33427858352661,-0.226096481084824,-0.303627520799637,-0.00278115854598582,70
738279.50978100614156574011,57.1787490844727,-4.70366907119751,4.92579078674316,0.0120410360395908,-0.00352890510112047,42.4793128967285,-71.3813171386719,397.721801757812,355.314056396484,-4.40572595596313,-3.19620561599731,117.560035705566,57.5829620361328,-5.26027250289917,-0.417575180530548,-0.318072259426117,-0.000651143374852836,70
738279.50978384912014007568,57.2365913391113,-4.6085467338562,4.80182504653931,0.0120410360395908,-0.00352890510112047,42.4793014526367,-71.3811492919922,396.482513427734,354.005554199219,-4.35241460800171,-3.09453892707825,117.533790588379,57.6222496032715,-5.18558502197266,-0.807605147361755,-0.332884937524796,0.00175685237627476,70
738279.50978634355124086142,57.2918853759766,-4.51154947280884,4.66431903839111,0.0120410360395908,-0.00352890510112047,42.4792900085449,-71.380973815918,395.268463134766,352.722625732422,-4.29916095733643,-3.00076079368591,117.597618103027,57.6582183837891,-5.10903835296631,-0.579949796199799,-0.347123056650162,0.00432826299220324,70
738279.50978896406013518572,57.3357849121094,-4.42442274093628,4.52803754806519,0.0120410360395908,-0.00352890510112047,42.4792823791504,-71.3808059692383,394.150390625,351.558990478516,-4.00108242034912,-2.9629282951355,117.721046447754,57.6842346191406,-5.03417158126831,-0.153317540884018,-0.35990983247757,0.00687932129949331,70
738279.50979143276344984770,57.3664932250977,-4.32374811172485,4.41838455200195,0.0120410360395908,-0.00352890510112047,42.4792747497559,-71.3806610107422,393.167205810547,350.878112792969,-3.85163688659668,-2.93925213813782,117.825119018555,57.6986274719238,-4.96430063247681,-0.305565506219864,-0.370896488428116,0.00929137319326401,70
738279.50979372195433825254,57.394474029541,-4.21952104568481,4.32821655273438,0.0120410360395908,-0.00352890510112047,42.4792671203613,-71.3805160522461,392.2392578125,350.242462158203,-3.95104312896729,-2.9257504940033,117.894401550293,57.7119026184082,-4.89214897155762,-0.919842660427094,-0.380999207496643,0.01175207644701,70
738279.50979594863019883633,57.419921875,-4.14873266220093,4.24128198623657,0.0120410360395908,-0.00352890510112047,42.4792594909668,-71.3803863525391,391.392517089844,349.668182373047,-3.96911668777466,-2.98633766174316,117.947135925293,57.7256240844727,-4.82028007507324,-1.25591313838959,-0.389914661645889,0.0141454320400953,70
738279.50979815109167248011,57.4411964416504,-4.05959033966064,4.11834955215454,0.0120410360395908,-0.00352890510112047,42.4792518615723,-71.3802490234375,390.547668457031,349.088012695312,-3.68518137931824,-3.08512735366821,118.020240783691,57.7315483093262,-4.74554300308228,-0.559314727783203,-0.398517608642578,0.0166788250207901,70
738279.50980044261086732149,57.4660530090332,-3.92973589897156,3.99849033355713,0.0120410360395908,-0.00352890510112047,42.4792442321777,-71.3801116943359,389.718963623047,348.199554443359,-3.82548809051514,-3.18779850006104,118.100952148438,57.7388801574707,-4.66606378555298,-0.402829974889755,-0.406727492809296,0.0193561054766178,70
738279.50980278325732797384,57.4847869873047,-3.87382650375366,3.89443874359131,0.0120410360395908,-0.00352890510112047,42.4792404174805,-71.3799743652344,388.877777099609,347.296539306641,-3.64986205101013,-3.27609419822693,118.154312133789,57.7466354370117,-4.57853126525879,-0.795529961585999,-0.414610773324966,0.0222455747425556,70
738279.50980504625476896763,57.5022926330566,-3.73152828216553,3.76083326339722,0.0120410360395908,-0.00352890510112047,42.4792327880859,-71.3798294067383,388.064910888672,346.42236328125,-3.56142592430115,-3.37814235687256,118.210487365723,57.7458381652832,-4.49086093902588,-0.429601907730103,-0.421924710273743,0.0252233408391476,70
738279.50980738166254013777,57.5304832458496,-3.61724853515625,3.63044476509094,0.0120410360395908,-0.00352890510112047,42.4792251586914,-71.3796920776367,387.266510009766,345.561401367188,-3.67550683021545,-3.48202252388,118.297264099121,57.75830078125,-4.39605236053467,-0.407821327447891,-0.428702712059021,0.0283811055123806,70
738279.50980970286764204502,57.5632286071777,-3.54976892471313,3.52212905883789,0.0120410360395908,-0.00352890510112047,42.4792213439941,-71.3795547485352,386.522705078125,344.758026123047,-3.5035662651062,-3.5415735244751,118.351272583008,57.7800254821777,-4.30212259292603,-0.820459723472595,-0.434541165828705,0.0314916037023067,70
738279.50981194595806300640,57.5979232788086,-3.44727611541748,3.38530278205872,0.0120410360395908,-0.00352890510112047,42.4792137145996,-71.3794097900391,385.762573242188,343.935485839844,-3.43743562698364,-3.52604293823242,118.324607849121,57.8002128601074,-4.20415687561035,-0.527467250823975,-0.440115988254547,0.034874651581049,70
738279.50981422397308051586,57.6222267150879,-3.36244058609009,3.24585056304932,0.0120410360395908,-0.00352890510112047,42.4792098999023,-71.379280090332,385.047882080078,343.160583496094,-3.36779165267944,-3.51049900054932,118.294563293457,57.8114395141602,-4.11048793792725,-0.109330348670483,-0.444972038269043,0.038259245455265,70
738279.50981656752992421389,57.645580291748,-3.26700210571289,3.12123823165894,0.0120410360395908,-0.00352890510112047,42.4792022705078,-71.3791351318359,384.314971923828,342.364074707031,-3.27242660522461,-3.24746966362,118.30517578125,57.8223876953125,-4.0123553276062,-0.346060872077942,-0.449536710977554,0.04196397960186,70
738279.50981870642863214016,57.6622085571289,-3.18394041061401,3.02449798583984,0.0120410360395908,-0.00352890510112047,42.4791984558105,-71.3790054321289,383.666259765625,341.657653808594,-3.19357752799988,-2.29935050010681,118.331733703613,57.8291893005371,-3.92433619499207,-0.503902673721313,-0.453186720609665,0.0454200059175491,70
738279.50982087303418666124,57.6733703613281,-3.09287643432617,2.95368552207947,0.0120410360395908,-0.00352890510112047,42.4791946411133,-71.3788681030273,383.022857666016,340.955383300781,-3.10769033432007,-1.26255548000336,118.364273071289,57.8317184448242,-3.83530974388123,-0.498862624168396,-0.456429690122604,0.0490726828575134,70
738279.50982315954752266407,57.6787261962891,-2.99776029586792,2.91358590126038,0.0120410360395908,-0.00352890510112047,42.479190826416,-71.3787384033203,382.375396728516,340.246978759766,-3.01670002937317,-0.192568942904472,118.397155761719,57.8300170898438,-3.74318552017212,-0.409616440534592,-0.459268122911453,0.052988525480032,70
738279.50982544594444334507,57.6777763366699,-2.9010968208313,2.90799450874329,0.0120410360395908,-0.00352890510112047,42.4791870117188,-71.3785934448242,381.735870361328,339.545471191406,-2.92206287384033,0.892551004886627,118.425827026367,57.823860168457,-3.64916634559631,-0.263250708580017,-0.461602538824081,0.0570959486067295,70
738279.50982771581038832664,57.6706962585449,-2.80821585655212,2.93708801269531,0.0120410360395908,-0.00352890510112047,42.4791793823242,-71.3784637451172,381.133178710938,338.882507324219,-2.82892608642578,1.94319975376129,118.447219848633,57.8136787414551,-3.5575840473175,-0.090626560151577,-0.463328838348389,0.0611816458404064,70
738279.50983003235887736082,57.6569404602051,-2.71354556083679,3.0037043094635,0.0120410360395908,-0.00352890510112047,42.479175567627,-71.3783187866211,380.525207519531,338.211944580078,-2.73187804222107,3.03296065330505,118.461952209473,57.7988586425781,-3.46188306808472,0.10346682369709,-0.464560776948929,0.0655399560928345,70
738279.50983235833700746298,57.6362152099609,-2.62007880210876,3.10979652404785,0.0120410360395908,-0.00352890510112047,42.4791717529297,-71.378173828125,379.92578125,337.548889160156,-2.63421297073364,4.13785696029663,118.468864440918,57.7794876098633,-3.36443662643433,0.306315630674362,-0.465228796005249,0.0700508281588554,70
738279.50983464985620230436,57.6099243164062,-2.53365993499756,3.24759078025818,0.0120410360395908,-0.00352890510112047,42.4791641235352,-71.3780364990234,379.368927001953,336.931060791016,-2.542720079422,5.16836643218994,118.468032836914,57.7569885253906,-3.27161455154419,0.502776086330414,-0.46532353758812,0.0744151249527931,70
738279.50983691995497792959,57.5764083862305,-2.44975614547729,3.42506217956543,0.0120410360395908,-0.00352890510112047,42.4791603088379,-71.3778991699219,378.814300537109,336.314025878906,-2.45243358612061,6.21030187606812,118.459991455078,57.7301902770996,-3.17715406417847,0.69370573759079,-0.464883059263229,0.0789299681782722,70
738279.50983922474551945925,57.5361938476562,-2.37058663368225,3.63825821876526,0.0120410360395908,-0.00352890510112047,42.4791526794434,-71.3777618408203,378.276062011719,335.713500976562,-2.36662411689758,7.2248158454895,118.445121765137,57.6998252868652,-3.08427405357361,0.881263911724091,-0.463917881250381,0.0834433510899544,70
738279.50984141440130770206,57.4928092956543,-2.29914855957031,3.86543369293213,0.0120410360395908,-0.00352890510112047,42.4791488647461,-71.3776245117188,377.789672851562,335.169342041016,-2.29220676422119,7.98906373977661,118.425628662109,57.66845703125,-3.00013589859009,1.10632991790771,-0.462569952011108,0.0875890478491783,70
738279.50984361313749104738,57.4440231323242,-2.23126816749573,4.11154508590698,0.0120410360395908,-0.00352890510112047,42.4791412353516,-71.3774948120117,377.308563232422,334.629730224609,-2.23187613487244,7.9587082862854,118.400611877441,57.6341819763184,-2.91696763038635,1.32799744606018,-0.460778892040253,0.0917544662952423,70
738279.50984585122205317020,57.3906517028809,-2.15836453437805,4.36732196807861,0.0120410360395908,-0.00352890510112047,42.479133605957,-71.3773574829102,376.828491210938,334.089752197266,-2.17234253883362,7.848548412323,118.369827270508,57.597038269043,-2.83398056030273,1.38984680175781,-0.458508610725403,0.0959525629878044,70
738279.50984806613996624947,57.3357696533203,-2.08884787559509,4.6155309677124,0.0120410360395908,-0.00352890510112047,42.4791259765625,-71.3772277832031,376.372375488281,333.5751953125,-2.11565327644348,7.74274635314941,118.33512878418,57.5591583251953,-2.75499153137207,1.39316809177399,-0.455864250659943,0.0999412164092064,70
738279.50985027709975838661,57.278491973877,-2.02109098434448,4.86059427261353,0.0120410360395908,-0.00352890510112047,42.479118347168,-71.3770904541016,375.930328369141,333.075042724609,-2.05966281890869,7.63871669769287,118.296356201172,57.5198745727539,-2.67807722091675,1.36520421504974,-0.45281508564949,0.103785775601864,70
738279.50985257700085639954,57.2154846191406,-1.95121955871582,5.11578989028931,0.0120410360395908,-0.00352890510112047,42.4791107177734,-71.376953125,375.477874755859,332.561462402344,-2.00110268592834,7.52875852584839,118.251129150391,57.4768676757812,-2.59872484207153,1.31985187530518,-0.449161410331726,0.107691943645477,70
738279.50985486793797463179,57.150074005127,-1.88316679000854,5.36680555343628,0.0120410360395908,-0.00352890510112047,42.4791030883789,-71.3768157958984,375.039764404297,332.062530517578,-1.94296610355377,7.41889715194702,118.201881408691,57.4323921203613,-2.52139186859131,1.27020239830017,-0.445070892572403,0.111398167908192,70
738279.50985707168001681566,57.0871086120605,-1.82297956943512,5.59636974334717,0.0120410360395908,-0.00352890510112047,42.4790954589844,-71.3766860961914,374.642547607422,331.608673095703,-1.88941717147827,7.26176118850708,118.152442932129,57.3897247314453,-2.45099639892578,1.24363446235657,-0.440859884023666,0.114662647247314,70
738279.50985932373441755772,57.0194549560547,-1.7618020772934,5.83002185821533,0.0120410360395908,-0.00352890510112047,42.4790840148926,-71.3765487670898,374.236358642578,331.143035888672,-1.83645141124725,6.92873430252075,118.09676361084,57.3437995910645,-2.37863159179688,1.21139395236969,-0.436036646366119,0.117913216352463,70
738279.50986161071341484785,56.9511413574219,-1.70204389095306,6.05097675323486,0.0120410360395908,-0.00352890510112047,42.4790725708008,-71.3764114379883,373.841522216797,330.688842773438,-1.78518044948578,6.45708990097046,118.037612915039,57.2969779968262,-2.30822372436523,1.16800761222839,-0.430816918611526,0.120953589677811,70
738279.50986390106845647097,56.8824272155762,-1.64077734947205,6.25701332092285,0.0120410360395908,-0.00352890510112047,42.4790649414062,-71.3762741088867,373.456817626953,330.244659423828,-1.7336118221283,5.94570875167847,117.974906921387,57.2490425109863,-2.23945426940918,1.08875370025635,-0.42518737912178,0.123787775635719,70
738279.50986610841937363148,56.8161582946777,-1.58151173591614,6.4399037361145,0.0120410360395908,-0.00352890510112047,42.4790534973145,-71.3761367797852,373.095794677734,329.826202392578,-1.68309319019318,5.45161056518555,117.911270141602,57.201831817627,-2.17450952529907,1.00092804431915,-0.419366836547852,0.126308292150497,70
738279.50986827199812978506,56.7525062561035,-1.52456796169281,6.6010160446167,0.0120410360395908,-0.00352890510112047,42.4790420532227,-71.3760147094727,372.757415771484,329.432434082031,-1.63390970230103,4.97355461120605,117.847099304199,57.1554412841797,-2.11295580863953,0.911948323249817,-0.413393139839172,0.128537535667419,70
738279.50987055117730051279,56.6837005615234,-1.46555829048157,6.75881910324097,0.0120410360395908,-0.00352890510112047,42.4790306091309,-71.3758697509766,372.400054931641,328.565979003906,-1.57558453083038,4.44113111495972,117.773811340332,57.1040420532227,-2.04664492607117,0.813805639743805,-0.406489342451096,0.130763590335846,70
738279.50987277005333453417,56.6181373596191,-1.4078277349472,6.89238166809082,0.0120410360395908,-0.00352890510112047,42.4790191650391,-71.3757400512695,372.068603515625,327.750274658203,-1.50610661506653,3.93057131767273,117.700881958008,57.0534858703613,-1.98440551757812,0.719736754894257,-0.399500846862793,0.132674962282181,70
738279.50987505132798105478,56.5536460876465,-1.35152578353882,7.00782680511475,0.0120410360395908,-0.00352890510112047,42.4790077209473,-71.375602722168,371.749908447266,327.257354736328,-1.45208013057709,3.42304825782776,117.625411987305,57.0022048950195,-1.92345750331879,0.62739509344101,-0.392188847064972,0.134381338953972,70
738279.50987733993679285049,56.4885101318359,-1.29505503177643,7.10842275619507,0.0120410360395908,-0.00352890510112047,42.4789962768555,-71.3754653930664,371.43359375,326.761016845703,-1.39791131019592,2.9019238948822,117.544769287109,56.9487380981445,-1.86167144775391,0.534958124160767,-0.384303390979767,0.135944589972496,70
738279.50987952202558517456,56.4273338317871,-1.2423495054245,7.18766307830811,0.0120410360395908,-0.00352890510112047,42.4789848327637,-71.3753356933594,371.140716552734,326.294769287109,-1.34756183624268,2.40276288986206,117.464851379395,56.8968353271484,-1.80343127250671,0.44847771525383,-0.376396089792252,0.137261733412743,70
738279.50988179526757448912,56.3661727905273,-1.18942964076996,7.25161695480347,0.0120410360395908,-0.00352890510112047,42.4789695739746,-71.3752059936523,370.851898193359,325.828369140625,-1.29798710346222,1.90610766410828,117.380432128906,56.8431739807129,-1.74487411975861,0.354125916957855,-0.367978125810623,0.138438493013382,70
738279.50988405058160424232,56.3057746887207,-1.13759338855743,7.30000782012939,0.0120410360395908,-0.00352890510112047,42.4789581298828,-71.3750686645508,370.571228027344,325.368194580078,-1.24867391586304,1.50109231472015,117.292663574219,56.7884178161621,-1.686851978302,0.263659954071045,-0.359146237373352,0.13947057723999,70
738279.50988636817783117294,56.2468948364258,-1.08787226676941,7.33536100387573,0.0120410360395908,-0.00352890510112047,42.478946685791,-71.3749313354492,370.303558349609,324.922790527344,-1.20250856876373,1.21275103092194,117.203353881836,56.7336235046387,-1.63059425354004,0.155741199851036,-0.350079327821732,0.140347972512245,70
738279.50988860230427235365,56.1870574951172,-1.03955173492432,7.36260414123535,0.0120410360395908,-0.00352890510112047,42.4789352416992,-71.3748016357422,370.040588378906,324.478485107422,-1.15686893463135,1.11606335639954,117.10977935791,56.6769256591797,-1.57444036006927,0.0931343287229538,-0.340506017208099,0.141111373901367,70
738279.50989097589626908302,56.1255111694336,-0.99316942691803,7.3856143951416,0.0120410360395908,-0.00352890510112047,42.4789199829102,-71.3746643066406,369.780944824219,324.033020019531,-1.11225652694702,1.01708161830902,117.011291503906,56.6180763244629,-1.51832187175751,0.0619292221963406,-0.330365210771561,0.141775593161583,70
738279.50989328452851623297,56.0641288757324,-0.950329005718231,7.40410995483398,0.0120410360395908,-0.00352890510112047,42.4789085388184,-71.3745193481445,369.531677246094,323.598785400391,-1.07071483135223,0.917980790138245,116.910995483398,56.558910369873,-1.4642528295517,0.0462680868804455,-0.319952487945557,0.142324090003967,70
738279.50989559001754969358,56.0036964416504,-0.911434412002563,7.41825914382935,0.0120410360395908,-0.00352890510112047,42.4788970947266,-71.3743896484375,369.294677734375,323.179870605469,-1.03288412094116,0.820044755935669,116.810211181641,56.5002250671387,-1.41306054592133,0.0381179675459862,-0.309415251016617,0.142768308520317,70
738279.50989784137345850468,55.9445419311523,-0.876488208770752,7.42841005325317,0.0120410360395908,-0.00352890510112047,42.4788818359375,-71.3742523193359,369.06982421875,322.77685546875,-0.998799860477448,0.723791718482971,116.70964050293,56.4423713684082,-1.365105509758,0.0325271524488926,-0.298827707767487,0.143130585551262,70
738279.50990019564051181078,55.8830413818359,-0.84339714050293,7.43523454666138,0.0120410360395908,-0.00352890510112047,42.4788703918457,-71.3741149902344,368.842468261719,322.363830566406,-0.966445446014404,0.623208284378052,116.602828979492,56.3818092346191,-1.31754457950592,0.0265657678246498,-0.28753337264061,0.143439084291458,70
738279.50990258052479475737,55.8195457458496,-0.812729895114899,7.43835353851318,0.0120410360395908,-0.00352890510112047,42.4788551330566,-71.3739776611328,368.613922119141,321.943298339844,-0.936353445053101,0.518929421901703,116.49047088623,56.3188362121582,-1.27117919921875,0.0189051683992147,-0.27558422088623,0.143692046403885,70
738279.50990484049543738365,55.7618637084961,-0.787996888160706,7.43773651123047,0.0120410360395908,-0.00352890510112047,42.4788436889648,-71.3738479614258,368.4111328125,321.565734863281,-0.91193962097168,0.423864960670471,116.387199401855,56.26123046875,-1.23181462287903,0.0103130741044879,-0.264491528272629,0.143871277570724,70
738279.50990702840499579906,55.703052520752,-0.765798568725586,7.43377828598022,0.0120410360395908,-0.00352890510112047,42.478832244873,-71.3737106323242,368.207702636719,321.18310546875,-0.889909267425537,0.326203197240829,116.279861450195,56.2021141052246,-1.19416916370392,-0.000230520017794333,-0.252918809652328,0.144015029072762,70
738279.50990929082036018372,55.6450843811035,-0.745900332927704,7.42654180526733,0.0120410360395908,-0.00352890510112047,42.478816986084,-71.3735809326172,368.009307861328,321.053253173828,-0.871806383132935,0.228882506489754,116.171966552734,56.1434364318848,-1.15961003303528,-0.0120944976806641,-0.241226822137833,0.144119799137115,70
738279.50991152809001505375,55.5883674621582,-0.72515469789505,7.41613912582397,0.0120410360395908,-0.00352890510112047,42.4788055419922,-71.3734512329102,367.815216064453,321.725189208984,-0.887586295604706,0.131337106227875,116.063339233398,56.0855751037598,-1.12780392169952,-0.0287012699991465,-0.229376658797264,0.144180089235306,70
738279.50991378910839557648,55.5339775085449,-0.709919512271881,7.40272760391235,0.0120410360395908,-0.00352890510112047,42.4787940979004,-71.3733215332031,367.626281738281,322.393280029297,-0.904362142086029,0.0348059609532356,115.955352783203,56.0296974182129,-1.09878242015839,-0.0445910766720772,-0.217487394809723,0.144216924905777,70
738279.50991595792584121227,55.4816856384277,-0.697769522666931,7.38640213012695,0.0120410360395908,-0.00352890510112047,42.4787826538086,-71.3731918334961,367.441650390625,323.057312011719,-0.918529450893402,-0.060951191931963,115.848472595215,55.9755592346191,-1.0725485086441,-0.0590052455663681,-0.205571189522743,0.144242718815804,70
738279.50991822616197168827,55.4303932189941,-0.688568532466888,7.36686182022095,0.0120410360395908,-0.00352890510112047,42.4787673950195,-71.3730621337891,367.257202148438,323.729461669922,-0.931297302246094,-0.157794132828712,115.740913391113,55.9220314025879,-1.04866993427277,-0.0731052607297897,-0.193415239453316,0.144252866506577,70
738279.50992053840309381485,55.3793067932129,-0.682336390018463,7.34364604949951,0.0120410360395908,-0.00352890510112047,42.4787559509277,-71.3729248046875,367.069396972656,324.420013427734,-0.943455338478088,-0.257264345884323,115.631278991699,55.8682594299316,-1.02700805664062,-0.0876624807715416,-0.18083792924881,0.144235372543335,70
738279.50992286403197795153,55.3290061950684,-0.67921257019043,7.31683778762817,0.0120410360395908,-0.00352890510112047,42.4787445068359,-71.3727874755859,366.879669189453,325.12109375,-0.955316185951233,-0.356297045946121,115.521087646484,55.8148384094238,-1.00805735588074,-0.103271581232548,-0.167981415987015,0.144210323691368,70
738279.50992517778649926186,55.2809982299805,-0.680502772331238,7.28738832473755,0.0120410360395908,-0.00352890510112047,42.4787330627441,-71.3726577758789,366.693298339844,325.518737792969,-0.965432643890381,-0.448279231786728,115.414169311523,55.7634086608887,-0.992480039596558,-0.118467703461647,-0.155267924070358,0.14418888092041,70
738279.50992751028388738632,55.2328567504883,-0.686508417129517,7.2541036605835,0.0120410360395908,-0.00352890510112047,42.4787178039551,-71.3725204467773,366.501373291016,325.354034423828,-0.955477893352509,-0.542087435722351,115.306098937988,55.7114143371582,-0.979879975318909,-0.1302859634161,-0.142202794551849,0.144183233380318,70
738279.50992986909113824368,55.1854057312012,-0.694632768630981,7.2175989151001,0.0120410360395908,-0.00352890510112047,42.4787063598633,-71.3723831176758,366.3076171875,325.187469482422,-0.94950544834137,-0.63642293214798,115.199241638184,55.659725189209,-0.970844209194183,-0.143808647990227,-0.129088655114174,0.144190102815628,70
738279.50993237830698490143,55.1354103088379,-0.706787347793579,7.17479848861694,0.0120410360395908,-0.00352890510112047,42.4786911010742,-71.3722381591797,366.096618652344,325.005676269531,-0.948709607124329,-0.738968968391418,115.085441589355,55.6047744750977,-0.965060234069824,-0.160195335745811,-0.114969044923782,0.144200339913368,70
738279.50993465981446206570,55.0900459289551,-0.721070289611816,7.13164854049683,0.0120410360395908,-0.00352890510112047,42.4786796569824,-71.3721008300781,365.897338867188,324.833465576172,-0.952802181243896,-0.83451771736145,114.98119354248,55.5544204711914,-0.963279128074646,-0.176419764757156,-0.10184234380722,0.144212663173676,70
738279.50993705715518444777,55.0459823608398,-0.737908184528351,7.08551740646362,0.0120410360395908,-0.00352890510112047,42.4786682128906,-71.3719635009766,365.695007324219,324.658081054688,-0.961015701293945,-0.921629905700684,114.878273010254,55.5050354003906,-0.964861750602722,-0.194847151637077,-0.0887709110975266,0.14424392580986,70
738279.50993936753366142511,55.0040893554688,-0.757578313350677,7.03875923156738,0.0120410360395908,-0.00352890510112047,42.4786529541016,-71.371826171875,365.493438720703,324.482727050781,-0.972137033939362,-0.929360866546631,114.778945922852,55.4578056335449,-0.969519674777985,-0.229737743735313,-0.0760473534464836,0.144300401210785,70
738279.50994166918098926544,54.963005065918,-0.778690576553345,6.99249601364136,0.0120410360395908,-0.00352890510112047,42.4786415100098,-71.371696472168,365.287841796875,324.303253173828,-0.986234426498413,-0.838621616363525,114.681007385254,55.411491394043,-0.977189362049103,-0.237674698233604,-0.0634128972887993,0.144380420446396,70
738279.50994390388950705528,54.9240837097168,-0.801035284996033,6.95006227493286,0.0120410360395908,-0.00352890510112047,42.478630065918,-71.3715667724609,365.085784912109,324.126251220703,-1.00308406352997,-0.776013731956482,114.588157653809,55.367862701416,-0.987238347530365,-0.225321128964424,-0.0513417012989521,0.144488155841827,70
738279.50994623755104839802,54.8847618103027,-0.826515018939972,6.90805292129517,0.0120410360395908,-0.00352890510112047,42.4786186218262,-71.3714294433594,364.872528076172,323.936706542969,-1.02376842498779,-0.737641632556915,114.493606567383,55.3239669799805,-1.00023412704468,-0.212973818182945,-0.0389918088912964,0.144634604454041,70
738279.50994868890848010778,54.8436431884766,-0.857578992843628,6.86371183395386,0.0120410360395908,-0.00352890510112047,42.4786071777344,-71.3712921142578,364.636383056641,323.724426269531,-1.04938912391663,-0.731862485408783,114.393180847168,55.2781257629395,-1.01718401908875,-0.193105340003967,-0.0258088428527117,0.144834980368614,70
738279.50995100324507802725,54.8071784973145,-0.889367401599884,6.82213115692139,0.0120410360395908,-0.00352890510112047,42.4785957336426,-71.3711547851562,364.41162109375,323.521667480469,-1.07717347145081,-0.808235287666321,114.302543640137,55.2373008728027,-1.03549015522003,-0.179772734642029,-0.0137649560347199,0.145047798752785,70
738279.50995337637141346931,54.7715110778809,-0.924915790557861,6.77745485305786,0.0120410360395908,-0.00352890510112047,42.4785804748535,-71.3710250854492,364.17431640625,322.951446533203,-1.10379576683044,-0.893716812133789,114.211524963379,55.1969909667969,-1.05702424049377,-0.181807324290276,-0.00157934159506112,0.145303815603256,70
738279.50995581538882106543,54.7361831665039,-0.963664352893829,6.7283878326416,0.0120410360395908,-0.00352890510112047,42.4785690307617,-71.3708801269531,363.919616699219,322.219848632812,-1.12894415855408,-0.983129143714905,114.119178771973,55.1565933227539,-1.08241593837738,-0.190634742379189,0.0108879273757339,0.145606800913811,70
738279.50995819177478551865,54.703067779541,-1.00390374660492,6.67812871932983,0.0120410360395908,-0.00352890510112047,42.4785575866699,-71.3707427978516,363.660369873047,321.490417480469,-1.15732371807098,-1.0205203294754,114.030715942383,55.118335723877,-1.11026656627655,-0.216144099831581,0.0229554437100887,0.145949214696884,70
738279.50996048399247229099,54.6733818054199,-1.04475915431976,6.63164949417114,0.0120410360395908,-0.00352890510112047,42.4785461425781,-71.3706130981445,363.409362792969,320.798797607422,-1.18646287918091,-0.918212711811066,113.950332641602,55.0840187072754,-1.13879120349884,-0.24049299955368,0.0340514220297337,0.146310985088348,70
738279.50996279064565896988,54.643310546875,-1.08835363388062,6.58679246902466,0.0120410360395908,-0.00352890510112047,42.4785346984863,-71.370475769043,363.139312744141,320.069610595703,-1.21855235099792,-0.759543061256409,113.868881225586,55.0496292114258,-1.17108452320099,-0.242016181349754,0.0453754290938377,0.146729648113251,70
738279.50996514491271227598,54.6145858764648,-1.14008367061615,6.55254077911377,0.0120410360395908,-0.00352890510112047,42.4785232543945,-71.3703460693359,362.865539550781,319.346740722656,-1.25376415252686,-0.2704136967659,113.79182434082,55.0180740356445,-1.20516633987427,-0.281259983778,0.0561978742480278,0.147182732820511,70
738279.50996757287066429853,54.5829124450684,-1.19236981868744,6.5335865020752,0.0120410360395908,-0.00352890510112047,42.4785118103027,-71.3702011108398,362.563293457031,318.566955566406,-1.29168367385864,0.45523875951767,113.712661743164,54.9854888916016,-1.24466741085052,-0.218795239925385,0.067400261759758,0.147719457745552,70
738279.50997014844324439764,54.5489501953125,-1.24663686752319,6.53848934173584,0.0120410360395908,-0.00352890510112047,42.4785003662109,-71.3700561523438,362.244812011719,317.763336181641,-1.33136069774628,1.19283652305603,113.635467529297,54.9535636901855,-1.28785669803619,-0.111283019185066,0.0784411728382111,0.14832067489624,70
738279.50997295719571411610,54.5099067687988,-1.30665147304535,6.57063817977905,0.0120410360395908,-0.00352890510112047,42.4784851074219,-71.3699035644531,361.882965087891,316.871124267578,-1.37953615188599,1.8920910358429,113.554626464844,54.920036315918,-1.33822870254517,0.0409425720572472,0.0901195183396339,0.149033933877945,70
738279.50997550808824598789,54.470573425293,-1.36988604068756,6.62735986709595,0.0120410360395908,-0.00352890510112047,42.4784736633301,-71.3697509765625,361.516204833984,315.98828125,-1.43007433414459,2.54841160774231,113.480186462402,54.8893623352051,-1.3897705078125,0.176694363355637,0.101072728633881,0.149758771061897,70
738279.50997784384526312351,54.4340209960938,-1.42935287952423,6.69938135147095,0.0120410360395908,-0.00352890510112047,42.4784622192383,-71.3696136474609,361.172760009766,315.179901123047,-1.47786557674408,3.12599182128906,113.416893005371,54.8633499145508,-1.4383157491684,0.297668755054474,0.110574677586555,0.150417551398277,70
738279.50998020172119140625,54.3958625793457,-1.49146234989166,6.79190635681152,0.0120410360395908,-0.00352890510112047,42.4784469604492,-71.3694763183594,360.810699462891,314.345733642578,-1.52896630764008,3.66740965843201,113.356079101562,54.8385276794434,-1.49001204967499,0.423021644353867,0.119851633906364,0.151090428233147,70
738279.50998256739694625139,54.3598175048828,-1.55271565914154,6.89166927337646,0.0120410360395908,-0.00352890510112047,42.4784355163574,-71.3693466186523,360.458068847656,313.549743652344,-1.58183181285858,3.85367584228516,113.302520751953,54.8169288635254,-1.54055666923523,0.58715158700943,0.128207176923752,0.151705026626587,70
738279.50998489861376583576,54.3232612609863,-1.61501681804657,7.00124835968018,0.0120410360395908,-0.00352890510112047,42.4784240722656,-71.3692092895508,360.076965332031,312.706359863281,-1.64415156841278,3.74318718910217,113.250305175781,54.7963752746582,-1.59556794166565,0.647650361061096,0.136535614728928,0.152317032217979,70
738279.50998719711787998676,54.2901763916016,-1.67549741268158,7.10564565658569,0.0120410360395908,-0.00352890510112047,42.4784126281738,-71.3690719604492,359.696014404297,311.878875732422,-1.7040331363678,3.63589644432068,113.203773498535,54.7788352966309,-1.65043818950653,0.657035112380981,0.144200727343559,0.152861043810844,70
738279.50998945976607501507,54.2603988647461,-1.73457157611847,7.20433330535889,0.0120410360395908,-0.00352890510112047,42.478401184082,-71.3689422607422,359.316558837891,311.068817138672,-1.76233887672424,3.53298354148865,113.162651062012,54.7640571594238,-1.70465958118439,0.64301198720932,0.151234894990921,0.153328955173492,70
738279.50999173510354012251,54.2323875427246,-1.79495716094971,7.30209827423096,0.0120410360395908,-0.00352890510112047,42.478385925293,-71.3688125610352,358.919586181641,310.235321044922,-1.82167279720306,3.42910528182983,113.124687194824,54.7512054443359,-1.76084327697754,0.617019712924957,0.158001944422722,0.153736308217049,70
738279.50999401498120278120,54.2063827514648,-1.85620498657227,7.39818429946899,0.0120410360395908,-0.00352890510112047,42.4783744812012,-71.3686828613281,358.506500244141,309.381713867188,-1.88159322738647,3.32463121414185,113.090316772461,54.7403945922852,-1.81855583190918,0.586190581321716,0.164451107382774,0.154069676995277,70
738279.50999631569720804691,54.1827278137207,-1.91748285293579,7.49135398864746,0.0120410360395908,-0.00352890510112047,42.4783630371094,-71.3685531616211,358.081573486328,308.517272949219,-1.94133341312408,3.22064542770386,113.059967041016,54.7317581176758,-1.87700808048248,0.554746806621552,0.17050176858902,0.154329255223274,70
738279.50999852491077035666,54.1617813110352,-1.97750210762024,7.58002042770386,0.0120410360395908,-0.00352890510112047,42.4783477783203,-71.3684234619141,357.652435302734,307.699462890625,-1.99990153312683,3.11879253387451,113.03401184082,54.7253646850586,-1.93500518798828,0.525483429431915,0.176058858633041,0.154497101902962,70
738279.51000074134208261967,54.1435317993164,-2.0356125831604,7.66402149200439,0.0120410360395908,-0.00352890510112047,42.4783363342285,-71.3683013916016,357.221313476562,306.997009277344,-2.06081914901733,3.01928806304932,113.012283325195,54.7211380004883,-1.9921727180481,0.499163329601288,0.18112601339817,0.154573112726212,70
738279.51000295602716505527,54.1275634765625,-2.09375548362732,7.74520921707153,0.0120410360395908,-0.00352890510112047,42.4783248901367,-71.3681716918945,356.779327392578,306.284240722656,-2.12127232551575,2.91999125480652,112.99422454834,54.7189674377441,-2.04960870742798,0.475016534328461,0.185825437307358,0.15456061065197,70
738279.51000521017704159021,54.1137275695801,-2.15212225914001,7.82434749603271,0.0120410360395908,-0.00352890510112047,42.4783096313477,-71.368049621582,356.322052001953,305.553955078125,-2.18129658699036,2.81986570358276,112.979682922363,54.7188034057617,-2.10778737068176,0.452924013137817,0.190196812152863,0.154454991221428,70
738279.51000744430348277092,54.1021041870117,-2.21022367477417,7.9008207321167,0.0120410360395908,-0.00352890510112047,42.4782981872559,-71.367919921875,355.852600097656,304.811462402344,-2.2405104637146,2.71961903572083,112.968856811523,54.7206115722656,-2.16617155075073,0.432560712099075,0.194202959537506,0.154255867004395,70
738279.51000972313340753317,54.0926399230957,-2.26835322380066,7.97510242462158,0.0120410360395908,-0.00352890510112047,42.4782829284668,-71.367790222168,355.367767333984,304.051483154297,-2.29928135871887,2.61860799789429,112.96166229248,54.7244148254395,-2.22507357597351,0.41345950961113,0.19786562025547,0.153960466384888,70
738279.51001202524639666080,54.0850563049316,-2.32910490036011,8.05039501190186,0.0120410360395908,-0.00352890510112047,42.478271484375,-71.3676605224609,354.843780517578,303.237457275391,-2.36027669906616,2.5120484828949,112.95809173584,54.7304954528809,-2.28723287582397,0.394585788249969,0.201320081949234,0.153550446033478,70
738279.51001445751171559095,54.079948425293,-2.38851380348206,8.12174987792969,0.0120410360395908,-0.00352890510112047,42.4782562255859,-71.3675231933594,354.313171386719,302.420227050781,-2.41957473754883,2.40668702125549,112.95858001709,54.7385482788086,-2.348464012146,0.376650720834732,0.204324007034302,0.153041526675224,70
738279.51001673017162829638,54.0772399902344,-2.44545388221741,8.18936920166016,0.0120410360395908,-0.00352890510112047,42.4782409667969,-71.3673934936523,353.776000976562,301.810852050781,-2.47890567779541,2.30238938331604,112.962944030762,54.7484588623047,-2.40872573852539,0.359913021326065,0.206894561648369,0.152444183826447,70
738279.51001894508954137564,54.0770454406738,-2.49872303009033,8.25114440917969,0.0120410360395908,-0.00352890510112047,42.4782295227051,-71.3672637939453,353.252288818359,301.570190429688,-2.54634785652161,2.20277452468872,112.970687866211,54.7599487304688,-2.46571254730225,0.343447744846344,0.208983853459358,0.151790097355843,70
738279.51002119574695825577,54.0793151855469,-2.55230784416199,8.31117534637451,0.0120410360395908,-0.00352890510112047,42.478214263916,-71.3671340942383,352.709014892578,301.314880371094,-2.61182546615601,2.10145092010498,112.982215881348,54.7737350463867,-2.52309274673462,0.327408462762833,0.210748955607414,0.151037380099297,70
738279.51002340600825846195,54.083812713623,-2.60358357429504,8.36695575714111,0.0120410360395908,-0.00352890510112047,42.478199005127,-71.3670120239258,352.169464111328,301.056091308594,-2.67259502410889,2.00273656845093,112.997039794922,54.7890815734863,-2.57828235626221,0.312366425991058,0.212122976779938,0.150221154093742,70
738279.51002568390686064959,54.0906944274902,-2.6553738117218,8.4216136932373,0.0120410360395908,-0.00352890510112047,42.4781837463379,-71.3668823242188,351.603393554688,300.779327392578,-2.73233699798584,1.90108633041382,113.015991210938,54.8067321777344,-2.63443994522095,0.296862661838531,0.21318693459034,0.14929087460041,70
738279.51002804760355502367,54.1001396179199,-2.70786309242249,8.47524356842041,0.0120410360395908,-0.00352890510112047,42.4781684875488,-71.3667449951172,351.006011962891,300.48193359375,-2.7913932800293,1.79580342769623,113.039566040039,54.8268852233887,-2.69182395935059,0.280883401632309,0.213917553424835,0.148240268230438,70
738279.51003024238161742687,54.1111640930176,-2.75633907318115,8.52312469482422,0.0120410360395908,-0.00352890510112047,42.478157043457,-71.3666229248047,350.431182861328,300.190948486328,-2.84475636482239,1.69629418849945,113.065307617188,54.847599029541,-2.74509716033936,0.265835583209991,0.214265123009682,0.147173538804054,70
738279.51003242132719606161,54.1239280700684,-2.80289340019226,8.56759834289551,0.0120410360395908,-0.00352890510112047,42.478141784668,-71.3664932250977,349.855590820312,299.895233154297,-2.89509558677673,1.59830522537231,113.093910217285,54.8694801330566,-2.79669690132141,0.250925928354263,0.214288234710693,0.146048352122307,70
738279.51003463729284703732,54.1385383605957,-2.84828686714172,8.60946941375732,0.0120410360395908,-0.00352890510112047,42.4781265258789,-71.3663711547852,349.269775390625,299.590087890625,-2.94340801239014,1.50012588500977,113.125686645508,54.8927803039551,-2.84749937057495,0.235956072807312,0.214000269770622,0.14485177397728,70
738279.51003684219904243946,54.1548957824707,-2.89232635498047,8.64858818054199,0.0120410360395908,-0.00352890510112047,42.4781112670898,-71.3662414550781,348.675659179688,299.276611328125,-2.98966431617737,1.40134155750275,113.160415649414,54.9173583984375,-2.8972795009613,0.221006289124489,0.213407292962074,0.143594309687614,70
738279.51003906456753611565,54.1729164123535,-2.93487811088562,8.68488025665283,0.0120410360395908,-0.00352890510112047,42.478099822998,-71.3661193847656,348.074432373047,298.955596923828,-3.03383874893188,1.30276215076447,113.19792175293,54.9431114196777,-2.94590306282043,0.206026181578636,0.212518215179443,0.142278909683228,70
738279.51004131149966269732,54.1932830810547,-2.97739148139954,8.7195520401001,0.0120410360395908,-0.00352890510112047,42.478084564209,-71.3659896850586,347.443542480469,298.614990234375,-3.07751083374023,1.20083701610565,113.239608764648,54.9709663391113,-2.99511456489563,0.190484195947647,0.211293950676918,0.140850409865379,70
738279.51004361279774457216,54.2150764465332,-3.01784467697144,8.75092601776123,0.0120410360395908,-0.00352890510112047,42.4780693054199,-71.3658599853516,346.811370849609,298.270050048828,-3.1186830997467,1.10016524791718,113.283477783203,54.999641418457,-3.04250645637512,0.175050169229507,0.209787026047707,0.139373153448105,70
738279.51004600897431373596,54.2392997741699,-3.05799102783203,8.78034687042236,0.0120410360395908,-0.00352890510112047,42.4780540466309,-71.3657302856445,346.148498535156,297.904815673828,-3.15921211242676,0.996112406253815,113.331581115723,55.0304222106934,-3.09023857116699,0.159116417169571,0.20792680978775,0.13778193295002,70
738279.51004826975986361504,54.2651214599609,-3.09630584716797,8.80662155151367,0.0120410360395908,-0.00352890510112047,42.4780387878418,-71.365592956543,345.477966308594,297.531951904297,-3.19761323928833,0.892256677150726,113.382171630859,55.0622100830078,-3.13644576072693,0.143169090151787,0.205772951245308,0.13613173365593,70
738279.51005058712325990200,54.2922782897949,-3.13249850273132,8.82958126068115,0.0120410360395908,-0.00352890510112047,42.4780235290527,-71.3654632568359,344.804931640625,297.154541015625,-3.23366260528564,0.789348542690277,113.434707641602,55.0946922302246,-3.18074750900269,0.127451166510582,0.203355744481087,0.134442806243896,70
738279.51005288539454340935,54.3210372924805,-3.166996717453,8.84952831268311,0.0120410360395908,-0.00352890510112047,42.4780082702637,-71.3653335571289,344.121154785156,296.768096923828,-3.26783108711243,0.686066925525665,113.489707946777,55.1282081604004,-3.22368407249451,0.111483171582222,0.200657337903976,0.132705360651016,70
738279.51005522254854440689,54.3516464233398,-3.20002150535583,8.86653804779053,0.0120410360395908,-0.00352890510112047,42.4779930114746,-71.3651962280273,343.420318603516,296.369201660156,-3.30040144920349,0.581422984600067,113.547592163086,55.1630058288574,-3.26556015014648,0.0954064950346947,0.197655990719795,0.13089607656002,70
738279.51005763525608927011,54.3840866088867,-3.23143482208252,8.88045215606689,0.0120410360395908,-0.00352890510112047,42.4779739379883,-71.3650588989258,342.702728271484,295.958068847656,-3.33124256134033,0.475447207689285,113.608276367188,55.1990356445312,-3.30622267723083,0.0790784582495689,0.194354370236397,0.129017755389214,70
738279.51006003003567457199,54.4173774719238,-3.26035833358765,8.89085865020752,0.0120410360395908,-0.00352890510112047,42.4779586791992,-71.3649215698242,341.988739013672,295.546508789062,-3.35952425003052,0.371119618415833,113.669830322266,55.2352066040039,-3.34444117546082,0.0630383342504501,0.190857067704201,0.127128839492798,70
738279.51006246590986847878,54.4532737731934,-3.28822350502014,8.89817905426025,0.0120410360395908,-0.00352890510112047,42.4779434204102,-71.3647842407227,341.240509033203,295.112884521484,-3.38667345046997,0.262898087501526,113.73558807373,55.2734031677246,-3.38221287727356,0.0463684760034084,0.186984688043594,0.125117272138596,70
738279.51006487174890935421,54.4894638061523,-3.31321716308594,8.90185642242432,0.0120410360395908,-0.00352890510112047,42.4779281616211,-71.3646469116211,340.505554199219,294.684844970703,-3.41094541549683,0.157610148191452,113.801109313965,55.3111381530762,-3.41698098182678,0.0301375817507505,0.182991221547127,0.1231305077672,70
738279.51006714103277772665,54.525390625,-3.33527112007141,8.90214252471924,0.0120410360395908,-0.00352890510112047,42.477912902832,-71.3645095825195,339.792358398438,294.267700195312,-3.43235373497009,0.0554715394973755,113.865386962891,55.3479042053223,-3.4485445022583,0.0145702147856355,0.178951069712639,0.12119497358799,70
738279.51006938132923096418,54.5614776611328,-3.35517954826355,8.89928340911865,0.0120410360395908,-0.00352890510112047,42.477897644043,-71.3643798828125,339.090026855469,293.819427490234,-3.45067524909973,-0.0450644865632057,113.929328918457,55.3841972351074,-3.47759485244751,-0.000430095446063206,0.174828380346298,0.119274459779263,70
738279.51007169135846197605,54.5987739562988,-3.37352609634399,8.89298915863037,0.0120410360395908,-0.00352890510112047,42.4778823852539,-71.3642501831055,338.377807617188,293.349761962891,-3.46641850471497,-0.164170920848846,113.994781494141,55.4210433959961,-3.50508522987366,-0.0132021298632026,0.170514464378357,0.117314144968987,70
738279.51007386937271803617,54.6359901428223,-3.39092946052551,8.88258361816406,0.0120410360395908,-0.00352890510112047,42.4778671264648,-71.364128112793,337.683288574219,292.890777587891,-3.48041987419128,-0.330139636993408,114.058921813965,55.4570999145508,-3.53000354766846,-0.0150538058951497,0.166189193725586,0.115404441952705,70
738279.51007608952932059765,54.6744613647461,-3.40594863891602,8.86634349822998,0.0120410360395908,-0.00352890510112047,42.4778518676758,-71.3639984130859,336.986846923828,292.429595947266,-3.49402236938477,-0.594469726085663,114.123603820801,55.4933280944824,-3.5533013343811,-0.0342406071722507,0.161742836236954,0.11349143832922,70
738279.51007833390031009912,54.7147827148438,-3.41861629486084,8.84216594696045,0.0120410360395908,-0.00352890510112047,42.4778366088867,-71.3638687133789,336.283264160156,291.962890625,-3.50563716888428,-0.861398875713348,114.189247131348,55.5299758911133,-3.57515168190002,-0.0689406618475914,0.157148703932762,0.111555315554142,70
738279.51008058770094066858,54.7572135925293,-3.42948460578918,8.809401512146,0.0120410360395908,-0.00352890510112047,42.4778213500977,-71.3637390136719,335.568725585938,291.488311767578,-3.5157904624939,-1.13081347942352,114.256141662598,55.567253112793,-3.59554839134216,-0.110736586153507,0.152390822768211,0.109588786959648,70
738279.51008284604176878929,54.8019485473633,-3.4386146068573,8.76744556427002,0.0120410360395908,-0.00352890510112047,42.4778060913086,-71.3636093139648,334.84033203125,291.004058837891,-3.52443528175354,-1.40394592285156,114.324516296387,55.6052665710449,-3.61444020271301,-0.156813263893127,0.147457852959633,0.107596389949322,70
738279.51008508168160915375,54.8477783203125,-3.44582390785217,8.71720504760742,0.0120410360395908,-0.00352890510112047,42.4777908325195,-71.3634796142578,334.117279052734,290.522979736328,-3.53134965896606,-1.67371320724487,114.392372131348,55.6429901123047,-3.63126420974731,-0.203808695077896,0.142490655183792,0.105638191103935,70
738279.51008725806605070829,54.892162322998,-3.45100665092468,8.66205978393555,0.0120410360395908,-0.00352890510112047,42.4777755737305,-71.3633575439453,333.436920166016,290.070037841797,-3.53640055656433,-1.92649590969086,114.456016540527,55.6784515380859,-3.64533066749573,-0.248227313160896,0.137762501835823,0.103819638490677,70
738279.51008949894458055496,54.9403877258301,-3.45486831665039,8.59542274475098,0.0120410360395908,-0.00352890510112047,42.4777641296387,-71.3632278442383,332.717132568359,289.590728759766,-3.54025292396545,-2.19294619560242,114.523338317871,55.7159194946289,-3.65843057632446,-0.294568806886673,0.132713913917542,0.101913817226887,70
738279.51009167812298983335,54.9889335632324,-3.45709586143494,8.5216588973999,0.0120410360395908,-0.00352890510112047,42.4777488708496,-71.3630981445312,332.010650634766,289.120269775391,-3.54259252548218,-2.45358347892761,114.589149475098,55.7526016235352,-3.66950678825378,-0.339322030544281,0.127721235156059,0.100075669586658,70
738279.51009395194705575705,55.0396499633789,-3.4569776058197,8.43834400177002,0.0120410360395908,-0.00352890510112047,42.4777336120605,-71.3629684448242,331.287994384766,288.639099121094,-3.54348254203796,-2.66996073722839,114.656173706055,55.7899551391602,-3.67906045913696,-0.402048379182816,0.122585281729698,0.0982318669557571,70
738279.51009626453742384911,55.0917129516602,-3.45476078987122,8.34749794006348,0.0120410360395908,-0.00352890510112047,42.4777183532715,-71.3628311157227,330.554382324219,288.15087890625,-3.5424644947052,-2.76677298545837,114.723838806152,55.8275299072266,-3.68687057495117,-0.4457628428936,0.117353036999702,0.0964128151535988,70
738279.51009860436897724867,55.1450042724609,-3.45117831230164,8.25066566467285,0.0120410360395908,-0.00352890510112047,42.4777030944824,-71.3627014160156,329.805541992188,287.652893066406,-3.53964996337891,-2.86288022994995,114.792442321777,55.8655128479004,-3.69284868240356,-0.47141045331955,0.112006470561028,0.0946154147386551,70
738279.51010106736794114113,55.200813293457,-3.44832921028137,8.14485549926758,0.0120410360395908,-0.00352890510112047,42.4776878356934,-71.3625564575195,329.018890380859,286.588562011719,-3.52552175521851,-2.96363973617554,114.863914489746,55.904914855957,-3.69704747200012,-0.487019419670105,0.106395892798901,0.0927998647093773,70
738279.51010339462663978338,55.2531776428223,-3.44280815124512,8.04058170318604,0.0120410360395908,-0.00352890510112047,42.4776763916016,-71.362419128418,328.273132324219,285.374267578125,-3.50132417678833,-3.05596351623535,114.93042755127,55.9411964416504,-3.69934630393982,-0.496493846178055,0.101085536181927,0.0911712571978569,70
738279.51010564458556473255,55.3039741516113,-3.43588423728943,7.93468904495239,0.0120410360395908,-0.00352890510112047,42.4776611328125,-71.3622894287109,327.540924072266,284.180114746094,-3.4790952205658,-3.14049601554871,114.994445800781,55.9758338928223,-3.70007348060608,-0.506482720375061,0.0958872437477112,0.089660681784153,70
738279.51010790700092911720,55.3535003662109,-3.4276659488678,7.82690668106079,0.0120410360395908,-0.00352890510112047,42.4776496887207,-71.3621520996094,326.818939208984,283.000823974609,-3.45828819274902,-3.227135181427,115.056182861328,56.0091018676758,-3.69930696487427,-0.515601456165314,0.0907861888408661,0.0882596224546432,70
738279.51011013123206794262,55.4011116027832,-3.41824626922607,7.71894359588623,0.0120410360395908,-0.00352890510112047,42.4776344299316,-71.3620223999023,326.117889404297,281.853668212891,-3.4387526512146,-3.31348299980164,115.114685058594,56.0406074523926,-3.69715642929077,-0.525920987129211,0.0858643874526024,0.0869886502623558,70
738279.51011242717504501343,55.4497566223145,-3.40711426734924,7.6040997505188,0.0120410360395908,-0.00352890510112047,42.4776229858398,-71.3618927001953,325.394836425781,280.668212890625,-3.41894745826721,-3.40269494056702,115.173614501953,56.0723304748535,-3.69347143173218,-0.537586688995361,0.0808293148875237,0.0857696831226349,70
738279.51011467387434095144,55.4968566894531,-3.39477634429932,7.48834419250488,0.0120410360395908,-0.00352890510112047,42.4776077270508,-71.3617630004883,324.687896728516,279.506774902344,-3.3996467590332,-3.48735308647156,115.229690551758,56.1025924682617,-3.68843507766724,-0.550211548805237,0.0759566053748131,0.0846878588199615,70
738279.51011684816330671310,55.5425453186035,-3.3813009262085,7.37166261672974,0.0120410360395908,-0.00352890510112047,42.477596282959,-71.3616333007812,323.995391845703,278.366424560547,-3.38053584098816,-3.56451869010925,115.283172607422,56.1315307617188,-3.6821141242981,-0.563494443893433,0.0712388604879379,0.083735354244709,70
738279.51011920743621885777,55.5901947021484,-3.36533403396606,7.24534130096436,0.0120410360395908,-0.00352890510112047,42.4775848388672,-71.3614959716797,323.264770507812,277.160339355469,-3.35974788665771,-3.62505173683167,115.33814239502,56.1612854003906,-3.67391085624695,-0.580292999744415,0.0663307085633278,0.0828447341918945,70
738279.51012136903591454029,55.6343994140625,-3.35060024261475,7.12502336502075,0.0120410360395908,-0.00352890510112047,42.4775733947754,-71.3613662719727,322.574188232422,276.017486572266,-3.33923745155334,-3.55962753295898,115.388511657715,56.188777923584,-3.66475439071655,-0.61504989862442,0.0617679953575134,0.0821258425712585,70
738279.51012359256856143475,55.6770477294922,-3.33392882347107,7.00724744796753,0.0120410360395908,-0.00352890510112047,42.4775619506836,-71.3612365722656,321.886383056641,274.876251220703,-3.31802749633789,-3.36495351791382,115.437294006348,56.2152137756348,-3.65437531471252,-0.621458530426025,0.0573016107082367,0.0815336331725121,70
738279.51012581330724060535,55.7176399230957,-3.31501650810242,6.89492034912109,0.0120410360395908,-0.00352890510112047,42.4775505065918,-71.3611068725586,321.201995849609,273.737548828125,-3.2954523563385,-3.14371156692505,115.484390258789,56.2404174804688,-3.64277601242065,-0.602870762348175,0.0529422387480736,0.08106879144907,70
738279.51012805046048015356,55.7568626403809,-3.29391813278198,6.78671503067017,0.0120410360395908,-0.00352890510112047,42.4775390625,-71.3609771728516,320.506958007812,272.577545166016,-3.27138042449951,-2.91593265533447,115.530776977539,56.2648811340332,-3.62955737113953,-0.56929087638855,0.048614364117384,0.0807247385382652,70
738279.51013017317745834589,55.7915687561035,-3.27278423309326,6.69148921966553,0.0120410360395908,-0.00352890510112047,42.4775276184082,-71.3608551025391,319.858947753906,271.492706298828,-3.24793195724487,-2.70304846763611,115.57250213623,56.2866477966309,-3.61586117744446,-0.531317234039307,0.0446818843483925,0.0805286914110184,70
738279.51013236446306109428,55.8254051208496,-3.24955153465271,6.59932041168213,0.0120410360395908,-0.00352890510112047,42.4775161743164,-71.360725402832,319.192169189453,270.372833251953,-3.22272348403931,-2.48587918281555,115.614036560059,56.3079605102539,-3.60025310516357,-0.48851603269577,0.0407494828104973,0.0804557427763939,70
738279.51013461407274007797,55.8577270507812,-3.22467565536499,6.51205635070801,0.0120410360395908,-0.00352890510112047,42.4775047302246,-71.3605880737305,318.516510009766,269.234100341797,-3.19605755805969,-2.26801896095276,115.654632568359,56.3284225463867,-3.58283352851868,-0.445231974124908,0.0368946306407452,0.0805148780345917,70
738279.51013682445045560598,55.8871116638184,-3.19932675361633,6.43358373641968,0.0120410360395908,-0.00352890510112047,42.4774932861328,-71.360466003418,317.862609863281,268.128234863281,-3.16918778419495,-2.0563588142395,115.692420959473,56.3471031188965,-3.56446003913879,-0.403772413730621,0.0333015844225883,0.0806971713900566,70
738279.51013901829719543457,55.9149894714355,-3.17164254188538,6.35974454879761,0.0120410360395908,-0.00352890510112047,42.4774856567383,-71.3603286743164,317.199890136719,267.003112792969,-3.14114260673523,-1.86797034740448,115.729156494141,56.3648109436035,-3.54426002502441,-0.357617050409317,0.0298080444335938,0.081014521420002,70
738279.51014126336667686701,55.9406700134277,-3.14322400093079,6.29198312759399,0.0120410360395908,-0.00352890510112047,42.4774742126465,-71.3601989746094,316.547912597656,265.891998291016,-3.11339282989502,-1.72263526916504,115.763679504395,56.3810920715332,-3.52281451225281,-0.312451809644699,0.0265300441533327,0.0814530700445175,70
738279.51014345348812639713,55.9651985168457,-3.11645102500916,6.22591590881348,0.0120410360395908,-0.00352890510112047,42.4774627685547,-71.3600692749023,315.893920898438,264.773101806641,-3.08744692802429,-1.76365411281586,115.796684265137,56.3966102600098,-3.49980592727661,-0.256421566009521,0.0234116017818451,0.0820200741291046,70
738279.51014550239779055119,55.9868545532227,-3.0896327495575,6.16472959518433,0.0120410360395908,-0.00352890510112047,42.4774551391602,-71.3599472045898,315.298034667969,263.749847412109,-3.06233954429626,-1.83003723621368,115.825210571289,56.4099082946777,-3.47778248786926,-0.253831475973129,0.0207229163497686,0.0826363787055016,70
738279.51014772639609873295,56.0088272094727,-3.06234073638916,6.0999641418457,0.0120410360395908,-0.00352890510112047,42.4774436950684,-71.3598175048828,314.672912597656,262.723846435547,-3.03351807594299,-1.7707097530365,115.853729248047,56.4231872558594,-3.45351791381836,-0.281001806259155,0.0180663280189037,0.0833939909934998,70
738279.51014996506273746490,56.0307998657227,-3.0243980884552,6.03520441055298,0.0120410360395908,-0.00352890510112047,42.4774322509766,-71.3596878051758,314.03173828125,262.664093017578,-3.035964012146,-1.62545943260193,115.88151550293,56.4359893798828,-3.42733025550842,-0.290267646312714,0.0155279766768217,0.0842864438891411,70
738279.51015223050490021706,56.0522766113281,-2.98883557319641,5.97472190856934,0.0120410360395908,-0.00352890510112047,42.477424621582,-71.3595581054688,313.394805908203,262.610717773438,-3.04519557952881,-1.47890877723694,115.90811920166,56.4489860534668,-3.39948153495789,-0.286309361457825,0.013227385468781,0.085289366543293,70
738279.51015451725106686354,56.0732269287109,-2.95191144943237,5.91837978363037,0.0120410360395908,-0.00352890510112047,42.4774131774902,-71.3594207763672,312.761383056641,262.563629150391,-3.04647135734558,-1.33689749240875,115.93391418457,56.4619140625,-3.36990141868591,-0.268040537834167,0.0111763766035438,0.0864048898220062,70
738279.51015675405506044626,56.0929794311523,-2.91516709327698,5.86690711975098,0.0120410360395908,-0.00352890510112047,42.4774017333984,-71.3592910766602,312.147369384766,262.524230957031,-3.04241752624512,-1.24371087551117,115.958427429199,56.4742546081543,-3.33945536613464,-0.237159416079521,0.00943160057067871,0.0875915810465813,70
738279.51015903090592473745,56.1127700805664,-2.87983655929565,5.81508255004883,0.0120410360395908,-0.00352890510112047,42.4773941040039,-71.3591537475586,311.525787353516,262.490509033203,-3.03614473342896,-1.32334756851196,115.982810974121,56.4867401123047,-3.30697250366211,-0.199503645300865,0.00792187452316284,0.0889055952429771,70
738279.51016125362366437912,56.1324234008789,-2.84285879135132,5.76112937927246,0.0120410360395908,-0.00352890510112047,42.4773826599121,-71.359016418457,310.909057617188,262.463623046875,-3.02413535118103,-1.41919410228729,116.006591796875,56.4988632202148,-3.27338290214539,-0.196810975670815,0.00668810214847326,0.0903144180774689,70
738279.51016347063705325127,56.150951385498,-2.80759835243225,5.70691871643066,0.0120410360395908,-0.00352890510112047,42.4773750305176,-71.35888671875,310.326690673828,262.444305419922,-3.0088062286377,-1.5104775428772,116.02857208252,56.5100059509277,-3.24058246612549,-0.205109268426895,0.0057762092910707,0.091743603348732,70
738279.51016561780124902725,56.1689682006836,-2.77271056175232,5.65057897567749,0.0120410360395908,-0.00352890510112047,42.4773635864258,-71.3587646484375,309.756774902344,262.431335449219,-2.9905993938446,-1.60052299499512,116.049522399902,56.5205268859863,-3.20754337310791,-0.219426840543747,0.00513274362310767,0.0932347998023033,70
738279.51016782922670245171,56.1867179870605,-2.73750567436218,5.59102582931519,0.0120410360395908,-0.00352890510112047,42.4773559570312,-71.3586349487305,309.189025878906,262.424407958984,-2.96973037719727,-1.69073736667633,116.069709777832,56.5305290222168,-3.17377161979675,-0.237390071153641,0.0047463639639318,0.0948187932372093,70
738279.51016996335238218307,56.2036209106445,-2.70315837860107,5.52998208999634,0.0120410360395908,-0.00352890510112047,42.4773483276367,-71.3585052490234,308.639526367188,262.389465332031,-2.94694709777832,-1.77591359615326,116.08846282959,56.5396766662598,-3.14037418365479,-0.256559580564499,0.00462508806958795,0.0964440181851387,70
738279.51017213065642863512,56.220142364502,-2.66851902008057,5.4653697013855,0.0120410360395908,-0.00352890510112047,42.4773368835449,-71.3583755493164,308.089080810547,262.289672851562,-2.91858434677124,-1.85903263092041,116.106369018555,56.5481719970703,-3.10625696182251,-0.27490171790123,0.0047620702534914,0.0981739982962608,70
738279.51017436967231333256,56.2365303039551,-2.63227987289429,5.39555501937866,0.0120410360395908,-0.00352890510112047,42.4773292541504,-71.3582458496094,307.5263671875,262.192657470703,-2.888503074646,-1.9505181312561,116.123489379883,56.5560646057129,-3.07072305679321,-0.293037831783295,0.0051800818182528,0.100051388144493,70
738279.51017662533558905125,56.2521705627441,-2.59590649604797,5.32268285751343,0.0120410360395908,-0.00352890510112047,42.4773216247559,-71.3581161499023,306.970550537109,262.101989746094,-2.85811495780945,-2.0391845703125,116.139045715332,56.5630302429199,-3.03503251075745,-0.313224673271179,0.00588232045993209,0.102005168795586,70
738279.51017890835646539927,56.2673950195312,-2.55812907218933,5.24482107162476,0.0120410360395908,-0.00352890510112047,42.4773101806641,-71.3579788208008,306.405639648438,262.015258789062,-2.82490301132202,-2.10075974464417,116.1533203125,56.5691757202148,-2.99809145927429,-0.335147261619568,0.00690504908561707,0.104111850261688,70
738279.51018115901388227940,56.2809524536133,-2.52148222923279,5.16867446899414,0.0120410360395908,-0.00352890510112047,42.4773025512695,-71.3578414916992,305.872131347656,261.938690185547,-2.79176092147827,-2.1163022518158,116.165145874023,56.5740089416504,-2.96263813972473,-0.358338475227356,0.00817289855331182,0.106210678815842,70
738279.51018341805320233107,56.2934951782227,-2.49294424057007,5.09502553939819,0.0120410360395908,0.0095780286937952,42.477294921875,-71.3577117919922,305.328216552734,261.865356445312,-2.75851082801819,-1.75468862056732,116.175422668457,56.5785446166992,-2.92598080635071,-0.453570693731308,0.00977291166782379,0.108476638793945,70
738279.51018556929193437099,56.3026275634766,-2.45982098579407,5.03708791732788,0.0120410360395908,0.0095780286937952,42.4772872924805,-71.3575820922852,304.810424804688,261.799835205078,-2.72674584388733,-1.04326248168945,116.183494567871,56.5809936523438,-2.8914098739624,-0.422562956809998,0.011567828245461,0.110739499330521,70
738279.51018773741088807583,56.3078689575195,-2.42407989501953,4.99875450134277,0.0120410360395908,0.0095780286937952,42.4772796630859,-71.3574523925781,304.309173583984,261.74169921875,-2.69166302680969,-0.475849270820618,116.189758300781,56.5812683105469,-2.85763549804688,-0.33661213517189,0.0135761154815555,0.113084837794304,70
738279.51018990122247487307,56.3099822998047,-2.38584613800049,4.97494649887085,0.0120410360395908,0.0095780286937952,42.4772682189941,-71.3573150634766,303.784973144531,261.68701171875,-2.65565490722656,-0.0326698385179043,116.194694519043,56.579647064209,-2.82214498519897,-0.205958351492882,0.0159978736191988,0.115612007677555,70
738279.51019216410350054502,56.3091926574707,-2.34861588478088,4.96442270278931,0.0120410360395908,0.0095780286937952,42.4772605895996,-71.3571853637695,303.272521972656,261.639984130859,-2.62161493301392,0.260318517684937,116.198013305664,56.5763778686523,-2.78666734695435,-0.115241385996342,0.0187007561326027,0.118214495480061,70
738279.51019443874247372150,56.3056793212891,-2.32047200202942,4.96362924575806,0.0120410360395908,0.0095780286937952,42.4772529602051,-71.357048034668,302.772094726562,260.9619140625,-2.5671820640564,0.549901008605957,116.199714660645,56.5716514587402,-2.7512788772583,-0.0395845510065556,0.0216735638678074,0.120872564613819,70
738279.51019661838654428720,56.2982025146484,-2.29065227508545,4.97232627868652,0.0120410360395908,0.0095780286937952,42.4772453308105,-71.3569183349609,302.279052734375,259.937042236328,-2.4668447971344,0.837557315826416,116.199363708496,56.5637588500977,-2.71656560897827,0.0289414972066879,0.0248979441821575,0.123587340116501,70
738279.51019888499286025763,56.2864875793457,-2.26165819168091,4.99044370651245,0.0120410360395908,0.0095780286937952,42.477237701416,-71.3567886352539,301.790771484375,258.915832519531,-2.3787829875946,1.12535655498505,116.196273803711,56.5525245666504,-2.68262386322021,0.084446869790554,0.0283791739493608,0.12636923789978,70
738279.51020120864268392324,56.2702827453613,-2.23229002952576,5.01913976669312,0.0120410360395908,0.0095780286937952,42.4772262573242,-71.3566513061523,301.289245605469,257.871032714844,-2.29738187789917,1.42420709133148,116.189636230469,56.537769317627,-2.64825940132141,0.133943021297455,0.032256692647934,0.129313945770264,70
738279.51020346372388303280,56.2510833740234,-2.20238208770752,5.05671310424805,0.0120410360395908,0.0095780286937952,42.4772186279297,-71.3565139770508,300.807098388672,257.167724609375,-2.23580169677734,1.7140337228775,116.179542541504,56.5208396911621,-2.61574602127075,0.178344294428825,0.0362813174724579,0.132211789488792,70
738279.51020594162400811911,56.2273254394531,-2.17225885391235,5.10727405548096,0.0120410360395908,0.0095780286937952,42.4772109985352,-71.3563690185547,300.297424316406,256.420867919922,-2.18014574050903,2.02247714996338,116.164710998535,56.5005760192871,-2.5816445350647,0.223576247692108,0.0408622287213802,0.135358452796936,70
738279.51020826888270676136,56.200870513916,-2.14347624778748,5.16758966445923,0.0120410360395908,0.0095780286937952,42.4772033691406,-71.3562316894531,299.800994873047,255.689880371094,-2.13061022758484,2.32588458061218,116.14623260498,56.4786376953125,-2.54884243011475,0.268439054489136,0.045652948319912,0.138463377952576,70
738279.51021079439669847488,56.1701202392578,-2.11461639404297,5.2417573928833,0.0120410360395908,0.0095780286937952,42.4771919250488,-71.356086730957,299.287506103516,254.929946899414,-2.08381152153015,2.64097309112549,116.122970581055,56.4537887573242,-2.51529240608215,0.317006498575211,0.0509510934352875,0.141724944114685,70
738279.51021325436886399984,56.1363372802734,-2.08671355247498,5.3269624710083,0.0120410360395908,0.0095780286937952,42.477180480957,-71.3559341430664,298.778778076172,253.942260742188,-2.04168462753296,2.92635631561279,116.095993041992,56.427116394043,-2.48258543014526,0.368297576904297,0.0565477721393108,0.144967421889305,70
738279.51021560153458267450,56.1025466918945,-2.06225371360779,5.41518640518188,0.0120410360395908,0.0095780286937952,42.4771728515625,-71.3557968139648,298.311462402344,252.911651611328,-2.00698852539062,3.17844343185425,116.06795501709,56.4010009765625,-2.45316505432129,0.415726333856583,0.061992172151804,0.147939756512642,70
738279.51021790783852338791,56.0665817260742,-2.03923940658569,5.51091194152832,0.0120410360395908,0.0095780286937952,42.477165222168,-71.3556594848633,297.847106933594,251.881759643555,-1.976597905159,3.33699154853821,116.037101745605,56.373664855957,-2.42453503608704,0.469072192907333,0.0676855444908142,0.15089313685894,70
738279.51022029283922165632,56.0281600952148,-2.01839828491211,5.61374616622925,0.0120410360395908,0.0095780286937952,42.4771537780762,-71.3555221557617,297.375396728516,250.830017089844,-1.94888401031494,3.41231203079224,116.002853393555,56.344856262207,-2.39619708061218,0.517113089561462,0.0737517327070236,0.153879553079605,70
738279.51022266130894422531,55.9903221130371,-2.00171256065369,5.713463306427,0.0120410360395908,0.0095780286937952,42.4771423339844,-71.3553848266602,296.922210693359,249.815155029297,-1.92776870727539,3.28389811515808,115.967643737793,56.3166656494141,-2.37011218070984,0.553989410400391,0.0798262804746628,0.156693249940872,70
738279.51022517192177474499,55.9489364624023,-1.98275351524353,5.81804180145264,0.0120410360395908,0.0095780286937952,42.4771347045898,-71.3552322387695,296.431915283203,248.712249755859,-1.90661811828613,3.10018301010132,115.92707824707,56.2855606079102,-2.34332871437073,0.543510556221008,0.0866535156965256,0.159693345427513,70
738279.51022761850617825985,55.9094543457031,-1.96584260463715,5.91245698928833,0.0120410360395908,0.0095780286937952,42.477123260498,-71.355094909668,295.965087890625,247.657302856445,-1.88801229000092,2.91448473930359,115.886474609375,56.2555656433105,-2.31930303573608,0.518165230751038,0.093397855758667,0.162463501095772,70
738279.51023032225202769041,55.8705825805664,-1.95691752433777,5.99698734283447,0.0120410360395908,0.0095780286937952,42.4771118164062,-71.3549423217773,295.487243652344,246.980926513672,-1.88082611560822,2.3386561870575,115.843200683594,56.2255744934082,-2.29629468917847,0.576654613018036,0.100518085062504,0.165215224027634,70
738279.51023292250465601683,55.8331298828125,-1.93659377098083,6.06317567825317,0.0120410360395908,0.0095780286937952,42.4771003723145,-71.3547821044922,294.955413818359,247.350463867188,-1.94163489341736,1.21079659461975,115.793579101562,56.1947593688965,-2.27289843559265,0.452477067708969,0.108681447803974,0.168183520436287,70
738279.51023553276900202036,55.8051261901855,-1.92193233966827,6.09699201583862,0.0120410360395908,0.0095780286937952,42.4770851135254,-71.3546295166016,294.474304199219,247.690277099609,-1.97888517379761,0.988529622554779,115.74878692627,56.170093536377,-2.25317358970642,0.154538348317146,0.116304442286491,0.17073817551136,70
738279.51023804699070751667,55.7773056030273,-1.89891076087952,6.12854099273682,0.0120410360395908,0.0095780286937952,42.4770736694336,-71.3544769287109,293.990356445312,248.039123535156,-1.99627232551575,1.3262460231781,115.704261779785,56.1451072692871,-2.23418951034546,0.0709298476576805,0.124223649501801,0.173225089907646,70
738279.51024049415718764067,55.7504997253418,-1.87912285327911,6.16746091842651,0.0120410360395908,0.0095780286937952,42.4770622253418,-71.3543395996094,293.542449951172,248.369323730469,-2.00628685951233,1.64051449298859,115.663749694824,56.1220703125,-2.21644401550293,0.0649190470576286,0.131825789809227,0.175446778535843,70
738279.51024302106816321611,55.7218246459961,-1.86081433296204,6.21756744384766,0.0120410360395908,0.0095780286937952,42.47705078125,-71.3541870117188,293.084594726562,248.713470458984,-2.01207399368286,1.96325135231018,115.62281036377,56.0985069274902,-2.19780588150024,0.101417057216167,0.139875933527946,0.177659913897514,70
738279.51024558942299336195,55.6909294128418,-1.84403920173645,6.28030633926392,0.0120410360395908,0.0095780286937952,42.4770393371582,-71.3540344238281,292.616058349609,249.071990966797,-2.01477241516113,2.29255175590515,115.581489562988,56.0742568969727,-2.17845392227173,0.163532942533493,0.148396208882332,0.17985962331295,70
738279.51024805579800158739,55.6597900390625,-1.82976198196411,6.35031032562256,0.0120410360395908,0.0095780286937952,42.4770278930664,-71.353889465332,292.165466308594,249.269073486328,-2.01595234870911,2.49092793464661,115.542343139648,56.0507507324219,-2.16001462936401,0.245631843805313,0.156845420598984,0.181898444890976,70
738279.51025055535137653351,55.6277656555176,-1.82304382324219,6.42701101303101,0.0120410360395908,0.0095780286937952,42.4770164489746,-71.3537445068359,291.723693847656,248.814041137695,-1.99407935142517,2.7277557849884,115.50447845459,56.0274772644043,-2.14262127876282,0.284675866365433,0.165333837270737,0.183827489614487,70
738279.51025296247098594904,55.5934181213379,-1.81556463241577,6.51326751708984,0.0120410360395908,0.0095780286937952,42.4770050048828,-71.3535995483398,291.28125,248.358459472656,-1.97096693515778,3.04361248016357,115.466827392578,56.003101348877,-2.12660670280457,0.33812215924263,0.173997297883034,0.18568529188633,70
738279.51025541499257087708,55.5574111938477,-1.80953669548035,6.60814380645752,0.0120410360395908,0.0095780286937952,42.476993560791,-71.3534622192383,290.848022460938,247.912551879883,-1.95166432857513,3.32216215133667,115.429962158203,55.9782791137695,-2.11251759529114,0.403899669647217,0.1826181858778,0.187426462769508,70
738279.51025793631561100483,55.5186080932617,-1.80611491203308,6.71472024917603,0.0120410360395908,0.0095780286937952,42.4769821166992,-71.3533172607422,290.406219482422,247.458023071289,-1.93587267398834,3.5686628818512,115.392097473145,55.9523468017578,-2.09980988502502,0.446875840425491,0.191531717777252,0.189111471176147,70
738279.51026040222495794296,55.4777145385742,-1.80443835258484,6.83127403259277,0.0120410360395908,0.0095780286937952,42.4769668579102,-71.3531723022461,289.963104248047,247.002395629883,-1.9234744310379,3.88680648803711,115.353897094727,55.925838470459,-2.08891534805298,0.494836986064911,0.200562164187431,0.190690621733665,70
738279.51026283518876880407,55.4358825683594,-1.8045848608017,6.95525693893433,0.0120410360395908,0.0095780286937952,42.4769554138184,-71.35302734375,289.532409667969,246.559875488281,-1.91378450393677,4.19653272628784,115.31657409668,55.8996353149414,-2.08018636703491,0.544743299484253,0.209402039647102,0.192113071680069,70
738279.51026524603366851807,55.392765045166,-1.8095885515213,7.08847761154175,0.0120410360395908,0.0095780286937952,42.4769439697266,-71.3528900146484,289.1083984375,246.12451171875,-1.90517020225525,4.57471227645874,115.279716491699,55.8737831115723,-2.07342267036438,0.571483314037323,0.218135997653008,0.193398460745811,70
738279.51026772963814437389,55.3446235656738,-1.82382774353027,7.24727630615234,0.0120410360395908,0.0095780286937952,42.4769287109375,-71.3527450561523,288.662841796875,245.667449951172,-1.89913356304169,5.45873403549194,115.241050720215,55.8469047546387,-2.06885743141174,0.586333274841309,0.227262437343597,0.194608077406883,70
738279.51027020439505577087,55.2908668518066,-1.83614945411682,7.43614959716797,0.0120410360395908,0.0095780286937952,42.4769134521484,-71.3526000976562,288.214599609375,245.208160400391,-1.89271187782288,6.42241525650024,115.202545166016,55.8188858032227,-2.06749582290649,0.708232641220093,0.2363391071558,0.195660203695297,70
738279.51027268136385828257,55.2323036193848,-1.85238087177277,7.65264081954956,0.0120410360395908,0.0095780286937952,42.4769020080566,-71.3524551391602,287.771209716797,244.754409790039,-1.89157366752625,7.28732824325562,115.164909362793,55.7906951904297,-2.06915640830994,0.860360443592072,0.245187565684319,0.196522250771523,70
738279.51027513155713677406,55.1679306030273,-1.87108147144318,7.89730072021484,0.0120410360395908,0.0095780286937952,42.4768867492676,-71.3523101806641,287.318023681641,244.291320800781,-1.8998247385025,7.82021617889404,115.127105712891,55.7617149353027,-2.07388114929199,1.08156275749207,0.25405478477478,0.197204142808914,70
738279.51027769176289439201,55.100212097168,-1.89738035202026,8.15785980224609,0.0120410360395908,0.0095780286937952,42.4768714904785,-71.352165222168,286.862426757812,243.447235107422,-1.90101718902588,8.15501308441162,115.090049743652,55.733154296875,-2.08165907859802,1.19265854358673,0.262744188308716,0.197665065526962,70
738279.51028021331876516342,55.0257263183594,-1.92657232284546,8.44333362579346,0.0120410360395908,0.0095780286937952,42.4768562316895,-71.3520202636719,286.381439208984,242.407943725586,-1.89038383960724,8.54291725158691,115.052017211914,55.7030715942383,-2.09349012374878,1.27237248420715,0.271604210138321,0.19788858294487,70
738279.51028268469963222742,54.9503288269043,-1.95704770088196,8.73044109344482,0.0120410360395908,0.0095780286937952,42.4768409729004,-71.3518753051758,285.913726806641,241.404220581055,-1.88905453681946,8.89833164215088,115.016189575195,55.6739540100098,-2.10842251777649,1.33805429935455,0.279877662658691,0.197824820876122,70
738279.51028516096994280815,54.8710289001465,-1.99077773094177,9.03085041046143,0.0120410360395908,0.0095780286937952,42.4768218994141,-71.3517303466797,285.436828613281,240.387924194336,-1.89558017253876,9.2108850479126,114.980751037598,55.644847869873,-2.12685465812683,1.39234447479248,0.287944227457047,0.197454407811165,70
738279.51028762722853571177,54.7898330688477,-2.02678346633911,9.33697700500488,0.0120410360395908,0.0095780286937952,42.476806640625,-71.3515930175781,284.960144042969,239.379989624023,-1.90847790241241,9.51240539550781,114.946601867676,55.6166610717773,-2.14820265769958,1.43959510326385,0.295606911182404,0.196769461035728,70
738279.51029004121664911509,54.708911895752,-2.07746767997742,9.63994979858398,0.0120410360395908,0.0095780286937952,42.4767875671387,-71.351448059082,284.477355957031,238.36865234375,-1.93449854850769,9.19354248046875,114.913497924805,55.5905532836914,-2.17270445823669,1.63204669952393,0.302913695573807,0.195742025971413,70
738279.51029258174821734428,54.6297569274902,-2.1256206035614,9.93357849121094,0.0120410360395908,0.0095780286937952,42.4767684936523,-71.3513031005859,283.963165283203,237.303344726562,-1.98998785018921,7.75309991836548,114.880340576172,55.566219329834,-2.20289921760559,1.64844501018524,0.310109823942184,0.194278672337532,70
738279.51029517722781747580,54.5598182678223,-2.16344094276428,10.1862363815308,0.0120410360395908,0.0095780286937952,42.476749420166,-71.3511581420898,283.428924560547,236.205902099609,-2.03998899459839,6.19749402999878,114.848594665527,55.5447006225586,-2.23788452148438,1.47546124458313,0.317006945610046,0.192358359694481,70
738279.51029773161280900240,54.5034790039062,-2.19385385513306,10.3813743591309,0.0120410360395908,0.0095780286937952,42.4767303466797,-71.3510131835938,282.901397705078,235.129470825195,-2.07983899116516,4.68617010116577,114.820205688477,55.5267066955566,-2.27380561828613,1.23038995265961,0.323339462280273,0.19007134437561,70
738279.51030032988637685776,54.4575042724609,-2.21692061424255,10.5310134887695,0.0120410360395908,0.0095780286937952,42.4767074584961,-71.3508605957031,282.349151611328,234.008682250977,-2.11129760742188,3.20919179916382,114.793426513672,55.5106925964355,-2.31095457077026,0.908267855644226,0.329562097787857,0.187261611223221,70
738279.51030296052340418100,54.4205741882324,-2.23413491249084,10.6420135498047,0.0120410360395908,0.0095780286937952,42.4766883850098,-71.3507080078125,281.790069580078,232.8779296875,-2.12733817100525,2.69439649581909,114.769012451172,55.4963302612305,-2.34613275527954,0.474040597677231,0.335556119680405,0.184015765786171,70
738279.51030547241680324078,54.3867568969727,-2.24568605422974,10.7387266159058,0.0120410360395908,0.0095780286937952,42.4766654968262,-71.3505630493164,281.243011474609,231.774871826172,-2.13675975799561,3.02741765975952,114.747268676758,55.4822769165039,-2.37704205513,0.288843780755997,0.341196030378342,0.180492833256721,70
738279.51030795183032751083,54.3521003723145,-2.25670099258423,10.8394861221313,0.0120410360395908,0.0095780286937952,42.4766464233398,-71.3504257202148,280.709899902344,230.70198059082,-2.14088797569275,3.34986758232117,114.727493286133,55.4683532714844,-2.4033796787262,0.253624111413956,0.346539169549942,0.176756396889687,70
738279.51031044113915413618,54.3150253295898,-2.26994037628174,10.9500970840454,0.0120410360395908,0.0095780286937952,42.4766273498535,-71.3502807617188,280.164215087891,229.606369018555,-2.14568328857422,3.6264226436615,114.708152770996,55.4542999267578,-2.42669939994812,0.306709587574005,0.351871132850647,0.172634050250053,70
738279.51031294418498873711,54.2779273986816,-2.28278207778931,11.0627489089966,0.0120410360395908,0.0095780286937952,42.4766044616699,-71.3501358032227,279.635772705078,228.547988891602,-2.15291333198547,3.75007939338684,114.690139770508,55.440860748291,-2.44647526741028,0.371148437261581,0.35690051317215,0.168408945202827,70
738279.51031569868791848421,54.2355270385742,-2.29802131652832,11.1934537887573,0.0120410360395908,0.0095780286937952,42.4765815734863,-71.349983215332,279.03955078125,227.356857299805,-2.16199612617493,3.87431573867798,114.670463562012,55.4262275695801,-2.46642351150513,0.437422454357147,0.362414598464966,0.16333544254303,70
738279.51031837624032050371,54.193042755127,-2.31410431861877,11.3263072967529,0.0120410360395908,0.0095780286937952,42.4765586853027,-71.3498306274414,278.449523925781,226.181579589844,-2.17250418663025,3.99173402786255,114.651840209961,55.4123268127441,-2.4843738079071,0.49282693862915,0.367696583271027,0.158081486821175,70
738279.51032095821574330330,54.1518440246582,-2.33136200904846,11.4575262069702,0.0120410360395908,0.0095780286937952,42.4765357971191,-71.3496780395508,277.873199462891,225.245208740234,-2.19230484962463,4.00588274002075,114.634567260742,55.3997497558594,-2.50089287757874,0.582928895950317,0.372676521539688,0.152726471424103,70
738279.51032347721047699451,54.1162757873535,-2.35446119308472,11.5757741928101,0.0120410360395908,0.0095780286937952,42.4765167236328,-71.3495407104492,277.305999755859,224.574981689453,-2.26629018783569,3.25128650665283,114.618988037109,55.390552520752,-2.51698756217957,0.656142592430115,0.377373158931732,0.147257328033447,70
738279.51032618805766105652,54.0879135131836,-2.37228155136108,11.6745176315308,0.0120410360395908,0.0095780286937952,42.476490020752,-71.3493881225586,276.712738037109,223.876419067383,-2.33122611045837,2.41796183586121,114.605140686035,55.384334564209,-2.53432083129883,0.587047338485718,0.38205674290657,0.141301065683365,70
738279.51032886363100260496,54.0655174255371,-2.3917498588562,11.758373260498,0.0120410360395908,0.0095780286937952,42.4764671325684,-71.349235534668,276.103576660156,223.16130065918,-2.38461947441101,2.43643140792847,114.594253540039,55.3810424804688,-2.55245757102966,0.345078468322754,0.386631667613983,0.134987935423851,70
738279.51033144479151815176,54.0441207885742,-2.40422630310059,11.84108543396,0.0120410360395908,0.0095780286937952,42.4764442443848,-71.3490829467773,275.508697509766,222.475601196289,-2.418860912323,2.6811957359314,114.586990356445,55.3783226013184,-2.57011914253235,0.339422553777695,0.390902429819107,0.128627121448517,70
738279.51033403479959815741,54.0239524841309,-2.42037129402161,11.9244146347046,0.0120410360395908,0.0095780286937952,42.4764213562012,-71.3489379882812,274.906890869141,221.795669555664,-2.45829439163208,2.3785412311554,114.582809448242,55.3772277832031,-2.58736634254456,0.371011227369308,0.395048260688782,0.122001633048058,70
738279.51033669547177851200,54.007698059082,-2.43270778656006,11.9973096847534,0.0120410360395908,0.0095780286937952,42.4763946533203,-71.3487854003906,274.307434082031,221.119888305664,-2.49095702171326,2.03717350959778,114.581611633301,55.3776588439941,-2.60391020774841,0.34494885802269,0.399015128612518,0.1152233928442,70
738279.51033933321014046669,53.9952545166016,-2.44487357139587,12.0594425201416,0.0120410360395908,0.0095780286937952,42.4763717651367,-71.3486404418945,273.694213867188,220.429962158203,-2.52003169059753,1.68669319152832,114.583213806152,55.3795547485352,-2.61993861198425,0.301617503166199,0.402925848960876,0.108116716146469,70
738279.51034191111102700233,53.9875373840332,-2.46058893203735,12.1065502166748,0.0120410360395908,0.0095780286937952,42.4763488769531,-71.3484878540039,273.089996337891,219.886611938477,-2.54546236991882,1.25214743614197,114.587333679199,55.3830070495605,-2.63479566574097,0.287418752908707,0.406643331050873,0.100962154567242,70
738279.51034443441312760115,53.9896011352539,-2.49514293670654,12.1191940307617,0.0120410360395908,0.0095780286937952,42.4763259887695,-71.3483505249023,272.504943847656,219.635314941406,-2.58688759803772,-0.495884299278259,114.59349822998,55.3893280029297,-2.64937949180603,0.369776338338852,0.410047560930252,0.0939614474773407,70
738279.51034695189446210861,54.0100860595703,-2.51935076713562,12.0708522796631,0.0120410360395908,0.0095780286937952,42.4763031005859,-71.3481979370117,271.895324707031,219.370162963867,-2.624263048172,-2.72437739372253,114.602363586426,55.3998374938965,-2.66666984558105,0.145393207669258,0.413314938545227,0.0865617841482162,70
738279.51034946390427649021,54.0490074157715,-2.54134392738342,11.9535207748413,0.0120410360395908,0.0095780286937952,42.4762802124023,-71.3480606079102,271.302764892578,219.110107421875,-2.65263485908508,-4.79525756835938,114.613433837891,55.4133605957031,-2.68511033058167,-0.198675021529198,0.416234999895096,0.0793237090110779,70
738279.51035195449367165565,54.1054191589355,-2.56310033798218,11.7694473266602,0.0120410360395908,0.0095780286937952,42.4762573242188,-71.3479156494141,270.694610595703,218.841384887695,-2.6731219291687,-6.448401927948,114.62727355957,55.4300079345703,-2.70513010025024,-0.659173548221588,0.418994635343552,0.0718560740351677,70
738279.51035452832002192736,54.1705513000488,-2.58593201637268,11.5494709014893,0.0120410360395908,0.0095780286937952,42.4762344360352,-71.347770690918,270.076049804688,218.56591796875,-2.70172095298767,-6.24992179870605,114.643585205078,55.4484100341797,-2.72635269165039,-1.11513411998749,0.421556502580643,0.0642790123820305,70
738279.51035717409104108810,54.2355537414551,-2.59863448143005,11.324686050415,0.0120410360395908,0.0095780286937952,42.4762115478516,-71.3476257324219,269.443542480469,218.283706665039,-2.72525095939636,-5.8956356048584,114.66202545166,55.466178894043,-2.7482123374939,-1.23701608181,0.423964560031891,0.056589137762785,70
738279.51035972591489553452,54.2985458374023,-2.61129283905029,11.1063241958618,0.0120410360395908,0.0095780286937952,42.476188659668,-71.3474731445312,268.801818847656,217.996994018555,-2.74801254272461,-5.54060077667236,114.681945800781,55.4842414855957,-2.76921367645264,-1.23837518692017,0.426252037286758,0.0489088296890259,70
738279.51036233827471733093,54.3585395812988,-2.62315535545349,10.898458480835,0.0120410360395908,0.0095780286937952,42.4761657714844,-71.3473281860352,268.159027099609,217.709320068359,-2.76766729354858,-5.18940591812134,114.702743530273,55.5023231506348,-2.78861331939697,-1.17553341388702,0.428412914276123,0.0413850918412209,70
738279.51036481000483036041,54.4126777648926,-2.63534832000732,10.7107276916504,0.0120410360395908,0.0095780286937952,42.476146697998,-71.3471832275391,267.54443359375,217.222808837891,-2.77450942993164,-4.85749959945679,114.723114013672,55.5194053649902,-2.80559062957764,-1.08599185943604,0.430368512868881,0.0344092473387718,70
738279.51036746776662766933,54.466854095459,-2.64608907699585,10.5221652984619,0.0120410360395908,0.0095780286937952,42.4761238098145,-71.3470306396484,266.887573242188,216.697463989258,-2.77504181861877,-4.50807189941406,114.745239257812,55.536979675293,-2.82236242294312,-0.98337197303772,0.432344555854797,0.0271413456648588,70
738279.51037013309542089701,54.5185165405273,-2.65294623374939,10.3424129486084,0.0120410360395908,0.0095780286937952,42.4761047363281,-71.3468780517578,266.215881347656,216.327362060547,-2.77883362770081,-4.1554594039917,114.76798248291,55.5542259216309,-2.83805179595947,-0.88569051027298,0.434257388114929,0.0199793819338083,70
738279.51037267234642058611,54.5646514892578,-2.65629482269287,10.1854982376099,0.0120410360395908,0.0095780286937952,42.4760856628418,-71.3467330932617,265.583770751953,216.277053833008,-2.814368724823,-3.82541918754578,114.789611816406,55.5706901550293,-2.85108685493469,-0.81035989522934,0.435994535684586,0.013511760160327,70
738279.51037523930426687002,54.6090469360352,-2.65908980369568,10.0396375656128,0.0120410360395908,0.0095780286937952,42.4760665893555,-71.3465881347656,264.947875976562,216.225479125977,-2.8432285785675,-3.49478507041931,114.812110900879,55.5878868103027,-2.86226058006287,-0.7355637550354,0.437709867954254,0.00723968725651503,70
738279.51037778344471007586,54.651496887207,-2.66044235229492,9.90505981445312,0.0120410360395908,0.0095780286937952,42.4760475158691,-71.3464431762695,264.308807373047,216.172821044922,-2.86533617973328,-3.16372013092041,114.835708618164,55.6055221557617,-2.87159705162048,-0.662728905677795,0.439417064189911,0.00117095815949142,70
738279.51038014574442058802,54.6898078918457,-2.66051316261292,9.78795146942139,0.0120410360395908,0.0095780286937952,42.4760284423828,-71.3462982177734,263.699401855469,216.122177124023,-2.88095855712891,-2.84890794754028,114.859245300293,55.6224555969238,-2.87879943847656,-0.596805393695831,0.441044747829437,-0.00437946571037173,70
738279.51038265519309788942,54.7263298034668,-2.65938353538513,9.68055534362793,0.0120410360395908,0.0095780286937952,42.4760093688965,-71.3461608886719,263.082916259766,216.070877075195,-2.89213991165161,-2.53109645843506,114.884124755859,55.6395225524902,-2.88450121879578,-0.533611416816711,0.442704737186432,-0.00980235543102026,70
738279.51038525148760527372,54.7616310119629,-2.65694999694824,9.58036518096924,0.0120410360395908,0.0095780286937952,42.4759902954102,-71.3460083007812,262.4404296875,216.017623901367,-2.89955163002014,-2.20023536682129,114.911186218262,55.656795501709,-2.88883924484253,-0.471386134624481,0.444463759660721,-0.0152500756084919,70
738279.51038772298488765955,54.7869491577148,-2.65332651138306,9.49246788024902,0.0120410360395908,0.0095780286937952,42.4759712219238,-71.3458633422852,261.81103515625,215.965789794922,-2.90296196937561,-1.8750364780426,114.938270568848,55.6664772033691,-2.89156699180603,-0.409231573343277,0.446229338645935,-0.020369241014123,70
738279.51039033499546349049,54.794017791748,-2.64957571029663,9.41128635406494,0.0120410360395908,0.0095780286937952,42.4759559631348,-71.3457183837891,261.168090820312,215.913314819336,-2.90383839607239,-1.54100358486176,114.964370727539,55.6594734191895,-2.89287996292114,-0.336323499679565,0.448086798191071,-0.0254121106117964,70
738279.51039285829756408930,54.7782669067383,-2.64837217330933,9.3391056060791,0.0120410360395908,0.0095780286937952,42.4759368896484,-71.345573425293,260.533172607422,215.861633300781,-2.90498280525208,-1.21033847332001,114.983703613281,55.6317481994629,-2.89295387268066,-0.250591158866882,0.449971199035645,-0.0302031151950359,70
738279.51039541140198707581,54.7480735778809,-2.65262413024902,9.27550411224365,0.0120410360395908,0.0095780286937952,42.4759178161621,-71.3454208374023,259.880523681641,215.807632446289,-2.9101996421814,-0.878387033939362,114.990692138672,55.5915718078613,-2.89240288734436,-0.152804657816887,0.451929152011871,-0.0349528975784779,70
738279.51039790979120880365,54.719783782959,-2.66624069213867,9.22318649291992,0.0120410360395908,0.0095780286937952,42.4758987426758,-71.3452758789062,259.253784179688,215.753112792969,-2.92339468002319,-0.872628569602966,114.982124328613,55.5556526184082,-2.89242124557495,-0.0265425276011229,0.453768908977509,-0.0393309369683266,70
738279.51040043646935373545,54.6954002380371,-2.68103218078613,9.17463874816895,0.0120410360395908,0.0095780286937952,42.4758834838867,-71.3451309204102,258.623657226562,215.69514465332,-2.94062423706055,-0.883455455303192,114.959930419922,55.5243110656738,-2.89424777030945,-0.00260689971037209,0.455508053302765,-0.0435694716870785,70
738279.51040292857214808464,54.6727294921875,-2.70310401916504,9.13062477111816,0.0120410360395908,0.0095780286937952,42.4758644104004,-71.3449859619141,257.977172851562,215.631423950195,-2.96194529533386,-0.636660277843475,114.926788330078,55.4957885742188,-2.89871621131897,-0.0259504597634077,0.45712685585022,-0.0477699190378189,70
738279.51040543860290199518,54.6503791809082,-2.72545695304871,9.09767723083496,0.0120410360395908,0.0095780286937952,42.4758491516113,-71.344841003418,257.338165283203,215.563751220703,-2.98399925231934,-0.313222885131836,114.887557983398,55.4694519042969,-2.90626668930054,-0.00970878917723894,0.458510398864746,-0.0517690032720566,70
738279.51040787866804748774,54.627742767334,-2.7498152256012,9.07703018188477,0.0120410360395908,0.0095780286937952,42.475830078125,-71.3446960449219,256.705963134766,215.492004394531,-3.0074622631073,0.00245595420710742,114.845306396484,55.4449653625488,-2.91679382324219,0.0172157064080238,0.459639221429825,-0.0555956959724426,70
738279.51041041815187782049,54.6041450500488,-2.77841019630432,9.06524181365967,0.0120410360395908,0.0095780286937952,42.4758148193359,-71.3445510864258,256.0478515625,215.411819458008,-3.03397440910339,0.151731088757515,114.799781799316,55.4212112426758,-2.93085837364197,0.0843437239527702,0.460534811019897,-0.0594764389097691,70
738279.51041290396824479103,54.5821952819824,-2.80671620368958,9.05848503112793,0.0120410360395908,0.0095780286937952,42.4757957458496,-71.3444137573242,255.40641784668,215.328186035156,-3.06216430664062,0.150199502706528,114.755599975586,55.3999099731445,-2.94740962982178,0.110022984445095,0.461108237504959,-0.0631419792771339,70
738279.51041547895874828100,54.5607604980469,-2.83935904502869,9.05125904083252,0.0120410360395908,0.0095780286937952,42.4757804870605,-71.3442611694336,254.71467590332,215.231628417969,-3.09479236602783,0.0505257472395897,114.709274291992,55.3792724609375,-2.96814131736755,0.114707581698895,0.461379736661911,-0.067012831568718,70
738279.51041799760423600674,54.5425453186035,-2.87114381790161,9.04238891601562,0.0120410360395908,0.0095780286937952,42.4757614135742,-71.3441162109375,254.049240112305,215.132675170898,-3.12660503387451,-0.0509746633470058,114.667022705078,55.361515045166,-2.99044108390808,0.0934348776936531,0.461287647485733,-0.0706329047679901,70
738279.51042044884525239468,54.5267333984375,-2.90374708175659,9.03110122680664,0.0120410360395908,0.0095780286937952,42.4757461547852,-71.3439788818359,253.383666992188,215.027572631836,-3.15895223617554,-0.150612205266953,114.62744140625,55.3457946777344,-3.01472520828247,0.0634686723351479,0.460844427347183,-0.0741805732250214,70
738279.51042294898070394993,54.5127944946289,-2.93813061714172,9.01673603057861,0.0120410360395908,0.0095780286937952,42.4757270812988,-71.3438339233398,252.693984985352,214.886001586914,-3.19282650947571,-0.251954793930054,114.58943939209,55.3315353393555,-3.04167294502258,0.0296855140477419,0.460011392831802,-0.077792689204216,70
738279.51042543735820800066,54.5008430480957,-2.97522950172424,9.00000476837158,0.0120410360395908,0.0095780286937952,42.4757118225098,-71.3436889648438,252.008819580078,214.369720458984,-3.21190571784973,-0.330382883548737,114.554908752441,55.319019317627,-3.06994390487671,-0.0103415939956903,0.458800256252289,-0.0813076123595238,70
738279.51042788673657923937,54.4899024963379,-3.01280045509338,8.98364353179932,0.0120410360395908,0.0095780286937952,42.4756927490234,-71.3435516357422,251.324951171875,213.85237121582,-3.22896528244019,-0.224339738488197,114.523384094238,55.3076133728027,-3.09956526756287,-0.0750931575894356,0.457201600074768,-0.0847525894641876,70
738279.51043049327563494444,54.4781341552734,-3.05137848854065,8.97241306304932,0.0120410360395908,0.0095780286937952,42.4756774902344,-71.3434066772461,250.601974487305,213.30322265625,-3.25163292884827,0.109237931668758,114.492958068848,55.2963104248047,-3.13234734535217,-0.0817960351705551,0.455083578824997,-0.0883534550666809,70
738279.51043294975534081459,54.4659614562988,-3.09197616577148,8.96983051300049,0.0120410360395908,0.0095780286937952,42.475658416748,-71.34326171875,249.889312744141,212.759811401367,-3.27544665336609,0.290320813655853,114.465728759766,55.2861557006836,-3.16572070121765,-0.00526893557980657,0.452566981315613,-0.0918310210108757,70
738279.51043545664288103580,54.4562530517578,-3.14457750320435,8.96168231964111,0.0120410360395908,0.0095780286937952,42.475643157959,-71.3431167602539,249.155136108398,212.197402954102,-3.31302928924561,-0.423321694135666,114.440452575684,55.2782363891602,-3.20151305198669,0.115715548396111,0.449513256549835,-0.0953516960144043,70
738279.51043793209828436375,54.4533996582031,-3.18914318084717,8.93070125579834,0.0120410360395908,0.0095780286937952,42.4756240844727,-71.3429718017578,248.425399780273,211.635879516602,-3.35001301765442,-1.35672426223755,114.418266296387,55.2729682922363,-3.23908448219299,0.0549922697246075,0.445972084999084,-0.0987846478819847,70
738279.51044048659969121218,54.4572143554688,-3.23074293136597,8.87356758117676,0.0120410360395908,0.0095780286937952,42.4756088256836,-71.3428268432617,247.682281494141,211.061660766602,-3.38505005836487,-2.01450228691101,114.398727416992,55.2699394226074,-3.27874612808228,-0.100892461836338,0.441870778799057,-0.102230578660965,70
738279.51044303574599325657,54.4658660888672,-3.27635359764099,8.79796504974365,0.0120410360395908,0.0095780286937952,42.4755897521973,-71.3426818847656,246.894744873047,210.450378417969,-3.42447137832642,-2.08256244659424,114.381286621094,55.2690620422363,-3.32153224945068,-0.343549877405167,0.437014371156693,-0.105823092162609,70
738279.51044564426410943270,54.4748954772949,-3.31530117988586,8.72462940216064,0.0120410360395908,0.0095780286937952,42.4755744934082,-71.3425369262695,246.113708496094,209.841659545898,-3.46002960205078,-1.74197840690613,114.367202758789,55.2686576843262,-3.3641984462738,-0.406499475240707,0.431693881750107,-0.10930760204792,70
738279.51044819923117756844,54.4831237792969,-3.35394334793091,8.66107940673828,0.0120410360395908,0.0095780286937952,42.4755592346191,-71.3423843383789,245.320739746094,209.221313476562,-3.49567365646362,-1.41623568534851,114.355819702148,55.2691078186035,-3.40684080123901,-0.394699603319168,0.425826877355576,-0.112754538655281,70
738279.51045073941349983215,54.4905891418457,-3.39166402816772,8.60756683349609,0.0120410360395908,0.0095780286937952,42.4755401611328,-71.3422393798828,244.526428222656,208.597747802734,-3.53026390075684,-1.16278862953186,114.347160339355,55.2704086303711,-3.44846677780151,-0.351831197738647,0.419509917497635,-0.116120517253876,70
738279.51045331091154366732,54.4976501464844,-3.43071031570435,8.56259155273438,0.0120410360395908,0.0095780286937952,42.4755249023438,-71.3420944213867,243.715225219727,207.95881652832,-3.56528878211975,-0.881850600242615,114.340972900391,55.2727928161621,-3.48978567123413,-0.307591170072556,0.412623733282089,-0.119465187191963,70
738279.51045592757873237133,54.503963470459,-3.46955633163452,8.52793788909912,0.0120410360395908,0.0095780286937952,42.4755058288574,-71.3419418334961,242.891983032227,207.30827331543,-3.60096096992493,-0.543246865272522,114.33740234375,55.2760887145996,-3.5306396484375,-0.24580080807209,0.405194461345673,-0.122751675546169,70
738279.51045859884470701218,54.5092964172363,-3.50852084159851,8.50502109527588,0.0120410360395908,0.0095780286937952,42.4754905700684,-71.341796875,242.047927856445,206.639251708984,-3.63631772994995,-0.201120659708977,114.336372375488,55.2802734375,-3.57155871391296,-0.176746860146523,0.397125631570816,-0.126011952757835,70
738279.51046113227494060993,54.5134506225586,-3.54663467407227,8.49469375610352,0.0120410360395908,0.0095780286937952,42.4754753112793,-71.3416442871094,241.207275390625,205.971038818359,-3.67080473899841,0.13482953608036,114.337936401367,55.285213470459,-3.61137366294861,-0.107795543968678,0.388647019863129,-0.129151210188866,70
738279.51046372368000447750,54.5164947509766,-3.58431458473206,8.49657535552979,0.0120410360395908,0.0095780286937952,42.475456237793,-71.3414993286133,240.358749389648,205.294815063477,-3.70489239692688,0.46728777885437,114.342025756836,55.2909355163574,-3.65073037147522,-0.0392220094799995,0.379653960466385,-0.132235988974571,70
738279.51046632183715701103,54.518856048584,-3.62158989906311,8.50834083557129,0.0120410360395908,0.0095780286937952,42.4754409790039,-71.3413467407227,239.500503540039,204.609146118164,-3.73824214935303,0.63870644569397,114.348693847656,55.2975006103516,-3.68976950645447,0.0458523854613304,0.370123296976089,-0.135279223322868,70
738279.51046897040214389563,54.5212173461914,-3.65724349021912,8.52734375,0.0120410360395908,0.0095780286937952,42.4754219055176,-71.3412017822266,238.615875244141,203.900848388672,-3.7710497379303,0.770320057868958,114.358093261719,55.305103302002,-3.72917342185974,0.0926816165447235,0.359854966402054,-0.138354986906052,70
738279.51047166949138045311,54.5238914489746,-3.69379925727844,8.55241203308105,0.0120410360395908,0.0095780286937952,42.4754066467285,-71.3410415649414,237.693634033203,203.160858154297,-3.80499029159546,0.875520169734955,114.370544433594,55.314037322998,-3.76916074752808,0.128383964300156,0.348693668842316,-0.141524359583855,70
738279.51047426275908946991,54.5270690917969,-3.73360204696655,8.57820701599121,0.0120410360395908,0.0095780286937952,42.4753913879395,-71.3408966064453,236.814834594727,202.358215332031,-3.83355832099915,0.826129972934723,114.384757995605,55.3238334655762,-3.80613350868225,0.178306818008423,0.337639987468719,-0.144488245248795,70
738279.51047696301247924566,54.5320434570312,-3.77362370491028,8.60091972351074,0.0120410360395908,0.0095780286937952,42.4753723144531,-71.3407440185547,235.891662597656,201.434539794922,-3.85105299949646,0.530569016933441,114.401962280273,55.3349761962891,-3.84470653533936,0.184502109885216,0.325579464435577,-0.147580876946449,70
738279.51047955185640603304,54.5393180847168,-3.81030702590942,8.61402034759521,0.0120410360395908,0.0095780286937952,42.4753532409668,-71.3405914306641,234.982528686523,200.525207519531,-3.86981463432312,0.238969102501869,114.420677185059,55.3466987609863,-3.88247656822205,0.148037746548653,0.313242077827454,-0.150608032941818,70
738279.51048217830248177052,54.5490760803223,-3.84557032585144,8.61739253997803,0.0120410360395908,0.0095780286937952,42.4753379821777,-71.3404388427734,234.07194519043,199.614471435547,-3.89019727706909,-0.0490536838769913,114.441062927246,55.3592796325684,-3.91988086700439,0.0957445800304413,0.300448685884476,-0.153632655739784,70
738279.51048478065058588982,54.5614585876465,-3.87864637374878,8.61141395568848,0.0120410360395908,0.0095780286937952,42.4753227233887,-71.3402938842773,233.144119262695,198.686660766602,-3.9116358757019,-0.29394319653511,114.463310241699,55.3728561401367,-3.95731353759766,0.0248972326517105,0.286981731653214,-0.156716912984848,70
738279.51048736332450062037,54.575984954834,-3.91064596176147,8.59751892089844,0.0120410360395908,0.0095780286937952,42.4753036499023,-71.3401412963867,232.21452331543,197.757080078125,-3.9333930015564,-0.477207899093628,114.486961364746,55.3872604370117,-3.9937789440155,-0.0309318676590919,0.273075193166733,-0.159799188375473,70
738279.51048987114336341619,54.5911254882812,-3.94265484809875,8.58182239532471,0.0120410360395908,0.0095780286937952,42.4752883911133,-71.3399963378906,231.318161010742,196.86067199707,-3.95588231086731,-0.372669041156769,114.511009216309,55.4020118713379,-4.02781534194946,-0.130283027887344,0.259292542934418,-0.162759602069855,70
738279.51049223914742469788,54.6040153503418,-3.96708536148071,8.57187557220459,0.0120410360395908,0.0095780286937952,42.4752731323242,-71.3398742675781,230.524627685547,196.05712890625,-3.97477507591248,-0.085348553955555,114.533424377441,55.4149169921875,-4.05731058120728,-0.140877902507782,0.2467892318964,-0.165398463606834,70
738279.51049476803746074438,54.6177787780762,-3.99658703804016,8.57029819488525,0.0120410360395908,0.0095780286937952,42.4752578735352,-71.3397216796875,229.565994262695,194.991088867188,-3.98741245269775,0.258916765451431,114.5615234375,55.4303550720215,-4.09165525436401,-0.109722122550011,0.23131899535656,-0.16854564845562,70
738279.51049736677668988705,54.6294555664062,-4.02495574951172,8.57978820800781,0.0120410360395908,0.0095780286937952,42.4752388000488,-71.3395690917969,228.604904174805,193.848617553711,-3.99407720565796,0.554803669452667,114.590538024902,55.4453811645508,-4.12474822998047,-0.041794877499342,0.215428054332733,-0.171690434217453,70
738279.51050000265240669250,54.6393013000488,-4.05077981948853,8.59802913665771,0.0120410360395908,0.0095780286937952,42.4752235412598,-71.3394241333008,227.651473999023,192.716278076172,-4.001868724823,0.738448619842529,114.619888305664,55.459789276123,-4.15623712539673,0.0229281093925238,0.199296802282333,-0.174797654151917,70
738279.51050260174088180065,54.6481513977051,-4.07587289810181,8.62342357635498,0.0120410360395908,0.0095780286937952,42.4752044677734,-71.3392715454102,226.678237915039,191.56135559082,-4.01151514053345,0.911100625991821,114.650321960449,55.4742889404297,-4.18695974349976,0.0728369429707527,0.182469055056572,-0.177960366010666,70
738279.51050513877999037504,54.6559371948242,-4.09760904312134,8.65436553955078,0.0120410360395908,0.0095780286937952,42.4751892089844,-71.3391265869141,225.730606079102,190.631973266602,-4.02893447875977,1.07762610912323,114.680290222168,55.4883728027344,-4.21540927886963,0.112814322113991,0.165745198726654,-0.181032612919807,70
738279.51050776813644915819,54.6642608642578,-4.11347055435181,8.69290542602539,0.0120410360395908,0.0095780286937952,42.4751739501953,-71.3389739990234,224.751556396484,190.054626464844,-4.08407688140869,1.24822163581848,114.712181091309,55.5037727355957,-4.24304389953613,0.14666485786438,0.148133277893066,-0.184225484728813,70
738279.51051042799372226000,54.6728096008301,-4.13661766052246,8.73952007293701,0.0120410360395908,0.0095780286937952,42.475154876709,-71.3388214111328,223.755096435547,189.281433105469,-4.12527561187744,1.48520350456238,114.746459960938,55.5212287902832,-4.26899290084839,0.168258711695671,0.129906550049782,-0.187488853931427,70
738279.51051299518439918756,54.6800308227539,-4.15758275985718,8.79565620422363,0.0120410360395908,0.0095780286937952,42.4751358032227,-71.3386764526367,222.764633178711,188.307052612305,-4.14104080200195,1.80892300605774,114.782386779785,55.5387687683105,-4.29334163665771,0.201073318719864,0.111478567123413,-0.190759211778641,70
738279.51051574747543781996,54.6852073669434,-4.17694282531738,8.86439800262451,0.0120410360395908,0.0095780286937952,42.4751205444336,-71.3385238647461,221.75520324707,187.297668457031,-4.15357828140259,2.12881946563721,114.820556640625,55.5562438964844,-4.31707191467285,0.257605373859406,0.0923707410693169,-0.194136083126068,70
738279.51051839475985616446,54.688591003418,-4.19832944869995,8.94313907623291,0.0120410360395908,0.0095780286937952,42.4751014709473,-71.3383636474609,220.738159179688,186.280731201172,-4.16560554504395,2.32625436782837,114.860160827637,55.573802947998,-4.33985042572021,0.351130813360214,0.0727965459227562,-0.197600796818733,70
738279.51052101433742791414,54.6956977844238,-4.25397539138794,9.00023078918457,0.0120410360395908,0.0095780286937952,42.4750823974609,-71.3382110595703,219.703186035156,185.245834350586,-4.20287322998047,0.523954510688782,114.901329040527,55.5942420959473,-4.36313009262085,0.672686815261841,0.0525796823203564,-0.201187938451767,70
738279.51052357873413711786,54.7201042175293,-4.28784990310669,8.98742580413818,0.0120410360395908,0.0095780286937952,42.4750671386719,-71.3380661010742,218.713195800781,184.255889892578,-4.23803567886353,-2.30623769760132,114.941673278809,55.6187858581543,-4.38848733901978,0.492463439702988,0.0327977947890759,-0.204669058322906,70
738279.51052624941803514957,54.7668991088867,-4.32277774810791,8.87459850311279,0.0120410360395908,0.0095780286937952,42.4750480651855,-71.3379135131836,217.672241210938,183.214950561523,-4.25722169876099,-5.21058654785156,114.985946655273,55.6494255065918,-4.4179630279541,0.096457377076149,0.0115116601809859,-0.208401069045067,70
738279.51052892534062266350,54.834774017334,-4.34808158874512,8.66234302520752,0.0120410360395908,0.0095780286937952,42.4750289916992,-71.3377532958984,216.597808837891,182.140579223633,-4.26171445846558,-7.36662340164185,115.033805847168,55.6847763061523,-4.44992208480835,-0.509633839130402,-0.0109562491998076,-0.212298601865768,70
738279.51053163909818977118,54.9115371704102,-4.37322854995728,8.39567184448242,0.0120410360395908,0.0095780286937952,42.4750137329102,-71.3376007080078,215.537979125977,181.080856323242,-4.27726268768311,-7.89511013031006,115.082702636719,55.7215347290039,-4.48107767105103,-1.13538956642151,-0.0335421934723854,-0.216114938259125,70
738279.51053432759363204241,54.9906387329102,-4.39675283432007,8.10861301422119,0.0120410360395908,0.0095780286937952,42.4749946594238,-71.3374481201172,214.462524414062,180.005493164062,-4.30497694015503,-7.74829578399658,115.133674621582,55.7588691711426,-4.51167631149292,-1.43024587631226,-0.0568533502519131,-0.219885692000389,70
738279.51053704787045717239,55.0672492980957,-4.41633272171021,7.82686471939087,0.0120410360395908,0.0095780286937952,42.4749794006348,-71.3372955322266,213.393676757812,178.936721801758,-4.33617115020752,-7.36765813827515,115.185325622559,55.7957496643066,-4.54064083099365,-1.51367402076721,-0.080395370721817,-0.223450392484665,70
738279.51053988176863640547,55.1441268920898,-4.4334864616394,7.54321193695068,0.0120410360395908,0.0095780286937952,42.4749641418457,-71.3371276855469,212.276138305664,177.819229125977,-4.36426973342896,-6.97460079193115,115.240180969238,55.8339576721191,-4.56893301010132,-1.47559094429016,-0.105383485555649,-0.226924702525139,70
738279.51054269820451736450,55.2183151245117,-4.44789981842041,7.26956844329834,0.0120410360395908,0.0095780286937952,42.4749488830566,-71.3369674682617,211.147094726562,176.690185546875,-4.38743352890015,-6.58307313919067,115.296241760254,55.8721122741699,-4.59500646591187,-1.37779915332794,-0.130986928939819,-0.23008981347084,70
738279.51054539682809263468,55.287971496582,-4.45904302597046,7.01351022720337,0.0120410360395908,0.0095780286937952,42.4749336242676,-71.3368072509766,210.034378051758,175.577484130859,-4.40458250045776,-6.20205450057983,115.351860046387,55.9091415405273,-4.61801147460938,-1.26233494281769,-0.156547114253044,-0.232818529009819,70
738279.51054809731431305408,55.3522186279297,-4.46686029434204,6.77877235412598,0.0120410360395908,0.0095780286937952,42.4749183654785,-71.3366546630859,208.956237792969,174.499298095703,-4.41603946685791,-5.83669662475586,115.405914306641,55.9443702697754,-4.63764667510986,-1.15069258213043,-0.18160106241703,-0.235066577792168,70
738279.51055081677623093128,55.4152641296387,-4.47182655334473,6.5503511428833,0.0120410360395908,0.0095780286937952,42.4749069213867,-71.3364944458008,207.8427734375,173.385787963867,-4.42301940917969,-5.46252012252808,115.461982727051,55.9799575805664,-4.65514278411865,-1.04448413848877,-0.207749828696251,-0.236973613500595,70
738279.51055344182532280684,55.4739952087402,-4.4736213684082,6.33986234664917,0.0120410360395908,0.0095780286937952,42.4748916625977,-71.3363418579102,206.748809814453,172.291732788086,-4.42560386657715,-5.09730529785156,115.516998291016,56.0140266418457,-4.66947078704834,-0.950995147228241,-0.233690515160561,-0.238417193293571,70
738279.51055603451095521450,55.5275382995605,-4.4725022315979,6.15042877197266,0.0120410360395908,0.0095780286937952,42.4748802185059,-71.3361892700195,205.696655273438,171.239532470703,-4.42452478408813,-4.74773788452148,115.569702148438,56.0458641052246,-4.68052053451538,-0.870563983917236,-0.258852154016495,-0.239398494362831,70
738279.51055857376195490360,55.5778541564941,-4.46871471405029,5.97506999969482,0.0120410360395908,0.0095780286937952,42.4748687744141,-71.3360366821289,204.653182983398,170.196029663086,-4.42035865783691,-4.40226316452026,115.621719360352,56.0764541625977,-4.68881368637085,-0.798186302185059,-0.283991754055023,-0.239984884858131,70
738279.51056117203552275896,55.6251640319824,-4.46237087249756,5.81304740905762,0.0120410360395908,0.0095780286937952,42.4748573303223,-71.3358917236328,203.615875244141,169.158676147461,-4.41343450546265,-4.05968427658081,115.673072814941,56.1058235168457,-4.69440412521362,-0.732044816017151,-0.30914580821991,-0.240183234214783,70
738279.51056380197405815125,55.671272277832,-4.45293664932251,5.6582179069519,0.0120410360395908,0.0095780286937952,42.4748458862305,-71.3357315063477,202.543685913086,168.08642578125,-4.40346097946167,-3.7155237197876,115.725746154785,56.1349678039551,-4.69739818572998,-0.664136648178101,-0.335297375917435,-0.2399922311306,70
738279.51056638802401721478,55.7135696411133,-4.44062566757202,5.51878690719604,0.0120410360395908,0.0095780286937952,42.4748382568359,-71.335578918457,201.500381469727,167.043014526367,-4.39050388336182,-3.44317746162415,115.776336669922,56.1620712280273,-4.69754695892334,-0.601182997226715,-0.360872715711594,-0.23943318426609,70
738279.51056907535530626774,55.7542762756348,-4.42612648010254,5.38686609268188,0.0120410360395908,0.0095780286937952,42.4748268127441,-71.3354263305664,200.437072753906,165.979598999023,-4.3753662109375,-3.17119121551514,115.827125549316,56.1885070800781,-4.69485092163086,-0.550512969493866,-0.387043297290802,-0.238487109541893,70
738279.51057164382655173540,55.792179107666,-4.4096360206604,5.26620292663574,0.0120410360395908,0.0095780286937952,42.4748153686523,-71.3352737426758,199.38542175293,164.927795410156,-4.35836362838745,-2.90226912498474,115.876411437988,56.2133903503418,-4.68943548202515,-0.505354702472687,-0.413011610507965,-0.237191751599312,70
738279.51057428924832493067,55.8280029296875,-4.39093971252441,5.15443086624146,0.0120410360395908,0.0095780286937952,42.4748039245605,-71.3351211547852,198.325500488281,163.867736816406,-4.33932399749756,-2.63086295127869,115.92505645752,56.2371253967285,-4.6812949180603,-0.462315529584885,-0.439251214265823,-0.23553641140461,70
738279.51057691138703376055,55.8616752624512,-4.37098932266235,5.05218935012817,0.0120410360395908,0.0095780286937952,42.474796295166,-71.3349609375,197.257019042969,162.799102783203,-4.31844282150269,-2.33409357070923,115.972877502441,56.2597274780273,-4.67048406600952,-0.428808897733688,-0.465750873088837,-0.233525648713112,70
738279.51057950849644839764,55.8915786743164,-4.3497633934021,4.96481704711914,0.0120410360395908,0.0095780286937952,42.4747848510742,-71.3348083496094,196.228393554688,161.7705078125,-4.29738330841064,-1.99230027198792,116.017532348633,56.2799987792969,-4.65783739089966,-0.385288804769516,-0.491293221712112,-0.231283366680145,70
738279.51058204064611345530,55.9188194274902,-4.32888174057007,4.8881311416626,0.0120410360395908,0.0095780286937952,42.4747772216797,-71.3346557617188,195.210983276367,160.753173828125,-4.27439212799072,-1.81235158443451,116.06029510498,56.2987327575684,-4.64329528808594,-0.296580672264099,-0.516574800014496,-0.228773698210716,70
738279.51058462483342736959,55.9439964294434,-4.30555534362793,4.81703615188599,0.0120410360395908,0.0095780286937952,42.4747657775879,-71.3345108032227,194.217437744141,159.759689331055,-4.251540184021,-1.84772896766663,116.100662231445,56.3158264160156,-4.62738037109375,-0.254497617483139,-0.541272580623627,-0.226062938570976,70
738279.51058716035913676023,55.9692230224609,-4.29309749603271,4.7382493019104,0.0120410360395908,0.0095780286937952,42.4747581481934,-71.334358215332,193.220230102539,158.76252746582,-4.23199367523193,-2.36386036872864,116.1396484375,56.3332557678223,-4.60996007919312,-0.146197274327278,-0.566043555736542,-0.223093435168266,70
738279.51058967050630599260,55.9974632263184,-4.27966260910034,4.6343994140625,0.0120410360395908,0.0095780286937952,42.4747505187988,-71.3342132568359,192.224670410156,157.767074584961,-4.21630811691284,-3.51413488388062,116.177131652832,56.3516540527344,-4.59251976013184,-0.18321992456913,-0.590785324573517,-0.219896450638771,70
738279.51059222989715635777,56.0299453735352,-4.26358222961426,4.49179220199585,0.0120410360395908,0.0095780286937952,42.474739074707,-71.3340606689453,191.233795166016,156.776260375977,-4.19579601287842,-4.66927576065063,116.213233947754,56.3711738586426,-4.5755672454834,-0.337888538837433,-0.615466713905334,-0.216487243771553,70
738279.51059478812385350466,56.0661239624023,-4.24759435653687,4.30940294265747,0.0120410360395908,0.0095780286937952,42.4747314453125,-71.3339080810547,190.244552612305,155.787048339844,-4.17385005950928,-5.72600555419922,116.248168945312,56.3916931152344,-4.5589337348938,-0.54839289188385,-0.640154659748077,-0.212851032614708,70
738279.51059732621069997549,56.1051025390625,-4.22845888137817,4.09182214736938,0.0120410360395908,0.0095780286937952,42.474723815918,-71.3337554931641,189.247421264648,154.789916992188,-4.14995288848877,-6.37124729156494,116.282249450684,56.4128112792969,-4.54222583770752,-0.831628322601318,-0.665088355541229,-0.208923354744911,70
738279.51059986138716340065,56.1423454284668,-4.21151304244995,3.86915683746338,0.0120410360395908,0.0095780286937952,42.4747161865234,-71.333610534668,188.285873413086,153.828353881836,-4.13704490661621,-6.10150623321533,116.313850402832,56.4328804016113,-4.52603054046631,-1.05875873565674,-0.689160406589508,-0.204862147569656,70
738279.51060238655190914869,56.1778297424316,-4.18830060958862,3.64637756347656,0.0120410360395908,0.0095780286937952,42.4747085571289,-71.3334579467773,187.304946899414,152.847412109375,-4.12138652801514,-5.74633646011353,116.344757080078,56.4516296386719,-4.50909805297852,-1.10779142379761,-0.713759064674377,-0.200395926833153,70
738279.51060491066891700029,56.2102088928223,-4.16405296325684,3.43514823913574,0.0120410360395908,0.0095780286937952,42.4747047424316,-71.3333053588867,186.334869384766,151.877258300781,-4.10432767868042,-5.39481401443481,116.373779296875,56.4688186645508,-4.49134492874146,-1.08363676071167,-0.73809540271759,-0.195625454187393,70
738279.51060732791665941477,56.2379989624023,-4.14015007019043,3.24695539474487,0.0120410360395908,0.0095780286937952,42.4746971130371,-71.3331680297852,185.429382324219,150.971710205078,-4.08635282516479,-5.06690883636475,116.399284362793,56.4835929870605,-4.47361612319946,-1.02541375160217,-0.760799586772919,-0.190847337245941,70
738279.51060983689967542887,56.2645568847656,-4.11406803131104,3.06007051467896,0.0120410360395908,0.0095780286937952,42.4746932983398,-71.3330154418945,184.481658935547,150.02392578125,-4.06507110595703,-4.71275234222412,116.424407958984,56.4976997375488,-4.45362329483032,-0.950052261352539,-0.784536302089691,-0.185431987047195,70
738279.51061229140032082796,56.2880821228027,-4.09066343307495,2.88885569572449,0.0120410360395908,0.0095780286937952,42.4746856689453,-71.3328704833984,183.546951293945,149.089141845703,-4.04231882095337,-4.23744058609009,116.447402954102,56.5104179382324,-4.43253421783447,-0.902126431465149,-0.807902216911316,-0.179702758789062,70
738279.51061480294447392225,56.3082542419434,-4.06531524658203,2.73832416534424,0.0120410360395908,0.0095780286937952,42.474681854248,-71.3327255249023,182.62483215332,148.167007446289,-4.01955509185791,-3.51800346374512,116.468399047852,56.5211868286133,-4.41078662872314,-0.816675782203674,-0.830910682678223,-0.173649832606316,70
738279.51061734615359455347,56.3251876831055,-4.03625583648682,2.6094274520874,0.0120410360395908,0.0095780286937952,42.4746780395508,-71.3325729370117,181.683319091797,147.225448608398,-3.99213147163391,-2.75644302368164,116.488121032715,56.5298805236816,-4.38756084442139,-0.697105288505554,-0.854366481304169,-0.167038008570671,70
738279.51061990356538444757,56.3381271362305,-4.00580787658691,2.50910902023315,0.0120410360395908,0.0095780286937952,42.4746742248535,-71.3324279785156,180.758346557617,146.300415039062,-3.96263909339905,-1.98571407794952,116.505661010742,56.5360641479492,-4.36349010467529,-0.562878608703613,-0.877349436283112,-0.160142868757248,70
738279.51062254048883914948,56.3477210998535,-3.97213244438171,2.43313550949097,0.0120410360395908,0.0095780286937952,42.474666595459,-71.3322677612305,179.786529541016,145.328598022461,-3.92914128303528,-1.16847229003906,116.522048950195,56.5399284362793,-4.33654499053955,-0.413065552711487,-0.901408910751343,-0.152433559298515,70
738279.51062518032267689705,56.3531112670898,-3.93793606758118,2.3889434337616,0.0120410360395908,0.0095780286937952,42.4746627807617,-71.3321075439453,178.832077026367,144.374176025391,-3.89438199996948,-0.363604366779327,116.535972595215,56.5410232543945,-4.30839061737061,-0.263805508613586,-0.924925744533539,-0.144457712769508,70
738279.51062764937523752451,56.3545379638672,-3.90278673171997,2.37382936477661,0.0120410360395908,0.0095780286937952,42.4746589660645,-71.3319625854492,177.932357788086,143.47444152832,-3.86124491691589,0.285897433757782,116.546981811523,56.5393714904785,-4.28028583526611,-0.0990791171789169,-0.946974813938141,-0.136605381965637,70
738279.51063024706672877073,56.3528518676758,-3.86726832389832,2.37889170646667,0.0120410360395908,0.0095780286937952,42.4746551513672,-71.3318099975586,177.016067504883,142.558120727539,-3.82813000679016,0.631047785282135,116.555961608887,56.5354652404785,-4.24992370605469,0.0491629056632519,-0.969287514686584,-0.128233209252357,70
738279.51063273381441831589,56.3490257263184,-3.83256459236145,2.39804029464722,0.0120410360395908,0.0095780286937952,42.4746513366699,-71.3316650390625,176.133316040039,141.675323486328,-3.79533100128174,0.953577399253845,116.562431335449,56.5300941467285,-4.21918535232544,0.131877765059471,-0.990630149841309,-0.119892507791519,70
738279.51063525315839797258,56.3449440002441,-3.79834198951721,2.43030333518982,0.0120410360395908,0.0095780286937952,42.4746475219727,-71.3315124511719,175.252944946289,140.794876098633,-3.7626838684082,1.27726709842682,116.566802978516,56.5250968933105,-4.18721389770508,0.190406441688538,-1.01175200939178,-0.111298799514771,70
738279.51063770230393856764,56.3466339111328,-3.76538014411926,2.47465014457703,0.0120410360395908,0.0095780286937952,42.4746437072754,-71.3313674926758,174.400955200195,139.942810058594,-3.73118782043457,1.59177207946777,116.569664001465,56.526496887207,-4.15533304214478,0.230365857481956,-1.03202962875366,-0.102776437997818,70
738279.51064009731635451317,56.356559753418,-3.73188734054565,2.53156113624573,0.0120410360395908,0.0095780286937952,42.4746360778809,-71.3312225341797,173.558074951172,139.100143432617,-3.69920539855957,1.90432989597321,116.57315826416,56.5366897583008,-4.12307786941528,0.256850272417068,-1.05192649364471,-0.094152607023716,70
738279.51064256811514496803,56.3747901916504,-3.69720458984375,2.59948658943176,0.0120410360395908,0.0095780286937952,42.4746322631836,-71.3310775756836,172.738632202148,138.28092956543,-3.66598129272461,2.20998096466064,116.580184936523,56.5556678771973,-4.09109306335449,0.27386149764061,-1.07110357284546,-0.0856112837791443,70
738279.51064507791306823492,56.4023170471191,-3.65625047683716,2.68582391738892,0.0120410360395908,0.0095780286937952,42.4746284484863,-71.330924987793,171.862548828125,137.40495300293,-3.62648415565491,2.53967666625977,116.595100402832,56.5844802856445,-4.0558819770813,0.286942541599274,-1.09140074253082,-0.0762847363948822,70
738279.51064764324110001326,56.4279403686523,-3.61185002326965,2.78165030479431,0.0120410360395908,0.0095780286937952,42.4746246337891,-71.3307800292969,171.020278930664,136.562622070312,-3.58311152458191,2.86155080795288,116.619125366211,56.6117973327637,-4.02067184448242,0.303465753793716,-1.11067509651184,-0.0672124102711678,70
738279.51065012963954359293,56.4364624023438,-3.56433439254761,2.88769912719727,0.0120410360395908,0.0095780286937952,42.4746170043945,-71.3306274414062,170.185302734375,135.650756835938,-3.53166532516479,3.18730449676514,116.652030944824,56.6225891113281,-3.98369288444519,0.337981224060059,-1.12949848175049,-0.0581174716353416,70
738279.51065265713259577751,56.4166145324707,-3.51632475852966,2.99959588050842,0.0120410360395908,0.0095780286937952,42.4746131896973,-71.3304824829102,169.379867553711,134.702362060547,-3.47140693664551,3.50637054443359,116.687133789062,56.6056213378906,-3.94559383392334,0.399984747171402,-1.14733695983887,-0.0492706559598446,70
738279.51065522467251867056,56.3684883117676,-3.46994686126709,3.12402033805847,0.0120410360395908,0.0095780286937952,42.474609375,-71.3303298950195,168.557006835938,133.731399536133,-3.41412281990051,3.83677911758423,116.717079162598,56.5615272521973,-3.90399265289307,0.492769092321396,-1.16520297527313,-0.0401460230350494,70
738279.51065778150223195553,56.3026733398438,-3.42993140220642,3.26108646392822,0.0120410360395908,0.0095780286937952,42.4746017456055,-71.3301773071289,167.729644775391,132.753280639648,-3.36498045921326,4.17102909088135,116.731224060059,56.5012397766113,-3.86016035079956,0.602071642875671,-1.18278920650482,-0.0309560373425484,70
738279.51066024298779666424,56.2323112487793,-3.39749670028687,3.40534424781799,0.0120410360395908,0.0095780286937952,42.4745941162109,-71.3300247192383,166.936325073242,131.936676025391,-3.33646988868713,4.49191236495972,116.724159240723,56.4376831054688,-3.81765842437744,0.707071781158447,-1.19932961463928,-0.0221910700201988,70
738279.51066282112151384354,56.1610260009766,-3.37412095069885,3.56030344963074,0.0120410360395908,0.0095780286937952,42.4745903015137,-71.3298797607422,166.154907226562,131.145034790039,-3.32083034515381,4.80783987045288,116.696601867676,56.374828338623,-3.77677011489868,0.798636376857758,-1.21536433696747,-0.0136158401146531,70
738279.51066537620499730110,56.0873680114746,-3.35749864578247,3.73296403884888,0.0120410360395908,0.0095780286937952,42.4745826721191,-71.3297271728516,165.352401733398,130.332153320312,-3.31137943267822,5.1321063041687,116.649482727051,56.311637878418,-3.73741412162781,0.876009106636047,-1.23164355754852,-0.0049143647775054,70
738279.51066799939144402742,56.0136260986328,-3.34768056869507,3.92196440696716,0.0120410360395908,0.0095780286937952,42.4745750427246,-71.3295669555664,164.538619995117,129.493225097656,-3.30800032615662,5.46073579788208,116.586402893066,56.2504692077637,-3.70168590545654,0.937508404254913,-1.24804878234863,0.00374657800421119,70
738279.51067057182081043720,55.9434089660645,-3.34528779983521,4.12049293518066,0.0120410360395908,0.0095780286937952,42.4745674133301,-71.3294219970703,163.740875244141,128.611175537109,-3.30247616767883,5.78170156478882,116.514434814453,56.1946105957031,-3.67183232307434,0.982866168022156,-1.26411545276642,0.0119994645938277,70
738279.51067310292273759842,55.8735504150391,-3.34729552268982,4.33048677444458,0.0120410360395908,0.0095780286937952,42.4745597839355,-71.3292694091797,162.94694519043,127.733177185059,-3.30112552642822,6.10046911239624,116.437049865723,56.1409912109375,-3.64776062965393,1.01904106140137,-1.28017818927765,0.0199533011764288,70
738279.51067566091660410166,55.8033027648926,-3.35355067253113,4.55025243759155,0.0120410360395908,0.0095780286937952,42.474552154541,-71.3291168212891,162.159561157227,126.862365722656,-3.30455636978149,6.41564702987671,116.357711791992,56.0888557434082,-3.62955045700073,1.05316984653473,-1.29624974727631,0.0275594852864742,70
738279.51067813835106790066,55.7353286743164,-3.37804770469666,4.76096487045288,0.0120410360395908,0.0095780286937952,42.4745407104492,-71.328971862793,161.392395019531,126.014114379883,-3.32048630714417,5.91785907745361,116.280120849609,56.0402069091797,-3.61750388145447,1.23605072498322,-1.31209290027618,0.0346341617405415,70
738279.51068063545972108841,55.6707763671875,-3.40581059455872,4.94608736038208,0.0120410360395908,0.0095780286937952,42.4745330810547,-71.3288269042969,160.616394042969,125.15650177002,-3.3490309715271,4.49127149581909,116.202713012695,55.9937400817871,-3.61203813552856,1.2820041179657,-1.32843625545502,0.0414411425590515,70
738279.51068310998380184174,55.6142807006836,-3.42972779273987,5.07888507843018,0.0120410360395908,0.0095780286937952,42.4745254516602,-71.3286819458008,159.828491210938,124.286262512207,-3.37971806526184,2.42129802703857,116.125953674316,55.950927734375,-3.61339831352234,1.1295919418335,-1.34545683860779,0.0479770824313164,70
738279.51068555947858840227,55.5696907043457,-3.44876337051392,5.14268350601196,0.0120410360395908,0.0095780286937952,42.4745140075684,-71.3285369873047,159.055725097656,123.433128356934,-3.39674258232117,0.386651575565338,116.052955627441,55.9136085510254,-3.62014722824097,0.841318309307098,-1.36260581016541,0.0540146678686142,70
738279.51068804867099970579,55.5346717834473,-3.4686815738678,5.13824558258057,0.0120410360395908,0.0095780286937952,42.4745063781738,-71.3283920288086,158.256271362305,122.550964355469,-3.40518975257874,-1.69981968402863,115.979927062988,55.8796310424805,-3.63101553916931,0.478085368871689,-1.38078951835632,0.0599309653043747,70
738279.51069055160041898489,55.5101661682129,-3.48489308357239,5.06330680847168,0.0120410360395908,0.0095780286937952,42.474494934082,-71.3282470703125,157.445648193359,121.599273681641,-3.40696239471436,-3.65840625762939,115.908569335938,55.8494415283203,-3.64478969573975,0.015589359216392,-1.39967262744904,0.0656150355935097,70
738279.51069307734724134207,55.493236541748,-3.50165271759033,4.94577407836914,0.0120410360395908,0.0095780286937952,42.4744873046875,-71.3281021118164,156.642700195312,120.557815551758,-3.40884613990784,-3.78989505767822,115.840492248535,55.823127746582,-3.66001009941101,-0.582422316074371,-1.41880369186401,0.0709899514913559,70
738279.51069550774991512299,55.4767875671387,-3.5094690322876,4.82276773452759,0.0120410360395908,0.0095780286937952,42.4744758605957,-71.3279571533203,155.848678588867,119.528747558594,-3.41710257530212,-3.4467146396637,115.775535583496,55.796501159668,-3.67551112174988,-0.787555754184723,-1.43812918663025,0.0761393904685974,70
738279.51069806388113647699,55.4582633972168,-3.51944947242737,4.70280838012695,0.0120410360395908,0.0095780286937952,42.4744682312012,-71.3278045654297,155.023941040039,118.460647583008,-3.42881464958191,-3.09359908103943,115.710083007812,55.7684669494629,-3.69083046913147,-0.839905679225922,-1.45855903625488,0.0814090520143509,70
738279.51070056203752756119,55.4391708374023,-3.53114628791809,4.59554100036621,0.0120410360395908,0.0095780286937952,42.4744606018066,-71.3276672363281,154.224731445312,117.426475524902,-3.44205212593079,-2.75466084480286,115.648544311523,55.7412719726562,-3.70464992523193,-0.799936652183533,-1.47868204116821,0.0864704176783562,70
738279.51070302759762853384,55.419002532959,-3.54469323158264,4.49777030944824,0.0120410360395908,0.0095780286937952,42.4744529724121,-71.327522277832,153.42155456543,116.388122558594,-3.4565634727478,-2.41734552383423,115.58821105957,55.7140998840332,-3.71782755851746,-0.715248942375183,-1.49923253059387,0.0915857255458832,70
738279.51070545963011682034,55.3978958129883,-3.56015300750732,4.41069173812866,0.0120410360395908,0.0095780286937952,42.4744453430176,-71.3273773193359,152.615661621094,115.347343444824,-3.47214984893799,-2.07415723800659,115.528991699219,55.6871223449707,-3.73077011108398,-0.614495635032654,-1.52019870281219,0.096773274242878,70
738279.51070795941632241011,55.3759498596191,-3.57690572738647,4.33507013320923,0.0120410360395908,0.0095780286937952,42.4744338989258,-71.3272323608398,151.808197021484,114.305725097656,-3.48872041702271,-1.73493635654449,115.470985412598,55.6604232788086,-3.74388599395752,-0.509161055088043,-1.54157495498657,0.102051116526127,70
738279.51071050588507205248,55.352222442627,-3.59610462188721,4.26854372024536,0.0120410360395908,0.0095780286937952,42.4744262695312,-71.3270874023438,150.962890625,113.216567993164,-3.50719809532166,-1.39024353027344,115.411544799805,55.6329116821289,-3.75814461708069,-0.406970798969269,-1.56436848640442,0.10770458728075,70
738279.51071289333049207926,55.3292503356934,-3.61570024490356,4.21757316589355,0.0120410360395908,0.0095780286937952,42.4744186401367,-71.3269424438477,150.165435791016,112.190338134766,-3.52580046653748,-1.06910336017609,115.357002258301,55.6074371337891,-3.77228856086731,-0.320026904344559,-1.58628153800964,0.113116651773453,70
738279.51071540452539920807,55.3046951293945,-3.63782930374146,4.1764349937439,0.0120410360395908,0.0095780286937952,42.4744110107422,-71.3267974853516,149.331588745117,111.118751525879,-3.54612231254578,-0.731525599956512,115.301368713379,55.5813446044922,-3.78806781768799,-0.24038165807724,-1.60963499546051,0.118905179202557,70
738279.51071787241380661726,55.2797431945801,-3.66418075561523,4.14964151382446,0.0120410360395908,0.0095780286937952,42.4744033813477,-71.3266525268555,148.501174926758,110.053169250488,-3.56524777412415,-0.266406625509262,115.247650146484,55.5562400817871,-3.8049693107605,-0.191100507974625,-1.63335871696472,0.124762050807476,70
738279.51072029699571430683,55.2540626525879,-3.688800573349,4.13993453979492,0.0120410360395908,0.0095780286937952,42.4743957519531,-71.3265151977539,147.678497314453,108.999114990234,-3.58095622062683,0.282226890325546,115.196296691895,55.5315933227539,-3.82318258285522,-0.109448939561844,-1.65735650062561,0.130654409527779,70
738279.51072275941260159016,55.2266807556152,-3.71066689491272,4.14676141738892,0.0120410360395908,0.0095780286937952,42.4743881225586,-71.3263702392578,146.851440429688,107.940910339355,-3.5680730342865,0.68144828081131,115.146461486816,55.5063133239746,-3.84278178215027,0.00143303396180272,-1.68199777603149,0.136665880680084,70
738279.51072523288894444704,55.1969566345215,-3.72200202941895,4.16938638687134,0.0120410360395908,0.0095780286937952,42.4743804931641,-71.3262252807617,146.009887695312,106.86540222168,-3.48252582550049,1.14844453334808,115.097381591797,55.4791946411133,-3.8634877204895,0.0697872042655945,-1.70760762691498,0.142864316701889,70
738279.51072765898425132036,55.165641784668,-3.6990659236908,4.20796060562134,0.0120410360395908,0.0095780286937952,42.4743766784668,-71.3260879516602,145.18293762207,105.807861328125,-3.48324298858643,1.57947170734406,115.049903869629,55.4494209289551,-3.88229632377625,0.16988842189312,-1.73332726955414,0.149053603410721,70
738279.51073010708205401897,55.1321449279785,-3.70636200904846,4.26054525375366,0.0120410360395908,0.0095780286937952,42.474365234375,-71.3259429931641,144.344696044922,104.735557556152,-3.540194272995,1.89907038211823,115.002029418945,55.4206008911133,-3.89646816253662,0.239602401852608,-1.75964117050171,0.155419111251831,70
738279.51073264889419078827,55.0976600646973,-3.72574210166931,4.32598495483398,0.0120410360395908,0.0095780286937952,42.4743576049805,-71.325798034668,143.484817504883,103.636451721191,-3.58667635917664,2.22457528114319,114.953460693359,55.3926658630371,-3.90777206420898,0.304394394159317,-1.78686261177063,0.161982223391533,70
738279.51073513657320290804,55.0632934570312,-3.75291562080383,4.40219879150391,0.0120410360395908,0.0095780286937952,42.4743499755859,-71.3256530761719,142.630432128906,102.545860290527,-3.62833023071289,2.54542994499207,114.906387329102,55.366325378418,-3.91864919662476,0.362191706895828,-1.81426239013672,0.168465450406075,70
738279.51073764660395681858,55.0281181335449,-3.78585863113403,4.49121952056885,0.0120410360395908,0.0095780286937952,42.4743423461914,-71.3255081176758,141.757125854492,101.43293762207,-3.66887140274048,2.87031054496765,114.859954833984,55.3407402038574,-3.9316930770874,0.416407138109207,-1.84275126457214,0.175043702125549,70
738279.51074012648314237595,54.993293762207,-3.82198810577393,4.59009265899658,0.0120410360395908,0.0095780286937952,42.4743347167969,-71.3253631591797,140.891998291016,100.332458496094,-3.70845007896423,3.18877935409546,114.816223144531,55.3167152404785,-3.94779062271118,0.467061161994934,-1.87154483795166,0.18145839869976,70
738279.51074276922736316919,54.9561576843262,-3.86345911026001,4.70739841461182,0.0120410360395908,0.0095780286937952,42.4743270874023,-71.3252105712891,139.964569091797,99.1551666259766,-3.75107479095459,3.52592444419861,114.77197265625,55.2925415039062,-3.96918034553528,0.519212782382965,-1.90311002731323,0.188223958015442,70
738279.51074534154031425714,54.9199752807617,-3.90629816055298,4.83349943161011,0.0120410360395908,0.0095780286937952,42.4743156433105,-71.325065612793,139.054244995117,98.0020523071289,-3.79349541664124,3.85237669944763,114.731597900391,55.2704772949219,-3.99420952796936,0.569690465927124,-1.93484950065613,0.194678604602814,70
738279.51074820756912231445,54.8833808898926,-3.95174503326416,4.97337532043457,0.0120410360395908,0.0095780286937952,42.474308013916,-71.3249130249023,138.122344970703,96.8293228149414,-3.83534860610962,4.18258333206177,114.693565368652,55.2497596740723,-4.02373218536377,0.6208256483078,-1.96814382076263,0.201111853122711,70
738279.51075082353781908751,54.8462142944336,-4.00405979156494,5.14095544815063,0.0120410360395908,0.0095780286937952,42.4742965698242,-71.3247528076172,137.08984375,95.6008758544922,-3.87759804725647,4.54177761077881,114.655532836914,55.2319564819336,-4.06052350997925,0.67350172996521,-2.00601029396057,0.208003893494606,70
738279.51075334765482693911,54.8275871276855,-4.05221271514893,5.30633592605591,0.0120410360395908,0.0095780286937952,42.4742851257324,-71.3246002197266,136.150863647461,94.4847183227539,-3.91702032089233,4.86002540588379,114.626075744629,55.2326164245605,-4.09687471389771,0.712534606456757,-2.04136490821838,0.213955909013748,70
738279.51075585372745990753,54.8401679992676,-4.10001945495605,5.48957824707031,0.0120410360395908,0.0095780286937952,42.4742774963379,-71.3244552612305,135.195129394531,93.3495635986328,-3.95747852325439,5.17512273788452,114.605514526367,55.2665328979492,-4.13635540008545,0.728921473026276,-2.07824087142944,0.219759553670883,70
738279.51075839728582650423,54.8822784423828,-4.14147901535034,5.68445730209351,0.0120410360395908,0.0095780286937952,42.4742660522461,-71.3243103027344,134.25456237793,92.2329330444336,-3.99175786972046,5.47996711730957,114.602935791016,55.3310890197754,-4.1768684387207,0.72039532661438,-2.11541032791138,0.225178256630898,70
738279.51076083851512521505,54.9397621154785,-4.17342472076416,5.89011144638062,0.0120410360395908,0.0095780286937952,42.4742546081543,-71.3241653442383,133.320755004883,91.124397277832,-4.01176404953003,5.78052091598511,114.625633239746,55.4119873046875,-4.21758794784546,0.702315747737885,-2.15314912796021,0.230264559388161,70
738279.51076332561206072569,55.0030403137207,-4.19287729263306,6.11075305938721,0.0120410360395908,0.0095780286937952,42.4742431640625,-71.3240203857422,132.368759155273,89.9937744140625,-4.0170841217041,6.08682346343994,114.678817749023,55.5000534057617,-4.25798273086548,0.690174460411072,-2.19243049621582,0.235151588916779,70
738279.51076584565453231335,55.065731048584,-4.21455478668213,6.32953882217407,0.0120410360395908,0.0095780286937952,42.4742317199707,-71.3238830566406,131.424407958984,88.8715515136719,-3.95577812194824,5.79987382888794,114.760589599609,55.5883102416992,-4.29513025283813,0.842520177364349,-2.23207068443298,0.239667490124702,70
738279.51076838269364088774,55.132007598877,-4.17795896530151,6.55942487716675,0.0120410360395908,0.0095780286937952,42.4742202758789,-71.32373046875,130.432052612305,87.6901626586914,-3.90927219390869,5.60165643692017,114.874565124512,55.6778221130371,-4.32956600189209,0.670965194702148,-2.27456855773926,0.244087621569633,70
738279.51077079842798411846,55.1909408569336,-4.14737796783447,6.7685546875,0.0120410360395908,0.0095780286937952,42.4742088317871,-71.3235855102539,129.520797729492,86.6024627685547,-3.91049575805664,5.89603805541992,114.99959564209,55.7588920593262,-4.35189485549927,0.616175770759583,-2.3140606880188,0.24781097471714,70
738279.51077327411621809006,55.2476501464844,-4.11539316177368,6.99243450164795,0.0120410360395908,0.0095780286937952,42.474193572998,-71.3234481811523,128.586166381836,85.4840545654297,-3.88651561737061,6.20765447616577,115.143882751465,55.8402481079102,-4.36409044265747,0.629390239715576,-2.35477042198181,0.251300513744354,70
738279.51077573548536747694,55.2987022399902,-4.08376979827881,7.22331285476685,0.0120410360395908,0.0095780286937952,42.4741821289062,-71.3233032226562,127.659385681152,84.3722076416016,-3.77180695533752,6.4274845123291,115.298332214355,55.917797088623,-4.36623191833496,0.714260458946228,-2.39524674415588,0.25439453125,70
738279.51077820791397243738,55.342716217041,-3.99633455276489,7.45991897583008,0.0120410360395908,0.0095780286937952,42.4741668701172,-71.3231582641602,126.761764526367,83.2912292480469,-3.6322910785675,6.4251184463501,115.455833435059,55.9860458374023,-4.35906076431274,0.78447437286377,-2.43468999862671,0.257035672664642,70
738279.51078066683840006590,55.3821144104004,-3.91933107376099,7.70460510253906,0.0120410360395908,0.0095780286937952,42.4741516113281,-71.3230133056641,125.860374450684,82.2002410888672,-3.61804747581482,6.70086717605591,115.619552612305,56.0526580810547,-4.338294506073,0.78257292509079,-2.47106289863586,0.259324729442596,70
738279.51078324159607291222,55.4158134460449,-3.85441040992737,7.9569878578186,0.0120410360395908,0.0095780286937952,42.4741401672363,-71.322868347168,124.969970703125,81.1176986694336,-3.57785487174988,7.01042366027832,115.783241271973,56.1166877746582,-4.30450773239136,0.843264520168304,-2.48831415176392,0.261176735162735,70
738279.51078579097520560026,55.4435005187988,-3.78115224838257,8.22609806060791,0.0120410360395908,0.0095780286937952,42.47412109375,-71.3227157592773,124.07194519043,80.0209808349609,-3.48746824264526,7.25343322753906,115.948402404785,56.1778221130371,-4.26019525527954,0.924489080905914,-2.49539136886597,0.262588232755661,70
738279.51078834198415279388,55.464527130127,-3.71041107177734,8.50450134277344,0.0120410360395908,0.0095780286937952,42.4741058349609,-71.3225708007812,123.190299987793,78.9386596679688,-3.44353675842285,7.56784582138062,116.109344482422,56.2352867126465,-4.20808887481689,0.987774193286896,-2.49818325042725,0.263476848602295,70
738279.51079082232899963856,55.4857521057129,-3.64585185050964,8.78604221343994,0.0120410360395908,0.0095780286937952,42.4740905761719,-71.3224182128906,122.346878051758,77.8981475830078,-3.38571619987488,7.81075477600098,116.261016845703,56.2952537536621,-4.15192317962646,1.07085466384888,-2.49926495552063,0.263824790716171,70
738279.51079345110338181257,55.5243606567383,-3.58300638198853,9.07782363891602,0.0120410360395908,0.0095780286937952,42.4740715026855,-71.3222732543945,121.490516662598,76.836555480957,-3.31808876991272,7.28759956359863,116.414726257324,56.3755226135254,-4.09067392349243,1.19904661178589,-2.49971103668213,0.26362743973732,70
738279.51079596905037760735,55.5729331970215,-3.49886322021484,9.35911846160889,0.0120410360395908,0.0095780286937952,42.4740562438965,-71.3221206665039,120.658226013184,75.7987594604492,-3.25051426887512,7.00933837890625,116.569305419922,56.4640235900879,-4.02788734436035,1.08478760719299,-2.49988508224487,0.262846231460571,70
738279.51079860201571136713,55.6201210021973,-3.41068172454834,9.62845802307129,0.0120410360395908,0.0095780286937952,42.4740371704102,-71.3219680786133,119.83911895752,74.7706451416016,-3.17078590393066,6.58658266067505,116.731338500977,56.5503120422363,-3.96091389656067,1.0992180109024,-2.49995470046997,0.261456578969955,70
738279.51080121996346861124,55.6687126159668,-3.31180191040039,9.87114524841309,0.0120410360395908,0.0095780286937952,42.4740180969238,-71.3218154907227,119.024894714355,73.7124938964844,-3.08571076393127,5.11655139923096,116.902717590332,56.6340293884277,-3.88843131065369,1.0571061372757,-2.4999828338623,0.25940328836441,70
738279.51080386235844343901,55.7214698791504,-3.18620681762695,10.069465637207,0.0120410360395908,0.0095780286937952,42.4739952087402,-71.321662902832,118.23267364502,72.5722808837891,-2.98759150505066,4.00557565689087,117.079277038574,56.7135620117188,-3.80942893028259,0.809989273548126,-2.49999332427979,0.25668540596962,70
738279.51080636167898774147,55.7714157104492,-3.0613648891449,10.231071472168,0.0120410360395908,0.0095780286937952,42.4739761352539,-71.3215103149414,117.503913879395,71.5106048583984,-2.87650680541992,3.91160345077515,117.24829864502,56.7846603393555,-3.72611331939697,0.465116262435913,-2.49999713897705,0.253503948450089,70
738279.51080886286217719316,55.8148574829102,-2.92688870429993,10.3885116577148,0.0120410360395908,0.0095780286937952,42.4739570617676,-71.3213653564453,116.806938171387,70.485481262207,-2.75520706176758,4.22366189956665,117.414680480957,56.8488006591797,-3.63436913490295,0.358300656080246,-2.49999928474426,0.249777495861053,70
738279.51081134215928614140,55.8583030700684,-2.79113411903381,10.553316116333,0.0120410360395908,0.0095780286937952,42.4739379882812,-71.3212203979492,116.146865844727,69.5155944824219,-2.62998843193054,4.529616355896,117.574913024902,56.9149627685547,-3.53473567962646,0.344300419092178,-2.5,0.245572403073311,70
738279.51081386290024966002,55.9160537719727,-2.65413856506348,10.7278985977173,0.0120410360395908,0.0095780286937952,42.4739151000977,-71.3210678100586,115.505332946777,68.5581283569336,-2.50347685813904,4.45190620422363,117.734169006348,56.9976959228516,-3.42497754096985,0.455165058374405,-2.49999952316284,0.240785181522369,70
738279.51081642229110002518,55.9789581298828,-2.52892827987671,10.8817358016968,0.0120410360395908,0.0095780286937952,42.4738960266113,-71.3209228515625,114.891609191895,67.6267395019531,-2.39091849327087,3.27490520477295,117.893989562988,57.0828475952148,-3.30795931816101,0.693708896636963,-2.49999952316284,0.235487014055252,70
738279.51081901672296226025,56.0516586303711,-2.39287233352661,10.9620351791382,0.0120410360395908,0.0095780286937952,42.4738731384277,-71.3207702636719,114.299110412598,66.727294921875,-2.31644797325134,-0.0873123183846474,118.057556152344,57.1636276245117,-3.18573522567749,0.616387963294983,-2.49999952316284,0.22965033352375,70
738279.51082154479809105396,56.1390724182129,-2.24645733833313,10.949652671814,0.0120410360395908,0.0095780286937952,42.4738540649414,-71.3206176757812,113.738380432129,65.9085159301758,-2.19531607627869,-1.77402281761169,118.222671508789,57.2410430908203,-3.05941200256348,-0.248170554637909,-2.49999976158142,0.223346665501595,70
738279.51082421722821891308,56.2296943664551,-2.0600163936615,10.8937578201294,0.0120410360395908,0.0095780286937952,42.4738311767578,-71.3204650878906,113.19686126709,65.100471496582,-2.037189245224,-1.25593101978302,118.391876220703,57.3122711181641,-2.92376327514648,-0.556457877159119,-2.49999976158142,0.21640419960022,70
738279.51082682819105684757,56.3076858520508,-1.86595213413239,10.8455410003662,0.0120410360395908,0.0095780286937952,42.4738082885742,-71.3203125,112.703796386719,64.3432312011719,-1.86396920681,-0.930952727794647,118.554161071777,57.3730163574219,-2.78110194206238,-0.655651330947876,-2.49999976158142,0.209198012948036,70
738279.51082950283307582140,56.3779754638672,-1.66116011142731,10.8025856018066,0.0120410360395908,0.0095780286937952,42.4737892150879,-71.3201446533203,112.240898132324,63.6070976257324,-1.67907059192657,-0.647507905960083,118.712951660156,57.427619934082,-2.62247753143311,-0.68528813123703,-2.49999976158142,0.201459810137749,70
738279.51083204429596662521,56.4370384216309,-1.46380436420441,10.7668008804321,0.0120410360395908,0.0095780286937952,42.4737663269043,-71.3199920654297,111.843940734863,62.9493103027344,-1.49786007404327,-0.357822477817535,118.853179931641,57.4735260009766,-2.46134519577026,-0.628464579582214,-2.5,0.193921893835068,70
738279.51083455921616405249,56.482234954834,-1.26963806152344,10.7486009597778,0.0120410360395908,0.0095780286937952,42.473747253418,-71.3198471069336,111.502090454102,62.3549880981445,-1.31769919395447,-0.0531735979020596,118.977516174316,57.5098915100098,-2.29715442657471,-0.91008847951889,-2.5,0.186506122350693,70
738279.51083714782726019621,56.5183181762695,-1.06847596168518,10.7360897064209,0.0120410360395908,0.0095780286937952,42.4737243652344,-71.319694519043,111.195068359375,61.7887496948242,-1.12874734401703,0.253493040800095,119.09268951416,57.5389060974121,-2.12086415290833,-1.17753946781158,-2.5,0.178774565458298,70
738279.51083969126921147108,56.5486221313477,-0.869035124778748,10.7044076919556,0.0120410360395908,0.0095780286937952,42.473705291748,-71.3195419311523,110.933753967285,61.2694282531738,-0.940186262130737,0.538554847240448,119.193222045898,57.5594139099121,-1.93924617767334,-0.498058646917343,-2.50000047683716,0.171012580394745,70
738279.51084231492131948471,56.5564918518066,-0.662678360939026,10.6787176132202,0.0120410360395908,0.0095780286937952,42.4736824035645,-71.3193817138672,110.709259033203,60.7775230407715,-0.74514502286911,0.834514141082764,119.281661987305,57.559627532959,-1.74550902843475,0.171724960207939,-2.50000023841858,0.162888273596764,70
738279.51084488607011735439,56.5234375,-0.466220378875732,10.6679964065552,0.0120410360395908,0.0095780286937952,42.4736633300781,-71.3192367553711,110.536697387695,60.3464660644531,-0.558351814746857,1.13118588924408,119.348594665527,57.5232315063477,-1.55489921569824,0.517235636711121,-2.5,0.155015051364899,70
738279.51084748911671340466,56.4408531188965,-0.272689372301102,10.6666259765625,0.0120410360395908,0.0095780286937952,42.4736404418945,-71.3190765380859,110.40421295166,59.9494972229004,-0.376840740442276,1.37440669536591,119.390609741211,57.4405860900879,-1.35721611976624,0.722770154476166,-2.5,0.146898701786995,70
738279.51085008471272885799,56.3138771057129,-0.105421386659145,10.6619262695312,0.0120410360395908,0.0095780286937952,42.4736213684082,-71.3189239501953,110.313232421875,59.5968475341797,-0.237423211336136,0.961680233478546,119.394996643066,57.3144035339355,-1.16158401966095,0.844694018363953,-2.5,0.138840198516846,70
738279.51085267798043787479,56.1594619750977,0.0441115722060204,10.6402053833008,0.0120410360395908,0.0095780286937952,42.4735984802246,-71.3187713623047,110.25806427002,59.4351844787598,-0.125339210033417,0.403044164180756,119.352485656738,57.158561706543,-0.971131026744843,0.768714010715485,-2.5,0.130793303251266,70
738279.51085526007227599621,55.9933929443359,0.168935596942902,10.5984144210815,0.0120410360395908,0.0095780286937952,42.4735794067383,-71.3186187744141,110.233581542969,59.3783073425293,-0.0425709746778011,-0.154340326786041,119.258285522461,56.987850189209,-0.788754820823669,0.621184945106506,-2.50000023841858,0.122749239206314,70
738279.51085754542145878077,55.8444938659668,0.259920358657837,10.5456447601318,0.0120410360395908,0.0095780286937952,42.473560333252,-71.318489074707,110.233032226562,59.3493728637695,0.0188511610031128,-0.64391702413559,119.132911682129,56.8320846557617,-0.637218236923218,0.474148035049438,-2.50000047683716,0.115628324449062,70
738279.51086021505761891603,55.6672973632812,0.347291231155396,10.463207244873,0.0120410360395908,0.0095780286937952,42.4735374450684,-71.3183288574219,110.252998352051,59.3352394104004,0.0792554542422295,-1.20010042190552,118.936378479004,56.6431579589844,-0.470052629709244,0.306858837604523,-2.50000047683716,0.107145614922047,70
738279.51086280739400535822,55.5016899108887,0.409528732299805,10.36585521698,0.0120410360395908,0.0095780286937952,42.473518371582,-71.3181838989258,110.288436889648,59.3377342224121,0.125283524394035,-1.72087967395782,118.707855224609,56.4628753662109,-0.326527714729309,0.174154356122017,-2.48647284507751,0.099041111767292,70
738279.51086537621449679136,55.3378105163574,0.453836143016815,10.2486619949341,0.0120410360395908,0.0095780286937952,42.4734992980957,-71.3180313110352,110.336654663086,59.3517723083496,0.160185009241104,-2.25435853004456,118.440696716309,56.2806739807129,-0.197421550750732,0.0488986633718014,-2.44307160377502,0.0907310396432877,70
738279.51086791523266583681,55.1855125427246,0.480407208204269,10.1208972930908,0.0120410360395908,0.0095780286937952,42.4734802246094,-71.3178787231445,110.39079284668,59.3723793029785,0.182080015540123,-2.64465379714966,118.159225463867,56.107967376709,-0.0907922387123108,-0.114032685756683,-2.38833928108215,0.0827669948339462,70
738279.51087039464619010687,55.0366172790527,0.491928845643997,9.98755836486816,0.0120410360395908,0.0095780286937952,42.4734573364258,-71.3177337646484,110.449195861816,59.3965034484863,0.206575036048889,-2.54407024383545,117.859901428223,55.9376640319824,-0.00152838719077408,-0.267358332872391,-2.32764434814453,0.0748350247740746,70
738279.51087302563246339560,54.886474609375,0.499499350786209,9.85867023468018,0.0120410360395908,0.0095780286937952,42.4734382629395,-71.3175888061523,110.510429382324,59.4223213195801,0.236613556742668,-2.20894002914429,117.544609069824,55.7670860290527,0.0714538991451263,-0.322179615497589,-2.26312160491943,0.0668798759579659,70
738279.51087563869077712297,54.7344512939453,0.499002486467361,9.74059104919434,0.0120410360395908,0.0095780286937952,42.4734191894531,-71.3174362182617,110.573394775391,59.4488334655762,0.25184890627861,-1.86917555332184,117.217895507812,55.5966567993164,0.129186287522316,-0.321865141391754,-2.19597840309143,0.0589532665908337,70
738279.51087815104983747005,54.5853805541992,0.489642411470413,9.63732147216797,0.0120410360395908,0.0095780286937952,42.4734001159668,-71.3172912597656,110.634254455566,59.4733543395996,0.253505796194077,-1.53618705272675,116.893241882324,55.4317741394043,0.171870961785316,-0.294051647186279,-2.12883114814758,0.0513192862272263,70
738279.51088065479416400194,54.442455291748,0.471375614404678,9.54966735839844,0.0120410360395908,0.0095780286937952,42.4733848571777,-71.3171463012695,110.690383911133,59.4938201904297,0.243095681071281,-1.21431255340576,116.57740020752,55.2756652832031,0.201296761631966,-0.254457026720047,-2.0629346370697,0.0440594777464867,70
738279.51088320824783295393,54.299674987793,0.442689806222916,9.47248077392578,0.0120410360395908,0.0095780286937952,42.4733657836914,-71.3170013427734,110.743576049805,59.5096244812012,0.219691529870033,-0.880090832710266,116.249778747559,55.1214866638184,0.220364570617676,-0.210772708058357,-1.99392914772034,0.0366490855813026,70
738279.51088577532209455967,54.1591720581055,0.404983252286911,9.40885734558105,0.0120410360395908,0.0095780286937952,42.4733467102051,-71.3168563842773,110.788948059082,59.5177116394043,0.18739041686058,-0.548054993152618,115.929588317871,54.9718704223633,0.228260979056358,-0.165853932499886,-1.925368309021,0.0294792503118515,70
738279.51088838046416640282,54.010856628418,0.356879264116287,9.35561180114746,0.0120410360395908,0.0095780286937952,42.4733276367188,-71.3167037963867,110.825714111328,59.5162124633789,0.14565198123455,-0.207031771540642,115.607917785645,54.8163070678711,0.225531563162804,-0.114445813000202,-1.85533356666565,0.022296816110611,70
738279.51089093287009745836,53.8610801696777,0.300050795078278,9.31497859954834,0.0120410360395908,0.0095780286937952,42.4733085632324,-71.3165588378906,110.850021362305,59.503246307373,0.0971923172473907,0.125544145703316,115.300262451172,54.6614570617676,0.212766602635384,-0.0573778562247753,-1.78751087188721,0.0154614290222526,70
738279.51089354709256440401,53.7032623291016,0.231262445449829,9.28500366210938,0.0120410360395908,0.0095780286937952,42.4732933044434,-71.3164138793945,110.860916137695,59.4758071899414,0.0362571813166142,0.467765271663666,114.986473083496,54.5005035400391,0.189328387379646,0.00679470552131534,-1.71830105781555,0.00851989537477493,70
738279.51089604268781840801,53.5484199523926,0.153251841664314,9.26780319213867,0.0120410360395908,0.0095780286937952,42.473274230957,-71.3162689208984,110.85546875,59.4332160949707,-0.0345204174518585,0.799858927726746,114.684043884277,54.3447227478027,0.156685933470726,0.0713760852813721,-1.65195274353027,0.0018952654208988,70
738279.51089860312640666962,53.3946571350098,0.0651071444153786,9.26256942749023,0.0120410360395908,0.0095780286937952,42.4732551574707,-71.3161239624023,110.832023620605,59.3730964660645,-0.114495389163494,1.12925112247467,114.385108947754,54.1921463012695,0.114452481269836,0.13530632853508,-1.58723711967468,-0.0046194065362215,70
738279.51090109185315668583,53.2423782348633,-0.0322722643613815,9.26918601989746,0.0120410360395908,0.0095780286937952,42.4732398986816,-71.3159866333008,110.788619995117,59.2934455871582,-0.203099235892296,1.45683419704437,114.08918762207,54.0432167053223,0.0625664219260216,0.197183638811111,-1.52427697181702,-0.0110434610396624,70
738279.51090360968373715878,53.0896148681641,-0.140585452318192,9.28787231445312,0.0120410360395908,0.0095780286937952,42.4732208251953,-71.3158416748047,110.72216796875,59.1906852722168,-0.303423792123795,1.78813576698303,113.791877746582,53.8961181640625,-7.37236987333745e-05,0.257462203502655,-1.46235799789429,-0.0175304263830185,70
738279.51090611540712416172,52.9390106201172,-0.255681931972504,9.3177433013916,0.0120410360395908,0.0095780286937952,42.473201751709,-71.3157043457031,110.632438659668,59.135871887207,-0.414420068264008,2.11562156677246,113.502197265625,53.7533683776855,-0.0716976523399353,0.316002190113068,-1.40337145328522,-0.023924708366394,70
738279.51090871763881295919,52.7817115783691,-0.382909864187241,9.35870552062988,0.0120410360395908,0.0095780286937952,42.4731864929199,-71.315559387207,110.514251708984,59.1539688110352,-0.548802435398102,2.44270253181458,113.21036529541,53.6063537597656,-0.154783457517624,0.383221536874771,-1.34561133384705,-0.0304922088980675,70
738279.51091120112687349319,52.6269416809082,-0.564550697803497,9.38018321990967,0.0120410360395908,0.0095780286937952,42.4731674194336,-71.3154220581055,110.364624023438,59.1386451721191,-0.709873378276825,0.902001857757568,112.926818847656,53.459342956543,-0.247071996331215,0.820172309875488,-1.29159450531006,-0.0370023250579834,70
738279.51091376843396574259,52.4865798950195,-0.749133467674255,9.32770824432373,0.0120410360395908,0.0095780286937952,42.4731483459473,-71.3152847290039,110.170074462891,59.0809364318848,-0.897223830223083,-3.30007886886597,112.639373779297,53.3142433166504,-0.357034802436829,0.716576337814331,-1.24035704135895,-0.0437396205961704,70
738279.51091635983902961016,52.3744163513184,-0.937303125858307,9.17845058441162,0.0120410360395908,0.0095780286937952,42.4731292724609,-71.3151397705078,109.936614990234,58.9827194213867,-1.05727732181549,-5.61790323257446,112.355316162109,53.1808433532715,-0.482461988925934,-0.228830367326736,-1.19374799728394,-0.0505318120121956,70
738279.51091909827664494514,52.2719230651855,-1.12539637088776,8.97341537475586,0.0120410360395908,0.0095780286937952,42.4731101989746,-71.3149871826172,109.642372131348,58.8305282592773,-1.2625972032547,-4.92974472045898,112.056350708008,53.0484962463379,-0.63210266828537,-0.658756256103516,-1.14936506748199,-0.0578334629535675,70
738279.51092154660727828741,52.1796188354492,-1.30926418304443,8.79407596588135,0.0120410360395908,0.0095780286937952,42.4730949401855,-71.3148498535156,109.334861755371,58.6510696411133,-1.4435703754425,-4.81622743606567,111.789749145508,52.9316787719727,-0.779134094715118,-0.727654337882996,-1.11364221572876,-0.0644215792417526,70
738279.51092407526448369026,52.0953712463379,-1.52549862861633,8.59239101409912,0.0120410360395908,0.0095780286937952,42.4730796813965,-71.3147125244141,108.979309082031,58.423023223877,-1.64430677890778,-6.849196434021,111.526802062988,52.8212471008301,-0.937470972537994,-0.684578061103821,-1.08255434036255,-0.0710044950246811,70
738279.51092657947447150946,52.0273475646973,-1.73785722255707,8.35300159454346,0.0120410360395908,0.0095780286937952,42.4730606079102,-71.3145751953125,108.580627441406,58.1491470336914,-1.8421049118042,-7.94296073913574,111.273010253906,52.7222709655762,-1.10559916496277,-1.36643362045288,-1.05714929103851,-0.0774009972810745,70
738279.51092908123973757029,51.9685668945312,-1.94185757637024,8.09395408630371,0.0120410360395908,0.0095780286937952,42.4730453491211,-71.3144378662109,108.132705688477,57.8248672485352,-2.07665157318115,-7.5710883140564,111.026435852051,52.630931854248,-1.28521084785461,-1.94022309780121,-1.03738307952881,-0.0836365446448326,70
738279.51093150582164525986,51.9139747619629,-2.1496205329895,7.84783887863159,0.0120410360395908,0.0095780286937952,42.473030090332,-71.3143005371094,107.648010253906,57.4596099853516,-2.32019090652466,-7.2254810333252,110.795036315918,52.5477905273438,-1.46924841403961,-2.38708257675171,-1.02380847930908,-0.0894723013043404,70
738279.51093395706266164780,51.8668556213379,-2.35664653778076,7.61131238937378,0.0120410360395908,0.0095780286937952,42.4730186462402,-71.3141708374023,107.139587402344,57.063907623291,-2.56276392936707,-6.90169811248779,110.584167480469,52.4752960205078,-1.65168797969818,-2.46553921699524,-1.01641929149628,-0.094752624630928,70
738279.51093645789660513401,51.8222579956055,-2.58415794372559,7.3654465675354,0.0120410360395908,0.0095780286937952,42.4730033874512,-71.3140335083008,106.554389953613,56.5957832336426,-2.81217908859253,-6.53856563568115,110.373237609863,52.4068145751953,-1.85090172290802,-2.35345554351807,-1.01493084430695,-0.0999528244137764,70
738279.51093896187376230955,51.782039642334,-2.81824111938477,7.13269233703613,0.0120410360395908,0.0095780286937952,42.4729881286621,-71.3138961791992,105.918190002441,56.0745697021484,-3.02395391464233,-5.76671457290649,110.175659179688,52.3468933105469,-2.05642533302307,-2.19060087203979,-1.02034330368042,-0.104697547852993,70
738279.51094145525712519884,51.7448539733887,-3.03944063186646,6.93061542510986,0.0120410360395908,0.0095780286937952,42.4729766845703,-71.3137664794922,105.252243041992,55.518497467041,-3.21762704849243,-4.62248754501343,109.996917724609,52.2953338623047,-2.26168513298035,-1.96417045593262,-1.03251600265503,-0.108829252421856,70
738279.51094399311114102602,51.7068405151367,-3.26132202148438,6.75267505645752,0.0120410360395908,0.0095780286937952,42.4729652404785,-71.3136291503906,104.514495849609,54.8928108215332,-3.3776867389679,-3.49403023719788,109.825401306152,52.2477951049805,-2.47877645492554,-1.48647928237915,-1.05238580703735,-0.112612709403038,70
738279.51094645727425813675,51.6697769165039,-3.43807554244995,6.60489320755005,0.0120410360395908,0.0095780286937952,42.4729499816895,-71.3134918212891,103.747573852539,54.2344360351562,-3.48491978645325,-3.12462663650513,109.670684814453,52.2035522460938,-2.69316577911377,-1.18347215652466,-1.07902050018311,-0.115814290940762,70
738279.51094891678076237440,51.6360092163086,-3.61027026176453,6.47233009338379,0.0120410360395908,0.0095780286937952,42.4729385375977,-71.313362121582,102.95320892334,53.5460815429688,-3.63228416442871,-2.75910377502441,109.530364990234,52.1651458740234,-2.90146064758301,-0.964599907398224,-1.11179316043854,-0.118490293622017,70
738279.51095141144469380379,51.6057929992676,-3.77962183952332,6.35360622406006,0.0120410360395908,0.0095780286937952,42.4729270935059,-71.3132247924805,102.126373291016,52.8236846923828,-3.78322315216064,-2.36578702926636,109.402755737305,52.1326370239258,-3.10285997390747,-0.789026618003845,-1.1505446434021,-0.120699740946293,70
738279.51095394126605242491,51.5785293579102,-3.95479869842529,6.24473142623901,0.0120410360395908,0.0095780286937952,42.4729156494141,-71.3130874633789,101.229095458984,52.0339279174805,-3.9334921836853,-1.97868132591248,109.282737731934,52.1054878234863,-3.30559515953064,-0.63226705789566,-1.19724273681641,-0.122536472976208,70
738279.51095650589559227228,51.558162689209,-4.12282991409302,6.14921236038208,0.0120410360395908,0.0095780286937952,42.4729042053223,-71.3129501342773,100.284812927246,51.1972923278809,-4.07084512710571,-1.63800525665283,109.175170898438,52.0869903564453,-3.50359082221985,-0.51507443189621,-1.25107777118683,-0.12393119931221,70
738279.51095903036184608936,51.5478477478027,-4.27601337432861,6.06856918334961,0.0120410360395908,0.0095780286937952,42.4728927612305,-71.3128128051758,99.3261413574219,50.3431358337402,-4.24154472351074,-1.33580005168915,109.084197998047,52.0796737670898,-3.69052672386169,-0.431256175041199,-1.31018805503845,-0.124880447983742,70
738279.51096150814555585384,51.5478324890137,-4.45795154571533,6.0006628036499,0.0120410360395908,0.0095780286937952,42.4728813171387,-71.3126754760742,98.3324127197266,49.4532470703125,-4.54648065567017,-1.04883503913879,109.008712768555,52.087043762207,-3.87090921401978,-0.382834821939468,-1.37558543682098,-0.125451475381851,70
738279.51096404087729752064,51.5591812133789,-4.67117643356323,5.94384384155273,0.0120410360395908,0.0095780286937952,42.4728698730469,-71.3125381469727,97.2788238525391,48.6090393066406,-4.82679605484009,-0.758098006248474,108.950492858887,52.1104431152344,-4.05183124542236,-0.338225901126862,-1.44901180267334,-0.12566976249218,70
738279.51096653891727328300,51.5813369750977,-4.88753604888916,5.90010166168213,0.0120410360395908,0.0095780286937952,42.4728584289551,-71.3124008178711,96.217529296875,47.8820037841797,-5.07847356796265,-0.478630542755127,108.914459228516,52.1472282409668,-4.22908973693848,-0.302220046520233,-1.52734923362732,-0.125565215945244,70
738279.51096920738928020000,51.6203498840332,-5.12472867965698,5.86516332626343,0.0120410360395908,0.0095780286937952,42.4728469848633,-71.312255859375,95.0242233276367,47.048267364502,-5.33465909957886,-0.1799196600914,108.899963378906,52.2046318054199,-4.42717981338501,-0.275098085403442,-1.62057816982269,-0.125139936804771,70
738279.51097188564017415047,51.6794090270996,-5.36029148101807,5.84315347671509,0.0120410360395908,0.0095780286937952,42.4728355407715,-71.3121185302734,93.78515625,46.166618347168,-5.57703447341919,0.114547535777092,108.912979125977,52.2841873168945,-4.63191270828247,-0.258315354585648,-1.72300457954407,-0.124433696269989,70
738279.51097439450677484274,51.7611274719238,-5.59075832366943,5.83377552032471,0.0120410360395908,0.0095780286937952,42.4728240966797,-71.3119735717773,92.4980850219727,45.2360305786133,-5.80609560012817,0.405940413475037,108.956352233887,52.388011932373,-4.84315395355225,-0.247629344463348,-1.83511257171631,-0.123480468988419,70
738279.51097699103411287069,51.8639221191406,-5.80588054656982,5.83678293228149,0.0120410360395908,0.0095780286937952,42.4728126525879,-71.3118362426758,91.2119598388672,44.2933654785156,-6.01256847381592,0.684578001499176,109.030181884766,52.5132637023926,-5.05126523971558,-0.245800212025642,-1.95258259773254,-0.122354499995708,70
738279.51097972725983709097,52.0117568969727,-6.02737808227539,5.85480546951294,0.0120410360395908,0.0095780286937952,42.4728012084961,-71.3116912841797,89.7633361816406,43.2185974121094,-6.21719408035278,0.986154735088348,109.150939941406,52.6861572265625,-5.28121995925903,-0.274941444396973,-2.09092926979065,-0.120926387608051,70
738279.51098235952667891979,52.1949348449707,-6.22687578201294,5.88730573654175,0.0120410360395908,0.0095780286937952,42.4727897644043,-71.3115386962891,88.3068389892578,42.1266670227051,-6.39486169815063,1.27973556518555,109.314178466797,52.8937187194824,-5.50434303283691,-0.340689778327942,-2.23614144325256,-0.119375668466091,70
738279.51098489179275929928,52.397891998291,-6.39980220794678,5.92958831787109,0.0120410360395908,0.0095780286937952,42.4727783203125,-71.3114013671875,86.8586044311523,41.0319747924805,-6.54174423217773,1.56458556652069,109.520439147949,53.1192665100098,-5.7163200378418,-0.390404433012009,-2.37905669212341,-0.117753483355045,70
738279.51098746398929506540,52.6208839416504,-6.55085039138794,5.98107385635376,0.0120410360395908,0.0095780286937952,42.4727668762207,-71.3112564086914,85.3776779174805,39.9052467346191,-6.66336822509766,1.84897375106812,109.776191711426,53.3633232116699,-5.92127323150635,-0.409456819295883,-2.45213007926941,-0.11603768914938,70
738279.51099001057446002960,52.8550682067871,-6.68039751052856,6.04093313217163,0.0120410360395908,0.0095780286937952,42.4727554321289,-71.3111190795898,83.859001159668,38.7360191345215,-6.76578092575073,2.13573217391968,110.082077026367,53.6169624328613,-6.11718082427979,-0.40230455994606,-2.48113536834717,-0.114241100847721,70
738279.51099274388980120420,53.090705871582,-6.79172658920288,6.10904884338379,0.0120410360395908,0.0095780286937952,42.4727401733398,-71.3109664916992,82.2603530883789,37.5069961547852,-6.84596824645996,2.43258786201477,110.44506072998,53.8708724975586,-6.3063793182373,-0.343335866928101,-2.49281311035156,-0.112332716584206,70
738279.51099541760049760342,53.3059997558594,-6.88274478912354,6.18301200866699,0.0120410360395908,0.0095780286937952,42.472728729248,-71.3108139038086,80.6160507202148,36.2562675476074,-6.9030237197876,2.73148131370544,110.849174499512,54.102970123291,-6.48132610321045,-0.224857345223427,-2.49730014801025,-0.110378347337246,70
738279.51099815813358873129,53.494270324707,-6.95724725723267,6.26377248764038,0.0120410360395908,0.0095780286937952,42.4727172851562,-71.310661315918,78.9309692382812,34.9476089477539,-6.94205760955811,3.03122043609619,111.278793334961,54.3072280883789,-6.6395115852356,-0.079446405172348,-2.49899888038635,-0.1083959415555,70
738279.51100067340303212404,53.6557960510254,-7.01489067077637,6.34664487838745,0.0120410360395908,0.0095780286937952,42.4727058410645,-71.3105239868164,77.3569946289062,33.739875793457,-6.96588516235352,3.30362606048584,111.678237915039,54.483325958252,-6.76806497573853,0.0551396273076534,-2.49959921836853,-0.106595240533352,70
738279.51100317691452801228,53.7985687255859,-7.061598777771,6.4352502822876,0.0120410360395908,0.0095780286937952,42.4726943969727,-71.3103790283203,75.8091812133789,32.5266914367676,-6.98085594177246,3.56643271446228,112.062255859375,54.6403198242188,-6.87800550460815,0.180854976177216,-2.49983596801758,-0.104885526001453,70
738279.51100573118310421705,53.9381294250488,-7.10022401809692,6.53738164901733,0.0120410360395908,0.0095780286937952,42.4726791381836,-71.3102340698242,74.1605224609375,31.2506999969482,-6.98331499099731,3.75473022460938,112.457160949707,54.7948188781738,-6.97902536392212,0.314604699611664,-2.49993658065796,-0.103149592876434,70
738279.51100821804720908403,54.0671653747559,-7.12793159484863,6.64007520675659,0.0120410360395908,0.0095780286937952,42.4726676940918,-71.3100967407227,72.6096420288086,30.0535984039307,-6.98119449615479,3.87421536445618,112.811065673828,54.9377479553223,-7.05984306335449,0.400737553834915,-2.49997401237488,-0.101631909608841,70
738279.51101118710357695818,54.1975402832031,-7.16030168533325,6.74699544906616,0.0120410360395908,0.0095780286937952,42.47265625,-71.3099517822266,71.0314178466797,28.8274536132812,-6.90624141693115,3.91719961166382,113.155838012695,55.0832595825195,-7.129638671875,0.528897345066071,-2.49998927116394,-0.100207224488258,70
738279.51101367315277457237,54.3532562255859,-7.10018920898438,6.81638050079346,0.0120410360395908,0.0095780286937952,42.4726409912109,-71.3097839355469,69.1755294799805,27.3879833221436,-6.2949800491333,-0.183103904128075,113.545875549316,55.2372360229492,-7.20068073272705,0.979527175426483,-2.49999642372131,-0.0987156629562378,70
738279.51101620635017752647,54.5246734619141,-6.81681489944458,6.7326774597168,0.0120410360395908,0.0095780286937952,42.4726257324219,-71.3096313476562,67.5344848632812,26.1253795623779,-5.85405588150024,-4.44670391082764,113.883293151855,55.3600730895996,-7.2380895614624,0.450114041566849,-2.49999833106995,-0.0975657254457474,70
738279.51101868599653244019,54.6937866210938,-6.54761171340942,6.5409083366394,0.0120410360395908,0.0095780286937952,42.4726142883301,-71.3094940185547,66.0527114868164,25.0123462677002,-5.84624195098877,-5.34356307983398,114.185111999512,55.4713020324707,-7.22262477874756,-0.764761745929718,-2.49999928474426,-0.0966119468212128,70
738279.51102117169648408890,54.8502197265625,-6.34234857559204,6.33006191253662,0.0120410360395908,0.0095780286937952,42.4726028442383,-71.3093490600586,64.6465377807617,23.9637107849121,-5.68604135513306,-4.68843078613281,114.46549987793,55.5773468017578,-7.15691900253296,-1.16419661045074,-2.49999952316284,-0.0957068055868149,70
738279.51102371572051197290,54.9929695129395,-6.05878305435181,6.11714601516724,0.0120410360395908,0.0095780286937952,42.4725914001465,-71.3092041015625,63.2306022644043,22.6001434326172,-4.52617311477661,-4.25088119506836,114.737754821777,55.6628684997559,-7.04950571060181,-1.0718275308609,-2.49999952316284,-0.0946879312396049,70
738279.51102629723027348518,55.1254615783691,-5.43115425109863,5.89368152618408,0.0120410360395908,0.0095780286937952,42.4725799560547,-71.3090591430664,61.9250907897949,21.213903427124,-3.59875440597534,-3.83246684074402,114.979675292969,55.705020904541,-6.89714193344116,-1.06703341007233,-2.49999952316284,-0.0934782773256302,70
738279.51102885394357144833,55.2415199279785,-4.95394086837769,5.69491100311279,0.0120410360395908,0.0095780286937952,42.4725685119629,-71.3089065551758,60.7216300964355,19.9106788635254,-3.72759652137756,-3.17877721786499,115.190895080566,55.7548141479492,-6.66351270675659,-1.07682883739471,-2.49999928474426,-0.0919310227036476,70
738279.51103134453296661377,55.3424186706543,-4.68643617630005,5.53840780258179,0.0120410360395908,0.0095780286937952,42.4725570678711,-71.3087615966797,59.642147064209,18.7659645080566,-3.42034769058228,-2.41933345794678,115.367195129395,55.8159484863281,-6.37865400314331,-1.00993061065674,-2.49999928474426,-0.090072900056839,70
738279.51103394350502640009,55.4183044433594,-4.23833656311035,5.41769790649414,0.0120410360395908,0.0095780286937952,42.4725456237793,-71.3086090087891,58.592212677002,17.7077312469482,-1.9114089012146,-0.139417633414268,115.527549743652,55.843563079834,-6.05220174789429,-1.0028703212738,-2.5,-0.0876856595277786,70
738279.51103650173172354698,55.4408149719238,-3.43182277679443,5.419189453125,0.0120410360395908,0.0095780286937952,42.4725379943848,-71.3084564208984,57.705207824707,16.7833633422852,-1.12612974643707,4.05861282348633,115.650772094727,55.8106536865234,-5.6954402923584,-0.609976410865784,-2.5,-0.0848604291677475,70
738279.51103905797936022282,55.4194183349609,-2.91720247268677,5.56318235397339,0.0120410360395908,0.0095780286937952,42.472526550293,-71.3083114624023,56.967357635498,16.0085735321045,-1.24452543258667,6.17465114593506,115.73560333252,55.774284362793,-5.27943086624146,0.595525324344635,-2.5,-0.0816230326890945,70
738279.51104162202682346106,55.3735733032227,-2.62991547584534,5.75024127960205,0.0120410360395908,0.0095780286937952,42.4725151062012,-71.3081588745117,56.3019523620605,15.2419395446777,-0.490796655416489,6.0132851600647,115.791389465332,55.7334213256836,-4.82141876220703,1.14760661125183,-2.50000047683716,-0.0779851526021957,70
738279.51104420213960111141,55.2844009399414,-1.90677630901337,5.94750738143921,0.0120410360395908,0.0095780286937952,42.4725036621094,-71.3080139160156,55.7556304931641,14.6080484390259,1.06062805652618,4.17045116424561,115.813591003418,55.6360816955566,-4.36718416213989,1.34278559684753,-2.5,-0.0741992071270943,70
738279.51104667247273027897,55.1574516296387,-1.04572677612305,6.09966707229614,0.0120410360395908,0.0095780286937952,42.4724922180176,-71.3078689575195,55.4083023071289,14.1541566848755,1.16734135150909,3.71275734901428,115.793838500977,55.5035514831543,-3.88580417633057,0.947248816490173,-2.50000023841858,-0.0704217478632927,70
738279.51104924536775797606,55.0296478271484,-0.572644948959351,6.21503925323486,0.0120410360395908,0.0095780286937952,42.4724807739258,-71.3077163696289,55.1912879943848,13.8592462539673,1.21855127811432,3.80858373641968,115.736656188965,55.3824577331543,-3.34059548377991,0.608532071113586,-2.5,-0.0666132494807243,70
738279.51105171814560890198,54.884822845459,-0.0581122487783432,6.33331346511841,0.0120410360395908,0.0095780286937952,42.472469329834,-71.3075714111328,55.0807685852051,13.6417512893677,1.7252676486969,4.09261035919189,115.64900970459,55.2490539550781,-2.79180884361267,0.543765127658844,-2.5,-0.0630334839224815,70
738279.51105426251888275146,54.724853515625,0.397104740142822,6.46184730529785,0.0120410360395908,0.0095780286937952,42.4724578857422,-71.3074264526367,55.0824737548828,13.5596799850464,1.50049459934235,4.38198757171631,115.524635314941,55.1064682006836,-2.22083520889282,0.45634913444519,-2.5,-0.0595171339809895,70
738279.51105672458652406931,54.5803985595703,0.638054966926575,6.58454084396362,0.0120410360395908,0.0095780286937952,42.4724426269531,-71.3072814941406,55.1530342102051,13.5315437316895,1.29933154582977,4.65900421142578,115.377029418945,54.9798469543457,-1.68307650089264,0.43043977022171,-2.49999952316284,-0.0563451685011387,70
738279.51105921471025794744,54.4324913024902,0.774154424667358,6.70614624023438,0.0120410360395908,0.0095780286937952,42.4724311828613,-71.3071365356445,55.2611351013184,13.5411014556885,1.19845306873322,4.93249464035034,115.211822509766,54.8495025634766,-1.19853663444519,0.471623301506042,-2.5,-0.0534967482089996,70
738279.51106167759280651808,54.2618217468262,0.841810822486877,6.829909324646,0.0120410360395908,0.0095780286937952,42.4724197387695,-71.306999206543,55.3917655944824,13.5824604034424,1.13554525375366,5.2130331993103,115.025901794434,54.6964492797852,-0.770426571369171,0.58178836107254,-2.5,-0.0509111769497395,70
738279.51106422033626586199,54.0620536804199,0.85977029800415,6.95677042007446,0.0120410360395908,0.0095780286937952,42.4724044799805,-71.3068542480469,55.531322479248,13.6253480911255,1.08755874633789,5.49860382080078,114.818801879883,54.5145988464355,-0.414215713739395,0.688728034496307,-2.5,-0.0486576780676842,70
738279.51106676307972520590,53.8303680419922,0.832816004753113,7.08370685577393,0.0120410360395908,0.0095780286937952,42.4723930358887,-71.3067092895508,55.6709136962891,13.6719264984131,1.0246753692627,5.56671333312988,114.584182739258,54.300838470459,-0.129950240254402,0.866602778434753,-2.50000047683716,-0.0467556901276112,70
738279.51106927439104765654,53.5720710754395,0.761685609817505,7.184494972229,0.0120410360395908,0.0095780286937952,42.4723777770996,-71.3065643310547,55.7992820739746,13.7107915878296,0.902266025543213,4.00184297561646,114.315742492676,54.0570411682129,0.08397326618433,1.11019420623779,-2.5,-0.0452428497374058,70
738279.51107183378189802170,53.2875709533691,0.668980419635773,7.23722887039185,0.0120410360395908,0.0095780286937952,42.4723663330078,-71.3064270019531,55.9114074707031,13.7042999267578,0.738436877727509,2.6346275806427,114.007369995117,53.7809448242188,0.232568144798279,0.820407927036285,-2.49999952316284,-0.0441341735422611,70
738279.51107439969200640917,52.9190902709961,0.542717516422272,7.24985885620117,0.0120410360395908,0.0095780286937952,42.4723510742188,-71.306282043457,55.999153137207,13.7264909744263,0.590559601783752,2.93274831771851,113.650703430176,53.4161491394043,0.322222024202347,0.678328275680542,-2.49999976158142,-0.0434406623244286,70
738279.51107695268001407385,52.4959297180176,0.36296221613884,7.25736808776855,0.0120410360395908,0.0095780286937952,42.4723358154297,-71.3061370849609,56.053882598877,13.6835680007935,0.428909122943878,3.14766407012939,113.23119354248,52.996452331543,0.358419090509415,0.737099647521973,-2.5,-0.0431479848921299,70
738279.51107949519064277411,52.0532073974609,0.13525502383709,7.24974298477173,0.0120410360395908,0.0095780286937952,42.4723243713379,-71.3059997558594,56.0616416931152,13.6020956039429,0.204030647873878,2.05829763412476,112.743507385254,52.5558128356934,0.344527304172516,0.908034861087799,-2.49999904632568,-0.0432223044335842,70
738279.51108210289385169744,51.6087608337402,-0.132745683193207,7.21988725662231,0.0120410360395908,0.0095780286937952,42.4723091125488,-71.3058547973633,56.0155258178711,13.461220741272,-0.0733194798231125,1.27306413650513,112.166641235352,52.111499786377,0.280964136123657,0.557522416114807,-2.5,-0.0436395667493343,70
738279.51108475436922162771,51.1618690490723,-0.424461543560028,7.18152093887329,0.0120410360395908,0.0095780286937952,42.4722938537598,-71.3057098388672,55.9025840759277,13.2636260986328,-0.349188148975372,1.62235796451569,111.499626159668,51.6651840209961,0.165823310613632,0.231639742851257,-2.5,-0.0443951785564423,70
738279.51108735229354351759,50.7403717041016,-0.734770536422729,7.15651988983154,0.0120410360395908,0.0095780286937952,42.4722785949707,-71.3055725097656,55.7265129089355,13.0048112869263,-0.642666757106781,1.91409397125244,110.804595947266,51.2478370666504,0.0119686787948012,-0.0938665270805359,-2.5,-0.0453982129693031,70
738279.51108996313996613026,50.3245162963867,-1.07896029949188,7.13582992553711,0.0120410360395908,0.0095780286937952,42.4722671508789,-71.3054351806641,55.4728164672852,12.7268409729004,-0.971784949302673,2.14704704284668,110.060478210449,50.8393669128418,-0.183912590146065,-0.252618461847305,-2.5,-0.0466628782451153,70
738279.51109264465048909187,49.9295806884766,-1.45353174209595,7.09984111785889,0.0120410360395908,0.0095780286937952,42.4722518920898,-71.3052978515625,55.139087677002,12.376482963562,-1.28247261047363,0.937232077121735,109.303001403809,50.4527854919434,-0.414295852184296,-0.086320161819458,-2.5,-0.0481362454593182,70
738279.51109518308658152819,49.5508155822754,-1.81654155254364,7.02381563186646,0.0120410360395908,0.0095780286937952,42.4722366333008,-71.3051605224609,54.7175636291504,11.9417448043823,-1.62244689464569,-0.88170725107193,108.527450561523,50.0791091918945,-0.681755125522614,-0.139738783240318,-2.5,-0.0498362965881824,70
738279.51109783386345952749,49.1989402770996,-2.19756674766541,6.90486860275269,0.0120410360395908,0.0095780286937952,42.472225189209,-71.3050231933594,54.2178611755371,11.429123878479,-1.84563529491425,-2.23609662055969,107.766868591309,49.7296905517578,-0.972243666648865,-0.492842823266983,-2.49999952316284,-0.0516706071794033,70
738279.51110054762102663517,48.8599052429199,-2.50203061103821,6.75803899765015,0.0120410360395908,0.0095780286937952,42.4722099304199,-71.3048858642578,53.6344146728516,10.8131694793701,-1.88315153121948,-1.84248542785645,107.011756896973,49.3884773254395,-1.28638887405396,-0.607251286506653,-2.5,-0.0536203272640705,70
738279.51110333483666181564,48.5140228271484,-2.78635048866272,6.61382532119751,0.0120410360395908,0.0095780286937952,42.4721984863281,-71.3047485351562,52.9591407775879,10.1176977157593,-1.85996758937836,-1.46587514877319,106.242225646973,49.0419883728027,-1.62141060829163,-0.512534976005554,-2.5,-0.0556975603103638,70
738279.51110605348367244005,48.1632232666016,-2.97909998893738,6.4707465171814,0.0120410360395908,0.0095780286937952,42.4721832275391,-71.3046035766602,52.2253761291504,9.38984203338623,-1.64294624328613,-1.37089812755585,105.48991394043,48.687183380127,-1.95040512084961,-0.551009178161621,-2.50000023841858,-0.0577371567487717,70
738279.51110883010551333427,47.8235778808594,-3.12542319297791,6.33147192001343,0.0120410360395908,0.0095780286937952,42.4721717834473,-71.3044738769531,51.4680290222168,8.60956478118896,-1.5712468624115,-1.27914845943451,104.764595031738,48.3420143127441,-2.25117897987366,-0.599059998989105,-2.50000023841858,-0.059638500213623,70
738279.51111156598199158907,47.4851036071777,-3.2627534866333,6.19352960586548,0.0120410360395908,0.0095780286937952,42.4721565246582,-71.304328918457,50.6602897644043,7.80072593688965,-1.59404957294464,-1.10803329944611,104.033531188965,47.9983367919922,-2.52695775032043,-0.62353104352951,-2.5,-0.0614345781505108,70
738279.51111427531577646732,47.1601791381836,-3.4353940486908,6.06655693054199,0.0120410360395908,0.0095780286937952,42.4721450805664,-71.30419921875,49.823112487793,7.00047731399536,-1.78802859783173,-0.714301109313965,103.318222045898,47.6727142333984,-2.76863670349121,-0.604181051254272,-2.49999976158142,-0.0630192756652832,70
738279.51111690711695700884,46.8532180786133,-3.628413438797,5.96069526672363,0.0120410360395908,0.0095780286937952,42.4721336364746,-71.304069519043,48.9769592285156,6.29141235351562,-1.0963693857193,-0.101303368806839,102.650276184082,47.3700256347656,-2.9788601398468,-0.482049018144608,-2.5,-0.0643183812499046,70
738279.51111950713675469160,46.5507736206055,-3.46734285354614,5.87821292877197,0.0120410360395908,0.0095780286937952,42.4721221923828,-71.3039398193359,48.148265838623,5.58743238449097,0.436380684375763,0.608878910541534,102.004699707031,47.0483856201172,-3.16717052459717,-0.24546679854393,-2.50000047683716,-0.065364234149456,70
738279.51112218236085027456,46.2183685302734,-2.98283433914185,5.81394052505493,0.0120410360395908,0.0095780286937952,42.472110748291,-71.3038101196289,47.3641166687012,4.93532037734985,0.624882996082306,0.674153685569763,101.308364868164,46.6780128479004,-3.30395007133484,-0.151578307151794,-2.50000023841858,-0.0662439167499542,70
738279.51112482498865574598,45.895694732666,-2.96529960632324,5.75120878219604,0.0120410360395908,0.0095780286937952,42.4720993041992,-71.3036804199219,46.6518249511719,4.35612630844116,-0.0450714305043221,0.761967122554779,100.623573303223,46.3495864868164,-3.34003639221191,-0.19556500017643,-2.5,-0.066893994808197,70
738279.51112745387945324183,45.5839385986328,-2.91742277145386,5.70049810409546,0.0120410360395908,0.0095780286937952,42.4720878601074,-71.3035507202148,45.9316520690918,3.76673460006714,1.24317610263824,0.854580402374268,99.9353561401367,46.0315399169922,-3.32733988761902,-0.195490658283234,-2.5,-0.0673424154520035,70
738279.51113014470320194960,45.5011024475098,-2.53445935249329,5.69221639633179,0.0120410360395908,0.0095780286937952,42.4720764160156,-71.3034286499023,45.2684516906738,3.23554158210754,2.35244798660278,0.860856473445892,99.1761245727539,45.9257583618164,-3.28368663787842,-0.298203468322754,-2.5,-0.0676258876919746,70
738279.51113277080003172159,45.5913200378418,-2.09200382232666,5.71316194534302,0.0120410360395908,0.0095780286937952,42.4720649719238,-71.3032989501953,44.697681427002,2.807288646698,2.86958050727844,0.814590692520142,98.3958740234375,45.9954872131348,-3.1802830696106,-0.620378315448761,-2.5,-0.0677715688943863,70
738279.51113545126281678677,45.6085815429688,-1.60881197452545,5.72248363494873,0.0120410360395908,0.0095780286937952,42.472053527832,-71.3031768798828,44.2485733032227,2.4875054359436,3.57676386833191,0.869317293167114,97.7066879272461,45.994327545166,-3.01128530502319,-0.876554310321808,-2.5,-0.067802406847477,70
738279.51113825605716556311,45.5789031982422,-0.981316030025482,5.72446823120117,0.0120410360395908,0.0095780286937952,42.4720420837402,-71.3030395507812,43.9007911682129,2.27824473381042,4.41085433959961,0.969357669353485,97.0479507446289,45.9474601745605,-2.74901366233826,-0.922669053077698,-2.5,-0.067745566368103,70
738279.51114110718481242657,45.4934921264648,-0.301968812942505,5.71791839599609,0.0120410360395908,0.0095780286937952,42.4720268249512,-71.3029098510742,43.713924407959,2.21811890602112,4.52331352233887,0.991102874279022,96.4806213378906,45.852409362793,-2.40370798110962,-0.89347767829895,-2.50000023841858,-0.0676164329051971,70
738279.51114389440044760704,45.4133567810059,-0.014109424315393,5.70476961135864,0.0120410360395908,0.0095780286937952,42.4720153808594,-71.3027725219727,43.6522674560547,2.29539275169373,3.17863845825195,1.25860488414764,96.0129547119141,45.7702713012695,-1.98417234420776,-0.831829488277435,-2.50000023841858,-0.067439891397953,70
738279.51114668429363518953,45.3645057678223,-0.152037516236305,5.69210910797119,0.0120410360395908,0.0095780286937952,42.4720039367676,-71.3026428222656,43.5908660888672,2.36505627632141,3.12796950340271,1.54185652732849,95.6592712402344,45.7204742431641,-1.56099879741669,-0.54433012008667,-2.50000023841858,-0.067232146859169,70
738279.51114942785352468491,45.297981262207,0.0357712060213089,5.69785833358765,0.0120410360395908,0.0095780286937952,42.4719924926758,-71.3025131225586,43.5299034118652,2.40150260925293,4.38841724395752,1.82417905330658,95.3918075561523,45.6549453735352,-1.21074080467224,-0.246996864676476,-2.50000023841858,-0.0669926404953003,70
738279.51115205755922943354,45.2045822143555,0.419907867908478,5.71496438980103,0.0120410360395908,0.0095780286937952,42.471981048584,-71.3023834228516,43.5467681884766,2.51699423789978,4.86430931091309,1.93659842014313,95.178596496582,45.5663375854492,-0.926550447940826,-0.0870008170604706,-2.5,-0.0667394399642944,70
738279.51115463429596275091,45.1062622070312,0.67198121547699,5.72871208190918,0.0120410360395908,0.0095780286937952,42.4719696044922,-71.3022613525391,43.6335372924805,2.6771764755249,4.89162969589233,1.8706955909729,95.0013046264648,45.473560333252,-0.655699074268341,-0.0121077708899975,-2.49999976158142,-0.0664833039045334,70
738279.51115716679487377405,45.0063438415527,0.875761449337006,5.7262396812439,0.0120410360395908,0.0095780286937952,42.4719581604004,-71.3021392822266,43.767936706543,2.88691091537476,4.8911828994751,0.992038488388062,94.8621673583984,45.377613067627,-0.395478159189224,0.0410360507667065,-2.49999952316284,-0.0662521496415138,70
738279.51115967333316802979,44.9093360900879,1.04330575466156,5.67407512664795,0.0120410360395908,0.0095780286937952,42.4719467163086,-71.3020248413086,43.9446449279785,3.15904211997986,4.52378702163696,-1.27952611446381,94.7588500976562,45.2783851623535,-0.144104570150375,-0.0282301846891642,-2.49999952316284,-0.0660373941063881,70
738279.51116209162864834070,44.8406410217285,1.07597279548645,5.55699872970581,0.0120410360395908,0.0095780286937952,42.4719390869141,-71.3019104003906,44.1361503601074,3.42261958122253,3.47445178031921,-3.68773794174194,94.6985397338867,45.1964721679688,0.080460861325264,-0.65715092420578,-2.5,-0.0658434703946114,70
738279.51116461295168846846,44.8099708557129,0.825718283653259,5.39576578140259,0.0120410360395908,0.0095780286937952,42.4719276428223,-71.3017883300781,44.3032455444336,3.68761396408081,2.41475081443787,-3.47448039054871,94.6789169311523,45.1412162780762,0.276656478643417,-0.8953817486763,-2.49999952316284,-0.0656150132417679,70
738279.51116710295900702477,44.7943649291992,0.49742203950882,5.23923110961914,0.0120410360395908,0.0095780286937952,42.4719161987305,-71.3016738891602,44.40478515625,3.86991810798645,1.91818535327911,-3.27805829048157,94.6972503662109,45.1024627685547,0.402834624052048,-0.920195043087006,-2.49999976158142,-0.0652852281928062,70
738279.51116963080130517483,44.7858505249023,0.222297683358192,5.08414697647095,0.0120410360395908,0.0095780286937952,42.4719085693359,-71.3015518188477,44.4427604675293,3.98110556602478,1.37260901927948,-3.28484010696411,94.7372741699219,45.0740547180176,0.442411601543427,-0.949347913265228,-2.50000047683716,-0.0647792145609856,70
738279.51117213210090994835,44.7941513061523,-0.148773789405823,4.93983125686646,0.0120410360395908,0.0095780286937952,42.4718971252441,-71.3014373779297,44.4122886657715,4.05655384063721,0.455193132162094,-3.02590799331665,94.7854690551758,45.0659523010254,0.404623836278915,-0.999503672122955,-2.50000047683716,-0.06402238458395,70
738279.51117467775475233793,44.8207550048828,-0.594390749931335,4.80823993682861,0.0120410360395908,0.0095780286937952,42.4718894958496,-71.3013153076172,44.2911796569824,4.019935131073,-0.347505271434784,-2.76262164115906,94.8359375,45.0818405151367,0.292275696992874,-1.00736486911774,-2.49999976158142,-0.0629557445645332,70
738279.51117714506108313799,44.8609313964844,-1.09035098552704,4.68842744827271,0.0120410360395908,0.0095780286937952,42.4718818664551,-71.3012008666992,44.0665054321289,3.86479330062866,-1.01826012134552,-2.4563250541687,94.8808746337891,45.1184349060059,0.105191774666309,-1.02233600616455,-2.49999976158142,-0.0615265071392059,70
738279.51117962040007114410,44.9077186584473,-1.6099534034729,4.58578586578369,0.0120410360395908,0.0095780286937952,42.4718704223633,-71.3010787963867,43.7316207885742,3.62297201156616,-1.40285861492157,-1.64206743240356,94.910270690918,45.1699523925781,-0.151357993483543,-1.08284139633179,-2.49999976158142,-0.059708796441555,70
738279.51118209573905915022,44.9509925842285,-2.06244277954102,4.5072283744812,0.0120410360395908,0.0095780286937952,42.4718627929688,-71.3009643554688,43.2984046936035,3.26863431930542,-1.2655508518219,-0.230990827083588,94.9157104492188,45.2234497070312,-0.462782710790634,-0.951635360717773,-2.49999952316284,-0.0575277917087078,70
738279.51118451682850718498,44.9549598693848,-2.34766221046448,4.45966768264771,0.0120410360395908,0.0095780286937952,42.4718551635742,-71.3008499145508,42.795166015625,2.82354760169983,-1.01719558238983,0.827580273151398,94.8847274780273,45.2365837097168,-0.810312688350677,-0.785339772701263,-2.49999952316284,-0.0549771785736084,70
738279.51118701451923698187,44.8122406005859,-2.59248948097229,4.42522096633911,0.0120410360395908,0.0095780286937952,42.4718475341797,-71.3007354736328,42.2195205688477,2.30464887619019,-1.08930432796478,1.02000057697296,94.7862548828125,45.1047706604004,-1.17959487438202,-0.628857374191284,-2.5,-0.0519315674901009,70
738279.51118945621419698000,44.628475189209,-2.88762235641479,4.39911603927612,0.0120410360395908,0.0095780286937952,42.4718399047852,-71.3006210327148,41.6073036193848,1.74781739711761,-1.31621026992798,1.45984160900116,94.5898132324219,44.9376373291016,-1.52610635757446,-0.552572786808014,-2.5,-0.0486518293619156,70
738279.51119197474326938391,44.4233207702637,-3.21550416946411,4.38986778259277,0.0120410360395908,0.0095780286937952,42.4718322753906,-71.3004989624023,40.8885765075684,1.10900342464447,-0.547927379608154,2.38959693908691,94.2499237060547,44.7553558349609,-1.88085341453552,-0.376268059015274,-2.49999952316284,-0.0448752343654633,70
738279.51119453401770442724,44.2213401794434,-3.19908332824707,4.43135118484497,0.0120410360395908,0.0095780286937952,42.4718208312988,-71.3003768920898,40.1387329101562,0.431354016065598,1.3616384267807,3.55893588066101,93.7561645507812,44.557804107666,-2.21988677978516,-0.21449126303196,-2.49999976158142,-0.0408631190657616,70
738279.51119705254677683115,43.8910522460938,-0.633969187736511,4.14396047592163,0.0120410360395908,0.0095780286937952,42.4718132019043,-71.3002624511719,39.5861282348633,-0.0677200928330421,2.73314881324768,3.20570683479309,93.0848388671875,44.0908012390137,-2.48643064498901,0.690946877002716,-2.49999952316284,-0.0366346649825573,70
738279.51119957584887742996,43.4721984863281,1.06059837341309,3.9991021156311,0.0120410360395908,0.0095780286937952,42.4718055725098,-71.3001480102539,39.6864776611328,0.0766981914639473,6.22370624542236,2.78544807434082,92.2714996337891,43.6686363220215,-2.38276720046997,0.677694082260132,-2.49999952316284,-0.0322571657598019,70
738279.51120210078079253435,43.0654602050781,1.64687585830688,4.08152484893799,0.0120410360395908,0.0095780286937952,42.4717979431152,-71.3000335693359,39.9378433227539,0.448907107114792,9.25857448577881,3.44994926452637,91.3705749511719,43.2897796630859,-1.91251718997955,0.893348395824432,-2.49999976158142,-0.0275120362639427,70
738279.51120468194130808115,42.5986289978027,2.1985604763031,4.16849994659424,0.0120410360395908,0.0095780286937952,42.4717903137207,-71.299919128418,40.3464660644531,0.933180510997772,8.34463500976562,3.45118379592896,90.4827423095703,42.8585243225098,-1.26305723190308,0.893633842468262,-2.49999976158142,-0.0224679373204708,70
738279.51120720850303769112,42.227424621582,2.02663397789001,4.21529197692871,0.0120410360395908,0.0095780286937952,42.4717826843262,-71.2998046875,40.771411895752,1.41814255714417,6.79223823547363,3.69587016105652,89.7450714111328,42.4856605529785,-0.592409253120422,0.941750288009644,-2.5,-0.0174673274159431,70
738279.51120965031441301107,41.8795776367188,1.71695244312286,4.26227569580078,0.0120410360395908,0.0095780286937952,42.4717750549316,-71.2996978759766,41.1362800598145,1.84932601451874,6.16907691955566,3.96147799491882,89.1467742919922,42.1309127807617,-0.00552623718976974,1.09768259525299,-2.49999976158142,-0.0124115711078048,70
738279.51121217873878777027,41.5369071960449,1.44204223155975,4.32183599472046,0.0120410360395908,0.0095780286937952,42.4717674255371,-71.2995834350586,41.4431304931641,2.2110607624054,5.30636262893677,4.25519752502441,88.6538925170898,41.7860298156738,0.437081217765808,1.18873345851898,-2.50000023841858,-0.00733944959938526,70
738279.51121469098143279552,41.2347564697266,0.971832275390625,4.37197208404541,0.0120410360395908,0.0095780286937952,42.4717597961426,-71.2994766235352,41.6646194458008,2.50331807136536,4.07699584960938,4.37255001068115,88.2450485229492,41.4772682189941,0.718076705932617,1.36258447170258,-2.50000023841858,-0.0024636082816869,70
738279.51121724967379122972,40.9542427062988,0.36517345905304,4.42133140563965,0.0120410360395908,0.0095780286937952,42.471752166748,-71.2993698120117,41.772647857666,2.68697047233582,2.94550490379333,4.3580002784729,87.8751678466797,41.1938285827637,0.84294182062149,1.51066982746124,-2.49999976158142,0.00243663764558733,70
738279.51121988205704838037,40.6927947998047,-0.294564664363861,4.47195291519165,0.0120410360395908,0.0095780286937952,42.4717407226562,-71.2992553710938,41.7367477416992,2.71584939956665,2.1789402961731,3.97523260116577,87.5213623046875,40.9388427734375,0.800012230873108,1.58689248561859,-2.49999976158142,0.00727373268455267,70
738279.51122237555682659149,40.4623985290527,-0.911304414272308,4.52233791351318,0.0120410360395908,0.0095780286937952,42.4717330932617,-71.2991485595703,41.5644111633301,2.61196231842041,1.6058646440506,3.3822557926178,87.1781005859375,40.7245330810547,0.61343377828598,1.38563287258148,-2.50000047683716,0.0117307864129543,70
738279.51122498302720487118,40.2486038208008,-1.50039625167847,4.57177448272705,0.0120410360395908,0.0095780286937952,42.4717254638672,-71.2990341186523,41.248104095459,2.38536190986633,1.2465443611145,3.00154089927673,86.7995834350586,40.5351982116699,0.299545735120773,1.03877687454224,-2.50000047683716,0.0161294024437666,70
738279.51122767117340117693,40.0585517883301,-2.00836896896362,4.6237645149231,0.0120410360395908,0.0095780286937952,42.4717140197754,-71.2989196777344,40.8028259277344,2.00107574462891,1.27232527732849,3.07077145576477,86.3825302124023,40.3745002746582,-0.10165997594595,0.713137447834015,-1.04500758647919,0.0202611889690161,70
738279.51123029098380357027,39.8943367004395,-2.38619542121887,4.68757772445679,0.0120410360395908,0.0095780286937952,42.4717063903809,-71.2988128662109,40.2695999145508,1.53089606761932,1.25339007377625,3.16349244117737,85.9179840087891,40.2396011352539,-0.542040050029755,0.389585793018341,-0.407314598560333,0.0240464694797993,70
738279.51123276655562222004,39.7595252990723,-2.70213198661804,4.75818395614624,0.0120410360395908,0.0095780286937952,42.4716987609863,-71.2987060546875,39.6752777099609,1.00322568416595,1.1152480840683,3.26170253753662,85.4050979614258,40.1342964172363,-0.979803085327148,0.113954603672028,-0.162848591804504,0.0274620782583952,70
738279.51123521558474749327,39.6592788696289,-2.96437931060791,4.83477067947388,0.0120410360395908,0.0095780286937952,42.4716873168945,-71.2986068725586,39.0524253845215,0.420233547687531,0.892078340053558,3.34206438064575,84.8624114990234,40.0627136230469,-1.38276052474976,-0.173028722405434,-0.0684314146637917,0.030441977083683,70
738279.51123777381144464016,39.4409446716309,-0.766750514507294,4.82890701293945,0.0120410360395908,0.0095780286937952,42.4716796875,-71.2985000610352,38.492359161377,-0.0538251958787441,1.15310096740723,1.92560732364655,84.2165756225586,39.7428550720215,-1.77085280418396,-0.286557853221893,-0.0271278489381075,0.0333444140851498,70
738279.51124041201546788216,39.1432571411133,0.640279531478882,4.83631801605225,0.0120410360395908,0.0095780286937952,42.4716682434082,-71.2983932495117,38.5268821716309,0.0337000675499439,4.53364658355713,1.16645097732544,83.4854583740234,39.4460945129395,-1.82195842266083,0.0312759429216385,-0.010576399974525,0.0359922349452972,70
738279.51124300877563655376,38.8979301452637,0.716405749320984,4.8379602432251,0.0120410360395908,0.0095780286937952,42.4716606140137,-71.2982864379883,38.6440658569336,0.186451107263565,6.30793190002441,1.18943655490875,82.7333374023438,39.2041854858398,-1.53472697734833,0.267210096120834,-0.00410303613170981,0.0383632183074951,70
738279.51124564500059932470,38.6507225036621,0.527771830558777,4.82495260238647,0.0120410360395908,0.0095780286937952,42.4716491699219,-71.2981719970703,38.7530899047852,0.290545165538788,5.21141719818115,0.541377425193787,82.0087585449219,38.9542922973633,-1.13092064857483,0.085146576166153,-0.00156099232845008,0.0405206233263016,70
738279.51124821091070771217,38.4562759399414,0.0304827801883221,4.80364513397217,0.0120410360395908,0.0095780286937952,42.4716415405273,-71.2980728149414,38.7818260192871,0.316097974777222,3.39566373825073,0.4100741147995,81.3986206054688,38.7551422119141,-0.783797681331635,-0.210704669356346,-0.000621900428086519,0.0423464998602867,70
738279.51125081686768680811,38.2918243408203,-0.606453657150269,4.78088474273682,0.0120410360395908,0.0095780286937952,42.4716300964355,-71.297966003418,38.6767807006836,0.213045686483383,1.9921281337738,0.667658567428589,80.8495788574219,38.5938911437988,-0.556138634681702,-0.375813543796539,-0.000239154687733389,0.0440463572740555,70
738279.51125341455917805433,38.1095428466797,-0.405261397361755,4.76390743255615,0.0120410360395908,0.0095780286937952,42.471622467041,-71.2978668212891,38.4723739624023,0.0236308053135872,0.948651432991028,0.716039538383484,80.3696899414062,38.4082832336426,-0.497364223003387,-0.520695507526398,-9.47980661294423e-05,0.0455367751419544,70
738279.51125593762844800949,37.8655204772949,0.389334231615067,4.73578405380249,0.0120410360395908,0.0095780286937952,42.4716148376465,-71.2977600097656,38.4719200134277,0.0189972631633282,2.18178248405457,0.725685596466064,79.9022521972656,38.1625061035156,-0.470995128154755,-0.267750322818756,-3.768284295802e-05,0.0468974895775318,70
738279.51125842379406094551,37.6812934875488,0.227028250694275,4.71483755111694,0.0120410360395908,0.0095780286937952,42.4716033935547,-71.2976608276367,38.5167388916016,0.0539751760661602,2.16784524917603,0.753720700740814,79.4472045898438,37.9757957458496,-0.376668214797974,-0.108274944126606,-1.53078854054911e-05,0.0481299869716167,70
738279.51126088574528694153,37.5009918212891,0.0958424210548401,4.6912260055542,0.0120410360395908,0.0095780286937952,42.4715957641602,-71.2975616455078,38.512321472168,0.0437951572239399,1.64458632469177,0.792210936546326,79.0115509033203,37.793399810791,-0.280589878559113,-0.100912407040596,-6.26040582574205e-06,0.0492752827703953,70
738279.51126342045608907938,37.3111152648926,0.114942260086536,4.66491270065308,0.0120410360395908,0.0095780286937952,42.4715881347656,-71.2974624633789,38.5077819824219,0.0465344190597534,1.47812581062317,0.838304340839386,78.58251953125,37.6017799377441,-0.207501754164696,-0.0478771068155766,-2.50037010118831e-06,0.0503775589168072,70
738279.51126591570209711790,37.1301383972168,0.0728197544813156,4.64195251464844,0.0120410360395908,0.0095780286937952,42.4715766906738,-71.29736328125,38.4947242736816,0.043640673160553,1.23413169384003,0.883430302143097,78.1753845214844,37.4192504882812,-0.155858710408211,-0.00811964645981789,-1.00970589755889e-06,0.0514078624546528,70
738279.51126835576724261045,36.9503593444824,0.152271196246147,4.62031221389771,0.0120410360395908,0.0095780286937952,42.4715690612793,-71.2972717285156,38.4908905029297,0.0346364118158817,0.976686596870422,0.92247599363327,77.7947463989258,37.2384147644043,-0.121742598712444,0.00123208737932146,-4.19608085167056e-07,0.0523678511381149,70
738279.51127082959283143282,36.7729072570801,0.170020654797554,4.59816741943359,0.0120410360395908,0.0095780286937952,42.4715614318848,-71.2971725463867,38.4982070922852,0.0347656570374966,0.738267660140991,0.910954773426056,77.4176025390625,37.0596656799316,-0.0901733115315437,0.0342738889157772,-1.71980900631752e-07,0.0533134527504444,70
738279.51127330807503312826,36.5993385314941,0.153127118945122,4.57586145401001,0.0120410360395908,0.0095780286937952,42.4715538024902,-71.2970809936523,38.5014190673828,0.0330663174390793,0.545504868030548,0.882554471492767,77.0478668212891,36.8845977783203,-0.062305111438036,0.110405899584293,-7.02368865290737e-08,0.0542315617203712,70
738279.51127567177172750235,36.4395790100098,0.0920680537819862,4.55289888381958,0.0120410360395908,0.0095780286937952,42.4715423583984,-71.296989440918,38.4997596740723,0.045593224465847,0.421613693237305,0.861397266387939,76.7044525146484,36.7230186462402,-0.0427983291447163,0.340756624937057,-3.00180396095584e-08,0.0550817251205444,70
738279.51127814012579619884,36.2727241516113,0.0570397190749645,4.53591060638428,0.0120410360395908,0.0095780286937952,42.4715347290039,-71.2968978881836,38.482967376709,0.0367600843310356,0.300583481788635,0.843433439731598,76.3525314331055,36.5552787780762,-0.0347317159175873,0.48953303694725,-1.22659669088421e-08,0.0559739507734776,70
738279.51128064608201384544,36.0936851501465,0.212842047214508,4.5275354385376,0.0120410360395908,0.0095780286937952,42.4715270996094,-71.2967987060547,38.4848327636719,0.0204800330102444,0.470937728881836,0.836974740028381,76.0055541992188,36.3771629333496,-0.0332292467355728,0.554407238960266,-4.98915841973258e-09,0.056854248046875,70
738279.51128315844107419252,35.9271659851074,0.124356105923653,4.52717685699463,0.0120410360395908,0.0095780286937952,42.4715194702148,-71.2967071533203,38.4948997497559,0.0411754660308361,0.409454196691513,0.830024898052216,75.6572113037109,36.2114906311035,-0.0216903109103441,0.595288574695587,-2.00930450056092e-09,0.0577256791293621,70
738279.51128561596851795912,35.763744354248,0.0898019149899483,4.53411722183228,0.0120410360395908,0.0095780286937952,42.4715118408203,-71.2966079711914,38.4853172302246,0.0393401011824608,0.301234483718872,0.807509660720825,75.3246536254883,36.0501289367676,-0.0153982657939196,0.568262100219727,-8.27983126505671e-10,0.0585506446659565,70
738279.51128814241383224726,35.5881538391113,0.186641588807106,4.54966497421265,0.0120410360395908,0.0095780286937952,42.4715003967285,-71.296516418457,38.4878082275391,0.025393933057785,0.434681206941605,0.769406020641327,74.9876251220703,35.8782806396484,-0.0141355637460947,0.532092034816742,-3.3208666372353e-10,0.0593695305287838,70
738279.51129065186250954866,35.4244918823242,0.0873806700110435,4.56556940078735,0.0120410360395908,0.0095780286937952,42.471492767334,-71.2964248657227,38.4900283813477,0.0438642278313637,0.345449179410934,0.766427934169769,74.6509628295898,35.7175979614258,-0.0077977180480957,0.507436752319336,-1.32156563470431e-10,0.0601373910903931,70
738279.51129310333635658026,35.2571296691895,0.158489018678665,4.58729028701782,0.0120410360395908,0.0095780286937952,42.4714851379395,-71.2963333129883,38.4834785461426,0.0166233386844397,0.367008358240128,0.750757932662964,74.3304061889648,35.5546569824219,-0.00788469053804874,0.431171804666519,-5.40139148685892e-11,0.0608130320906639,70
738279.51129552803467959166,35.1025161743164,0.159042805433273,4.61013555526733,0.0120410360395908,0.0095780286937952,42.4714775085449,-71.2962417602539,38.4969215393066,0.0363993681967258,0.455990552902222,0.765278220176697,74.0284957885742,35.4043121337891,-0.00357056641951203,0.416181057691574,-2.31760773766743e-11,0.061364434659481,70
738279.51129799184855073690,34.9510803222656,0.0473503135144711,4.62983417510986,0.0120410360395908,0.0095780286937952,42.4714660644531,-71.2961502075195,38.4854202270508,0.0362879782915115,0.256724387407303,0.742548406124115,73.7163314819336,35.2564277648926,-5.91122989135329e-06,0.379706710577011,-9.52416531058153e-12,0.061840683221817,70
738279.51130047230981290340,34.777759552002,0.250210016965866,4.6605863571167,0.0120410360395908,0.0095780286937952,42.4714584350586,-71.2960586547852,38.4910697937012,0.0101743824779987,0.490923672914505,0.721170485019684,73.4018402099609,35.0895462036133,-0.00369048677384853,0.320898354053497,-3.8310721782453e-12,0.0622079595923424,70
738279.51130290958099067211,34.623420715332,0.163816556334496,4.68253421783447,0.0120410360395908,0.0095780286937952,42.4714508056641,-71.2959671020508,38.5112533569336,0.0367950610816479,0.456396371126175,0.706173598766327,73.0957336425781,34.9390068054199,0.00655185710638762,0.333212196826935,-1.58238970971586e-12,0.0624341741204262,70
738279.51130537805147469044,34.4678611755371,0.0852723494172096,4.70098304748535,0.0120410360395908,0.0095780286937952,42.4714393615723,-71.2958831787109,38.5051956176758,0.0314097367227077,0.296465367078781,0.714414298534393,72.7959823608398,34.7870674133301,0.0132594630122185,0.293772518634796,-6.57174455912651e-13,0.0625119209289551,70
738279.51130776118952780962,34.2888412475586,0.0946061387658119,4.71851682662964,0.0120410360395908,0.0095780286937952,42.4714317321777,-71.2957916259766,38.4988327026367,0.0352483987808228,0.330047130584717,0.701708734035492,72.4991989135742,34.6121063232422,0.0101808151230216,0.164587184786797,-2.73518214371007e-13,0.0624385327100754,70
738279.51131027529481798410,34.0873336791992,0.144563004374504,4.7289981842041,0.0120410360395908,0.0095780286937952,42.4714241027832,-71.2957077026367,38.4939880371094,0.0202945023775101,0.353489071130753,0.688383102416992,72.1978149414062,34.4141044616699,0.00381378037855029,-0.0859588533639908,-1.13489499373697e-13,0.0622039251029491,70
738279.51131271326448768377,33.8128700256348,0.0692007839679718,4.73448848724365,0.0120410360395908,0.0095780286937952,42.4714164733887,-71.2956161499023,38.4954109191895,0.0409379601478577,0.273686677217484,0.632973849773407,71.8730239868164,34.1427917480469,0.0015428006881848,-0.854019463062286,-4.61049960416657e-14,0.0617979168891907,70
738279.51131515903398394585,33.4955177307129,0.0885246619582176,4.68383502960205,0.0120410360395908,0.0095780286937952,42.4714050292969,-71.2955322265625,38.4779815673828,0.0194444134831429,0.14467465877533,0.648320913314819,71.5205688476562,33.8215293884277,-0.0061939749866724,-1.79173398017883,-1.88427374967154e-14,0.0612193755805492,70
738279.51131762331351637840,33.1551818847656,0.217420905828476,4.58864259719849,0.0120410360395908,0.0095780286937952,42.4713973999023,-71.2954483032227,38.4884071350098,0.0165139529854059,0.311468452215195,0.699948847293854,71.1331787109375,33.4719123840332,-0.0111447339877486,-2.59075736999512,-7.96003870863439e-15,0.0605105385184288,70
738279.51132022298406809568,32.986701965332,0.148435533046722,4.4783239364624,0.0120410360395908,0.0095780286937952,42.4713897705078,-71.2953567504883,38.4999542236328,0.0218911841511726,0.3411023914814,0.774591624736786,70.6490631103516,33.2896385192871,-0.00275576254352927,-1.49196672439575,-3.07092133840225e-15,0.0596065483987331,70
738279.51132274244446307421,32.8354988098145,0.103242076933384,4.37401151657104,0.0120410360395908,0.0095780286937952,42.4713821411133,-71.2952651977539,38.5032043457031,0.033089205622673,0.365135908126831,1.08345901966095,70.1820068359375,33.1257057189941,0.0047300923615694,-0.644792258739471,-1.25386181302936e-15,0.0587041489779949,70
738279.51132523291744291782,32.6790084838867,0.0510489046573639,4.27587461471558,0.0120410360395908,0.0095780286937952,42.4713706970215,-71.2951812744141,38.4913558959961,0.0314027890563011,0.317856818437576,1.09381449222565,69.7155303955078,32.9575958251953,0.0043980204500258,0.0297919660806656,-4.97279808443199e-16,0.057792492210865,70
738279.51132774329744279385,32.5193176269531,0.0868238434195518,4.19017028808594,0.0120410360395908,0.0095780286937952,42.471363067627,-71.2950973510742,38.4754676818848,0.021145161241293,0.348403722047806,1.03520691394806,69.2836761474609,32.7882766723633,-0.00557354651391506,0.435936629772186,-2.0115412546778e-16,0.0569855198264122,70
738279.51133016392122954130,32.3611602783203,0.147329047322273,4.12466049194336,0.0120410360395908,0.0095780286937952,42.4713554382324,-71.2950134277344,38.4785041809082,0.0249148309230804,0.493283182382584,1.03080642223358,68.8899307250977,32.6232948303223,-0.012343599461019,0.67368757724762,-8.43519679582216e-17,0.0563309974968433,70
738279.51133254694286733866,32.2217636108398,0.107756994664669,4.08702659606934,0.0120410360395908,0.0095780286937952,42.4713516235352,-71.2949371337891,38.4794883728027,0.0285914167761803,0.448384702205658,1.02800369262695,68.5497055053711,32.4801063537598,-0.0118370307609439,0.777673423290253,-3.83899551543984e-17,0.0558611676096916,70
738279.51133504125755280256,32.0422744750977,0.0871742740273476,4.05904388427734,0.0120410360395908,0.0095780286937952,42.4713401794434,-71.2948455810547,38.4740524291992,0.0310827624052763,0.399148315191269,0.979384422302246,68.1411437988281,32.2984657287598,-0.0116621851921082,0.822675704956055,-1.41925780073664e-17,0.0554562099277973,70
738279.51133752032183110714,31.8715152740479,0.156325995922089,4.05037355422974,0.0120410360395908,0.0095780286937952,42.4713325500488,-71.2947616577148,38.472412109375,0.0148394964635372,0.471002608537674,0.899979531764984,67.7854080200195,32.1282348632812,-0.0132129015401006,0.805020570755005,-5.73894765702963e-18,0.0552543923258781,70
738279.51134003128390759230,31.7048225402832,0.126511424779892,4.05435514450073,0.0120410360395908,0.0095780286937952,42.4713249206543,-71.294677734375,38.4805908203125,0.0295250471681356,0.48401215672493,0.845457553863525,67.4385452270508,31.9632530212402,-0.00856293644756079,0.773586094379425,-2.31771085912714e-18,0.0551843829452991,70
738279.51134255679789930582,31.535270690918,0.151502832770348,4.06822443008423,0.0120410360395908,0.0095780286937952,42.4713172912598,-71.2945938110352,38.4821968078613,0.0133944833651185,0.461692154407501,0.776441752910614,67.1028518676758,31.7969608306885,-0.00371355353854597,0.693596959114075,-9.40740206344947e-19,0.0552082285284996,70
738279.51134509930852800608,31.3679313659668,0.107097253203392,4.08887624740601,0.0120410360395908,0.0095780286937952,42.4713096618652,-71.2945098876953,38.4887084960938,0.0336871296167374,0.457367420196533,0.747821688652039,66.76904296875,31.633487701416,0.00237724441103637,0.643260359764099,-3.77952341108615e-19,0.0552820265293121,70
738279.51134766906034201384,31.1945018768311,0.122595831751823,4.11423635482788,0.0120410360395908,0.0095780286937952,42.4713020324707,-71.2944259643555,38.4812850952148,0.0145799657329917,0.397984653711319,0.71532815694809,66.4355697631836,31.4648838043213,0.00296239904128015,0.551384627819061,-1.48859914173532e-19,0.05537348985672,70
738279.51135020656511187553,31.0038909912109,0.139686688780785,4.14192485809326,0.0120410360395908,0.0095780286937952,42.4712944030762,-71.2943420410156,38.491512298584,0.0240888521075249,0.500505268573761,0.705193221569061,66.1063232421875,31.2796478271484,0.00453747576102614,0.351546287536621,-5.88441941356475e-20,0.0554418861865997,70
738279.51135265617631375790,30.7127571105957,0.0772113054990768,4.17480516433716,0.0120410360395908,0.0095780286937952,42.4712867736816,-71.2942657470703,38.490650177002,0.0331772193312645,0.312047272920609,0.593831539154053,65.7881698608398,30.9952964782715,0.00755974370986223,-0.87631368637085,-2.43087040123296e-20,0.0554432161152363,70
738279.51135515142232179642,30.3874340057373,0.058102123439312,4.13371276855469,0.0120410360395908,0.0095780286937952,42.4712791442871,-71.2941818237305,38.4752578735352,0.0230116043239832,0.147376492619514,0.505146026611328,65.4336776733398,30.6673622131348,0.00226821005344391,-2.19799590110779,-9.82369227432066e-21,0.0553401745855808,70
738279.51135767262894660234,30.090274810791,0.157786786556244,4.01225852966309,0.0120410360395908,0.0095780286937952,42.4712715148926,-71.2941055297852,38.4758911132812,0.012785067781806,0.289970129728317,0.581171154975891,65.0300903320312,30.3570041656494,-0.0054712831042707,-2.84002304077148,-3.9483749978889e-21,0.0551187433302402,70
738279.51136022363789379597,29.8083915710449,0.137302726507187,3.87220406532288,0.0120410360395908,0.0095780286937952,42.471263885498,-71.2940216064453,38.4857292175293,0.0178007334470749,0.293068736791611,0.647551357746124,64.5689392089844,30.0591583251953,-0.00317650800570846,-2.90947771072388,-1.57753510915386e-21,0.054812952876091,70
738279.51136274135205894709,29.6361484527588,0.0916809812188148,3.71030950546265,0.0120410360395908,0.0095780286937952,42.4712562561035,-71.2939453125,38.486743927002,0.022877998650074,0.320205479860306,0.736887991428375,64.0708541870117,29.8676433563232,0.00150904746260494,-1.77900433540344,-1.18078362941742,0.0544940643012524,70
738279.51136524509638547897,29.2496528625488,0.101116754114628,3.51132869720459,0.0120410360395908,0.0095780286937952,42.471248626709,-71.2938690185547,38.4838333129883,0.0186566580086946,0.197971656918526,0.818534016609192,63.5763244628906,29.4598350524902,0.00185587059240788,1.53362631797791,-1.95874261856079,0.0542697831988335,70
738279.51136776537168771029,28.8263053894043,0.0490022599697113,3.38725709915161,0.0120410360395908,0.0095780286937952,42.4712448120117,-71.2937927246094,38.4755249023438,0.0209944415837526,0.0167641919106245,0.914766311645508,63.0318717956543,29.0246753692627,-0.000807798991445452,4.04422378540039,-2.28326153755188,0.054228164255619,70
738279.51137028099037706852,28.441873550415,0.0892472937703133,3.40594029426575,0.0120410360395908,0.0095780286937952,42.4712371826172,-71.2937164306641,38.4677734375,0.0159014593809843,0.0426989011466503,0.822290360927582,62.4470176696777,28.6452178955078,-0.00760860648006201,3.70193028450012,-2.41285610198975,0.0544556975364685,70
738279.51137278403621166945,28.0940017700195,0.192556783556938,3.54453206062317,0.0120410360395908,0.0095780286937952,42.4712295532227,-71.2936401367188,38.4752006530762,-0.00232624099589884,0.220896691083908,0.628350257873535,61.8309020996094,28.3173751831055,-0.0101033626124263,1.32775068283081,-2.46486783027649,0.0549251325428486,70
738279.51137532491702586412,27.7935066223145,0.0692606270313263,3.60779452323914,0.0120410360395908,0.0095780286937952,42.4712219238281,-71.2935638427734,38.487979888916,0.0326116681098938,0.197633638978004,0.502021074295044,61.1917304992676,28.0267734527588,-0.000655459356494248,-0.456948697566986,-2.48587346076965,0.0555220358073711,70
738279.51137790770735591650,27.6557464599609,0.00620306842029095,3.63916158676147,0.0120410360395908,0.0095780286937952,42.4712181091309,-71.2934875488281,38.466968536377,0.0226689334958792,0.157705098390579,0.412791609764099,60.5502548217773,27.8941555023193,-0.00107143667992204,-0.371263265609741,-2.494460105896,0.0561351999640465,70
738279.51138038968201726675,27.515193939209,0.141171962022781,3.6599178314209,0.0120410360395908,0.0095780286937952,42.4712104797363,-71.2934188842773,38.4623222351074,0.00452273013070226,0.476288110017776,0.442413508892059,59.9836578369141,27.7578964233398,-0.010311346501112,-0.248048096895218,-2.49774694442749,0.0566433928906918,70
738279.51138279156293720007,27.3865222930908,0.126652285456657,3.66685628890991,0.0120410360395908,0.0095780286937952,42.4712028503418,-71.2933502197266,38.4719047546387,0.0168654397130013,0.580985844135284,0.443060219287872,59.4867744445801,27.6312046051025,-0.00944816321134567,-0.0960255414247513,-2.49906039237976,0.0570225119590759,70
738279.51138539891690015793,27.2498512268066,0.0538891144096851,3.66645264625549,0.0120410360395908,0.0095780286937952,42.4711952209473,-71.2932739257812,38.4666786193848,0.0173768941313028,0.446484237909317,0.459310710430145,59.0023422241211,27.4954566955566,-0.00609625410288572,0.0122014908120036,-2.49964237213135,0.0572914890944958,70
738279.51138796471059322357,27.1135749816895,0.0934343114495277,3.66450667381287,0.0120410360395908,0.0095780286937952,42.4711875915527,-71.2931976318359,38.4590225219727,0.0121560171246529,0.493534296751022,0.47885337471962,58.5935897827148,27.3602485656738,-0.00918878614902496,0.0998773202300072,-2.49985790252686,0.0573964267969131,70
738279.51139047893229871988,26.9791812896729,0.136318862438202,3.66089987754822,0.0120410360395908,0.0095780286937952,42.4711799621582,-71.2931289672852,38.464599609375,0.00997471529990435,0.606002390384674,0.376286596059799,58.231861114502,27.2267684936523,-0.00953727308660746,0.19481897354126,-2.49994230270386,0.0573654361069202,70
738279.51139296486508101225,26.8461456298828,0.121820524334908,3.65916681289673,0.0120410360395908,0.0095780286937952,42.4711723327637,-71.2930526733398,38.4714660644531,0.0145595567300916,0.583046436309814,0.367124825716019,57.8931465148926,27.0946464538574,-0.00409464910626411,0.23797370493412,-2.49997711181641,0.0572092868387699,70
738279.51139553566463291645,26.7120914459229,0.138019010424614,3.66002345085144,0.0120410360395908,0.0095780286937952,42.4711685180664,-71.2929840087891,38.4772605895996,0.00745768938213587,0.574701189994812,0.377741932868958,57.5795745849609,26.9620227813721,0.00197184062562883,0.258591562509537,-2.49999094009399,0.0569312497973442,70
738279.51139824464917182922,26.5728607177734,0.109320469200611,3.66331624984741,0.0120410360395908,0.0095780286937952,42.4711608886719,-71.2929077148438,38.4836616516113,0.0104302009567618,0.566278278827667,0.441110730171204,57.2639312744141,26.824405670166,0.00884296279400587,0.272313952445984,-2.49999642372131,0.0565098412334919,70
738279.51140091463457792997,26.4346981048584,0.119680181145668,3.66797065734863,0.0120410360395908,0.0095780286937952,42.4711532592773,-71.2928314208984,38.4907875061035,0.0107938777655363,0.595367968082428,0.391249626874924,56.9701080322266,26.6882286071777,0.0138035025447607,0.290584415197372,-2.49999833106995,0.055990319699049,70
738279.51140345365274697542,26.3120021820068,0.0310024674981833,3.6725800037384,0.0120410360395908,0.0095780286937952,42.4711456298828,-71.2927627563477,38.4840927124023,0.0222299136221409,0.476108878850937,0.375046193599701,56.7033882141113,26.5670909881592,0.0148261096328497,0.293975859880447,-2.4999988079071,0.05539520829916,70
738279.51140605274122208357,26.1794757843018,0.0146652944386005,3.67979216575623,0.0120410360395908,0.0095780286937952,42.4711380004883,-71.2926940917969,38.4673690795898,0.02281135879457,0.434582889080048,0.352451771497726,56.4324226379395,26.4368324279785,0.00513959629461169,0.286419659852982,-2.49999952316284,0.0546403862535954,70
738279.51140862598549574614,26.0431175231934,0.0564974248409271,3.68816471099854,0.0120410360395908,0.0095780286937952,42.4711303710938,-71.2926177978516,38.4510955810547,0.00947246886789799,0.495932757854462,0.322143971920013,56.1661567687988,26.303035736084,-0.0103494934737682,0.284199357032776,-2.49999928474426,0.0537578277289867,70
738279.51141126849688589573,25.9080352783203,0.157623097300529,3.69829106330872,0.0120410360395908,0.0095780286937952,42.4711227416992,-71.2925491333008,38.4548568725586,0.00152845506090671,0.682983994483948,0.32508659362793,55.9135437011719,26.1711387634277,-0.018816152587533,0.276926010847092,-2.49999952316284,0.0527953319251537,70
738279.51141385769005864859,25.773157119751,0.15578605234623,3.70778918266296,0.0120410360395908,0.0095780286937952,42.4711151123047,-71.29248046875,38.469898223877,0.00470356643199921,0.713483870029449,0.309138745069504,55.6490211486816,26.0389633178711,-0.0124799637123942,0.281396716833115,-2.49999952316284,0.0516611188650131,70
738279.51141646655742079020,25.6451816558838,0.112089872360229,3.71732878684998,0.0120410360395908,0.0095780286937952,42.4711074829102,-71.2924041748047,38.479549407959,0.0132762063294649,0.628246784210205,0.342450469732285,55.3933486938477,25.9134426116943,-0.000549955817405134,0.252712666988373,-2.49999952316284,0.0504226423799992,70
738279.51141914003528654575,25.5148429870605,0.0499685294926167,3.72620487213135,0.0120410360395908,0.0095780286937952,42.4710998535156,-71.2923355102539,38.4757232666016,0.0177643094211817,0.511483728885651,0.370263397693634,55.1308898925781,25.7855434417725,0.00620045838877559,0.235246852040291,-2.49999928474426,0.0489844158291817,70
738279.51142168673686683178,25.3873920440674,0.0744045600295067,3.73372960090637,0.0120410360395908,0.0095780286937952,42.4710922241211,-71.2922668457031,38.4674186706543,0.0103293098509312,0.532717347145081,0.35321769118309,54.8860855102539,25.6605911254883,0.00316232303157449,0.24026808142662,-2.49999976158142,0.0474869012832642,70
738279.51142421248368918896,25.2604866027832,0.145075872540474,3.74016714096069,0.0120410360395908,0.0095780286937952,42.4710884094238,-71.2921981811523,38.4729957580566,0.00399970263242722,0.66989266872406,0.267097413539886,54.6492385864258,25.5362892150879,0.000463543721707538,0.26687416434288,-2.49999952316284,0.0458979196846485,70
